entity_type	entity	needs_review	description_source	description_words	empty_description
DISEASE	15q11q13 microduplication syndrome	0	MONDO	20	0
DISEASE	5q-syndrome	1	modified_disease	20	0
DISEASE	abdominal abscess	0	standard	22	0
DISEASE	abdominal aortic aneurysm	1	standard	33	0
DISEASE	abdominal colic	0	standard	22	0
DISEASE	abdominal infection	1	standard	21	0
DISEASE	abdominal pain	1	standard	10	0
DISEASE	abetalipoproteinemia	0	MONDO	38	0
DISEASE	abnormal bleeding	0	corrected_overlay	12	0
DISEASE	abnormal left ventricular function	1	standard	46	0
DISEASE	abnormal uterine bleeding	0	corrected_overlay	20	0
DISEASE	abnormality of acid-base homeostasis	0	standard	22	0
DISEASE	abnormality of extrapyramidal motor function	0	corrected_overlay	17	0
DISEASE	aborting pregnancy	0	corrected_overlay	11	0
DISEASE	abri amyloidosis	0	MONDO	43	0
DISEASE	abscess	1	standard	16	0
DISEASE	absence epilepsy	1	standard	84	0
DISEASE	absssi	0	corrected_overlay	21	0
DISEASE	academic research council subacute stent thrombosis	0	standard	44	0
DISEASE	acanthamoeba keratitis	1	standard	16	0
DISEASE	accommodative esotropia	1	standard	43	0
DISEASE	aceruloplasminemia	0	MONDO	20	0
DISEASE	acetaminophen overdose	1	standard	11	0
DISEASE	acheiropody	0	MONDO	83	0
DISEASE	achondroplasia	1	standard	55	0
DISEASE	acid sphingomyelinase deficiency	1	standard	56	0
DISEASE	acid sphingomyelinase deficiency (asmd)	0	alias_disease	21	0
DISEASE	acidosis	1	standard	29	0
DISEASE	acinetobacter	1	standard	18	0
DISEASE	acinetobacter infectious disease	1	standard	7	0
DISEASE	acne	1	standard	38	0
DISEASE	acne inversa	1	standard	60	0
DISEASE	acne rosacea	1	standard	72	0
DISEASE	acne urticata	1	standard	19	0
DISEASE	acne vulgaris	1	standard	38	0
DISEASE	acohol withdrawal	0	corrected_overlay	16	0
DISEASE	acquired aplastic anemia	0	standard	14	0
DISEASE	acquired cdi	0	standard	30	0
DISEASE	acquired factor xiii deficiency	1	standard	13	0
DISEASE	acquired hemophilia	1	standard	80	0
DISEASE	acquired hemophilia a	0	standard	41	0
DISEASE	acquired immune deficiency syndrome (aids)	1	alias_disease	84	0
DISEASE	acquired immunodeficiency	0	standard	89	0
DISEASE	acquired methemoglobinemia	1	standard	12	0
DISEASE	acquired polycythemia vera	0	standard	34	0
DISEASE	acquired prothrombin deficiency	0	standard	14	0
DISEASE	acquired testicular failure	1	standard	11	0
DISEASE	acquired thrombocytopenia	0	standard	13	0
DISEASE	acquired thrombotic thrombocytopenic purpura	1	standard	31	0
DISEASE	acral peeling skin syndrome	0	MONDO	26	0
DISEASE	acrocallosal syndrome	0	MONDO	24	0
DISEASE	acrodermatitis enteropathica	1	MedGen	80	0
DISEASE	acrokeratosis verruciformis	1	MedGen	24	0
DISEASE	acromegaloid changes, cutis verticis gyrata, and corneal leukoma	1	MONDO	35	0
DISEASE	acromegaly	1	standard	47	0
DISEASE	acroosteolysis	0	MONDO	11	0
DISEASE	acroosteolysis dominant type	0	MONDO	73	0
DISEASE	actinic keratosis	1	standard	32	0
DISEASE	actinomycosis	1	standard	7	0
DISEASE	activated pi3k-delta syndrome	1	standard	37	0
DISEASE	active duodenal ulcer	0	corrected_overlay	25	0
DISEASE	active enthesitis-related arthritis	1	standard	148	0
DISEASE	active lupus nephritis	1	standard	8	0
DISEASE	active psoriatic arthritis	0	corrected_overlay	23	0
DISEASE	active rheumatoid arthritis	1	standard	41	0
DISEASE	active secondary progressive multiple sclerosis	1	modified_disease	24	0
DISEASE	active tuberculosis	1	standard	32	0
DISEASE	acute and chronic pain	1	modified_disease	18	0
DISEASE	acute and chronic respiratory tract infections	0	corrected_overlay	23	0
DISEASE	acute angle-closure glaucoma	1	modified_disease	12	0
DISEASE	acute asthma	1	modified_disease	36	0
DISEASE	acute asthma attack	1	modified_disease	37	0
DISEASE	acute attacks of hereditary angioedema (hae) due to c1 esterase inhibitor deficiency	1	modified_disease	25	0
DISEASE	acute bacterial exacerbation of chronic bronchitis	1	modified_disease	41	0
DISEASE	acute bacterial otitis media	1	modified_disease	14	0
DISEASE	acute bacterial simple cystitis	1	modified_disease	14	0
DISEASE	acute bacterial sinusitis	0	manual_final7_review	35	0
DISEASE	acute bacterial skin and skin structure infection	1	modified_disease	13	0
DISEASE	acute bronchial asthma	1	modified_disease	37	0
DISEASE	acute bronchitis	1	modified_disease	15	0
DISEASE	acute bronchospasm	1	modified_disease	34	0
DISEASE	acute bursitis	1	modified_disease	30	0
DISEASE	acute cardiac ischemic events	0	manual_final7_review	27	0
DISEASE	acute chest syndrome	1	modified_disease	40	0
DISEASE	acute cholecystitis	1	modified_disease	12	0
DISEASE	acute closed-angle glaucoma	1	modified_disease	12	0
DISEASE	acute coccidioidomycosis	1	modified_disease	20	0
DISEASE	acute congestive heart failure	1	modified_disease	30	0
DISEASE	acute coronary syndrome	1	modified_disease	28	0
DISEASE	acute cystitis	1	modified_disease	12	0
DISEASE	acute decompensated heart failure	1	modified_disease	30	0
DISEASE	acute diarrhea	1	modified_disease	10	0
DISEASE	acute disseminated candidiasis	1	modified_disease	38	0
DISEASE	acute duodenal ulcer with hemorrhage	1	modified_disease	17	0
DISEASE	acute enterocolitis	1	modified_disease	35	0
DISEASE	acute erythroid leukemia	1	modified_disease	18	0
DISEASE	acute evolving transmural myocardial infarction	1	modified_disease	25	0
DISEASE	acute exacerbation of chronic bronchitis	1	modified_disease	40	0
DISEASE	acute exacerbation of chronic obstructive pulmonary disease	1	modified_disease	20	0
DISEASE	acute exacerbations of multiple sclerosis	1	modified_disease	25	0
DISEASE	acute gastritis	1	modified_disease	11	0
DISEASE	acute glomerulonephritis	1	modified_disease	18	0
DISEASE	acute gouty arthritis	1	modified_disease	18	0
DISEASE	acute graft versus host disease	1	modified_disease	31	0
DISEASE	acute heart failure	1	modified_disease	23	0
DISEASE	acute hematogenous osteomyelitis	1	modified_disease	24	0
DISEASE	acute hepatic porphyria	1	modified_disease	29	0
DISEASE	acute herpes zoster	1	modified_disease	38	0
DISEASE	acute hyperammonemia	1	modified_disease	17	0
DISEASE	acute hypotensive state	1	modified_disease	13	0
DISEASE	acute infectious disease	1	modified_disease	25	0
DISEASE	acute insomnia	1	modified_disease	18	0
DISEASE	acute intermittent porphyria	1	modified_disease	33	0
DISEASE	acute intestinal amebiasis	1	modified_disease	16	0
DISEASE	acute iron intoxication	0	corrected_overlay	18	0
DISEASE	acute ischemic stroke	1	curated_standard_definition	28	0
DISEASE	acute ischemic stroke (ais)	1	modified_disease	27	0
DISEASE	acute kidney failure	1	modified_disease	12	0
DISEASE	acute labyrinthitis	1	modified_disease	18	0
DISEASE	acute laryngopharyngitis	1	modified_disease	19	0
DISEASE	acute left ventricular failure	1	modified_disease	29	0
DISEASE	acute leukemia	1	modified_disease	23	0
DISEASE	acute liver failure	1	modified_disease	29	0
DISEASE	acute lung injury	1	modified_disease	32	0
DISEASE	acute lymphoblastic leukemia	1	modified_disease	27	0
DISEASE	acute lymphocytic leukemia (all)	1	modified_disease	32	0
DISEASE	acute mania	0	corrected_overlay	16	0
DISEASE	acute manic or mixed episodes associated with bipolar i disorder	1	modified_disease	28	0
DISEASE	acute massive pulmonary embolism	1	modified_disease	29	0
DISEASE	acute maxillary sinusitis	1	modified_disease	12	0
DISEASE	acute migraine	1	modified_disease	26	0
DISEASE	acute monocytic leukemia	1	modified_disease	29	0
DISEASE	acute myeloblastic leukemia without maturation	1	modified_disease	25	0
DISEASE	acute myeloid leukemia	1	modified_disease	19	0
DISEASE	acute myeloid leukemia (aml)	1	modified_disease	20	0
DISEASE	acute myeloid leukemia with multilineage dysplasia	1	modified_disease	24	0
DISEASE	acute myelomonocytic leukemia m4	1	modified_disease	21	0
DISEASE	acute myocardial infarction	1	modified_disease	23	0
DISEASE	acute necrotizing ulcerative gingivitis	1	modified_disease	36	0
DISEASE	acute non-lymphocytic leukemia	1	modified_disease	19	0
DISEASE	acute otitis externa	1	modified_disease	12	0
DISEASE	acute otitis media	1	modified_disease	21	0
DISEASE	acute pain	1	modified_disease	23	0
DISEASE	acute pelvic inflammatory disease	1	modified_disease	22	0
DISEASE	acute pharyngitis	1	modified_disease	16	0
DISEASE	acute porphyria	1	modified_disease	32	0
DISEASE	acute proliferative glomerulonephritis	1	modified_disease	24	0
DISEASE	acute promyelocytic leukemia	1	modified_disease	16	0
DISEASE	acute prostatitis	1	modified_disease	15	0
DISEASE	acute psychosis	0	modified_disease	36	0
DISEASE	acute pulmonary blastomycosis	1	modified_disease	37	0
DISEASE	acute pulmonary edema	1	modified_disease	26	0
DISEASE	acute pulmonary emboli	0	modified_disease	28	0
DISEASE	acute pulmonary embolism	1	modified_disease	14	0
DISEASE	acute pulmonary thromboembolism	1	modified_disease	28	0
DISEASE	acute pyelonephritis	1	modified_disease	9	0
DISEASE	acute quadriplegic myopathy	1	modified_disease	19	0
DISEASE	acute radiation syndrome	1	modified_disease	25	0
DISEASE	acute rejection	1	modified_disease	21	0
DISEASE	acute renal failure	1	modified_disease	12	0
DISEASE	acute respiratory distress syndrome	1	modified_disease	34	0
DISEASE	acute respiratory distress syndrome (ards)	1	modified_disease	35	0
DISEASE	acute respiratory insufficiency	1	modified_disease	25	0
DISEASE	acute retention of urine	1	modified_disease	24	0
DISEASE	acute rheumatic carditis	1	modified_disease	16	0
DISEASE	acute sinusitis	1	modified_disease	15	0
DISEASE	acute subendocardial myocardial infarction	1	modified_disease	14	0
DISEASE	acute thrombi obstructing coronary arteries	0	modified_disease	38	0
DISEASE	acute tibia fractures	1	modified_disease	23	0
DISEASE	acute tricyclic antidepressant poisoning	1	modified_disease	35	0
DISEASE	acute urate nephropathy	1	modified_disease	18	0
DISEASE	acute urticaria	1	modified_disease	11	0
DISEASE	acute, uncomplicated ano-rectal infections in women	0	manual_modified_disease	37	0
DISEASE	acutely decompensated heart failure	1	standard	57	0
DISEASE	acys amyloidosis	0	MONDO	29	0
DISEASE	adamantinous craniopharyngioma	1	standard	86	0
DISEASE	adams-stokes syndrome	1	standard	48	0
DISEASE	adan amyloidosis	0	MONDO	26	0
DISEASE	addiction	0	standard	7	0
DISEASE	addison disease	1	standard	47	0
DISEASE	adenocarcinoma	1	standard	8	0
DISEASE	adenomyosis	1	standard	34	0
DISEASE	adenosine deaminase deficiency	1	standard	23	0
DISEASE	adenosine deaminase severe combined immune deficiency (ada-scid)	1	modified_disease	30	0
DISEASE	adenoviridae infectious disease	0	standard	28	0
DISEASE	adhd in children	0	corrected_overlay	10	0
DISEASE	adhf	0	corrected_overlay	22	0
DISEASE	adiponectin deficiency	0	EFO	11	0
DISEASE	adjustment disorder	1	standard	46	0
DISEASE	adnexitis	1	standard	64	0
DISEASE	adrenal adenoma	1	standard	40	0
DISEASE	adrenal cortex carcinoma	1	standard	7	0
DISEASE	adrenal crisis	1	standard	37	0
DISEASE	adrenal gland disorder	1	standard	6	0
DISEASE	adrenal gland hyperfunction	1	standard	21	0
DISEASE	adrenal hyperplasia	1	standard	40	0
DISEASE	adrenal hyperplasia, congenital	1	modified_disease	63	0
DISEASE	adrenal insufficiency	1	standard	32	0
DISEASE	adrenocortical carcinoma	1	standard	45	0
DISEASE	adrenocortical carcinoma, hereditary	1	modified_disease	41	0
DISEASE	adrenocortical hyperfunction	0	standard	21	0
DISEASE	adrenocortical hypofunction, chronic primary congenital	1	MONDO	16	0
DISEASE	adrenocortical insufficiency	1	standard	56	0
DISEASE	adult brainstem glioma	1	standard	9	0
DISEASE	adult growth hormone deficiency	1	standard	45	0
DISEASE	adult hypophosphatasia	0	MONDO	20	0
DISEASE	adult refsum disease	1	MedGen	78	0
DISEASE	adult syndrome	0	MONDO	34	0
DISEASE	adult t-cell lymphoma/leukemia recurrent	1	modified_disease	30	0
DISEASE	adult-onset growth hormone deficiency (ao-ghd)	1	modified_disease	13	0
DISEASE	adult-onset still disease	1	modified_disease	12	0
DISEASE	advanced bladder cancer	1	modified_disease	16	0
DISEASE	advanced breast cancer	1	modified_disease	14	0
DISEASE	advanced breast cancer in postmenopausal women	1	modified_disease	16	0
DISEASE	advanced gastric adenocarcinoma	1	modified_disease	24	0
DISEASE	advanced gastrointestinal stromal tumor	1	modified_disease	27	0
DISEASE	advanced hepatocellular carcinoma	1	modified_disease	25	0
DISEASE	advanced ovarian carcinoma	1	modified_disease	25	0
DISEASE	advanced prostate cancer	1	modified_disease	17	0
DISEASE	advanced renal cell carcinoma	1	modified_disease	27	0
DISEASE	advanced soft tissue sarcoma	1	modified_disease	28	0
DISEASE	afibrinogenemia	1	standard	9	0
DISEASE	african trypanosomiasis	1	standard	52	0
DISEASE	agammaglobulinemia	1	standard	19	0
DISEASE	agat deficiency	0	MONDO	22	0
DISEASE	age related macular degeneration	1	standard	39	0
DISEASE	age related macular degeneration 1	0	MONDO	16	0
DISEASE	age related macular degeneration 10	1	MONDO	16	0
DISEASE	age related macular degeneration 11	0	MONDO	18	0
DISEASE	age related macular degeneration 12	0	MONDO	18	0
DISEASE	age related macular degeneration 13	0	MONDO	25	0
DISEASE	age related macular degeneration 14	0	MONDO	19	0
DISEASE	age related macular degeneration 15	0	MONDO	25	0
DISEASE	age related macular degeneration 2	1	MedGen	74	0
DISEASE	age related macular degeneration 4	0	MONDO	18	0
DISEASE	age related macular degeneration 5	0	MONDO	25	0
DISEASE	age related macular degeneration 6	0	MONDO	18	0
DISEASE	age related macular degeneration 7	0	MONDO	18	0
DISEASE	age related macular degeneration 9	0	MONDO	18	0
DISEASE	age-related macular degeneration	1	standard	39	0
DISEASE	age-related memory impairment	1	standard	38	0
DISEASE	aggressive b-cell non-hodgkin lymphoma	0	standard	31	0
DISEASE	aggressive behavior	1	standard	27	0
DISEASE	aggressive systemic mastocytosis	1	standard	49	0
DISEASE	agitated depression	0	corrected_overlay	15	0
DISEASE	agitation	1	standard	54	0
DISEASE	agitation and restlessness in the elderly	1	standard	54	0
DISEASE	agitation associated with alzheimer disease dementia	1	standard	54	0
DISEASE	agitation associated with schizophrenia or bipolar mania	1	modified_disease	33	0
DISEASE	agoraphobia	1	standard	16	0
DISEASE	agranulocytosis	1	standard	11	0
DISEASE	aids	1	alias_disease	59	0
DISEASE	aids defining illness	0	standard	13	0
DISEASE	aids related illness	1	standard	72	0
DISEASE	aids-related disorder	1	standard	18	0
DISEASE	aids-related kaposi's sarcoma	0	standard	27	0
DISEASE	al amyloidosis	1	standard	40	0
DISEASE	alagille syndrome	1	standard	66	0
DISEASE	aland island eye disease	0	MONDO	22	0
DISEASE	albuminuria	0	standard	12	0
DISEASE	alcohol abuse	1	standard	94	0
DISEASE	alcohol dependence	1	standard	94	0
DISEASE	alcohol sensitivity, acute	0	MONDO	148	0
DISEASE	alcohol withdrawal	1	standard	61	0
DISEASE	alcohol withdrawal delirium	1	standard	62	0
DISEASE	alcohol withdrawal syndrome	1	standard	62	0
DISEASE	alcoholic intoxication	0	standard	15	0
DISEASE	alcoholic liver diseases	1	standard	25	0
DISEASE	alcoholism	1	standard	94	0
DISEASE	aldosteronism	1	standard	22	0
DISEASE	alexander disease	1	MedGen	303	0
DISEASE	alk-positive advanced non-small cell lung cancer	1	modified_disease	33	0
DISEASE	alk-positive anaplastic large t-cell lymphoma	1	modified_disease	47	0
DISEASE	alk-positive metastatic non-small cell lung cancer	1	modified_disease	33	0
DISEASE	alkalinisation of the urine	1	standard	18	0
DISEASE	alkalosis	1	standard	13	0
DISEASE	alkaptonuria	1	standard	43	0
DISEASE	allergic bronchopulmonary aspergillosis	1	standard	31	0
DISEASE	allergic condition	0	standard	14	0
DISEASE	allergic conjunctivitis	1	standard	7	0
DISEASE	allergic contact dermatitis	1	standard	33	0
DISEASE	allergic fungal rhinosinusitis	1	curated_standard_definition	28	0
DISEASE	allergic otitis externa	1	standard	34	0
DISEASE	allergic rhinitis	1	standard	9	0
DISEASE	allergic rhinitis, susceptibility to	1	modified_disease	26	0
DISEASE	allergic states	1	standard	12	0
DISEASE	allergies	1	standard	18	0
DISEASE	allergy	1	standard	18	0
DISEASE	alopecia areata	1	standard	11	0
DISEASE	alopecia universalis congenita	1	MedGen	50	0
DISEASE	alopecia, androgenetic, 1	1	MONDO	39	0
DISEASE	alopecia-epilepsy-pyorrhea-intellectual disability syndrome	0	MONDO	55	0
DISEASE	alopecia-intellectual disability syndrome 1	1	MONDO	15	0
DISEASE	alpha 1-antitrypsin deficiency	1	standard	16	0
DISEASE	alpha hemolytic streptococcal infection	1	standard	34	0
DISEASE	alpha thalassemia spectrum	0	MONDO	23	0
DISEASE	alpha- or beta-thalassemia anemia	1	component_rescue	45	0
DISEASE	alpha-mannosidosis	1	standard	48	0
DISEASE	alpha-or beta-thalassemia anemia	1	name_only	10	0
DISEASE	alpha-thalassemia-myelodysplastic syndrome	0	MONDO	28	0
DISEASE	alstrom syndrome	1	MedGen	242	0
DISEASE	alveolar rhabdomyosarcoma	0	MONDO	34	0
DISEASE	alveolar soft part sarcoma	1	standard	89	0
DISEASE	alveolar soft part sarcoma (asps)	1	alias_disease	25	0
DISEASE	alzheimer disease	1	standard	71	0
DISEASE	alzheimer disease 18	0	MONDO	17	0
DISEASE	alzheimer disease 19	0	MONDO	17	0
DISEASE	alzheimer disease 2	0	MONDO	15	0
DISEASE	alzheimer disease 3	0	MONDO	21	0
DISEASE	alzheimer disease 4	0	MONDO	21	0
DISEASE	alzheimer disease 5	1	MONDO	14	0
DISEASE	alzheimer disease 6	0	MONDO	15	0
DISEASE	alzheimer disease 9	1	MONDO	14	0
DISEASE	alzheimer disease type 1	1	MONDO	31	0
DISEASE	alzheimer disease, familial early-onset, with coexisting amyloid and prion pathology	1	MONDO	31	0
DISEASE	alzheimer's disease	1	standard	71	0
DISEASE	amanita muscaria poisoning	0	corrected_overlay	9	0
DISEASE	amanita pantherina poisoning	0	corrected_overlay	9	0
DISEASE	amebiasis	1	standard	27	0
DISEASE	amebic colitis	1	standard	25	0
DISEASE	amebic liver abscess	0	standard	25	0
DISEASE	amegakaryocytic thrombocytopenia	1	standard	10	0
DISEASE	amenorrhea	1	standard	3	0
DISEASE	amish lethal microcephaly	0	MONDO	19	0
DISEASE	amitriptyline overdose	1	standard	60	0
DISEASE	amyloidosis	1	standard	52	0
DISEASE	amyloidosis, hereditary systemic 1	1	modified_disease	40	0
DISEASE	amyloidosis, hereditary systemic 3	1	modified_disease	24	0
DISEASE	amyotrophic lateral sclerosis	1	standard	88	0
DISEASE	amyotrophic lateral sclerosis (als)	0	corrected_overlay	18	0
DISEASE	amyotrophic lateral sclerosis type 1	1	MedGen	606	0
DISEASE	amyotrophic lateral sclerosis type 12	0	MONDO	18	0
DISEASE	amyotrophic lateral sclerosis type 4	0	MONDO	18	0
DISEASE	amyotrophic lateral sclerosis type 5	0	MONDO	18	0
DISEASE	amyotrophic lateral sclerosis type 6	0	MONDO	18	0
DISEASE	amyotrophic lateral sclerosis type 8	0	MONDO	18	0
DISEASE	amyotrophic lateral sclerosis type 9	0	MONDO	18	0
DISEASE	amyotrophic neuralgia	0	MONDO	31	0
DISEASE	anaemia	0	standard	9	0
DISEASE	anaemia associated with chronic kidney disease	1	modified_disease	27	0
DISEASE	anaerobic bacteria infectious disease	0	standard	41	0
DISEASE	anaerobic bacterial infections	0	corrected_overlay	12	0
DISEASE	anaerobic pneumonia	1	standard	6	0
DISEASE	anal candidiasis	0	corrected_overlay	22	0
DISEASE	anal carcinoma	1	standard	10	0
DISEASE	anal fissure	1	standard	32	0
DISEASE	anal intraepithelial neoplasia (ain iii)	1	standard	22	0
DISEASE	anaphylaxis	1	standard	27	0
DISEASE	anaphylaxis to neuromuscular blocking agents	1	standard	44	0
DISEASE	anaplastic astrocytoma	1	standard	93	0
DISEASE	anaplastic large cell lymphoma	1	standard	37	0
DISEASE	anaplastic large t-cell lymphoma	1	standard	24	0
DISEASE	anastomotic leak	0	standard	39	0
DISEASE	anastomotic ulcer	1	standard	22	0
DISEASE	ancylostomiasis	1	standard	19	0
DISEASE	androgen excess	0	standard	15	0
DISEASE	androgen insensitivity syndrome	0	MONDO	52	0
DISEASE	androgenic alopecia	1	standard	10	0
DISEASE	anemia	1	standard	14	0
DISEASE	anemia due to chronic disorder	1	modified_disease	21	0
DISEASE	anemia due to chronic kidney disease stage 1	1	modified_disease	29	0
DISEASE	anemia of pregnancy	0	corrected_overlay	8	0
DISEASE	anemia of renal insufficiency	1	standard	31	0
DISEASE	anemia, hemolytic, acquired	0	standard	21	0
DISEASE	anemia, sickle cell	0	standard	26	0
DISEASE	anencephaly 1	1	MedGen	52	0
DISEASE	aneurysm	1	standard	43	0
DISEASE	aneurysm-osteoarthritis syndrome	1	MONDO	13	0
DISEASE	angelman syndrome	0	MONDO	13	0
DISEASE	angina pectoris	1	standard	42	0
DISEASE	angina unstable	0	standard	10	0
DISEASE	angioedema	1	standard	22	0
DISEASE	angiofibromas	0	standard	21	0
DISEASE	angioimmunoblastic t-cell lymphoma	1	standard	25	0
DISEASE	angiomyolipoma	1	standard	29	0
DISEASE	angiosarcoma	1	standard	26	0
DISEASE	angle-closure glaucoma	1	standard	29	0
DISEASE	anhaptoglobinemia	0	standard	73	0
DISEASE	ankylosing spondylitis	1	standard	40	0
DISEASE	anogenital pruritus	0	corrected_overlay	15	0
DISEASE	anoperineal fistula	0	standard	14	0
DISEASE	anorchia	0	standard	103	0
DISEASE	anorexia	1	standard	27	0
DISEASE	anorexia in aids	1	standard	96	0
DISEASE	anorexia nervosa, susceptibility to, 1	1	MONDO	16	0
DISEASE	anovulation	1	standard	25	0
DISEASE	anterior uveitis	1	standard	44	0
DISEASE	anterolateral myocardial infarction	1	standard	39	0
DISEASE	anthrax	1	standard	47	0
DISEASE	anthrax disease	0	standard	60	0
DISEASE	anti-neutrophil cytoplasmic antibody-associated vasculitis	1	standard	32	0
DISEASE	anticholinergic syndrome	0	standard	39	0
DISEASE	antiemetic overdose	0	standard	40	0
DISEASE	antimony poisoning syndrome	0	corrected_overlay	8	0
DISEASE	anuria	1	standard	29	0
DISEASE	anxiety	1	standard	16	0
DISEASE	anxiety disorder	1	standard	4	0
DISEASE	anxiety disorder due to a general medical condition	1	modified_disease	35	0
DISEASE	anxiety disorders	0	standard	4	0
DISEASE	anxiety state	0	standard	12	0
DISEASE	aorta coarctation	1	standard	45	0
DISEASE	aortic aneurysm, familial thoracic 4	0	MONDO	22	0
DISEASE	aortic arch interruption	0	standard	51	0
DISEASE	aortic arch interruption, facial palsy, and retinal coloboma	1	MONDO	51	0
DISEASE	aortic valve disease 1	0	MONDO	18	0
DISEASE	aortic valve disease 2	0	MONDO	18	0
DISEASE	aortoiliac occlusive disease	1	standard	26	0
DISEASE	apert syndrome	0	MONDO	28	0
DISEASE	aphthous ulcers	0	standard	51	0
DISEASE	aplasia cutis congenita-intestinal lymphangiectasia syndrome	0	standard	60	0
DISEASE	aplastic anemia	1	standard	18	0
DISEASE	apnea	1	standard	6	0
DISEASE	apnea of prematurity	1	standard	43	0
DISEASE	apolipoprotein c-iii deficiency	1	MONDO	14	0
DISEASE	appendicitis	1	standard	14	0
DISEASE	aquaporin-4 (aqp4) immunoglobulin-positive (aqp4-igg) neuromyelitis optica spectrum disorder (nmosd)	1	modified_disease	39	0
DISEASE	aquarium granuloma	0	standard	19	0
DISEASE	arginase deficiency	0	MONDO	40	0
DISEASE	argininemia	1	standard	70	0
DISEASE	argininosuccinic aciduria	1	standard	70	0
DISEASE	ariboflavinosis	1	standard	35	0
DISEASE	aromatase excess syndrome	0	MONDO	67	0
DISEASE	aromatic l-amino acid decarboxylase (aadc) deficiency with a severe phenotype	1	modified_disease	46	0
DISEASE	aromatic l-amino acid decarboxylase deficiency	1	standard	35	0
DISEASE	arrhythmia	1	standard	32	0
DISEASE	arrhythmogenic cardiomyopathy with wooly hair and keratoderma	1	MedGen	235	0
DISEASE	arrhythmogenic right ventricular dysplasia 8	0	MONDO	19	0
DISEASE	arrhythmogenic right ventricular dysplasia 9	0	MONDO	21	0
DISEASE	arsenic poisoning	0	standard	66	0
DISEASE	arterial tortuosity syndrome	0	MONDO	35	0
DISEASE	arteriosclerosis	1	standard	42	0
DISEASE	arteriosclerosis obliterans	1	standard	38	0
DISEASE	arteriosclerotic parkinsonism	0	corrected_overlay	15	0
DISEASE	arteriovenous hemangioma/malformation	0	modified_disease	22	0
DISEASE	arteriovenous malformations of the brain	1	MedGen	65	0
DISEASE	arthralgia	1	standard	16	0
DISEASE	arthritis	1	standard	6	0
DISEASE	arthritis, gouty	0	standard	51	0
DISEASE	arthritis, psoriatic	0	standard	34	0
DISEASE	arthrogryposis, renal dysfunction, and cholestasis 1	0	MONDO	18	0
DISEASE	arthrogryposis, renal dysfunction, and cholestasis 2	0	MONDO	18	0
DISEASE	articular cartilage defects of knee	0	corrected_overlay	31	0
DISEASE	ascariasis	1	standard	33	0
DISEASE	ascarids	0	corrected_overlay	19	0
DISEASE	ascaris lumbricoides infection	0	standard	56	0
DISEASE	ascaris lumbricoides infection, susceptibility to	1	modified_disease	77	0
DISEASE	ascites	1	standard	10	0
DISEASE	ascorbic acid deficiency	1	standard	66	0
DISEASE	asperger syndrome, susceptibility to, 1	1	MONDO	16	0
DISEASE	asperger syndrome, susceptibility to, 2	1	MONDO	16	0
DISEASE	asperger syndrome, x-linked, susceptibility to, 1	1	MeSH	37	0
DISEASE	aspergillosis	1	standard	7	0
DISEASE	aspiration pneumonia	1	standard	20	0
DISEASE	aspiration pneumonitis	1	standard	13	0
DISEASE	asthma	1	standard	34	0
DISEASE	asthma, nasal polyps, and aspirin intolerance	0	Disease Ontology	12	0
DISEASE	astrocytoma	1	standard	93	0
DISEASE	astrocytoma, anaplastic	1	standard	93	0
DISEASE	asymptomatic human immunodeficiency virus infection	1	modified_disease	25	0
DISEASE	asymptomatic left ventricular dysfunction	0	manual_final7_review	21	0
DISEASE	asymptomatic meningococcal infection	1	modified_disease	15	0
DISEASE	asymptomatic trichomoniasis	1	modified_disease	13	0
DISEASE	ataxia telangiectasia	1	MedGen	87	0
DISEASE	ataxia with myoclonic epilepsy and presenile dementia	1	MedGen	15	0
DISEASE	ataxia, deafness, and cardiomyopathy	1	HPO	27	0
DISEASE	ataxia, early-onset, with oculomotor apraxia and hypoalbuminemia	0	MONDO	19	0
DISEASE	ataxia-hypogonadism-choroidal dystrophy syndrome	0	MONDO	78	0
DISEASE	ataxia-pancytopenia syndrome	0	MONDO	76	0
DISEASE	atherosclerosis	1	standard	22	0
DISEASE	atherosclerosis susceptibility	1	MONDO	13	0
DISEASE	atherosclerotic cardiovascular disease	1	curated_standard_definition	31	0
DISEASE	athetosis	1	standard	66	0
DISEASE	atonic seizure	0	standard	39	0
DISEASE	atopic conjunctivitis	1	standard	7	0
DISEASE	atopic dermatitis	1	standard	60	0
DISEASE	atopic eczema	1	standard	60	0
DISEASE	atopic rhinitis	1	standard	54	0
DISEASE	atransferrinemia	0	MONDO	38	0
DISEASE	atrial arrhythmia	0	standard	17	0
DISEASE	atrial fibrillation	1	standard	46	0
DISEASE	atrial fibrillation with embolization	1	standard	41	0
DISEASE	atrial fibrillation, familial, 1	1	MONDO	41	0
DISEASE	atrial fibrillation, familial, 3	0	MONDO	18	0
DISEASE	atrial flutter	1	standard	76	0
DISEASE	atrial septal defect 2	0	MONDO	19	0
DISEASE	atrial septal defect 3	0	MONDO	19	0
DISEASE	atrial septal defect 4	0	MONDO	19	0
DISEASE	atrial septal defect 5	0	MONDO	19	0
DISEASE	atrial septal defect 7	0	MONDO	42	0
DISEASE	atrial septal defect 8	0	MONDO	19	0
DISEASE	atrial septal defect 9	0	MONDO	19	0
DISEASE	atrial tachycardia	1	standard	37	0
DISEASE	atrioventricular reentrant tachycardia	1	standard	59	0
DISEASE	atropa belladonna poisoning	0	corrected_overlay	9	0
DISEASE	atrophic rhinitis	1	standard	40	0
DISEASE	atrophic vulva	0	standard	16	0
DISEASE	attention deficit hyperactivity disorder	1	standard	70	0
DISEASE	attention deficit hyperactivity disorder (adhd)	1	alias_disease	67	0
DISEASE	attention deficit hyperactivity disorder, inattentive type	1	standard	31	0
DISEASE	attention deficit-hyperactivity disorder	1	standard	70	0
DISEASE	attrv122i amyloidosis	1	standard	20	0
DISEASE	atypical depressive disorder	1	standard	49	0
DISEASE	atypical hemolytic uremic syndrome	1	standard	44	0
DISEASE	atypical hemolytic-uremic syndrome	1	standard	44	0
DISEASE	autism	1	standard	49	0
DISEASE	autism spectrum disorder (asd)	0	alias_disease	22	0
DISEASE	autism, susceptibility to, 3	1	MedGen	176	0
DISEASE	autism, susceptibility to, 8	1	MedGen	158	0
DISEASE	autism, susceptibility to, x-linked 1	1	MedGen	158	0
DISEASE	autism, susceptibility to, x-linked 2	1	MedGen	159	0
DISEASE	autism, susceptibility to, x-linked 3	1	MedGen	185	0
DISEASE	autoimmune disease	1	standard	24	0
DISEASE	autoimmune disease, susceptibility to, 1	0	MONDO	17	0
DISEASE	autoimmune disease, susceptibility to, 6	0	MONDO	17	0
DISEASE	autoimmune hemolytic anemia	1	standard	19	0
DISEASE	autoimmune hepatitis	1	standard	14	0
DISEASE	autoimmune lymphoproliferative syndrome type 1	1	MedGen	15	0
DISEASE	autoimmune lymphoproliferative syndrome type 2b	0	MONDO	25	0
DISEASE	autoimmune neutropenia	0	standard	9	0
DISEASE	autoimmune polyendocrine syndrome type 1	0	MONDO	30	0
DISEASE	autoimmune pulmonary alveolar proteinosis	1	standard	29	0
DISEASE	autoimmune thrombocytopenia	1	standard	49	0
DISEASE	autoimmune thrombocytopenic purpura	1	standard	49	0
DISEASE	autoimmune thyroid disease, susceptibility to, 1	1	MONDO	17	0
DISEASE	autoimmune thyroid disease, susceptibility to, 2	1	MedGen	21	0
DISEASE	autoimmune thyroid disease, susceptibility to, 3	0	MONDO	9	0
DISEASE	autoimmune thyroid disease, susceptibility to, 4	1	MedGen	14	0
DISEASE	autoimmune thyroiditis	1	standard	47	0
DISEASE	autonomic neuropathy	1	standard	40	0
DISEASE	autosomal dominant alport syndrome	0	MONDO	97	0
DISEASE	autosomal dominant centronuclear myopathy	0	MONDO	20	0
DISEASE	autosomal dominant distal renal tubular acidosis	0	MONDO	40	0
DISEASE	autosomal dominant familial periodic fever	1	modified_disease	42	0
DISEASE	autosomal dominant ichthyosis vulgaris	1	MedGen	52	0
DISEASE	autosomal dominant keratitis	0	MONDO	16	0
DISEASE	autosomal dominant parkinson disease 1	1	MedGen	65	0
DISEASE	autosomal dominant parkinson disease 4	0	MONDO	20	0
DISEASE	autosomal dominant parkinson disease 8	0	MONDO	17	0
DISEASE	autosomal dominant polycystic kidney disease	1	standard	7	0
DISEASE	autosomal dominant popliteal pterygium syndrome	0	MONDO	30	0
DISEASE	autosomal dominant progressive nephropathy with hypertension	0	Orphanet	41	0
DISEASE	autosomal dominant pseudohypoaldosteronism type 1	1	MedGen	124	0
DISEASE	autosomal dominant sideroblastic anemia	1	MedGen	83	0
DISEASE	autosomal dominant vitreoretinochoroidopathy	0	MONDO	42	0
DISEASE	autosomal recessive agammaglobulinemia 1	1	MedGen	244	0
DISEASE	autosomal recessive alport syndrome	0	MONDO	118	0
DISEASE	autosomal recessive bestrophinopathy	0	MONDO	33	0
DISEASE	autosomal recessive congenital ichthyosis 2	1	MedGen	347	0
DISEASE	autosomal recessive early-onset parkinson disease 7	0	MONDO	17	0
DISEASE	autosomal recessive familial mediterranean fever	0	MONDO	7	0
DISEASE	autosomal recessive inherited pseudoxanthoma elasticum	0	MONDO	6	0
DISEASE	autosomal recessive juvenile parkinson disease 2	1	MedGen	85	0
DISEASE	autosomal recessive omodysplasia	0	MONDO	5	0
DISEASE	autosomal recessive osteopetrosis	1	standard	68	0
DISEASE	autosomal recessive parkinson disease 14	0	MONDO	25	0
DISEASE	autosomal recessive proximal renal tubular acidosis	0	MONDO	46	0
DISEASE	autosomal recessive robinow syndrome	0	MONDO	30	0
DISEASE	autosomal recessive spinocerebellar ataxia 7	0	MONDO	117	0
DISEASE	avascular necrosis of femoral head, primary, 1	1	MONDO	18	0
DISEASE	avitaminosis	1	standard	15	0
DISEASE	axial spondyloarthritis	0	standard	65	0
DISEASE	b-cell acute lymphoblastic leukemia	1	modified_disease	42	0
DISEASE	b-cell chronic lymphocytic leukemia	1	modified_disease	30	0
DISEASE	b-cell neoplasm	1	standard	19	0
DISEASE	b-cell non-hodgkin's lymphoma	1	standard	33	0
DISEASE	b-cell precursor acute lymphocytic leukemia (all)	0	modified_disease	27	0
DISEASE	back pain	1	standard	18	0
DISEASE	backache	1	standard	18	0
DISEASE	bacterial arthritis	1	standard	10	0
DISEASE	bacterial blepharitis	1	modified_disease	13	0
DISEASE	bacterial conjunctivitis	1	modified_disease	34	0
DISEASE	bacterial endocarditis	1	modified_disease	28	0
DISEASE	bacterial gastroenteritis	0	modified_disease	22	0
DISEASE	bacterial infections	0	standard	6	0
DISEASE	bacterial infections of root canal	0	corrected_overlay	29	0
DISEASE	bacterial infectious disease	1	standard	23	0
DISEASE	bacterial meningitis	1	modified_disease	52	0
DISEASE	bacterial or protozoal diarrhea	0	corrected_overlay	15	0
DISEASE	bacterial or protozoal enteritis	0	corrected_overlay	15	0
DISEASE	bacterial osteomyelitis	1	modified_disease	43	0
DISEASE	bacterial otitis	1	modified_disease	24	0
DISEASE	bacterial pharyngitis	1	modified_disease	18	0
DISEASE	bacterial pneumonia	1	modified_disease	28	0
DISEASE	bacterial prostatitis	1	modified_disease	28	0
DISEASE	bacterial respiratory tract infections	1	modified_disease	23	0
DISEASE	bacterial sepsis	1	modified_disease	18	0
DISEASE	bacterial sexually transmitted infection postexposure prophylaxis	1	curated_indication_definition	32	0
DISEASE	bacterial sinusitis	1	modified_disease	20	0
DISEASE	bacterial skin infections	0	corrected_overlay	27	0
DISEASE	bacterial tonsillitis	1	modified_disease	26	0
DISEASE	bacterial urethritis	1	modified_disease	10	0
DISEASE	bacterial urinary tract infection	1	modified_disease	44	0
DISEASE	bacterial urinary tract infections	1	modified_disease	20	0
DISEASE	bacterial vaginosis	1	modified_disease	44	0
DISEASE	bacteriemia	0	corrected_overlay	21	0
DISEASE	bacteriuria	1	standard	41	0
DISEASE	bacteroides infectious disease	0	standard	7	0
DISEASE	bardet-biedl syndrome	1	standard	36	0
DISEASE	bardet-biedl syndrome 1	0	MONDO	17	0
DISEASE	barrett's esophagus	1	standard	62	0
DISEASE	barretts esophagus with high grade dysplasia	1	modified_disease	41	0
DISEASE	bart-pumphrey syndrome	1	MONDO	13	0
DISEASE	barth syndrome	1	MedGen	393	0
DISEASE	bartholinitis	1	standard	17	0
DISEASE	bartonellosis	1	standard	50	0
DISEASE	bartter disease type 1	1	MONDO	15	0
DISEASE	bartter disease type 3	0	MONDO	43	0
DISEASE	bartter disease type 4a	0	MONDO	17	0
DISEASE	basal cell carcinoma	1	standard	70	0
DISEASE	basal cell carcinoma, susceptibility to, 1	1	MONDO	17	0
DISEASE	basal cell nevus syndrome 1	1	MedGen	79	0
DISEASE	basal ganglia diseases	0	standard	45	0
DISEASE	basal ganglia disorder	1	standard	45	0
DISEASE	batten-turner congenital myopathy	1	MedGen	128	0
DISEASE	bcr-jak2 fusion in hematologic malignancies	1	modified_disease	45	0
DISEASE	beach ear	0	standard	55	0
DISEASE	becker muscular dystrophy	1	MedGen	272	0
DISEASE	beckwith-wiedemann syndrome	0	MONDO	15	0
DISEASE	bedwetting	1	standard	17	0
DISEASE	behcet disease	1	standard	50	0
DISEASE	bejel	1	standard	7	0
DISEASE	benign breast disease	1	standard	14	0
DISEASE	benign intracranial hypertension	1	standard	61	0
DISEASE	benign neonatal seizures	1	modified_disease	57	0
DISEASE	benign neoplasm of adrenal gland	1	standard	8	0
DISEASE	benign partial epilepsy of infancy with complex partial seizures	0	standard	64	0
DISEASE	benign prostatic hyperplasia	1	standard	40	0
DISEASE	benign recurrent intrahepatic cholestasis type 1	1	MedGen	109	0
DISEASE	benign stomach ulcer	0	corrected_overlay	26	0
DISEASE	benign thyroid gland neoplasm	1	standard	8	0
DISEASE	benzodiazepine intoxication	1	standard	12	0
DISEASE	benzodiazepine overdose	1	standard	15	0
DISEASE	beriberi	1	standard	51	0
DISEASE	bernard-soulier syndrome	0	MONDO	22	0
DISEASE	berry aneurysm, cirrhosis, pulmonary emphysema, and cerebral calcification	1	NCI Thesaurus	23	0
DISEASE	berylliosis	1	standard	50	0
DISEASE	beta thalassemia	1	standard	55	0
DISEASE	beta-mannosidosis	0	MONDO	26	0
DISEASE	beta-thalassemia	0	standard	55	0
DISEASE	beta-thalassemia intermedia	1	standard	22	0
DISEASE	beta-ureidopropionase deficiency	0	MONDO	36	0
DISEASE	bilateral tonic-clonic seizure	1	modified_disease	26	0
DISEASE	bilateral tonic-clonic seizure with focal onset	1	modified_disease	14	0
DISEASE	biliary colic	0	standard	6	0
DISEASE	biliary fistula	1	standard	16	0
DISEASE	biliary tract cancer	1	standard	14	0
DISEASE	biliary tract diseases	0	standard	15	0
DISEASE	binge eating	0	standard	19	0
DISEASE	binge eating disorder	1	standard	90	0
DISEASE	biotinidase deficiency	0	MONDO	31	0
DISEASE	bipolar depression	1	standard	21	0
DISEASE	bipolar disorder	1	standard	21	0
DISEASE	bipolar i disorder	1	standard	14	0
DISEASE	bipolar ii disorder	1	standard	33	0
DISEASE	birk-barel syndrome	0	MONDO	65	0
DISEASE	birt-hogg-dube syndrome 1	0	MONDO	18	0
DISEASE	bismuth poisoning	0	corrected_overlay	8	0
DISEASE	black widow spider bites	1	standard	15	0
DISEASE	blackhead disease	0	corrected_overlay	14	0
DISEASE	bladder cancer	1	standard	7	0
DISEASE	bladder carcinoma in situ	1	standard	76	0
DISEASE	bladder stones	0	standard	14	0
DISEASE	bladder transitional cell carcinoma	1	standard	48	0
DISEASE	blast crisis	1	standard	31	0
DISEASE	blast phase	1	standard	31	0
DISEASE	blastic plasmacytoid dendritic cell neoplasm (bpdcn)	1	alias_disease	36	0
DISEASE	blastomycosis	1	standard	61	0
DISEASE	bleeding episodes	1	standard	31	0
DISEASE	bleeding gastric ulcer	1	standard	22	0
DISEASE	blepharitis	1	standard	4	0
DISEASE	blepharoconjunctivitis	1	standard	8	0
DISEASE	blepharophimosis, ptosis, and epicanthus inversus syndrome	0	MONDO	34	0
DISEASE	blepharospasm	1	standard	11	0
DISEASE	blepharospasm, benign essential, susceptibility to	1	HPO	20	0
DISEASE	blind loop syndrome	1	standard	58	0
DISEASE	blindness	1	standard	39	0
DISEASE	blistering disorders	1	standard	25	0
DISEASE	bloating	1	standard	20	0
DISEASE	blood coagulation disease	1	standard	19	0
DISEASE	blood preservative	0	corrected_overlay	24	0
DISEASE	bloody diarrhea	0	standard	6	0
DISEASE	bloom syndrome	0	MONDO	34	0
DISEASE	blue color blindness	0	MONDO	17	0
DISEASE	blue rubber bleb nevus syndrome	1	standard	25	0
DISEASE	bmah	0	standard	53	0
DISEASE	bnar syndrome	0	MONDO	63	0
DISEASE	bone and joint infections	1	standard	35	0
DISEASE	bone disorder	0	standard	9	0
DISEASE	bone fracture	0	standard	15	0
DISEASE	bone fractures	0	standard	3	0
DISEASE	bone giant cell tumor	1	standard	50	0
DISEASE	bone osteosarcoma	0	MONDO	47	0
DISEASE	bone paget disease	1	standard	28	0
DISEASE	bone pain	1	standard	16	0
DISEASE	bone resorption	0	standard	6	0
DISEASE	bone sarcoma	1	standard	13	0
DISEASE	bonnemann-meinecke-reich syndrome	0	MONDO	87	0
DISEASE	borrelia infectious disease	0	standard	7	0
DISEASE	bothnia retinal dystrophy	0	MONDO	60	0
DISEASE	botulism	1	standard	61	0
DISEASE	boutonneuse fever	1	standard	18	0
DISEASE	bowel dysfunction	0	standard	21	0
DISEASE	bowel incontinence	1	standard	15	0
DISEASE	bowel urgency	0	standard	9	0
DISEASE	bowenoid actinic keratosis	0	standard	13	0
DISEASE	bowenoid papulosis	1	standard	39	0
DISEASE	brachydactyly-arterial hypertension syndrome	1	MedGen	49	0
DISEASE	brachydactyly-syndactyly syndrome	0	MONDO	48	0
DISEASE	bradycardia	1	standard	31	0
DISEASE	bradycardias related to vagal hyper reflectivity	0	corrected_overlay	24	0
DISEASE	braf v600e mutation-positive metastatic colorectal cancer	1	modified_disease	20	0
DISEASE	braf v600e-mutant metastatic colorectal cancer	1	modified_disease	19	0
DISEASE	brain abscess	1	standard	83	0
DISEASE	brain cancer	1	standard	66	0
DISEASE	brain edema	1	standard	77	0
DISEASE	brain injury	1	standard	57	0
DISEASE	brain ischemia	1	standard	32	0
DISEASE	brain neoplasm	1	standard	66	0
DISEASE	brain neoplasms	1	standard	66	0
DISEASE	brain stem glioma	1	standard	9	0
DISEASE	brain tumor malignancy	1	standard	58	0
DISEASE	brain tumors	0	standard	66	0
DISEASE	branch retinal vein occlusion	0	standard	23	0
DISEASE	branchial myoclonus with spastic paraparesis and cerebellar ataxia	1	MedGen	16	0
DISEASE	branchiooculofacial syndrome	0	MONDO	57	0
DISEASE	breakthrough cancer pain	0	corrected_overlay	17	0
DISEASE	breakthrough pain	1	standard	12	0
DISEASE	breast adenocarcinoma	1	standard	11	0
DISEASE	breast cancer	1	standard	7	0
DISEASE	breast cancer in postmenopausal women at high risk for invasive breast cancer	1	modified_disease	15	0
DISEASE	breast cancer in postmenopausal women with osteoporosis	1	modified_disease	17	0
DISEASE	breast cancer recurrent	0	corrected_overlay	18	0
DISEASE	breast carcinoma	1	standard	7	0
DISEASE	breast disorder	1	standard	5	0
DISEASE	breast engorgement	0	standard	15	0
DISEASE	breast fibrocystic disease	1	standard	46	0
DISEASE	breast lesion	0	standard	14	0
DISEASE	breast neoplasms	0	standard	7	0
DISEASE	breast pain	1	standard	31	0
DISEASE	brill-zinsser disease	1	standard	51	0
DISEASE	brittle cornea syndrome 1	0	MONDO	18	0
DISEASE	brittle cornea syndrome 2	0	MONDO	18	0
DISEASE	brody myopathy	0	MONDO	194	0
DISEASE	bronchial asthma	0	standard	34	0
DISEASE	bronchiectasis	1	standard	6	0
DISEASE	bronchiolitis	1	standard	4	0
DISEASE	bronchitis	1	standard	22	0
DISEASE	bronchoconstriction	1	standard	15	0
DISEASE	bronchogenic carcinoma	1	standard	34	0
DISEASE	bronchopulmonary dysplasia	1	standard	55	0
DISEASE	bronchospasm	1	standard	9	0
DISEASE	bronchospasm associated with chronic obstructive pulmonary disease	1	modified_disease	49	0
DISEASE	bronchospasm occurring during anesthesia	1	standard	28	0
DISEASE	bronchospasm, exercise-induced	0	standard	57	0
DISEASE	brucellosis	1	standard	25	0
DISEASE	brugada syndrome 1	1	MedGen	114	0
DISEASE	brugada syndrome 2	0	MONDO	17	0
DISEASE	brugada syndrome 3	0	MONDO	17	0
DISEASE	brugada syndrome 4	0	MONDO	17	0
DISEASE	brugada syndrome 5	0	MONDO	17	0
DISEASE	brugada syndrome 6	0	MONDO	17	0
DISEASE	brugada syndrome 7	0	MONDO	17	0
DISEASE	brugada syndrome 8	0	MONDO	17	0
DISEASE	bruises	1	standard	9	0
DISEASE	bruton-type agammaglobulinemia	1	standard	27	0
DISEASE	bruxism	1	standard	10	0
DISEASE	budd-chiari syndrome	1	MedGen	64	0
DISEASE	bulimia nervosa	1	standard	39	0
DISEASE	bulimia nervosa, susceptibility to, 1	1	MONDO	43	0
DISEASE	burkholderia cepacia infection	0	standard	7	0
DISEASE	burkholderia infectious disease	0	standard	7	0
DISEASE	burkitt lymphoma	1	standard	89	0
DISEASE	burkitt's lymphoma	1	standard	89	0
DISEASE	burkitt-like lymphoma (bll)	0	corrected_overlay	23	0
DISEASE	burn infection	0	manual_final7_review	31	0
DISEASE	burn injury	0	corrected_overlay	18	0
DISEASE	burning sensation	0	standard	16	0
DISEASE	burns	0	standard	18	0
DISEASE	burns extensive	0	corrected_overlay	18	0
DISEASE	bursitis	1	standard	24	0
DISEASE	c1 inhibitor deficiency	1	standard	18	0
DISEASE	c3 glomerulonephritis	0	MONDO	24	0
DISEASE	cachexia	1	standard	12	0
DISEASE	cadmium poisoning	1	standard	17	0
DISEASE	calciphylaxis	1	standard	18	0
DISEASE	caloric intake deficit	0	corrected_overlay	24	0
DISEASE	campomelic dysplasia	0	MONDO	66	0
DISEASE	campylobacter fetus infections	0	corrected_overlay	11	0
DISEASE	campylobacter fetus infectious disease	1	standard	27	0
DISEASE	campylobacteriosis	1	standard	7	0
DISEASE	camurati-engelmann disease	0	MONDO	40	0
DISEASE	canavan disease	0	MONDO	27	0
DISEASE	cancer	1	standard	25	0
DISEASE	cancer of unknown primary site	0	standard	15	0
DISEASE	cancer with a high tumor mutational burden	0	corrected_overlay	10	0
DISEASE	candida endocarditis	1	modified_disease	10	0
DISEASE	candida infections	0	standard	31	0
DISEASE	candida infections in patients undergoing hematopoietic stem cell transplantation	0	corrected_overlay	14	0
DISEASE	candida urinary system infections	1	modified_disease	14	0
DISEASE	candidal vaginitis	1	standard	9	0
DISEASE	candidemia	1	standard	14	0
DISEASE	candidiasis	1	standard	31	0
DISEASE	candidiasis of vagina	1	standard	13	0
DISEASE	candidiasis, cutaneous	0	standard	19	0
DISEASE	candidiasis, familial, 1	1	MONDO	5	0
DISEASE	candidiasis, invasive	1	standard	39	0
DISEASE	candidiasis, oral	0	standard	18	0
DISEASE	candidiasis, vulvovaginal	0	standard	13	0
DISEASE	canker sore	1	standard	51	0
DISEASE	cap myopathy	0	standard	53	0
DISEASE	capecitabine overdose	1	standard	81	0
DISEASE	capillary infantile hemangioma	1	modified_disease	35	0
DISEASE	carbamate poisoning	0	corrected_overlay	8	0
DISEASE	carbamoyl phosphate synthetase i deficiency disease	1	standard	48	0
DISEASE	carbohydrate deficiency	0	corrected_overlay	12	0
DISEASE	carbon monoxide poisoning	1	standard	13	0
DISEASE	carbon monoxide-induced parkinsonism	0	standard	49	0
DISEASE	carboxypeptidase n deficiency	0	MONDO	29	0
DISEASE	carcinoid syndrome	0	standard	20	0
DISEASE	carcinoid syndrome diarrhea	0	corrected_overlay	15	0
DISEASE	carcinoid tumor	1	standard	85	0
DISEASE	carcinoma	1	standard	32	0
DISEASE	carcinoma breast stage iv	1	modified_disease	18	0
DISEASE	carcinoma of esophagus	1	standard	30	0
DISEASE	carcinoma, ductal, breast	0	standard	15	0
DISEASE	cardiac arrest	1	standard	30	0
DISEASE	cardiac arrhythmia	1	standard	32	0
DISEASE	cardiac arrhythmia, ankyrin-b-related	0	MONDO	15	0
DISEASE	cardiac conduction defect	1	MONDO	14	0
DISEASE	cardiac sarcoidosis	1	standard	7	0
DISEASE	cardiac toxicity	1	standard	22	0
DISEASE	cardiac transplant rejection	1	modified_disease	29	0
DISEASE	cardiac valvular dysplasia, x-linked	1	MONDO	15	0
DISEASE	cardiogenic shock	1	standard	10	0
DISEASE	cardiomegaly	1	standard	47	0
DISEASE	cardiomyopathy	1	standard	40	0
DISEASE	cardiomyopathy associated with myopathy and sudden death	1	Orphanet	70	0
DISEASE	cardiomyopathy-hypotonia-lactic acidosis syndrome	0	MONDO	62	0
DISEASE	cardioneuromyopathy with hyaline masses and nemaline rods	1	MedGen	15	0
DISEASE	cardiospondylocarpofacial syndrome	0	MONDO	51	0
DISEASE	cardiovascular disorder	1	standard	6	0
DISEASE	cardiovascular event risk reduction	1	curated_indication_definition	32	0
DISEASE	carotid artery disorder	1	standard	25	0
DISEASE	carotid sinus hypersensitivity	0	standard	26	0
DISEASE	carotid sinus syncope	1	standard	50	0
DISEASE	carpal tunnel syndrome 1	1	MedGen	113	0
DISEASE	castleman disease	1	standard	40	0
DISEASE	castrate-resistant prostate cancer	1	modified_disease	17	0
DISEASE	castration-resistant prostate carcinoma	1	modified_disease	57	0
DISEASE	cat allergy	0	standard	20	0
DISEASE	cataplexy	1	standard	61	0
DISEASE	cataract	1	standard	44	0
DISEASE	cataract 18	0	MONDO	16	0
DISEASE	cataract 22 multiple types	0	MONDO	18	0
DISEASE	cataract 23	0	MONDO	18	0
DISEASE	cataract 30	0	MONDO	16	0
DISEASE	cataract 33	0	MONDO	18	0
DISEASE	cataract 36	0	MONDO	16	0
DISEASE	cataract 38	0	MONDO	18	0
DISEASE	cataract 40	0	MONDO	18	0
DISEASE	cataract-aberrant oral frenula-growth delay syndrome	0	MONDO	59	0
DISEASE	cavernous hemangiomas of face-supraumbilical midline raphe syndrome	1	MedGen	15	0
DISEASE	ccr5-tropic hiv-1 infection	0	corrected_overlay	10	0
DISEASE	cd30-expressing mycosis fungoides	1	standard	34	0
DISEASE	cd30-expressing peripheral t-cell lymphomas	1	standard	18	0
DISEASE	cd4+/cd56+ hematodermic neoplasm	1	modified_disease	45	0
DISEASE	cdh1-related diffuse gastric and lobular breast cancer syndrome	0	MONDO	51	0
DISEASE	celiac disease	1	standard	37	0
DISEASE	celiac disease, susceptibility to, 5	1	MedGen	75	0
DISEASE	cellular phase chronic idiopathic myelofibrosis	1	modified_disease	35	0
DISEASE	cellulite	0	standard	28	0
DISEASE	cellulitis	1	standard	36	0
DISEASE	central core myopathy	0	MONDO	52	0
DISEASE	central cranial diabetes insipidus	1	standard	65	0
DISEASE	central diabetes insipidus	1	standard	65	0
DISEASE	central nervous system (cns) hemangioblastomas	0	corrected_overlay	26	0
DISEASE	central nervous system depression (disorder)	0	alias_disease	24	0
DISEASE	central nervous system infections	0	standard	41	0
DISEASE	central nervous system infectious disorder	1	standard	18	0
DISEASE	central nervous system leukemia	1	standard	7	0
DISEASE	central nervous system lupus	1	standard	27	0
DISEASE	central nervous system neoplasms	0	standard	17	0
DISEASE	central nervous system organ benign neoplasm	0	standard	9	0
DISEASE	central nervous system toxicity	1	standard	7	0
DISEASE	central precocious puberty	1	standard	53	0
DISEASE	central precocious puberty 1	1	MedGen	136	0
DISEASE	central retinal vein occlusion	1	standard	23	0
DISEASE	central retinal vein occlusion with macular edema	0	corrected_overlay	28	0
DISEASE	cerebral adrenoleukodystrophy (cald)	0	alias_disease	24	0
DISEASE	cerebral arteriopathy, autosomal dominant, with subcortical infarcts and leukoencephalopathy, type 1	0	MONDO	24	0
DISEASE	cerebral cavernous malformation 1	1	MONDO	15	0
DISEASE	cerebral cysticercosis	0	standard	80	0
DISEASE	cerebral edema	1	standard	77	0
DISEASE	cerebral embolism	0	standard	49	0
DISEASE	cerebral folate transport deficiency	1	MedGen	128	0
DISEASE	cerebral infarction	1	standard	50	0
DISEASE	cerebral malaria	1	standard	67	0
DISEASE	cerebral palsy	1	standard	106	0
DISEASE	cerebral toxoplasmosis	1	standard	55	0
DISEASE	cerebral vasospasm	0	standard	45	0
DISEASE	cerebrospinal fluid leak	1	standard	26	0
DISEASE	cerebrotendinous xanthomatosis	1	standard	42	0
DISEASE	cerebrovascular accident	1	standard	57	0
DISEASE	cerebrovascular disorder	1	standard	40	0
DISEASE	cerebrovascular disorders	0	standard	40	0
DISEASE	cerebrovascular insufficiency	1	standard	40	0
DISEASE	ceroid lipofuscinosis, neuronal, 6b (kufs type)	1	MedGen	144	0
DISEASE	cervical cancer	1	standard	7	0
DISEASE	cervical carcinoma	1	standard	33	0
DISEASE	cervical dilatation	0	standard	16	0
DISEASE	cervical intraepithelial neoplasia	1	standard	33	0
DISEASE	cervical intraepithelial neoplasia grade 2/3	1	modified_disease	43	0
DISEASE	cervical squamous cell carcinoma	1	standard	78	0
DISEASE	cervical squamous intraepithelial neoplasia 1	1	standard	40	0
DISEASE	cervicitis	1	standard	5	0
DISEASE	cervicofacial actinomycosis	0	standard	27	0
DISEASE	cervix carcinoma recurrent	0	corrected_overlay	12	0
DISEASE	cervix erosion	1	standard	11	0
DISEASE	chagas disease	1	standard	63	0
DISEASE	chancroid	1	standard	37	0
DISEASE	chapped skin	0	corrected_overlay	12	0
DISEASE	charcot-marie-tooth disease type 1a	1	MedGen	109	0
DISEASE	charcot-marie-tooth disease type 1b	0	MONDO	32	0
DISEASE	charcot-marie-tooth disease type 3	1	MedGen	78	0
DISEASE	chediak-higashi syndrome	0	MONDO	39	0
DISEASE	cheek mucosa cancer	0	standard	7	0
DISEASE	chemical burns	0	standard	12	0
DISEASE	chemotherapy induced nausea and vomiting	0	standard	9	0
DISEASE	chemotherapy-induced nausea and vomiting	0	standard	9	0
DISEASE	chemotherapy-induced oral mucositis	0	standard	13	0
DISEASE	chickenpox	1	standard	75	0
DISEASE	chiclero ulcer	1	standard	20	0
DISEASE	chilblain lupus 1	0	MONDO	17	0
DISEASE	chilblain lupus 2	0	MONDO	17	0
DISEASE	child syndrome	0	MONDO	30	0
DISEASE	childhood absence epilepsy	1	modified_disease	23	0
DISEASE	childhood apraxia of speech	1	MONDO	15	0
DISEASE	childhood hypophosphatasia	0	MONDO	39	0
DISEASE	childhood leukemia	1	modified_disease	24	0
DISEASE	childhood low-grade glioma	1	modified_disease	41	0
DISEASE	childhood malignant neoplasm	1	modified_disease	21	0
DISEASE	childhood rhabdomyosarcoma	1	modified_disease	28	0
DISEASE	childhood-onset growth hormone deficiency (co-ghd)	1	modified_disease	13	0
DISEASE	chlamydia	1	standard	33	0
DISEASE	chlamydia infections	0	standard	7	0
DISEASE	chlamydia infectious disease	0	standard	7	0
DISEASE	chlamydia pneumoniae	1	standard	17	0
DISEASE	chloasma	0	standard	11	0
DISEASE	chloride deficiency	1	standard	27	0
DISEASE	cholangiocarcinoma	1	standard	11	0
DISEASE	cholangitis	1	standard	12	0
DISEASE	cholecystitis	1	standard	20	0
DISEASE	cholecystolithiasis	1	standard	8	0
DISEASE	choledocholithiasis	1	standard	10	0
DISEASE	cholelithiasis	1	standard	20	0
DISEASE	cholera	1	standard	31	0
DISEASE	cholestasis	1	standard	21	0
DISEASE	cholestasis, intrahepatic, of pregnancy, 1	1	MONDO	20	0
DISEASE	cholestatic pruritus	0	corrected_overlay	12	0
DISEASE	cholesteryl ester storage disease	0	MONDO	27	0
DISEASE	chondrosarcoma	1	MedGen	9	0
DISEASE	chordoma	1	MedGen	72	0
DISEASE	chorea	1	standard	56	0
DISEASE	chorea-acanthocytosis	1	MedGen	150	0
DISEASE	choriocarcinoma	1	standard	52	0
DISEASE	choriocarcinoma of testis	1	standard	30	0
DISEASE	chorioretinitis	1	standard	29	0
DISEASE	choroidal neovascularization	1	standard	14	0
DISEASE	choroideremia	0	MONDO	20	0
DISEASE	choroideremia-deafness-obesity syndrome	0	MONDO	46	0
DISEASE	choroiditis	1	standard	4	0
DISEASE	christianson syndrome	0	MONDO	22	0
DISEASE	chromium deficiency	1	standard	27	0
DISEASE	chromoblastomycosis	1	standard	72	0
DISEASE	chromomycosis	1	standard	72	0
DISEASE	chromophobe adenoma	1	standard	19	0
DISEASE	chronic alcoholism	1	modified_disease	21	0
DISEASE	chronic anal fissure	1	modified_disease	13	0
DISEASE	chronic anemia	1	modified_disease	17	0
DISEASE	chronic anterior uveitis	1	modified_disease	17	0
DISEASE	chronic anxiety	1	modified_disease	18	0
DISEASE	chronic asthma	1	modified_disease	31	0
DISEASE	chronic asthmatic bronchitis	1	modified_disease	38	0
DISEASE	chronic atrial fibrillation	1	modified_disease	32	0
DISEASE	chronic atrophic gastritis	1	modified_disease	14	0
DISEASE	chronic bacterial prostatitis	1	modified_disease	16	0
DISEASE	chronic bronchitis	1	modified_disease	13	0
DISEASE	chronic cancer pain	1	modified_disease	16	0
DISEASE	chronic constipation	1	modified_disease	15	0
DISEASE	chronic cystitis	1	modified_disease	12	0
DISEASE	chronic dermal ulcers	1	modified_disease	36	0
DISEASE	chronic diarrheal disease	1	modified_disease	12	0
DISEASE	chronic emphysema	1	modified_disease	14	0
DISEASE	chronic eosinophilic leukemia	1	modified_disease	32	0
DISEASE	chronic gastritis	1	modified_disease	15	0
DISEASE	chronic gouty arthritis	1	modified_disease	18	0
DISEASE	chronic graft versus host disease	0	modified_disease	30	0
DISEASE	chronic granulomatous disease	1	modified_disease	30	0
DISEASE	chronic heart failure	1	modified_disease	29	0
DISEASE	chronic heart failure with reduced ejection fraction	1	modified_disease	27	0
DISEASE	chronic hepatitis (viral b)	0	modified_disease	27	0
DISEASE	chronic hepatitis (viral c)	0	modified_disease	37	0
DISEASE	chronic hepatitis (viral d)	0	modified_disease	40	0
DISEASE	chronic hepatitis b virus infection	1	modified_disease	25	0
DISEASE	chronic hepatitis c	1	modified_disease	25	0
DISEASE	chronic hepatitis c genotype 2	1	modified_disease	15	0
DISEASE	chronic hepatitis c virus (genotype 4) infection	1	modified_disease	19	0
DISEASE	chronic hepatitis c virus genotype 3 infection	1	modified_disease	17	0
DISEASE	chronic hepatitis c virus infection	1	modified_disease	15	0
DISEASE	chronic hyperammonemia	1	modified_disease	34	0
DISEASE	chronic idiopathic constipation	1	modified_disease	14	0
DISEASE	chronic idiopathic urticaria	1	modified_disease	21	0
DISEASE	chronic immune thrombocytopenic purpura	1	modified_disease	23	0
DISEASE	chronic inflammatory demyelinating polyneuropathy	0	NCI Thesaurus	28	0
DISEASE	chronic inflammatory demyelinating polyradiculoneuropathy	1	modified_disease	20	0
DISEASE	chronic insomnia	1	modified_disease	18	0
DISEASE	chronic iron overload	1	modified_disease	32	0
DISEASE	chronic kidney disease	1	modified_disease	22	0
DISEASE	chronic kidney disease (ckd)	1	modified_disease	23	0
DISEASE	chronic kidney disease in type 2 diabetes	1	modified_disease	22	0
DISEASE	chronic leg ulcers	1	modified_disease	31	0
DISEASE	chronic liver disease	1	modified_disease	23	0
DISEASE	chronic liver failure	1	modified_disease	24	0
DISEASE	chronic low back pain	1	modified_disease	33	0
DISEASE	chronic lymphocytic leukemia	1	modified_disease	18	0
DISEASE	chronic lymphocytic leukemia/small lymphocytic lymphoma	1	modified_disease	19	0
DISEASE	chronic lymphocytic thyroiditis	1	modified_disease	22	0
DISEASE	chronic metabolic acidosis	1	modified_disease	10	0
DISEASE	chronic musculoskeletal pain	1	modified_disease	13	0
DISEASE	chronic myelogenous leukemia, bcr-abl1 positive	1	modified_disease	22	0
DISEASE	chronic myeloid leukemia	1	modified_disease	20	0
DISEASE	chronic myeloid leukemia (cml)	1	modified_disease	21	0
DISEASE	chronic myelomonocytic leukemia	1	modified_disease	32	0
DISEASE	chronic non-infectious uveitis affecting the posterior segment of the eye	1	modified_disease	40	0
DISEASE	chronic nonagitated schizophrenia	1	modified_disease	26	0
DISEASE	chronic obstructive lung disease	1	modified_disease	16	0
DISEASE	chronic obstructive pulmonary disease	1	modified_disease	16	0
DISEASE	chronic obstructive pulmonary disease (copd)	1	modified_disease	17	0
DISEASE	chronic obstructive pulmonary disease with eosinophilic phenotype	1	modified_disease	16	0
DISEASE	chronic open-angle glaucoma	1	modified_disease	31	0
DISEASE	chronic pain	1	modified_disease	16	0
DISEASE	chronic pain syndrome	1	modified_disease	13	0
DISEASE	chronic pancreatitis	1	modified_disease	26	0
DISEASE	chronic phase chronic myeloid leukemia	1	modified_disease	42	0
DISEASE	chronic plaque psoriasis	1	modified_disease	27	0
DISEASE	chronic primary adrenal insufficiency	1	MedGen	6	0
DISEASE	chronic psychosis	0	modified_disease	36	0
DISEASE	chronic purulent otitis media	1	modified_disease	28	0
DISEASE	chronic renal failure	1	modified_disease	13	0
DISEASE	chronic renal insufficiency	1	modified_disease	22	0
DISEASE	chronic rhinitis	1	modified_disease	13	0
DISEASE	chronic rhinosinusitis	1	modified_disease	10	0
DISEASE	chronic rhinosinusitis with nasal polyps	1	modified_disease	13	0
DISEASE	chronic rhinosinusitis with nasal polyps (crswnp)	1	modified_disease	18	0
DISEASE	chronic rhinosinusitis without nasal polyps	1	modified_disease	13	0
DISEASE	chronic sinusitis	1	modified_disease	10	0
DISEASE	chronic small plaque psoriasis	1	modified_disease	25	0
DISEASE	chronic spasticity	1	modified_disease	17	0
DISEASE	chronic stable angina pectoris	1	modified_disease	27	0
DISEASE	chronic stable plaque psoriasis	1	modified_disease	28	0
DISEASE	chronic subinvolution of uterus	1	modified_disease	28	0
DISEASE	chronic thromboembolic pulmonary hypertension	1	modified_disease	30	0
DISEASE	chronic transplant rejection	1	modified_disease	25	0
DISEASE	chronic ulcer of skin	1	modified_disease	17	0
DISEASE	chronic ulcerative colitis	1	modified_disease	21	0
DISEASE	chronic urea-splitting urinary infection	1	modified_disease	26	0
DISEASE	chronic uremia	1	modified_disease	23	0
DISEASE	chronic urinary tract infection	1	modified_disease	26	0
DISEASE	chronic urticaria	1	modified_disease	20	0
DISEASE	chronic weight management in obesity or overweight	1	curated_indication_definition	38	0
DISEASE	chudley-mccullough syndrome	1	MONDO	13	0
DISEASE	chylothorax	1	standard	11	0
DISEASE	chylous ascites	1	standard	13	0
DISEASE	chyluria	0	corrected_overlay	20	0
DISEASE	cic-rearranged sarcoma	1	standard	44	0
DISEASE	cicatrix, hypertrophic	0	standard	27	0
DISEASE	cinca syndrome	1	standard	62	0
DISEASE	circadian rhythm sleep disorder, shift work type	0	standard	42	0
DISEASE	cirrhosis, familial	0	MONDO	9	0
DISEASE	cisplatin-associated ototoxicity	1	curated_adverse_condition_definition	31	0
DISEASE	citrobacter infections	0	corrected_overlay	9	0
DISEASE	citrullinemia	1	standard	62	0
DISEASE	citrullinemia type i	0	MONDO	45	0
DISEASE	ck syndrome	1	MONDO	13	0
DISEASE	classic congenital adrenal hyperplasia	1	modified_disease	70	0
DISEASE	classic galactosemia	0	MONDO	23	0
DISEASE	classic hodgkin lymphoma	0	MONDO	23	0
DISEASE	classic homocystinuria	0	standard	24	0
DISEASE	classical phenylketonuria	1	standard	67	0
DISEASE	climacteric discomfort	1	standard	35	0
DISEASE	clinically isolated syndrome	0	standard	21	0
DISEASE	cll variants	0	corrected_overlay	14	0
DISEASE	clomipramine poisoning	0	corrected_overlay	8	0
DISEASE	clonic seizure	0	standard	39	0
DISEASE	clonorchiasis	1	standard	48	0
DISEASE	clonus	0	standard	41	0
DISEASE	clostridium difficile colitis	1	standard	60	0
DISEASE	clostridium difficile diarrhea	1	standard	60	0
DISEASE	clostridium difficile infection	1	standard	16	0
DISEASE	clostridium difficile infections	0	standard	16	0
DISEASE	clostridium difficile-associated diarrhea	0	corrected_overlay	16	0
DISEASE	clostridium infectious disease	0	standard	7	0
DISEASE	clubfoot	0	MONDO	32	0
DISEASE	cluster headache	1	standard	73	0
DISEASE	cluster headache syndrome	1	standard	73	0
DISEASE	coagulation factor deficiency	1	standard	14	0
DISEASE	coagulation protein disease	1	standard	14	0
DISEASE	coagulopathy	1	standard	19	0
DISEASE	coarctation of aorta	1	standard	45	0
DISEASE	cocaine addiction	1	standard	8	0
DISEASE	cocaine-related disorders	0	standard	8	0
DISEASE	coccidioidomycosis	1	standard	78	0
DISEASE	cockayne syndrome type 1	1	MedGen	219	0
DISEASE	codas syndrome	0	MONDO	17	0
DISEASE	cognitive disorder	1	standard	7	0
DISEASE	cognitive impairment	1	standard	7	0
DISEASE	cohen syndrome	0	MONDO	27	0
DISEASE	coinfection	1	standard	29	0
DISEASE	cold urticaria	1	standard	42	0
DISEASE	coloboma, ocular, autosomal dominant	1	MedGen	182	0
DISEASE	coloboma, ocular, autosomal recessive	1	MedGen	135	0
DISEASE	colon burkitt lymphoma	1	standard	9	0
DISEASE	colon cancer	1	standard	6	0
DISEASE	colon carcinoma	1	standard	10	0
DISEASE	colonic neoplasms	0	standard	6	0
DISEASE	colorectal adenocarcinoma	0	standard	45	0
DISEASE	colorectal adenoma	1	standard	13	0
DISEASE	colorectal cancer	1	standard	32	0
DISEASE	colorectal cancer, susceptibility to, 1	0	MONDO	17	0
DISEASE	colorectal carcinoma	1	standard	32	0
DISEASE	colorectal gastrointestinal stromal tumor	1	standard	49	0
DISEASE	coma	1	standard	36	0
DISEASE	combined immunodeficiency due to dock8 deficiency	1	MedGen	93	0
DISEASE	combined immunodeficiency with skin granulomas	1	MONDO	16	0
DISEASE	combined pulmonary fibrosis-emphysema syndrome	0	standard	65	0
DISEASE	comedonal acne	0	standard	22	0
DISEASE	common cold	1	standard	26	0
DISEASE	common migraine	1	standard	51	0
DISEASE	common variable immunodeficiency	1	standard	21	0
DISEASE	common wart	1	standard	13	0
DISEASE	community-acquired bacterial pneumonia	1	modified_disease	28	0
DISEASE	community-acquired pneumonia	1	standard	57	0
DISEASE	compensated hypothyroidism	0	standard	14	0
DISEASE	compensated liver disease	0	corrected_overlay	20	0
DISEASE	complement 3 glomerulopathy	0	MONDO	29	0
DISEASE	complement factor h deficiency	1	MONDO	15	0
DISEASE	complex partial epilepsy	1	standard	95	0
DISEASE	complex perianal fistulas in adult patients with non-active or mildly active luminal crohn's disease	1	modified_disease	45	0
DISEASE	complicated intra-abdominal infections	1	standard	9	0
DISEASE	complicated pyelonephritis	1	standard	38	0
DISEASE	complicated skin and skin structure infections	1	standard	19	0
DISEASE	complicated urinary tract infection	1	standard	34	0
DISEASE	complicated urinary tract infections	1	standard	11	0
DISEASE	complications of leptin deficiency	1	standard	17	0
DISEASE	compulsion	1	standard	23	0
DISEASE	conduct disorder	1	standard	64	0
DISEASE	condylomata acuminata	0	standard	13	0
DISEASE	cone dystrophy 3	0	MONDO	17	0
DISEASE	cone dystrophy 4	0	MONDO	17	0
DISEASE	congenital adrenal hyperplasia	1	modified_disease	63	0
DISEASE	congenital afibrinogenemia	1	MedGen	178	0
DISEASE	congenital agammaglobulinemia	1	modified_disease	24	0
DISEASE	congenital athetosis	1	modified_disease	22	0
DISEASE	congenital diarrhea 6	0	MONDO	17	0
DISEASE	congenital dyserythropoietic anemia type 4	0	MONDO	27	0
DISEASE	congenital factor v deficiency	0	MONDO	26	0
DISEASE	congenital factor vii deficiency	1	modified_disease	48	0
DISEASE	congenital factor x deficiency	1	modified_disease	62	0
DISEASE	congenital factor xiii deficiency	1	modified_disease	74	0
DISEASE	congenital fibrinogen deficiency	1	modified_disease	57	0
DISEASE	congenital generalized lipodystrophy	1	modified_disease	43	0
DISEASE	congenital generalized lipodystrophy type 1	0	MONDO	18	0
DISEASE	congenital generalized lipodystrophy type 3	0	MONDO	18	0
DISEASE	congenital generalized lipodystrophy type 4	0	MONDO	18	0
DISEASE	congenital heart block	1	MedGen	49	0
DISEASE	congenital heart disease	1	modified_disease	14	0
DISEASE	congenital hypogonadotropic hypogonadism	1	modified_disease	75	0
DISEASE	congenital hypoplastic anemia	1	modified_disease	41	0
DISEASE	congenital hypothyroidism	1	modified_disease	84	0
DISEASE	congenital ighd	0	modified_disease	29	0
DISEASE	congenital isolated adrenocorticotropic hormone deficiency	1	MedGen	78	0
DISEASE	congenital isolated hyperinsulinism	1	modified_disease	79	0
DISEASE	congenital lactase deficiency	0	MONDO	28	0
DISEASE	congenital nephrotic syndrome, finnish type	1	MedGen	106	0
DISEASE	congenital neutropenia	1	modified_disease	22	0
DISEASE	congenital or acquired generalized lipodystrophy	1	modified_disease	38	0
DISEASE	congenital prothrombin deficiency	0	MONDO	24	0
DISEASE	congenital short bowel syndrome, autosomal recessive	1	MONDO	17	0
DISEASE	congenital sucrase-isomaltase deficiency	1	modified_disease	53	0
DISEASE	congenital sucrose-isomaltase deficiency (csid)	1	modified_disease	21	0
DISEASE	congenital syphilis	1	modified_disease	60	0
DISEASE	congenital thrombotic thrombocytopenic purpura	1	modified_disease	25	0
DISEASE	congenital toxoplasmosis	1	modified_disease	40	0
DISEASE	congestion of nasal sinus (disorder)	0	alias_disease	18	0
DISEASE	congestive heart failure	1	standard	63	0
DISEASE	congestive splenomegaly	0	standard	17	0
DISEASE	conjunctival disorder	1	standard	5	0
DISEASE	conjunctivitis	1	standard	4	0
DISEASE	conjunctivitis, inclusion	0	standard	63	0
DISEASE	conn's syndrome	1	standard	22	0
DISEASE	connective tissue diseases	1	standard	31	0
DISEASE	connective tissue disorder	1	standard	25	0
DISEASE	conotruncal heart malformations	0	MONDO	92	0
DISEASE	constipation	1	standard	32	0
DISEASE	constipation-predominant irritable bowel syndrome (ibs-c)	0	corrected_overlay	22	0
DISEASE	constitutional megaloblastic anemia with severe neurologic disease	1	MONDO	18	0
DISEASE	constitutional neutropenia	0	standard	16	0
DISEASE	consumptive thrombohaemorrhagic syndrome	0	corrected_overlay	15	0
DISEASE	contact dermatitis	1	standard	32	0
DISEASE	contusions	0	standard	9	0
DISEASE	convulsions	0	standard	39	0
DISEASE	convulsive disorder	0	corrected_overlay	103	0
DISEASE	convulsive disorder, familial, with prenatal or early onset	1	MedGen	16	0
DISEASE	cooley's anemia	1	standard	55	0
DISEASE	copd, severe early onset	1	modified_disease	20	0
DISEASE	copper deficiency	0	corrected_overlay	12	0
DISEASE	corneal dystrophy, fuchs endothelial, 1	0	MONDO	18	0
DISEASE	corneal dystrophy, fuchs endothelial, 3	0	MONDO	18	0
DISEASE	corneal dystrophy, fuchs endothelial, 4	0	MONDO	18	0
DISEASE	corneal infection	1	standard	21	0
DISEASE	corneal injury	1	standard	10	0
DISEASE	corneal ulcer	1	standard	27	0
DISEASE	coronary artery disease	1	standard	16	0
DISEASE	coronary artery disease, autosomal dominant, 1	0	MONDO	18	0
DISEASE	coronary artery disorder	1	standard	63	0
DISEASE	coronary atherosclerosis	1	standard	16	0
DISEASE	coronary heart disease, susceptibility to, 1	1	modified_disease	46	0
DISEASE	coronary heart disease, susceptibility to, 2	1	MONDO	17	0
DISEASE	coronary heart disease, susceptibility to, 3	1	MedGen	14	0
DISEASE	coronary heart disease, susceptibility to, 4	1	MONDO	17	0
DISEASE	coronary heart disease, susceptibility to, 5	1	MedGen	14	0
DISEASE	coronary heart disease, susceptibility to, 6	0	MONDO	18	0
DISEASE	coronary heart disease, susceptibility to, 7	0	MONDO	18	0
DISEASE	coronary occlusion	0	standard	15	0
DISEASE	coronary revascularization	0	standard	12	0
DISEASE	coronary vasospasm	1	standard	8	0
DISEASE	coronavirus disease 2019 (covid-19)	1	alias_disease	12	0
DISEASE	corticosteroid-induced osteoporosis	1	standard	70	0
DISEASE	corticosteroid-responsive dermatoses	0	corrected_overlay	16	0
DISEASE	costello syndrome	0	MONDO	44	0
DISEASE	cough	1	standard	45	0
DISEASE	coumarin resistance	1	MONDO	13	0
DISEASE	counteracting or reversing the anticoagulant effect of heparin	0	corrected_overlay	32	0
DISEASE	covid-19	1	alias_disease	48	0
DISEASE	cowden syndrome 2	0	MONDO	17	0
DISEASE	cowden syndrome 4	0	MONDO	17	0
DISEASE	cowden syndrome 5	0	MONDO	17	0
DISEASE	cowden syndrome 6	0	MONDO	17	0
DISEASE	cowpox	1	standard	30	0
DISEASE	cramps caused by gas	0	manual_modified_disease	11	0
DISEASE	cranial nerves, recurrent paresis of	1	MedGen	15	0
DISEASE	craniodiaphyseal dysplasia, autosomal dominant	1	MONDO	15	0
DISEASE	cranioectodermal dysplasia 1	0	MONDO	17	0
DISEASE	cranioectodermal dysplasia 2	0	MONDO	17	0
DISEASE	cranioectodermal dysplasia 3	0	MONDO	17	0
DISEASE	cranioectodermal dysplasia 4	1	MONDO	14	0
DISEASE	craniofrontonasal syndrome	0	MONDO	84	0
DISEASE	craniosynostosis 4	0	MONDO	16	0
DISEASE	craniosynostosis and dental anomalies	1	MONDO	15	0
DISEASE	creatine transporter deficiency	0	MONDO	27	0
DISEASE	cri-du-chat syndrome	0	MONDO	64	0
DISEASE	crigler-najjar syndrome type 1	0	MONDO	35	0
DISEASE	crigler-najjar syndrome type 2	0	MONDO	36	0
DISEASE	crohn disease	1	standard	56	0
DISEASE	crohn ileitis	1	standard	11	0
DISEASE	crohn's aggravated	1	standard	24	0
DISEASE	crohn's disease	1	standard	56	0
DISEASE	cross infection	0	standard	10	0
DISEASE	crouzon syndrome	0	MONDO	9	0
DISEASE	cryopyrin-associated periodic syndrome	1	standard	62	0
DISEASE	cryopyrin-associated periodic syndromes (caps)	1	alias_disease	62	0
DISEASE	cryptitis	1	standard	5	0
DISEASE	cryptococcal meningitis	1	standard	81	0
DISEASE	cryptococcosis	1	standard	6	0
DISEASE	cryptococcus pulmonary infections	0	corrected_overlay	63	0
DISEASE	cryptogenic organizing pneumonia	1	standard	62	0
DISEASE	cryptorchidism	1	standard	50	0
DISEASE	cryptosporidiosis	1	standard	19	0
DISEASE	ctcf-related neurodevelopmental disorder	0	MONDO	48	0
DISEASE	cushing disease	1	standard	30	0
DISEASE	cushing syndrome	1	standard	60	0
DISEASE	cushing's disease	1	standard	30	0
DISEASE	cutaneous candidiasis	1	standard	19	0
DISEASE	cutaneous cyst	0	standard	7	0
DISEASE	cutaneous fungal infections	1	standard	50	0
DISEASE	cutaneous larva migrans	1	standard	39	0
DISEASE	cutaneous leishmaniasis	1	standard	98	0
DISEASE	cutaneous lupus erythematosus	1	standard	50	0
DISEASE	cutaneous neuroendocrine carcinoma	1	standard	25	0
DISEASE	cutaneous photoaging	1	standard	25	0
DISEASE	cutaneous porphyria	0	MONDO	84	0
DISEASE	cutaneous squamous cell carcinoma (cscc)	1	alias_disease	28	0
DISEASE	cutaneous t-cell lymphoma	1	standard	44	0
DISEASE	cutaneous wound	0	standard	48	0
DISEASE	cyanide poisoning	1	standard	80	0
DISEASE	cyclic hematopoiesis	1	standard	25	0
DISEASE	cyclic neutropenia	0	standard	25	0
DISEASE	cyclitis	0	standard	5	0
DISEASE	cystic echinococcosis	1	standard	28	0
DISEASE	cystic fibrosis	1	standard	67	0
DISEASE	cystic fibrosis (cf) in patients homozygous for the f508del mutation in the cftr gene	1	modified_disease	18	0
DISEASE	cystic leukoencephalopathy without megalencephaly	0	MONDO	45	0
DISEASE	cystine urolithiasis	0	standard	11	0
DISEASE	cystinosis	1	standard	49	0
DISEASE	cystinuria	1	standard	46	0
DISEASE	cystitis	1	standard	25	0
DISEASE	cystitis, interstitial	0	standard	38	0
DISEASE	cystoid macular edema	0	MONDO	25	0
DISEASE	cytokine release syndrome	1	standard	42	0
DISEASE	cytomegaloviral retinitis	1	standard	30	0
DISEASE	cytomegalovirus infection	1	standard	34	0
DISEASE	cytomegalovirus infections	0	standard	34	0
DISEASE	cytomegalovirus infectious disease in kidney, heart, and kidney-pancreas transplantation	0	modified_disease	28	0
DISEASE	cytomegalovirus retinitis	1	standard	30	0
DISEASE	cytomegalovirus retinitis in patients with aids	1	modified_disease	26	0
DISEASE	cytomegalovirus viremia	1	standard	30	0
DISEASE	d-bifunctional protein deficiency	0	MONDO	165	0
DISEASE	d-glyceric aciduria	0	MONDO	62	0
DISEASE	dacryoadenitis	1	standard	8	0
DISEASE	dacryocystitis	1	standard	8	0
DISEASE	damaged nail	1	standard	33	0
DISEASE	dandruff	0	standard	11	0
DISEASE	dangerous hemorrhages	0	corrected_overlay	23	0
DISEASE	darier disease	1	MedGen	13	0
DISEASE	datura poisoning	0	corrected_overlay	8	0
DISEASE	deafness dystonia syndrome	0	MONDO	37	0
DISEASE	deafness-infertility syndrome	0	MONDO	14	0
DISEASE	debilitating anxiety	1	standard	12	0
DISEASE	decompensated cirrhosis of liver	1	standard	30	0
DISEASE	decreased corneal sensation	0	standard	9	0
DISEASE	decreased liver function	1	standard	40	0
DISEASE	decubitus ulcer	1	standard	49	0
DISEASE	dedifferentiated liposarcoma	1	standard	57	0
DISEASE	deep full thickness burn injury	1	standard	22	0
DISEASE	deep mycosis	1	standard	25	0
DISEASE	deep pain on intercourse	1	standard	14	0
DISEASE	deep partial thickness burn	1	standard	22	0
DISEASE	deep vein thrombosis (dvt)	0	corrected_overlay	21	0
DISEASE	deep venous thrombosis	1	standard	12	0
DISEASE	deficiency of interleukin-1 receptor antagonist (dira)	1	alias_disease	34	0
DISEASE	degenerative disc disease	1	standard	17	0
DISEASE	degenerative myopia	1	standard	17	0
DISEASE	dehydration	1	standard	13	0
DISEASE	delayed emergence from anesthesia	0	standard	23	0
DISEASE	delayed male puberty	0	corrected_overlay	27	0
DISEASE	delayed nausea and vomiting	0	standard	10	0
DISEASE	delayed nausea and vomiting associated with initial and repeat courses of emetogenic cancer chemotherapy	1	modified_disease	28	0
DISEASE	delayed puberty	1	standard	65	0
DISEASE	delirium	1	standard	38	0
DISEASE	delusion	1	standard	26	0
DISEASE	dementia	1	standard	53	0
DISEASE	dementia due to parkinson's disease	0	modified_disease	62	0
DISEASE	dementia/parkinsonism with non-alzheimer amyloid plaques	1	MedGen	13	0
DISEASE	demodex blepharitis	0	standard	9	0
DISEASE	demyelinating disease	1	standard	15	0
DISEASE	dendritic ulcer	1	standard	22	0
DISEASE	dengue disease	1	standard	43	0
DISEASE	dengue virus, susceptibility to	1	MONDO	15	0
DISEASE	dental caries	1	standard	39	0
DISEASE	dental infections	1	standard	22	0
DISEASE	dental plaque	1	standard	23	0
DISEASE	dental pulp disorder	1	standard	6	0
DISEASE	dentatorubral-pallidoluysian atrophy	1	MedGen	106	0
DISEASE	dentin sensitivity	1	standard	9	0
DISEASE	depressed mood	0	standard	11	0
DISEASE	depression	1	standard	18	0
DISEASE	depression associated with alcoholism	0	modified_disease	55	0
DISEASE	depression associated with organic disease	1	modified_disease	35	0
DISEASE	depression, psychotic	1	standard	30	0
DISEASE	depressive disorder	1	standard	26	0
DISEASE	depressive disorder, treatment-resistant	1	modified_disease	55	0
DISEASE	depressive symptoms	0	standard	18	0
DISEASE	dermatitis	1	standard	5	0
DISEASE	dermatitis herpetiformis	1	standard	51	0
DISEASE	dermatitis, atopic, 2	0	MONDO	23	0
DISEASE	dermatitis, atopic, 3	1	MedGen	18	0
DISEASE	dermatitis, atopic, 4	0	MONDO	18	0
DISEASE	dermatitis, atopic, 5	1	MedGen	18	0
DISEASE	dermatofibrosarcoma	1	standard	72	0
DISEASE	dermatofibrosarcoma protuberans	1	standard	72	0
DISEASE	dermatographia	0	corrected_overlay	22	0
DISEASE	dermatomycosis	1	standard	13	0
DISEASE	dermatomyositis	1	standard	110	0
DISEASE	dermatopathia pigmentosa reticularis	1	MONDO	14	0
DISEASE	dermatosis	1	standard	6	0
DISEASE	dermatosis papulosa nigra	0	MONDO	27	0
DISEASE	descending colon cancer	0	standard	7	0
DISEASE	desensitization of highly sensitized adult kidney transplant patients	1	modified_disease	29	0
DISEASE	desmoid tumor	1	MedGen	14	0
DISEASE	desmosterolosis	0	MONDO	24	0
DISEASE	developmental and epileptic encephalopathy 94	0	MONDO	31	0
DISEASE	developmental and epileptic encephalopathy, 1	0	MONDO	19	0
DISEASE	developmental and epileptic encephalopathy, 11	0	MONDO	19	0
DISEASE	developmental and epileptic encephalopathy, 12	0	MONDO	93	0
DISEASE	developmental and epileptic encephalopathy, 13	0	MONDO	19	0
DISEASE	developmental and epileptic encephalopathy, 14	0	MONDO	19	0
DISEASE	developmental and epileptic encephalopathy, 17	0	MONDO	19	0
DISEASE	developmental and epileptic encephalopathy, 18	1	MONDO	16	0
DISEASE	developmental and epileptic encephalopathy, 19	0	MONDO	19	0
DISEASE	developmental and epileptic encephalopathy, 2	0	standard	19	0
DISEASE	developmental and epileptic encephalopathy, 3	0	MONDO	19	0
DISEASE	developmental and epileptic encephalopathy, 36	1	MONDO	16	0
DISEASE	developmental and epileptic encephalopathy, 39	0	standard	51	0
DISEASE	developmental and epileptic encephalopathy, 4	0	MONDO	129	0
DISEASE	developmental and epileptic encephalopathy, 5	0	MONDO	19	0
DISEASE	developmental and epileptic encephalopathy, 6a	0	MONDO	77	0
DISEASE	developmental and epileptic encephalopathy, 7	0	MONDO	80	0
DISEASE	developmental and epileptic encephalopathy, 8	1	MONDO	16	0
DISEASE	developmental and epileptic encephalopathy, 9	0	MONDO	71	0
DISEASE	developmental and/or epileptic encephalopathy with spike-wave activation in sleep	1	modified_disease	43	0
DISEASE	developmental delay with autism spectrum disorder and gait instability	0	MONDO	66	0
DISEASE	diabetes complications	0	standard	43	0
DISEASE	diabetes insipidus	1	standard	48	0
DISEASE	diabetes insipidus, nephrogenic, autosomal	1	MedGen	70	0
DISEASE	diabetes insipidus, nephrogenic, x-linked	1	MedGen	70	0
DISEASE	diabetes mellitus	1	standard	11	0
DISEASE	diabetes mellitus (type 1)	1	modified_disease	21	0
DISEASE	diabetes mellitus (type 2)	1	modified_disease	21	0
DISEASE	diabetes mellitus type 2	1	modified_disease	24	0
DISEASE	diabetes mellitus, insulin-dependent, x-linked, susceptibility to	1	MedGen	14	0
DISEASE	diabetes mellitus, ketosis-prone	0	MONDO	10	0
DISEASE	diabetes mellitus, noninsulin-dependent, 1	1	MONDO	15	0
DISEASE	diabetes mellitus, noninsulin-dependent, 2	0	standard	43	0
DISEASE	diabetes mellitus, transient neonatal, 1	1	MONDO	16	0
DISEASE	diabetes mellitus, transient neonatal, 2	0	MONDO	19	0
DISEASE	diabetes mellitus, transient neonatal, 3	0	MONDO	19	0
DISEASE	diabetic foot	0	standard	44	0
DISEASE	diabetic foot infection	1	standard	42	0
DISEASE	diabetic foot ulcer	1	standard	44	0
DISEASE	diabetic gastroparesis	1	standard	20	0
DISEASE	diabetic ketoacidosis	1	standard	31	0
DISEASE	diabetic kidney disease	1	standard	42	0
DISEASE	diabetic macular edema	1	standard	78	0
DISEASE	diabetic nephropathies	0	standard	42	0
DISEASE	diabetic nephropathy	1	standard	42	0
DISEASE	diabetic neuropathy	1	standard	70	0
DISEASE	diabetic peripheral neuropathic pain	1	standard	11	0
DISEASE	diabetic peripheral neuropathy	1	standard	33	0
DISEASE	diabetic polyneuropathy	0	standard	70	0
DISEASE	diabetic retinopathy	1	standard	27	0
DISEASE	diabetic retinopathy (dr)	1	alias_disease	27	0
DISEASE	diamond-blackfan anemia	1	standard	45	0
DISEASE	diamond-blackfan anemia 1	1	MedGen	104	0
DISEASE	diamond-blackfan anemia 10	0	MONDO	17	0
DISEASE	diamond-blackfan anemia 11	0	MONDO	17	0
DISEASE	diamond-blackfan anemia 12	0	MONDO	17	0
DISEASE	diamond-blackfan anemia 3	0	MONDO	17	0
DISEASE	diamond-blackfan anemia 4	0	MONDO	17	0
DISEASE	diamond-blackfan anemia 5	0	MONDO	17	0
DISEASE	diamond-blackfan anemia 6	0	MONDO	17	0
DISEASE	diamond-blackfan anemia 7	0	MONDO	17	0
DISEASE	diamond-blackfan anemia 8	0	MONDO	17	0
DISEASE	diamond-blackfan anemia 9	0	MONDO	17	0
DISEASE	diaper rash	1	standard	32	0
DISEASE	diaphragmatic hernia 1	1	MedGen	208	0
DISEASE	diarrhea	1	standard	43	0
DISEASE	diarrhea 10, protein-losing enteropathy type	0	standard	82	0
DISEASE	diarrhea functional (due to spastic colon)	1	modified_disease	29	0
DISEASE	diastrophic dysplasia	0	MONDO	37	0
DISEASE	dicarboxylic aminoaciduria	0	MONDO	15	0
DISEASE	diencephalic astrocytomas	1	standard	6	0
DISEASE	differentiated thyroid cancer	1	standard	25	0
DISEASE	differentiated thyroid carcinoma	1	standard	25	0
DISEASE	diffuse astrocytoma	1	standard	54	0
DISEASE	diffuse goiter	0	standard	9	0
DISEASE	diffuse idiopathic skeletal hyperostosis	0	MONDO	18	0
DISEASE	diffuse large b-cell lymphoma	1	standard	48	0
DISEASE	diffuse large b-cell non-hodgkin's lymphoma (nhl)	0	alias_disease	31	0
DISEASE	diffuse nonepidermolytic palmoplantar keratoderma	0	MONDO	65	0
DISEASE	digeorge syndrome	1	standard	34	0
DISEASE	digestive system carcinoma	1	standard	25	0
DISEASE	digestive system disorder	1	standard	16	0
DISEASE	digestive system infectious disorder	0	standard	13	0
DISEASE	digestive system neoplasm	1	standard	7	0
DISEASE	digestive system neuroendocrine neoplasm	1	standard	40	0
DISEASE	digestive system neuroendocrine tumor, grade 1/2	1	modified_disease	28	0
DISEASE	digital ulcer	1	standard	26	0
DISEASE	digitalis glycoside toxicity	1	standard	10	0
DISEASE	digitalis intoxication	0	standard	10	0
DISEASE	digitalis poisoning	0	standard	66	0
DISEASE	digitoxin overdose	1	standard	53	0
DISEASE	dilated cardiomyopathy	1	standard	40	0
DISEASE	dilated cardiomyopathy 1a	1	MedGen	82	0
DISEASE	dilated cardiomyopathy-hypergonadotropic hypogonadism syndrome	0	MONDO	14	0
DISEASE	dilated mediastinal arteries	1	component_rescue	43	0
DISEASE	diphtheria	1	standard	44	0
DISEASE	diphyllobothriasis	1	standard	7	0
DISEASE	disc herniation	0	standard	23	0
DISEASE	discoid lupus erythematosus	1	standard	71	0
DISEASE	discrete aldosterone-producing adrenal adenomas	1	standard	24	0
DISEASE	disease response	0	standard	23	0
DISEASE	disorder characterized by fever	1	standard	10	0
DISEASE	disorder of fatty acid oxidation and ketogenesis	1	standard	13	0
DISEASE	disordered thought	0	corrected_overlay	17	0
DISEASE	disorders of initiating and maintaining sleep	0	standard	28	0
DISEASE	disruptive behavior disorder	1	standard	28	0
DISEASE	disseminated candidiasis	1	standard	31	0
DISEASE	disseminated coccidioidomycosis	1	standard	31	0
DISEASE	disseminated intravascular coagulation	1	standard	43	0
DISEASE	disseminated mycobacterial infections	1	standard	31	0
DISEASE	disseminated mycobacterium avium complex (mac) disease	0	corrected_overlay	27	0
DISEASE	distal renal tubular acidosis	1	standard	52	0
DISEASE	distal ulcerative colitis	1	standard	43	0
DISEASE	distributive shock	0	standard	18	0
DISEASE	disuse osteoporosis	0	standard	9	0
DISEASE	dizziness	1	standard	18	0
DISEASE	dna ligase iv deficiency	0	MONDO	36	0
DISEASE	documented ventricular arrhythmias	0	corrected_overlay	27	0
DISEASE	dog mast cell tumors	0	corrected_overlay	27	0
DISEASE	dohle bodies and leukemia	1	MedGen	12	0
DISEASE	donohue syndrome	0	MONDO	37	0
DISEASE	down syndrome	0	MONDO	63	0
DISEASE	dravet syndrome	1	standard	36	0
DISEASE	drooling	1	standard	3	0
DISEASE	drug allergy	1	standard	11	0
DISEASE	drug dependence	1	standard	7	0
DISEASE	drug misuse	0	standard	14	0
DISEASE	drug resistant tuberculosis	1	modified_disease	23	0
DISEASE	drug toxicity	1	standard	32	0
DISEASE	drug-induced anaphylaxis	1	modified_disease	32	0
DISEASE	drug-induced extrapyramidal disorders	1	modified_disease	15	0
DISEASE	drug-induced extrapyramidal reactions	1	modified_disease	11	0
DISEASE	drug-induced liver injury	1	modified_disease	36	0
DISEASE	drug-induced methemoglobinemia	1	modified_disease	30	0
DISEASE	dry eye in sjögren syndrome	1	standard	36	0
DISEASE	dry eye syndrome	1	standard	49	0
DISEASE	dry eye syndromes	0	standard	49	0
DISEASE	dry eyes	1	standard	49	0
DISEASE	dry scalp	1	standard	16	0
DISEASE	dry skin	1	standard	21	0
DISEASE	dubin-johnson syndrome	0	MONDO	26	0
DISEASE	duchenne muscular dystrophy	1	standard	86	0
DISEASE	duchenne muscular dystrophy (dmd)	1	alias_disease	25	0
DISEASE	ductal breast carcinoma in situ	1	standard	85	0
DISEASE	duodenal ulcer	1	standard	7	0
DISEASE	duodenal ulcers	0	standard	7	0
DISEASE	dupuytren's contracture	1	standard	37	0
DISEASE	dust mite allergy	0	standard	23	0
DISEASE	dysbetalipoproteinemia	1	standard	58	0
DISEASE	dyschondrosteosis-nephritis syndrome	0	MONDO	24	0
DISEASE	dysentery	1	standard	49	0
DISEASE	dysfunctional uterine bleeding	0	standard	27	0
DISEASE	dyshidroses	0	corrected_overlay	22	0
DISEASE	dyskeratosis congenita, x-linked	0	MONDO	5	0
DISEASE	dyskinesia	1	standard	57	0
DISEASE	dyskinesia with orofacial involvement, autosomal dominant	0	MONDO	58	0
DISEASE	dyslipidemia	1	standard	33	0
DISEASE	dysmenorrhea	1	standard	2	0
DISEASE	dysmenorrhoea	0	corrected_overlay	7	0
DISEASE	dyspareunia	1	standard	17	0
DISEASE	dysphonia	1	standard	7	0
DISEASE	dyspnea	1	standard	4	0
DISEASE	dysproteinemia	0	corrected_overlay	10	0
DISEASE	dysthymic disorder	1	standard	71	0
DISEASE	dystonia 5	1	MedGen	133	0
DISEASE	dystonia 9	0	MONDO	38	0
DISEASE	dysuria	1	standard	13	0
DISEASE	ear infection	1	standard	35	0
DISEASE	early hormone receptor-positive (her2+) breast cancer	1	modified_disease	16	0
DISEASE	early stage breast carcinoma	0	standard	15	0
DISEASE	early-onset severe toxicity	1	modified_disease	12	0
DISEASE	easy bruising	0	standard	10	0
DISEASE	eaton-lambert syndrome	1	standard	93	0
DISEASE	ebola hemorrhagic fever	1	standard	9	0
DISEASE	ebola virus infection	0	standard	9	0
DISEASE	ebstein anomaly	1	MedGen	113	0
DISEASE	ecg: extrasystole	1	standard	11	0
DISEASE	echinococcosis	1	standard	28	0
DISEASE	eclampsia	1	standard	13	0
DISEASE	ecthyma	1	standard	20	0
DISEASE	ectodermal dysplasia and immunodeficiency 1	1	standard	40	0
DISEASE	ectodermal dysplasia-blindness syndrome	0	MONDO	53	0
DISEASE	ectopic ossification	0	standard	9	0
DISEASE	eczema	1	standard	19	0
DISEASE	eczema vaccinatum	0	standard	35	0
DISEASE	edema	1	standard	20	0
DISEASE	edema associated with congestive heart failure	1	modified_disease	35	0
DISEASE	edema in chronic kidney disease	1	standard	20	0
DISEASE	egfr gene mutation	1	modified_disease	27	0
DISEASE	egfr t790m mutation positive non-small cell lung carcinoma	1	modified_disease	40	0
DISEASE	egfr-expressing metastatic colorectal carcinoma	0	corrected_overlay	17	0
DISEASE	ehlers-danlos syndrome	1	standard	43	0
DISEASE	eiken syndrome	0	MONDO	29	0
DISEASE	eisenmenger syndrome	1	standard	51	0
DISEASE	electrolyte imbalance	0	standard	18	0
DISEASE	elephantiasis	1	standard	18	0
DISEASE	embolism	1	standard	22	0
DISEASE	embolism, tumor	0	standard	12	0
DISEASE	embryonal carcinoma	1	standard	56	0
DISEASE	embryonal rhabdomyosarcoma	0	MONDO	23	0
DISEASE	emotional stress	0	standard	5	0
DISEASE	emphysema	1	standard	9	0
DISEASE	emphysematous bronchitis	1	standard	8	0
DISEASE	empyema	1	standard	10	0
DISEASE	empyema, pleural	0	standard	6	0
DISEASE	encephalitis, herpes simplex	1	standard	87	0
DISEASE	encephalocraniocutaneous lipomatosis	0	MONDO	21	0
DISEASE	encephalopathy, axonal, with necrotizing myopathy, cardiomyopathy, and cataracts	1	HPO	28	0
DISEASE	end stage renal failure	1	standard	52	0
DISEASE	endocardial fibroelastosis	0	MONDO	9	0
DISEASE	endocarditis	1	standard	41	0
DISEASE	endocervicitis	1	standard	4	0
DISEASE	endocrine exophthalmos	0	standard	30	0
DISEASE	endogenous anterior uveitis	0	corrected_overlay	26	0
DISEASE	endogenous depression	1	standard	26	0
DISEASE	endometrial cancer	1	standard	35	0
DISEASE	endometrial carcinoma	1	standard	35	0
DISEASE	endometrial disorder	1	standard	18	0
DISEASE	endometrial hyperplasia	1	standard	36	0
DISEASE	endometrial hyperplasia without atypia	1	standard	12	0
DISEASE	endometriosis	1	standard	29	0
DISEASE	endometriosis, susceptibility to, 1	1	MONDO	21	0
DISEASE	endometritis	1	standard	18	0
DISEASE	endomyometritis	1	standard	18	0
DISEASE	enteritis	1	standard	8	0
DISEASE	enterobacter cloacae infection	0	corrected_overlay	14	0
DISEASE	enterobacteriaceae infections	0	standard	7	0
DISEASE	enterobiasis	1	standard	29	0
DISEASE	enterococcal infection	0	corrected_overlay	9	0
DISEASE	enterococcus faecalis infection	0	standard	49	0
DISEASE	enterocolitis	1	standard	21	0
DISEASE	enteropathy, familial, with villous edema and immunoglobulin g2 deficiency	1	MedGen	89	0
DISEASE	enthesitis-related juvenile idiopathic arthritis	1	modified_disease	82	0
DISEASE	enuresis, nocturnal, 1	0	MONDO	22	0
DISEASE	envenomation caused by bites from eastern coral snakes (micrurus fulvius fulvius)	0	modified_disease	50	0
DISEASE	envenomation caused by bites from texas coral snakes (micrurus fulvius tenere)	0	modified_disease	50	0
DISEASE	eosinophil peroxidase deficiency	0	MONDO	20	0
DISEASE	eosinophilia	1	standard	10	0
DISEASE	eosinophilic esophagitis	1	standard	49	0
DISEASE	eosinophilic granulomatosis with polyangiitis	1	standard	29	0
DISEASE	eosinophilic granulomatosis with polyangiitis (egpa)	1	alias_disease	26	0
DISEASE	ependymoma	1	standard	93	0
DISEASE	epicondylitis	1	standard	5	0
DISEASE	epidermal burn of skin	0	corrected_overlay	10	0
DISEASE	epidermolysis bullosa dystrophica	1	standard	57	0
DISEASE	epidermolytic hyperkeratosis 1	1	MedGen	114	0
DISEASE	epididymitis	1	standard	45	0
DISEASE	epiglottis cancer	0	standard	16	0
DISEASE	epilepsies, myoclonic	0	standard	36	0
DISEASE	epilepsy	1	standard	77	0
DISEASE	epilepsy with generalized tonic-clonic seizures	1	standard	4	0
DISEASE	epilepsy, absence	0	standard	84	0
DISEASE	epilepsy, akinetic	0	standard	46	0
DISEASE	epilepsy, childhood absence, susceptibility to, 1	1	MONDO	38	0
DISEASE	epilepsy, early-onset, vitamin b6-dependent	1	modified_disease	48	0
DISEASE	epilepsy, idiopathic generalized, susceptibility to, 11	0	MONDO	24	0
DISEASE	epilepsy, idiopathic generalized, susceptibility to, 7	1	MONDO	38	0
DISEASE	epilepsy, idiopathic generalized, susceptibility to, 9	0	MONDO	17	0
DISEASE	epilepsy, juvenile absence, susceptibility to, 1	1	MONDO	38	0
DISEASE	epilepsy, x-linked 1, with variable learning disabilities and behavior disorders	0	MONDO	54	0
DISEASE	epiphora due to excess lacrimation	1	modified_disease	26	0
DISEASE	epiphysiolysis	1	standard	11	0
DISEASE	episcleritis	1	standard	110	0
DISEASE	episodic ataxia type 1	0	MONDO	18	0
DISEASE	episodic ataxia type 2	0	MONDO	22	0
DISEASE	episodic migraine	0	corrected_overlay	13	0
DISEASE	epistaxis	1	standard	4	0
DISEASE	epithelial keratitis	1	standard	34	0
DISEASE	epithelial ovarian cancer	1	standard	54	0
DISEASE	epithelioid sarcoma	1	standard	15	0
DISEASE	epstein-barr virus-positive diffuse large b-cell lymphoma (ebv+ dlbcl) not otherwise specified (nos)	1	modified_disease	39	0
DISEASE	equinus deformity	0	standard	5	0
DISEASE	erbb2 overexpression	1	standard	12	0
DISEASE	erectile dysfunction	1	standard	16	0
DISEASE	erectile dysfunction, ctcae	0	standard	19	0
DISEASE	erosive esophagitis	1	standard	10	0
DISEASE	erosive or ulcerative gastroesophageal reflux disease	1	standard	41	0
DISEASE	erysipelas	1	standard	43	0
DISEASE	erysipeloid	1	standard	59	0
DISEASE	erythema migrans	0	standard	24	0
DISEASE	erythema multiforme	1	standard	32	0
DISEASE	erythema nodosum leprosum	1	standard	33	0
DISEASE	erythrasma	1	standard	14	0
DISEASE	erythroderma	1	standard	59	0
DISEASE	erythrodermic psoriasis	0	corrected_overlay	12	0
DISEASE	erythroleukemia	1	standard	21	0
DISEASE	erythropoietic protoporphyria	1	standard	51	0
DISEASE	escherichia coli infection	1	standard	8	0
DISEASE	escherichia coli infections	1	standard	8	0
DISEASE	escherichia coli meningitis	1	standard	75	0
DISEASE	esophageal adenocarcinoma	1	standard	64	0
DISEASE	esophageal atresia	1	standard	26	0
DISEASE	esophageal cancer	1	standard	6	0
DISEASE	esophageal candidiasis	1	standard	4	0
DISEASE	esophageal erosions	0	standard	12	0
DISEASE	esophageal squamous cell carcinoma	1	standard	44	0
DISEASE	esophageal stricture	1	standard	12	0
DISEASE	esophageal varices	1	standard	34	0
DISEASE	esophageal varices with bleeding	0	standard	4	0
DISEASE	esophagitis	1	standard	13	0
DISEASE	esophagitis, peptic	0	standard	20	0
DISEASE	esotropia	1	standard	43	0
DISEASE	essential fatty acid deficiency	0	corrected_overlay	16	0
DISEASE	essential hypertension	1	standard	27	0
DISEASE	essential hypertension, genetic	0	MONDO	15	0
DISEASE	essential thrombocythemia	1	standard	18	0
DISEASE	essential tremor	1	standard	55	0
DISEASE	estrogen-receptor positive breast cancer	1	modified_disease	22	0
DISEASE	ethanol consumption	0	corrected_overlay	24	0
DISEASE	ethylene glycol poisoning	0	standard	66	0
DISEASE	ethylmalonic encephalopathy	0	MONDO	36	0
DISEASE	ewing sarcoma	1	standard	37	0
DISEASE	ewing's sarcoma	1	standard	37	0
DISEASE	exacerbations of chronic psychosis	1	modified_disease	39	0
DISEASE	exanthem	1	standard	52	0
DISEASE	exanthema	1	standard	52	0
DISEASE	excess lmw-dna	0	corrected_overlay	23	0
DISEASE	excess stomach acid	0	corrected_overlay	26	0
DISEASE	excessive bleeding results from heparin use	0	corrected_overlay	20	0
DISEASE	exercise-induced anaphylaxis	1	standard	54	0
DISEASE	exercise-induced angina	1	standard	30	0
DISEASE	exercise-induced bronchoconstriction	1	standard	16	0
DISEASE	exercise-induced bronchospasm	1	standard	57	0
DISEASE	exfoliation syndrome, susceptibility to	0	MONDO	9	0
DISEASE	exfoliative dermatitis	1	standard	59	0
DISEASE	exocrine pancreatic insufficiency	1	standard	39	0
DISEASE	exogenous obesity	0	standard	9	0
DISEASE	exostoses-anetodermia-brachydactyly type e syndrome	0	MONDO	44	0
DISEASE	exposure keratitis	1	standard	11	0
DISEASE	extensive-stage small cell lung cancer (es-sclc)	1	modified_disease	26	0
DISEASE	extensively drug-resistant tuberculosis	1	modified_disease	71	0
DISEASE	extensively-drug resistant tuberculosis	1	modified_disease	71	0
DISEASE	external eye infections	1	standard	30	0
DISEASE	extragonadal germ cell tumor	1	standard	23	0
DISEASE	extrahepatic cholestasis	1	standard	20	0
DISEASE	extraintestinal amebiasis	1	standard	35	0
DISEASE	extrapulmonary tuberculosis	1	standard	8	0
DISEASE	extrapyramidal and movement disease	1	standard	20	0
DISEASE	extrapyramidal disorders	0	standard	45	0
DISEASE	extravasation of chemotherapeutic agent	1	standard	60	0
DISEASE	extravascular hemolysis	0	standard	19	0
DISEASE	extrinsic allergic alveolitis	1	standard	36	0
DISEASE	eye adnexa disorder	0	standard	6	0
DISEASE	eye disorder	1	standard	4	0
DISEASE	eye infection	1	standard	29	0
DISEASE	eye infections	1	standard	29	0
DISEASE	eye infections, bacterial	0	standard	30	0
DISEASE	eye irritations	0	corrected_overlay	16	0
DISEASE	eye redness	0	standard	18	0
DISEASE	eyelid disorder	1	standard	5	0
DISEASE	fabry disease	1	standard	41	0
DISEASE	fabry's disease	1	standard	41	0
DISEASE	facial acne vulgaris	1	standard	19	0
DISEASE	facial angiofibroma associated with tuberous sclerosis complex	1	curated_standard_definition	35	0
DISEASE	facial hirsutism	0	corrected_overlay	23	0
DISEASE	facioscapulohumeral muscular dystrophy 1	0	MONDO	19	0
DISEASE	facioscapulohumeral muscular dystrophy 2	0	MONDO	18	0
DISEASE	factor v and factor viii, combined deficiency of, type 1	0	MONDO	23	0
DISEASE	factor vii and factor viii, combined deficiency of	1	MedGen	16	0
DISEASE	factor viii and factor ix, combined deficiency of	1	NCI Thesaurus	12	0
DISEASE	factor xiii deficiency	1	standard	24	0
DISEASE	factors viii, ix and xi, combined deficiency of	1	MedGen	12	0
DISEASE	fadd-related immunodeficiency	0	MONDO	89	0
DISEASE	falciparum malaria	1	standard	7	0
DISEASE	fallopian tube cancer	1	standard	35	0
DISEASE	fallopian tube carcinoma	1	standard	11	0
DISEASE	familial acute necrotizing encephalopathy	0	MONDO	23	0
DISEASE	familial adenomatous polyposis 1	0	MONDO	40	0
DISEASE	familial adenomatous polyposis 2	0	MONDO	28	0
DISEASE	familial amyloid neuropathy	1	modified_disease	23	0
DISEASE	familial antiphospholipid syndrome	0	MONDO	6	0
DISEASE	familial apolipoprotein c-ii deficiency	1	MONDO	15	0
DISEASE	familial atrial myxoma	1	MONDO	14	0
DISEASE	familial caudal dysgenesis	0	MONDO	86	0
DISEASE	familial chylomicronemia	1	modified_disease	23	0
DISEASE	familial chylomicronemia syndrome	1	modified_disease	71	0
DISEASE	familial cold auto-inflammatory syndrome (fcas)	0	corrected_overlay	21	0
DISEASE	familial cold autoinflammatory syndrome	1	modified_disease	29	0
DISEASE	familial digital arthropathy-brachydactyly	0	MONDO	42	0
DISEASE	familial dupuytren contracture	1	modified_disease	79	0
DISEASE	familial gestational hyperthyroidism	1	MONDO	14	0
DISEASE	familial hypercholesterolemia	1	modified_disease	29	0
DISEASE	familial hypercholesterolemia - heterozygous	0	corrected_overlay	29	0
DISEASE	familial hyperlipidaemia	1	modified_disease	14	0
DISEASE	familial hyperlipidemia	1	modified_disease	38	0
DISEASE	familial hyperprolactinemia	0	MONDO	74	0
DISEASE	familial hypobetalipoproteinemia 1	0	MONDO	16	0
DISEASE	familial hypobetalipoproteinemia 2	0	MONDO	16	0
DISEASE	familial hypophosphatemia	1	modified_disease	72	0
DISEASE	familial idiopathic inflammatory myopathy	0	MONDO	20	0
DISEASE	familial infantile myoclonic epilepsy	0	MONDO	33	0
DISEASE	familial isolated deficiency of vitamin e	0	MONDO	38	0
DISEASE	familial isolated hypoparathyroidism due to agenesis of parathyroid gland	1	MedGen	135	0
DISEASE	familial lipoprotein lipase deficiency	1	modified_disease	25	0
DISEASE	familial male-limited precocious puberty	0	MONDO	35	0
DISEASE	familial mediterranean fever	1	modified_disease	41	0
DISEASE	familial meningioma	0	MONDO	11	0
DISEASE	familial or sporadic hemiplegic migraine	1	modified_disease	53	0
DISEASE	familial pancreatic carcinoma	1	MedGen	52	0
DISEASE	familial partial lipodystrophy, dunnigan type	1	MedGen	302	0
DISEASE	familial pityriasis rubra pilaris	0	MONDO	42	0
DISEASE	familial porphyria cutanea tarda	0	MONDO	31	0
DISEASE	familial renal glucosuria	1	MedGen	48	0
DISEASE	familial spontaneous pneumothorax	0	MONDO	87	0
DISEASE	familial steroid-resistant nephrotic syndrome with sensorineural deafness	1	MONDO	18	0
DISEASE	familial visceral amyloidosis	1	MONDO	14	0
DISEASE	fanconi anemia complementation group a	1	MedGen	135	0
DISEASE	fanconi renotubular syndrome 1	1	MedGen	164	0
DISEASE	fanconi renotubular syndrome 2	0	MONDO	17	0
DISEASE	fanconi renotubular syndrome 3	0	MONDO	17	0
DISEASE	farber lipogranulomatosis	0	MONDO	43	0
DISEASE	fascioliasis	1	standard	16	0
DISEASE	fatal familial insomnia	0	MONDO	30	0
DISEASE	fatty liver disease	0	standard	19	0
DISEASE	febrile neutropenia	1	standard	11	0
DISEASE	febrile seizures	0	standard	115	0
DISEASE	febrile seizures, familial, 8	0	MONDO	50	0
DISEASE	felty syndrome	0	MONDO	28	0
DISEASE	female breast cancer	1	standard	19	0
DISEASE	female breast carcinoma	1	standard	19	0
DISEASE	female hypogonadism	0	standard	10	0
DISEASE	female infertility	1	standard	10	0
DISEASE	female pelvic infections	0	corrected_overlay	13	0
DISEASE	female pelvis infections	0	corrected_overlay	13	0
DISEASE	female sexual dysfunction	0	standard	23	0
DISEASE	female stress incontinence	1	standard	37	0
DISEASE	fetal cytomegalovirus syndrome	1	modified_disease	27	0
DISEASE	fetal growth restriction	1	modified_disease	15	0
DISEASE	fever	1	standard	14	0
DISEASE	fibrocystic breast disease	1	standard	46	0
DISEASE	fibrocystic disease of pancreas	0	standard	67	0
DISEASE	fibrodysplasia ossificans progressiva	1	standard	12	0
DISEASE	fibromatosis	1	standard	10	0
DISEASE	fibromyalgia	1	standard	93	0
DISEASE	filippi syndrome	0	MONDO	59	0
DISEASE	fine wrinkles on face	0	corrected_overlay	12	0
DISEASE	fissured tongue	0	Disease Ontology	6	0
DISEASE	fluorouracil overdose	1	standard	70	0
DISEASE	flushing of ears and somnolence	0	corrected_overlay	23	0
DISEASE	focal eeg discharges with secondary generalization	0	standard	18	0
DISEASE	focal epilepsy	1	standard	93	0
DISEASE	focal segmental glomerulosclerosis	1	standard	52	0
DISEASE	focal segmental glomerulosclerosis 1	1	MedGen	461	0
DISEASE	focal segmental glomerulosclerosis 2	0	MONDO	18	0
DISEASE	focal segmental glomerulosclerosis 3, susceptibility to	0	MONDO	18	0
DISEASE	focal segmental glomerulosclerosis 5	0	MONDO	18	0
DISEASE	focal segmental glomerulosclerosis 6	0	MONDO	18	0
DISEASE	folic acid deficiency	0	standard	98	0
DISEASE	folic acid deficiency anemia	0	standard	31	0
DISEASE	folic acid overdose	0	corrected_overlay	11	0
DISEASE	follicular b-cell non-hodgkin lymphoma (fl)	0	alias_disease	16	0
DISEASE	follicular cd20-positive b-cell non-hodgkin's lymphoma (nhl)	1	modified_disease	15	0
DISEASE	follicular lymphoma	1	standard	41	0
DISEASE	follicular lymphoma refractory	0	corrected_overlay	19	0
DISEASE	follicular thyroid carcinoma	1	standard	21	0
DISEASE	folliculitis	1	standard	6	0
DISEASE	food allergy	1	standard	14	0
DISEASE	food-induced anaphylaxis	0	standard	19	0
DISEASE	formiminoglutamic aciduria	0	MONDO	52	0
DISEASE	foxg1 disorder	0	MONDO	81	0
DISEASE	fractured tibia	0	corrected_overlay	11	0
DISEASE	fractured vertebra	1	standard	58	0
DISEASE	fragile x syndrome	0	MONDO	42	0
DISEASE	fragile x-associated tremor/ataxia syndrome	0	MONDO	19	0
DISEASE	frank-ter haar syndrome	0	MONDO	25	0
DISEASE	fraxe intellectual disability	1	MedGen	76	0
DISEASE	freckles	0	standard	11	0
DISEASE	fredrickson type i lipidaemia	0	corrected_overlay	16	0
DISEASE	fredrickson type iii lipidaemia	0	corrected_overlay	8	0
DISEASE	freeman-sheldon syndrome	0	MONDO	34	0
DISEASE	friedreich ataxia	1	standard	134	0
DISEASE	friedreich ataxia 1	0	MONDO	17	0
DISEASE	frontal balding	0	standard	10	0
DISEASE	frontotemporal dementia and/or amyotrophic lateral sclerosis 1	0	MONDO	21	0
DISEASE	frontotemporal dementia and/or amyotrophic lateral sclerosis 6	0	MONDO	18	0
DISEASE	frontotemporal dementia and/or amyotrophic lateral sclerosis 7	0	MONDO	18	0
DISEASE	frostbite	1	standard	10	0
DISEASE	fucosidosis	0	MONDO	37	0
DISEASE	fuhrmann syndrome	0	MONDO	21	0
DISEASE	full thickness burn	1	standard	22	0
DISEASE	fumaric aciduria	0	MONDO	45	0
DISEASE	functional asplenia	1	standard	26	0
DISEASE	functional constipation	1	standard	9	0
DISEASE	functional diarrhea	1	standard	14	0
DISEASE	functional gastric disease	1	standard	22	0
DISEASE	functional hemorrhages and menorrhagia of fibroids	1	standard	12	0
DISEASE	fungal blepharitis	0	corrected_overlay	22	0
DISEASE	fungal endophthalmitis	0	standard	14	0
DISEASE	fungal infection of eye	0	standard	50	0
DISEASE	fungal infections	0	standard	4	0
DISEASE	fungal keratitis	0	standard	4	0
DISEASE	fungal meningitis	1	standard	16	0
DISEASE	fungal skin infections	1	standard	50	0
DISEASE	fungemia	1	standard	34	0
DISEASE	furuncle	0	corrected_overlay	19	0
DISEASE	furunculosis	1	standard	33	0
DISEASE	fusariosis	1	standard	42	0
DISEASE	fusarium infections	0	standard	42	0
DISEASE	fusarium solani keratitis	1	standard	11	0
DISEASE	fusospirochetosis	0	corrected_overlay	25	0
DISEASE	galactokinase deficiency	0	MONDO	36	0
DISEASE	galactorrhea	1	standard	32	0
DISEASE	galactosialidosis	0	MONDO	37	0
DISEASE	gallbladder disease 1	0	MONDO	24	0
DISEASE	gallbladder disorder	1	standard	6	0
DISEASE	gallstones	1	standard	30	0
DISEASE	gamma-glutamyl transpeptidase deficiency	0	MONDO	14	0
DISEASE	gamma-glutamylcysteine synthetase deficiency	0	MONDO	22	0
DISEASE	gamstorp-wohlfart syndrome	1	MedGen	82	0
DISEASE	ganglion or cyst of synovium/tendon/bursa	1	modified_disease	30	0
DISEASE	gardnerella vaginitis	0	corrected_overlay	20	0
DISEASE	gas gangrene	1	standard	54	0
DISEASE	gastric adenocarcinoma	1	standard	11	0
DISEASE	gastric cancer	1	standard	6	0
DISEASE	gastric mucosa-associated lymphoid tissue lymphoma	1	standard	50	0
DISEASE	gastric ulcer	1	standard	26	0
DISEASE	gastrinoma	1	standard	72	0
DISEASE	gastritis	1	standard	14	0
DISEASE	gastroenteritis	1	standard	25	0
DISEASE	gastroesophageal cancer	1	standard	15	0
DISEASE	gastroesophageal junction adenocarcinoma	1	standard	12	0
DISEASE	gastroesophageal junction cancer	1	standard	15	0
DISEASE	gastroesophageal reflux	1	standard	27	0
DISEASE	gastroesophageal reflux disease	1	standard	27	0
DISEASE	gastrointestinal bleeding	0	standard	35	0
DISEASE	gastrointestinal candidiasis	0	corrected_overlay	24	0
DISEASE	gastrointestinal hemorrhage	1	standard	12	0
DISEASE	gastrointestinal infections	0	corrected_overlay	9	0
DISEASE	gastrointestinal smooth muscle spasms	0	corrected_overlay	15	0
DISEASE	gastrointestinal stromal tumor	1	standard	22	0
DISEASE	gastrointestinal toxicity	0	standard	8	0
DISEASE	gastroparesis	1	standard	28	0
DISEASE	gastroparesis due to diabetes mellitus	1	modified_disease	28	0
DISEASE	gaucher disease	1	standard	61	0
DISEASE	gaucher disease perinatal lethal	1	MedGen	192	0
DISEASE	gaucher disease type i	0	standard	20	0
DISEASE	gaucher disease type ii	1	MedGen	192	0
DISEASE	gaucher disease type iii	1	MedGen	192	0
DISEASE	gaucher's disease type 1	1	modified_disease	34	0
DISEASE	gaucher's disease type 3	1	modified_disease	34	0
DISEASE	generalized anxiety disorder	1	standard	22	0
DISEASE	generalized edema	1	standard	16	0
DISEASE	generalized epilepsy	1	standard	46	0
DISEASE	generalized epilepsy-paroxysmal dyskinesia syndrome	0	MONDO	64	0
DISEASE	generalized myasthenia gravis	0	standard	75	0
DISEASE	generalized non-psychotic anxiety	1	standard	38	0
DISEASE	generalized pustular psoriasis	1	standard	94	0
DISEASE	generalized pustular psoriasis (gpp) flares	1	standard	94	0
DISEASE	generalized-onset seizure	0	corrected_overlay	18	0
DISEASE	genital herpes	1	standard	16	0
DISEASE	genital herpes simplex	1	standard	16	0
DISEASE	genital prolapse	0	standard	49	0
DISEASE	genital warts	1	standard	13	0
DISEASE	genitopatellar syndrome	0	MONDO	49	0
DISEASE	genitourinary tract infections and inflammations nec	1	standard	9	0
DISEASE	genotype 1 chronic hepatitis c virus (hcv) infection	1	modified_disease	22	0
DISEASE	genotype 4 chronic hepatitis c virus (hcv) infection without cirrhosis	1	modified_disease	22	0
DISEASE	geographic atrophy	0	standard	46	0
DISEASE	germ cell testicular cancer	1	standard	42	0
DISEASE	germ cell tumor	1	standard	38	0
DISEASE	germinoma	1	standard	51	0
DISEASE	gerstmann-straussler-scheinker syndrome	0	MONDO	60	0
DISEASE	gestational choriocarcinoma	1	standard	25	0
DISEASE	gestational diabetes mellitus	1	standard	45	0
DISEASE	gestational edema	0	corrected_overlay	13	0
DISEASE	gestational trophoblastic neoplasia	1	standard	49	0
DISEASE	gestational trophoblastic neoplasm	1	standard	49	0
DISEASE	giant axonal neuropathy 1	0	MONDO	23	0
DISEASE	giant axonal neuropathy 2	0	MONDO	18	0
DISEASE	giant cell arteritis	1	standard	70	0
DISEASE	giant cell glioblastoma	1	standard	58	0
DISEASE	giant cell tumors of the tendon sheath	1	standard	45	0
DISEASE	giant follicular lymphoma	0	standard	41	0
DISEASE	giardiasis	1	standard	25	0
DISEASE	gigantism	1	standard	55	0
DISEASE	gilbert syndrome	0	MONDO	14	0
DISEASE	gilles de la tourette's syndrome	0	standard	92	0
DISEASE	gingival bleeding	0	corrected_overlay	11	0
DISEASE	gingival fibromatosis-progressive deafness syndrome	0	MONDO	55	0
DISEASE	gingivitis	1	standard	10	0
DISEASE	gitelman syndrome	0	MONDO	25	0
DISEASE	glanzmann's thrombasthenia	1	standard	19	0
DISEASE	glaucoma	1	standard	92	0
DISEASE	glaucoma 1, open angle, a	0	MONDO	17	0
DISEASE	glaucoma 3a	0	MONDO	18	0
DISEASE	glaucoma type 1c	1	MedGen	11	0
DISEASE	glioblastoma	1	standard	58	0
DISEASE	glioblastoma multiforme (gbm)	1	alias_disease	91	0
DISEASE	glioma	1	standard	63	0
DISEASE	glioma susceptibility 1	1	MONDO	8	0
DISEASE	glioma susceptibility 4	1	MedGen	11	0
DISEASE	glioma, malignant	1	standard	63	0
DISEASE	glomerulations	0	standard	6	0
DISEASE	glossopharyngeal neuralgia	1	standard	105	0
DISEASE	glucocorticoid-induced osteoporosis	1	standard	36	0
DISEASE	glucose intolerance	1	standard	52	0
DISEASE	glucosylceramide beta-glucosidase deficiency	1	standard	61	0
DISEASE	glutaric acidemia type 3	0	MONDO	38	0
DISEASE	glutathione synthetase deficiency without 5-oxoprolinuria	1	Disease Ontology	52	0
DISEASE	glycine encephalopathy 1	1	MONDO	14	0
DISEASE	glycogen storage disease due to glut2 deficiency	1	MedGen	131	0
DISEASE	glycogen storage disease ib	0	MONDO	20	0
DISEASE	glycogen storage disease ii	1	standard	96	0
DISEASE	glycogen storage disease iii	0	MONDO	27	0
DISEASE	glycogen storage disease ixa1	0	MONDO	26	0
DISEASE	glycogen storage disease ixb	0	MONDO	32	0
DISEASE	glycogen storage disease ixc	0	MONDO	11	0
DISEASE	glycogen storage disease ixd	0	MONDO	24	0
DISEASE	glycogen storage disease v	0	MONDO	23	0
DISEASE	glycogen storage disease vi	0	MONDO	23	0
DISEASE	glycogen storage disease vii	0	MONDO	33	0
DISEASE	glycogen storage disease xv	0	MONDO	42	0
DISEASE	gnathodiaphyseal dysplasia	0	MONDO	49	0
DISEASE	gnptg-mucolipidosis	0	MONDO	94	0
DISEASE	goiter	1	standard	47	0
DISEASE	goiter, endemic	0	standard	43	0
DISEASE	goiter, multinodular 1, with or without sertoli-leydig cell tumors	0	MONDO	17	0
DISEASE	goitrogenesis	0	corrected_overlay	21	0
DISEASE	gold poisoning	0	corrected_overlay	8	0
DISEASE	goldberg-shprintzen syndrome	0	MONDO	49	0
DISEASE	gonadotropin deficiency	1	standard	53	0
DISEASE	gonococcal bursitis	1	standard	8	0
DISEASE	gonococcal cervicitis	0	standard	8	0
DISEASE	gonococcal epididymitis	1	standard	45	0
DISEASE	gonococcal salpingitis	1	standard	8	0
DISEASE	gonococcal urethritis	1	standard	17	0
DISEASE	gonorrhea	1	standard	22	0
DISEASE	gonorrhea of pharynx	1	standard	65	0
DISEASE	gonorrhea of rectum	1	standard	65	0
DISEASE	gordon syndrome	0	MONDO	75	0
DISEASE	gorham-stout disease	1	standard	29	0
DISEASE	gout	1	standard	25	0
DISEASE	gout flares	1	curated_standard_definition	29	0
DISEASE	gouty arthritis	1	standard	51	0
DISEASE	grade 3b follicular lymphoma	0	standard	11	0
DISEASE	graft failure	0	standard	20	0
DISEASE	graft versus host disease	1	standard	25	0
DISEASE	gram-negative bacteraemia	0	corrected_overlay	25	0
DISEASE	gram-negative sepsis	0	corrected_overlay	24	0
DISEASE	gram-positive bacterial infections	1	modified_disease	41	0
DISEASE	grand mal seizures	1	standard	39	0
DISEASE	granular corneal dystrophy type ii	1	MedGen	30	0
DISEASE	granuloma annulare	1	standard	31	0
DISEASE	granuloma inguinale	1	standard	31	0
DISEASE	granulomatosis with polyangiitis	1	standard	48	0
DISEASE	granulomatosis with polyangiitis (gpa)	1	alias_disease	19	0
DISEASE	grass allergy	1	standard	11	0
DISEASE	graves disease	1	standard	54	0
DISEASE	graves disease, susceptibility to, 1	1	MONDO	71	0
DISEASE	graves disease, susceptibility to, 2	1	MedGen	13	0
DISEASE	graves' disease	1	standard	54	0
DISEASE	greenberg dysplasia	0	MONDO	32	0
DISEASE	greig cephalopolysyndactyly syndrome	0	MONDO	11	0
DISEASE	group a streptococcal infections	1	modified_disease	22	0
DISEASE	growth and developmental delay-hypotonia-vision impairment-lactic acidosis syndrome	0	MONDO	19	0
DISEASE	growth factor deficiency	0	corrected_overlay	10	0
DISEASE	growth failure	0	standard	10	0
DISEASE	growth failure due to being born small for gestational age (sga)	1	modified_disease	26	0
DISEASE	growth failure due to chronic kidney disease (ckd)	1	modified_disease	29	0
DISEASE	growth failure due to growth hormone deficiency (ghd)	1	modified_disease	19	0
DISEASE	growth failure due to idiopathic short stature (iss)	1	modified_disease	23	0
DISEASE	growth failure due to prader-willi syndrome (pws)	1	modified_disease	53	0
DISEASE	growth failure due to shox deficiency	1	modified_disease	52	0
DISEASE	growth failure due to turner syndrome (ts)	1	modified_disease	22	0
DISEASE	growth failure of unknown etiology	0	standard	32	0
DISEASE	growth hormone deficiency	0	standard	5	0
DISEASE	growth hormone gene deletion	1	standard	30	0
DISEASE	growth hormone secreting pituitary adenoma 1	1	MedGen	56	0
DISEASE	grubben-de cock-borghgraef syndrome	0	MONDO	65	0
DISEASE	guillain-barre syndrome	1	standard	77	0
DISEASE	guillain-barre syndrome, familial	0	MONDO	79	0
DISEASE	gynaecological infection	0	corrected_overlay	13	0
DISEASE	h5n1 influenza	1	modified_disease	22	0
DISEASE	haemolytic reaction	0	corrected_overlay	23	0
DISEASE	haemophilus acute exacerbation of chronic bronchitis	1	modified_disease	41	0
DISEASE	haemophilus infectious disease	0	standard	7	0
DISEASE	haemophilus influenzae	1	standard	26	0
DISEASE	haemophilus influenzae type b	0	standard	23	0
DISEASE	haemophilus meningitis	1	modified_disease	46	0
DISEASE	haemophilus parainfluenzae infection	0	corrected_overlay	12	0
DISEASE	hailey-hailey disease	0	MONDO	21	0
DISEASE	haim-munk syndrome	0	MONDO	17	0
DISEASE	hairy cell leukemia	1	standard	47	0
DISEASE	hallucination	1	standard	30	0
DISEASE	hallucinosis	0	standard	18	0
DISEASE	hashimoto thyroiditis	1	standard	15	0
DISEASE	haverhill fever	1	standard	27	0
DISEASE	hay fever	1	standard	30	0
DISEASE	hbeag negative chronic hepatitis b infection	1	modified_disease	16	0
DISEASE	hbeag positive chronic hepatitis b infection	1	modified_disease	16	0
DISEASE	head and neck cancer	1	standard	56	0
DISEASE	head and neck neoplasms	0	standard	56	0
DISEASE	head and neck squamous cell carcinoma	1	standard	26	0
DISEASE	head injury	1	standard	39	0
DISEASE	headache	1	standard	11	0
DISEASE	headache disorder	1	standard	45	0
DISEASE	headache disorders	0	standard	45	0
DISEASE	headaches	1	standard	24	0
DISEASE	hearing loss, x-linked 1	1	MONDO	15	0
DISEASE	hearing loss, x-linked 4	0	MONDO	18	0
DISEASE	heart block	1	standard	16	0
DISEASE	heart disorder	1	standard	11	0
DISEASE	heart failure	1	standard	63	0
DISEASE	heart failure post myocardial infarction	1	standard	21	0
DISEASE	heart failure with left ventricular ejection fraction at least 40 percent	1	curated_standard_definition	41	0
DISEASE	heart failure with reduced ejection fraction	1	standard	14	0
DISEASE	heart valve disorder	1	standard	6	0
DISEASE	heartburn	1	standard	15	0
DISEASE	heavy menstrual bleeding associated with uterine fibroids	0	modified_disease	43	0
DISEASE	heavy metal poisoning	1	standard	46	0
DISEASE	heinz body anemia	0	standard	40	0
DISEASE	helicobacter pylori	1	standard	84	0
DISEASE	helicobacter pylori gastritis	1	standard	47	0
DISEASE	helicobacter pylori infection	0	standard	24	0
DISEASE	helicobacter pylori infection, susceptibility to	1	HPO	29	0
DISEASE	helicobacter pylori infectious disease	0	standard	47	0
DISEASE	helicobacter pylori-associated gastritis	0	standard	10	0
DISEASE	helminthiasis	1	standard	8	0
DISEASE	helminthiasis in cats	0	corrected_overlay	25	0
DISEASE	helminthiasis in cattle	0	corrected_overlay	23	0
DISEASE	heloma	0	standard	36	0
DISEASE	hemangioma	1	standard	44	0
DISEASE	hemarthrosis	1	standard	15	0
DISEASE	hematologic disorder	1	standard	6	0
DISEASE	hematoma	1	standard	18	0
DISEASE	hematopoietic subsyndrome of acute radiation syndrome	0	manual_modified_disease	20	0
DISEASE	heme oxygenase 1 deficiency	1	MONDO	15	0
DISEASE	hemochromatosis	1	standard	45	0
DISEASE	hemodialysis clotting	1	standard	36	0
DISEASE	hemofiltration clotting	1	standard	37	0
DISEASE	hemolysis	1	standard	19	0
DISEASE	hemolytic anemia	1	standard	21	0
DISEASE	hemolytic anemia due to pyrimidine 5' nucleotidase deficiency	0	MONDO	69	0
DISEASE	hemolytic anemia due to sickle cell disease	1	modified_disease	47	0
DISEASE	hemophagocytic lymphohistiocytosis or macrophage activation syndrome in still disease	1	curated_composite_definition	36	0
DISEASE	hemophagocytic syndrome	1	standard	19	0
DISEASE	hemophilia	1	standard	25	0
DISEASE	hemophilia a	1	standard	25	0
DISEASE	hemophilia b	1	standard	87	0
DISEASE	hemophilic arthropathy	0	standard	16	0
DISEASE	hemophilus influenza infection	0	standard	10	0
DISEASE	hemorrhage	1	standard	8	0
DISEASE	hemorrhage of the uterus following delivery of the placenta	1	standard	11	0
DISEASE	hemorrhagic cystitis	1	standard	48	0
DISEASE	hemorrhagic disease	0	standard	28	0
DISEASE	hemorrhagic disease of newborn	1	standard	6	0
DISEASE	hemorrhoid	1	standard	49	0
DISEASE	hemorrhoids	1	standard	49	0
DISEASE	heparin overdosage	1	standard	52	0
DISEASE	heparin overdose	1	standard	52	0
DISEASE	heparin-induced thrombocytopenia	1	standard	17	0
DISEASE	heparin-induced thrombocytopenia with thrombosis	1	standard	17	0
DISEASE	hepatic coma	1	standard	72	0
DISEASE	hepatic encephalopathy	1	standard	72	0
DISEASE	hepatic impairment	1	standard	72	0
DISEASE	hepatic injury	0	corrected_overlay	14	0
DISEASE	hepatic veno-occlusive disease	1	standard	41	0
DISEASE	hepatic veno-occlusive disease-immunodeficiency syndrome	1	standard	31	0
DISEASE	hepatitis (viral a)	0	corrected_overlay	13	0
DISEASE	hepatitis (viral b)	0	corrected_overlay	13	0
DISEASE	hepatitis (viral c)	0	corrected_overlay	13	0
DISEASE	hepatitis (viral d)	0	corrected_overlay	13	0
DISEASE	hepatitis a	1	standard	29	0
DISEASE	hepatitis b	1	standard	44	0
DISEASE	hepatitis b virus, susceptibility to	1	MONDO	16	0
DISEASE	hepatitis c	1	standard	55	0
DISEASE	hepatitis c induced liver cirrhosis	1	modified_disease	23	0
DISEASE	hepatitis d	1	standard	85	0
DISEASE	hepatocellular carcinoma (hcc)	1	alias_disease	175	0
DISEASE	hepatolenticular degeneration	1	standard	71	0
DISEASE	hepatomegaly	1	standard	4	0
DISEASE	hepatorenal syndrome	1	standard	43	0
DISEASE	hepatorenal syndrome type 1 (hrs 1)	1	modified_disease	37	0
DISEASE	her2-overexpressing metastatic gastric or gastroesophageal junction adenocarcinoma	1	modified_disease	23	0
DISEASE	her2-receptor negative breast cancer	1	modified_disease	14	0
DISEASE	hereditary amyloidosis	1	modified_disease	16	0
DISEASE	hereditary angioedema	1	modified_disease	24	0
DISEASE	hereditary angioedema type 3	1	modified_disease	56	0
DISEASE	hereditary angioedema with c1inh deficiency	1	MedGen	151	0
DISEASE	hereditary angioneurotic edema	1	modified_disease	25	0
DISEASE	hereditary antithrombin deficiency	0	MONDO	62	0
DISEASE	hereditary attention deficit-hyperactivity disorder	0	MONDO	17	0
DISEASE	hereditary breast carcinoma	0	modified_disease	14	0
DISEASE	hereditary chronic pancreatitis	0	MONDO	56	0
DISEASE	hereditary coproporphyria	1	MedGen	149	0
DISEASE	hereditary cryohydrocytosis with reduced stomatin	1	modified_disease	38	0
DISEASE	hereditary endocrine growth disease	1	modified_disease	21	0
DISEASE	hereditary fructose intolerance	0	MONDO	49	0
DISEASE	hereditary hemophagocytic lymphohistiocytosis	1	modified_disease	39	0
DISEASE	hereditary hypercarotenemia and vitamin a deficiency	0	MONDO	35	0
DISEASE	hereditary orotic aciduria	1	modified_disease	21	0
DISEASE	hereditary palmoplantar keratoderma	1	modified_disease	39	0
DISEASE	hereditary papillary renal cell carcinoma	0	MONDO	42	0
DISEASE	hereditary progressive chorea without dementia	1	MONDO	16	0
DISEASE	hereditary retinoblastoma	1	MedGen	68	0
DISEASE	hereditary sensory and autonomic neuropathy type 1b	0	Orphanet	143	0
DISEASE	hereditary spastic paraplegia 2	0	MONDO	42	0
DISEASE	hereditary spastic paraplegia 4	0	MONDO	101	0
DISEASE	hereditary spastic paraplegia 6	0	MONDO	65	0
DISEASE	hereditary spastic paraplegia 7	0	MONDO	63	0
DISEASE	hereditary thrombophilia due to congenital protein c deficiency	1	modified_disease	37	0
DISEASE	hereditary transthyretin-mediated amyloidosis	1	modified_disease	25	0
DISEASE	hereditary tyrosinemia type 1	1	modified_disease	29	0
DISEASE	heritable pulmonary arterial hypertension	1	standard	15	0
DISEASE	hermansky-pudlak syndrome 1	0	MONDO	17	0
DISEASE	hermansky-pudlak syndrome 2	0	MONDO	17	0
DISEASE	hermansky-pudlak syndrome 3	0	MONDO	17	0
DISEASE	hermansky-pudlak syndrome 4	0	MONDO	17	0
DISEASE	hernia	1	standard	44	0
DISEASE	heroin dependence	1	standard	10	0
DISEASE	herpes labialis	1	standard	17	0
DISEASE	herpes simplex	1	standard	58	0
DISEASE	herpes simplex encephalitis	1	standard	87	0
DISEASE	herpes simplex keratitis	0	standard	34	0
DISEASE	herpes simplex virus keratitis	1	standard	34	0
DISEASE	herpes zoster	1	standard	67	0
DISEASE	herpes zoster keratitis	1	standard	60	0
DISEASE	herpesviridae infectious disease	0	standard	6	0
DISEASE	heterotopic ossification	0	standard	9	0
DISEASE	heterozygous familial hypercholesterolemia	0	corrected_overlay	26	0
DISEASE	hhh syndrome	1	standard	45	0
DISEASE	hhv-6 encephalitis	1	modified_disease	38	0
DISEASE	hhv8 infection	1	modified_disease	15	0
DISEASE	hiatus hernia	1	standard	15	0
DISEASE	hidradenitis suppurativa	0	MONDO	60	0
DISEASE	high grade b-cell lymphoma	1	modified_disease	56	0
DISEASE	high-grade b-cell lymphoma	1	modified_disease	56	0
DISEASE	high-grade neuroendocrine carcinoma of the cervix uteri	1	modified_disease	77	0
DISEASE	high-grade resectable non-metastatic osteosarcoma	0	corrected_overlay	8	0
DISEASE	high-risk neuroblastoma	1	curated_standard_definition	32	0
DISEASE	hip fracture	1	standard	55	0
DISEASE	hirsutism	1	standard	55	0
DISEASE	histidinemia	0	MONDO	22	0
DISEASE	histiocytic and dendritic cell neoplasm	1	standard	62	0
DISEASE	histiocytic lymphoma	1	standard	48	0
DISEASE	histoplasmosis	1	standard	8	0
DISEASE	hiv associated adipose redistribution syndrome	1	standard	11	0
DISEASE	hiv associated diarrhea	0	standard	17	0
DISEASE	hiv infection	1	standard	22	0
DISEASE	hiv infections	0	standard	22	0
DISEASE	hiv pre-exposure prophylaxis	1	curated_indication_definition	29	0
DISEASE	hiv wasting syndrome	1	standard	67	0
DISEASE	hiv-1 infection	1	modified_disease	20	0
DISEASE	hiv-associated lipodystrophy	0	standard	35	0
DISEASE	hodgkin disease	1	standard	41	0
DISEASE	hodgkin's disease	1	standard	41	0
DISEASE	hodgkin's lymphoma	1	standard	41	0
DISEASE	hodgkin's lymphoma, lymphocytic-histiocytic predominance	0	standard	35	0
DISEASE	hodgkin's lymphoma, mixed cellularity	0	standard	27	0
DISEASE	holmes-adie syndrome	0	MONDO	38	0
DISEASE	holoprosencephaly 2	0	MONDO	21	0
DISEASE	holoprosencephaly 3	0	MONDO	16	0
DISEASE	holoprosencephaly 4	0	MONDO	23	0
DISEASE	holoprosencephaly 5	0	MONDO	8	0
DISEASE	holoprosencephaly 7	0	MONDO	16	0
DISEASE	holoprosencephaly 9	0	MONDO	16	0
DISEASE	holt-oram syndrome	0	MONDO	26	0
DISEASE	homocystinuria	1	standard	77	0
DISEASE	homocystinuria due to methylene tetrahydrofolate reductase deficiency	1	modified_disease	27	0
DISEASE	homozygous cystinuria	1	modified_disease	23	0
DISEASE	homozygous familial hypercholesterolemia	1	modified_disease	75	0
DISEASE	homozygous familial sitosterolemia	1	modified_disease	25	0
DISEASE	hookworm infections	0	standard	27	0
DISEASE	hookworm infectious disease	0	standard	19	0
DISEASE	hordeolum	1	standard	23	0
DISEASE	hormone receptor-negative (her2-) breast cancer	1	modified_disease	16	0
DISEASE	hormone receptor-positive (her2+) breast cancer	1	modified_disease	16	0
DISEASE	hormone receptor-positive (her2+) gastric adenocarcinoma	1	modified_disease	20	0
DISEASE	hormone receptor-positive breast cancer	1	modified_disease	41	0
DISEASE	hormone refractory metastatic prostate cancer	0	corrected_overlay	11	0
DISEASE	hormone refractory prostate cancer	0	corrected_overlay	7	0
DISEASE	hormone-refractory prostate cancer	0	corrected_overlay	7	0
DISEASE	hospital acquired pneumonia	1	standard	29	0
DISEASE	hot flashes	1	standard	19	0
DISEASE	hpv positive with high grade squamous intraepithelial lesions	1	modified_disease	23	0
DISEASE	hsd10 mitochondrial disease	0	MONDO	16	0
DISEASE	human african trypanosomiasis	0	standard	76	0
DISEASE	human herpesvirus 1 positive	1	modified_disease	32	0
DISEASE	human herpesvirus 2 positive	1	modified_disease	32	0
DISEASE	human immunodeficiency virus (hiv)	1	alias_disease	59	0
DISEASE	human immunodeficiency virus type 1 (hiv-1)	1	modified_disease	22	0
DISEASE	human papillomavirus (hpv)	1	alias_disease	37	0
DISEASE	human papillomavirus (hpv) type 31	1	modified_disease	21	0
DISEASE	human papillomavirus (hpv) type 33	1	modified_disease	21	0
DISEASE	human papillomavirus (hpv) type 45	1	modified_disease	21	0
DISEASE	human papillomavirus (hpv) type 52	1	modified_disease	21	0
DISEASE	human papillomavirus (hpv) type 58	1	modified_disease	21	0
DISEASE	human papillomavirus type-11 (hpv-11)	1	modified_disease	21	0
DISEASE	human papillomavirus type-16 (hpv-16)	1	modified_disease	21	0
DISEASE	human papillomavirus type-18 (hpv-18)	1	modified_disease	21	0
DISEASE	human papillomavirus type-6 (hpv-6)	1	modified_disease	21	0
DISEASE	humoral hypercalcemia of malignancy	0	standard	70	0
DISEASE	hunter syndrome	1	standard	55	0
DISEASE	huntington disease	1	standard	92	0
DISEASE	huntington's chorea	1	standard	92	0
DISEASE	huntington's disease	1	standard	92	0
DISEASE	hurler syndrome	1	standard	51	0
DISEASE	hurler-scheie syndrome	1	standard	51	0
DISEASE	hutchinson-gilford progeria syndrome	1	MedGen	158	0
DISEASE	hydatid disease	1	standard	28	0
DISEASE	hydatidiform mole	1	standard	44	0
DISEASE	hydatidiform mole, recurrent, 1	0	MONDO	18	0
DISEASE	hydrocephalus, nonsyndromic, autosomal recessive 1	1	MedGen	151	0
DISEASE	hymenolepiasis	1	standard	7	0
DISEASE	hyperaldosteronism	1	standard	22	0
DISEASE	hyperalphalipoproteinemia	1	standard	31	0
DISEASE	hyperammonemia	1	standard	21	0
DISEASE	hyperammonemia due to n-acetylglutamate synthase deficiency	1	modified_disease	22	0
DISEASE	hyperammonemic encephalopathy	0	corrected_overlay	15	0
DISEASE	hyperbilirubinemia	1	standard	37	0
DISEASE	hyperbiliverdinemia	0	MONDO	55	0
DISEASE	hypercalcemia	1	standard	8	0
DISEASE	hypercalcemia in patients with parathyroid carcinoma	1	modified_disease	23	0
DISEASE	hypercalcemia, infantile, 1	1	MONDO	13	0
DISEASE	hypercalciuria	1	standard	14	0
DISEASE	hypercapnia	1	standard	15	0
DISEASE	hypercarotenemia and vitamin a deficiency, autosomal recessive	1	MONDO	35	0
DISEASE	hypercholesterolemia	1	standard	25	0
DISEASE	hypercholesterolemia, autosomal dominant, type b	1	HPO	8	0
DISEASE	hypercholesterolemia, familial, 1	1	modified_disease	77	0
DISEASE	hyperemesis gravidarum	1	standard	17	0
DISEASE	hypereosinophilic syndrome	1	standard	55	0
DISEASE	hyperglycemia	1	standard	5	0
DISEASE	hyperglycemic hyperosmolar nonketotic coma	0	standard	30	0
DISEASE	hyperglycinuria	1	MONDO	12	0
DISEASE	hyperhidrosis	1	standard	45	0
DISEASE	hyperhidrosis palmaris et plantaris	1	MedGen	62	0
DISEASE	hyperimmunoglobulinemia d with periodic fever	0	standard	32	0
DISEASE	hyperinsulinemia	1	standard	44	0
DISEASE	hyperinsulinemic hypoglycemia	1	standard	63	0
DISEASE	hyperinsulinemic hypoglycemia, familial, 1	1	MedGen	161	0
DISEASE	hyperinsulinemic hypoglycemia, familial, 2	1	MedGen	158	0
DISEASE	hyperinsulinism	1	standard	44	0
DISEASE	hyperkalemia	1	standard	45	0
DISEASE	hyperkalemic periodic paralysis	1	standard	99	0
DISEASE	hyperlipidemia	1	standard	7	0
DISEASE	hyperlipidemia, combined, 1	1	MedGen	24	0
DISEASE	hyperlipidemia, combined, 2	1	MONDO	14	0
DISEASE	hyperlipidemia, familial combined	1	modified_disease	43	0
DISEASE	hyperlipidemia, familial combined, lpl related	0	modified_disease	31	0
DISEASE	hyperlipoproteinemia	1	standard	31	0
DISEASE	hyperlipoproteinemia type 3	1	modified_disease	73	0
DISEASE	hyperlipoproteinemia type iib	0	standard	23	0
DISEASE	hyperlipoproteinemia type iii	1	standard	58	0
DISEASE	hyperlipoproteinemia type iv	1	standard	40	0
DISEASE	hyperlipoproteinemia type v	1	standard	47	0
DISEASE	hypermagnesemia	1	standard	10	0
DISEASE	hypermetabolism due to defect in mitochondria	1	MedGen	96	0
DISEASE	hyperopia	1	standard	63	0
DISEASE	hyperostosis corticalis generalisata	1	MedGen	233	0
DISEASE	hyperparathyroidism	1	standard	56	0
DISEASE	hyperparathyroidism 1	1	MONDO	13	0
DISEASE	hyperphenylalaninemia due to tetrahydrobiopterin deficiency	1	modified_disease	46	0
DISEASE	hyperphosphatemia	1	standard	24	0
DISEASE	hyperphosphatemia in chronic kidney disease on dialysis	1	standard	24	0
DISEASE	hyperphosphatemia, polyuria, and seizures	1	MONDO	8	0
DISEASE	hyperpigmentation of eyelid	0	MONDO	6	0
DISEASE	hyperpigmentation of fuldauer and kuijpers	1	MedGen	13	0
DISEASE	hyperpigmentation of the skin	1	standard	41	0
DISEASE	hyperplasia	1	standard	33	0
DISEASE	hyperprolactinemia	1	standard	56	0
DISEASE	hyperreflexia	1	MedGen	11	0
DISEASE	hypersensitivity pneumonitis	1	standard	36	0
DISEASE	hypersensitivity reaction disease	1	standard	31	0
DISEASE	hypersomnia	1	standard	65	0
DISEASE	hypertension	1	standard	39	0
DISEASE	hypertension during pregnancy	0	corrected_overlay	20	0
DISEASE	hypertension, essential, susceptibility to, 1	1	MedGen	13	0
DISEASE	hypertension, essential, susceptibility to, 2	1	MedGen	13	0
DISEASE	hypertension, essential, susceptibility to, 3	1	MedGen	13	0
DISEASE	hypertension, essential, susceptibility to, 4	1	MedGen	13	0
DISEASE	hypertensive crises	0	standard	15	0
DISEASE	hypertensive crisis	1	standard	15	0
DISEASE	hypertensive heart disease	1	standard	9	0
DISEASE	hypertensive nephropathy	0	MONDO	18	0
DISEASE	hyperthermia	1	standard	21	0
DISEASE	hyperthermia, cutaneous, with headaches and nausea	1	MeSH	21	0
DISEASE	hyperthyroidism	1	standard	17	0
DISEASE	hypertrichosis	1	standard	46	0
DISEASE	hypertriglyceridemia	1	standard	10	0
DISEASE	hypertriglyceridemia 1	0	corrected_overlay	18	0
DISEASE	hypertrophic cardiomyopathy	1	standard	45	0
DISEASE	hypertrophic cardiomyopathy 1	1	standard	17	0
DISEASE	hypertrophic cardiomyopathy 12	0	MONDO	17	0
DISEASE	hypertrophic cardiomyopathy 16	0	MONDO	17	0
DISEASE	hypertrophic cardiomyopathy 17	0	MONDO	17	0
DISEASE	hypertrophic cardiomyopathy 2	0	MONDO	17	0
DISEASE	hypertrophic cardiomyopathy 3	0	MONDO	17	0
DISEASE	hypertrophic cardiomyopathy 4	0	MONDO	22	0
DISEASE	hypertrophic cardiomyopathy 6	0	MONDO	17	0
DISEASE	hypertrophic cardiomyopathy 7	0	MONDO	17	0
DISEASE	hypertrophic cardiomyopathy 8	0	MONDO	17	0
DISEASE	hypertrophic cardiomyopathy 9	0	MONDO	17	0
DISEASE	hyperuricemia	1	standard	63	0
DISEASE	hyperuricemia in patients with gout	1	modified_disease	26	0
DISEASE	hypoactive sexual desire disorder	1	standard	39	0
DISEASE	hypoalbuminemia	1	standard	37	0
DISEASE	hypoalphalipoproteinemia	1	standard	30	0
DISEASE	hypoalphalipoproteinemia, primary, 1	0	MONDO	16	0
DISEASE	hypocalcemia	1	standard	25	0
DISEASE	hypochloremia	1	standard	10	0
DISEASE	hypochondriasis	1	standard	25	0
DISEASE	hypochromic anemia	1	standard	90	0
DISEASE	hypocupremia	0	corrected_overlay	8	0
DISEASE	hypofibrinogenemia	0	standard	21	0
DISEASE	hypoglycemia	1	standard	38	0
DISEASE	hypoglycemia, leucine-induced	1	MedGen	26	0
DISEASE	hypogonadism	1	standard	51	0
DISEASE	hypogonadism, male	0	MONDO	4	0
DISEASE	hypogonadotropic hypogonadism	1	standard	51	0
DISEASE	hypogonadotropic hypogonadism 12 with or without anosmia	1	standard	17	0
DISEASE	hypogonadotropic hypogonadism 24 without anosmia	1	standard	17	0
DISEASE	hypogonadotropic hypogonadism 7 with or without anosmia	0	MONDO	35	0
DISEASE	hypokalemia	1	standard	63	0
DISEASE	hypokalemic periodic paralysis	1	standard	73	0
DISEASE	hypoketotic hypoglycemia	0	corrected_overlay	18	0
DISEASE	hypomagnesemia	1	standard	22	0
DISEASE	hypomania nos single episode or unspecified	1	standard	35	0
DISEASE	hypomobility	0	corrected_overlay	26	0
DISEASE	hypomyelinating leukodystrophy 3	0	MONDO	16	0
DISEASE	hypomyelinating leukodystrophy 4	0	MONDO	16	0
DISEASE	hypomyelinating leukodystrophy 5	0	MONDO	36	0
DISEASE	hypomyelination with brain stem and spinal cord involvement and leg spasticity	1	standard	27	0
DISEASE	hyponatraemia aggravated	0	corrected_overlay	22	0
DISEASE	hyponatremia	1	standard	10	0
DISEASE	hypoparathyroidism	1	standard	59	0
DISEASE	hypoparathyroidism, familial isolated 1	1	MedGen	135	0
DISEASE	hypoparathyroidism-deafness-renal disease syndrome	0	MONDO	15	0
DISEASE	hypophosphatasia	1	standard	61	0
DISEASE	hypophosphatemia	1	standard	12	0
DISEASE	hypophosphatemia, renal, with intracerebral calcifications	1	MONDO	10	0
DISEASE	hypophosphatemic rickets	1	standard	23	0
DISEASE	hypophosphatemic rickets, x-linked recessive	0	MONDO	51	0
DISEASE	hypopigmentation of the skin	0	standard	35	0
DISEASE	hypopituitarism	1	standard	41	0
DISEASE	hypoplastic anemia	0	standard	18	0
DISEASE	hypoproteinemia	1	standard	27	0
DISEASE	hypoproteinemia, hypercatabolic	1	MONDO	13	0
DISEASE	hypotension	1	standard	6	0
DISEASE	hypothalamic disorder	0	standard	32	0
DISEASE	hypothalamic dysfunction	1	standard	80	0
DISEASE	hypothalamic luteinizing hormone-releasing hormone deficiency	0	standard	9	0
DISEASE	hypothyroidism	1	standard	55	0
DISEASE	hypotonia with lactic acidemia and hyperammonemia	0	MONDO	12	0
DISEASE	hypotrichosis 7	1	MedGen	158	0
DISEASE	hypotrichosis 8	1	MedGen	364	0
DISEASE	hypotrichosis of eyelid	0	standard	6	0
DISEASE	hypoventilation	1	standard	11	0
DISEASE	hypovolemia	0	standard	9	0
DISEASE	hypovolemic shock	0	standard	18	0
DISEASE	hypoxic respiratory failure	1	standard	59	0
DISEASE	hypozincaemia	0	corrected_overlay	22	0
DISEASE	hysteria	1	standard	34	0
DISEASE	ichthyosis	1	standard	37	0
DISEASE	ichthyosis prematurity syndrome	0	MONDO	65	0
DISEASE	ichthyosis vulgaris	1	standard	25	0
DISEASE	idiopathic achalasia	1	modified_disease	50	0
DISEASE	idiopathic anaphylaxis	1	modified_disease	50	0
DISEASE	idiopathic cd4 lymphocytopenia	0	MONDO	64	0
DISEASE	idiopathic central precocious puberty	1	modified_disease	30	0
DISEASE	idiopathic decline in mental capacity	0	corrected_overlay	18	0
DISEASE	idiopathic edema	0	modified_disease	25	0
DISEASE	idiopathic eosinophilic pneumonia	1	modified_disease	36	0
DISEASE	idiopathic generalized epilepsy	1	modified_disease	49	0
DISEASE	idiopathic hypereosinophilic syndrome	1	modified_disease	39	0
DISEASE	idiopathic hypersomnia	1	modified_disease	42	0
DISEASE	idiopathic hypoparathyroidism	1	modified_disease	17	0
DISEASE	idiopathic interstitial pneumonia	1	modified_disease	27	0
DISEASE	idiopathic macular telangiectasia type 2	1	modified_disease	30	0
DISEASE	idiopathic membranous glomerulonephritis	0	MONDO	21	0
DISEASE	idiopathic nephrotic syndrome	1	modified_disease	25	0
DISEASE	idiopathic neutropenia	1	modified_disease	17	0
DISEASE	idiopathic osteoarthritis	1	modified_disease	35	0
DISEASE	idiopathic parkinson's disease	1	modified_disease	23	0
DISEASE	idiopathic pulmonary arterial hypertension	1	modified_disease	23	0
DISEASE	idiopathic pulmonary fibrosis (ipf)	1	modified_disease	37	0
DISEASE	idiopathic short stature	1	modified_disease	36	0
DISEASE	ifap syndrome 1, with or without bresheck syndrome	0	MONDO	51	0
DISEASE	ifosfamide-induced hemorrhagic cystitis	0	corrected_overlay	25	0
DISEASE	iga nephropathy	1	standard	40	0
DISEASE	iga nephropathy, susceptibility to, 1	1	modified_disease	18	0
DISEASE	ige responsiveness, atopic	0	MONDO	101	0
DISEASE	ige-mediated food allergy	1	curated_standard_definition	34	0
DISEASE	igg4-related disease	1	standard	49	0
DISEASE	ileus	1	standard	40	0
DISEASE	imerslund-grasbeck syndrome type 1	1	MedGen	393	0
DISEASE	immune dysregulation-polyendocrinopathy-enteropathy-x-linked syndrome	0	MONDO	25	0
DISEASE	immune thrombocytopenic purpura	1	standard	49	0
DISEASE	immunodeficiency 14	1	standard	37	0
DISEASE	immunodeficiency 18	0	MONDO	48	0
DISEASE	immunodeficiency 19	0	MONDO	18	0
DISEASE	immunodeficiency 23	1	MONDO	13	0
DISEASE	immunodeficiency 25	0	MONDO	18	0
DISEASE	immunodeficiency 27a	1	MedGen	218	0
DISEASE	immunodeficiency 33	0	MONDO	17	0
DISEASE	immunodeficiency 35	0	MONDO	58	0
DISEASE	immunodeficiency 51	1	MONDO	13	0
DISEASE	immunodeficiency 67	0	MONDO	13	0
DISEASE	immunodeficiency disease	0	standard	18	0
DISEASE	immunodeficiency due to cd25 deficiency	1	MONDO	16	0
DISEASE	immunoglobulin a deficiency 2	0	MONDO	19	0
DISEASE	immunoglobulin a nephropathy (igan)	1	alias_disease	40	0
DISEASE	immunoglobulin-mediated membranoproliferative glomerulonephritis	0	MONDO	21	0
DISEASE	impaired glucose tolerance	1	standard	52	0
DISEASE	impaired renal function disease	1	standard	19	0
DISEASE	impaired vision	0	standard	4	0
DISEASE	impairment of activities of daily living	0	standard	21	0
DISEASE	impetigo	1	standard	46	0
DISEASE	impotence	1	standard	16	0
DISEASE	inappropriate adh syndrome	1	standard	65	0
DISEASE	inappropriate sinus tachycardia	0	standard	32	0
DISEASE	inborn disorder of bile acid synthesis	0	standard	50	0
DISEASE	inborn disorder of cobalamin metabolism and transport	0	standard	21	0
DISEASE	inborn error of immunity	1	standard	31	0
DISEASE	inborn errors of metabolism	1	standard	16	0
DISEASE	inborn glycerol kinase deficiency	0	MONDO	15	0
DISEASE	incisional wounds	1	standard	14	0
DISEASE	inclusion body myopathy with paget disease of bone and frontotemporal dementia type 1	0	MONDO	71	0
DISEASE	inclusion body myositis	0	MONDO	21	0
DISEASE	inclusion conjunctivitis	1	standard	63	0
DISEASE	incontinentia pigmenti	0	MONDO	60	0
DISEASE	increase bone mass in men with osteoporosis	1	modified_disease	44	0
DISEASE	indolent b-cell non-hodgkin lymphoma	0	standard	25	0
DISEASE	indolent systemic mastocytosis	1	standard	49	0
DISEASE	infant botulism	1	standard	61	0
DISEASE	infantile autism	1	modified_disease	11	0
DISEASE	infantile beriberi	0	corrected_overlay	23	0
DISEASE	infantile cerebellar-retinal degeneration	0	MONDO	140	0
DISEASE	infantile hemangioma of rare localization	0	modified_disease	27	0
DISEASE	infantile spasm	1	modified_disease	25	0
DISEASE	infantile-onset ascending hereditary spastic paralysis	0	MONDO	36	0
DISEASE	infected insect bite	1	standard	21	0
DISEASE	infected joint	1	standard	48	0
DISEASE	infection	1	standard	20	0
DISEASE	infection by cladosporium species	0	corrected_overlay	9	0
DISEASE	infection by scedosporium boydii	0	corrected_overlay	11	0
DISEASE	infection caused by enterobacter	1	modified_disease	15	0
DISEASE	infections of mastoidectomy and fenestration cavities	0	corrected_overlay	12	0
DISEASE	infectious diarrhea	0	standard	23	0
DISEASE	infectious enteritis	1	standard	37	0
DISEASE	infectious epithelial keratitis	0	standard	50	0
DISEASE	infective conjunctivitis	0	standard	6	0
DISEASE	infective endocarditis	1	standard	41	0
DISEASE	infective vaginitis	0	standard	12	0
DISEASE	infertility	1	standard	7	0
DISEASE	infiltrating bladder urothelial carcinoma	1	standard	12	0
DISEASE	inflammation	1	standard	35	0
DISEASE	inflammatory abnormality of the eye	0	standard	12	0
DISEASE	inflammatory bowel disease	1	standard	21	0
DISEASE	inflammatory bowel disease 10	0	MONDO	18	0
DISEASE	inflammatory bowel disease 11	0	MONDO	15	0
DISEASE	inflammatory bowel disease 13	0	MONDO	18	0
DISEASE	inflammatory bowel disease 14	0	MONDO	18	0
DISEASE	inflammatory bowel disease 17	0	MONDO	18	0
DISEASE	inflammatory bowel disease 19	0	MONDO	18	0
DISEASE	inflammatory bowel disease 25	0	MONDO	18	0
DISEASE	inflammatory bowel disease 28	0	MONDO	18	0
DISEASE	inflammatory bowel diseases	0	standard	21	0
DISEASE	inflammatory breast cancer	1	standard	26	0
DISEASE	inflammatory breast carcinoma	1	standard	26	0
DISEASE	inflammatory dermatoses	0	corrected_overlay	17	0
DISEASE	inflammatory lesions of non-nodular moderate to severe acne vulgaris	1	modified_disease	32	0
DISEASE	inflammatory myofibroblastic tumor	1	standard	40	0
DISEASE	inflammatory skin and bowel disease, neonatal, 1	0	MONDO	21	0
DISEASE	influenza	1	standard	31	0
DISEASE	influenza a virus infection	0	standard	16	0
DISEASE	influenza b virus infection	0	corrected_overlay	28	0
DISEASE	influenza disease caused by influenza virus subtypes a and types b	1	modified_disease	55	0
DISEASE	influenza due to influenza virus, type b	0	modified_disease	21	0
DISEASE	influenza-like illness	0	standard	29	0
DISEASE	ingrown nail	0	standard	39	0
DISEASE	inhalational anthrax	0	standard	65	0
DISEASE	inherited aplastic anemia	0	standard	18	0
DISEASE	inherited creutzfeldt-jakob disease	0	MONDO	41	0
DISEASE	inherited obesity	1	MedGen	10	0
DISEASE	inherited retinal dystrophy	0	standard	14	0
DISEASE	inherited susceptibility to asthma	1	Orphanet	58	0
DISEASE	inherited torticollis	0	MONDO	27	0
DISEASE	injury of liver	1	standard	35	0
DISEASE	inoperable metastatic female breast cancer	0	corrected_overlay	13	0
DISEASE	insect bites	0	standard	6	0
DISEASE	insect stings, hypersensitivity to	1	MeSH	19	0
DISEASE	insensitivity to pain with hyperplastic myelinopathy	1	MedGen	14	0
DISEASE	insomnia	1	standard	28	0
DISEASE	insulin hypoglycaemia	1	standard	99	0
DISEASE	insulin hypoglycemia	0	corrected_overlay	15	0
DISEASE	insulin shock	0	standard	17	0
DISEASE	insulin-like growth factor deficiency (igfd)	0	alias_disease	26	0
DISEASE	insulinoma	1	standard	15	0
DISEASE	intellectual developmental disorder with autism and speech delay	1	MedGen	27	0
DISEASE	intellectual disability	1	standard	33	0
DISEASE	intellectual disability, severe, with spasticity and pigmentary tapetoretinal degeneration	0	modified_disease	35	0
DISEASE	intellectual disability, x-linked 21	0	MONDO	19	0
DISEASE	interdigital tinea pedis	1	standard	15	0
DISEASE	intermediate uveitis	1	standard	10	0
DISEASE	intermittent asthma	1	standard	44	0
DISEASE	intermittent claudication	0	standard	46	0
DISEASE	intermittent vascular claudication	0	standard	46	0
DISEASE	internal hemorrhoid	1	standard	8	0
DISEASE	interstitial cystitis	1	standard	14	0
DISEASE	interstitial lung disease 2	1	MedGen	334	0
DISEASE	intertrigo	1	standard	46	0
DISEASE	intertrochanteric fractures	0	standard	36	0
DISEASE	intervertebral disk degenerative disorder	0	standard	11	0
DISEASE	intestinal amebiasis	1	standard	25	0
DISEASE	intestinal angioedema	1	standard	22	0
DISEASE	intestinal candidiasis	0	corrected_overlay	23	0
DISEASE	intestinal disorder	1	standard	12	0
DISEASE	intestinal obstruction	1	standard	16	0
DISEASE	intestinal strongyloidiasis	1	standard	53	0
DISEASE	intoxication	0	standard	17	0
DISEASE	intoxication caused by ketamine	1	modified_disease	16	0
DISEASE	intra-abdominal abscesses	0	standard	22	0
DISEASE	intra-abdominal infections	0	standard	14	0
DISEASE	intracerebral hemorrhage	1	standard	24	0
DISEASE	intracoronary emboli	0	corrected_overlay	12	0
DISEASE	intracranial embolism	1	standard	49	0
DISEASE	intracranial thrombosis	1	standard	35	0
DISEASE	intractable hiccups	0	standard	26	0
DISEASE	intrahepatic cholangiocarcinoma	1	standard	11	0
DISEASE	intraoperative hemorrhage	1	standard	6	0
DISEASE	intraoperative miosis	0	corrected_overlay	15	0
DISEASE	intrauterine infection	0	corrected_overlay	13	0
DISEASE	invasive aspergillosis	1	standard	43	0
DISEASE	invasive breast carcinoma	1	standard	40	0
DISEASE	invasive fungal infection	0	standard	10	0
DISEASE	invasive hydatidiform mole	1	standard	14	0
DISEASE	invasive meningococcal disease	1	standard	8	0
DISEASE	invasive pulmonary aspergillosis	1	standard	36	0
DISEASE	involutional depression	0	standard	11	0
DISEASE	irida syndrome	0	MONDO	36	0
DISEASE	iridocyclitis	1	standard	35	0
DISEASE	iritis	1	standard	4	0
DISEASE	iron deficiency	0	standard	20	0
DISEASE	iron deficiency anemia	1	standard	35	0
DISEASE	iron deficiency in heart failure	1	standard	20	0
DISEASE	iron overload, susceptibility to	1	modified_disease	40	0
DISEASE	irregular sleep-wake rhythm disorder	1	standard	19	0
DISEASE	irritable bowel syndrome	1	standard	32	0
DISEASE	irritable bowel syndrome with diarrhea	1	standard	32	0
DISEASE	irritation	1	standard	25	0
DISEASE	ischemic heart disease	1	standard	74	0
DISEASE	ischemic stroke	1	standard	81	0
DISEASE	isolated cleft palate	0	MONDO	11	0
DISEASE	isolated growth hormone deficiency type ii	0	standard	42	0
DISEASE	isotonic dehydration	1	standard	16	0
DISEASE	isovaleric acidemia	1	standard	89	0
DISEASE	jalili syndrome	0	MONDO	16	0
DISEASE	japanese encephalitis	1	standard	79	0
DISEASE	jaundice, familial obstructive, of infancy	1	HPO	21	0
DISEASE	jaw inflammation	0	corrected_overlay	26	0
DISEASE	jet lag syndrome	0	standard	30	0
DISEASE	johanson-blizzard syndrome	0	MONDO	28	0
DISEASE	joint destruction	0	corrected_overlay	27	0
DISEASE	joint pain	1	standard	16	0
DISEASE	joubert syndrome 1	0	MONDO	17	0
DISEASE	joubert syndrome 2	0	MONDO	17	0
DISEASE	joubert syndrome 3	0	MONDO	17	0
DISEASE	joubert syndrome 5	0	MONDO	17	0
DISEASE	joubert syndrome 6	0	MONDO	17	0
DISEASE	joubert syndrome 7	0	MONDO	17	0
DISEASE	junctional epidermolysis bullosa	1	standard	42	0
DISEASE	juvenile amyotrophic lateral sclerosis with dementia	1	standard	13	0
DISEASE	juvenile idiopathic arthritis	1	modified_disease	17	0
DISEASE	juvenile myelomonocytic leukemia	1	standard	28	0
DISEASE	juvenile myoclonic epilepsy	1	standard	67	0
DISEASE	juvenile onset hypophosphatasia	0	corrected_overlay	6	0
DISEASE	juvenile paget disease	0	MONDO	52	0
DISEASE	juvenile polyposis syndrome	0	MONDO	21	0
DISEASE	juvenile rheumatoid arthritis	0	standard	44	0
DISEASE	k-ras wild-type metastatic colorectal cancer	0	corrected_overlay	11	0
DISEASE	kabuki syndrome 1	1	MONDO	14	0
DISEASE	kala-azar	1	standard	59	0
DISEASE	kaposi sarcoma	1	standard	54	0
DISEASE	kaposi sarcoma, susceptibility to	1	Orphanet	33	0
DISEASE	kaposi's sarcoma	1	standard	137	0
DISEASE	karyomegalic interstitial nephritis	0	MONDO	17	0
DISEASE	keloid	1	standard	42	0
DISEASE	keloid formation	1	MedGen	93	0
DISEASE	kennedy disease	1	standard	21	0
DISEASE	keratitis	1	standard	11	0
DISEASE	keratitis, dendritic	0	standard	37	0
DISEASE	keratoconjunctivitis	1	standard	7	0
DISEASE	keratoconjunctivitis sicca	1	standard	26	0
DISEASE	keratoconus 1	0	MONDO	16	0
DISEASE	keratoma	0	standard	9	0
DISEASE	keratosis	1	standard	9	0
DISEASE	keratosis palmaris	0	corrected_overlay	12	0
DISEASE	keratosis pilaris	1	standard	12	0
DISEASE	keratosis plantaris	0	corrected_overlay	12	0
DISEASE	kernicterus	1	standard	82	0
DISEASE	ketoacidosis	0	standard	37	0
DISEASE	kidney angiomyolipoma	1	standard	6	0
DISEASE	kidney disorder	1	standard	5	0
DISEASE	kidney failure	1	standard	51	0
DISEASE	kindler syndrome	0	MONDO	38	0
DISEASE	kinetic tremor	0	standard	24	0
DISEASE	klebsiella infections	0	standard	7	0
DISEASE	klebsiella infectious disease	0	standard	7	0
DISEASE	klebsiella pneumonia	1	standard	7	0
DISEASE	klebsiella pneumoniae infection	0	corrected_overlay	9	0
DISEASE	klebsiella-enterobacter-serratia infections	0	corrected_overlay	22	0
DISEASE	klinefelter syndrome	1	standard	75	0
DISEASE	klinefelter syndrome, male with 46,xx karyotype	1	standard	13	0
DISEASE	kniest dysplasia	0	MONDO	33	0
DISEASE	korsakoff syndrome	1	standard	50	0
DISEASE	krabbe disease	0	MONDO	95	0
DISEASE	kras g12c-mutated locally advanced or metastatic non-small cell lung cancer (nsclc)	1	modified_disease	33	0
DISEASE	kras mutation	1	modified_disease	16	0
DISEASE	kraurosis vulvae	1	standard	21	0
DISEASE	krukenberg carcinoma	1	standard	16	0
DISEASE	labor pain	1	standard	38	0
DISEASE	lactic acidosis	1	standard	31	0
DISEASE	lactose intolerance	1	standard	57	0
DISEASE	lambert-eaton myasthenic syndrome	1	standard	93	0
DISEASE	lamellar ichthyosis	1	standard	55	0
DISEASE	laminopathy	0	standard	15	0
DISEASE	langer mesomelic dysplasia	0	MONDO	22	0
DISEASE	langerhans cell histiocytosis	1	standard	14	0
DISEASE	large b-cell lymphoma	1	standard	21	0
DISEASE	large prostate	0	standard	8	0
DISEASE	large roundworm infections	0	corrected_overlay	13	0
DISEASE	laron syndrome	1	standard	36	0
DISEASE	larsen syndrome	0	MONDO	27	0
DISEASE	laryngeal edema	1	standard	20	0
DISEASE	laryngeal squamous cell carcinoma	1	standard	39	0
DISEASE	laryngitis	1	standard	30	0
DISEASE	laryngostenosis	1	standard	20	0
DISEASE	larynx cancer	1	standard	21	0
DISEASE	late-onset pompe disease	1	modified_disease	18	0
DISEASE	late-onset retinal degeneration	0	MONDO	72	0
DISEASE	latent syphilis	1	modified_disease	56	0
DISEASE	latent tuberculosis infection	1	modified_disease	39	0
DISEASE	laurence-moon syndrome	0	MONDO	48	0
DISEASE	lead encephalopathy	0	corrected_overlay	14	0
DISEASE	lead poisoning	1	standard	18	0
DISEASE	learning disability	1	standard	27	0
DISEASE	leber congenital amaurosis 1	0	MONDO	18	0
DISEASE	leber congenital amaurosis 11	0	MONDO	18	0
DISEASE	leber congenital amaurosis 12	0	MONDO	18	0
DISEASE	leber congenital amaurosis 13	0	MONDO	18	0
DISEASE	leber congenital amaurosis 14	0	MONDO	18	0
DISEASE	leber congenital amaurosis 15	0	MONDO	18	0
DISEASE	leber congenital amaurosis 16	0	MONDO	18	0
DISEASE	leber congenital amaurosis 17	0	MONDO	18	0
DISEASE	leber congenital amaurosis 2	0	MONDO	18	0
DISEASE	leber congenital amaurosis 3	0	MONDO	18	0
DISEASE	leber congenital amaurosis 4	0	MONDO	18	0
DISEASE	leber congenital amaurosis 5	0	MONDO	18	0
DISEASE	leber congenital amaurosis 6	0	MONDO	18	0
DISEASE	leber congenital amaurosis 7	0	MONDO	18	0
DISEASE	leber congenital amaurosis 8	0	MONDO	18	0
DISEASE	leber congenital amaurosis 9	0	MONDO	18	0
DISEASE	leber hereditary optic neuropathy	1	modified_disease	30	0
DISEASE	leber's congenital amaurosis	0	modified_disease	59	0
DISEASE	leber's hereditary optic neuropathy	1	modified_disease	30	0
DISEASE	leber's optic atrophy	0	standard	67	0
DISEASE	left ventricular dysfunction	1	standard	46	0
DISEASE	left ventricular hypertrophy	1	standard	31	0
DISEASE	left ventricular systolic dysfunction	1	standard	46	0
DISEASE	legg-calve-perthes disease	0	MONDO	36	0
DISEASE	legionella pneumophila	1	standard	33	0
DISEASE	legionellosis	1	standard	7	0
DISEASE	legionnaires' disease	1	standard	33	0
DISEASE	leigh syndrome	0	MONDO	15	0
DISEASE	leiomyosarcoma	1	standard	32	0
DISEASE	leishmaniasis	1	standard	44	0
DISEASE	leishmaniasis, mucocutaneous	0	standard	48	0
DISEASE	leishmaniasis, tegumentary, susceptibility to	1	MONDO	69	0
DISEASE	lennox-gastaut syndrome	1	curated_standard_definition	28	0
DISEASE	lentigo	1	standard	11	0
DISEASE	lepromatous leprosy	1	standard	48	0
DISEASE	leprosy	1	standard	14	0
DISEASE	leprosy, susceptibility to, 2	1	MONDO	15	0
DISEASE	leprosy, susceptibility to, 3	0	MONDO	16	0
DISEASE	leri-weill dyschondrosteosis	0	MONDO	18	0
DISEASE	lesch-nyhan syndrome	0	MONDO	32	0
DISEASE	lethal congenital glycogen storage disease of heart	0	MONDO	18	0
DISEASE	lethal osteosclerotic bone dysplasia	0	MONDO	18	0
DISEASE	letterer-siwe disease	0	MONDO	38	0
DISEASE	letterer-siwe disease (histiocytosis x)	0	standard	50	0
DISEASE	leukemia	1	standard	64	0
DISEASE	leukemia, acute myelocytic, with polyposis coli and colon cancer	1	MONDO	112	0
DISEASE	leukemia, chronic lymphocytic, susceptibility to, 2	1	MONDO	112	0
DISEASE	leukemia, erythroblastic, acute	1	modified_disease	49	0
DISEASE	leukemia, lymphocytic, chronic, b-cell	1	modified_disease	30	0
DISEASE	leukemia, monocytic, acute	1	modified_disease	51	0
DISEASE	leukemia, myeloid, accelerated-phase	1	standard	24	0
DISEASE	leukemia, myeloid, acute	1	modified_disease	31	0
DISEASE	leukemia, myelomonocytic, acute	1	modified_disease	29	0
DISEASE	leukemia, promyelocytic, acute	1	modified_disease	25	0
DISEASE	leukoencephalopathy with vanishing white matter 1	0	MONDO	20	0
DISEASE	leukopenia	1	standard	20	0
DISEASE	levator syndrome	0	standard	117	0
DISEASE	lewy bodies	0	standard	67	0
DISEASE	lewy body dementia	0	MONDO	38	0
DISEASE	li-fraumeni syndrome	0	MONDO	42	0
DISEASE	lichen planus	1	standard	78	0
DISEASE	lichen sclerosus et atrophicus	0	MONDO	33	0
DISEASE	lichen simplex chronicus	1	standard	18	0
DISEASE	liddle syndrome 1	0	MONDO	17	0
DISEASE	life-threatening or uncontrolled bleeding	1	standard	31	0
DISEASE	life-threatening toxicity	1	standard	30	0
DISEASE	light chain amyloidosis	1	standard	57	0
DISEASE	limb-mammary syndrome	0	MONDO	44	0
DISEASE	lip cancer	1	standard	6	0
DISEASE	lipodystrophy	1	standard	39	0
DISEASE	lipoid nephrosis	1	standard	48	0
DISEASE	lipoid proteinosis	0	MONDO	22	0
DISEASE	lipoprotein glomerulopathy	1	MONDO	13	0
DISEASE	liposarcoma	1	standard	57	0
DISEASE	liposarcoma metastatic	1	modified_disease	24	0
DISEASE	lissencephaly 4	0	MONDO	16	0
DISEASE	listeria meningitis	1	standard	56	0
DISEASE	listeriosis	1	standard	7	0
DISEASE	liver abscess	1	standard	20	0
DISEASE	liver abscess, amebic	0	standard	25	0
DISEASE	liver cancer	1	standard	6	0
DISEASE	liver carcinoma	0	standard	7	0
DISEASE	liver cell carcinoma	1	standard	44	0
DISEASE	liver cirrhosis	1	standard	30	0
DISEASE	liver disease, alcoholic	1	standard	25	0
DISEASE	liver disorder	1	standard	5	0
DISEASE	liver failure	1	standard	38	0
DISEASE	liver neoplasms	0	standard	6	0
DISEASE	liver transplant rejection	1	modified_disease	29	0
DISEASE	liver transplant surgery	1	modified_disease	13	0
DISEASE	lobular neoplasia	1	standard	55	0
DISEASE	localization-related epilepsy	0	standard	93	0
DISEASE	locally advanced basal cell carcinoma	1	modified_disease	28	0
DISEASE	locally advanced basal cell carcinoma (labcc)	1	modified_disease	29	0
DISEASE	locally advanced breast cancer	1	modified_disease	15	0
DISEASE	locally advanced cutaneous squamous cell carcinoma of the head and neck	1	modified_disease	40	0
DISEASE	locally advanced head and neck squamous cell carcinoma	1	modified_disease	34	0
DISEASE	locally advanced non-squamous non-small cell lung cancer	1	modified_disease	31	0
DISEASE	locally advanced or metastatic cholangiocarcinoma	1	modified_disease	38	0
DISEASE	locally advanced or metastatic cutaneous squamous cell carcinoma (mcscc)	1	modified_disease	18	0
DISEASE	locally advanced or metastatic non-small cell lung cancer	1	modified_disease	35	0
DISEASE	locally advanced or metastatic urothelial carcinoma	1	modified_disease	29	0
DISEASE	locally advanced or unresectable soft tissue sarcoma	1	modified_disease	31	0
DISEASE	locally advanced, unresectable or metastatic pancreatic cancer	0	corrected_overlay	13	0
DISEASE	loiasis	1	standard	54	0
DISEASE	long chain fatty acid oxidation disorders (lc-faods)	0	corrected_overlay	21	0
DISEASE	long qt syndrome 1	1	MONDO	15	0
DISEASE	long qt syndrome 2	0	MONDO	40	0
DISEASE	long qt syndrome 3	0	MONDO	40	0
DISEASE	long qt syndrome 6	0	MONDO	18	0
DISEASE	long qt syndrome 9	0	MONDO	18	0
DISEASE	loricrin keratoderma	0	MONDO	34	0
DISEASE	low back pain	0	standard	25	0
DISEASE	low backache	1	standard	25	0
DISEASE	low blood pressure	1	standard	39	0
DISEASE	low grade glioma	1	modified_disease	27	0
DISEASE	low grade vulvar intraepithelial neoplasia	1	modified_disease	49	0
DISEASE	lower abdominal pain	1	standard	26	0
DISEASE	lower backache	0	corrected_overlay	16	0
DISEASE	lower limb spasticity	1	standard	92	0
DISEASE	lower respiratory tract disorder	0	standard	7	0
DISEASE	lower respiratory tract infections	0	corrected_overlay	25	0
DISEASE	lower urinary tract calculus	1	standard	8	0
DISEASE	lown-ganong-levine syndrome	1	standard	49	0
DISEASE	lumbago	0	standard	25	0
DISEASE	lung abscess	1	standard	21	0
DISEASE	lung adenocarcinoma	1	standard	40	0
DISEASE	lung cancer	1	standard	6	0
DISEASE	lung cancer susceptibility 1	1	MONDO	15	0
DISEASE	lung diseases	0	standard	8	0
DISEASE	lung neoplasms	1	standard	6	0
DISEASE	lung neuroendocrine neoplasm	1	standard	35	0
DISEASE	lung sarcomatoid carcinoma	1	standard	54	0
DISEASE	lung small cell carcinoma, p subtype	1	modified_disease	52	0
DISEASE	lupus erythematosus	1	standard	35	0
DISEASE	lupus nephritis	1	standard	57	0
DISEASE	lyme disease	1	standard	70	0
DISEASE	lymphadenitis	1	standard	5	0
DISEASE	lymphangiectasis	1	standard	7	0
DISEASE	lymphangioleiomyomatosis	1	standard	50	0
DISEASE	lymphangioma	1	standard	26	0
DISEASE	lymphangitis	1	standard	9	0
DISEASE	lymphatic filariasis	1	standard	19	0
DISEASE	lymphedema	1	standard	13	0
DISEASE	lymphoblastic leukemia, acute, with lymphomatous features	1	MedGen	10	0
DISEASE	lymphoblastic lymphoma	1	standard	38	0
DISEASE	lymphogranuloma venereum	1	standard	45	0
DISEASE	lymphoma	1	standard	11	0
DISEASE	lymphoma, follicular	1	standard	41	0
DISEASE	lymphoma, large b-cell, diffuse	0	standard	48	0
DISEASE	lymphoma, non-hodgkin, familial	1	MedGen	11	0
DISEASE	lymphoma, t-cell, cutaneous	0	standard	44	0
DISEASE	lymphomatous meningitis	0	standard	6	0
DISEASE	lymphoplasmacytic lymphoma	1	standard	29	0
DISEASE	lymphoproliferative syndrome	1	standard	30	0
DISEASE	lymphoproliferative syndrome 1	0	MONDO	51	0
DISEASE	lymphoproliferative syndrome 2	0	MONDO	17	0
DISEASE	lymphosarcoma	1	standard	48	0
DISEASE	lysosomal acid phosphatase deficiency	1	MONDO	15	0
DISEASE	lytic lesion	0	standard	6	0
DISEASE	macrocephaly-autism syndrome	0	MONDO	40	0
DISEASE	macroglobulinemia, waldenstrom, 1	1	MedGen	112	0
DISEASE	macrothrombocytopenia and granulocyte inclusions with or without nephritis or sensorineural hearing loss	0	MONDO	60	0
DISEASE	macular corneal dystrophy	0	MONDO	28	0
DISEASE	macular degeneration, age-related, 3	0	MONDO	18	0
DISEASE	macular degeneration, x-linked atrophic	1	MONDO	15	0
DISEASE	macular edema	1	standard	78	0
DISEASE	macular edema following retinal vein occlusion	1	standard	18	0
DISEASE	macular holes	1	standard	28	0
DISEASE	magnesium deficiency	1	standard	71	0
DISEASE	major depressive disorder	1	standard	134	0
DISEASE	malabsorption	1	standard	20	0
DISEASE	malabsorption syndrome	1	standard	17	0
DISEASE	malaria	1	standard	80	0
DISEASE	malaria, susceptibility to	1	MONDO	14	0
DISEASE	malaria, vivax	0	standard	32	0
DISEASE	male breast carcinoma	1	standard	23	0
DISEASE	male hypogonadism	0	corrected_overlay	24	0
DISEASE	male infertility	1	standard	23	0
DISEASE	malignant adrenal gland pheochromocytoma	1	standard	40	0
DISEASE	malignant ascites tumors	1	standard	36	0
DISEASE	malignant cachexia	0	corrected_overlay	12	0
DISEASE	malignant carcinoid syndrome	0	standard	70	0
DISEASE	malignant epithelial tumor of ovary	0	standard	34	0
DISEASE	malignant glioma	1	standard	63	0
DISEASE	malignant hypercalcemia	1	standard	9	0
DISEASE	malignant hypertension	1	standard	31	0
DISEASE	malignant hyperthermia	1	standard	13	0
DISEASE	malignant hyperthermia of anesthesia	0	standard	38	0
DISEASE	malignant hyperthermia, susceptibility to, 1	0	MONDO	19	0
DISEASE	malignant hyperthermia, susceptibility to, 2	1	MedGen	189	0
DISEASE	malignant hyperthermia, susceptibility to, 3	1	HPO	36	0
DISEASE	malignant hyperthermia, susceptibility to, 4	1	MONDO	16	0
DISEASE	malignant hyperthermia, susceptibility to, 5	0	MONDO	19	0
DISEASE	malignant hyperthermia, susceptibility to, 6	1	MONDO	16	0
DISEASE	malignant lymphoma	1	standard	11	0
DISEASE	malignant melanoma	1	standard	106	0
DISEASE	malignant mesothelioma	1	MedGen	80	0
DISEASE	malignant neoplasm of stomach stage iv	1	modified_disease	17	0
DISEASE	malignant pancreatic neoplasm	1	standard	6	0
DISEASE	malignant pleural effusion	1	standard	21	0
DISEASE	malignant pleural mesothelioma	1	standard	52	0
DISEASE	malignant tumor of nasopharynx	1	standard	6	0
DISEASE	malignant tumor of urinary bladder	1	standard	7	0
DISEASE	malnutrition	1	standard	15	0
DISEASE	malonic aciduria	0	MONDO	13	0
DISEASE	malt lymphoma	1	MedGen	37	0
DISEASE	manganese poisoning	1	standard	43	0
DISEASE	mania	1	standard	35	0
DISEASE	manic disorder	1	standard	21	0
DISEASE	mantle cell lymphoma	1	standard	56	0
DISEASE	marfan syndrome	0	MONDO	112	0
DISEASE	marginal corneal ulcer	0	standard	21	0
DISEASE	marginal ulcer	0	standard	17	0
DISEASE	marginal zone lymphoma	1	standard	94	0
DISEASE	marijuana dependence	1	standard	12	0
DISEASE	marinesco-sjogren syndrome	0	MONDO	25	0
DISEASE	mast cell leukemia	1	standard	45	0
DISEASE	mastocytosis	1	standard	50	0
DISEASE	matthew-wood syndrome	0	MONDO	20	0
DISEASE	mature b-cell acute leukemia (b-al)	0	modified_disease	25	0
DISEASE	mature t-all	0	standard	32	0
DISEASE	maturity-onset diabetes of the young type 2	0	MONDO	37	0
DISEASE	maturity-onset diabetes of the young type 3	0	MONDO	15	0
DISEASE	mccune-albright syndrome	0	MONDO	23	0
DISEASE	mckusick-kaufman syndrome	0	MONDO	28	0
DISEASE	mcleod neuroacanthocytosis syndrome	0	Orphanet	45	0
DISEASE	meacham syndrome	0	MONDO	17	0
DISEASE	measles	1	standard	43	0
DISEASE	medullary thyroid cancer	1	standard	78	0
DISEASE	medullary thyroid carcinoma	1	standard	17	0
DISEASE	medullary thyroid gland carcinoma	1	standard	78	0
DISEASE	medulloblastoma	1	standard	92	0
DISEASE	megacolon	1	standard	27	0
DISEASE	megaloblastic anemia	1	standard	32	0
DISEASE	megaloblastic anemia due to vitamin b>12< deficiency	1	modified_disease	47	0
DISEASE	meibomianitis	0	standard	5	0
DISEASE	meige syndrome	1	standard	22	0
DISEASE	melancholia	1	standard	26	0
DISEASE	melanoma	1	standard	106	0
DISEASE	melanoma, cutaneous malignant, susceptibility to, 1	1	MeSH	19	0
DISEASE	melanoma, cutaneous malignant, susceptibility to, 2	0	MONDO	52	0
DISEASE	melanoma, uveal, susceptibility to, 1	1	MedGen	84	0
DISEASE	melanoma, uveal, susceptibility to, 2	1	MedGen	158	0
DISEASE	melas syndrome	1	standard	89	0
DISEASE	melasma of the face	0	corrected_overlay	19	0
DISEASE	melnick-needles syndrome	0	MONDO	32	0
DISEASE	membranous glomerulonephritis	1	standard	43	0
DISEASE	membranous lupus nephritis	0	standard	7	0
DISEASE	meniere's disease	1	standard	30	0
DISEASE	meningeal leukemia	0	standard	10	0
DISEASE	meningeal tuberculosis	1	standard	17	0
DISEASE	meningioma	1	standard	88	0
DISEASE	meningitis	1	standard	63	0
DISEASE	meningitis caused by haemophilus influenzae	1	modified_disease	29	0
DISEASE	meningococcal infection	1	standard	8	0
DISEASE	meningococcal infections	0	standard	8	0
DISEASE	meningococcal meningitis	1	standard	91	0
DISEASE	meningococcemia	0	standard	13	0
DISEASE	meningoencephalitis	1	standard	31	0
DISEASE	menkes disease	1	MedGen	24	0
DISEASE	menopausal symptoms	0	standard	12	0
DISEASE	menopausal syndrome	0	standard	48	0
DISEASE	menorrhagia	1	standard	12	0
DISEASE	menstrual cycle disorder	0	corrected_overlay	19	0
DISEASE	mental and growth retardation with amblyopia	1	MONDO	33	0
DISEASE	mental capacity decline	1	standard	34	0
DISEASE	mercury poisoning	1	standard	18	0
DISEASE	merkel cell carcinoma (mcc)	1	alias_disease	25	0
DISEASE	met exon 14 skipping mutation	1	modified_disease	61	0
DISEASE	metabolic acidosis	1	standard	29	0
DISEASE	metabolic alkalosis	0	standard	17	0
DISEASE	metabolic bone disorder	1	standard	35	0
DISEASE	metabolic dysfunction-associated steatohepatitis	0	standard	37	0
DISEASE	metabolic syndrome	1	standard	39	0
DISEASE	metabolic syndrome x	1	MONDO	14	0
DISEASE	metachondromatosis	0	MONDO	17	0
DISEASE	metastatic basal cell carcinoma	1	modified_disease	23	0
DISEASE	metastatic basal cell carcinoma (mbcc)	1	modified_disease	24	0
DISEASE	metastatic bone disease	1	modified_disease	22	0
DISEASE	metastatic breast cancer	1	modified_disease	14	0
DISEASE	metastatic carcinoma	1	modified_disease	30	0
DISEASE	metastatic castration-resistant prostate cancer	1	modified_disease	23	0
DISEASE	metastatic cervical cancer	1	modified_disease	16	0
DISEASE	metastatic colorectal cancer	1	modified_disease	18	0
DISEASE	metastatic colorectal carcinoma	1	modified_disease	23	0
DISEASE	metastatic egfr t790m mutation positive non-small cell lung cancer	1	modified_disease	36	0
DISEASE	metastatic endometrial carcinoma	1	modified_disease	21	0
DISEASE	metastatic esophageal squamous cell carcinoma	1	modified_disease	25	0
DISEASE	metastatic gastric adenocarcinoma	1	modified_disease	23	0
DISEASE	metastatic gastric carcinoma	1	modified_disease	23	0
DISEASE	metastatic gastroesophageal junction adenocarcinoma	1	modified_disease	24	0
DISEASE	metastatic head and neck squamous cell carcinoma	1	modified_disease	31	0
DISEASE	metastatic hepatocellular carcinoma	1	modified_disease	17	0
DISEASE	metastatic her2-overexpressing breast cancer	1	modified_disease	16	0
DISEASE	metastatic hormone receptor-negative (her2-) breast cancer	1	modified_disease	17	0
DISEASE	metastatic hormone receptor-positive (her2+) breast cancer	1	modified_disease	17	0
DISEASE	metastatic malignant neoplasm	1	modified_disease	31	0
DISEASE	metastatic malignant neoplasm in the brain	1	modified_disease	23	0
DISEASE	metastatic malignant neoplasm in the colon	1	modified_disease	19	0
DISEASE	metastatic malignant neoplasm in the lymph nodes	1	modified_disease	21	0
DISEASE	metastatic malignant neoplasm to bone	1	modified_disease	22	0
DISEASE	metastatic malignant tumor	1	modified_disease	31	0
DISEASE	metastatic medullary thyroid cancer	1	modified_disease	19	0
DISEASE	metastatic merkel cell carcinoma (mcc)	0	modified_disease	36	0
DISEASE	metastatic neuroblastoma	1	modified_disease	21	0
DISEASE	metastatic non-small cell lung cancer	1	modified_disease	32	0
DISEASE	metastatic non-squamous non-small cell lung cancer	1	modified_disease	27	0
DISEASE	metastatic nonseminomatous testicular cancer	0	corrected_overlay	29	0
DISEASE	metastatic or unresectable cutaneous melanoma	1	modified_disease	22	0
DISEASE	metastatic ovarian cancer	1	modified_disease	16	0
DISEASE	metastatic pancreatic cancer	1	modified_disease	25	0
DISEASE	metastatic pheochromocytoma	1	modified_disease	14	0
DISEASE	metastatic prostate cancer	1	modified_disease	22	0
DISEASE	metastatic prostate carcinoma	1	modified_disease	22	0
DISEASE	metastatic renal cell carcinoma	1	modified_disease	22	0
DISEASE	metastatic renal cell carcinoma (rcc)	1	modified_disease	23	0
DISEASE	metastatic ros1-positive non-small cell lung cancer	1	modified_disease	33	0
DISEASE	metastatic soft tissue sarcoma	1	modified_disease	25	0
DISEASE	metastatic squamous non-small cell lung cancer	1	modified_disease	19	0
DISEASE	metastatic testicular cancer	1	modified_disease	24	0
DISEASE	metastatic triple-negative breast cancer (tnbc)	1	modified_disease	15	0
DISEASE	metastatic urothelial carcinoma	1	modified_disease	27	0
DISEASE	metastatic uveal melanoma	1	modified_disease	21	0
DISEASE	methanol poisoning	0	standard	57	0
DISEASE	methemoglobinemia	1	standard	74	0
DISEASE	methemoglobinemia type 4	0	MONDO	16	0
DISEASE	methicillin-resistant staphylococcus aureus infectious disease	1	modified_disease	45	0
DISEASE	methotrexate toxicity	0	standard	6	0
DISEASE	methylcobalamin deficiency type cblg	0	standard	116	0
DISEASE	methylmalonic acidemia	1	standard	45	0
DISEASE	methylmalonic acidemia due to methylmalonyl-coa epimerase deficiency	1	modified_disease	42	0
DISEASE	mevalonate kinase deficiency	0	corrected_overlay	18	0
DISEASE	mhc class i deficiency 1	1	MONDO	16	0
DISEASE	mhc class ii deficiency 1	1	MONDO	16	0
DISEASE	microcephaly, seizures, and developmental delay	0	MONDO	32	0
DISEASE	micrococcus luteus or micrococcus lylae	1	standard	23	0
DISEASE	microcytic anemia with liver iron overload	0	standard	26	0
DISEASE	microphthalmia with limb anomalies	0	MONDO	26	0
DISEASE	microsatellite instability-high (msi-h) or mismatch repair deficient cancer (dmmr)	0	corrected_overlay	56	0
DISEASE	microsatellite instability-high colorectal cancer	0	corrected_overlay	14	0
DISEASE	microsatellite instability-high solid malignant tumor	1	standard	25	0
DISEASE	microscopic polyangiitis	1	standard	36	0
DISEASE	microscopic polyangiitis (mpa)	1	alias_disease	23	0
DISEASE	middle insomnia	0	standard	3	0
DISEASE	migraine	1	standard	41	0
DISEASE	migraine with aura	1	standard	68	0
DISEASE	migraine with brainstem aura	0	standard	17	0
DISEASE	migraine with or without aura, susceptibility to, 1	1	MONDO	12	0
DISEASE	migraine with or without aura, susceptibility to, 3	1	MONDO	12	0
DISEASE	migraine with or without aura, susceptibility to, 5	1	MONDO	12	0
DISEASE	migraine with or without aura, susceptibility to, 6	1	MONDO	12	0
DISEASE	migraine without aura, susceptibility to, 4	0	MONDO	10	0
DISEASE	migraine, familial typical, susceptibility to, 2	1	HPO	15	0
DISEASE	migraines	0	standard	41	0
DISEASE	mild dementia	0	modified_disease	33	0
DISEASE	mild erysipelas	1	modified_disease	18	0
DISEASE	mild hpa	1	modified_disease	28	0
DISEASE	mild neurocognitive disorder	1	modified_disease	16	0
DISEASE	mild to moderate dementia associated with parkinson's disease	1	modified_disease	45	0
DISEASE	mild to moderate dementia of the alzheimer's type	1	modified_disease	34	0
DISEASE	miliary tuberculosis	1	standard	35	0
DISEASE	miller-dieker lissencephaly syndrome	0	MONDO	66	0
DISEASE	minimal change nephropathy	1	standard	30	0
DISEASE	minor cuts	0	corrected_overlay	12	0
DISEASE	miosis	0	standard	23	0
DISEASE	miscarriage	1	standard	16	0
DISEASE	mismatch repair cancer syndrome 1	0	MONDO	41	0
DISEASE	mismatch repair cancer syndrome 2	0	standard	42	0
DISEASE	mite allergy	1	standard	23	0
DISEASE	mitochondrial complex ii deficiency, nuclear type 1	0	MONDO	120	0
DISEASE	mitochondrial dna depletion syndrome 1	1	MONDO	16	0
DISEASE	mitochondrial dna depletion syndrome 4a	0	MONDO	27	0
DISEASE	mitochondrial myopathy, episodic, with optic atrophy and reversible leukoencephalopathy	1	MedGen	86	0
DISEASE	mitochondrial pyruvate carrier deficiency	0	MONDO	24	0
DISEASE	mixed anxiety and depressive disorder	1	standard	26	0
DISEASE	mixed connective tissue disease	1	standard	110	0
DISEASE	mixed dyslipidemia	1	standard	12	0
DISEASE	mixed hyperlipidemia	0	standard	14	0
DISEASE	mixed testicular germ cell cancer	0	standard	42	0
DISEASE	mixed vascular malformation	0	corrected_overlay	25	0
DISEASE	mixed-cell type lymphoma	1	standard	26	0
DISEASE	miyoshi muscular dystrophy 1	1	MedGen	169	0
DISEASE	miyoshi muscular dystrophy 3	1	MONDO	15	0
DISEASE	miyoshi myopathy	1	standard	26	0
DISEASE	moderate acne vulgaris	1	modified_disease	26	0
DISEASE	moderate dementia	1	modified_disease	18	0
DISEASE	moderate hypertension	1	modified_disease	34	0
DISEASE	moderate multiminicore disease with hand involvement	1	modified_disease	46	0
DISEASE	moderate pain	1	modified_disease	36	0
DISEASE	moderate to severe binge eating disorder	1	modified_disease	14	0
DISEASE	moderate to severe pemphigus vulgaris	0	corrected_overlay	28	0
DISEASE	moderate to severe persistent asthma	1	modified_disease	47	0
DISEASE	moderate to severe rheumatoid arthritis	1	modified_disease	24	0
DISEASE	moderate-to-severe glabellar lines	1	modified_disease	21	0
DISEASE	moderately active ulcerative colitis	1	standard	43	0
DISEASE	molluscum contagiosum	1	standard	23	0
DISEASE	molybdenum cofactor deficiency (mocd) type a	1	standard	18	0
DISEASE	monilial infections of the skin caused by candida albicans	0	corrected_overlay	68	0
DISEASE	monkeypox	1	standard	54	0
DISEASE	monocytic leukemia	1	standard	78	0
DISEASE	monocytopenia with susceptibility to infections	1	MONDO	16	0
DISEASE	mood disorder	1	standard	18	0
DISEASE	moraxella catarrhalis	1	standard	19	0
DISEASE	moraxella catarrhalis infection	0	corrected_overlay	12	0
DISEASE	moraxella infections	1	standard	7	0
DISEASE	moraxellaceae infectious disease	0	standard	7	0
DISEASE	morganella infection	0	corrected_overlay	9	0
DISEASE	morphea	1	standard	46	0
DISEASE	morphinan opioid overdose	1	standard	36	0
DISEASE	motion sickness	1	standard	31	0
DISEASE	motion sickness in dogs	1	standard	29	0
DISEASE	mouth ulcers	0	standard	55	0
DISEASE	muckle-wells syndrome (mws)	1	alias_disease	39	0
DISEASE	mucocutaneous lymph node syndrome	1	standard	45	0
DISEASE	mucolipidosis type ii	0	MONDO	23	0
DISEASE	mucolipidosis type iv	0	MONDO	12	0
DISEASE	mucopolysaccharidosis	1	standard	38	0
DISEASE	mucopolysaccharidosis ii	1	standard	55	0
DISEASE	mucopolysaccharidosis iv a	1	standard	35	0
DISEASE	mucopolysaccharidosis type 1	1	modified_disease	19	0
DISEASE	mucopolysaccharidosis type 2	0	MONDO	45	0
DISEASE	mucopolysaccharidosis type 3a	1	MedGen	161	0
DISEASE	mucopolysaccharidosis type 3b	1	MedGen	161	0
DISEASE	mucopolysaccharidosis type 3c	1	MedGen	161	0
DISEASE	mucopolysaccharidosis type 3d	1	MedGen	161	0
DISEASE	mucopolysaccharidosis type 4	1	modified_disease	37	0
DISEASE	mucopolysaccharidosis type 4a	1	modified_disease	35	0
DISEASE	mucopolysaccharidosis type 4b	0	MONDO	24	0
DISEASE	mucopolysaccharidosis type 6	1	modified_disease	20	0
DISEASE	mucopolysaccharidosis type 7	0	MONDO	18	0
DISEASE	mucopolysaccharidosis type 9	0	MONDO	24	0
DISEASE	mucopolysaccharidosis vi	0	standard	23	0
DISEASE	mucopolysaccharidosis vii	1	standard	22	0
DISEASE	mucormycosis	1	standard	48	0
DISEASE	mucosal bleeding	0	corrected_overlay	12	0
DISEASE	mucosulfatidosis	0	MONDO	63	0
DISEASE	multi-infarct dementia	1	standard	53	0
DISEASE	multibacillary leprosy	0	standard	30	0
DISEASE	multicentric carpo-tarsal osteolysis with or without nephropathy	0	MONDO	48	0
DISEASE	multicentric castleman disease	1	standard	36	0
DISEASE	multicentric castleman's disease	1	standard	36	0
DISEASE	multidrug resistant tuberculosis	1	modified_disease	39	0
DISEASE	multidrug-resistant tuberculosis	1	modified_disease	39	0
DISEASE	multifocal motor neuropathy	0	standard	26	0
DISEASE	multinodular goiter	1	standard	10	0
DISEASE	multiple actinic keratoses	1	standard	34	0
DISEASE	multiple acyl-coa dehydrogenase deficiency	0	MONDO	63	0
DISEASE	multiple endocrine neoplasia	1	standard	65	0
DISEASE	multiple gastric ulcers	0	corrected_overlay	16	0
DISEASE	multiple mitochondrial dysfunctions syndrome 1	0	MONDO	20	0
DISEASE	multiple myeloma	1	standard	41	0
DISEASE	multiple pterygium-malignant hyperthermia syndrome	0	MONDO	64	0
DISEASE	multiple sclerosis	1	standard	94	0
DISEASE	multiple sclerosis, susceptibility to 1	1	MONDO	25	0
DISEASE	multiple system atrophy	1	standard	82	0
DISEASE	multiple system atrophy 1, susceptibility to	1	Orphanet	26	0
DISEASE	mumps	1	standard	42	0
DISEASE	murine typhus	1	standard	30	0
DISEASE	muscle contractions	0	standard	29	0
DISEASE	muscle cramps, familial	1	modified_disease	25	0
DISEASE	muscle hematoma	1	standard	43	0
DISEASE	muscle pain	1	standard	5	0
DISEASE	muscle spasm	1	standard	18	0
DISEASE	muscle spasms	0	standard	18	0
DISEASE	muscle spasticity	0	standard	66	0
DISEASE	muscle stiffness	1	standard	11	0
DISEASE	muscle strain	1	standard	29	0
DISEASE	muscle weakness	1	standard	46	0
DISEASE	muscular dystrophy	1	standard	30	0
DISEASE	muscular headache	1	standard	18	0
DISEASE	musculoskeletal pain	1	standard	8	0
DISEASE	musculoskeletal system disorder	1	standard	6	0
DISEASE	mushroom poisoning	0	standard	13	0
DISEASE	mvp1	1	MedGen	229	0
DISEASE	myalgia	1	standard	5	0
DISEASE	myasthenia gravis	1	standard	75	0
DISEASE	mycetoma	1	standard	38	0
DISEASE	mycobacterial infectious disease	0	standard	8	0
DISEASE	mycobacterium avium complex disease	1	standard	8	0
DISEASE	mycobacterium infections, nontuberculous	0	standard	47	0
DISEASE	mycobacterium tuberculosis, susceptibility	1	MONDO	14	0
DISEASE	mycoplasma pneumoniae	1	standard	31	0
DISEASE	mycoplasma pneumoniae infection	0	standard	41	0
DISEASE	mycoplasma pneumoniae pneumonia	1	standard	41	0
DISEASE	mycoplasma strains	0	corrected_overlay	25	0
DISEASE	mycoses	1	standard	4	0
DISEASE	mycosis fungoides	1	standard	34	0
DISEASE	mycosis fungoides (mf)	1	alias_disease	34	0
DISEASE	mycotoxicosis	1	standard	11	0
DISEASE	mydriasis	1	standard	43	0
DISEASE	myelodysplasia	1	standard	71	0
DISEASE	myelodysplastic syndrome with excess blasts	1	standard	36	0
DISEASE	myelodysplastic syndrome with excess blasts-2	1	standard	38	0
DISEASE	myelodysplastic syndrome with ring sideroblasts	1	standard	64	0
DISEASE	myelodysplastic syndrome with single lineage dysplasia	1	standard	44	0
DISEASE	myelodysplastic syndromes (mds)	1	alias_disease	71	0
DISEASE	myelodysplastic/myeloproliferative diseases associated with pdgfr	1	modified_disease	28	0
DISEASE	myelodysplastic/myeloproliferative neoplasm	1	modified_disease	44	0
DISEASE	myelofibrosis	1	standard	59	0
DISEASE	myelofibrosis due to another disorder	1	modified_disease	27	0
DISEASE	myeloid leukemia	1	standard	46	0
DISEASE	myeloid/lymphoid neoplasms associated with eosinophilia and abnormality of pdgfra, pdgfrb, fgfr1 or jak2	1	modified_disease	34	0
DISEASE	myeloproliferative disorder, chronic, with eosinophilia	1	HPO	20	0
DISEASE	myeloproliferative disorders	0	standard	37	0
DISEASE	myelosuppression	1	standard	16	0
DISEASE	myhre syndrome	0	MONDO	47	0
DISEASE	myocardial contusions	0	standard	10	0
DISEASE	myocardial disorder	1	standard	18	0
DISEASE	myocardial infarction	1	standard	17	0
DISEASE	myocardial infarction, susceptibility to	1	MONDO	15	0
DISEASE	myocardial infarction, susceptibility to, 2	1	MedGen	13	0
DISEASE	myocardial ischemia	1	standard	74	0
DISEASE	myoclonic epilepsy, juvenile, susceptibility to, 3	1	MONDO	17	0
DISEASE	myoclonic seizure	1	standard	39	0
DISEASE	myoclonus	1	standard	55	0
DISEASE	myofibrillar myopathy 4	0	MONDO	72	0
DISEASE	myofibrillar myopathy 5	0	MONDO	82	0
DISEASE	myopathy with abnormal lipid metabolism	1	MONDO	16	0
DISEASE	myopathy, centronuclear, 2	0	MONDO	17	0
DISEASE	myopathy, distal, infantile-onset	1	MONDO	13	0
DISEASE	myopathy, distal, with rimmed vacuoles	1	standard	48	0
DISEASE	myopathy, lactic acidosis, and sideroblastic anemia 1	0	MONDO	21	0
DISEASE	myopathy, lactic acidosis, and sideroblastic anemia 2	0	MONDO	20	0
DISEASE	myopathy, proximal, and ophthalmoplegia	0	MONDO	44	0
DISEASE	myopia	1	standard	55	0
DISEASE	myopia 17, autosomal dominant	1	MedGen	62	0
DISEASE	myopia 6	0	MONDO	16	0
DISEASE	myopic choroidal neovascularization	1	standard	42	0
DISEASE	myosclerosis	0	MONDO	90	0
DISEASE	myositis	0	standard	14	0
DISEASE	myotonia congenita	1	standard	74	0
DISEASE	myotonia congenita, autosomal dominant	1	MONDO	15	0
DISEASE	myotonia congenita, autosomal recessive	1	MedGen	128	0
DISEASE	myotonic dystrophy type 1	1	MedGen	117	0
DISEASE	myotonic dystrophy type 2	0	MONDO	64	0
DISEASE	myotonic muscular dystrophy	1	standard	52	0
DISEASE	myxedema	1	standard	53	0
DISEASE	myxedema coma	1	standard	54	0
DISEASE	myxoid liposarcoma	0	MONDO	41	0
DISEASE	ménière's disease	1	standard	30	0
DISEASE	naeglerias	0	standard	36	0
DISEASE	nail disorder	1	standard	5	0
DISEASE	nail-patella syndrome	0	MONDO	30	0
DISEASE	narcolepsy	1	standard	58	0
DISEASE	narcolepsy 1	1	MedGen	205	0
DISEASE	narcolepsy 2, susceptibility to	1	MONDO	15	0
DISEASE	narcolepsy 7	0	MONDO	16	0
DISEASE	narcolepsy without cataplexy	1	standard	18	0
DISEASE	narcolepsy-cataplexy syndrome	1	standard	58	0
DISEASE	narp syndrome	0	MONDO	20	0
DISEASE	nasal congestion	1	standard	26	0
DISEASE	nasal disorder	1	standard	7	0
DISEASE	nasal mucosa atrophy	0	corrected_overlay	22	0
DISEASE	nasal polyp	1	standard	29	0
DISEASE	nasal polyps	0	standard	29	0
DISEASE	nasolabial fold wrinkles	1	standard	14	0
DISEASE	nasopharyngeal carcinoma	1	standard	61	0
DISEASE	nasopharyngeal carcinoma, susceptibility to, 1	0	MONDO	17	0
DISEASE	nasopharyngeal carcinoma, susceptibility to, 2	1	MedGen	47	0
DISEASE	nasopharyngeal squamous cell carcinoma	1	standard	9	0
DISEASE	nausea	1	standard	22	0
DISEASE	nausea and vomiting	0	standard	26	0
DISEASE	nausea and vomiting associated with emetogenic chemotherapy	0	modified_disease	36	0
DISEASE	nausea and vomiting associated with moderately emetogenic cancer chemotherapy	0	modified_disease	28	0
DISEASE	nausea and vomiting associated with surgical and diagnostic procedures	0	modified_disease	36	0
DISEASE	nausea associated with gastroenteritis	1	modified_disease	45	0
DISEASE	nausea induced by cytotoxic therapy	1	standard	22	0
DISEASE	necator americanus infection	0	corrected_overlay	10	0
DISEASE	necatoriasis due to necator americanus (disorder)	1	modified_disease	43	0
DISEASE	neck carcinoma	1	standard	26	0
DISEASE	neck pain	1	standard	29	0
DISEASE	necrobacillosis	1	standard	7	0
DISEASE	necrosis	1	standard	31	0
DISEASE	necrotizing soft tissue infection	0	standard	59	0
DISEASE	neisseria meningitidis group a	1	modified_disease	34	0
DISEASE	neisseria meningitidis group c	1	modified_disease	29	0
DISEASE	neisseria meningitidis group w-135	1	modified_disease	16	0
DISEASE	neisseria meningitidis group y	1	modified_disease	25	0
DISEASE	neonatal diabetes mellitus	1	modified_disease	69	0
DISEASE	neonatal sepsis	1	modified_disease	30	0
DISEASE	neonatal-onset multisystem inflammatory disease (nomid)	0	corrected_overlay	20	0
DISEASE	neoplasm	1	standard	25	0
DISEASE	neoplasm metastasis	0	standard	20	0
DISEASE	neoplasm of mature b-cells	0	standard	22	0
DISEASE	neoplasm of testis	1	standard	7	0
DISEASE	neovascular (wet) age-related macular degeneration (amd)	0	alias_disease	23	0
DISEASE	neovascular glaucoma	1	standard	49	0
DISEASE	nephritic syndrome	0	standard	25	0
DISEASE	nephroblastoma	1	standard	57	0
DISEASE	nephrogenic diabetes insipidus	1	standard	52	0
DISEASE	nephrolithiasis	1	standard	6	0
DISEASE	nephrolithiasis, calcium oxalate	1	standard	28	0
DISEASE	nephrolithiasis, x-linked recessive, with renal failure	0	MONDO	33	0
DISEASE	nephronophthisis 1	0	MONDO	36	0
DISEASE	nephropathic cystinosis	1	standard	49	0
DISEASE	nephropathy	1	standard	9	0
DISEASE	nephrotic syndrome	1	standard	43	0
DISEASE	nephrotic syndrome, type 2	1	MedGen	95	0
DISEASE	nephrotic syndrome, type 3	0	MONDO	17	0
DISEASE	nephrotic syndrome, type 4	0	MONDO	27	0
DISEASE	nephrotic syndrome, type 6	0	MONDO	17	0
DISEASE	nephrotic syndrome, type 8	0	MONDO	17	0
DISEASE	nephrotic syndrome, type 9	0	MONDO	17	0
DISEASE	nervous system disorder	1	standard	29	0
DISEASE	nesidioblastosis	1	standard	16	0
DISEASE	nestor-guillermo progeria syndrome	0	MONDO	34	0
DISEASE	neural tube defects, susceptibility to	1	MedGen	170	0
DISEASE	neural tube defects, x-linked	0	corrected_overlay	19	0
DISEASE	neuralgia	1	standard	17	0
DISEASE	neuroblastoma	1	standard	101	0
DISEASE	neuroblastoma recurrent	0	corrected_overlay	6	0
DISEASE	neuroblastoma, susceptibility to, 1	1	MONDO	130	0
DISEASE	neurocysticercosis	1	standard	80	0
DISEASE	neurodermatitis	1	standard	57	0
DISEASE	neurodevelopmental disorder with progressive spasticity and brain white matter abnormalities	1	modified_disease	38	0
DISEASE	neuroendocrine neoplasm	0	standard	15	0
DISEASE	neurofibromatosis type 1	0	MONDO	20	0
DISEASE	neurogenic bladder	1	standard	42	0
DISEASE	neurogenic detrusor overactivity	1	standard	51	0
DISEASE	neurogenic urinary bladder, uninhibited	0	standard	42	0
DISEASE	neurohypophyseal diabetes insipidus	0	MONDO	27	0
DISEASE	neurologic dysfunction	0	standard	11	0
DISEASE	neurological signs and symptoms	0	standard	20	0
DISEASE	neuroma	1	standard	13	0
DISEASE	neuromuscular blockade	1	standard	94	0
DISEASE	neuromuscular disease	1	standard	31	0
DISEASE	neuromyelitis optica	1	standard	23	0
DISEASE	neuromyelitis optica spectrum disorder	1	curated_standard_definition	40	0
DISEASE	neuromyelitis optica spectrum disorder (nmosd)	0	corrected_overlay	23	0
DISEASE	neuromyelitis optica spectrum disorder with anti-aqp4 antibodies	1	modified_disease	34	0
DISEASE	neuronal ceroid lipofuscinosis 2	1	standard	30	0
DISEASE	neuronal ceroid lipofuscinosis 3	1	MedGen	285	0
DISEASE	neuropathic pain	1	standard	17	0
DISEASE	neuropathic pain associated with postherpetic neuralgia	1	modified_disease	24	0
DISEASE	neuropathy	0	standard	11	0
DISEASE	neuropathy, hereditary sensory, type 2c	0	MONDO	22	0
DISEASE	neurosis	1	standard	22	0
DISEASE	neurosyphilis	1	standard	87	0
DISEASE	neurotic depression	1	standard	26	0
DISEASE	neurotic or reactive depressive disorders	0	corrected_overlay	21	0
DISEASE	neurotrophic keratitis	0	standard	47	0
DISEASE	neurotrophic keratopathy	0	standard	47	0
DISEASE	neutropenia	1	standard	11	0
DISEASE	neutropenia, chronic familial	1	modified_disease	20	0
DISEASE	neutrophil immunodeficiency syndrome	0	MONDO	28	0
DISEASE	nevus, epidermal	0	MONDO	75	0
DISEASE	newborn respiratory distress syndrome	1	standard	24	0
DISEASE	nicotine dependence	1	standard	16	0
DISEASE	niemann-pick disease type a	0	MONDO	38	0
DISEASE	niemann-pick disease type b	1	standard	36	0
DISEASE	niemann-pick disease type c	0	standard	20	0
DISEASE	niemann-pick disease, type c	1	standard	73	0
DISEASE	niemann-pick disease, type c1	1	MedGen	185	0
DISEASE	niemann-pick disease, type c2	0	MONDO	123	0
DISEASE	nitrogen balance negative	1	modified_disease	15	0
DISEASE	nocardiosis	1	standard	17	0
DISEASE	nocturnal asthma	1	standard	68	0
DISEASE	nocturnal enuresis	1	standard	6	0
DISEASE	nocturnal enuresis, 2	0	MONDO	17	0
DISEASE	nocturnal leg muscle cramps	0	corrected_overlay	26	0
DISEASE	nocturnal polyuria	0	corrected_overlay	11	0
DISEASE	nodular goiter	1	standard	34	0
DISEASE	nodular sclerosis classical hodgkin lymphoma	1	standard	27	0
DISEASE	non-alcoholic fatty liver disease	1	standard	53	0
DISEASE	non-allergic anaphylaxis	0	corrected_overlay	16	0
DISEASE	non-hodgkin lymphoma	1	standard	48	0
DISEASE	non-hodgkin's lymphoma	1	standard	48	0
DISEASE	non-hodgkin's lymphoma (nhl)	1	alias_disease	68	0
DISEASE	non-progressing b-cell non-hodgkin's lymphoma (nhl)	0	corrected_overlay	17	0
DISEASE	non-psychotic anxiety	1	standard	12	0
DISEASE	non-q wave myocardial infarction	0	standard	31	0
DISEASE	non-radiographic axial spondyloarthritis	0	standard	44	0
DISEASE	non-small cell lung cancer	1	modified_disease	30	0
DISEASE	non-small cell lung cancer (nsclc)	1	modified_disease	31	0
DISEASE	non-small cell lung cancer recurrent	1	modified_disease	33	0
DISEASE	non-small cell lung carcinoma	1	modified_disease	52	0
DISEASE	non-small cell squamous lung carcinoma	1	modified_disease	27	0
DISEASE	non-squamous non-small cell lung cancer	1	modified_disease	29	0
DISEASE	nonallergic rhinitis	0	corrected_overlay	13	0
DISEASE	noncompensatory sinus tachycardia	1	standard	37	0
DISEASE	nondystrophic myotonia	1	standard	50	0
DISEASE	nongonococcal cervicitis	0	corrected_overlay	16	0
DISEASE	nonimmune chronic idiopathic neutropenia of adults	1	modified_disease	70	0
DISEASE	noninsulin-dependent diabetes mellitus	1	standard	52	0
DISEASE	nonpapillary renal cell carcinoma	0	Disease Ontology	6	0
DISEASE	nonsegmental vitiligo	1	curated_standard_definition	29	0
DISEASE	nonsustained ventricular tachycardia	0	standard	69	0
DISEASE	nontoxic diffuse goiter	0	standard	14	0
DISEASE	nontoxic goiter	1	standard	17	0
DISEASE	nontuberculous mycobacterial infection	1	standard	47	0
DISEASE	nonulcer dyspepsia	0	corrected_overlay	23	0
DISEASE	nonvalvular atrial fibrillation	1	standard	41	0
DISEASE	noonan syndrome	1	standard	132	0
DISEASE	norman-roberts syndrome	0	MONDO	36	0
DISEASE	norrie disease	0	MONDO	29	0
DISEASE	north american crotalid envenomation	1	standard	29	0
DISEASE	north american pit viper envenomation	1	standard	29	0
DISEASE	nosocomial pneumonia	0	standard	6	0
DISEASE	ntrk fusion gene positive	1	modified_disease	40	0
DISEASE	ntrk gene fusion overexpression	1	standard	16	0
DISEASE	ntrk gene fusion-positive solid tumors	1	modified_disease	22	0
DISEASE	nummular eczema	0	standard	33	0
DISEASE	nutritional anemia	1	standard	13	0
DISEASE	obesity	1	standard	60	0
DISEASE	obesity due to bardet-biedl syndrome	1	modified_disease	14	0
DISEASE	obesity due to leptin receptor (lepr) deficiency	1	modified_disease	34	0
DISEASE	obesity due to leptin receptor gene deficiency	1	modified_disease	33	0
DISEASE	obesity due to pro-opiomelanocortin (pomc) deficiency	1	modified_disease	36	0
DISEASE	obesity due to pro-opiomelanocortin deficiency	1	modified_disease	30	0
DISEASE	obesity due to prohormone convertase i deficiency	1	modified_disease	21	0
DISEASE	obesity due to proprotein subtilisin/kexin type 1 (pcsk1) deficiency	1	modified_disease	36	0
DISEASE	obesity, hyperphagia, and developmental delay	1	MONDO	16	0
DISEASE	obsessions	0	standard	21	0
DISEASE	obsessive-compulsive disorder	1	standard	56	0
DISEASE	obsolete abnormal neutrophil chemotactic response	1	MeSH	15	0
DISEASE	obsolete bone mineral density quantitative trait locus 1	1	MedGen	101	0
DISEASE	obsolete diabetes insipidus, neurohypophyseal type, x-linked inheritance	1	MedGen	12	0
DISEASE	obsolete exostoses of heel	1	MedGen	11	0
DISEASE	obsolete hypertension, diastolic, resistance to	1	MONDO	12	0
DISEASE	obsolete immune suppression	1	IDO	33	0
DISEASE	obsolete susceptibility to ischemic stroke	1	MedGen	126	0
DISEASE	obstetric labor complication	0	standard	29	0
DISEASE	obstructive jaundice	1	standard	30	0
DISEASE	obstructive pulmonary disease (opd)	1	alias_disease	20	0
DISEASE	obstructive sleep apnea	1	standard	77	0
DISEASE	obstructive sleep apnea in obesity	1	standard	77	0
DISEASE	obstructive sleep apnea syndrome	1	standard	11	0
DISEASE	occlusion of arteriovenous cannulae	1	standard	22	0
DISEASE	occlusive peripheral vascular disease	0	standard	44	0
DISEASE	occlusive thromboemboli in peripheral arteries and grafts	1	standard	38	0
DISEASE	occult macular dystrophy	0	MONDO	42	0
DISEASE	ocular cicatricial pemphigoid	1	standard	32	0
DISEASE	ocular cystinosis	0	standard	36	0
DISEASE	ocular hypertension	1	standard	17	0
DISEASE	ocular infections	1	standard	29	0
DISEASE	ocular pain	0	corrected_overlay	8	0
DISEASE	ocular pruritus	0	corrected_overlay	12	0
DISEASE	ocular rosacea	0	standard	72	0
DISEASE	ocular vascular disorder	1	standard	12	0
DISEASE	oculo-palato-cerebral syndrome	0	standard	18	0
DISEASE	oculoauricular syndrome	0	MONDO	62	0
DISEASE	oculocerebrorenal syndrome	0	MONDO	27	0
DISEASE	oculocutaneous albinism type 2	0	MONDO	44	0
DISEASE	oculocutaneous albinism type 3	0	MONDO	25	0
DISEASE	oculocutaneous albinism type 4	0	MONDO	31	0
DISEASE	oculocutaneous albinism type 6	0	MONDO	27	0
DISEASE	oculocutaneous albinism type 7	0	MONDO	25	0
DISEASE	oculodentodigital dysplasia	0	MONDO	12	0
DISEASE	off-periods in parkinson disease not responding to oral treatment	0	corrected_overlay	32	0
DISEASE	ogden syndrome	0	MONDO	76	0
DISEASE	old myocardial infarction	0	standard	17	0
DISEASE	oligo-ovulation	0	corrected_overlay	18	0
DISEASE	oligodendroglioma	1	standard	104	0
DISEASE	oligomenorrhea	1	standard	3	0
DISEASE	oligospermia	1	standard	33	0
DISEASE	oliguria	1	standard	30	0
DISEASE	onchocerciasis	1	standard	23	0
DISEASE	oncogenic osteomalacia	1	standard	206	0
DISEASE	onychocryptosis	0	standard	39	0
DISEASE	onychomycosis	1	standard	14	0
DISEASE	onychomycosis of toenails	0	corrected_overlay	21	0
DISEASE	onychotrichodysplasia and neutropenia	1	MedGen	11	0
DISEASE	open-angle glaucoma	1	standard	24	0
DISEASE	ophthalmia neonatorum	1	standard	29	0
DISEASE	ophthalmic herpes zoster	0	standard	41	0
DISEASE	ophthalmoplegia-intellectual disability-lingua scrotalis syndrome	0	Orphanet	46	0
DISEASE	opiate dependence	1	standard	11	0
DISEASE	opioid abuse	1	standard	11	0
DISEASE	opioid dependence	1	standard	11	0
DISEASE	opioid overdose	0	standard	20	0
DISEASE	opioid withdrawal	1	standard	57	0
DISEASE	opioid-induced constipation	1	standard	7	0
DISEASE	opioid-induced constipation (oic)	1	alias_disease	26	0
DISEASE	opisthorchiasis	1	standard	7	0
DISEASE	optic atrophy 3	1	MONDO	14	0
DISEASE	optic atrophy 5	1	MONDO	14	0
DISEASE	optic atrophy, hearing loss, and peripheral neuropathy, autosomal dominant	1	MONDO	35	0
DISEASE	optic neuritis	1	standard	88	0
DISEASE	optn-related open angle glaucoma	0	MONDO	18	0
DISEASE	oral cancer	1	standard	6	0
DISEASE	oral candidiasis	1	standard	18	0
DISEASE	oral cavity cancer	1	standard	16	0
DISEASE	oral cavity squamous cell carcinoma	1	standard	39	0
DISEASE	oral corticosteroid dependent asthma	1	standard	8	0
DISEASE	oral lichen planus	1	standard	68	0
DISEASE	oral ulcer	1	standard	55	0
DISEASE	oral warts arising from hiv infection	1	modified_disease	28	0
DISEASE	orchitis	1	standard	36	0
DISEASE	organ transplant rejection	1	modified_disease	29	0
DISEASE	organic disease present	1	standard	14	0
DISEASE	organophosphate poisoning	1	standard	13	0
DISEASE	ornithine aminotransferase deficiency	0	MONDO	15	0
DISEASE	ornithine carbamoyltransferase deficiency	1	standard	50	0
DISEASE	ornithosis	1	standard	35	0
DISEASE	oro-pharyngeal mucositis	0	corrected_overlay	17	0
DISEASE	orofacial cleft 5	0	MONDO	17	0
DISEASE	oropharyngeal candidiasis	0	standard	39	0
DISEASE	oropharynx cancer	1	standard	10	0
DISEASE	oropharynx squamous cell carcinoma	0	standard	8	0
DISEASE	orotic aciduria	1	standard	46	0
DISEASE	oroya fever	1	standard	50	0
DISEASE	orthostatic hypotension	1	standard	53	0
DISEASE	ossification of the posterior longitudinal ligament of the spine	0	MONDO	42	0
DISEASE	osteitis deformans	1	standard	49	0
DISEASE	osteoarthritis	1	standard	46	0
DISEASE	osteoarthritis of knee	0	standard	44	0
DISEASE	osteoarthritis of scapulohumerous	1	standard	40	0
DISEASE	osteoarthritis susceptibility 1	0	MONDO	16	0
DISEASE	osteoarthritis susceptibility 2	1	MONDO	16	0
DISEASE	osteoarthritis susceptibility 3	0	MONDO	16	0
DISEASE	osteoarthritis, hand	0	standard	47	0
DISEASE	osteoarthritis, hip	1	standard	44	0
DISEASE	osteoarthritis, knee	1	standard	44	0
DISEASE	osteocraniostenosis	0	MONDO	30	0
DISEASE	osteofibrous dysplasia	0	MONDO	48	0
DISEASE	osteogenesis imperfecta	1	standard	37	0
DISEASE	osteogenesis imperfecta type 1	0	MONDO	41	0
DISEASE	osteogenesis imperfecta type 10	0	MONDO	17	0
DISEASE	osteogenesis imperfecta type 11	0	MONDO	17	0
DISEASE	osteogenesis imperfecta type 12	0	MONDO	17	0
DISEASE	osteogenesis imperfecta type 13	0	MONDO	17	0
DISEASE	osteogenesis imperfecta type 14	0	MONDO	17	0
DISEASE	osteogenesis imperfecta type 15	0	MONDO	17	0
DISEASE	osteogenesis imperfecta type 2	0	MONDO	54	0
DISEASE	osteogenesis imperfecta type 3	0	MONDO	49	0
DISEASE	osteogenesis imperfecta type 4	0	MONDO	48	0
DISEASE	osteogenesis imperfecta type 5	0	MONDO	59	0
DISEASE	osteogenesis imperfecta type 6	0	MONDO	17	0
DISEASE	osteogenesis imperfecta type 7	0	MONDO	17	0
DISEASE	osteogenesis imperfecta type 8	0	MONDO	17	0
DISEASE	osteogenesis imperfecta type 9	0	MONDO	17	0
DISEASE	osteoglophonic dysplasia	0	MONDO	14	0
DISEASE	osteolytic bone metastases of breast cancer	1	standard	35	0
DISEASE	osteolytic lesions of multiple myeloma	0	standard	22	0
DISEASE	osteomalacia	1	standard	58	0
DISEASE	osteomyelitis	1	standard	17	0
DISEASE	osteonecrosis	1	standard	13	0
DISEASE	osteopenia	1	standard	9	0
DISEASE	osteopetrosis	1	standard	20	0
DISEASE	osteoporosis	1	standard	31	0
DISEASE	osteoporosis-pseudoglioma syndrome	1	MedGen	55	0
DISEASE	osteoporotic fractures	0	standard	14	0
DISEASE	osteoradionecrosis	1	standard	6	0
DISEASE	otitis	1	standard	35	0
DISEASE	otitis externa	1	standard	20	0
DISEASE	otitis media	1	standard	31	0
DISEASE	otitis media, susceptibility to	1	MONDO	31	0
DISEASE	otofaciocervical syndrome 1	0	MONDO	17	0
DISEASE	otofaciocervical syndrome 2	0	MONDO	17	0
DISEASE	otorhinolaryngologic disease	1	standard	16	0
DISEASE	ovale malaria	0	standard	27	0
DISEASE	ovarian adenocarcinoma	1	standard	29	0
DISEASE	ovarian cancer	1	standard	36	0
DISEASE	ovarian cancer stage iv	1	modified_disease	16	0
DISEASE	ovarian cancer, susceptibility to, 1	1	MONDO	16	0
DISEASE	ovarian carcinoma	0	standard	63	0
DISEASE	ovarian dysgenesis 1	1	MONDO	14	0
DISEASE	ovarian dysgenesis 2	0	MONDO	18	0
DISEASE	ovarian dysgenesis 3	0	MONDO	19	0
DISEASE	ovarian hyperstimulation syndrome	1	standard	62	0
DISEASE	ovarian neoplasm	1	standard	36	0
DISEASE	ovarian neoplasms	0	standard	36	0
DISEASE	overactive bladder	1	standard	45	0
DISEASE	overdose	0	standard	11	0
DISEASE	overweight body mass index status	0	corrected_overlay	18	0
DISEASE	ovulatory dysfunction	0	corrected_overlay	10	0
DISEASE	oxoglutaricaciduria	0	MONDO	47	0
DISEASE	paget disease of bone 2, early-onset	1	MedGen	69	0
DISEASE	paget disease of bone 3	1	MONDO	16	0
DISEASE	paget's disease	1	standard	41	0
DISEASE	pain	1	standard	16	0
DISEASE	pain after injury	0	corrected_overlay	9	0
DISEASE	pain associated with endometriosis	1	modified_disease	21	0
DISEASE	pain following ocular surgery	0	corrected_overlay	20	0
DISEASE	pain in osteoarthritis	1	standard	40	0
DISEASE	pain with intercourse	0	corrected_overlay	10	0
DISEASE	painful muscular contractions	0	corrected_overlay	16	0
DISEASE	palmoplantar keratosis	1	standard	24	0
DISEASE	pancreatic adenocarcinoma	1	standard	11	0
DISEASE	pancreatic adenocarcinoma metastatic	0	corrected_overlay	7	0
DISEASE	pancreatic cancer	1	standard	46	0
DISEASE	pancreatic carcinoma non-resectable	0	standard	10	0
DISEASE	pancreatic ductal adenocarcinoma	1	standard	74	0
DISEASE	pancreatic endocrine carcinoma	1	standard	54	0
DISEASE	pancreatic insufficiency	1	standard	39	0
DISEASE	pancreatic insufficiency attributed to cystic fibrosis	1	standard	65	0
DISEASE	pancreatic islet-cell hyperplasia	0	standard	18	0
DISEASE	pancreatic neoplasm	1	standard	46	0
DISEASE	pancreatic neuroendocrine neoplasm	0	standard	22	0
DISEASE	pancreatic neuroendocrine tumor	1	standard	74	0
DISEASE	pancreatic neuroendocrine tumors	0	corrected_overlay	23	0
DISEASE	pancreatitis	1	standard	43	0
DISEASE	pancreatitis, sclerosing cholangitis, and sicca complex	1	MONDO	4	0
DISEASE	panhypopituitarism	1	standard	8	0
DISEASE	panic attack	1	standard	112	0
DISEASE	panic disorder	1	standard	25	0
DISEASE	panic disorder 1	1	MONDO	25	0
DISEASE	panic disorder with agoraphobia	1	standard	26	0
DISEASE	panuveitis	1	standard	56	0
DISEASE	papillary carcinoma	1	standard	29	0
DISEASE	papillary renal cell carcinoma	1	standard	37	0
DISEASE	papillary tumors	1	standard	10	0
DISEASE	papillary urothelial cell carcinoma	1	standard	22	0
DISEASE	papillon-lefevre disease	1	MedGen	24	0
DISEASE	paracetamol poisoning	0	corrected_overlay	8	0
DISEASE	paraganglioma	1	standard	75	0
DISEASE	paragonimiasis	1	standard	7	0
DISEASE	parainfluenza virus infections	0	standard	22	0
DISEASE	paralysis agitans, juvenile, of hunt	0	corrected_overlay	19	0
DISEASE	paralytic ileus	1	standard	32	0
DISEASE	parametritis	1	standard	27	0
DISEASE	paramyotonia congenita of von eulenburg	0	MONDO	51	0
DISEASE	paranasal sinus cancer	1	standard	7	0
DISEASE	paranasal sinus squamous cell carcinoma	1	standard	28	0
DISEASE	paranoia	1	standard	42	0
DISEASE	paranoid psychosis	1	standard	42	0
DISEASE	paraplegia	1	standard	45	0
DISEASE	parastremmatic dwarfism	0	MONDO	21	0
DISEASE	parathyroid gland carcinoma	1	standard	61	0
DISEASE	parenteral nutrition	1	standard	34	0
DISEASE	parkinson disease	1	standard	61	0
DISEASE	parkinson disease 11, autosomal dominant, susceptibility to	1	MedGen	197	0
DISEASE	parkinson disease 17	0	MONDO	17	0
DISEASE	parkinson disease 3, autosomal dominant	1	MedGen	197	0
DISEASE	parkinson disease, mitochondrial	1	MedGen	197	0
DISEASE	parkinson's disease	1	standard	96	0
DISEASE	parkinsonian-pyramidal syndrome	1	MedGen	197	0
DISEASE	parkinsonism	1	standard	57	0
DISEASE	parkinsonism with dementia of guadeloupe	0	standard	28	0
DISEASE	paronychia	1	standard	72	0
DISEASE	paroxysmal atrial fibrillation	1	standard	46	0
DISEASE	paroxysmal atrial flutter	0	standard	28	0
DISEASE	paroxysmal nocturnal hemoglobinuria	1	standard	58	0
DISEASE	paroxysmal nocturnal hemoglobinuria (pnh)	1	alias_disease	24	0
DISEASE	paroxysmal supraventricular tachycardia	1	standard	69	0
DISEASE	paroxysmal tachycardia	1	standard	8	0
DISEASE	partial motor epilepsy	0	standard	32	0
DISEASE	partial seizure	1	standard	39	0
DISEASE	partial seizures	0	standard	39	0
DISEASE	partial thickness burn	1	standard	22	0
DISEASE	partial urethral obstruction	0	corrected_overlay	23	0
DISEASE	partial-onset seizures	1	standard	81	0
DISEASE	pasteurella hemorrhagic septicemia	0	standard	39	0
DISEASE	pasteurella infections	0	standard	7	0
DISEASE	pasteurellosis	1	standard	7	0
DISEASE	patent ductus arteriosus	1	standard	39	0
DISEASE	pathologic fracture	1	standard	23	0
DISEASE	pathologic myopia	1	standard	12	0
DISEASE	pathological hypersecretory conditions	0	corrected_overlay	24	0
DISEASE	pda1	1	MONDO	12	0
DISEASE	peanut allergy	1	standard	11	0
DISEASE	pecoma	1	standard	45	0
DISEASE	pediatric arterial ischemic stroke	0	standard	29	0
DISEASE	pediatric ulcerative colitis	0	standard	18	0
DISEASE	pediculosis	1	standard	44	0
DISEASE	pediculus humanus capitis infestation	1	standard	7	0
DISEASE	pelger-huet-like anomaly and episodic fever with abdominal pain	0	MONDO	18	0
DISEASE	pellagra	1	standard	31	0
DISEASE	pelvic infections	0	standard	9	0
DISEASE	pelvic inflammatory disease	1	standard	64	0
DISEASE	pelvic muscle wasting	0	standard	42	0
DISEASE	pelvis infections	0	corrected_overlay	11	0
DISEASE	pemphigoid	1	standard	16	0
DISEASE	pemphigus	1	standard	15	0
DISEASE	pemphigus foliaceus	1	standard	15	0
DISEASE	pemphigus vulgaris	1	standard	15	0
DISEASE	pendred syndrome	0	MONDO	18	0
DISEASE	penile cancer	1	standard	11	0
DISEASE	penile induration	1	standard	52	0
DISEASE	penis mixed squamous cell carcinoma	0	standard	30	0
DISEASE	peptic esophagitis	1	standard	20	0
DISEASE	peptic ulcer	1	standard	51	0
DISEASE	peptic ulcers	0	standard	51	0
DISEASE	peptostreptococcus species	1	standard	27	0
DISEASE	perennial allergic rhinitis	1	standard	10	0
DISEASE	perennial rhinitis	1	standard	35	0
DISEASE	perianal warts	0	corrected_overlay	15	0
DISEASE	periarthritis	1	standard	10	0
DISEASE	periarthritis scapulohumeralis	1	standard	10	0
DISEASE	pericardial tuberculosis	1	standard	33	0
DISEASE	pericarditis	1	standard	25	0
DISEASE	pericoronitis	1	standard	10	0
DISEASE	perinatal hbv infection	1	modified_disease	18	0
DISEASE	perinatal lethal hypophosphatasia	1	modified_disease	75	0
DISEASE	perinatal/infantile hypophosphatasia	1	modified_disease	34	0
DISEASE	perinephric abscess	0	standard	15	0
DISEASE	periodontal inflammation	1	standard	30	0
DISEASE	periodontitis	1	standard	51	0
DISEASE	periodontitis, aggressive 1	0	MONDO	79	0
DISEASE	periodontitis, chronic, adult	1	modified_disease	26	0
DISEASE	perioperative hemorrhage	1	standard	29	0
DISEASE	perioperative hypertension	1	standard	15	0
DISEASE	perioperative thrombosis	1	standard	35	0
DISEASE	peripheral arterial disease	1	standard	24	0
DISEASE	peripheral arterial embolism	1	standard	49	0
DISEASE	peripheral embolism	1	standard	48	0
DISEASE	peripheral motor neuropathy-dysautonomia syndrome	0	MONDO	44	0
DISEASE	peripheral neuropathic pain	0	corrected_overlay	19	0
DISEASE	peripheral neuropathy	1	standard	28	0
DISEASE	peripheral neuropathy, ataxia, focal necrotizing encephalopathy, and spongy degeneration of brain	1	MONDO	26	0
DISEASE	peripheral t-cell lymphoma	1	standard	58	0
DISEASE	peripheral t-cell lymphoma, not otherwise specified	0	manual_final7_review	30	0
DISEASE	peripheral vascular disease	1	standard	15	0
DISEASE	peripheral vascular diseases	0	standard	15	0
DISEASE	peripheral vertigo	1	standard	70	0
DISEASE	peripheral vessel disease	1	standard	14	0
DISEASE	peritoneal abscess	0	standard	8	0
DISEASE	peritoneal membrane disorder	0	corrected_overlay	13	0
DISEASE	peritonitis	1	standard	51	0
DISEASE	peritonsillar abscess	1	standard	15	0
DISEASE	peritonsillitis	0	corrected_overlay	23	0
DISEASE	perlman syndrome	0	MONDO	26	0
DISEASE	permanent atrial fibrillation	0	standard	30	0
DISEASE	pernicious anemia	1	standard	49	0
DISEASE	peroxisomal disease	1	standard	30	0
DISEASE	peroxisome biogenesis disorder 1b	1	standard	33	0
DISEASE	peroxisome biogenesis disorder 2b	1	MedGen	211	0
DISEASE	peroxisome biogenesis disorder 4b	0	MONDO	41	0
DISEASE	peroxisome biogenesis disorder 5b	1	MONDO	15	0
DISEASE	peroxisome biogenesis disorder 7b	1	MONDO	15	0
DISEASE	persistent (nontransient) facial erythema of rosacea	1	standard	33	0
DISEASE	persistent atrial fibrillation	1	standard	46	0
DISEASE	persistent fetal circulation syndrome	1	modified_disease	40	0
DISEASE	persistent idiopathic facial pain	0	modified_disease	25	0
DISEASE	persistent ovarian cancer	1	standard	38	0
DISEASE	persistent pulmonary hypertension of the newborn	0	standard	35	0
DISEASE	pertussis	1	standard	20	0
DISEASE	pervasive developmental disorder	1	standard	35	0
DISEASE	petit mal seizures	1	standard	39	0
DISEASE	peutz-jeghers syndrome	0	MONDO	30	0
DISEASE	peyronie disease	1	standard	52	0
DISEASE	peyronie's disease	1	standard	52	0
DISEASE	pfeiffer syndrome	0	MONDO	33	0
DISEASE	ph-positive acute lymphoblastic leukemia	1	modified_disease	84	0
DISEASE	pharmacologically induced mydriasis	0	corrected_overlay	15	0
DISEASE	pharyngalgia	0	standard	20	0
DISEASE	pharyngitis	1	standard	5	0
DISEASE	phelan-mcdermid syndrome	0	MONDO	43	0
DISEASE	phenothiazine poisoning	0	manual_final7_review	29	0
DISEASE	phenylketonuria	1	standard	67	0
DISEASE	pheochromocytoma	1	standard	104	0
DISEASE	pheochromocytoma/paraganglioma syndrome 1	0	MONDO	38	0
DISEASE	phgdh deficiency	0	MONDO	47	0
DISEASE	philadelphia chromosome-negative precursor b-cell acute lymphoblastic leukemia	1	modified_disease	19	0
DISEASE	philadelphia chromosome-positive (ph+) acute lymphocytic leukemia (all)	0	modified_disease	32	0
DISEASE	philadelphia chromosome-positive (ph+) chronic myeloid leukemia (cml)	1	modified_disease	34	0
DISEASE	philadelphia-positive myelogenous leukemia	1	modified_disease	16	0
DISEASE	phip-related behavioral problems-intellectual disability-obesity-dysmorphic features syndrome	0	standard	40	0
DISEASE	phobic disorder	1	standard	26	0
DISEASE	phosphoenolpyruvate carboxykinase deficiency, mitochondrial	1	MONDO	15	0
DISEASE	photoparoxysmal response 1	1	MedGen	13	0
DISEASE	photophobia	1	standard	32	0
DISEASE	phototoxicity	1	standard	25	0
DISEASE	physiological anemia of infancy	1	standard	16	0
DISEASE	pick disease	1	MedGen	115	0
DISEASE	piebaldism	0	MONDO	55	0
DISEASE	pierson syndrome	0	MONDO	16	0
DISEASE	pigmented villonodular synovitis	1	standard	55	0
DISEASE	pik3ca-related overgrowth spectrum	1	standard	19	0
DISEASE	pilomatrixoma	0	MONDO	67	0
DISEASE	pinealoma	1	standard	105	0
DISEASE	pinta	1	standard	49	0
DISEASE	pinta disease	1	standard	10	0
DISEASE	pinworm infections	0	standard	29	0
DISEASE	pitt-hopkins syndrome	0	MONDO	21	0
DISEASE	pitt-hopkins-like syndrome 2	0	MONDO	17	0
DISEASE	pituitary apoplexy	1	standard	68	0
DISEASE	pituitary gland adenoma	1	standard	79	0
DISEASE	pituitary macroadenoma	0	standard	9	0
DISEASE	pituitary pars intermedia dysfunction (equine cushing's disease) in horses	0	modified_disease	60	0
DISEASE	pituitary tumor	1	standard	79	0
DISEASE	pityriasis rubra pilaris	1	standard	32	0
DISEASE	pityriasis versicolor	1	standard	49	0
DISEASE	placental abruption	1	standard	28	0
DISEASE	plague	1	standard	38	0
DISEASE	plantar wart	1	standard	15	0
DISEASE	plaque psoriasis	1	standard	45	0
DISEASE	plasma cell myeloma	1	standard	41	0
DISEASE	plasma cell myeloma refractory	0	corrected_overlay	9	0
DISEASE	plasminogen deficiency type 1 (hypoplasminogenemia)	1	modified_disease	30	0
DISEASE	plasmodium falciparum malaria	1	standard	45	0
DISEASE	plasmodium vivax malaria	1	standard	32	0
DISEASE	pleomorphic adenoma	0	MONDO	89	0
DISEASE	pleural effusion, malignant	0	standard	21	0
DISEASE	pleural empyema	1	standard	6	0
DISEASE	pleural mesothelioma	1	standard	43	0
DISEASE	pleural tuberculosis	1	standard	13	0
DISEASE	pleuropulmonary blastoma	0	MONDO	74	0
DISEASE	plexiform neurofibroma	1	standard	72	0
DISEASE	plexosarcoma	0	standard	21	0
DISEASE	plummer disease	0	standard	9	0
DISEASE	pneumococcal bacteremia	1	standard	8	0
DISEASE	pneumococcal disease	0	standard	8	0
DISEASE	pneumococcal infection	1	standard	8	0
DISEASE	pneumococcal infections	0	standard	8	0
DISEASE	pneumococcal meningitis	1	standard	79	0
DISEASE	pneumococcal pneumonia	1	standard	7	0
DISEASE	pneumocystis carinii pneumonia	1	standard	54	0
DISEASE	pneumocystis jiroveci pneumonia	1	standard	54	0
DISEASE	pneumocystosis	1	standard	54	0
DISEASE	pneumonia	1	standard	8	0
DISEASE	pneumonia caused by chlamydia	1	modified_disease	15	0
DISEASE	pneumonia caused by pseudomonas aeruginosa infection	1	modified_disease	37	0
DISEASE	pneumonia, mycoplasma	0	standard	41	0
DISEASE	pneumonic plague	1	standard	38	0
DISEASE	pneumonitis	1	standard	8	0
DISEASE	pneumothorax	1	standard	34	0
DISEASE	poison ivy dermatitis	0	standard	40	0
DISEASE	poisoning	1	standard	18	0
DISEASE	poisoning by antihistamine	0	corrected_overlay	8	0
DISEASE	poisoning by barbiturate	1	standard	18	0
DISEASE	poisoning by butyrophenone-based tranquilizer	0	corrected_overlay	9	0
DISEASE	poisoning by parasympathomimetic drug	0	corrected_overlay	9	0
DISEASE	poisoning by pilocarpine	0	corrected_overlay	15	0
DISEASE	poisoning by salicylate	0	corrected_overlay	8	0
DISEASE	poliomyelitis	1	standard	104	0
DISEASE	pollakisuria	0	standard	4	0
DISEASE	polyarteritis nodosa	1	standard	41	0
DISEASE	polyarticular idiopathic arthritis	1	modified_disease	17	0
DISEASE	polyarticular juvenile idiopathic arthritis	1	modified_disease	18	0
DISEASE	polycystic kidney disease	1	standard	30	0
DISEASE	polycystic kidney disease 1	1	MedGen	35	0
DISEASE	polycystic kidney disease 2	0	MONDO	11	0
DISEASE	polycystic kidney disease 4	0	MONDO	16	0
DISEASE	polycystic kidney, autosomal dominant	0	standard	20	0
DISEASE	polycystic liver disease 1	1	MedGen	142	0
DISEASE	polycystic ovary syndrome	1	standard	40	0
DISEASE	polycythemia vera	1	standard	49	0
DISEASE	polydipsia	1	standard	30	0
DISEASE	polymorphic ventricular tachycardia	1	standard	10	0
DISEASE	polymyalgia rheumatica	1	standard	77	0
DISEASE	polymyositis	1	standard	120	0
DISEASE	polyneuropathy	1	standard	83	0
DISEASE	polyneuropathy of hereditary transthyretin-mediated amyloidosis	1	modified_disease	26	0
DISEASE	polyphagia	1	standard	9	0
DISEASE	polyposis of gastric fundus without polyposis coli	1	MedGen	80	0
DISEASE	polyps, multiple and recurrent inflammatory fibroid, gastrointestinal	1	MeSH	45	0
DISEASE	polysubstance abuse, susceptibility to	1	MedGen	12	0
DISEASE	polyuria	1	standard	21	0
DISEASE	pompe disease	1	standard	96	0
DISEASE	pontocerebellar hypoplasia type 7	0	MONDO	86	0
DISEASE	pontocerebellar hypoplasia type 8	0	MONDO	89	0
DISEASE	pontocerebellar hypoplasia type 9	0	MONDO	18	0
DISEASE	porencephaly 2	1	MONDO	41	0
DISEASE	porphyria	1	standard	68	0
DISEASE	portal vein, cavernous transformation of	1	HPO	16	0
DISEASE	post operative nausea and vomiting	0	modified_disease	6	0
DISEASE	post-anoxic myoclonus	1	standard	19	0
DISEASE	post-operative deep vein thrombosis (dvt)	1	modified_disease	18	0
DISEASE	post-operative pain	1	modified_disease	12	0
DISEASE	post-transplant lymphoproliferative disease	1	modified_disease	73	0
DISEASE	post-traumatic headache	0	standard	11	0
DISEASE	post-traumatic stress disorder	1	standard	14	0
DISEASE	post-vaccinal encephalitis	1	standard	79	0
DISEASE	postabortion hemorrhage	1	standard	29	0
DISEASE	postencephalitic parkinson disease	1	standard	80	0
DISEASE	postencephalitic parkinsonism	1	standard	80	0
DISEASE	posterior uveitis	1	standard	33	0
DISEASE	postherpetic neuralgia	0	standard	47	0
DISEASE	postinfectious cough	1	standard	16	0
DISEASE	postmenopausal atrophic vaginitis	1	modified_disease	49	0
DISEASE	postmenopausal breast cancer	1	modified_disease	13	0
DISEASE	postmenopausal osteoporosis	1	modified_disease	32	0
DISEASE	postmenopausal symptoms	1	modified_disease	19	0
DISEASE	postnatal depression	1	standard	30	0
DISEASE	postoperative dental surgery pain	0	corrected_overlay	13	0
DISEASE	postoperative hemorrhage	1	standard	19	0
DISEASE	postoperative ileus	1	standard	11	0
DISEASE	postoperative infection	0	standard	17	0
DISEASE	postoperative inflammation	0	manual_final7_review	27	0
DISEASE	postoperative inflammation following ocular surgery	0	corrected_overlay	9	0
DISEASE	postoperative nausea	0	standard	6	0
DISEASE	postoperative nausea and vomiting	0	standard	6	0
DISEASE	postoperative pain	1	standard	6	0
DISEASE	postoperative paralytic ileus	1	standard	26	0
DISEASE	postoperative thrombosis	1	standard	35	0
DISEASE	postoperative venous thromboembolism	1	standard	21	0
DISEASE	postpartum hemorrhage	1	standard	58	0
DISEASE	postpartum uterine atony	0	corrected_overlay	22	0
DISEASE	posttraumatic stress disorder	0	standard	14	0
DISEASE	postural orthostatic tachycardia syndrome	0	MONDO	30	0
DISEASE	potassium deficiency	1	standard	85	0
DISEASE	pparg-related familial partial lipodystrophy	1	MedGen	78	0
DISEASE	prader-willi syndrome	1	standard	65	0
DISEASE	precancerous condition	1	standard	8	0
DISEASE	precocious puberty	1	standard	53	0
DISEASE	precursor b-cell acute lymphoblastic leukemia	1	modified_disease	25	0
DISEASE	precursor t-lymphoblastic lymphoma/leukemia	1	modified_disease	24	0
DISEASE	predisposition to invasive fungal disease due to card9 deficiency	0	Orphanet	49	0
DISEASE	preeclampsia	1	standard	48	0
DISEASE	preeclampsia/eclampsia 1	1	MedGen	176	0
DISEASE	premature aging syndrome	0	standard	12	0
DISEASE	premature labor	1	standard	43	0
DISEASE	premature ovarian failure 1	1	standard	80	0
DISEASE	premature ventricular contraction	0	standard	56	0
DISEASE	premenopausal breast cancer	1	standard	35	0
DISEASE	premenstrual cramps	1	standard	45	0
DISEASE	premenstrual dysphoric disorder	1	standard	59	0
DISEASE	premenstrual syndrome	1	standard	45	0
DISEASE	preoperative sedation	1	standard	9	0
DISEASE	presbyopia	1	standard	14	0
DISEASE	pressure	1	standard	27	0
DISEASE	presumed ocular histoplasmosis syndrome	0	corrected_overlay	20	0
DISEASE	preterm birth	1	standard	23	0
DISEASE	preterm premature rupture of the membranes	0	MONDO	16	0
DISEASE	prevent pregnancy	0	corrected_overlay	9	0
DISEASE	prevent pregnancy,	0	corrected_overlay	9	0
DISEASE	prevent premature ovulation	0	standard	23	0
DISEASE	prevention of bone marrow transplant rejection	1	modified_disease	32	0
DISEASE	prevention of pregnancy	0	corrected_overlay	9	0
DISEASE	prevention of renal transplant rejection	1	modified_disease	31	0
DISEASE	priapism	1	standard	32	0
DISEASE	primary adrenocortical insufficiency	1	standard	47	0
DISEASE	primary biliary cholangitis	1	standard	60	0
DISEASE	primary biliary cholangitis 1	0	standard	14	0
DISEASE	primary biliary cirrhosis	1	standard	60	0
DISEASE	primary brain neoplasm	1	standard	66	0
DISEASE	primary breast cancer	1	standard	35	0
DISEASE	primary central nervous system lymphoma	1	standard	33	0
DISEASE	primary cutaneous anaplastic large cell lymphoma	1	standard	24	0
DISEASE	primary cutaneous t-cell lymphoma	0	manual_final7_review	34	0
DISEASE	primary dysmenorrhea	0	standard	28	0
DISEASE	primary erythermalgia	1	MedGen	242	0
DISEASE	primary gout	1	standard	17	0
DISEASE	primary hemophagocytic lymphohistiocytosis (hlh)	0	corrected_overlay	17	0
DISEASE	primary hypercholesterolemia	0	corrected_overlay	21	0
DISEASE	primary hypergonadotropic hypogonadism-partial alopecia syndrome	0	standard	11	0
DISEASE	primary hyperlipidemia	1	standard	16	0
DISEASE	primary hyperoxaluria type 1	1	modified_disease	58	0
DISEASE	primary hyperoxaluria type 1 (ph1)	1	modified_disease	34	0
DISEASE	primary hyperparathyroidism	1	standard	34	0
DISEASE	primary hypogonadism	1	standard	51	0
DISEASE	primary hypothyroidism	1	standard	55	0
DISEASE	primary immune thrombocytopenia	0	NCI Thesaurus	55	0
DISEASE	primary immunoglobulin a nephropathy	1	curated_standard_definition	29	0
DISEASE	primary mediastinal large b-cell lymphoma	1	standard	36	0
DISEASE	primary myelofibrosis	1	standard	34	0
DISEASE	primary nocturnal enuresis	0	corrected_overlay	22	0
DISEASE	primary osteoporosis	1	standard	31	0
DISEASE	primary ovarian failure	1	standard	16	0
DISEASE	primary peritoneal cancer	1	standard	82	0
DISEASE	primary peritoneal carcinoma	1	standard	82	0
DISEASE	primary pheochromocytoma	1	standard	57	0
DISEASE	primary progressive dementia	1	modified_disease	38	0
DISEASE	primary superficial basal cell carcinoma	1	standard	28	0
DISEASE	primary syphilis	1	standard	49	0
DISEASE	primary systemic amyloidosis	1	standard	40	0
DISEASE	primrose syndrome	0	MONDO	68	0
DISEASE	prinzmetal angina	1	standard	26	0
DISEASE	proctitis	1	standard	17	0
DISEASE	proctosigmoiditis	1	standard	11	0
DISEASE	progeria	1	standard	67	0
DISEASE	progesterone deficiency	0	standard	5	0
DISEASE	progesterone resistance	1	MONDO	13	0
DISEASE	progressive bulbar palsy of childhood	0	MONDO	10	0
DISEASE	progressive cgvhd	1	modified_disease	17	0
DISEASE	progressive chronic lymphocytic leukemia	1	modified_disease	15	0
DISEASE	progressive demyelinating neuropathy with bilateral striatal necrosis	0	MONDO	49	0
DISEASE	progressive familial intrahepatic cholestasis	1	modified_disease	35	0
DISEASE	progressive familial intrahepatic cholestasis type 1	1	MedGen	109	0
DISEASE	progressive familial intrahepatic cholestasis type 2	0	MONDO	44	0
DISEASE	progressive familial intrahepatic cholestasis type 3	0	MONDO	36	0
DISEASE	progressive familiar intrahepatic cholestasis (pfic)	1	modified_disease	28	0
DISEASE	progressive pseudorheumatoid arthropathy of childhood	0	MONDO	28	0
DISEASE	progressive relapsing multiple sclerosis	1	modified_disease	25	0
DISEASE	progressive supranuclear palsy	1	modified_disease	30	0
DISEASE	progressive vaccinia	1	modified_disease	19	0
DISEASE	prolactin deficiency with obesity and enlarged testes	1	MedGen	15	0
DISEASE	prolactin-induced amenorrhea	1	standard	12	0
DISEASE	prolactin-producing pituitary gland adenoma	0	MONDO	33	0
DISEASE	prolactinoma	1	standard	22	0
DISEASE	proliferative diabetic retinopathy	1	standard	40	0
DISEASE	pronation-supination of the forearm, impairment of	1	MedGen	14	0
DISEASE	prophylaxis of heart transplant rejection	1	modified_disease	31	0
DISEASE	prophylaxis of kidney transplant rejection	1	modified_disease	31	0
DISEASE	prophylaxis of liver transplant rejection	1	modified_disease	31	0
DISEASE	prophylaxis of the disease caused by bordetella pertussis	1	modified_disease	21	0
DISEASE	propionic acidemia	1	standard	77	0
DISEASE	prostate adenocarcinoma	1	standard	12	0
DISEASE	prostate cancer	1	standard	6	0
DISEASE	prostate cancer with bone metastasis	1	standard	15	0
DISEASE	prostate cancer, hereditary	0	MONDO	61	0
DISEASE	prostate cancer, hereditary, 1	0	MONDO	18	0
DISEASE	prostate carcinoma	1	standard	11	0
DISEASE	prostate-specific membrane antigen (psma)-positive metastatic castration-resistant prostate cancer (mcrpc)	1	modified_disease	15	0
DISEASE	prostatic neoplasms	0	standard	6	0
DISEASE	prostatitis	1	standard	24	0
DISEASE	prosthetic valve endocarditis	0	standard	24	0
DISEASE	protein catabolism	0	corrected_overlay	23	0
DISEASE	protein-losing enteropathy	0	MONDO	51	0
DISEASE	proteinuria	1	standard	12	0
DISEASE	proteus infections	0	standard	7	0
DISEASE	proteus infectious disease	0	standard	7	0
DISEASE	proteus mirabilis infection	0	corrected_overlay	12	0
DISEASE	prothrombin deficiency	1	standard	9	0
DISEASE	protoporphyria, erythropoietic, 1	0	MONDO	81	0
DISEASE	protozoal infections	1	standard	45	0
DISEASE	proximal renal tubular acidosis	0	MONDO	30	0
DISEASE	proximal spinal muscular atrophy	0	standard	35	0
DISEASE	prurigo nodularis	1	standard	213	0
DISEASE	pruritis of skin of anogenital region	0	standard	22	0
DISEASE	pruritus	1	standard	17	0
DISEASE	pruritus ani	0	standard	7	0
DISEASE	pruritus vulvae	1	standard	7	0
DISEASE	pruritusdermatosis	0	corrected_overlay	22	0
DISEASE	pseudoachondroplasia	0	MONDO	15	0
DISEASE	pseudobulbar affect	0	standard	33	0
DISEASE	pseudofolliculitis barbae	1	standard	4	0
DISEASE	pseudohypoaldosteronism type 2a	1	MedGen	62	0
DISEASE	pseudohypoaldosteronism, type ib1, autosomal recessive	1	MedGen	162	0
DISEASE	pseudohypoparathyroidism	1	standard	59	0
DISEASE	pseudohypoparathyroidism type 1b	1	MedGen	188	0
DISEASE	pseudomembranous enterocolitis	0	standard	40	0
DISEASE	pseudomonas aeruginosa infection	0	standard	7	0
DISEASE	pseudomonas aeruginosa infections	0	standard	7	0
DISEASE	pseudomonas aeruginosa infectious disease	1	standard	27	0
DISEASE	pseudomonas infection	1	standard	7	0
DISEASE	pseudopregnancy	0	standard	36	0
DISEASE	pseudopseudohypoparathyroidism	0	MONDO	33	0
DISEASE	pseudoxanthoma elasticum, forme fruste	1	MedGen	99	0
DISEASE	psoriasis	1	standard	42	0
DISEASE	psoriasis 1, susceptibility to	1	MedGen	309	0
DISEASE	psoriasis 2	0	MONDO	16	0
DISEASE	psoriasis 3, susceptibility to	1	MedGen	12	0
DISEASE	psoriasis 4, susceptibility to	1	MONDO	15	0
DISEASE	psoriasis 5, susceptibility to	1	MedGen	12	0
DISEASE	psoriasis 6, susceptibility to	1	MedGen	12	0
DISEASE	psoriasis 7, susceptibility to	1	MONDO	15	0
DISEASE	psoriasis 9, susceptibility to	1	MedGen	12	0
DISEASE	psoriasis of scalp	1	standard	45	0
DISEASE	psoriasis vulgaris	1	standard	45	0
DISEASE	psoriasis-related juvenile idiopathic arthritis	1	modified_disease	20	0
DISEASE	psoriatic arthritis	1	standard	34	0
DISEASE	psoriatic arthritis, susceptibility to	0	MONDO	9	0
DISEASE	psoriatic erythroderma	0	corrected_overlay	19	0
DISEASE	psychogenic polydipsia	1	standard	29	0
DISEASE	psychomotor agitation	1	standard	23	0
DISEASE	psychomotor epileptic seizures	0	corrected_overlay	20	0
DISEASE	psychomotor retardation	0	standard	4	0
DISEASE	psychosis	1	standard	25	0
DISEASE	psychotic depression	1	standard	30	0
DISEASE	psychotic disorders	0	standard	25	0
DISEASE	pthirus pubis infestation	1	standard	45	0
DISEASE	pulmonary arterial hypertension	1	standard	14	0
DISEASE	pulmonary arterial hypertension associated with congenital heart disease	1	modified_disease	48	0
DISEASE	pulmonary arterial hypertension associated with connective tissue disease	1	modified_disease	40	0
DISEASE	pulmonary artery thrombosis	1	standard	30	0
DISEASE	pulmonary atresia	1	standard	58	0
DISEASE	pulmonary atresia-intact ventricular septum syndrome	0	standard	68	0
DISEASE	pulmonary edema	1	standard	32	0
DISEASE	pulmonary embolism	1	standard	13	0
DISEASE	pulmonary emphysema	1	standard	37	0
DISEASE	pulmonary eosinophilia	1	standard	32	0
DISEASE	pulmonary fibrosis	1	standard	38	0
DISEASE	pulmonary hypertension	1	standard	15	0
DISEASE	pulmonary hypertension, neonatal, susceptibility to	1	MONDO	16	0
DISEASE	pulmonary hypertension, primary, 1	0	MONDO	18	0
DISEASE	pulmonary hypertension, primary, 2	0	MONDO	18	0
DISEASE	pulmonary hypertension, primary, 3	0	MONDO	18	0
DISEASE	pulmonary hypertension, primary, 5	1	MedGen	52	0
DISEASE	pulmonary hypoplasia	1	standard	90	0
DISEASE	pulmonary non-tuberculous mycobacterial infection	0	standard	52	0
DISEASE	pulmonary systemic sclerosis	1	standard	75	0
DISEASE	pulmonary thromboembolism	0	standard	13	0
DISEASE	pulmonary tuberculosis	1	standard	5	0
DISEASE	pulmonary venoocclusive disease 1	1	MONDO	15	0
DISEASE	pulmonary venoocclusive disease 2	0	MONDO	34	0
DISEASE	pulmonic stenosis	0	standard	37	0
DISEASE	pure red-cell aplasia	1	standard	13	0
DISEASE	purpura fulminans	1	standard	37	0
DISEASE	purulent acute otitis media	1	modified_disease	20	0
DISEASE	purulent meningitis	1	standard	79	0
DISEASE	pustular acne	1	standard	38	0
DISEASE	pustular psoriasis	1	standard	42	0
DISEASE	pustulosis palmaris et plantaris	1	standard	42	0
DISEASE	pycnodysostosis	0	MONDO	122	0
DISEASE	pyelitis	1	standard	27	0
DISEASE	pyelonephritis	1	standard	27	0
DISEASE	pylorospasm	0	standard	5	0
DISEASE	pyoderma	1	standard	7	0
DISEASE	pyoderma gangrenosum	1	standard	52	0
DISEASE	pyogenic arthritis-pyoderma gangrenosum-acne syndrome	0	MONDO	13	0
DISEASE	pyridoxine deficiency anemia	1	standard	31	0
DISEASE	pyrogenic wounds	0	standard	18	0
DISEASE	pyruvate carboxylase deficiency disease	0	MONDO	29	0
DISEASE	pyruvate kinase deficiency of red cells	1	standard	42	0
DISEASE	q fever	1	standard	39	0
DISEASE	quartan malaria	1	standard	7	0
DISEASE	quinine-resistant leg cramps	0	manual_modified_disease	14	0
DISEASE	rabies	1	standard	41	0
DISEASE	rabies infections	1	standard	13	0
DISEASE	radiation proctitis	0	standard	24	0
DISEASE	radiation-induced disorder	1	standard	32	0
DISEASE	radiation-induced nausea and vomiting	0	standard	24	0
DISEASE	rapp-hodgkin syndrome	0	MONDO	76	0
DISEASE	rat bite fever	1	standard	27	0
DISEASE	rat-bite fever	1	standard	27	0
DISEASE	raynaud's disease	1	standard	24	0
DISEASE	reactive airway disease	1	standard	15	0
DISEASE	reactive rheumatoid arthritis	1	standard	41	0
DISEASE	recent myocardial infarction	1	standard	21	0
DISEASE	recessive x-linked ichthyosis	0	standard	11	0
DISEASE	rectal cancer	1	standard	6	0
DISEASE	rectal fistula	1	standard	18	0
DISEASE	rectum adenocarcinoma	1	standard	77	0
DISEASE	rectum neuroendocrine neoplasm	0	standard	27	0
DISEASE	recurrence	1	standard	11	0
DISEASE	recurrence of clostridium difficile infection	1	standard	60	0
DISEASE	recurrent cardiac decompensation	1	modified_disease	32	0
DISEASE	recurrent cervical cancer	1	modified_disease	17	0
DISEASE	recurrent chronic lymphocytic leukemia	1	modified_disease	19	0
DISEASE	recurrent chronic lymphoid leukemia	1	modified_disease	19	0
DISEASE	recurrent clostridium difficile infection	1	modified_disease	21	0
DISEASE	recurrent corneal erosions	1	modified_disease	21	0
DISEASE	recurrent deep vein thrombosis	1	modified_disease	21	0
DISEASE	recurrent depression	1	modified_disease	49	0
DISEASE	recurrent endometrial cancer	1	modified_disease	22	0
DISEASE	recurrent fallopian tube carcinoma	1	modified_disease	19	0
DISEASE	recurrent genital herpes	1	modified_disease	46	0
DISEASE	recurrent glioblastoma	1	modified_disease	15	0
DISEASE	recurrent haemophilus influenzae infections	1	modified_disease	24	0
DISEASE	recurrent herpes labialis	1	modified_disease	24	0
DISEASE	recurrent herpes simplex	1	modified_disease	27	0
DISEASE	recurrent metabolic encephalomyopathic crises-rhabdomyolysis-cardiac arrhythmia-intellectual disability syndrome	1	modified_disease	36	0
DISEASE	recurrent miscarriage	1	modified_disease	12	0
DISEASE	recurrent mucocutaneous herpes simplex infections	1	modified_disease	38	0
DISEASE	recurrent non-squamous non-small cell lung cancer	1	modified_disease	23	0
DISEASE	recurrent or metastatic head and neck squamous cell carcinoma	1	modified_disease	39	0
DISEASE	recurrent ovarian cancer	1	modified_disease	17	0
DISEASE	recurrent pericarditis	1	modified_disease	35	0
DISEASE	recurrent pericarditis (rp)	1	modified_disease	36	0
DISEASE	recurrent primary peritoneal carcinoma	1	modified_disease	19	0
DISEASE	recurrent pulmonary embolism	1	modified_disease	28	0
DISEASE	recurrent thromboembolism	1	modified_disease	32	0
DISEASE	recurrent thyroid cancer	1	modified_disease	18	0
DISEASE	recurrent urinary tract infections	1	modified_disease	19	0
DISEASE	recurrent ventricular fibrillation	1	modified_disease	31	0
DISEASE	recurrent vulvovaginal candidiasis	1	modified_disease	17	0
DISEASE	recurring ventricular fibrillation	1	standard	33	0
DISEASE	red color blindness	0	MONDO	114	0
DISEASE	red-green color blindness	0	MONDO	44	0
DISEASE	reduced left ventricular ejection fraction	1	standard	31	0
DISEASE	refractory acute leukemia	1	modified_disease	16	0
DISEASE	refractory acute myeloid leukemia	1	modified_disease	18	0
DISEASE	refractory anaplastic astrocytoma	1	modified_disease	15	0
DISEASE	refractory anemia with excess blasts in transformation	1	modified_disease	46	0
DISEASE	refractory bleeding after cardiac surgery	1	modified_disease	40	0
DISEASE	refractory cardiac ischaemia	1	modified_disease	16	0
DISEASE	refractory childhood acute lymphocytic leukemia	1	modified_disease	19	0
DISEASE	refractory chronic myeloid leukemia (cml)	1	modified_disease	34	0
DISEASE	refractory hairy cell leukemia	0	modified_disease	30	0
DISEASE	refractory multiple myeloma	1	modified_disease	15	0
DISEASE	refractory neuroblastoma	1	modified_disease	14	0
DISEASE	refractory or recurring external condylomata acuminata	0	manual_modified_disease	49	0
DISEASE	refractory testicular cancer	1	modified_disease	17	0
DISEASE	regional enteritis	1	standard	56	0
DISEASE	reis-bucklers corneal dystrophy	0	MONDO	35	0
DISEASE	rejection of pancreas transplant	1	modified_disease	30	0
DISEASE	relapsed follicular lymphoma	1	modified_disease	30	0
DISEASE	relapsed or refractory acute lymphocytic leukemia	1	modified_disease	17	0
DISEASE	relapsed or refractory acute myeloid leukemia	1	modified_disease	29	0
DISEASE	relapsed or refractory b-cell non-hodgkin's lymphoma (nhl)	1	modified_disease	16	0
DISEASE	relapsed or refractory chronic lymphocytic leukemia	1	modified_disease	17	0
DISEASE	relapsed or refractory diffuse large b-cell lymphoma (dlbcl)	1	modified_disease	36	0
DISEASE	relapsed or refractory large b-cell lymphoma	1	modified_disease	45	0
DISEASE	relapsed or refractory mantle cell lymphoma (mcl)	1	modified_disease	29	0
DISEASE	relapsed or refractory multiple myeloma	1	modified_disease	44	0
DISEASE	relapsed or refractory mycosis fungoides (mf)	1	modified_disease	16	0
DISEASE	relapsed or refractory peripheral t-cell lymphoma	1	modified_disease	45	0
DISEASE	relapsed philadelphia chromosome-negative (ph-) acute lymphocytic leukemia (all)	0	modified_disease	28	0
DISEASE	relapsed/refractory diffuse large b-cell lymphoma	1	modified_disease	79	0
DISEASE	relapsed/refractory multiple myeloma	0	corrected_overlay	11	0
DISEASE	relapsing acute myeloid leukemia	1	modified_disease	27	0
DISEASE	relapsing fever	1	standard	64	0
DISEASE	relapsing polychondritis	1	standard	45	0
DISEASE	relapsing remitting multiple sclerosis	1	modified_disease	46	0
DISEASE	relapsing-remitting multiple sclerosis	1	modified_disease	46	0
DISEASE	renal anaemia	0	corrected_overlay	17	0
DISEASE	renal angiomyolipoma (aml)	0	alias_disease	6	0
DISEASE	renal carcinoma	1	standard	37	0
DISEASE	renal cell carcinoma	1	standard	37	0
DISEASE	renal cell carcinoma (rcc)	1	alias_disease	11	0
DISEASE	renal colic	1	standard	53	0
DISEASE	renal coloboma syndrome	0	MONDO	16	0
DISEASE	renal cysts and diabetes syndrome	0	MONDO	43	0
DISEASE	renal failure	1	standard	51	0
DISEASE	renal hypomagnesemia 2	1	MedGen	64	0
DISEASE	renal hypomagnesemia 3	1	MedGen	247	0
DISEASE	renal hypomagnesemia 4	0	MONDO	17	0
DISEASE	renal hypomagnesemia 5 with ocular involvement	0	MONDO	37	0
DISEASE	renal hypomagnesemia 6	1	MONDO	14	0
DISEASE	renal osteodystrophy	1	standard	39	0
DISEASE	renal pelvis urothelial carcinoma	1	standard	45	0
DISEASE	renal pelvis/ureter urothelial carcinoma	1	modified_disease	32	0
DISEASE	renal rickets	1	standard	39	0
DISEASE	renal transplant rejection	1	modified_disease	29	0
DISEASE	renal tubular acidosis	1	standard	52	0
DISEASE	renal tubular acidosis, distal, 4, with hemolytic anemia	0	MONDO	21	0
DISEASE	renal tubular acidosis, distal, with nephrocalcinosis, short stature, intellectual disability, and distinctive facies	1	standard	38	0
DISEASE	repeated pneumothoraces	0	corrected_overlay	15	0
DISEASE	reproductive system disorder	1	standard	6	0
DISEASE	resectable non-small cell lung cancer	1	modified_disease	32	0
DISEASE	residual thyroid cancer	0	corrected_overlay	21	0
DISEASE	respiratory depression	1	standard	21	0
DISEASE	respiratory distress	1	standard	42	0
DISEASE	respiratory distress syndrome (rds)	1	alias_disease	51	0
DISEASE	respiratory distress syndrome in premature infants	1	standard	51	0
DISEASE	respiratory distress syndrome, newborn	0	standard	55	0
DISEASE	respiratory failure	1	standard	21	0
DISEASE	respiratory insufficiency	1	standard	21	0
DISEASE	respiratory paralysis	1	standard	35	0
DISEASE	respiratory syncytial virus (rsv)	1	alias_disease	58	0
DISEASE	respiratory syncytial virus (rsv) respiratory disease	1	standard	8	0
DISEASE	respiratory syncytial virus infectious disease	1	standard	51	0
DISEASE	respiratory system disorder	1	standard	27	0
DISEASE	respiratory tract infections	0	standard	15	0
DISEASE	respiratory tract infectious disorder	0	standard	15	0
DISEASE	restless leg syndrome	1	standard	28	0
DISEASE	restless legs	0	standard	28	0
DISEASE	restless legs syndrome, susceptibility to, 1	1	MONDO	33	0
DISEASE	restless legs syndrome, susceptibility to, 2	1	MONDO	17	0
DISEASE	restoration of patency to intravenous catheters	0	corrected_overlay	23	0
DISEASE	ret fusion-positive non-small cell lung cancer	1	modified_disease	33	0
DISEASE	ret fusion-positive thyroid cancer	1	modified_disease	19	0
DISEASE	ret-mutant medullary thyroid cancer	1	standard	78	0
DISEASE	reticular dysgenesis	0	MONDO	39	0
DISEASE	reticular veins	1	standard	24	0
DISEASE	reticulum cell sarcoma	0	MONDO	4	0
DISEASE	retinal arterial tortuosity	1	MONDO	14	0
DISEASE	retinal cone dystrophy 4	0	MONDO	17	0
DISEASE	retinal degeneration	1	standard	40	0
DISEASE	retinal degeneration and epilepsy	1	Orphanet	77	0
DISEASE	retinal dystrophy	1	standard	35	0
DISEASE	retinal vein occlusion	1	standard	23	0
DISEASE	retinitis	1	standard	27	0
DISEASE	retinitis pigmentosa	1	MedGen	52	0
DISEASE	retinitis pigmentosa 4	0	MONDO	17	0
DISEASE	retinitis pigmentosa 9	0	MONDO	17	0
DISEASE	retinoblastoma	1	standard	100	0
DISEASE	retinopathy	1	standard	7	0
DISEASE	retinopathy of prematurity	1	standard	63	0
DISEASE	retinopathy of prematurity (rop)	1	alias_disease	30	0
DISEASE	rett syndrome	1	standard	61	0
DISEASE	reverse vitamin k antagonist activity in patients with acute major bleeds	0	modified_disease	35	0
DISEASE	reye syndrome	1	standard	44	0
DISEASE	reynolds syndrome	0	MONDO	18	0
DISEASE	rh deficiency syndrome	0	MONDO	181	0
DISEASE	rh isoimmunization	1	standard	45	0
DISEASE	rh-incompatible pregnancy	0	corrected_overlay	11	0
DISEASE	rhabdomyosarcoma	1	standard	103	0
DISEASE	rhabdomyosarcoma with tfcp2 rearrangement	1	standard	56	0
DISEASE	rheumatic disorder	0	standard	18	0
DISEASE	rheumatic fever	1	standard	49	0
DISEASE	rheumatic heart disease	1	standard	27	0
DISEASE	rheumatism	1	standard	17	0
DISEASE	rheumatoid arthritis	1	standard	46	0
DISEASE	rhinitis	1	standard	12	0
DISEASE	rhinitis seasonal	1	standard	30	0
DISEASE	rhinoscleroma	1	standard	39	0
DISEASE	rhizomelic dysplasia, ain-naz type	0	standard	33	0
DISEASE	rhizomucor pusillus infection	0	corrected_overlay	11	0
DISEASE	rho (d)-negative individuals transfused with rh0(d)-positive red blood cells (rbcs) or blood components containing rh0(d)-positive rbcs	1	modified_disease	45	0
DISEASE	rhytide of glabellar skin	1	standard	41	0
DISEASE	rickets	1	standard	53	0
DISEASE	rickettsia infections	0	standard	5	0
DISEASE	rickettsial infections	0	corrected_overlay	14	0
DISEASE	rickettsialpox	1	standard	23	0
DISEASE	rickettsiosis	1	standard	5	0
DISEASE	rifampicin-resistant tuberculosis	1	modified_disease	42	0
DISEASE	right ventricular outlet tract obstruction	0	standard	16	0
DISEASE	rigid spine muscular dystrophy 1	0	MONDO	80	0
DISEASE	rigidity	1	standard	56	0
DISEASE	riley-day syndrome	0	MONDO	24	0
DISEASE	rippling muscle disease 2	0	MONDO	36	0
DISEASE	roberts-sc phocomelia syndrome	0	MONDO	31	0
DISEASE	rocky mountain spotted fever	1	standard	59	0
DISEASE	rolandic epilepsy-paroxysmal exercise-induced dystonia-writer's cramp syndrome	0	MONDO	42	0
DISEASE	rosacea	1	standard	72	0
DISEASE	rotavirus gastroenteritis	1	standard	35	0
DISEASE	rotavirus infection	1	standard	21	0
DISEASE	rotor syndrome	0	MONDO	20	0
DISEASE	round cell sarcoma with ewsr1-nfatc2 gene fusion	1	standard	17	0
DISEASE	roundworm infections	0	corrected_overlay	19	0
DISEASE	roussy-levy syndrome	1	MedGen	42	0
DISEASE	rubella	1	standard	24	0
DISEASE	salivary gland carcinoma	1	standard	25	0
DISEASE	salmonellosis	1	standard	7	0
DISEASE	salpingitis	1	standard	36	0
DISEASE	salt retention	0	corrected_overlay	12	0
DISEASE	salt-losing adrenogenital syndrome	1	standard	54	0
DISEASE	sandhoff disease	0	MONDO	32	0
DISEASE	sarcoidosis	1	standard	38	0
DISEASE	sarcoidosis, susceptibility to, 1	0	MONDO	16	0
DISEASE	sarcoma	1	standard	15	0
DISEASE	sarcosinemia	0	MONDO	21	0
DISEASE	scabies	1	standard	40	0
DISEASE	scalp dermatoses	0	standard	5	0
DISEASE	scalp dermatosis	0	standard	5	0
DISEASE	scapulohumeral periarthritis	1	standard	10	0
DISEASE	scarlet fever	1	standard	18	0
DISEASE	scedosporium apiospermum infection	1	standard	23	0
DISEASE	scheie syndrome	1	standard	51	0
DISEASE	schinzel-giedion syndrome	0	MONDO	27	0
DISEASE	schistosoma mansoni infection, susceptibility/resistance to	0	MONDO	12	0
DISEASE	schistosoma mansoni infectious disease	0	standard	8	0
DISEASE	schistosomiasis	1	standard	66	0
DISEASE	schizencephaly	0	MONDO	51	0
DISEASE	schizoaffective disorder	1	standard	25	0
DISEASE	schizophrenia	1	standard	23	0
DISEASE	schizophrenia 1	1	MedGen	16	0
DISEASE	schizophrenia 10	0	MONDO	16	0
DISEASE	schizophrenia 15	0	MONDO	14	0
DISEASE	schizophrenia 18	0	MONDO	14	0
DISEASE	schizophrenia 3	1	MedGen	16	0
DISEASE	schizophrenia 4	1	MedGen	16	0
DISEASE	schizophrenia 5	1	MedGen	12	0
DISEASE	schizophrenia 6	0	MONDO	16	0
DISEASE	schizophrenia 7	1	MedGen	16	0
DISEASE	schizophrenia 8	1	MedGen	16	0
DISEASE	schizophrenia 9	1	MedGen	14	0
DISEASE	schnyder corneal dystrophy	0	MONDO	29	0
DISEASE	schwartz-jampel syndrome type 1	1	MedGen	88	0
DISEASE	sciatica	1	standard	49	0
DISEASE	scleral disease	1	standard	19	0
DISEASE	scleritis	1	standard	110	0
DISEASE	scleroderma	1	standard	49	0
DISEASE	scorpion envenomation	1	standard	12	0
DISEASE	scott syndrome	0	MONDO	19	0
DISEASE	scrapes	0	corrected_overlay	23	0
DISEASE	scrotal pruritus	0	corrected_overlay	9	0
DISEASE	scrub typhus	1	standard	51	0
DISEASE	scurvy	1	standard	50	0
DISEASE	seasonal affective disorder	1	standard	57	0
DISEASE	seasonal allergic conjunctivitis	0	corrected_overlay	10	0
DISEASE	seasonal allergic rhinitis	1	standard	30	0
DISEASE	seborrheic dermatitis	1	standard	48	0
DISEASE	seborrheic keratosis	1	standard	29	0
DISEASE	second-degree burns	1	standard	10	0
DISEASE	secondarily generalized seizures	1	standard	59	0
DISEASE	secondary adrenal insufficiency	1	standard	31	0
DISEASE	secondary adrenocortical insufficiency	1	standard	56	0
DISEASE	secondary amenorrhea	1	standard	40	0
DISEASE	secondary glaucoma	1	standard	24	0
DISEASE	secondary headache	1	standard	26	0
DISEASE	secondary hyperparathyroidism	1	standard	37	0
DISEASE	secondary hyperparathyroidism of renal origin	1	standard	13	0
DISEASE	secondary hypothyroidism	1	standard	55	0
DISEASE	secondary infections	0	standard	29	0
DISEASE	secondary progressive multiple sclerosis	1	modified_disease	24	0
DISEASE	secondary skin infections	1	standard	44	0
DISEASE	secondary syphilis	1	standard	31	0
DISEASE	secretory diarrhea	1	standard	14	0
DISEASE	seizure cluster	1	standard	23	0
DISEASE	seizures	1	standard	39	0
DISEASE	seizures, benign familial neonatal, 1	0	MONDO	18	0
DISEASE	seizures, benign familial neonatal, 2	0	MONDO	18	0
DISEASE	seizures, benign familial neonatal, 3	1	MeSH	39	0
DISEASE	selenium deficiency	0	corrected_overlay	11	0
DISEASE	selenium poisoning	0	corrected_overlay	8	0
DISEASE	self-limited childhood occipital epilepsy	0	MONDO	79	0
DISEASE	self-limited epilepsy with centrotemporal spikes	1	MedGen	198	0
DISEASE	semantic dementia	1	MedGen	18	0
DISEASE	sengers syndrome	0	MONDO	25	0
DISEASE	senile pruritus	0	corrected_overlay	13	0
DISEASE	sensory ataxic neuropathy, dysarthria, and ophthalmoparesis	0	MONDO	46	0
DISEASE	sensory peripheral neuropathy	1	standard	7	0
DISEASE	sepsis	1	standard	44	0
DISEASE	septic abortion	0	standard	28	0
DISEASE	septic arthritis	1	standard	10	0
DISEASE	septic shock	1	standard	28	0
DISEASE	septicemic plague	1	standard	38	0
DISEASE	serious respiratory tract infections	1	standard	15	0
DISEASE	serratia infections	0	standard	7	0
DISEASE	serratia marcescens infection	1	standard	22	0
DISEASE	serum sickness	1	standard	43	0
DISEASE	severe acne	1	modified_disease	22	0
DISEASE	severe active rheumatoid arthritis	1	modified_disease	23	0
DISEASE	severe alopecia areata	1	curated_standard_definition	33	0
DISEASE	severe anxiety	1	modified_disease	18	0
DISEASE	severe aplastic anemia	1	modified_disease	18	0
DISEASE	severe asthma	1	modified_disease	44	0
DISEASE	severe combined immunodeficiency	1	modified_disease	28	0
DISEASE	severe combined immunodeficiency, autosomal recessive, t cell-negative, b cell-negative, nk cell-negative, due to adenosine deaminase deficiency	1	modified_disease	43	0
DISEASE	severe congenital neutropenia	0	modified_disease	67	0
DISEASE	severe congenital protein c deficiency	1	modified_disease	34	0
DISEASE	severe dehydration	1	modified_disease	22	0
DISEASE	severe dementia	0	modified_disease	33	0
DISEASE	severe dermatitis-multiple allergies-metabolic wasting syndrome	1	MONDO	16	0
DISEASE	severe diarrhea	1	modified_disease	20	0
DISEASE	severe eosinophilic asthma	1	modified_disease	25	0
DISEASE	severe erythema multiforme (stevens-johnson syndrome)	1	modified_disease	43	0
DISEASE	severe hemophilia a (congenital factor viii deficiency)	1	modified_disease	25	0
DISEASE	severe hypoglycaemia	1	modified_disease	14	0
DISEASE	severe hypoglycemia	1	modified_disease	14	0
DISEASE	severe infections caused by susceptible strains of methicillin-resistant staphylococci	0	manual_modified_disease	26	0
DISEASE	severe insulin resistance	1	modified_disease	40	0
DISEASE	severe liver disease	1	modified_disease	22	0
DISEASE	severe malaria	1	modified_disease	35	0
DISEASE	severe pain	1	modified_disease	28	0
DISEASE	severe primary insulin-like growth factor deficiency (igf)	0	corrected_overlay	10	0
DISEASE	severe recalcitrant nodular acne	1	modified_disease	27	0
DISEASE	severe recalcitrant plaque psoriasis	1	modified_disease	28	0
DISEASE	severe seborrheic dermatitis of the scalp	1	modified_disease	21	0
DISEASE	severe sepsis	1	modified_disease	17	0
DISEASE	severe vision loss	1	modified_disease	18	0
DISEASE	severe x-linked mitochondrial encephalomyopathy	0	MONDO	34	0
DISEASE	severely active ulcerative colitis	1	standard	43	0
DISEASE	sexual dysfunction	1	standard	13	0
DISEASE	sezary syndrome	1	standard	30	0
DISEASE	sheehan syndrome	1	standard	46	0
DISEASE	shift work disorder	0	standard	42	0
DISEASE	shigellosis	1	standard	48	0
DISEASE	shivering	1	standard	20	0
DISEASE	shock	1	standard	12	0
DISEASE	short bowel syndrome	1	standard	19	0
DISEASE	short stature	1	standard	33	0
DISEASE	short stature homeobox deficiency	0	standard	42	0
DISEASE	shox-related short stature	1	standard	115	0
DISEASE	shunt infection	1	standard	79	0
DISEASE	shwachman-diamond syndrome 1	0	MONDO	18	0
DISEASE	sialorrhea	1	standard	3	0
DISEASE	sialuria	0	MONDO	59	0
DISEASE	sicca syndrome	1	standard	57	0
DISEASE	sickle cell anemia	1	standard	26	0
DISEASE	sickle cell disease	1	standard	26	0
DISEASE	sideroblastic anemia 2	1	MONDO	14	0
DISEASE	silicosis	1	standard	26	0
DISEASE	simple (nontoxic) goiter	1	standard	40	0
DISEASE	simple obesity	0	standard	9	0
DISEASE	sinus tachycardia	1	standard	44	0
DISEASE	sinusitis	1	standard	13	0
DISEASE	sinusoidal obstruction syndrome (sos)	0	alias_disease	18	0
DISEASE	sitosterolemia	1	standard	52	0
DISEASE	sitosterolemia 1	1	MedGen	154	0
DISEASE	sjogren syndrome	1	MedGen	36	0
DISEASE	sjogren's syndrome	1	standard	57	0
DISEASE	sjogren-larsson syndrome	1	MedGen	37	0
DISEASE	skeletal defects, genital hypoplasia, and intellectual disability	1	MONDO	18	0
DISEASE	skeletal muscle relaxation	0	corrected_overlay	28	0
DISEASE	skin abscess	1	standard	53	0
DISEASE	skin and skin structure infections	1	standard	21	0
DISEASE	skin basal cell carcinoma	1	standard	111	0
DISEASE	skin cancer	1	standard	6	0
DISEASE	skin carcinoma in situ	1	standard	10	0
DISEASE	skin diseases	0	standard	6	0
DISEASE	skin diseases, bacterial	1	modified_disease	17	0
DISEASE	skin disorder	1	standard	25	0
DISEASE	skin fissure	0	standard	6	0
DISEASE	skin infection	1	standard	55	0
DISEASE	skin irritation	0	standard	26	0
DISEASE	skin lesions	0	corrected_overlay	17	0
DISEASE	skin melanoma	1	standard	40	0
DISEASE	skin neoplasm	1	standard	6	0
DISEASE	skin pigmentation	1	standard	4	0
DISEASE	skin squamous cell carcinoma	1	standard	28	0
DISEASE	skin squamous cell carcinoma metastatic	0	corrected_overlay	9	0
DISEASE	skin ulcer	1	standard	8	0
DISEASE	skin ulcers	0	standard	8	0
DISEASE	skin wrinkling	1	standard	41	0
DISEASE	sleep onset insomnia	0	standard	23	0
DISEASE	sleep-onset insomnia	0	standard	23	0
DISEASE	sly syndrome	1	standard	22	0
DISEASE	sm-ahnmd	1	standard	26	0
DISEASE	small bowel bacterial overgrowth syndrome	1	standard	35	0
DISEASE	small cell lung cancer (sclc)	1	modified_disease	31	0
DISEASE	small cell lung carcinoma	1	modified_disease	42	0
DISEASE	small intestinal bacterial overgrowth	0	standard	35	0
DISEASE	small intestine cancer	1	standard	10	0
DISEASE	small intestine neuroendocrine neoplasm	1	standard	28	0
DISEASE	small lymphocytic lymphoma (sll)	0	alias_disease	10	0
DISEASE	smallpox	1	standard	33	0
DISEASE	smallpox infection	1	standard	17	0
DISEASE	smith-lemli-opitz syndrome	0	MONDO	14	0
DISEASE	smith-magenis syndrome	1	MedGen	194	0
DISEASE	smoking cessation behavior	0	standard	6	0
DISEASE	smooth muscle spasms	0	corrected_overlay	11	0
DISEASE	snake bites	0	standard	51	0
DISEASE	sneezing	1	standard	24	0
DISEASE	social anxiety disorder	1	standard	17	0
DISEASE	social phobia	1	standard	17	0
DISEASE	sodium deficiency (disorder)	0	corrected_overlay	27	0
DISEASE	sodium retention	1	standard	21	0
DISEASE	soft tissue infection	1	standard	74	0
DISEASE	soft tissue infections	0	standard	74	0
DISEASE	soft tissue neoplasm	1	standard	34	0
DISEASE	soft tissue sarcoma	1	standard	15	0
DISEASE	solar dermatitis	1	standard	33	0
DISEASE	solar lentigines	0	corrected_overlay	21	0
DISEASE	solar lentigo	0	standard	53	0
DISEASE	solid neoplasm	0	standard	59	0
DISEASE	solid tumors	1	standard	54	0
DISEASE	somnolence	1	standard	4	0
DISEASE	sore mouth	0	corrected_overlay	27	0
DISEASE	soreness	1	standard	11	0
DISEASE	sotos syndrome	0	MONDO	29	0
DISEASE	sour stomach	0	corrected_overlay	24	0
DISEASE	spasm	1	standard	18	0
DISEASE	spastic ataxia 1	0	MONDO	19	0
DISEASE	spastic ataxia 2	0	MONDO	71	0
DISEASE	spastic ataxia 3	0	MONDO	19	0
DISEASE	spastic ataxia 4	0	MONDO	19	0
DISEASE	spastic ataxia 5	0	MONDO	64	0
DISEASE	spastic constipation	1	standard	9	0
DISEASE	spastic paraparesis-deafness syndrome	0	MONDO	22	0
DISEASE	spastic paraplegia	1	standard	45	0
DISEASE	spastic paraplegia and evans syndrome	1	MedGen	13	0
DISEASE	spastic paraplegia, optic atrophy, and dementia	1	HPO	19	0
DISEASE	spasticity	1	standard	31	0
DISEASE	spatial memory disorder	0	standard	38	0
DISEASE	specific language impairment 5	0	MONDO	10	0
DISEASE	spermatogenic failure 3	0	MONDO	16	0
DISEASE	spermatogenic failure 4	0	MONDO	16	0
DISEASE	spermatogenic failure 5	0	MONDO	50	0
DISEASE	spermatogenic failure 7	1	MONDO	14	0
DISEASE	spermatogenic failure 8	0	MONDO	16	0
DISEASE	spermatogenic failure 9	0	MONDO	16	0
DISEASE	spina bifida	1	standard	95	0
DISEASE	spinal cord compression	1	standard	51	0
DISEASE	spinal cord disorder	1	standard	34	0
DISEASE	spinal cord injury	1	standard	19	0
DISEASE	spinal muscular atrophy	1	standard	59	0
DISEASE	spinal muscular atrophy (sma)	1	alias_disease	35	0
DISEASE	spinal muscular atrophy, type 1	1	modified_disease	85	0
DISEASE	spinal muscular atrophy, type ii	1	standard	70	0
DISEASE	spinal muscular atrophy, type iii	1	standard	70	0
DISEASE	spinocerebellar ataxia 7	1	MedGen	147	0
DISEASE	spinocerebellar ataxia type 1	1	MedGen	82	0
DISEASE	spinocerebellar ataxia type 10	0	MONDO	37	0
DISEASE	spinocerebellar ataxia type 11	0	MONDO	31	0
DISEASE	spinocerebellar ataxia type 12	0	MONDO	45	0
DISEASE	spinocerebellar ataxia type 13	0	MONDO	41	0
DISEASE	spinocerebellar ataxia type 14	0	MONDO	30	0
DISEASE	spinocerebellar ataxia type 17	1	MedGen	98	0
DISEASE	spinocerebellar ataxia type 19/22	0	MONDO	44	0
DISEASE	spinocerebellar ataxia type 2	1	MedGen	57	0
DISEASE	spinocerebellar ataxia type 21	0	MONDO	38	0
DISEASE	spinocerebellar ataxia type 23	0	MONDO	35	0
DISEASE	spinocerebellar ataxia type 26	0	MONDO	34	0
DISEASE	spinocerebellar ataxia type 27	0	MONDO	32	0
DISEASE	spinocerebellar ataxia type 28	0	MONDO	35	0
DISEASE	spinocerebellar ataxia type 29	0	MONDO	33	0
DISEASE	spinocerebellar ataxia type 31	0	MONDO	47	0
DISEASE	spinocerebellar ataxia type 35	0	MONDO	37	0
DISEASE	spinocerebellar ataxia type 36	0	MONDO	34	0
DISEASE	spinocerebellar ataxia type 4	1	MedGen	151	0
DISEASE	spinocerebellar ataxia type 5	1	MedGen	13	0
DISEASE	spinocerebellar ataxia type 6	1	MedGen	110	0
DISEASE	spirochaetales infections	1	standard	7	0
DISEASE	splenomegaly	1	standard	4	0
DISEASE	spondyloarthropathy, susceptibility to, 1	0	MONDO	18	0
DISEASE	spondyloepimetaphyseal dysplasia, bieganski type	0	MONDO	67	0
DISEASE	spondyloepiphyseal dysplasia tarda, x-linked	1	MedGen	64	0
DISEASE	spondyloperipheral dysplasia	0	MONDO	41	0
DISEASE	spongiform encephalopathy with neuropsychiatric features	1	MONDO	16	0
DISEASE	sporotrichosis	1	standard	35	0
DISEASE	sprain	1	standard	51	0
DISEASE	sprue	0	standard	37	0
DISEASE	squamous cell carcinoma	1	standard	26	0
DISEASE	squamous cell carcinoma of buccal mucosa	1	standard	9	0
DISEASE	squamous cell carcinoma of lip	1	standard	8	0
DISEASE	squamous cell carcinoma of penis	1	standard	95	0
DISEASE	squamous cell carcinoma, vulva	1	standard	107	0
DISEASE	squamous cell lung carcinoma	1	standard	22	0
DISEASE	st-elevation myocardial infarction	1	standard	48	0
DISEASE	stable angina	1	standard	26	0
DISEASE	stable coronary artery disease	1	standard	33	0
DISEASE	stage 1 chronic kidney disease	1	modified_disease	24	0
DISEASE	stage 2 chronic kidney disease	1	modified_disease	24	0
DISEASE	stage 3 chronic kidney disease	1	modified_disease	24	0
DISEASE	stage 4 chronic kidney disease	1	modified_disease	24	0
DISEASE	stage d2 metastatic carcinoma of the prostate	0	corrected_overlay	11	0
DISEASE	stage iii colon cancer	1	modified_disease	38	0
DISEASE	stage iv kidney wilms tumor	1	modified_disease	41	0
DISEASE	stage iv ovarian carcinoma	1	modified_disease	16	0
DISEASE	staphylococcal dermatitis	1	standard	14	0
DISEASE	staphylococcal endocarditis	0	corrected_overlay	21	0
DISEASE	staphylococcal enterocolitis	0	standard	8	0
DISEASE	staphylococcal infection	1	standard	7	0
DISEASE	staphylococcal infections	0	standard	7	0
DISEASE	staphylococcal meningitis	1	standard	15	0
DISEASE	staphylococcal pneumonia	1	standard	14	0
DISEASE	staphylococcal skin infections	0	standard	11	0
DISEASE	staphylococcus aureus	1	standard	25	0
DISEASE	staphylococcus aureus bloodstream infections	1	standard	11	0
DISEASE	staphylococcus aureus infection	0	corrected_overlay	12	0
DISEASE	staphylococcus epidermidis	1	standard	32	0
DISEASE	staphylococcus epidermidis infection	1	standard	11	0
DISEASE	staphylococcus haemolyticus or staphylococcus lugdunensis	1	standard	28	0
DISEASE	staphylococcus saprophyticus infection	1	standard	11	0
DISEASE	stasis dermatitis	0	standard	71	0
DISEASE	status asthmaticus	1	standard	29	0
DISEASE	status epilepticus	1	standard	116	0
DISEASE	steatorrhea	1	standard	19	0
DISEASE	stent thrombosis	0	standard	21	0
DISEASE	steroid dependent nephrotic syndrome	0	standard	43	0
DISEASE	stevens-johnson syndrome	1	standard	42	0
DISEASE	stickler syndrome type 1	1	MONDO	15	0
DISEASE	stickler syndrome type 2	0	MONDO	43	0
DISEASE	stickler syndrome, type 4	0	MONDO	19	0
DISEASE	stickler syndrome, type 5	0	MONDO	19	0
DISEASE	stiff skin syndrome	0	MONDO	139	0
DISEASE	stiff-person syndrome	1	standard	80	0
DISEASE	stiffness	1	standard	25	0
DISEASE	still disease	1	standard	22	0
DISEASE	stinging sensation	1	standard	9	0
DISEASE	stomach cancer	1	standard	6	0
DISEASE	stomach carcinoma in situ	1	standard	8	0
DISEASE	stomach neoplasms	0	standard	6	0
DISEASE	stomatitis	1	standard	15	0
DISEASE	stomatitis, aphthous	0	standard	51	0
DISEASE	strabismus	1	standard	54	0
DISEASE	strabismus, susceptibility to	1	MedGen	71	0
DISEASE	strains and sprains	0	standard	51	0
DISEASE	streptococcal infection	1	standard	7	0
DISEASE	streptococcal infections	0	standard	7	0
DISEASE	streptococcal sore throat	0	standard	8	0
DISEASE	streptococcus mitis or streptococcus oralis	1	standard	11	0
DISEASE	streptococcus pneumoniae type 1	1	modified_disease	14	0
DISEASE	streptococcus pneumoniae type 10a	1	modified_disease	13	0
DISEASE	streptococcus pneumoniae type 11a	1	modified_disease	15	0
DISEASE	streptococcus pneumoniae type 12f	0	modified_disease	54	0
DISEASE	streptococcus pneumoniae type 14	1	modified_disease	15	0
DISEASE	streptococcus pneumoniae type 15b	1	modified_disease	23	0
DISEASE	streptococcus pneumoniae type 19a	1	modified_disease	15	0
DISEASE	streptococcus pneumoniae type 19f	1	modified_disease	15	0
DISEASE	streptococcus pneumoniae type 22f	1	modified_disease	23	0
DISEASE	streptococcus pneumoniae type 23f	1	modified_disease	15	0
DISEASE	streptococcus pneumoniae type 3	1	modified_disease	14	0
DISEASE	streptococcus pneumoniae type 33f	1	modified_disease	13	0
DISEASE	streptococcus pneumoniae type 5	1	modified_disease	15	0
DISEASE	streptococcus pneumoniae type 6a	1	modified_disease	15	0
DISEASE	streptococcus pneumoniae type 6b	1	modified_disease	15	0
DISEASE	streptococcus pneumoniae type 7f	1	modified_disease	15	0
DISEASE	streptococcus pneumoniae type 8	1	modified_disease	15	0
DISEASE	streptococcus pneumoniae type 9v	1	modified_disease	15	0
DISEASE	stroke	1	standard	57	0
DISEASE	stroke disorder	0	standard	68	0
DISEASE	stroke, susceptibility to, 1	1	MONDO	15	0
DISEASE	stroke-like episode	0	standard	35	0
DISEASE	strongyloidiasis	1	standard	30	0
DISEASE	sturge-weber syndrome	1	MedGen	77	0
DISEASE	subacute bursitis	1	standard	24	0
DISEASE	subacute lymphocytic thyroiditis	1	standard	33	0
DISEASE	subacute sclerosing panencephalitis	1	standard	96	0
DISEASE	subacute thyroiditis	1	standard	33	0
DISEASE	subarachnoid hemorrhage	1	standard	38	0
DISEASE	subarachnoid intracranial hemorrhage	1	standard	38	0
DISEASE	subendocardial myocardial infarction	0	standard	23	0
DISEASE	subependymal giant cell astrocytoma	1	standard	93	0
DISEASE	subependymal giant cell astrocytoma (sega)	1	alias_disease	47	0
DISEASE	subinvolution of uterus in puerperium	1	standard	20	0
DISEASE	subjective cognitive decline	1	standard	15	0
DISEASE	submucous uterine fibroid	0	standard	13	0
DISEASE	substance abuse	1	standard	7	0
DISEASE	substance withdrawal syndrome	1	standard	34	0
DISEASE	sudden cardiac arrest	1	standard	66	0
DISEASE	sudden infant death-dysgenesis of the testes syndrome	0	MONDO	20	0
DISEASE	suicidal ideation, ctcae	0	standard	10	0
DISEASE	sulfite oxidase deficiency due to molybdenum cofactor deficiency type a	1	modified_disease	50	0
DISEASE	sunburn	1	standard	29	0
DISEASE	superficial epidermolytic ichthyosis	0	MONDO	21	0
DISEASE	superficial folliculitis	1	standard	14	0
DISEASE	superficial keratitis	1	standard	34	0
DISEASE	superficial multifocal basal cell carcinoma	1	standard	28	0
DISEASE	superficial punctate keratitis	0	corrected_overlay	19	0
DISEASE	superficial urinary bladder carcinoma	1	standard	31	0
DISEASE	suppression of rhesus (rh) isoimmunization	1	standard	21	0
DISEASE	suppurative thyroiditis	1	standard	25	0
DISEASE	supranuclear palsy, progressive, 1	1	MedGen	155	0
DISEASE	supraspinatus tendinitis	1	standard	33	0
DISEASE	supravalvular aortic stenosis	0	MONDO	65	0
DISEASE	supraventricular and ventricular arrhythmias	1	standard	32	0
DISEASE	supraventricular arrhythmia	0	standard	15	0
DISEASE	supraventricular tachycardia	1	standard	13	0
DISEASE	surface wounds	1	standard	22	0
DISEASE	surgical wound	0	standard	7	0
DISEASE	surgical wound infection	1	standard	9	0
DISEASE	susceptibility to visceral leishmaniasis, 1	1	MONDO	16	0
DISEASE	sustained ventricular tachycardia	0	standard	12	0
DISEASE	swelling	0	standard	7	0
DISEASE	swelling due to pregnancy	0	manual_modified_disease	17	0
DISEASE	swine influenza	0	standard	34	0
DISEASE	sycosis barbae	0	standard	17	0
DISEASE	sympathetic ophthalmia	1	standard	35	0
DISEASE	sympathetic uveitis	1	standard	35	0
DISEASE	symptomatic heart failure	0	manual_final7_review	30	0
DISEASE	symptomatic premature ventricular beats	0	corrected_overlay	21	0
DISEASE	symptomatic sarcoidosis	0	corrected_overlay	22	0
DISEASE	symptomatic vitreomacular adhesion	0	corrected_overlay	15	0
DISEASE	syncope	1	standard	50	0
DISEASE	syndromic dyslipidemia	0	standard	12	0
DISEASE	synovial sarcoma	1	standard	102	0
DISEASE	synovitis	1	standard	5	0
DISEASE	syphilis	1	standard	10	0
DISEASE	systemic anaplastic large cell lymphoma	1	standard	37	0
DISEASE	systemic candidiasis	1	standard	5	0
DISEASE	systemic embolism	1	standard	95	0
DISEASE	systemic embolism in patients with non-valvular atrial fibrillation	1	modified_disease	50	0
DISEASE	systemic inflammatory response syndrome	1	standard	73	0
DISEASE	systemic juvenile idiopathic arthritis	1	modified_disease	30	0
DISEASE	systemic lupus erythematosus	1	standard	72	0
DISEASE	systemic lupus erythematosus (sle)	1	alias_disease	26	0
DISEASE	systemic lupus erythematosus, susceptibility to, 1	1	MedGen	403	0
DISEASE	systemic lupus erythematosus, susceptibility to, 2	1	MONDO	17	0
DISEASE	systemic lupus erythematosus, susceptibility to, 3	1	MONDO	17	0
DISEASE	systemic lupus erythematosus, susceptibility to, 4	1	MONDO	17	0
DISEASE	systemic mastocytosis	1	standard	49	0
DISEASE	systemic mycosis	1	standard	14	0
DISEASE	systemic primary carnitine deficiency	0	standard	65	0
DISEASE	systemic primary carnitine deficiency disease	1	standard	36	0
DISEASE	systemic sclerosis	1	standard	64	0
DISEASE	systemic sclerosis-associated interstitial lung disease	1	standard	48	0
DISEASE	systemic vasculitis	1	standard	15	0
DISEASE	systolic heart failure	1	standard	14	0
DISEASE	t-cell acute lymphoblastic leukemia	1	modified_disease	20	0
DISEASE	t-cell acute lymphocytic leukemia	1	modified_disease	24	0
DISEASE	t-cell non-hodgkin's lymphoma	1	standard	21	0
DISEASE	t-cell/histiocyte rich large b-cell lymphoma (lbcl)	0	alias_disease	27	0
DISEASE	tabagism	0	corrected_overlay	26	0
DISEASE	tachyarrhythmia	1	standard	28	0
DISEASE	tachycardia	1	standard	28	0
DISEASE	tachycardia, atrioventricular nodal reentry	0	standard	59	0
DISEASE	tachycardia, reciprocating	0	standard	56	0
DISEASE	takayasu arteritis	1	standard	48	0
DISEASE	tapeworm infections	1	standard	9	0
DISEASE	tardive dyskinesia	0	standard	23	0
DISEASE	tay-sachs disease	0	MONDO	19	0
DISEASE	telangiectasis	1	standard	36	0
DISEASE	temporal arteritis	1	standard	70	0
DISEASE	temporal lobe epilepsy	1	standard	79	0
DISEASE	tendinitis	1	standard	19	0
DISEASE	tendonitis	1	standard	19	0
DISEASE	tennis elbow	1	standard	39	0
DISEASE	tenosynovial giant cell tumor	1	standard	36	0
DISEASE	tenosynovitis	1	standard	52	0
DISEASE	tension	0	standard	9	0
DISEASE	tension headaches	0	standard	63	0
DISEASE	tension-type headache	1	standard	63	0
DISEASE	teratocarcinoma	1	standard	27	0
DISEASE	tertiary hypothyroidism	1	standard	17	0
DISEASE	tertiary syphilis	1	standard	27	0
DISEASE	testicular cancer	1	standard	19	0
DISEASE	testicular embryonal carcinoma	1	standard	57	0
DISEASE	testicular germ cell tumor	1	standard	19	0
DISEASE	testicular neoplasms	0	standard	19	0
DISEASE	testosterone deficiency	0	standard	6	0
DISEASE	testotoxicosis	1	standard	53	0
DISEASE	tetanus	1	standard	64	0
DISEASE	tetany	1	standard	65	0
DISEASE	tetany, neonatal	1	modified_disease	22	0
DISEASE	tetrahydrobiopterin-responsive hyperphenylalaninemia/phenylketonuria	1	modified_disease	62	0
DISEASE	tetralogy of fallot	1	standard	42	0
DISEASE	th-deficient dopa-responsive dystonia	0	MONDO	29	0
DISEASE	thalassemia	1	standard	38	0
DISEASE	thalassemia syndrome	1	standard	38	0
DISEASE	thallium poisoning	0	corrected_overlay	8	0
DISEASE	therapy related acute myeloid leukemia and myelodysplastic syndrome	1	modified_disease	34	0
DISEASE	thermal burn	0	standard	8	0
DISEASE	thermal burns containing intact dermal elements	0	corrected_overlay	25	0
DISEASE	thiamine deficiency	1	standard	80	0
DISEASE	thickened skin	0	corrected_overlay	12	0
DISEASE	thioridazine poisoning	0	corrected_overlay	8	0
DISEASE	third-degree atrioventricular block	1	standard	42	0
DISEASE	third-degree burns	1	standard	42	0
DISEASE	thoracic diseases	0	standard	7	0
DISEASE	thrombasthenia	1	standard	44	0
DISEASE	thromboangiitis obliterans	1	standard	45	0
DISEASE	thromboangitis obliterans	0	standard	45	0
DISEASE	thrombocythemia	0	standard	11	0
DISEASE	thrombocythemia 1	0	standard	131	0
DISEASE	thrombocythemia 2	1	MedGen	16	0
DISEASE	thrombocytopenia	1	standard	6	0
DISEASE	thrombocytopenia 1	1	MONDO	13	0
DISEASE	thrombocytopenia 2	0	MONDO	40	0
DISEASE	thrombocytopenia 3	1	MONDO	13	0
DISEASE	thrombocytopenia 4	0	MONDO	16	0
DISEASE	thrombocytopenia due to immune destruction	1	modified_disease	20	0
DISEASE	thromboembolism	1	standard	15	0
DISEASE	thrombophilia	1	standard	15	0
DISEASE	thrombophilia due to thrombin defect	0	MONDO	13	0
DISEASE	thrombosis	1	standard	12	0
DISEASE	thrombotic stroke	0	standard	42	0
DISEASE	thrombotic thrombocytopenic purpura	1	standard	54	0
DISEASE	thygeson superficial punctate keratopathy	0	standard	51	0
DISEASE	thymus neoplasm	1	standard	7	0
DISEASE	thyroid cancer	1	standard	7	0
DISEASE	thyroid cancer, nonmedullary, 1	1	MedGen	254	0
DISEASE	thyroid cancer, nonmedullary, 2	1	MONDO	7	0
DISEASE	thyroid disease	1	standard	6	0
DISEASE	thyroid dyshormonogenesis 1	1	MONDO	14	0
DISEASE	thyroid dyshormonogenesis 3	0	MONDO	18	0
DISEASE	thyroid dyshormonogenesis 4	0	MONDO	18	0
DISEASE	thyroid dyshormonogenesis 5	0	MONDO	18	0
DISEASE	thyroid dyshormonogenesis 6	0	MONDO	18	0
DISEASE	thyroid eye disease	1	standard	33	0
DISEASE	thyroid gland autonomy	1	standard	19	0
DISEASE	thyroid gland carcinoma	1	standard	25	0
DISEASE	thyroid gland undifferentiated (anaplastic) carcinoma	1	standard	61	0
DISEASE	thyroid hormone metabolism, abnormal 1	0	MONDO	58	0
DISEASE	thyroid hurthle cell carcinoma	1	MONDO	15	0
DISEASE	thyroid nodule	1	standard	46	0
DISEASE	thyroiditis	1	standard	33	0
DISEASE	thyroiod cancer	0	corrected_overlay	24	0
DISEASE	thyrotoxic crisis	1	standard	20	0
DISEASE	thyrotoxicosis	1	standard	45	0
DISEASE	tibial muscular dystrophy	0	MONDO	25	0
DISEASE	tibial torsion, bilateral medial	1	modified_disease	50	0
DISEASE	tick-borne encephalitis	1	standard	82	0
DISEASE	tick-borne encephalitis (tbe)	1	alias_disease	58	0
DISEASE	tick-borne infectious disease	0	standard	59	0
DISEASE	timothy syndrome	0	MONDO	42	0
DISEASE	tinea barbae	1	standard	6	0
DISEASE	tinea barbae caused by microsporum canis	1	modified_disease	16	0
DISEASE	tinea capitis	1	standard	24	0
DISEASE	tinea corporis	1	standard	20	0
DISEASE	tinea corporis (ringworm)	0	corrected_overlay	18	0
DISEASE	tinea cruris	1	standard	11	0
DISEASE	tinea cruris (jock itch)	1	standard	11	0
DISEASE	tinea infection	0	standard	7	0
DISEASE	tinea manuum	1	standard	6	0
DISEASE	tinea pedis	1	standard	15	0
DISEASE	tinea pedis (athlete's foot)	1	standard	15	0
DISEASE	tinea unguium	1	standard	14	0
DISEASE	tinea versicolor	1	standard	49	0
DISEASE	tobacco addiction, susceptibility to	1	MedGen	9	0
DISEASE	tongue cancer	1	standard	6	0
DISEASE	tongue squamous cell carcinoma	1	standard	39	0
DISEASE	tonic seizure	0	standard	39	0
DISEASE	tonic-clonic epilepsy	1	standard	97	0
DISEASE	tonsil cancer	1	standard	7	0
DISEASE	tonsillar squamous cell carcinoma	1	standard	57	0
DISEASE	tonsillitis	1	standard	34	0
DISEASE	tooth and nail syndrome	0	MONDO	9	0
DISEASE	tooth ankylosis	0	MONDO	22	0
DISEASE	toothache	1	standard	8	0
DISEASE	torsade-de-pointes syndrome with short coupling interval	0	standard	64	0
DISEASE	torsades de pointes	1	standard	63	0
DISEASE	torsion dystonia 4	0	MONDO	20	0
DISEASE	torticollis	0	corrected_overlay	26	0
DISEASE	total blindness	1	standard	39	0
DISEASE	tourette syndrome	1	standard	92	0
DISEASE	tourette's syndrome	1	standard	92	0
DISEASE	toxemia of pregnancy	1	standard	48	0
DISEASE	toxic effect of methyl alcohol	0	corrected_overlay	13	0
DISEASE	toxic encephalopathy caused by lead	1	modified_disease	29	0
DISEASE	toxic epidermal necrolysis	0	standard	43	0
DISEASE	toxic methemoglobinemia with cyanosis	0	standard	38	0
DISEASE	toxocariasis	1	standard	33	0
DISEASE	toxoplasmosis	1	standard	12	0
DISEASE	toxoplasmosis encephalitis	1	standard	55	0
DISEASE	tracheobronchitis	1	standard	5	0
DISEASE	trachoma	1	standard	12	0
DISEASE	transfusion reaction	1	standard	33	0
DISEASE	transfusional hemosiderosis	0	standard	12	0
DISEASE	transient erythroblastopenia of childhood	1	modified_disease	26	0
DISEASE	transient hypogammaglobulinemia	1	standard	44	0
DISEASE	transient hypothyroidism	1	standard	30	0
DISEASE	transient insomnia	0	standard	28	0
DISEASE	transient ischemic attack	1	standard	61	0
DISEASE	transient ischemic attacks	1	standard	61	0
DISEASE	transient neonatal diabetes mellitus	1	modified_disease	76	0
DISEASE	transitional cell carcinoma	1	standard	18	0
DISEASE	transplanted organ rejection	1	standard	22	0
DISEASE	transposition of the great arteries	0	standard	12	0
DISEASE	transthyretin amyloid cardiomyopathy	1	curated_standard_definition	32	0
DISEASE	transthyretin cardiac amyloidosis	1	standard	38	0
DISEASE	trauma	1	standard	22	0
DISEASE	traumatic brain injuries	0	standard	17	0
DISEASE	traumatic wounds	1	standard	71	0
DISEASE	traveler's diarrhea	0	corrected_overlay	18	0
DISEASE	travelers' diarrhea	0	corrected_overlay	18	0
DISEASE	treacher collins syndrome 1	0	MONDO	17	0
DISEASE	treacher collins syndrome 3	0	MONDO	17	0
DISEASE	treatment-refractory schizophrenia	1	modified_disease	24	0
DISEASE	treatment-resistant depression	1	modified_disease	30	0
DISEASE	treatment-resistant schizophrenia	1	modified_disease	42	0
DISEASE	tremor	1	standard	56	0
DISEASE	tremor, hereditary essential, 1	1	modified_disease	42	0
DISEASE	tremor, hereditary essential, 2	1	MONDO	15	0
DISEASE	tremor-nystagmus-duodenal ulcer syndrome	0	Orphanet	52	0
DISEASE	trichinellosis	1	standard	65	0
DISEASE	trichinosis	1	standard	65	0
DISEASE	tricho-dento-osseous syndrome	0	MONDO	39	0
DISEASE	trichomonal vulvovaginitis	0	standard	8	0
DISEASE	trichomonas infections	0	standard	11	0
DISEASE	trichomonas vaginitis urogenital infection	0	standard	21	0
DISEASE	trichomoniasis	1	standard	11	0
DISEASE	trichophyton mentagrophytes or trichophyton rubrum	0	corrected_overlay	13	0
DISEASE	trichotillomania	0	MONDO	41	0
DISEASE	trichuriasis	1	standard	10	0
DISEASE	tricuspid atresia	1	standard	49	0
DISEASE	trigeminal neuralgia	1	standard	64	0
DISEASE	triosephosphate isomerase deficiency	0	MONDO	21	0
DISEASE	triple-negative breast cancer (tnbc)	1	modified_disease	14	0
DISEASE	triple-negative breast carcinoma	1	modified_disease	55	0
DISEASE	tropical pancreatitis	0	MONDO	55	0
DISEASE	tropical pulmonary eosinophilia	1	standard	10	0
DISEASE	tropical spastic paraparesis	1	MedGen	45	0
DISEASE	tropical sprue	1	standard	38	0
DISEASE	troyer syndrome	0	MONDO	70	0
DISEASE	trypanosomiasis	1	standard	7	0
DISEASE	trypsinogen deficiency	1	MONDO	13	0
DISEASE	tsh producing pituitary tumor	0	standard	15	0
DISEASE	tuberculosis	1	standard	16	0
DISEASE	tuberculosis, meningeal	0	standard	91	0
DISEASE	tuberculous meningitis	1	standard	91	0
DISEASE	tuberous sclerosis	1	standard	65	0
DISEASE	tuberous sclerosis 1	1	MedGen	81	0
DISEASE	tuberous sclerosis 2	0	MONDO	39	0
DISEASE	tuberous sclerosis complex	1	standard	65	0
DISEASE	tubo-ovarian abscess	0	standard	19	0
DISEASE	tularemia	1	standard	24	0
DISEASE	tumor lysis syndrome	1	standard	27	0
DISEASE	tumor mutational burden-high (tmb-h) cancer	0	corrected_overlay	9	0
DISEASE	tumors	0	standard	25	0
DISEASE	tympanic membrane perforation	0	standard	21	0
DISEASE	type 1 diabetes mellitus	1	modified_disease	19	0
DISEASE	type 1 diabetes mellitus 10	0	MONDO	25	0
DISEASE	type 1 diabetes mellitus 11	0	MONDO	23	0
DISEASE	type 1 diabetes mellitus 13	1	MedGen	23	0
DISEASE	type 1 diabetes mellitus 15	0	MONDO	23	0
DISEASE	type 1 diabetes mellitus 17	0	MONDO	23	0
DISEASE	type 1 diabetes mellitus 2	0	MONDO	25	0
DISEASE	type 1 diabetes mellitus 4	1	MedGen	23	0
DISEASE	type 1 diabetes mellitus 6	0	MONDO	23	0
DISEASE	type 2 diabetes mellitus	1	modified_disease	20	0
DISEASE	typhoid fever	1	standard	14	0
DISEASE	typhus	1	standard	51	0
DISEASE	typhus fever	1	standard	14	0
DISEASE	typical absence seizure	1	standard	84	0
DISEASE	tyrosinemia	1	standard	98	0
DISEASE	tyrosinemia type i	1	standard	41	0
DISEASE	tyrosinemia type ii	1	MedGen	49	0
DISEASE	tyrosinemia type iii	1	MedGen	58	0
DISEASE	ulcer disease	0	standard	20	0
DISEASE	ulcerative colitis	1	standard	25	0
DISEASE	ulcerative esophagitis	0	standard	18	0
DISEASE	ulcerative proctitis (disorder)	0	corrected_overlay	20	0
DISEASE	ulcerative proctosigmoiditis	0	standard	11	0
DISEASE	ulcers	1	standard	20	0
DISEASE	uncomplicated allergic skin manifestations of angioedema	1	standard	22	0
DISEASE	uncomplicated gonorrhea	1	standard	65	0
DISEASE	uncomplicated malaria	1	standard	106	0
DISEASE	uncomplicated malignant hypertension	1	standard	17	0
DISEASE	uncomplicated skin and skin structure infections	1	standard	19	0
DISEASE	uncomplicated urinary tract infections	1	standard	11	0
DISEASE	uncontrolled bleeding	1	standard	31	0
DISEASE	unexplained infertility	0	corrected_overlay	14	0
DISEASE	unilateral inguinal hernia	0	modified_disease	29	0
DISEASE	unresectable hepatocellular carcinoma	1	modified_disease	17	0
DISEASE	unresectable hepatocellular carcinoma (hcc)	1	modified_disease	18	0
DISEASE	unresectable liposarcoma	1	modified_disease	15	0
DISEASE	unresectable melanoma	1	modified_disease	15	0
DISEASE	unresectable non-squamous non-small cell lung cancer	1	modified_disease	19	0
DISEASE	unresectable or metastatic melanoma with a braf v600e or v600k mutation	1	modified_disease	57	0
DISEASE	unresectable or metastatic uveal melanoma	1	modified_disease	49	0
DISEASE	unresectable stage iii non-small cell lung cancer (nsclc)	1	modified_disease	34	0
DISEASE	unresectable thymic carcinoma	1	modified_disease	17	0
DISEASE	unstable angina	1	standard	10	0
DISEASE	unverricht-lundborg syndrome	0	MONDO	30	0
DISEASE	upper gastrointestinal hemorrhage	1	standard	13	0
DISEASE	upper limb spasticity	1	standard	11	0
DISEASE	upper respiratory infections	1	standard	15	0
DISEASE	upper respiratory tract disorder	0	standard	7	0
DISEASE	upper respiratory tract infections	1	standard	15	0
DISEASE	urate tophus	0	standard	30	0
DISEASE	urea cycle disorder	1	standard	77	0
DISEASE	urea cycle disorders, inborn	0	standard	77	0
DISEASE	urea cycle enzyme deficiencies	1	standard	28	0
DISEASE	uremia	1	standard	54	0
DISEASE	ureteritis	1	standard	9	0
DISEASE	ureterolithiasis	1	standard	6	0
DISEASE	urethral infections and inflammations	0	corrected_overlay	16	0
DISEASE	urethritis	1	standard	21	0
DISEASE	urge incontinence	1	standard	35	0
DISEASE	urgency urinary incontinence	1	standard	42	0
DISEASE	urgent surgery/invasive procedures	0	manual_modified_disease	17	0
DISEASE	urinary bladder cancer	1	standard	7	0
DISEASE	urinary bladder carcinoma	1	standard	11	0
DISEASE	urinary bladder, atony of	1	HPO	18	0
DISEASE	urinary incontinence	1	standard	30	0
DISEASE	urinary incontinence, urge	0	standard	35	0
DISEASE	urinary leakage	0	standard	8	0
DISEASE	urinary retention	1	standard	9	0
DISEASE	urinary schistosomiasis	1	standard	36	0
DISEASE	urinary system disorder	1	standard	6	0
DISEASE	urinary tract infection	1	standard	22	0
DISEASE	urinary tract infections	0	standard	22	0
DISEASE	urinary tract infections (cystitis)	1	alias_disease	22	0
DISEASE	urinary urgency	1	standard	42	0
DISEASE	urinary urgency, ctcae	0	standard	10	0
DISEASE	urocanic aciduria	0	MONDO	33	0
DISEASE	urofacial syndrome 2	0	MONDO	17	0
DISEASE	urogenital infections	0	corrected_overlay	9	0
DISEASE	urogenital tuberculosis	1	standard	20	0
DISEASE	urolithiasis	1	standard	19	0
DISEASE	urolithiasis, uric acid, autosomal dominant	1	standard	19	0
DISEASE	urothelial carcinoma	1	standard	23	0
DISEASE	urothelial carcinoma recurrent	0	corrected_overlay	7	0
DISEASE	urticaria	1	standard	28	0
DISEASE	urticarial reaction to blood product	0	corrected_overlay	17	0
DISEASE	uterine anomalies	1	MedGen	5	0
DISEASE	uterine atony	0	standard	22	0
DISEASE	uterine cancer	1	standard	6	0
DISEASE	uterine cervical cancer	0	standard	7	0
DISEASE	uterine cervix carcinoma in situ	0	standard	25	0
DISEASE	uterine corpus cancer	0	standard	31	0
DISEASE	uterine corpus leiomyoma	0	MONDO	30	0
DISEASE	uterine fibroid	1	standard	47	0
DISEASE	uterine fibroids	1	standard	47	0
DISEASE	uterine hemorrhage	1	standard	12	0
DISEASE	uveal melanoma	1	MedGen	63	0
DISEASE	uveitis	1	standard	30	0
DISEASE	vaccinia	1	standard	13	0
DISEASE	vaginal atrophy	0	standard	20	0
DISEASE	vaginal cancer	1	standard	6	0
DISEASE	vaginal disease	1	standard	5	0
DISEASE	vaginal dryness	1	standard	33	0
DISEASE	vaginal intraepithelial neoplasia	0	standard	24	0
DISEASE	vaginal intraepithelial neoplasia grade 1	1	modified_disease	26	0
DISEASE	vaginal ulcer	1	standard	13	0
DISEASE	vaginitis	1	standard	11	0
DISEASE	vaginitis caused by gardnerella vaginalis	1	modified_disease	18	0
DISEASE	vancomycin-resistant enterococcus faecium infections	1	modified_disease	38	0
DISEASE	variant angina	1	modified_disease	21	0
DISEASE	varicella	1	standard	75	0
DISEASE	varicose disease	0	MONDO	12	0
DISEASE	varicose ulcer	0	standard	16	0
DISEASE	varicose veins	1	standard	4	0
DISEASE	variegate porphyria	0	MONDO	24	0
DISEASE	vascular dementia	1	standard	36	0
DISEASE	vascular diseases	0	standard	29	0
DISEASE	vascular headache	1	standard	25	0
DISEASE	vascular headaches	0	standard	25	0
DISEASE	vascular parkinsonism	1	standard	19	0
DISEASE	vasculitis	1	standard	21	0
DISEASE	vaso-occlusive crisis	1	standard	30	0
DISEASE	vasodilatory shock	1	standard	56	0
DISEASE	vasomotor menopausal symptoms	1	standard	22	0
DISEASE	vasomotor rhinitis	1	standard	15	0
DISEASE	vasomotor symptoms	0	corrected_overlay	22	0
DISEASE	vasospasm, intracranial	0	standard	45	0
DISEASE	vasospastic angina	1	standard	76	0
DISEASE	vein disorder	1	standard	5	0
DISEASE	venom allergy	1	standard	19	0
DISEASE	venom-induced anaphylaxis	0	standard	11	0
DISEASE	venous insufficiency	1	standard	36	0
DISEASE	venous thromboembolism	1	standard	16	0
DISEASE	ventricular arrhythmia	1	standard	21	0
DISEASE	ventricular arrhythmias associated with digitalis toxicity	1	modified_disease	29	0
DISEASE	ventricular arrhythmias due to cardiac ryanodine receptor calcium release deficiency syndrome	1	MedGen	78	0
DISEASE	ventricular fibrillation	1	standard	48	0
DISEASE	ventricular premature beats	1	standard	56	0
DISEASE	ventricular septal defect 3	0	MONDO	18	0
DISEASE	ventricular standstill	1	standard	48	0
DISEASE	ventricular tachycardia	1	standard	69	0
DISEASE	ventriculitis	0	standard	5	0
DISEASE	vernal conjunctivitis	1	standard	7	0
DISEASE	vernal keratoconjunctivitis	1	standard	7	0
DISEASE	verruca	1	standard	10	0
DISEASE	vertebral compression fracture	1	standard	26	0
DISEASE	vertical disease transmission	0	standard	16	0
DISEASE	vertigo	1	standard	70	0
DISEASE	very long chain acyl-coa dehydrogenase deficiency	1	MedGen	115	0
DISEASE	vesicoureteral reflux	1	standard	21	0
DISEASE	vestibular disorder	1	standard	26	0
DISEASE	vestibular vertigo	1	standard	70	0
DISEASE	vincent angina	1	standard	59	0
DISEASE	vincent's gingivitis	1	standard	59	0
DISEASE	vipoma	1	standard	52	0
DISEASE	viral disease	1	standard	8	0
DISEASE	viral induced lung injury	1	standard	44	0
DISEASE	viral pneumonia	1	standard	12	0
DISEASE	viral respiratory tract infection	1	standard	32	0
DISEASE	viral rhinitis	1	standard	14	0
DISEASE	viremia	1	standard	7	0
DISEASE	visceral larva migrans	1	standard	35	0
DISEASE	visceral leishmaniasis	1	standard	59	0
DISEASE	visceral pain	1	standard	21	0
DISEASE	visceral spasms	0	corrected_overlay	16	0
DISEASE	vitamin a deficiency	1	standard	83	0
DISEASE	vitamin b 12 deficiency	0	standard	83	0
DISEASE	vitamin b deficiency	1	standard	45	0
DISEASE	vitamin b12 deficiency	1	standard	83	0
DISEASE	vitamin b2 deficiency	1	standard	35	0
DISEASE	vitamin b6 deficiency	1	standard	53	0
DISEASE	vitamin c deficiency	1	standard	66	0
DISEASE	vitamin d deficiency	1	standard	59	0
DISEASE	vitamin d hydroxylation-deficient rickets, type 1b	1	MedGen	227	0
DISEASE	vitamin d-dependent rickets, type 1a	1	MedGen	297	0
DISEASE	vitamin d-dependent rickets, type 2a	0	MONDO	33	0
DISEASE	vitamin deficiency	1	standard	15	0
DISEASE	vitamin e deficiency	0	standard	79	0
DISEASE	vitamin k deficiency bleeding	1	standard	6	0
DISEASE	vitamin k deficiency hemorrhagic disease	1	standard	29	0
DISEASE	vitiligo	1	standard	49	0
DISEASE	vitiligo-associated multiple autoimmune disease susceptibility 6	1	MedGen	14	0
DISEASE	vitreomacular traction	0	standard	66	0
DISEASE	vivax malaria	1	standard	32	0
DISEASE	vomiting	1	standard	12	0
DISEASE	vomiting associated with radiotherapy	1	modified_disease	21	0
DISEASE	vomiting induced by cytotoxic therapy	1	standard	13	0
DISEASE	vomiting, postoperative	0	standard	6	0
DISEASE	von hippel-lindau (vhl) disease	1	standard	58	0
DISEASE	von hippel-lindau disease	1	standard	58	0
DISEASE	von willebrand disease	1	standard	53	0
DISEASE	von willebrand disease (hereditary or acquired)	1	modified_disease	29	0
DISEASE	von willebrand disease 1	1	MedGen	97	0
DISEASE	von willebrand disease 3	0	standard	51	0
DISEASE	von willebrand disease type 2b	1	modified_disease	65	0
DISEASE	von willebrand disorder	1	standard	53	0
DISEASE	von willebrand's disease (type i)	1	standard	53	0
DISEASE	vulva cancer	1	standard	6	0
DISEASE	vulval intraepithelial neoplasia grade 2	1	modified_disease	24	0
DISEASE	vulvar dystrophy	1	standard	19	0
DISEASE	vulvar intraepithelial neoplasia	1	standard	28	0
DISEASE	vulvar lichen sclerosus	1	standard	21	0
DISEASE	vulvar squamous cell carcinoma	1	standard	107	0
DISEASE	vulvovaginal atrophy	0	standard	28	0
DISEASE	vulvovaginal candidiasis	1	standard	13	0
DISEASE	vulvovaginitis	1	standard	13	0
DISEASE	wagr syndrome	0	MONDO	39	0
DISEASE	waldenstrom macroglobulinemia	1	standard	42	0
DISEASE	waldenstrom's macroglobulinemia	1	standard	42	0
DISEASE	warfarin related intracerebral hemorrhage	1	standard	29	0
DISEASE	warts	1	standard	10	0
DISEASE	wasting syndrome	1	standard	43	0
DISEASE	watson syndrome	0	MONDO	90	0
DISEASE	wearing off effect	1	standard	17	0
DISEASE	weaver syndrome	0	MONDO	37	0
DISEASE	weight loss	1	standard	5	0
DISEASE	werner syndrome	1	MedGen	106	0
DISEASE	wernicke encephalopathy	1	standard	78	0
DISEASE	wernicke-korsakoff syndrome	1	MedGen	28	0
DISEASE	west syndrome	1	standard	87	0
DISEASE	wet beriberi	0	standard	21	0
DISEASE	wet macular degeneration	1	standard	41	0
DISEASE	whim syndrome 1	1	standard	46	0
DISEASE	whipworm infections	0	standard	10	0
DISEASE	wiedemann-steiner syndrome	0	MONDO	88	0
DISEASE	wild type attr amyloidosis	1	standard	18	0
DISEASE	williams syndrome	0	MONDO	31	0
DISEASE	wilms tumor	1	standard	57	0
DISEASE	wilms tumor 1	0	MONDO	27	0
DISEASE	wilms' tumor	1	standard	57	0
DISEASE	wilson disease	1	standard	71	0
DISEASE	wilson's disease	1	standard	71	0
DISEASE	wilson-turner syndrome	0	MONDO	19	0
DISEASE	winchester syndrome	1	MONDO	13	0
DISEASE	wiskott-aldrich syndrome	0	MONDO	22	0
DISEASE	wiskott-aldrich syndrome 2	0	MONDO	17	0
DISEASE	wolf-hirschhorn syndrome	0	MONDO	26	0
DISEASE	wolff-parkinson-white syndrome	1	standard	79	0
DISEASE	wolfram syndrome 1	0	MONDO	17	0
DISEASE	wolfram syndrome 2	0	MONDO	17	0
DISEASE	woodhouse-sakati syndrome	0	MONDO	22	0
DISEASE	wooly hair-hypotrichosis-everted lower lip-outstanding ears syndrome	1	MedGen	14	0
DISEASE	wound infection	1	standard	7	0
DISEASE	wound sepsis	1	standard	13	0
DISEASE	wounds	0	standard	22	0
DISEASE	wounds, stab	0	standard	7	0
DISEASE	wrinkly skin syndrome	0	MONDO	67	0
DISEASE	wrist fracture	1	standard	13	0
DISEASE	x-linked adrenoleukodystrophy	1	standard	79	0
DISEASE	x-linked alport syndrome	0	MONDO	5	0
DISEASE	x-linked dominant hypophosphatemic rickets	1	standard	18	0
DISEASE	x-linked erythropoietic protoporphyria	0	MONDO	94	0
DISEASE	x-linked hypophosphatemic rickets	1	standard	30	0
DISEASE	x-linked lymphoproliferative disease due to sh2d1a deficiency	0	MONDO	93	0
DISEASE	x-linked myopathy with excessive autophagy	0	MONDO	21	0
DISEASE	x-linked myopathy with postural muscle atrophy	0	MONDO	54	0
DISEASE	x-linked myotubular myopathy	0	MONDO	26	0
DISEASE	x-linked progressive cerebellar ataxia	1	MONDO	15	0
DISEASE	x-linked recessive ocular albinism	0	MONDO	23	0
DISEASE	x-linked retinoschisis	0	MONDO	18	0
DISEASE	x-linked scapuloperoneal muscular dystrophy	0	MONDO	25	0
DISEASE	x-linked sideroblastic anemia 1	1	MONDO	15	0
DISEASE	x-linked sideroblastic anemia with ataxia	0	MONDO	42	0
DISEASE	x-linked spondyloepimetaphyseal dysplasia	0	MONDO	5	0
DISEASE	xanthinuria type i	0	MONDO	56	0
DISEASE	xanthomatosis, cerebrotendinous	0	standard	42	0
DISEASE	xeroderma pigmentosum group a	1	MedGen	134	0
DISEASE	xerostomia	1	standard	3	0
DISEASE	yaws	1	standard	13	0
DISEASE	yellow fever	1	standard	36	0
DISEASE	zellweger spectrum disorders	0	standard	52	0
DISEASE	zinc deficiency	0	corrected_overlay	12	0
DISEASE	zollinger-ellison syndrome	1	standard	40	0
DISEASE	zygomycosis	1	standard	50	0
DRUG	(-)-nebivolol	0	standard	22	0
DRUG	(2s,3r)-glycopyrronium bromide	0	standard	30	0
DRUG	(r)-irinotecan hydrochloride trihydrate	1	standard	4	0
DRUG	(r)-methylmalonyl-coa	0	PubChem	30	0
DRUG	(s)-acetoin	0	PubChem	4	0
DRUG	(s)-mandelic acid	0	PubChem	27	0
DRUG	0.5 ml respiratory syncytial virus pre-fusion f protein, a, recombinant, stabilized 0.12 mg/ml / respiratory syncytial virus pre-fusion f protein, b, recombinant, stabilized 0.12 mg/ml injection	1	modified_drug	48	0
DRUG	1 ml hepatitis a vaccine (inactivated) strain hm175 720 unt/ml / hepatitis b surface antigen vaccine 0.02 mg/ml prefilled syringe	0	modified_drug	90	0
DRUG	1,2-benzodiazepine	1	ChEMBL	19	0
DRUG	1,2-dichloro-propane	0	PubChem	15	0
DRUG	1-benzylimidazole	1	ChEMBL	12	0
DRUG	10-hydroxycamptothecin	0	PubChem	4	0
DRUG	16-fluoroestradiol	0	standard	0	1
DRUG	177lu-psma-617	1	standard	5	0
DRUG	2'-deoxycytidine-5'-monophosphate	0	PubChem	51	0
DRUG	2,4,6-tribromophenol	0	PubChem	50	0
DRUG	2-aminophenol	0	ChEBI	15	0
DRUG	2-butanol	0	PubChem	24	0
DRUG	2-deoxyglucose	1	ChEMBL	12	0
DRUG	2-ethoxyethanol	0	PubChem	22	0
DRUG	2-methoxyestradiol	0	NCI Thesaurus	56	0
DRUG	2-methoxyethanol	0	PubChem	22	0
DRUG	2-phenylbutyric acid	1	standard	45	0
DRUG	21s-argatroban	1	standard	0	1
DRUG	3 ml insulin degludec 100 unt/ml / liraglutide 3.6 mg/ml pen injector	0	modified_drug	71	0
DRUG	3,3'-diindolylmethane	0	PubChem	18	0
DRUG	3,4-dihydroxycinnamic acid	1	ChEMBL	12	0
DRUG	3,4-dimethylaniline	0	PubChem	48	0
DRUG	3-bromo-7-nitroindazole	1	ChEMBL	12	0
DRUG	3-chlorophenol	0	PubChem	11	0
DRUG	3-methyl-benzene-1,2-diol	0	PubChem	39	0
DRUG	3-methyladenine	0	ChEBI	13	0
DRUG	3-phenylpropionic acid	0	PubChem	59	0
DRUG	30 actuat fluticasone furoate 0.2 mg/actuat / vilanterol 0.025 mg/actuat dry powder inhaler	0	corrected_overlay	26	0
DRUG	4-bromo-2,5-dimethoxyphenethylamine	0	PubChem	11	0
DRUG	4-hydroxybutyrate	1	standard	67	0
DRUG	4-hydroxycyclophosphamide	1	standard	40	0
DRUG	4-methoxyamphetamine	1	ChEMBL	12	0
DRUG	4-nitrocatechol	0	PubChem	59	0
DRUG	4-phenylbutylamine	0	PubChem	32	0
DRUG	5-fluorouracil glucuronide	0	standard	0	1
DRUG	5-fluorouridine	0	PubChem	36	0
DRUG	5-methyltetrahydrofolic acid	0	ChEBI	15	0
DRUG	6-o-benzylguanine	1	ChEMBL	19	0
DRUG	64cu-dotatate	1	standard	115	0
DRUG	7-hydroxystaurosporine	0	NCI Thesaurus	52	0
DRUG	7-nitroindazole	0	PubChem	62	0
DRUG	8-azaguanine	0	PubChem	46	0
DRUG	8-chlorotheophylline	1	standard	42	0
DRUG	9cuab30	1	ChEMBL	19	0
DRUG	[2-[(8s,9r,10s,11s,13s,14s,16r,17r)-17-(cyclopropanecarbonyloxy)-9-luoro-11-hydroxy-10,13,16-trimethyl-3-oxo-6,7,8,11,12,14,15,16-octahydrocyclopenta[a]phenanthren-17-yl]-2-oxoethyl] cyclohexanecarboxylate	1	standard	6	0
DRUG	abacavir	1	standard	66	0
DRUG	abacavir / dolutegravir / lamivudine oral product	1	modified_drug	76	0
DRUG	abacavir 600 mg / lamivudine 300 mg oral tablet	1	modified_drug	56	0
DRUG	abaloparatide	0	standard	94	0
DRUG	abametapir	0	standard	6	0
DRUG	abarelix	1	standard	30	0
DRUG	abatacept	0	standard	65	0
DRUG	abciximab	0	standard	51	0
DRUG	abemaciclib	1	standard	21	0
DRUG	abiraterone	1	standard	63	0
DRUG	abiraterone / niraparib oral tablet	1	modified_drug	37	0
DRUG	abiraterone acetate	1	standard	74	0
DRUG	abp-980	1	alias_drug	6	0
DRUG	abrocitinib	1	standard	120	0
DRUG	abt-510	1	ChEMBL	18	0
DRUG	acadesine	0	NCI Thesaurus	121	0
DRUG	acalabrutinib	1	standard	106	0
DRUG	acamprosate	1	standard	41	0
DRUG	acarbose	1	standard	19	0
DRUG	accuretic	0	corrected_overlay	12	0
DRUG	ace-011	1	alias_drug	180	0
DRUG	acebutolol	1	standard	64	0
DRUG	aceclidine	0	standard	9	0
DRUG	aceclofenac	1	standard	76	0
DRUG	acellular pertussis vaccine, inactivated / diphtheria toxoid vaccine, inactivated / haemophilus influenzae b (ross strain) capsular polysaccharide meningococcal protein conjugate vaccine / hepatitis b surface antigen vaccine / poliovirus vaccine inactivated, type 1 (mahoney) / poliovirus vaccine inactivated, type 2 (mef-1) / poliovirus vaccine inactivated, type 3 (saukett) / tetanus toxoid vaccine, inactivated injectable product	0	corrected_overlay	31	0
DRUG	acellular pertussis vaccine, inactivated / diphtheria toxoid vaccine, inactivated / poliovirus vaccine inactivated, type 1 (mahoney) / poliovirus vaccine inactivated, type 2 (mef-1) / poliovirus vaccine inactivated, type 3 (saukett) / tetanus toxoid vaccine, inactivated injectable product	0	modified_drug	363	0
DRUG	acemetacin	1	standard	97	0
DRUG	aceneuramic acid	1	standard	58	0
DRUG	acenocoumarol	1	standard	50	0
DRUG	acepromazine	1	standard	53	0
DRUG	acetaminophen	1	standard	93	0
DRUG	acetaminophen / butalbital / caffeine / codeine pill	1	modified_drug	107	0
DRUG	acetaminophen / codeine oral capsule	1	modified_drug	58	0
DRUG	acetaminophen / hydrocodone oral capsule	1	modified_drug	58	0
DRUG	acetaminophen / hydrocodone oral product	1	modified_drug	58	0
DRUG	acetaminophen / hydrocodone pill	1	modified_drug	57	0
DRUG	acetaminophen / ibuprofen oral tablet	1	modified_drug	69	0
DRUG	acetaminophen / oxycodone oral capsule	1	modified_drug	58	0
DRUG	acetaminophen / phenyltoloxamine pill	1	modified_drug	48	0
DRUG	acetaminophen / propoxyphene oral tablet	1	modified_drug	51	0
DRUG	acetaminophen / tramadol pill	1	modified_drug	71	0
DRUG	acetaminophen 250 mg / aspirin 250 mg / caffeine 65 mg oral tablet [excedrin]	1	modified_drug	105	0
DRUG	acetaminophen 325 mg / benzhydrocodone 4.08 mg oral tablet	1	modified_drug	207	0
DRUG	acetaminophen/caffeine/dihydrocodeine	1	modified_drug	65	0
DRUG	acetaminophen/pentazocine	1	modified_drug	45	0
DRUG	acetazolamide	0	standard	45	0
DRUG	acetic acid	1	standard	39	0
DRUG	acetoacetic acid	0	PubChem	56	0
DRUG	acetohexamide	1	standard	58	0
DRUG	acetohydroxamic acid	1	standard	57	0
DRUG	acetophenazine	1	standard	55	0
DRUG	acetophenone	0	PubChem	36	0
DRUG	acetyl sulfisoxazole	0	standard	10	0
DRUG	acetylcarnitine	1	standard	64	0
DRUG	acetylcholine	1	standard	46	0
DRUG	acetylcysteine	1	standard	69	0
DRUG	acetylcysteine zinc	1	ChEMBL	20	0
DRUG	acetyldigitoxin	1	standard	46	0
DRUG	acetylmethadol	0	standard	4	0
DRUG	acetylsalicylic acid	1	standard	124	0
DRUG	acifluorfen	0	PubChem	82	0
DRUG	acipimox	0	standard	6	0
DRUG	acitretin	0	NCI Thesaurus	52	0
DRUG	aclarubicin	0	PubChem	91	0
DRUG	aclidinium	1	standard	77	0
DRUG	aclidinium / formoterol dry powder inhaler	1	modified_drug	55	0
DRUG	acoltremon	1	standard	128	0
DRUG	acoramidis hydrochloride	0	standard	103	0
DRUG	acotiamide	0	standard	6	0
DRUG	acp-001	1	alias_drug	437	0
DRUG	acrivastine	1	standard	58	0
DRUG	acrivastine / pseudoephedrine oral capsule	1	modified_drug	65	0
DRUG	acrylic acid	0	PubChem	30	0
DRUG	actelion-1	1	ChEMBL	20	0
DRUG	acyclovir	1	standard	49	0
DRUG	acyclovir 50 mg/ml / hydrocortisone 10 mg/ml topical cream	0	modified_drug	138	0
DRUG	ad26covs1	0	alias_drug	17	0
DRUG	adagrasib	1	standard	29	0
DRUG	adalimumab	0	standard	49	0
DRUG	adapalene	1	standard	60	0
DRUG	adapalene / benzoyl peroxide / clindamycin topical gel	1	modified_drug	101	0
DRUG	adapalene / benzoyl peroxide topical gel	1	modified_drug	44	0
DRUG	adcetris	0	corrected_overlay	12	0
DRUG	adderall	0	corrected_overlay	16	0
DRUG	adefovir	1	standard	102	0
DRUG	adefovir dipivoxil	1	standard	78	0
DRUG	ademetionine	1	standard	43	0
DRUG	adenine	0	PubChem	60	0
DRUG	adenosine	1	standard	56	0
DRUG	adenosine phosphate	0	PubChem	71	0
DRUG	adinazolam	1	ChEMBL	20	0
DRUG	adiphenine	0	standard	7	0
DRUG	ado-trastuzumab-emtansine cas nr	1	standard	6	0
DRUG	adomiparin	1	DrugBank	14	0
DRUG	advicor	0	corrected_overlay	12	0
DRUG	aeg35156	1	ChEMBL	18	0
DRUG	afamelanotide	1	standard	33	0
DRUG	afatinib	1	standard	85	0
DRUG	afimoxifene	0	PubChem	70	0
DRUG	aflibercept	0	standard	78	0
DRUG	afuresertib	0	PubChem	6	0
DRUG	agalsidase alfa	1	standard	0	1
DRUG	agalsidase beta	1	standard	268	0
DRUG	aggrenox	0	standard	76	0
DRUG	agkistrodon piscivorus antivenin	1	standard	0	1
DRUG	agmatine	0	PubChem	32	0
DRUG	agomelatine	0	standard	6	0
DRUG	ajmaline	1	standard	15	0
DRUG	akynzeo	0	corrected_overlay	24	0
DRUG	alanine	0	PubChem	69	0
DRUG	alanine / arginine / aspartate / glutamate / glycine / histidine / isoleucine / leucine / lysine / methionine / phenylalanine / proline / serine / threonine / tryptophan / tyrosine / valine injectable solution	1	modified_drug	185	0
DRUG	alatrofloxacin	0	standard	4	0
DRUG	albendazole	1	standard	59	0
DRUG	albiglutide	0	standard	4	0
DRUG	albumin human	0	standard	34	0
DRUG	albuterol	1	standard	71	0
DRUG	albuterol / budesonide inhalant product	0	modified_drug	115	0
DRUG	albutrepenonacog alfa	1	standard	0	1
DRUG	alcaftadine	1	standard	58	0
DRUG	alclofenac	1	standard	71	0
DRUG	alclometasone	1	standard	68	0
DRUG	aldactazide	0	corrected_overlay	13	0
DRUG	aldesleukin	0	standard	126	0
DRUG	alectinib	1	standard	86	0
DRUG	alefacept	0	standard	114	0
DRUG	alemtuzumab	0	standard	94	0
DRUG	alendronate / cholecalciferol oral product	0	modified_drug	114	0
DRUG	alendronic acid	1	standard	57	0
DRUG	alfacalcidol	1	standard	79	0
DRUG	alfaxalone	0	standard	5	0
DRUG	alfentanil	1	standard	78	0
DRUG	alfuzosin	0	standard	28	0
DRUG	alginic acid	0	standard	24	0
DRUG	alglucerase	0	standard	27	0
DRUG	alglucosidase alfa	1	standard	215	0
DRUG	alimemazine	0	standard	6	0
DRUG	alirocumab	0	standard	92	0
DRUG	alisertib	0	NCI Thesaurus	89	0
DRUG	aliskiren	1	standard	38	0
DRUG	aliskiren/hydrochlorothiazide	1	modified_drug	53	0
DRUG	alitretinoin	0	standard	12	0
DRUG	alizapride	0	NCI Thesaurus	13	0
DRUG	allantoin	1	standard	60	0
DRUG	allegra-d	0	corrected_overlay	12	0
DRUG	allergenic extract- beef liver	0	corrected_overlay	11	0
DRUG	allogeneic cultured keratinocytes and dermal fibroblasts in murine collagen	0	corrected_overlay	20	0
DRUG	allopurinol	1	standard	53	0
DRUG	allylestrenol	0	PubChem	12	0
DRUG	almasilate	0	standard	0	1
DRUG	almitrine	1	standard	39	0
DRUG	almotriptan	1	standard	47	0
DRUG	alogliptin	1	standard	75	0
DRUG	alogliptin / metformin oral tablet	1	modified_drug	56	0
DRUG	alogliptin / pioglitazone oral product	1	modified_drug	72	0
DRUG	alogliptin/metformin	1	modified_drug	52	0
DRUG	alosetron	1	standard	35	0
DRUG	alpelisib	0	NCI Thesaurus	75	0
DRUG	alpha tocopherol / ascorbic acid / biotin / cholecalciferol / dexpanthenol / folic acid / niacinamide / pyridoxine / riboflavin / thiamine / vitamin a / vitamin b12 / vitamin k1 injectable solution	0	modified_drug	595	0
DRUG	alpha-1-proteinase inhibitor	0	standard	377	0
DRUG	alpha-linolenic acid	0	PubChem	55	0
DRUG	alpha-tocopherol acetate	0	PubChem	5	0
DRUG	alpha-tocopherol succinate	0	PubChem	8	0
DRUG	alphacetylmethadol	1	ChEMBL	19	0
DRUG	alprazolam	1	standard	65	0
DRUG	alprenolol	1	ChEMBL	20	0
DRUG	alprostadil	0	standard	33	0
DRUG	alteplase	0	standard	48	0
DRUG	altretamine	0	standard	4	0
DRUG	aluminium	0	PubChem	5	0
DRUG	aluminium clofibrate	1	ChEMBL	20	0
DRUG	aluminium monostearate	1	ChEMBL	20	0
DRUG	aluminum acetate	0	standard	150	0
DRUG	aluminum cation	0	standard	23	0
DRUG	aluminum hydroxide	0	standard	44	0
DRUG	aluminum hydroxide, magnesium hydroxide, simethicone drug combination	0	corrected_overlay	14	0
DRUG	aluminum sesquichlorohydrate	0	standard	25	0
DRUG	aluminum subacetate	0	corrected_overlay	14	0
DRUG	aluminum sulfate	1	standard	13	0
DRUG	alverine	1	standard	58	0
DRUG	alvespimycin	0	PubChem	60	0
DRUG	alvimopan	0	standard	4	0
DRUG	alvocidib	0	NCI Thesaurus	56	0
DRUG	amantadine	1	standard	69	0
DRUG	ambenonium	1	standard	27	0
DRUG	ambrisentan	0	standard	4	0
DRUG	ambrosia artemisiifolia pollen	1	standard	116	0
DRUG	ambroxol	0	standard	5	0
DRUG	amcinonide	0	standard	37	0
DRUG	amdinocillin	1	standard	46	0
DRUG	amenamevir	0	standard	47	0
DRUG	american chestnut	0	corrected_overlay	11	0
DRUG	amifampridine	0	standard	4	0
DRUG	amifostine	1	standard	59	0
DRUG	amikacin	1	standard	63	0
DRUG	amiloride	1	standard	60	0
DRUG	amiloride / hydrochlorothiazide oral tablet	1	modified_drug	59	0
DRUG	amineptine	1	standard	91	0
DRUG	aminobenzoic acid	1	standard	63	0
DRUG	aminocaproic acid	1	standard	84	0
DRUG	aminoglutethimide	1	standard	56	0
DRUG	aminolevulinic acid	1	standard	139	0
DRUG	aminophenazone	1	standard	65	0
DRUG	aminophylline	1	standard	32	0
DRUG	aminorex	1	ChEMBL	19	0
DRUG	aminosalicylic acid	1	standard	52	0
DRUG	amiodarone	1	standard	64	0
DRUG	amisulpride	1	standard	84	0
DRUG	amitriptyline	1	standard	57	0
DRUG	amitriptyline / chlordiazepoxide oral tablet	1	modified_drug	59	0
DRUG	amitriptyline / perphenazine oral tablet	1	modified_drug	55	0
DRUG	amitriptylinoxide	0	standard	6	0
DRUG	amivantamab	0	standard	111	0
DRUG	amlexanox	1	standard	50	0
DRUG	amlodipine	1	standard	60	0
DRUG	amlodipine / benazepril oral product	1	modified_drug	65	0
DRUG	amlodipine / benazepril pill	1	modified_drug	64	0
DRUG	amlodipine / olmesartan pill	1	modified_drug	43	0
DRUG	amlodipine / valsartan oral tablet	1	modified_drug	64	0
DRUG	amlodipine 10 mg / hydrochlorothiazide 25 mg / valsartan 160 mg oral tablet	1	modified_drug	92	0
DRUG	amlodipine 5 mg / hydrochlorothiazide 25 mg / valsartan 160 mg oral tablet	1	modified_drug	92	0
DRUG	ammonia	1	standard	75	0
DRUG	ammonia n-13	1	standard	47	0
DRUG	ammonium chloride	0	PubChem	28	0
DRUG	ammonium lactate	0	standard	42	0
DRUG	amobarbital	1	standard	33	0
DRUG	amodiaquine	1	standard	73	0
DRUG	amorolfine	1	standard	105	0
DRUG	amoxapine	1	standard	40	0
DRUG	amoxicillin	1	standard	43	0
DRUG	amphetamine	1	standard	26	0
DRUG	amphomycin	1	standard	38	0
DRUG	amphotericin b	1	standard	41	0
DRUG	ampicillin	1	standard	46	0
DRUG	amprenavir	0	standard	24	0
DRUG	amrinone	1	standard	55	0
DRUG	amsacrine	1	standard	54	0
DRUG	amyl nitrite	1	standard	31	0
DRUG	amylocaine	0	standard	5	0
DRUG	anacaulase	0	standard	22	0
DRUG	anagliptin	0	standard	6	0
DRUG	anagrelide	1	standard	37	0
DRUG	anagrelide hydrochloride	1	standard	25	0
DRUG	anakinra	0	standard	212	0
DRUG	anamorelin hydrochloride	0	standard	64	0
DRUG	anastrozole	1	standard	35	0
DRUG	ancrod	0	NCI Thesaurus	47	0
DRUG	andexanet alfa	0	standard	69	0
DRUG	andrographolide	0	PubChem	55	0
DRUG	androstenedione	0	PubChem	10	0
DRUG	anethole trithione	0	PubChem	6	0
DRUG	angiotensin ii	1	standard	33	0
DRUG	anidulafungin	1	standard	42	0
DRUG	anifrolumab	1	standard	166	0
DRUG	anileridine	1	standard	82	0
DRUG	aniracetam	1	ChEMBL	19	0
DRUG	anisindione	1	standard	43	0
DRUG	anisodamine	1	ChEMBL	8	0
DRUG	anisomycin	0	PubChem	63	0
DRUG	anisotropine methylbromide	0	standard	17	0
DRUG	anistreplase	1	standard	91	0
DRUG	ansuvimab	1	standard	120	0
DRUG	antazoline	1	standard	64	0
DRUG	anthralin	1	standard	46	0
DRUG	anthranilic acid	0	PubChem	52	0
DRUG	anthrax immune globulin human	0	corrected_overlay	12	0
DRUG	anthrax vaccine	1	standard	6	0
DRUG	anti-inhibitor coagulant complex	0	standard	99	0
DRUG	antihemophilic factor (recombinant), pegylated	1	standard	5	0
DRUG	antihemophilic factor human	0	standard	39	0
DRUG	antihemophilic factor, human recombinant	0	standard	58	0
DRUG	antihemophilic factor, human recombinant injectable solution	1	modified_drug	30	0
DRUG	antilymphocyte immunoglobulin (horse)	1	standard	0	1
DRUG	antimony	0	PubChem	5	0
DRUG	antipyrine	1	standard	47	0
DRUG	antipyrine mixture with benzocaine	0	corrected_overlay	10	0
DRUG	antithrombin alfa	0	standard	26	0
DRUG	antithrombin iii human	0	standard	33	0
DRUG	antithymocyte immunoglobulin (rabbit)	0	manual_final7_review	34	0
DRUG	antrafenine	1	ChEMBL	19	0
DRUG	antroquinonol	0	PubChem	110	0
DRUG	apadamtase alfa	0	standard	108	0
DRUG	apalutamide	0	standard	73	0
DRUG	apigenin	0	PubChem	42	0
DRUG	apixaban	1	standard	63	0
DRUG	apocynin	0	PubChem	67	0
DRUG	apomorphine	0	standard	36	0
DRUG	apomorphine hydrochloride hydrate	0	standard	93	0
DRUG	apraclonidine	0	NCI Thesaurus	29	0
DRUG	apramycin	1	standard	44	0
DRUG	apremilast	1	standard	62	0
DRUG	aprepitant	1	standard	83	0
DRUG	aprindine	1	ChEMBL	20	0
DRUG	aprocitentan	0	standard	88	0
DRUG	aprotinin	0	standard	72	0
DRUG	arabica coffee bean	0	corrected_overlay	8	0
DRUG	arachidonic acid	0	NCI Thesaurus	53	0
DRUG	aranidipine	0	standard	6	0
DRUG	arbekacin	1	standard	52	0
DRUG	arbutamine	0	standard	16	0
DRUG	arbutin	1	standard	49	0
DRUG	ardeparin	1	standard	0	1
DRUG	arecoline	1	ChEMBL	20	0
DRUG	arformoterol	1	standard	90	0
DRUG	arformoterol maleate	1	standard	77	0
DRUG	argatroban	0	standard	5	0
DRUG	arginine	1	standard	70	0
DRUG	argipressin	1	standard	52	0
DRUG	arimoclomol citrate	0	standard	150	0
DRUG	aripiprazole	1	standard	73	0
DRUG	aripiprazole lauroxil	1	standard	71	0
DRUG	armodafinil	1	standard	87	0
DRUG	arsenic trioxide	1	standard	15	0
DRUG	arsenic(3+)	0	standard	5	0
DRUG	artemether	1	standard	65	0
DRUG	artemisia douglasiana pollen	0	corrected_overlay	7	0
DRUG	artemisinin	1	standard	47	0
DRUG	artemotil	0	standard	5	0
DRUG	artenimol	0	standard	5	0
DRUG	artesunate	1	standard	71	0
DRUG	articaine	0	standard	8	0
DRUG	arzoxifene	0	standard	65	0
DRUG	asciminib	0	standard	89	0
DRUG	asciminib hydrochloride	0	standard	95	0
DRUG	ascorbic acid	1	standard	69	0
DRUG	ascorbic acid / biotin / folic acid / niacin / pantothenate / pyridoxine / riboflavin / thiamine / vitamin b12 oral capsule	1	modified_drug	606	0
DRUG	ascorbic acid / cholecalciferol / cuprous oxide / folic acid / magnesium oxide / niacin / polysaccharide iron complex / potassium iodide / pyridoxine / riboflavin / thiamine / vitamin a / vitamin b12 / vitamin e / zinc oxide oral capsule	0	modified_drug	564	0
DRUG	ascorbic acid / cholecalciferol / niacinamide / pyridoxine / riboflavin / thiamine / vitamin a / vitamin b12 / vitamin e oral solution	1	modified_drug	648	0
DRUG	ascorbic acid / ferrous fumarate / folic acid / vitamin b12 oral capsule	1	modified_drug	259	0
DRUG	asenapine	1	standard	28	0
DRUG	asfotase alfa	1	standard	209	0
DRUG	asiaticoside	0	PubChem	74	0
DRUG	asparaginase	0	standard	96	0
DRUG	asparaginase erwinia chrysanthemi	0	standard	93	0
DRUG	asparaginase escherichia coli	0	corrected_overlay	25	0
DRUG	aspartame	1	ChEMBL	19	0
DRUG	aspartic acid	1	standard	57	0
DRUG	aspergillus niger var. niger	0	corrected_overlay	10	0
DRUG	aspirin	1	standard	124	0
DRUG	aspirin / butalbital / caffeine / codeine pill	1	modified_drug	111	0
DRUG	aspirin / hydrocodone pill	1	modified_drug	61	0
DRUG	aspirin / omeprazole oral product	1	modified_drug	58	0
DRUG	aspirin / oxycodone pill	1	modified_drug	61	0
DRUG	aspirin mixture with clopidogrel sulfate	0	corrected_overlay	11	0
DRUG	aspirin, butalbital and caffeine drug combination	0	corrected_overlay	12	0
DRUG	astaxanthin	0	PubChem	87	0
DRUG	astemizole	1	standard	45	0
DRUG	astrazeneca covid-19 vaccine	1	standard	73	0
DRUG	asunaprevir	0	standard	4	0
DRUG	ataluren	0	standard	9	0
DRUG	atazanavir	1	standard	39	0
DRUG	atazanavir / cobicistat oral product	1	modified_drug	65	0
DRUG	atenolol	1	standard	52	0
DRUG	atezolizumab	0	standard	166	0
DRUG	atogepant	1	standard	75	0
DRUG	atoltivimab	1	standard	227	0
DRUG	atomoxetine	1	standard	42	0
DRUG	atorvastatin	1	standard	76	0
DRUG	atorvastatin / ezetimibe oral product	1	modified_drug	68	0
DRUG	atorvastatin(1-)	1	standard	14	0
DRUG	atosiban	0	standard	4	0
DRUG	atovaquone	1	standard	59	0
DRUG	atovaquone / proguanil pill	1	modified_drug	49	0
DRUG	atp	0	ChEBI	23	0
DRUG	atracurium	1	standard	35	0
DRUG	atracurium besylate	1	standard	34	0
DRUG	atrasentan	1	standard	90	0
DRUG	atropine	1	standard	67	0
DRUG	atropine / diphenoxylate oral solution	0	modified_drug	115	0
DRUG	atropine sulfate / benzoic acid / hyoscyamine sulfate / methenamine / methylene blue / phenyl salicylate oral tablet	0	modified_drug	263	0
DRUG	attapulgite	0	standard	40	0
DRUG	augmentin	0	corrected_overlay	21	0
DRUG	auranofin	1	standard	13	0
DRUG	aurothioglucose	0	standard	6	0
DRUG	autologous cultured chondrocytes	1	standard	233	0
DRUG	avacincaptad pegol	1	standard	156	0
DRUG	avacopan	0	standard	159	0
DRUG	avagacestat	0	PubChem	8	0
DRUG	avalglucosidase alfa	1	standard	124	0
DRUG	avalide	0	corrected_overlay	12	0
DRUG	avanafil	1	standard	66	0
DRUG	avapritinib	0	standard	109	0
DRUG	avatrombopag	0	standard	61	0
DRUG	avatrombopag maleate	0	standard	67	0
DRUG	avelumab	0	standard	144	0
DRUG	avibactam	1	standard	91	0
DRUG	avibactam / ceftazidime injectable product	1	modified_drug	63	0
DRUG	avobenzone	0	standard	6	0
DRUG	avobenzone 3 g in 100 g / homosalate 8 g in 100 g / octisalate 4 g in 100 g / octocrylene 5 g in 100 g topical cream [olay total effects whip active moisturizer broad spectrum spf 25 sunscreen]	0	corrected_overlay	127	0
DRUG	axatilimab	0	standard	208	0
DRUG	axicabtagene ciloleucel	0	standard	135	0
DRUG	axitinib	1	standard	75	0
DRUG	azacitidine	1	standard	51	0
DRUG	azapropazone	1	standard	67	0
DRUG	azatadine	1	standard	31	0
DRUG	azathioprine	1	standard	91	0
DRUG	azelaic acid	1	standard	57	0
DRUG	azelastine	1	standard	68	0
DRUG	azelastine / fluticasone inhalant product	1	modified_drug	59	0
DRUG	azelnidipine	0	standard	5	0
DRUG	azficel-t	1	standard	0	1
DRUG	azidocillin	0	standard	12	0
DRUG	azilsartan / chlorthalidone pill	1	modified_drug	52	0
DRUG	azilsartan medoxomil	1	standard	85	0
DRUG	azimilide	1	ChEMBL	20	0
DRUG	azithromycin	1	standard	34	0
DRUG	azlocillin	1	standard	53	0
DRUG	azosemide	1	standard	63	0
DRUG	aztreonam	1	standard	28	0
DRUG	bacampicillin	1	standard	36	0
DRUG	bacillus calmette-guerin substrain russian bcg-i live antigen	1	modified_drug	29	0
DRUG	bacillus calmette-guerin substrain tice live antigen	1	modified_drug	29	0
DRUG	bacitracin	1	standard	74	0
DRUG	bacitracin / lidocaine / neomycin / polymyxin b topical product	1	modified_drug	88	0
DRUG	bacitracin / neomycin / polymyxin b ophthalmic ointment	1	modified_drug	72	0
DRUG	baclofen	1	standard	79	0
DRUG	bactrim	0	corrected_overlay	13	0
DRUG	baloxavir marboxil	0	standard	82	0
DRUG	balsalazide	1	standard	43	0
DRUG	bambuterol	1	RxNorm	15	0
DRUG	bamlanivimab	0	standard	77	0
DRUG	barbital	0	PubChem	41	0
DRUG	bardoxolone methyl	0	PubChem	7	0
DRUG	baricitinib	1	standard	79	0
DRUG	barium sulfate	1	standard	56	0
DRUG	basiliximab	0	standard	46	0
DRUG	bavisant	1	ChEMBL	19	0
DRUG	bax 855	0	corrected_overlay	16	0
DRUG	bax2398 + 5-fu/calcium levofolinate	0	modified_drug	84	0
DRUG	bazedoxifene	0	standard	4	0
DRUG	becaplermin	0	standard	65	0
DRUG	beclabuvir	0	standard	81	0
DRUG	beclometasone dipropionate	1	standard	66	0
DRUG	beclomethasone	1	standard	87	0
DRUG	beclomethasone 17-monopropionate	0	standard	4	0
DRUG	beclomethasone dipropionate	1	standard	66	0
DRUG	bedaquiline	1	standard	78	0
DRUG	befunolol	0	standard	6	0
DRUG	belantamab	1	standard	195	0
DRUG	belantamab mafodotin	0	standard	153	0
DRUG	belatacept	1	standard	193	0
DRUG	belimumab	0	standard	80	0
DRUG	belinostat	1	standard	38	0
DRUG	beloranib	0	NCI Thesaurus	131	0
DRUG	belotecan	0	standard	4	0
DRUG	belumosudil	0	standard	99	0
DRUG	belzutifan	0	standard	84	0
DRUG	bemiparin	0	standard	30	0
DRUG	bempedoic acid	1	standard	68	0
DRUG	bempedoic acid / ezetimibe	0	standard	51	0
DRUG	bempedoic acid / ezetimibe oral product	1	modified_drug	71	0
DRUG	benazepril	1	standard	93	0
DRUG	bendamustine	0	standard	6	0
DRUG	bendazac	1	standard	88	0
DRUG	bendroflumethiazide	1	standard	50	0
DRUG	benfotiamine	1	standard	61	0
DRUG	benidipine	1	ChEMBL	19	0
DRUG	benorilate	0	standard	5	0
DRUG	benoxaprofen	1	standard	102	0
DRUG	benperidol	0	standard	5	0
DRUG	benralizumab	0	standard	58	0
DRUG	benserazide	1	standard	136	0
DRUG	bentoquatam	1	standard	0	1
DRUG	benzamidine	0	PubChem	45	0
DRUG	benzamycin	0	corrected_overlay	19	0
DRUG	benzatropine	1	standard	65	0
DRUG	benzbromarone	1	standard	53	0
DRUG	benzhydrocodone	0	standard	207	0
DRUG	benzhydroxamic acid	1	ChEMBL	8	0
DRUG	benzimidazole	0	PubChem	34	0
DRUG	benziodarone	0	standard	5	0
DRUG	benznidazole	1	standard	52	0
DRUG	benzoate / hyoscyamine / methenamine / methylene blue / phenyl salicylate oral tablet	0	modified_drug	223	0
DRUG	benzocaine	1	standard	75	0
DRUG	benzofuran	0	PubChem	10	0
DRUG	benzoic acid	1	standard	58	0
DRUG	benzoin resin	1	standard	44	0
DRUG	benzonatate	1	standard	79	0
DRUG	benzophenone	0	PubChem	9	0
DRUG	benzoyl peroxide	0	standard	6	0
DRUG	benzoyl peroxide / tretinoin topical product	1	modified_drug	37	0
DRUG	benzoyl peroxide 0.05 mg/mg / clindamycin 0.01 mg/mg topical gel [benzaclin]	0	modified_drug	64	0
DRUG	benzoylformic acid	0	PubChem	50	0
DRUG	benzphetamine	1	standard	72	0
DRUG	benzquinamide	0	standard	25	0
DRUG	benzthiazide	1	standard	54	0
DRUG	benzydamine	1	standard	77	0
DRUG	benzyl alcohol	1	standard	29	0
DRUG	benzyl benzoate	1	standard	59	0
DRUG	benzylpenicillin	1	standard	49	0
DRUG	benzylpenicilloyl polylysine	0	standard	36	0
DRUG	bepotastine	1	standard	80	0
DRUG	bepridil	1	standard	45	0
DRUG	beractant	1	standard	171	0
DRUG	beraprost	1	ChEMBL	19	0
DRUG	beraprost sodium	1	standard	53	0
DRUG	berberine	0	standard	118	0
DRUG	beremagene geperpavec	0	standard	104	0
DRUG	bergapten	0	PubChem	18	0
DRUG	beroctocog alfa	1	standard	0	1
DRUG	berotralstat	0	standard	218	0
DRUG	berotralstat hydrochloride	0	standard	218	0
DRUG	besifloxacin	0	standard	6	0
DRUG	besilesomab	1	standard	0	1
DRUG	beta carotene	0	PubChem	66	0
DRUG	beta-isosparteine	1	ChEMBL	19	0
DRUG	beta-naphthoflavone	0	PubChem	42	0
DRUG	betahistine	1	standard	84	0
DRUG	betaine	1	standard	35	0
DRUG	betamethasone	0	standard	53	0
DRUG	betamethasone / calcipotriene topical ointment	1	modified_drug	63	0
DRUG	betamethasone 0.5 mg/ml / clotrimazole 10 mg/ml topical cream	1	modified_drug	80	0
DRUG	betamethasone 17 valerate	0	standard	65	0
DRUG	betamethasone dipropionate and clotrimazole	0	corrected_overlay	12	0
DRUG	betamethasone phosphate	1	standard	65	0
DRUG	betaxolol	1	standard	87	0
DRUG	betaxolol / pilocarpine hydrochloride ophthalmic suspension	1	modified_drug	57	0
DRUG	bethanechol	1	standard	73	0
DRUG	bethanidine	1	standard	18	0
DRUG	betibeglogene autotemcel	0	standard	149	0
DRUG	betrixaban	1	standard	68	0
DRUG	betulinic acid	1	standard	94	0
DRUG	bevacizumab	0	standard	35	0
DRUG	bevacizumab-tnjn	0	standard	35	0
DRUG	bexagliflozin	1	standard	84	0
DRUG	bexarotene	0	standard	22	0
DRUG	bezafibrate	1	standard	74	0
DRUG	bezlotoxumab	0	standard	72	0
DRUG	bicalutamide	1	standard	47	0
DRUG	bicarbonates	0	standard	54	0
DRUG	bicisate dihydrochloride	0	standard	208	0
DRUG	bictegravir	1	standard	76	0
DRUG	bictegravir / emtricitabine / tenofovir alafenamide oral product	1	modified_drug	81	0
DRUG	bictegravir 50 mg / emtricitabine 200 mg / tenofovir alafenamide 25 mg oral tablet	1	modified_drug	87	0
DRUG	bifeprunox	1	ChEMBL	19	0
DRUG	bifonazole	1	standard	27	0
DRUG	bilastine	0	standard	6	0
DRUG	biliverdine ix alpha	0	PubChem	41	0
DRUG	bimatoprost	0	standard	18	0
DRUG	bimekizumab	1	standard	141	0
DRUG	bimekizumab-bkzx	0	standard	141	0
DRUG	binimetinib	1	standard	105	0
DRUG	bioallethrin	1	standard	51	0
DRUG	biochanin a	0	PubChem	87	0
DRUG	biopterin	0	PubChem	21	0
DRUG	biotin	0	PubChem	77	0
DRUG	biperiden	1	standard	85	0
DRUG	birch bark extract	0	corrected_overlay	8	0
DRUG	birch triterpenes 0.1 mg/mg	1	modified_drug	145	0
DRUG	bisacodyl	0	standard	4	0
DRUG	bismuth subcitrate / metronidazole / tetracycline oral capsule	1	modified_drug	71	0
DRUG	bismuth subcitrate potassium	0	standard	277	0
DRUG	bismuth subsalicylate	0	NCI Thesaurus	43	0
DRUG	bisoprolol	0	standard	27	0
DRUG	bisoprolol / hydrochlorothiazide pill	1	modified_drug	44	0
DRUG	bisoxatin	0	standard	4	0
DRUG	bithionol	0	PubChem	99	0
DRUG	bitolterol	1	standard	72	0
DRUG	bivalirudin	1	standard	76	0
DRUG	bixalomer	1	standard	0	1
DRUG	bl-1020	1	ChEMBL	8	0
DRUG	black widow spider antivenin (equine)	0	corrected_overlay	19	0
DRUG	bleomycin	1	standard	34	0
DRUG	blephamide	0	corrected_overlay	18	0
DRUG	blinatumomab	0	standard	85	0
DRUG	blonanserin	0	standard	6	0
DRUG	bms 747158-02	0	corrected_overlay	19	0
DRUG	bms-690514	1	ChEMBL	19	0
DRUG	boceprevir	1	standard	53	0
DRUG	bordetella pertussis fimbriae 2/3 antigen	0	corrected_overlay	9	0
DRUG	borofalan (10b)	1	standard	74	0
DRUG	bortezomib	1	standard	71	0
DRUG	bortezomib d-mannitol	0	standard	26	0
DRUG	bosentan	0	standard	25	0
DRUG	bosentan monohydrate	0	standard	9	0
DRUG	bosutinib	1	standard	50	0
DRUG	botulinum toxin type a	0	standard	136	0
DRUG	botulinum toxin type b	1	standard	206	0
DRUG	bq-123	0	PubChem	6	0
DRUG	bremelanotide	0	standard	4	0
DRUG	brentuximab vedotin	0	standard	125	0
DRUG	bretylium	1	standard	62	0
DRUG	brexanolone	1	standard	52	0
DRUG	brexpiprazole	1	curated_drug_definition	30	0
DRUG	brexucabtagene autoleucel	0	standard	166	0
DRUG	brigatinib	0	standard	19	0
DRUG	brimonidine	0	standard	28	0
DRUG	brimonidine / brinzolamide ophthalmic product	1	modified_drug	36	0
DRUG	brimonidine / timolol ophthalmic product	1	modified_drug	39	0
DRUG	brimonidine tartrate 2 mg/ml / timolol 5 mg/ml ophthalmic solution	1	modified_drug	47	0
DRUG	brimonidine/brinzolamide	1	modified_drug	31	0
DRUG	brincidofovir	0	standard	4	0
DRUG	brinzolamide	0	standard	22	0
DRUG	brivaracetam	1	standard	58	0
DRUG	brivudine	0	standard	36	0
DRUG	brodalumab	1	standard	115	0
DRUG	brofaromine	1	ChEMBL	19	0
DRUG	brolucizumab	1	standard	113	0
DRUG	bromazepam	0	standard	6	0
DRUG	bromazine	1	standard	57	0
DRUG	bromelains	0	standard	45	0
DRUG	bromfenac	1	standard	103	0
DRUG	bromhexine	1	standard	75	0
DRUG	bromocriptine	0	standard	31	0
DRUG	bromodiphenhydramine	1	standard	57	0
DRUG	bromperidol	0	standard	5	0
DRUG	brompheniramine	1	standard	64	0
DRUG	brompheniramine / dextromethorphan / pseudoephedrine oral product	1	modified_drug	79	0
DRUG	bryostatin 1	0	PubChem	131	0
DRUG	bucillamine	0	PubChem	6	0
DRUG	buclizine	1	standard	48	0
DRUG	budesonide	1	standard	77	0
DRUG	budesonide / formoterol / glycopyrronium metered dose inhaler	1	modified_drug	54	0
DRUG	budesonide / formoterol inhalant product	1	modified_drug	44	0
DRUG	budesonide, formoterol fumarate drug combination	0	corrected_overlay	12	0
DRUG	bufexamac	1	standard	52	0
DRUG	buformin	1	standard	56	0
DRUG	bulevirtide	0	standard	171	0
DRUG	bumadizone	1	standard	69	0
DRUG	bumetanide	1	standard	77	0
DRUG	bunamidine	0	standard	10	0
DRUG	bunazosin	0	PubChem	6	0
DRUG	bupivacaine	1	standard	41	0
DRUG	bupranolol	0	standard	5	0
DRUG	buprenorphine	1	standard	90	0
DRUG	bupropion	1	standard	53	0
DRUG	bupropion / dextromethorphan pill	1	modified_drug	56	0
DRUG	bupropion / naltrexone extended release oral tablet	1	modified_drug	46	0
DRUG	bupropion+naltrexone	1	modified_drug	62	0
DRUG	burosumab	0	standard	116	0
DRUG	buserelin	0	standard	4	0
DRUG	buspirone	1	standard	80	0
DRUG	busulfan	1	standard	80	0
DRUG	butabarbital	0	standard	6	0
DRUG	butalbital	1	standard	68	0
DRUG	butamben	1	standard	95	0
DRUG	butenafine	1	standard	77	0
DRUG	buthionine sulfoximine	0	PubChem	46	0
DRUG	butobarbital	0	standard	6	0
DRUG	butoconazole	1	standard	82	0
DRUG	butorphanol	1	standard	70	0
DRUG	butriptyline	0	standard	6	0
DRUG	butyl alcohol	0	PubChem	65	0
DRUG	butylene glycol	1	standard	21	0
DRUG	butylphthalide	0	PubChem	6	0
DRUG	butyric acid	0	NCI Thesaurus	23	0
DRUG	c.i. food yellow 3 (free acid)	1	standard	0	1
DRUG	cabazitaxel	1	standard	63	0
DRUG	cabergoline	1	standard	77	0
DRUG	cabotegravir	1	standard	65	0
DRUG	cabozantinib	1	standard	74	0
DRUG	caduet	0	corrected_overlay	12	0
DRUG	caffeine	1	standard	108	0
DRUG	caffeine / ergotamine pill	1	modified_drug	55	0
DRUG	caffeine, codeine, acetaminophen, propyphenazone drug combination	0	corrected_overlay	13	0
DRUG	calaspargase pegol	0	standard	118	0
DRUG	calcifediol	0	standard	46	0
DRUG	calcipotriol	1	standard	68	0
DRUG	calcitonin, salmon, gly(8)-	0	standard	51	0
DRUG	calcitriol	1	standard	99	0
DRUG	calcium	0	standard	15	0
DRUG	calcium acetate	1	standard	58	0
DRUG	calcium alginate	0	corrected_overlay	29	0
DRUG	calcium carbimide	1	standard	26	0
DRUG	calcium carbonate	1	standard	42	0
DRUG	calcium carbonate 1250 mg / cholecalciferol 0.01 mg oral tablet	0	modified_drug	93	0
DRUG	calcium cation	0	standard	24	0
DRUG	calcium chloride	1	standard	28	0
DRUG	calcium citrate	1	standard	39	0
DRUG	calcium glubionate	0	standard	0	1
DRUG	calcium gluconate	1	standard	20	0
DRUG	calcium phosphate dihydrate	0	corrected_overlay	27	0
DRUG	calcium polycarbophil	0	standard	39	0
DRUG	calcium saccharate	0	standard	3	0
DRUG	calcium threonate	0	standard	7	0
DRUG	calfactant	0	standard	69	0
DRUG	calyculin a	0	ChEBI	28	0
DRUG	cambendazole	0	standard	14	0
DRUG	camphor	1	standard	38	0
DRUG	camptothecin	0	NCI Thesaurus	51	0
DRUG	canagliflozin	1	standard	55	0
DRUG	canagliflozin / metformin pill	1	modified_drug	60	0
DRUG	canakinumab	0	standard	49	0
DRUG	candesartan	1	standard	70	0
DRUG	candesartan / hydrochlorothiazide pill	1	modified_drug	59	0
DRUG	candesartan cilexetil	0	standard	7	0
DRUG	candicidin	1	standard	103	0
DRUG	canertinib	1	ChEMBL	19	0
DRUG	canfosfamide	0	NCI Thesaurus	62	0
DRUG	cangrelor	1	standard	90	0
DRUG	cannabidiol	1	standard	54	0
DRUG	canrenoic acid	0	standard	21	0
DRUG	cantharidin	1	standard	59	0
DRUG	capecitabine	1	standard	72	0
DRUG	capivasertib	1	standard	96	0
DRUG	caplacizumab	0	standard	154	0
DRUG	capmatinib	1	standard	87	0
DRUG	capreomycin	0	standard	74	0
DRUG	capric acid	0	PubChem	62	0
DRUG	capsaicin	0	standard	21	0
DRUG	capsaicin / lidocaine / menthol / methyl salicylate topical product	1	modified_drug	67	0
DRUG	capsaicin / lidocaine topical product	1	modified_drug	35	0
DRUG	capsicum oleoresin	1	standard	23	0
DRUG	captodiame	0	standard	4	0
DRUG	captopril	1	standard	53	0
DRUG	captopril / hydrochlorothiazide pill	1	modified_drug	51	0
DRUG	caramiphen	0	standard	6	0
DRUG	carbamazepine	1	standard	68	0
DRUG	carbamide	1	standard	76	0
DRUG	carbarsone	0	standard	7	0
DRUG	carbenicillin	1	standard	33	0
DRUG	carbenoxolone	0	standard	33	0
DRUG	carbetocin	1	standard	69	0
DRUG	carbidopa	1	standard	94	0
DRUG	carbimazole	1	standard	58	0
DRUG	carbinoxamine	1	standard	75	0
DRUG	carbocisteine	1	standard	48	0
DRUG	carbocromen	0	standard	6	0
DRUG	carbomycin	0	standard	45	0
DRUG	carboplatin	1	standard	22	0
DRUG	carboprost tromethamine	1	standard	24	0
DRUG	carboxymethylcellulose	0	standard	22	0
DRUG	carfilzomib	1	standard	62	0
DRUG	carglumic acid	1	standard	63	0
DRUG	carindacillin	0	standard	12	0
DRUG	cariprazine	1	standard	68	0
DRUG	carisoprodol	1	standard	63	0
DRUG	carmofur	0	PubChem	10	0
DRUG	carmustine	1	standard	46	0
DRUG	carnosine	0	PubChem	55	0
DRUG	carotegrast	1	standard	54	0
DRUG	caroxazone	0	standard	4	0
DRUG	carprofen	1	standard	69	0
DRUG	carteolol	0	standard	37	0
DRUG	carvedilol	1	standard	66	0
DRUG	casimersen	1	standard	245	0
DRUG	casirivimab	0	standard	80	0
DRUG	casirivimab / imdevimab injectable product	1	modified_drug	78	0
DRUG	casopitant	0	PubChem	6	0
DRUG	caspofungin	1	standard	24	0
DRUG	caspofungin acetate	0	standard	28	0
DRUG	cathinone	0	PubChem	29	0
DRUG	catridecacog	1	standard	0	1
DRUG	catumaxomab	0	standard	121	0
DRUG	cedazuridine	0	standard	98	0
DRUG	cefacetrile	0	standard	4	0
DRUG	cefaclor	1	standard	31	0
DRUG	cefadroxil	1	standard	35	0
DRUG	cefalexin	1	standard	74	0
DRUG	cefalonium	0	standard	4	0
DRUG	cefalotin	1	standard	76	0
DRUG	cefamandole	1	standard	34	0
DRUG	cefapirin	1	standard	52	0
DRUG	cefazolin	1	standard	50	0
DRUG	cefdinir	1	standard	26	0
DRUG	cefditoren	1	standard	81	0
DRUG	cefepime	1	standard	43	0
DRUG	cefiderocol	1	standard	31	0
DRUG	cefixime	1	standard	48	0
DRUG	cefixime anhydrous disodium	0	manual_final7_review	25	0
DRUG	cefmenoxime	1	standard	36	0
DRUG	cefmetazole	1	standard	41	0
DRUG	cefonicid	1	standard	35	0
DRUG	cefoperazone	1	standard	22	0
DRUG	ceforanide	1	standard	53	0
DRUG	cefotaxime	1	standard	43	0
DRUG	cefotetan	1	standard	65	0
DRUG	cefotiam	1	standard	60	0
DRUG	cefoxitin	1	standard	57	0
DRUG	cefpiramide	1	standard	53	0
DRUG	cefpirome	1	standard	26	0
DRUG	cefpodoxime	1	standard	56	0
DRUG	cefprozil	1	standard	34	0
DRUG	cefradine	1	standard	41	0
DRUG	ceftaroline fosamil	1	standard	91	0
DRUG	ceftazidime	1	standard	55	0
DRUG	ceftibuten	1	standard	49	0
DRUG	ceftizoxime	1	standard	29	0
DRUG	ceftobiprole	1	standard	52	0
DRUG	ceftolozane	1	standard	44	0
DRUG	ceftolozane / tazobactam injectable product	1	modified_drug	72	0
DRUG	ceftolozane-tazobactam mixt.	0	corrected_overlay	11	0
DRUG	ceftriaxone	1	standard	52	0
DRUG	cefuroxime	1	standard	30	0
DRUG	ceiba pentandra fiber	0	corrected_overlay	8	0
DRUG	celecoxib	1	standard	74	0
DRUG	celiprolol	0	standard	5	0
DRUG	cemiplimab	0	standard	102	0
DRUG	cenegermin	1	standard	39	0
DRUG	cenobamate	0	standard	13	0
DRUG	cephalexin	1	standard	74	0
DRUG	cephaloglycin	0	standard	33	0
DRUG	ceritinib	1	standard	77	0
DRUG	cerivastatin	1	standard	67	0
DRUG	cerliponase alfa	1	standard	21	0
DRUG	certolizumab	0	standard	58	0
DRUG	certolizumab pegol	0	standard	74	0
DRUG	certolizumab pegol 200 mg/ml solution for injection	0	corrected_overlay	12	0
DRUG	certoparin	0	standard	30	0
DRUG	cerulenin	0	PubChem	59	0
DRUG	cetilistat	0	standard	4	0
DRUG	cetirizine	1	standard	62	0
DRUG	cetrorelix	1	standard	55	0
DRUG	cetuximab	0	standard	73	0
DRUG	cevimeline	0	standard	17	0
DRUG	chadox1 ncov-19	1	standard	73	0
DRUG	chenodeoxycholic acid	1	standard	51	0
DRUG	chenodiol	1	standard	51	0
DRUG	chloral	1	standard	42	0
DRUG	chloral hydrate	1	standard	39	0
DRUG	chlorambucil	1	standard	77	0
DRUG	chloramphenicol	1	standard	59	0
DRUG	chloramphenicol succinate	0	standard	10	0
DRUG	chlorcyclizine	0	standard	4	0
DRUG	chlordiazepoxide	0	standard	27	0
DRUG	chlorhexidine	1	standard	48	0
DRUG	chloride ion	1	standard	50	0
DRUG	chlormerodrin	1	standard	69	0
DRUG	chlormezanone	1	standard	95	0
DRUG	chlorobutanol	0	standard	5	0
DRUG	chlorogenic acid	0	PubChem	74	0
DRUG	chloroprocaine	1	standard	87	0
DRUG	chloropyramine	1	ChEMBL	19	0
DRUG	chloroquine	1	standard	85	0
DRUG	chlorothiazide	1	standard	47	0
DRUG	chlorotrianisene	0	NCI Thesaurus	89	0
DRUG	chloroxine	1	standard	72	0
DRUG	chloroxylenol	0	standard	45	0
DRUG	chlorphenamine	1	standard	94	0
DRUG	chlorphenesin	1	standard	80	0
DRUG	chlorphenesin carbamate	1	standard	62	0
DRUG	chlorpheniramine	1	standard	94	0
DRUG	chlorpheniramine / codeine oral product	1	modified_drug	65	0
DRUG	chlorpheniramine / dextromethorphan / phenylephrine pill	1	modified_drug	95	0
DRUG	chlorpheniramine / dextromethorphan / pseudoephedrine oral product	1	modified_drug	98	0
DRUG	chlorpheniramine / hydrocodone oral product	1	modified_drug	65	0
DRUG	chlorphentermine	0	standard	6	0
DRUG	chlorpromazine	1	standard	58	0
DRUG	chlorpropamide	1	standard	76	0
DRUG	chlorprothixene	1	standard	19	0
DRUG	chlortalidone	0	standard	13	0
DRUG	chlortetracycline	1	standard	68	0
DRUG	chlorthalidone	0	standard	13	0
DRUG	chlorzoxazone	1	standard	68	0
DRUG	cholecalciferol	0	PubChem	86	0
DRUG	cholecalciferol / folic acid oral product	0	modified_drug	100	0
DRUG	cholesterol	0	PubChem	50	0
DRUG	cholesteryl linoleate	0	PubChem	36	0
DRUG	cholestyramine	0	standard	56	0
DRUG	cholic acid	1	standard	60	0
DRUG	choline	1	standard	58	0
DRUG	choline c 11	0	standard	69	0
DRUG	choline c-11	1	standard	69	0
DRUG	choline magnesium trisalicylate	0	standard	47	0
DRUG	choline salicylate	0	standard	14	0
DRUG	chondroitin sulfate	1	standard	18	0
DRUG	choriogonadotropin alfa	1	standard	4	0
DRUG	chorionic gonadotropin	0	standard	40	0
DRUG	chorionic gonadotropin (human)	1	standard	4	0
DRUG	chorionic gonadotropin, beta subunit, human	1	standard	4	0
DRUG	chromic cation	0	standard	17	0
DRUG	chromic chloride	1	standard	12	0
DRUG	chromium	0	PubChem	33	0
DRUG	chromium cr 51 edetate [usan:usp]	0	modified_drug	46	0
DRUG	chromium gluconate	0	standard	0	1
DRUG	chymopapain	0	standard	22	0
DRUG	chymostatin	1	ChEMBL	12	0
DRUG	ci-1040	0	PubChem	5	0
DRUG	cianidanol	0	PubChem	30	0
DRUG	cibenzoline	0	PubChem	4	0
DRUG	ciclesonide	0	standard	6	0
DRUG	cicletanine	0	PubChem	5	0
DRUG	ciclopirox	1	standard	83	0
DRUG	ciclosporin	1	standard	89	0
DRUG	cid 86278347	1	standard	0	1
DRUG	cid 86278348	1	standard	0	1
DRUG	cidofovir	1	standard	73	0
DRUG	ciglitazone	0	PubChem	41	0
DRUG	cilastatin	1	standard	139	0
DRUG	cilastatin / imipenem / relebactam injectable product	0	modified_drug	124	0
DRUG	cilastatin, imipenem drug combination	1	modified_drug	37	0
DRUG	cilazapril	1	standard	66	0
DRUG	cilengitide	0	PubChem	4	0
DRUG	cilgavimab	0	standard	105	0
DRUG	cilomilast	1	ChEMBL	12	0
DRUG	cilostazol	1	standard	60	0
DRUG	ciltacabtagene autoleucel	0	standard	141	0
DRUG	cimetidine	1	standard	81	0
DRUG	cinacalcet	1	standard	51	0
DRUG	cinchocaine	1	standard	86	0
DRUG	cinitapride	0	PubChem	9	0
DRUG	cinnamaldehyde	0	PubChem	53	0
DRUG	cinnarizine	0	standard	36	0
DRUG	cinoxacin	1	standard	73	0
DRUG	cintredekin besudotox	0	NCI Thesaurus	101	0
DRUG	cipaglucosidase alfa	1	standard	8	0
DRUG	ciprodex	0	corrected_overlay	18	0
DRUG	ciprofibrate	0	standard	21	0
DRUG	ciprofloxacin	1	standard	96	0
DRUG	cisapride	1	standard	98	0
DRUG	cisatracurium	1	standard	55	0
DRUG	cisplatin	1	standard	74	0
DRUG	citalopram	1	standard	58	0
DRUG	citicoline	1	standard	80	0
DRUG	citric acid	1	standard	62	0
DRUG	cladribine	1	standard	74	0
DRUG	clarithromycin	1	standard	67	0
DRUG	clascoterone	0	standard	104	0
DRUG	clavulanic acid	1	standard	46	0
DRUG	clazosentan	0	standard	0	1
DRUG	clemastine	1	standard	80	0
DRUG	clenbuterol	1	standard	67	0
DRUG	clesrovimab	0	standard	4	0
DRUG	clevidipine	0	standard	4	0
DRUG	clidinium	1	standard	87	0
DRUG	clindamycin	1	standard	13	0
DRUG	clindamycin / tretinoin topical product	0	modified_drug	60	0
DRUG	clioquinol	1	standard	97	0
DRUG	clobazam	1	standard	79	0
DRUG	clobetasol	1	standard	82	0
DRUG	clobetasol propionate	1	standard	61	0
DRUG	clobetasone	0	standard	5	0
DRUG	clocapramine	0	PubChem	4	0
DRUG	clocortolone	1	standard	82	0
DRUG	clodronic acid	1	standard	97	0
DRUG	clofarabine	1	standard	78	0
DRUG	clofazimine	1	standard	95	0
DRUG	clofedanol	1	standard	66	0
DRUG	clofibrate	1	standard	46	0
DRUG	clomifene	0	corrected_overlay	25	0
DRUG	clomipramine	1	standard	98	0
DRUG	clonazepam	1	standard	81	0
DRUG	clonidine	0	standard	15	0
DRUG	clopidogrel	1	standard	85	0
DRUG	cloranolol	0	PubChem	4	0
DRUG	clorazepic acid	1	standard	57	0
DRUG	clorgiline	1	ChEMBL	19	0
DRUG	clothiapine	0	standard	4	0
DRUG	clotiazepam	0	standard	6	0
DRUG	clotrimazole	1	standard	59	0
DRUG	cloxacillin	1	standard	51	0
DRUG	cloxazolam	0	PubChem	8	0
DRUG	clozapine	1	standard	88	0
DRUG	coagulation factor ix (recombinant)	1	standard	5	0
DRUG	coagulation factor ix human	0	standard	58	0
DRUG	coagulation factor vii human	1	standard	5	0
DRUG	coagulation factor viia recombinant human	0	standard	106	0
DRUG	coagulation factor x human	0	standard	162	0
DRUG	coal tar	0	standard	103	0
DRUG	coartem	0	corrected_overlay	17	0
DRUG	cobalamin	0	NCI Thesaurus	77	0
DRUG	cobalt chloride	1	ChEMBL	20	0
DRUG	cobicistat	1	standard	70	0
DRUG	cobicistat / elvitegravir / emtricitabine / tenofovir disoproxil pill	1	modified_drug	100	0
DRUG	cobicistat 150 mg / darunavir 800 mg oral tablet	1	modified_drug	63	0
DRUG	cobicistat, elvitegravir, emtricitabine and tenofovir alafenamide	0	standard	20	0
DRUG	cobicistat/darunavir	1	modified_drug	55	0
DRUG	cobimetinib	1	standard	107	0
DRUG	cocaine	0	PubChem	19	0
DRUG	cocarboxylase	1	standard	26	0
DRUG	coccidioides immitis spherule	1	standard	72	0
DRUG	codeine	1	standard	70	0
DRUG	codeine / phenylephrine / promethazine oral product	1	modified_drug	82	0
DRUG	codeine / phenylephrine / promethazine oral solution	1	modified_drug	82	0
DRUG	codeine / promethazine oral solution	1	modified_drug	54	0
DRUG	codeine phosphate / pseudoephedrine hydrochloride / triprolidine hydrochloride oral solution	1	modified_drug	76	0
DRUG	coenzyme m	1	standard	41	0
DRUG	colazal	1	standard	68	0
DRUG	colchiceine	0	standard	5	0
DRUG	colchicine	1	standard	59	0
DRUG	colecalciferol	0	standard	54	0
DRUG	colesevelam	0	standard	38	0
DRUG	colestipol	0	standard	65	0
DRUG	colforsin	1	ChEMBL	12	0
DRUG	colfosceril palmitate	1	standard	74	0
DRUG	colistimethate	1	standard	66	0
DRUG	colistin	1	standard	74	0
DRUG	collagenase	0	standard	12	0
DRUG	collagenase (clostridium histolyticum gene colh isoenzyme aux-ii)	1	standard	3	0
DRUG	collagenase clostridium histolyticum	0	standard	65	0
DRUG	combivent	0	corrected_overlay	13	0
DRUG	combivir	0	corrected_overlay	13	0
DRUG	combretastatin a4	0	PubChem	5	0
DRUG	concizumab	0	standard	89	0
DRUG	condoliase	1	standard	0	1
DRUG	conestat alfa	0	standard	92	0
DRUG	conivaptan	1	standard	72	0
DRUG	conjugated estrogens	0	standard	23	0
DRUG	copanlisib	1	standard	91	0
DRUG	copper	0	PubChem	24	0
DRUG	copper gluconate	0	standard	7	0
DRUG	coral snake (micrurus fulvius) immune globulin antivenin (equine)	0	standard	47	0
DRUG	corifollitropin alfa	1	standard	0	1
DRUG	corticorelin ovine triflutate	0	standard	74	0
DRUG	corticotropin	1	standard	99	0
DRUG	cortisone	1	standard	75	0
DRUG	cortisone acetate	0	standard	6	0
DRUG	cortisporin	0	corrected_overlay	24	0
DRUG	cortisporin-tc	0	corrected_overlay	20	0
DRUG	corynebacterium diphtheriae	0	standard	85	0
DRUG	cosyntropin, 7-metrp(9)-	1	standard	4	0
DRUG	coumaphos	0	standard	39	0
DRUG	coumarin	0	NCI Thesaurus	22	0
DRUG	cow milk	0	standard	21	0
DRUG	creatine	0	NCI Thesaurus	62	0
DRUG	crinecerfont	1	standard	150	0
DRUG	crisaborole	1	standard	69	0
DRUG	crizanlizumab	0	standard	91	0
DRUG	crizotinib	1	standard	64	0
DRUG	crocin	0	PubChem	97	0
DRUG	crofelemer	0	standard	90	0
DRUG	cromoglicic acid	1	standard	52	0
DRUG	cromolyn	1	standard	52	0
DRUG	crotalus adamanteus antivenin	1	standard	0	1
DRUG	crotalus atrox antivenin	1	standard	263	0
DRUG	crotalus scutulatus antivenin	1	standard	0	1
DRUG	crotamiton	1	standard	70	0
DRUG	crotonaldehyde	0	PubChem	14	0
DRUG	crovalimab	0	standard	120	0
DRUG	cryptenamine	1	standard	0	1
DRUG	cupric cation	0	standard	31	0
DRUG	cupric sulfate	1	standard	29	0
DRUG	curcumin	0	PubChem	148	0
DRUG	cx516	0	PubChem	4	0
DRUG	cyanamide	1	ChEMBL	12	0
DRUG	cyanocobalamin	1	standard	80	0
DRUG	cyanocobalamin co-57	1	standard	19	0
DRUG	cyclacillin	0	standard	12	0
DRUG	cyclandelate	1	standard	53	0
DRUG	cyclic adenosine monophosphate	1	ChEMBL	12	0
DRUG	cyclic gmp	0	PubChem	58	0
DRUG	cyclizine	1	standard	49	0
DRUG	cyclobenzaprine	1	standard	62	0
DRUG	cyclohexanol	0	PubChem	37	0
DRUG	cyclohexanone	0	PubChem	23	0
DRUG	cyclopenthiazide	0	standard	4	0
DRUG	cyclopentolate	1	standard	107	0
DRUG	cyclophosphamide	1	standard	58	0
DRUG	cycloserine	1	standard	142	0
DRUG	cyclosporine	1	standard	89	0
DRUG	cyclothiazide	1	standard	46	0
DRUG	cycrimine	1	standard	80	0
DRUG	cyproheptadine	1	standard	126	0
DRUG	cyproterone acetate	1	standard	81	0
DRUG	cysteamine	1	standard	63	0
DRUG	cysteine	1	standard	77	0
DRUG	cystine	0	PubChem	72	0
DRUG	cytarabine	1	standard	81	0
DRUG	cytidine	0	PubChem	43	0
DRUG	cytidine-5'-triphosphate	0	PubChem	34	0
DRUG	d-glucose	1	standard	33	0
DRUG	d-glyceraldehyde	0	PubChem	33	0
DRUG	d-lactic acid	1	ChEMBL	20	0
DRUG	dabigatran	1	standard	86	0
DRUG	dabigatran etexilate	1	standard	42	0
DRUG	dabrafenib	1	standard	47	0
DRUG	dacarbazine	1	standard	13	0
DRUG	daclatasvir	1	standard	71	0
DRUG	daclatasvir hydrochloride	1	standard	51	0
DRUG	dacomitinib	1	standard	86	0
DRUG	dactinomycin	0	standard	12	0
DRUG	dactolisib	0	PubChem	67	0
DRUG	dadle	0	PubChem	72	0
DRUG	daidzein	0	PubChem	55	0
DRUG	daidzin	1	ChEMBL	12	0
DRUG	dalbavancin	1	standard	59	0
DRUG	dalcetrapib	0	PubChem	7	0
DRUG	dalfampridine	0	PubChem	56	0
DRUG	dalfopristin	1	standard	109	0
DRUG	dalteparin	0	standard	40	0
DRUG	damoctocog alfa pegol	1	standard	0	1
DRUG	danaparoid	0	standard	64	0
DRUG	danazol	0	standard	31	0
DRUG	danicopan	0	standard	6	0
DRUG	dantrolene	1	standard	26	0
DRUG	dantron	0	PubChem	19	0
DRUG	danusertib	0	PubChem	6	0
DRUG	dapagliflozin	1	standard	70	0
DRUG	dapagliflozin / metformin oral product	1	modified_drug	53	0
DRUG	dapagliflozin / saxagliptin oral product	1	modified_drug	56	0
DRUG	dapiprazole	0	standard	28	0
DRUG	daprodustat	1	standard	88	0
DRUG	dapsone	1	standard	95	0
DRUG	daptomycin	1	standard	48	0
DRUG	daratumumab	0	standard	89	0
DRUG	daratumumab / hyaluronidase injection	1	modified_drug	37	0
DRUG	daridorexant	0	standard	144	0
DRUG	darifenacin	1	standard	81	0
DRUG	darinaparsin	0	PubChem	5	0
DRUG	darolutamide	1	standard	25	0
DRUG	darunavir	1	standard	77	0
DRUG	darvadstrocel	1	standard	0	1
DRUG	dasabuvir	1	standard	85	0
DRUG	dasatinib	1	standard	146	0
DRUG	dasiglucagon	0	standard	132	0
DRUG	datopotamab deruxtecan	0	standard	166	0
DRUG	daunorubicin	1	standard	53	0
DRUG	davesomeran	0	standard	93	0
DRUG	dazoxiben	1	ChEMBL	19	0
DRUG	debrisoquine	0	standard	27	0
DRUG	decamethonium	1	standard	49	0
DRUG	decitabine	0	standard	28	0
DRUG	decitabine and cedazuridine drug combination	1	modified_drug	33	0
DRUG	deferasirox	1	standard	82	0
DRUG	deferiprone	1	standard	49	0
DRUG	deferoxamine	1	standard	96	0
DRUG	defibrotide	1	standard	108	0
DRUG	deflazacort	0	standard	5	0
DRUG	degarelix	0	standard	4	0
DRUG	dehydrocholic acid	1	standard	54	0
DRUG	delafloxacin	0	standard	102	0
DRUG	delafloxacin meglumine	0	standard	102	0
DRUG	delamanid	0	standard	6	0
DRUG	delandistrogene moxeparvovec	0	manual_final7_review	33	0
DRUG	delavirdine	1	standard	82	0
DRUG	delgocitinib	1	standard	72	0
DRUG	demecarium	0	standard	65	0
DRUG	demeclocycline	1	standard	98	0
DRUG	demexiptiline	0	standard	6	0
DRUG	dengue tetravalent vaccine, live	0	corrected_overlay	9	0
DRUG	denileukin diftitox	0	standard	105	0
DRUG	denosumab	0	standard	75	0
DRUG	deoxycholic acid	0	PubChem	49	0
DRUG	dequalinium	1	standard	45	0
DRUG	dermatophagoides farinae	0	corrected_overlay	13	0
DRUG	deserpidine	0	standard	27	0
DRUG	desflurane	0	standard	20	0
DRUG	desipramine	1	standard	63	0
DRUG	desirudin	1	standard	59	0
DRUG	deslanoside	1	standard	53	0
DRUG	desloratadine	1	standard	73	0
DRUG	desloratadine / pseudoephedrine pill	1	modified_drug	60	0
DRUG	desmopressin	1	standard	100	0
DRUG	desmopressin acetate hydrate	1	standard	68	0
DRUG	desogestrel	0	standard	25	0
DRUG	desonide	1	standard	65	0
DRUG	desoximetasone	1	standard	77	0
DRUG	desoxycorticosterone acetate	0	standard	6	0
DRUG	desoxycorticosterone pivalate	0	standard	16	0
DRUG	desvenlafaxine	1	standard	57	0
DRUG	detomidine	1	standard	10	0
DRUG	deucravacitinib	0	standard	129	0
DRUG	deuruxolitinib	0	standard	142	0
DRUG	deutetrabenazine	0	standard	18	0
DRUG	deutetrabenazine, (r,s)-rel-	1	standard	5	0
DRUG	dexamethasone	1	standard	97	0
DRUG	dexamethasone acetate	0	standard	6	0
DRUG	dexamethasone isonicotinate	0	standard	6	0
DRUG	dexamethasone metasulfobenzoate	1	standard	108	0
DRUG	dexamethasone phosphate(2-)	1	standard	27	0
DRUG	dexamethasone sodium phosphate	1	standard	30	0
DRUG	dexamfetamine	1	standard	40	0
DRUG	dexanabinol	0	PubChem	4	0
DRUG	dexbrompheniramine	1	standard	44	0
DRUG	dexchlorpheniramine	0	standard	11	0
DRUG	dexchlorpheniramine maleate	0	standard	7	0
DRUG	dexetimide	0	PubChem	6	0
DRUG	dexfenfluramine	1	standard	76	0
DRUG	dexibuprofen	0	standard	24	0
DRUG	dexketoprofen	1	standard	78	0
DRUG	dexlansoprazole	0	standard	9	0
DRUG	dexmedetomidine	0	standard	27	0
DRUG	dexmethylphenidate	1	standard	38	0
DRUG	dexmethylphenidate / serdexmethylphenidate oral product	1	modified_drug	316	0
DRUG	dexmethylphenidate hydrochloride	0	standard	92	0
DRUG	dexpramipexole	0	PubChem	5	0
DRUG	dexpropranolol	1	ChEMBL	13	0
DRUG	dexrabeprazole	0	PubChem	9	0
DRUG	dexrazoxane	0	standard	21	0
DRUG	dextran	0	ChEBI	15	0
DRUG	dextroamphetamine	1	standard	40	0
DRUG	dextromethorphan	1	standard	68	0
DRUG	dextromethorphan / bupropion	0	standard	68	0
DRUG	dextromethorphan / promethazine oral solution	1	modified_drug	57	0
DRUG	dextromethorphan / quinidine oral capsule	1	modified_drug	52	0
DRUG	dextropropoxyphene	1	standard	26	0
DRUG	dextrose, unspecified form	1	standard	33	0
DRUG	dextrothyroxine	1	standard	21	0
DRUG	dexverapamil	0	PubChem	75	0
DRUG	dezocine	1	standard	90	0
DRUG	diacerein	0	standard	5	0
DRUG	diamorphine	1	standard	98	0
DRUG	diatrizoate	1	ChEMBL	20	0
DRUG	diazepam	1	standard	54	0
DRUG	diazoxide	1	standard	113	0
DRUG	dibekacin	1	standard	39	0
DRUG	dibenzepin	0	standard	4	0
DRUG	dibotermin alfa	0	standard	66	0
DRUG	dichloralphenazone	0	standard	31	0
DRUG	dichloroacetic acid	1	standard	60	0
DRUG	dichlorphenamide	1	standard	75	0
DRUG	dichlorphenamide (disodium)	1	standard	4	0
DRUG	dichlorvos	1	standard	53	0
DRUG	diclofenac	1	standard	82	0
DRUG	diclofenac / misoprostol pill	1	modified_drug	37	0
DRUG	diclofenac etalhyaluronate sodium	1	standard	93	0
DRUG	diclofenamide	1	standard	75	0
DRUG	dicloxacillin	1	standard	44	0
DRUG	dicloxacillin(1-)	1	standard	13	0
DRUG	dicoumarol	1	standard	51	0
DRUG	dicyclomine	1	standard	75	0
DRUG	dicycloverine	1	standard	75	0
DRUG	didanosine	1	standard	66	0
DRUG	didox	0	PubChem	7	0
DRUG	dienestrol	1	standard	35	0
DRUG	dienogest	1	standard	60	0
DRUG	dienogest / estradiol pill	1	modified_drug	36	0
DRUG	diethylcarbamazine	0	standard	7	0
DRUG	diethylpropion	1	standard	75	0
DRUG	diethylstilbestrol	1	standard	70	0
DRUG	difamilast	0	standard	111	0
DRUG	difelikefalin acetate	0	standard	175	0
DRUG	difenoxin	1	standard	43	0
DRUG	diflorasone	1	standard	71	0
DRUG	diflunisal	1	standard	48	0
DRUG	difluocortolone	0	standard	5	0
DRUG	difluprednate	0	standard	9	0
DRUG	digitoxin	1	standard	43	0
DRUG	digoxin	1	standard	89	0
DRUG	digoxin immune fab (ovine)	0	manual_final7_review	35	0
DRUG	dihydralazine	0	standard	6	0
DRUG	dihydrexidine	1	ChEMBL	13	0
DRUG	dihydro-alpha-ergocryptine	1	standard	32	0
DRUG	dihydrocapsiate	0	PubChem	11	0
DRUG	dihydrocodeine	0	PubChem	5	0
DRUG	dihydroergocornine	1	standard	32	0
DRUG	dihydroergocristine	1	standard	67	0
DRUG	dihydroergotamine	1	standard	77	0
DRUG	dihydrofolic acid	0	PubChem	55	0
DRUG	dihydrostreptomycin	0	standard	6	0
DRUG	dihydrotachysterol	1	standard	50	0
DRUG	dihydroxyacetone	0	PubChem	65	0
DRUG	diiodohydroxyquinoline	1	standard	61	0
DRUG	dilmapimod	1	ChEMBL	19	0
DRUG	diloxanide	0	standard	0	1
DRUG	diloxanide furoate	1	standard	62	0
DRUG	diltiazem	1	standard	62	0
DRUG	dimazole	0	standard	6	0
DRUG	dimemorfan	0	PubChem	5	0
DRUG	dimenhydrinate	1	standard	5	0
DRUG	dimercaprol	1	standard	154	0
DRUG	dimercaptosuccinic acid	1	ChEMBL	19	0
DRUG	dimethicone	1	standard	8	0
DRUG	dimethyl fumarate	1	standard	63	0
DRUG	dimethyl sulfoxide	1	standard	55	0
DRUG	dimethylallyl diphosphate	0	PubChem	41	0
DRUG	dimethyltryptamine	0	PubChem	37	0
DRUG	dimetindene	0	standard	4	0
DRUG	dimetotiazine	0	standard	6	0
DRUG	dinoprost	1	standard	60	0
DRUG	dinoprost tromethamine	0	standard	7	0
DRUG	dinoprostone	0	standard	30	0
DRUG	dinutuximab	0	standard	42	0
DRUG	diosmin	1	standard	53	0
DRUG	diovan hct	0	corrected_overlay	13	0
DRUG	diphemanil	0	standard	4	0
DRUG	diphenhydramine	1	standard	67	0
DRUG	diphenidol	1	standard	44	0
DRUG	diphenoxylate	1	standard	41	0
DRUG	diphenylpyraline	1	standard	90	0
DRUG	diphtheria-tetanus-five component acellular pertussis-inactivated poliomyelitis -haemophilus influenzae type b conjugate vaccine	0	modified_drug	117	0
DRUG	dipivefrin	1	standard	78	0
DRUG	diprophylline	1	standard	77	0
DRUG	dipyridamole	1	standard	65	0
DRUG	dirithromycin	1	standard	78	0
DRUG	dirlotapide	0	standard	0	1
DRUG	diroximel fumarate	0	standard	122	0
DRUG	disopyramide	1	standard	60	0
DRUG	disulfiram	1	standard	85	0
DRUG	ditiocarb	0	NCI Thesaurus	64	0
DRUG	dl-alpha tocopheryl acetate	0	standard	5	0
DRUG	dl-alpha-tocopherol	1	standard	4	0
DRUG	dl-methylephedrine	0	standard	4	0
DRUG	dobutamine	1	standard	80	0
DRUG	docetaxel	1	standard	60	0
DRUG	docusate	0	standard	9	0
DRUG	dofetilide	1	standard	55	0
DRUG	dolasetron	0	standard	73	0
DRUG	dolutegravir	1	standard	65	0
DRUG	dolutegravir / rilpivirine oral product	1	modified_drug	63	0
DRUG	dolutegravir 50 mg / lamivudine 300 mg oral tablet	1	modified_drug	58	0
DRUG	domiphen	0	standard	5	0
DRUG	domperidone	1	standard	85	0
DRUG	donanemab	1	standard	111	0
DRUG	donepezil	1	standard	71	0
DRUG	donnatal	0	corrected_overlay	18	0
DRUG	dopamine	1	standard	52	0
DRUG	dopexamine	0	standard	4	0
DRUG	doramectin	1	RxNorm	16	0
DRUG	doravirine	0	standard	36	0
DRUG	doravirine / lamivudine / tenofovir disoproxil pill	1	modified_drug	205	0
DRUG	doripenem	0	standard	6	0
DRUG	dornase alfa	0	standard	45	0
DRUG	dorzolamide	1	standard	77	0
DRUG	dorzolamide 20 mg/ml / timolol 5 mg/ml ophthalmic solution	1	modified_drug	57	0
DRUG	dorzolamide-timolol combination	0	corrected_overlay	11	0
DRUG	dostarlimab	0	standard	103	0
DRUG	dosulepin	1	standard	4	0
DRUG	dotinurad	0	standard	0	1
DRUG	doxacurium	1	standard	62	0
DRUG	doxapram	1	standard	121	0
DRUG	doxazosin	1	standard	100	0
DRUG	doxepin	1	standard	20	0
DRUG	doxercalciferol	1	standard	92	0
DRUG	doxifluridine	0	PubChem	81	0
DRUG	doxofylline	0	PubChem	49	0
DRUG	doxorubicin	1	standard	61	0
DRUG	doxycycline	1	standard	71	0
DRUG	doxylamine	0	standard	34	0
DRUG	doxylamine / pyridoxine delayed release oral tablet	1	modified_drug	229	0
DRUG	dronabinol	0	standard	57	0
DRUG	dronedarone	1	standard	49	0
DRUG	droperidol	1	standard	112	0
DRUG	drospirenone	0	standard	23	0
DRUG	drospirenone / ethinyl estradiol / levomefolate pill	0	modified_drug	143	0
DRUG	drospirenone 3 mg / estetrol 14.2 mg oral tablet	1	modified_drug	51	0
DRUG	drostanolone	0	standard	24	0
DRUG	drostanolone propionate	0	standard	24	0
DRUG	drotaverine	0	standard	6	0
DRUG	drotrecogin alfa	1	standard	12	0
DRUG	droxidopa	1	standard	53	0
DRUG	duetact	0	corrected_overlay	17	0
DRUG	dulaglutide	0	standard	108	0
DRUG	duloxetine	0	standard	11	0
DRUG	duodote	0	corrected_overlay	13	0
DRUG	dupilumab	0	standard	165	0
DRUG	durvalumab	0	standard	72	0
DRUG	dutasteride	1	standard	99	0
DRUG	dutasteride + tamsulosin	1	modified_drug	36	0
DRUG	duvelisib	0	standard	6	0
DRUG	dyazide	0	corrected_overlay	17	0
DRUG	dyclonine	1	standard	38	0
DRUG	dydrogesterone	0	standard	16	0
DRUG	dyphylline	1	standard	77	0
DRUG	ebastine	0	standard	6	0
DRUG	ebola zaire vaccine (live, attenuated)	0	modified_drug	43	0
DRUG	ecabet	0	standard	4	0
DRUG	ecallantide	0	standard	110	0
DRUG	echothiophate	1	standard	65	0
DRUG	econazole	1	standard	38	0
DRUG	eculizumab	0	standard	38	0
DRUG	edaravone	1	standard	32	0
DRUG	edetate dipotassium anhydrous	0	standard	19	0
DRUG	edetate disodium anhydrous	1	standard	17	0
DRUG	edetic acid	0	standard	40	0
DRUG	edotreotide	0	standard	62	0
DRUG	edoxaban	1	standard	65	0
DRUG	edoxudine	0	standard	5	0
DRUG	edrophonium	1	standard	126	0
DRUG	efalizumab	0	standard	97	0
DRUG	efavirenz	1	standard	75	0
DRUG	efavirenz / emtricitabine / tenofovir disoproxil pill	1	modified_drug	70	0
DRUG	efavirenz, lamivudine, tenofovir disoproxil fumarate drug combination	0	corrected_overlay	14	0
DRUG	efbemalenograstim alfa	0	standard	82	0
DRUG	efgartigimod alfa	0	standard	90	0
DRUG	efgartigimod alfa / hyaluronidase injection	1	modified_drug	38	0
DRUG	efgartigimod alfa and hyaluronidase-qvfc	0	standard	90	0
DRUG	efinaconazole	1	standard	89	0
DRUG	eflapegrastim	0	standard	69	0
DRUG	eflornithine	1	standard	40	0
DRUG	eflornithine hydrochloride monohydrate	1	standard	24	0
DRUG	efmoroctocog alfa	1	standard	0	1
DRUG	efonidipine	1	standard	39	0
DRUG	eftrenonacog alfa	0	standard	135	0
DRUG	elacestrant	1	standard	106	0
DRUG	eladocagene exuparvovec	1	standard	184	0
DRUG	elafibranor	0	standard	90	0
DRUG	elagolix	0	standard	17	0
DRUG	elapegademase	0	standard	168	0
DRUG	elasomeran	0	standard	80	0
DRUG	elbasvir	1	standard	81	0
DRUG	elbasvir / grazoprevir oral product	1	modified_drug	88	0
DRUG	eldecalcitol	1	standard	41	0
DRUG	eletriptan	1	standard	56	0
DRUG	elexacaftor	1	standard	30	0
DRUG	eliglustat	1	standard	67	0
DRUG	elivaldogene autotemcel	0	standard	122	0
DRUG	ellagic acid	0	PubChem	164	0
DRUG	elobixibat	0	standard	0	1
DRUG	elosulfase alfa	1	standard	225	0
DRUG	elotuzumab	0	standard	66	0
DRUG	elranatamab	0	standard	95	0
DRUG	eltanolone	0	PubChem	28	0
DRUG	eltrombopag	1	standard	84	0
DRUG	eluxadoline	1	standard	84	0
DRUG	elvitegravir	1	standard	66	0
DRUG	emapalumab	0	standard	70	0
DRUG	emapalumab-lzsg	0	standard	70	0
DRUG	emedastine	1	standard	66	0
DRUG	emicizumab	0	standard	77	0
DRUG	emodepside	1	standard	60	0
DRUG	emodin	0	PubChem	88	0
DRUG	empagliflozin	1	standard	74	0
DRUG	empagliflozin / linagliptin / metformin pill	1	modified_drug	77	0
DRUG	empagliflozin / linagliptin oral product	1	modified_drug	57	0
DRUG	empagliflozin / metformin pill	1	modified_drug	52	0
DRUG	emtricitabine	1	standard	58	0
DRUG	emtricitabine / rilpivirine / tenofovir alafenamide oral product	1	modified_drug	84	0
DRUG	emtricitabine / rilpivirine / tenofovir disoproxil oral tablet	1	modified_drug	74	0
DRUG	emtricitabine, tenofovir disoproxil fumarate drug combination	0	corrected_overlay	13	0
DRUG	enalapril	1	standard	64	0
DRUG	enalapril / hydrochlorothiazide pill	1	modified_drug	63	0
DRUG	enalaprilat	1	standard	110	0
DRUG	enarodustat	1	standard	0	1
DRUG	enasidenib	1	standard	80	0
DRUG	enbucrilate	0	PubChem	9	0
DRUG	encainide	1	standard	89	0
DRUG	encorafenib	0	standard	84	0
DRUG	enflurane	1	standard	41	0
DRUG	enfortumab vedotin	0	standard	99	0
DRUG	enfuvirtide	1	standard	111	0
DRUG	engerix-b	0	standard	36	0
DRUG	enlon-plus	0	corrected_overlay	12	0
DRUG	enoxacin	1	standard	88	0
DRUG	enoxaparin	0	standard	30	0
DRUG	enoximone	0	standard	5	0
DRUG	enoxolone	0	PubChem	71	0
DRUG	enprofylline	1	standard	58	0
DRUG	enrofloxacin	1	standard	82	0
DRUG	ensartinib	0	standard	136	0
DRUG	ensifentrine	0	standard	116	0
DRUG	ensitrelvir	0	standard	0	1
DRUG	enstilar	0	corrected_overlay	25	0
DRUG	entacapone	1	standard	75	0
DRUG	entecavir	1	standard	111	0
DRUG	entinostat	0	PubChem	94	0
DRUG	entrectinib	1	standard	105	0
DRUG	enviomycin	0	standard	0	1
DRUG	enzalutamide	1	standard	61	0
DRUG	epcoritamab	0	standard	79	0
DRUG	eperisone	1	standard	35	0
DRUG	ephedrine	1	standard	74	0
DRUG	epicatechin	0	PubChem	27	0
DRUG	epicriptine	0	standard	6	0
DRUG	epigallocatechin	0	PubChem	34	0
DRUG	epigallocatechin gallate	0	PubChem	64	0
DRUG	epinastine	1	standard	47	0
DRUG	epinephrine	1	standard	70	0
DRUG	epirubicin	1	standard	72	0
DRUG	eplerenone	0	standard	45	0
DRUG	eplontersen	0	standard	136	0
DRUG	epoetin alfa	0	standard	60	0
DRUG	epoetin beta	0	standard	60	0
DRUG	epoetin theta	1	standard	25	0
DRUG	epoetin zeta	0	standard	86	0
DRUG	epoprostenol	0	standard	74	0
DRUG	eprosartan	1	standard	58	0
DRUG	eprosartan/hydrochlorothiazide	1	modified_drug	58	0
DRUG	eptifibatide	1	standard	112	0
DRUG	eptinezumab	1	standard	97	0
DRUG	equol	0	PubChem	6	0
DRUG	equus caballus skin	0	corrected_overlay	18	0
DRUG	eravacycline	0	standard	6	0
DRUG	erdafitinib	1	standard	38	0
DRUG	erdosteine	0	standard	5	0
DRUG	erenumab	0	standard	42	0
DRUG	ergocalciferol	1	standard	42	0
DRUG	ergoloid mesylate	1	standard	6	0
DRUG	ergometrine	1	standard	137	0
DRUG	ergosterol	0	PubChem	48	0
DRUG	ergotamine	1	standard	53	0
DRUG	eribulin	1	standard	81	0
DRUG	erlotinib	1	standard	58	0
DRUG	ertapenem	1	standard	85	0
DRUG	ertugliflozin	0	standard	4	0
DRUG	ertugliflozin / metformin oral tablet	1	modified_drug	39	0
DRUG	ertugliflozin / sitagliptin oral product	1	modified_drug	27	0
DRUG	erythrityl tetranitrate	1	standard	77	0
DRUG	erythromycin	1	standard	47	0
DRUG	erythromycin ethylsuccinate / sulfisoxazole oral suspension	1	modified_drug	49	0
DRUG	erythropoietin	1	standard	28	0
DRUG	esaxerenone	0	standard	27	0
DRUG	escitalopram	1	standard	47	0
DRUG	esflurbiprofen	0	standard	11	0
DRUG	esketamine	1	standard	31	0
DRUG	eslicarbazepine	0	standard	4	0
DRUG	eslicarbazepine acetate	1	standard	62	0
DRUG	esmirtazapine	1	ChEMBL	19	0
DRUG	esmolol	1	standard	54	0
DRUG	esomeprazole	1	standard	81	0
DRUG	estazolam	1	standard	64	0
DRUG	esterified estrogens	0	standard	70	0
DRUG	estetrol	1	standard	84	0
DRUG	estradiol	1	standard	40	0
DRUG	estradiol / norethindrone / relugolix pill	0	modified_drug	130	0
DRUG	estradiol / norethindrone pill	1	modified_drug	55	0
DRUG	estradiol / norethindrone transdermal product	1	modified_drug	57	0
DRUG	estradiol acetate	0	standard	6	0
DRUG	estradiol benzoate	1	standard	49	0
DRUG	estradiol cypionate	0	standard	6	0
DRUG	estradiol dienanthate	0	standard	51	0
DRUG	estradiol valerate	0	standard	6	0
DRUG	estradiol-drospirenone combination	0	corrected_overlay	10	0
DRUG	estramustine	1	standard	58	0
DRUG	estramustine phosphate	1	standard	41	0
DRUG	estratest	1	standard	48	0
DRUG	estriol	1	standard	57	0
DRUG	estrogens, conjugated (usp) / medroxyprogesterone oral tablet	1	modified_drug	50	0
DRUG	estrone	1	standard	69	0
DRUG	estrone sulfate	1	standard	57	0
DRUG	estropipate	0	standard	16	0
DRUG	eszopiclone	0	NCI Thesaurus	98	0
DRUG	etacrynic acid	1	standard	106	0
DRUG	etafedrine	0	standard	0	1
DRUG	etanercept	0	standard	67	0
DRUG	etanidazole	0	PubChem	70	0
DRUG	etelcalcetide	0	standard	4	0
DRUG	eteplirsen	1	standard	236	0
DRUG	ethambutol	1	standard	97	0
DRUG	ethanol	1	standard	92	0
DRUG	ethanolamine	1	standard	71	0
DRUG	ethanolamine oleate	0	standard	7	0
DRUG	ethchlorvynol	1	standard	63	0
DRUG	ethinamate	1	standard	40	0
DRUG	ethinyl estradiol / norethindrone pill	0	modified_drug	126	0
DRUG	ethinylestradiol	1	standard	65	0
DRUG	ethionamide	1	standard	58	0
DRUG	ethosuximide	1	standard	69	0
DRUG	ethotoin	1	standard	37	0
DRUG	ethoxzolamide	0	NCI Thesaurus	49	0
DRUG	ethyl	1	standard	16	0
DRUG	ethyl chloride	0	standard	73	0
DRUG	ethyl loflazepate	0	standard	7	0
DRUG	ethyl salicylate	0	standard	6	0
DRUG	ethylestrenol	0	PubChem	79	0
DRUG	ethynodiol diacetate	0	standard	35	0
DRUG	etidocaine	1	standard	58	0
DRUG	etidronic acid	1	standard	58	0
DRUG	etilefrine	0	standard	6	0
DRUG	etiracetam	0	PubChem	5	0
DRUG	etizolam	0	PubChem	6	0
DRUG	etodolac	1	standard	87	0
DRUG	etofenamate	0	standard	8	0
DRUG	etomidate	1	standard	47	0
DRUG	etonogestrel	0	standard	28	0
DRUG	etoposide	0	standard	34	0
DRUG	etoricoxib	1	standard	55	0
DRUG	etranacogene dezaparvovec	0	standard	83	0
DRUG	etrasimod	1	standard	89	0
DRUG	etravirine	1	standard	73	0
DRUG	etretinate	0	NCI Thesaurus	55	0
DRUG	eucalyptol	1	RxNorm	29	0
DRUG	eugenol	0	PubChem	121	0
DRUG	everolimus	1	standard	82	0
DRUG	evinacumab	1	standard	106	0
DRUG	evocalcet	0	standard	45	0
DRUG	evoclin (tn)	1	standard	14	0
DRUG	evofosfamide	0	PubChem	105	0
DRUG	evogliptin	0	standard	0	1
DRUG	evolocumab	0	standard	91	0
DRUG	exemestane	1	standard	79	0
DRUG	exenatide	1	standard	49	0
DRUG	exisulind	0	PubChem	71	0
DRUG	ezetimibe	1	standard	51	0
DRUG	ezetimibe / rosuvastatin oral product	1	modified_drug	62	0
DRUG	ezetimibe / simvastatin oral tablet	1	modified_drug	66	0
DRUG	ezogabine	1	standard	65	0
DRUG	factor ix complex (human)	0	corrected_overlay	31	0
DRUG	factor viii / von willebrand factor injection	1	modified_drug	45	0
DRUG	factor xiii (human)	0	corrected_overlay	24	0
DRUG	famciclovir	1	standard	80	0
DRUG	famotidine	0	standard	52	0
DRUG	famotidine / ibuprofen oral tablet	0	modified_drug	84	0
DRUG	famphur	0	standard	32	0
DRUG	fampridine	1	standard	56	0
DRUG	famtozinameran	1	standard	103	0
DRUG	faricimab	0	standard	107	0
DRUG	faricimab-svoa	0	standard	107	0
DRUG	farnesol	0	ChEBI	23	0
DRUG	faropenem	0	standard	13	0
DRUG	faropenem medoxil	0	standard	18	0
DRUG	fasiglifam	0	PubChem	6	0
DRUG	fasudil	1	standard	82	0
DRUG	favipiravir	1	standard	80	0
DRUG	febantel	0	standard	5	0
DRUG	febuxostat	1	standard	62	0
DRUG	fecal microbiota	0	corrected_overlay	14	0
DRUG	fecal microbiota spores, live-brpk 30000000 unt	0	corrected_overlay	64	0
DRUG	fedratinib	0	standard	4	0
DRUG	felbamate	1	standard	28	0
DRUG	felbinac	1	standard	68	0
DRUG	felis catus hair	1	standard	61	0
DRUG	felodipine	1	standard	77	0
DRUG	fenbufen	0	standard	20	0
DRUG	fendiline	0	standard	4	0
DRUG	fenfluramine	1	standard	139	0
DRUG	fenofibrate	1	standard	57	0
DRUG	fenofibrate acid	1	standard	5	0
DRUG	fenofibric acid	1	standard	50	0
DRUG	fenoldopam	0	standard	25	0
DRUG	fenoprofen	1	standard	104	0
DRUG	fenoterol	1	standard	76	0
DRUG	fenpropidin	1	standard	38	0
DRUG	fenproporex	0	standard	6	0
DRUG	fenretinide	0	NCI Thesaurus	56	0
DRUG	fentanyl	1	standard	57	0
DRUG	fentanyl citrate	1	standard	70	0
DRUG	fenthion	1	standard	62	0
DRUG	ferric carboxymaltose	0	standard	68	0
DRUG	ferric cation	0	standard	27	0
DRUG	ferric chloride	0	standard	18	0
DRUG	ferric derisomaltose	0	standard	49	0
DRUG	ferric maltol	0	standard	126	0
DRUG	ferric oxyhydroxide	0	standard	50	0
DRUG	ferric pyrophosphate citrate	0	standard	233	0
DRUG	ferric subsulfate	0	standard	31	0
DRUG	ferric sulfate	1	standard	46	0
DRUG	ferrous ascorbate	1	ChEMBL	20	0
DRUG	ferulic acid	0	PubChem	46	0
DRUG	ferumoxytol	0	standard	90	0
DRUG	fesoterodine	0	standard	4	0
DRUG	fexaramine	0	PubChem	6	0
DRUG	fexinidazole	0	standard	96	0
DRUG	fexofenadine	1	standard	36	0
DRUG	fexofenadine / pseudoephedrine pill	1	modified_drug	49	0
DRUG	fibrinogen human	1	standard	347	0
DRUG	fidaxomicin	1	standard	25	0
DRUG	filgotinib	0	standard	110	0
DRUG	filgrastim	0	standard	54	0
DRUG	fimasartan	0	standard	6	0
DRUG	finafloxacin	1	standard	83	0
DRUG	finasteride	1	standard	53	0
DRUG	finasteride / tadalafil oral product	1	modified_drug	56	0
DRUG	finerenone	1	standard	26	0
DRUG	fingolimod	1	standard	88	0
DRUG	fingolimod hydrochloride	1	standard	29	0
DRUG	fioricet	0	corrected_overlay	13	0
DRUG	firocoxib	1	standard	71	0
DRUG	fisetin	0	PubChem	56	0
DRUG	fish oil	0	NCI Thesaurus	47	0
DRUG	fitusiran	0	standard	71	0
DRUG	flavin adenine dinucleotide	1	standard	60	0
DRUG	flavin mononucleotide	1	standard	60	0
DRUG	flavoxate	0	PubChem	66	0
DRUG	flax seed	0	standard	30	0
DRUG	flecainide	1	standard	79	0
DRUG	flibanserin	1	standard	67	0
DRUG	floctafenine	0	standard	6	0
DRUG	florbetaben (18f)	1	standard	68	0
DRUG	florbetaben f18	1	standard	68	0
DRUG	florbetapir	1	standard	71	0
DRUG	florbetapir (18f)	1	standard	71	0
DRUG	florfenicol / mometasone / terbinafine otic solution	1	modified_drug	51	0
DRUG	flortaucipir f-18	1	standard	87	0
DRUG	flosequinan	0	standard	6	0
DRUG	flotufolastat f-18	1	standard	37	0
DRUG	floxuridine	1	standard	60	0
DRUG	fluciclovine (18f)	1	standard	74	0
DRUG	flucloxacillin	1	standard	33	0
DRUG	fluconazole	1	standard	96	0
DRUG	flucytosine	1	standard	64	0
DRUG	fludarabine	0	standard	5	0
DRUG	fludeoxyglucose	0	standard	14	0
DRUG	fludeoxyglucose (18f)	1	standard	7	0
DRUG	fludrocortisone	0	standard	45	0
DRUG	flufenamic acid	1	standard	77	0
DRUG	fluindione	0	standard	10	0
DRUG	flumazenil	1	standard	61	0
DRUG	flumetasone	0	standard	46	0
DRUG	flumethasone	0	standard	46	0
DRUG	flunarizine	0	standard	4	0
DRUG	flunisolide	0	standard	39	0
DRUG	flunitrazepam	1	standard	64	0
DRUG	fluocinolone	0	standard	5	0
DRUG	fluocinolone acetonide	1	standard	91	0
DRUG	fluocinonide	0	standard	6	0
DRUG	fluocortolone	0	standard	5	0
DRUG	fluorescein	0	standard	80	0
DRUG	fluoride ion	0	standard	18	0
DRUG	fluorodopa (18f)	1	standard	8	0
DRUG	fluorodopa f 18	0	standard	71	0
DRUG	fluoroestradiol f-18	1	standard	53	0
DRUG	fluorometholone	1	standard	94	0
DRUG	fluorometholone and sulfacetamide sodium	0	manual_final7_review	21	0
DRUG	fluorouracil	1	standard	99	0
DRUG	fluoxetine	1	standard	37	0
DRUG	fluoxymesterone	0	standard	31	0
DRUG	flupentixol	1	standard	28	0
DRUG	fluphenazine	1	standard	63	0
DRUG	fluprednisolone	0	standard	5	0
DRUG	flurandrenolide	0	standard	5	0
DRUG	flurazepam	1	standard	72	0
DRUG	flurbiprofen	1	standard	83	0
DRUG	fluspirilene	0	standard	4	0
DRUG	flutamide	0	standard	23	0
DRUG	flutemetamol	0	standard	38	0
DRUG	fluticasone	1	standard	57	0
DRUG	fluticasone / salmeterol inhalant product	1	modified_drug	53	0
DRUG	fluticasone / umeclidinium / vilanterol dry powder inhaler	1	modified_drug	78	0
DRUG	fluticasone / vilanterol dry powder inhaler	1	modified_drug	56	0
DRUG	fluticasone furoate	1	standard	83	0
DRUG	fluticasone propionate	1	standard	83	0
DRUG	fluticasone propionate/salmeterol	1	modified_drug	50	0
DRUG	flutiform	0	corrected_overlay	20	0
DRUG	fluvastatin	1	standard	69	0
DRUG	fluvoxamine	1	standard	71	0
DRUG	folic acid	1	standard	71	0
DRUG	follitropin	1	standard	13	0
DRUG	fomepizole	1	standard	45	0
DRUG	fomivirsen	1	standard	0	1
DRUG	fondaparinux	1	standard	86	0
DRUG	foreskin fibroblast (neonatal)	0	corrected_overlay	9	0
DRUG	foreskin keratinocyte (neonatal)	0	corrected_overlay	9	0
DRUG	formaldehyde	1	modified_drug	11	0
DRUG	formestane	1	standard	136	0
DRUG	formic acid	0	PubChem	78	0
DRUG	formononetin	0	PubChem	57	0
DRUG	formoterol	1	standard	39	0
DRUG	formoterol / glycopyrronium metered dose inhaler	1	modified_drug	42	0
DRUG	formoterol / mometasone metered dose inhaler	1	modified_drug	54	0
DRUG	formycin	0	PubChem	13	0
DRUG	fosamprenavir	1	standard	48	0
DRUG	fosaprepitant	1	standard	55	0
DRUG	fosbretabulin	0	NCI Thesaurus	64	0
DRUG	foscarbidopa dihydrate	1	standard	3	0
DRUG	foscarnet	1	standard	129	0
DRUG	fosdenopterin	0	standard	63	0
DRUG	fosfomycin	1	standard	53	0
DRUG	fosinopril	1	standard	36	0
DRUG	fosinopril / hydrochlorothiazide oral product	1	modified_drug	120	0
DRUG	fosinoprilat	1	standard	59	0
DRUG	fosnetupitant	0	standard	76	0
DRUG	fosnetupitant chloride hydrochloride	0	standard	83	0
DRUG	fosphenytoin	0	standard	4	0
DRUG	fospropofol	0	standard	4	0
DRUG	fosravuconazole	1	standard	0	1
DRUG	fostamatinib	0	standard	73	0
DRUG	fostemsavir	0	standard	142	0
DRUG	fotemustine	0	NCI Thesaurus	45	0
DRUG	framycetin	1	standard	41	0
DRUG	fremanezumab	1	standard	124	0
DRUG	frovatriptan	0	standard	6	0
DRUG	fructose	0	PubChem	24	0
DRUG	fruquintinib	1	standard	95	0
DRUG	fulvestrant	1	standard	88	0
DRUG	fumagillin	1	ChEMBL	12	0
DRUG	fumaric acid	1	standard	48	0
DRUG	furazolidone	1	standard	73	0
DRUG	furosemide	1	standard	61	0
DRUG	fursultiamine	0	standard	6	0
DRUG	fusafungine	0	standard	16	0
DRUG	fusidic acid	1	standard	74	0
DRUG	futibatinib	0	standard	73	0
DRUG	fx-1006a	1	alias_drug	21	0
DRUG	ga-68-dotatoc	0	alias_drug	148	0
DRUG	gabapentin	1	standard	52	0
DRUG	gabapentin enacarbil	1	standard	67	0
DRUG	gadofosveset trisodium	0	standard	96	0
DRUG	gadolinium(3+)	0	standard	12	0
DRUG	galantamine	1	standard	65	0
DRUG	galcanezumab	0	standard	53	0
DRUG	galeterone	0	PubChem	12	0
DRUG	gallamine triethiodide	0	standard	63	0
DRUG	gallium (ga) gozetotide	1	standard	25	0
DRUG	gallium cation	1	standard	21	0
DRUG	gallium ga-67	0	corrected_overlay	21	0
DRUG	gallium ga-68 gozetotide	1	standard	99	0
DRUG	gallium maltolate	0	NCI Thesaurus	205	0
DRUG	gallium nitrate	0	NCI Thesaurus	60	0
DRUG	gallopamil	0	PubChem	11	0
DRUG	galsulfase	1	standard	250	0
DRUG	gamma-hydroxybutyric acid	1	standard	69	0
DRUG	gamma-tocopherol	0	PubChem	55	0
DRUG	gamolenic acid	1	standard	56	0
DRUG	ganaxolone	0	standard	5	0
DRUG	ganciclovir	1	standard	56	0
DRUG	ganirelix	0	standard	4	0
DRUG	garadacimab	0	standard	100	0
DRUG	gardasil	0	standard	108	0
DRUG	garenoxacin	1	standard	74	0
DRUG	gatifloxacin	1	standard	90	0
DRUG	gaxilose	1	standard	5	0
DRUG	gefitinib	1	standard	89	0
DRUG	geldanamycin	0	PubChem	66	0
DRUG	gemcitabine	1	standard	86	0
DRUG	gemeprost	0	standard	5	0
DRUG	gemfibrozil	0	standard	21	0
DRUG	gemifloxacin	1	standard	62	0
DRUG	gemigliptin	0	standard	17	0
DRUG	gemtuzumab	0	standard	71	0
DRUG	gemtuzumab ozogamicin	0	standard	71	0
DRUG	gemtuzumab ozogamicin only product	1	standard	4	0
DRUG	genistein	0	NCI Thesaurus	48	0
DRUG	gentamicin	1	standard	86	0
DRUG	gentamicin c1a	0	PubChem	15	0
DRUG	gentaved	0	corrected_overlay	19	0
DRUG	gentian violet cation	1	standard	43	0
DRUG	gepirone	1	standard	62	0
DRUG	gepotidacin	0	standard	26	0
DRUG	geraniol	0	PubChem	48	0
DRUG	gestonorone caproate	0	standard	7	0
DRUG	gestrinone	0	standard	5	0
DRUG	gilteritinib	1	standard	114	0
DRUG	gimeracil	0	standard	6	0
DRUG	ginsenoside b2	0	PubChem	112	0
DRUG	ginsenoside rb1	0	PubChem	74	0
DRUG	ginsenoside rg1	0	PubChem	97	0
DRUG	givosiran	0	standard	189	0
DRUG	glasdegib	1	standard	115	0
DRUG	glatiramer	1	standard	205	0
DRUG	glecaprevir	0	standard	336	0
DRUG	glecaprevir / pibrentasvir oral product	1	modified_drug	336	0
DRUG	glibenclamide	1	standard	51	0
DRUG	glibornuride	0	standard	4	0
DRUG	gliclazide	0	standard	19	0
DRUG	glimepiride	0	standard	21	0
DRUG	glipizide	1	standard	67	0
DRUG	glipizide / metformin oral tablet	1	modified_drug	53	0
DRUG	gliquidone	0	standard	6	0
DRUG	glisoxepide	0	standard	4	0
DRUG	glofitamab	0	standard	78	0
DRUG	glucagon	1	standard	43	0
DRUG	glucarpidase	0	standard	65	0
DRUG	gluconic acid	1	standard	35	0
DRUG	gluconolactone	1	standard	35	0
DRUG	glucosamine	0	standard	45	0
DRUG	glucosamine 6-phosphate	0	PubChem	43	0
DRUG	glucose-6-phosphate	0	PubChem	18	0
DRUG	glulisine a	1	standard	11	0
DRUG	glutamine	1	standard	89	0
DRUG	glutaral	0	PubChem	27	0
DRUG	glutaric acid	0	PubChem	47	0
DRUG	glutathione	0	NCI Thesaurus	120	0
DRUG	glutathione disulfide	1	standard	32	0
DRUG	glutethimide	0	standard	6	0
DRUG	glyburide	1	standard	51	0
DRUG	glyburide / metformin pill	0	modified_drug	115	0
DRUG	glycerin	0	PubChem	57	0
DRUG	glycerol phenylbutyrate	0	standard	5	0
DRUG	glyceryl trinitrate	1	standard	64	0
DRUG	glycine	1	standard	86	0
DRUG	glycochenodeoxycholic acid	0	PubChem	39	0
DRUG	glycol salicylate	0	standard	52	0
DRUG	glycolic acid	1	standard	55	0
DRUG	glycopyrrolate	1	standard	28	0
DRUG	glycopyrronium	0	standard	9	0
DRUG	glycopyrronium / neostigmine prefilled syringe	1	modified_drug	50	0
DRUG	glycopyrronium, threo-	1	standard	8	0
DRUG	glymidine	1	standard	60	0
DRUG	glyphosate	0	PubChem	21	0
DRUG	gold	0	PubChem	5	0
DRUG	golimumab	0	standard	36	0
DRUG	golodirsen	1	standard	245	0
DRUG	golytely	0	corrected_overlay	28	0
DRUG	gonadorelin	0	PubChem	40	0
DRUG	goserelin	0	standard	6	0
DRUG	gramicidin d	0	standard	35	0
DRUG	granisetron	1	standard	84	0
DRUG	grapiprant	0	standard	127	0
DRUG	grazoprevir	1	standard	73	0
DRUG	grepafloxacin	0	standard	13	0
DRUG	griseofulvin	1	standard	67	0
DRUG	guaiacol	1	standard	42	0
DRUG	guaifenesin	0	standard	6	0
DRUG	guaifenesin / hydrocodone oral product	1	modified_drug	34	0
DRUG	guanabenz	0	standard	4	0
DRUG	guanadrel	1	standard	88	0
DRUG	guanethidine	1	standard	67	0
DRUG	guanfacine	0	standard	6	0
DRUG	guanidine	1	standard	30	0
DRUG	guanosine	0	PubChem	41	0
DRUG	guanosine-5'-triphosphate	0	PubChem	35	0
DRUG	guanoxan	0	standard	4	0
DRUG	guselkumab	0	standard	115	0
DRUG	haemophilus influenzae type b strain 1482 capsular polysaccharide tetanus toxoid conjugate antigen	1	modified_drug	236	0
DRUG	halazepam	0	standard	6	0
DRUG	halcinonide	0	standard	15	0
DRUG	halobetasol / tazarotene topical product	1	modified_drug	29	0
DRUG	halofantrine	0	standard	6	0
DRUG	halofuginone	0	standard	48	0
DRUG	haloperidol	1	standard	62	0
DRUG	haloprogin	0	standard	5	0
DRUG	halothane	1	standard	45	0
DRUG	haloxon	1	standard	0	1
DRUG	havrix	0	standard	31	0
DRUG	helium	0	standard	23	0
DRUG	hematin	0	standard	22	0
DRUG	hemin	0	standard	23	0
DRUG	hemoglobin	1	standard	38	0
DRUG	heparin	0	standard	30	0
DRUG	heparin / taurolidine injection	1	modified_drug	48	0
DRUG	heparin, bovine	1	ChEMBL	19	0
DRUG	hepatitis a vaccine	0	standard	31	0
DRUG	hepatitis b immune globulin	0	corrected_overlay	31	0
DRUG	hepatitis b vaccine (recombinant)	0	corrected_overlay	11	0
DRUG	heplisav-b	0	corrected_overlay	8	0
DRUG	hesperetin	0	PubChem	61	0
DRUG	hesperidin	1	RxNorm	22	0
DRUG	hetacillin	0	standard	20	0
DRUG	hetastarch	1	standard	44	0
DRUG	hexachlorophene	1	standard	105	0
DRUG	hexafluronium	0	standard	6	0
DRUG	hexamidine	1	standard	42	0
DRUG	hexaminolevulinate	1	standard	20	0
DRUG	hexetidine	0	standard	11	0
DRUG	hexobarbital	0	PubChem	34	0
DRUG	hexobendine	0	standard	5	0
DRUG	hexocyclium	0	standard	4	0
DRUG	hexylcaine	0	standard	5	0
DRUG	hexylresorcinol	0	standard	6	0
DRUG	hiberix	0	corrected_overlay	21	0
DRUG	histamine	1	standard	52	0
DRUG	histamine dihydrochloride	0	standard	71	0
DRUG	histidinol	0	ChEBI	22	0
DRUG	histrelin	1	standard	76	0
DRUG	homatropine	0	standard	5	0
DRUG	homatropine methylbromide	0	standard	25	0
DRUG	house dust	0	corrected_overlay	8	0
DRUG	humalog mix	1	standard	20	0
DRUG	human botulinum neurotoxin a/b immune globulin	0	modified_drug	65	0
DRUG	human c1-esterase inhibitor	1	standard	383	0
DRUG	human calcitonin	0	standard	6	0
DRUG	human cytomegalovirus immune globulin	0	standard	43	0
DRUG	human immunoglobulin g	0	standard	71	0
DRUG	human interferon beta	0	standard	104	0
DRUG	human papillomavirus type 11 l1 capsid protein antigen	1	modified_drug	29	0
DRUG	human papillomavirus type 16 l1 capsid protein antigen	1	modified_drug	29	0
DRUG	human papillomavirus type 18 l1 capsid protein antigen	1	modified_drug	29	0
DRUG	human papillomavirus type 31 l1 capsid protein antigen	1	modified_drug	29	0
DRUG	human papillomavirus type 33 l1 capsid protein antigen	1	modified_drug	29	0
DRUG	human papillomavirus type 45 l1 capsid protein antigen	1	modified_drug	29	0
DRUG	human papillomavirus type 52 l1 capsid protein antigen	1	modified_drug	29	0
DRUG	human papillomavirus type 58 l1 capsid protein antigen	1	modified_drug	29	0
DRUG	human papillomavirus type 6 l1 capsid protein antigen	1	modified_drug	29	0
DRUG	human rho(d) immune globulin	0	standard	375	0
DRUG	human vaccinia virus immune globulin	1	standard	399	0
DRUG	human varicella-zoster immune globulin	0	standard	68	0
DRUG	huperzine a	1	standard	85	0
DRUG	hyaluronic acid	0	standard	35	0
DRUG	hyaluronidase / pertuzumab / trastuzumab injection	1	modified_drug	42	0
DRUG	hydralazine	1	standard	45	0
DRUG	hydralazine / isosorbide dinitrate pill	1	modified_drug	42	0
DRUG	hydrochlorothiazide	1	standard	60	0
DRUG	hydrochlorothiazide / losartan pill	1	modified_drug	58	0
DRUG	hydrochlorothiazide / metoprolol extended release oral tablet	1	modified_drug	42	0
DRUG	hydrochlorothiazide / olmesartan oral product	1	modified_drug	40	0
DRUG	hydrochlorothiazide, losartan drug combination	0	corrected_overlay	11	0
DRUG	hydrocodone	1	standard	46	0
DRUG	hydrocodone / ibuprofen pill	1	modified_drug	51	0
DRUG	hydrocortisone	0	standard	81	0
DRUG	hydrocortisone / lidocaine rectal cream	0	modified_drug	120	0
DRUG	hydrocortisone / lidocaine topical product	0	modified_drug	120	0
DRUG	hydrocortisone / neomycin / polymyxin b topical product	0	modified_drug	165	0
DRUG	hydrocortisone / pramoxine topical product	0	modified_drug	117	0
DRUG	hydrocortisone / tolnaftate topical product	0	modified_drug	118	0
DRUG	hydrocortisone 10 mg/ml / iodoquinol 10 mg/ml topical cream	0	modified_drug	133	0
DRUG	hydrocortisone aceponate	0	standard	6	0
DRUG	hydrocortisone acetate	0	standard	11	0
DRUG	hydrocortisone butyrate	1	standard	37	0
DRUG	hydrocortisone cypionate	0	standard	6	0
DRUG	hydrocortisone phosphate	0	standard	44	0
DRUG	hydrocortisone probutate	0	standard	11	0
DRUG	hydrocortisone succinate	1	standard	45	0
DRUG	hydrocortisone valerate	0	standard	16	0
DRUG	hydrocortisone/acetic acid	0	modified_drug	110	0
DRUG	hydroflumethiazide	1	standard	54	0
DRUG	hydrogen fluoride	1	standard	12	0
DRUG	hydrogen peroxide	1	standard	19	0
DRUG	hydromet	0	corrected_overlay	18	0
DRUG	hydromorphone	1	standard	58	0
DRUG	hydroquinidine	1	ChEMBL	19	0
DRUG	hydroquinine	0	PubChem	5	0
DRUG	hydroquinone	1	standard	52	0
DRUG	hydrotalcite	0	standard	23	0
DRUG	hydroxocobalamin	0	standard	43	0
DRUG	hydroxocobalamin sulfate	1	standard	3	0
DRUG	hydroxyamphetamine	0	standard	6	0
DRUG	hydroxycarbamide	1	standard	83	0
DRUG	hydroxychloroquine	1	standard	105	0
DRUG	hydroxyethyl ethylcellulose	0	standard	22	0
DRUG	hydroxyethyl starch	1	standard	44	0
DRUG	hydroxyprogesterone	1	standard	47	0
DRUG	hydroxyprogesterone caproate	0	standard	6	0
DRUG	hydroxypropyl cellulose	1	standard	0	1
DRUG	hydroxystilbamidine	0	standard	4	0
DRUG	hydroxyurea	1	standard	83	0
DRUG	hydroxyzine	1	standard	52	0
DRUG	hymenialdisine	1	ChEMBL	8	0
DRUG	hyoscyamine	1	standard	15	0
DRUG	hyoscyamine / methenamine / methylene blue / phenyl salicylate / sodium phosphate, monobasic pill	0	modified_drug	188	0
DRUG	hypochlorite	0	standard	22	0
DRUG	hypoxanthine	0	PubChem	42	0
DRUG	ibalizumab	0	standard	36	0
DRUG	ibandronate	0	standard	50	0
DRUG	ibandronic acid	0	standard	96	0
DRUG	ibrexafungerp	0	standard	46	0
DRUG	ibritumomab	1	standard	5	0
DRUG	ibritumomab tiuxetan	0	standard	77	0
DRUG	ibrutinib	1	standard	78	0
DRUG	ibudilast	0	standard	4	0
DRUG	ibuprofen	1	standard	76	0
DRUG	ibutilide	0	standard	11	0
DRUG	icariin	0	PubChem	108	0
DRUG	icatibant	1	standard	42	0
DRUG	icodextrin	1	standard	222	0
DRUG	icosapent	1	standard	64	0
DRUG	idarubicin	0	standard	20	0
DRUG	idazoxan	0	PubChem	40	0
DRUG	idebenone	1	standard	82	0
DRUG	idecabtagene vicleucel	0	standard	96	0
DRUG	idelalisib	1	standard	79	0
DRUG	idoxuridine	1	standard	38	0
DRUG	idursulfase	0	standard	22	0
DRUG	ifenprodil	0	PubChem	6	0
DRUG	ifosfamide	1	standard	59	0
DRUG	iguratimod	0	standard	6	0
DRUG	ilaprazole	0	standard	9	0
DRUG	ilepatril	1	ChEMBL	19	0
DRUG	iloperidone	1	standard	98	0
DRUG	iloprost	1	standard	84	0
DRUG	imatinib	1	standard	81	0
DRUG	imdevimab	0	standard	80	0
DRUG	imeglimin	0	standard	0	1
DRUG	imetelstat	0	standard	81	0
DRUG	imexon	0	NCI Thesaurus	57	0
DRUG	imidafenacin	0	standard	4	0
DRUG	imidapril	1	standard	83	0
DRUG	imidazole	0	PubChem	37	0
DRUG	imiglucerase	0	standard	27	0
DRUG	imipenem	1	standard	38	0
DRUG	imipramine	1	standard	42	0
DRUG	imiquimod	1	standard	52	0
DRUG	imlifidase	1	standard	0	1
DRUG	imolamine	0	standard	8	0
DRUG	imrecoxib	0	standard	0	1
DRUG	inavolisib	0	standard	112	0
DRUG	incadronic acid	0	standard	6	0
DRUG	inclisiran	0	standard	29	0
DRUG	indacaterol	1	standard	67	0
DRUG	indacaterol-glycopyrronium combination	0	corrected_overlay	12	0
DRUG	indacaterol/mometasone furoate	1	modified_drug	50	0
DRUG	indapamide	1	standard	50	0
DRUG	indigo carmine	1	standard	55	0
DRUG	indinavir	0	standard	20	0
DRUG	indium in-111	1	standard	18	0
DRUG	indocyanine green	0	standard	12	0
DRUG	indole-3-carbinol	0	PubChem	36	0
DRUG	indomethacin	1	standard	106	0
DRUG	indopan	0	PubChem	12	0
DRUG	indoprofen	0	PubChem	96	0
DRUG	indoramin	0	standard	6	0
DRUG	inebilizumab	0	standard	80	0
DRUG	inebilizumab-cdon	0	standard	80	0
DRUG	infigratinib	0	standard	87	0
DRUG	infliximab	1	standard	34	0
DRUG	influenza a virus (h1n1) antigen / influenza a virus (h3n2) antigen / influenza b virus antigen nasal product	0	modified_drug	94	0
DRUG	influenza a virus a/brisbane/59/2007(h1n1) antigen (propiolactone inactivated)	0	modified_drug	58	0
DRUG	influenza a virus a/brisbane/59/2007(h1n1) hemagglutinin antigen (propiolactone inactivated)	0	modified_drug	59	0
DRUG	influenza a virus a/california/122/2022 san-022 (h3n2) antigen (formaldehyde inactivated)	0	modified_drug	60	0
DRUG	influenza a virus a/california/7/2009 (h1n1) live (attenuated) antigen	0	modified_drug	58	0
DRUG	influenza a virus a/california/7/2009 x-181 (h1n1) antigen (propiolactone inactivated)	0	modified_drug	60	0
DRUG	influenza a virus a/california/7/2009 x-181 (h1n1) hemagglutinin antigen (propiolactone inactivated)	0	modified_drug	61	0
DRUG	influenza a virus a/cambodia/e0826360/2020 ivr-224 (h3n2) antigen (formaldehyde inactivated)	0	modified_drug	60	0
DRUG	influenza a virus a/cambodia/e0826360/2020 ivr-224 (h3n2) antigen (propiolactone inactivated)	0	modified_drug	60	0
DRUG	influenza a virus a/christchurch/16/2010 nib-74 (h1n1) antigen (propiolactone inactivated)	0	modified_drug	60	0
DRUG	influenza a virus a/darwin/11/2021 (h3n2) antigen (mdck cell derived, propiolactone inactivated)	0	modified_drug	65	0
DRUG	influenza a virus a/darwin/6/2021 (h3n2) recombinant hemagglutinin antigen	1	modified_drug	255	0
DRUG	influenza a virus a/darwin/6/2021 ivr-227 (h3n2) antigen (formaldehyde inactivated)	0	modified_drug	60	0
DRUG	influenza a virus a/darwin/6/2021 ivr-227 (h3n2) antigen (propiolactone inactivated)	0	modified_drug	60	0
DRUG	influenza a virus a/darwin/9/2021 san-010 (h3n2) antigen (formaldehyde inactivated)	0	modified_drug	60	0
DRUG	influenza a virus a/delaware/55/2019 cvr-45 (h1n1) antigen (mdck cell derived, propiolactone inactivated)	0	modified_drug	66	0
DRUG	influenza a virus a/hong kong/2671/2019 (h3n2) antigen 0.03 mg/ml / influenza a virus a/victoria/2454/2019 (h1n1) antigen 0.03 mg/ml / influenza b virus b/phuket/3073/2013 antigen 0.03 mg/ml / influenza b virus b/victoria/705/2018 antigen 0.03 mg/ml [fluad quadrivalent 2020-2021]	0	manual_final7_review	54	0
DRUG	influenza a virus a/indonesia/05/2005 (h5n1) antigen	0	modified_drug	54	0
DRUG	influenza a virus a/norway/16606/2021 (h3n2) live (attenuated) antigen	0	modified_drug	58	0
DRUG	influenza a virus a/perth/16/2009 (h3n2) live (attenuated) antigen	0	modified_drug	58	0
DRUG	influenza a virus a/tasmania/503/2020 (h3n2) antigen (mdck cell derived, propiolactone inactivated)	0	modified_drug	65	0
DRUG	influenza a virus a/tasmania/503/2020 (h3n2) live (attenuated) antigen	0	modified_drug	58	0
DRUG	influenza a virus a/tasmania/503/2020 ivr-221 (h3n2) antigen (formaldehyde inactivated)	0	modified_drug	60	0
DRUG	influenza a virus a/tasmania/503/2020 ivr-221 (h3n2) antigen (uv, formaldehyde inactivated)	0	modified_drug	62	0
DRUG	influenza a virus a/uruguay/716/2007(h3n2) antigen (propiolactone inactivated)	0	modified_drug	58	0
DRUG	influenza a virus a/victoria/210/2009 x-187 (h3n2) antigen (formaldehyde inactivated)	0	modified_drug	60	0
DRUG	influenza a virus a/victoria/210/2009 x-187 (h3n2) hemagglutinin antigen (formaldehyde inactivated)	0	modified_drug	61	0
DRUG	influenza a virus a/victoria/2570/2019 ivr-215 (h1n1) antigen (propiolactone inactivated)	0	modified_drug	60	0
DRUG	influenza a virus a/wisconsin/588/2019 (h1n1) recombinant hemagglutinin antigen	1	modified_drug	255	0
DRUG	influenza b virus b/austria/1359417/2021 bvr-26 antigen (propiolactone inactivated)	1	modified_drug	347	0
DRUG	influenza b virus b/austria/1359417/2021 bvr-26 antigen (uv, formaldehyde inactivated)	1	modified_drug	321	0
DRUG	influenza b virus b/austria/1359417/2021 bvr-26 hemagglutinin antigen (formaldehyde inactivated)	1	modified_drug	321	0
DRUG	influenza b virus b/austria/1359417/2021 live (attenuated) antigen	0	modified_drug	56	0
DRUG	influenza b virus b/austria/1359417/2021 recombinant hemagglutinin antigen	1	modified_drug	253	0
DRUG	influenza b virus b/brisbane/60/2008 antigen (formaldehyde inactivated)	1	modified_drug	321	0
DRUG	influenza b virus b/brisbane/60/2008 antigen (propiolactone inactivated)	0	modified_drug	57	0
DRUG	influenza b virus b/brisbane/60/2008 hemagglutinin antigen (formaldehyde inactivated)	1	modified_drug	321	0
DRUG	influenza b virus b/phuket/3073/2013 antigen (formaldehyde inactivated)	1	modified_drug	344	0
DRUG	influenza b virus b/singapore/inftt-16-0610/2016 antigen (mdck cell derived, propiolactone inactivated)	0	modified_drug	63	0
DRUG	influenza b virus b/singapore/wuh4618/2021 antigen (mdck cell derived, propiolactone inactivated)	1	modified_drug	266	0
DRUG	influenza b virus b/washington/02/2019 recombinant hemagglutinin antigen	1	modified_drug	321	0
DRUG	ingenol mebutate	1	standard	65	0
DRUG	inosine	0	PubChem	56	0
DRUG	inosine pranobex	0	standard	49	0
DRUG	inositol	1	standard	45	0
DRUG	inositol nicotinate	0	standard	14	0
DRUG	inotersen	0	standard	113	0
DRUG	inotuzumab ozogamicin	0	standard	80	0
DRUG	inotuzumab ozogamicin only product	1	standard	26	0
DRUG	insulin aspart	0	standard	81	0
DRUG	insulin aspart protamine, human / insulin aspart, human injectable suspension	1	modified_drug	27	0
DRUG	insulin aspart, human / insulin degludec injectable product	0	modified_drug	60	0
DRUG	insulin degludec	0	standard	143	0
DRUG	insulin detemir	0	standard	27	0
DRUG	insulin glargine	0	standard	81	0
DRUG	insulin glargine / lixisenatide injectable product	0	modified_drug	57	0
DRUG	insulin glulisine	1	standard	3	0
DRUG	insulin human	1	standard	102	0
DRUG	insulin lispro protamine, human 50 unt/ml	1	modified_drug	15	0
DRUG	insulin pork	0	standard	52	0
DRUG	interferon alfa	1	standard	67	0
DRUG	interferon alfa-2a	1	standard	42	0
DRUG	interferon alfa-2b	1	standard	34	0
DRUG	interferon alfa-n1	1	standard	67	0
DRUG	interferon alfa-n3	1	standard	92	0
DRUG	interferon alfacon-1	0	standard	68	0
DRUG	interferon beta	1	standard	24	0
DRUG	interferon beta-1a	1	standard	129	0
DRUG	interferon beta-1b	1	standard	131	0
DRUG	interferon gamma-1a	1	standard	34	0
DRUG	interferon gamma-1b	1	standard	56	0
DRUG	interferon-beta	0	standard	104	0
DRUG	inulin	0	NCI Thesaurus	90	0
DRUG	invanz	1	standard	74	0
DRUG	iobenguane	1	standard	5	0
DRUG	iodide	0	standard	26	0
DRUG	iodide i-131	1	standard	455	0
DRUG	iodine	1	standard	20	0
DRUG	iodohippurate sodium i-123	0	standard	17	0
DRUG	iodoquinol	1	standard	61	0
DRUG	iofetamine i-123	1	standard	9	0
DRUG	ioflupane i-123	1	standard	74	0
DRUG	iohexol	0	PubChem	50	0
DRUG	iomazenil	0	standard	5	0
DRUG	iopamidol	1	standard	53	0
DRUG	iopromide	1	standard	81	0
DRUG	iothalamate sodium i 125	0	standard	50	0
DRUG	ipi-493	0	PubChem	7	0
DRUG	ipilimumab	0	standard	18	0
DRUG	ipragliflozin	0	standard	4	0
DRUG	ipratropium	0	standard	13	0
DRUG	iproclozide	0	standard	5	0
DRUG	iproniazid	0	standard	9	0
DRUG	iptacopan	1	standard	90	0
DRUG	irbesartan	1	standard	44	0
DRUG	irinotecan	1	standard	142	0
DRUG	irinotecan hydrochloride (anhydrous)	1	standard	91	0
DRUG	irinotecan hydrochloride hydrate	1	standard	86	0
DRUG	iron	0	NCI Thesaurus	13	0
DRUG	iron dextran	0	standard	11	0
DRUG	iron isomaltoside 1000	0	standard	98	0
DRUG	iron sucrose	0	standard	81	0
DRUG	isatuximab	0	standard	71	0
DRUG	isavuconazole	1	standard	79	0
DRUG	isavuconazonium	1	standard	51	0
DRUG	isoaminile	0	standard	4	0
DRUG	isoamyl nitrite	1	standard	31	0
DRUG	isobutyric acid	0	PubChem	57	0
DRUG	isocarboxazid	0	standard	6	0
DRUG	isoconazole	1	standard	28	0
DRUG	isoetharine	0	standard	4	0
DRUG	isoflurane	0	standard	20	0
DRUG	isoflurophate	0	standard	38	0
DRUG	isoleucine	0	PubChem	80	0
DRUG	isometheptene	0	standard	6	0
DRUG	isoniazid	1	standard	33	0
DRUG	isopentenyl pyrophosphate	0	PubChem	42	0
DRUG	isoprenaline	1	standard	88	0
DRUG	isopropamide	0	standard	4	0
DRUG	isopropanol	1	standard	43	0
DRUG	isopropyl alcohol	0	PubChem	43	0
DRUG	isopto cetamide	0	standard	30	0
DRUG	isosorbide	0	standard	6	0
DRUG	isosorbide dinitrate	0	standard	23	0
DRUG	isosorbide dinitrate/hydralazine	1	modified_drug	39	0
DRUG	isosorbide mononitrate	0	standard	23	0
DRUG	isosulfan blue	0	standard	35	0
DRUG	isosulfan blue inner salt	0	corrected_overlay	31	0
DRUG	isothipendyl	1	ChEMBL	19	0
DRUG	isotretinoin	1	standard	67	0
DRUG	isovaleric acid	0	PubChem	44	0
DRUG	isoxaflutole	1	standard	82	0
DRUG	isoxsuprine	0	standard	75	0
DRUG	isradipine	0	standard	13	0
DRUG	istradefylline	0	standard	4	0
DRUG	itraconazole	1	standard	112	0
DRUG	ivabradine	1	standard	73	0
DRUG	ivacaftor	1	RxNorm	37	0
DRUG	ivacaftor / lumacaftor oral product	1	modified_drug	61	0
DRUG	ivacaftor / tezacaftor pill	0	modified_drug	90	0
DRUG	ivermectin	0	standard	48	0
DRUG	ivosidenib	1	standard	83	0
DRUG	ixabepilone	1	standard	53	0
DRUG	ixazomib	1	standard	81	0
DRUG	ixazomib citrate	1	standard	87	0
DRUG	ixekizumab	1	standard	350	0
DRUG	janssen covid-19 vaccine	1	standard	4	0
DRUG	japanese encephalitis vaccine, inactivated, adsorbed	1	modified_drug	17	0
DRUG	japanese encephalitis virus strain sa 14-14-2 antigen (formaldehyde inactivated)	1	modified_drug	23	0
DRUG	jnj-37822681	1	ChEMBL	19	0
DRUG	josamycin	0	PubChem	48	0
DRUG	kaempherol	1	ChEMBL	19	0
DRUG	kaletra	1	standard	60	0
DRUG	kanamycin	1	standard	24	0
DRUG	kaolin	1	RxNorm	17	0
DRUG	karaya gum	1	standard	169	0
DRUG	kcentra injectable product	0	corrected_overlay	22	0
DRUG	ketamine	0	PubChem	77	0
DRUG	ketanserin	1	standard	71	0
DRUG	ketoconazole	1	standard	16	0
DRUG	ketoprofen	1	standard	64	0
DRUG	ketorolac	1	standard	122	0
DRUG	ketotifen	1	standard	102	0
DRUG	keyhole limpet hemocyanin	0	standard	36	0
DRUG	khuskia oryzae	0	corrected_overlay	13	0
DRUG	kinetin	1	standard	42	0
DRUG	kinrix	0	corrected_overlay	26	0
DRUG	l 084	1	standard	0	1
DRUG	l-acetylleucine	0	standard	38	0
DRUG	l-glutamine	1	standard	89	0
DRUG	l-lactic acid	0	PubChem	51	0
DRUG	l1 protein, human papillomavirus type 11 vaccine / l1 protein, human papillomavirus type 16 vaccine / l1 protein, human papillomavirus type 18 vaccine / l1 protein, human papillomavirus type 31 vaccine / l1 protein, human papillomavirus type 33 vaccine / l1 protein, human papillomavirus type 45 vaccine / l1 protein, human papillomavirus type 52 vaccine / l1 protein, human papillomavirus type 58 vaccine / l1 protein, human papillomavirus type 6 vaccine injectable product	0	corrected_overlay	130	0
DRUG	l1 protein, human papillomavirus type 16 vaccine / l1 protein, human papillomavirus type 18 vaccine prefilled syringe	0	corrected_overlay	75	0
DRUG	labetalol	1	standard	59	0
DRUG	labetalol hydrochloride	0	standard	7	0
DRUG	labradimil	0	NCI Thesaurus	54	0
DRUG	lacidipine	0	standard	9	0
DRUG	lacosamide	0	standard	5	0
DRUG	lactic acid	1	standard	52	0
DRUG	lactose, anhydrous	1	standard	53	0
DRUG	lactulose	1	standard	26	0
DRUG	lafutidine	0	standard	6	0
DRUG	lamivudine	1	standard	84	0
DRUG	lamivudine 300 mg / tenofovir disoproxil fumarate 300 mg oral tablet	1	modified_drug	49	0
DRUG	lamotrigine	1	standard	82	0
DRUG	lanadelumab	0	standard	91	0
DRUG	landiolol	0	standard	6	0
DRUG	laninamivir	0	standard	6	0
DRUG	lanosterol	0	PubChem	68	0
DRUG	lanoteplase	1	ChEMBL	18	0
DRUG	lanreotide	0	standard	85	0
DRUG	lansoprazole	0	standard	28	0
DRUG	lansoprazole, amoxicillin and clarithromycin	0	corrected_overlay	31	0
DRUG	lanthanum carbonate	0	standard	55	0
DRUG	lanthanum carbonate hydrate	1	standard	3	0
DRUG	lanthanum(3+)	0	standard	20	0
DRUG	lapatinib	0	standard	37	0
DRUG	lapyrium	0	standard	6	0
DRUG	laromustine	0	NCI Thesaurus	59	0
DRUG	laronidase	1	standard	221	0
DRUG	laropiprant	0	standard	6	0
DRUG	larotrectinib	0	standard	73	0
DRUG	lascufloxacin	0	standard	0	1
DRUG	lasmiditan	0	standard	192	0
DRUG	lasofoxifene	1	standard	90	0
DRUG	latamoxef	1	standard	41	0
DRUG	latanoprost	1	standard	65	0
DRUG	latanoprost / netarsudil ophthalmic product	1	modified_drug	215	0
DRUG	latanoprost acid	1	standard	78	0
DRUG	latanoprostene bunod	0	standard	5	0
DRUG	lauric acid	1	standard	68	0
DRUG	lavoltidine	0	PubChem	60	0
DRUG	lazertinib	0	standard	161	0
DRUG	lebrikizumab	0	standard	42	0
DRUG	lecanemab	1	standard	204	0
DRUG	ledipasvir	1	standard	75	0
DRUG	ledipasvir / sofosbuvir oral product	1	modified_drug	69	0
DRUG	ledipasvir, sofosbuvir drug combination	0	corrected_overlay	11	0
DRUG	lefamulin	0	standard	282	0
DRUG	leflunomide	1	standard	87	0
DRUG	lemborexant	0	standard	131	0
DRUG	lenacapavir	1	curated_drug_definition	28	0
DRUG	lenacapavir sodium	0	standard	60	0
DRUG	lenalidomide	1	standard	57	0
DRUG	leniolisib	1	standard	59	0
DRUG	lenograstim	0	standard	50	0
DRUG	lenvatinib	1	standard	111	0
DRUG	lepirudin	1	standard	70	0
DRUG	lercanidipine	0	standard	4	0
DRUG	lesinurad	1	standard	62	0
DRUG	lestaurtinib	0	PubChem	4	0
DRUG	letermovir	0	standard	78	0
DRUG	letibotulinumtoxina	1	standard	80	0
DRUG	letrozole	0	standard	23	0
DRUG	leucovorin	1	standard	37	0
DRUG	leucovorin calcium	1	PubChem	37	0
DRUG	leuprolide	1	standard	78	0
DRUG	leuprorelin	1	standard	78	0
DRUG	leuprorelin acetate	1	standard	78	0
DRUG	levacetylmethadol	0	standard	23	0
DRUG	levallorphan	0	standard	5	0
DRUG	levamisole	1	standard	83	0
DRUG	levamlodipine	0	standard	13	0
DRUG	levetiracetam	1	standard	62	0
DRUG	levobetaxolol	1	standard	13	0
DRUG	levobunolol	1	standard	70	0
DRUG	levobupivacaine	1	standard	46	0
DRUG	levocabastine	0	standard	6	0
DRUG	levocarnitine	1	standard	43	0
DRUG	levocetirizine	0	standard	5	0
DRUG	levodopa	1	standard	95	0
DRUG	levofloxacin	1	standard	70	0
DRUG	levofolinic acid	1	standard	29	0
DRUG	levoketoconazole	0	standard	16	0
DRUG	levoleucovorin	0	standard	7	0
DRUG	levoleucovorin calcium pentahydrate	0	standard	125	0
DRUG	levomefolic acid	1	standard	42	0
DRUG	levomenol	0	PubChem	4	0
DRUG	levomenthol	1	standard	36	0
DRUG	levomilnacipran	0	standard	6	0
DRUG	levonorgestrel	1	standard	37	0
DRUG	levorphanol	0	standard	5	0
DRUG	levosalbutamol	0	standard	4	0
DRUG	levosimendan	0	standard	30	0
DRUG	levothyroxine	1	standard	63	0
DRUG	levothyroxine / liothyronine pill	1	modified_drug	34	0
DRUG	liarozole	0	PubChem	6	0
DRUG	librax	0	corrected_overlay	12	0
DRUG	licofelone	1	ChEMBL	19	0
DRUG	lidocaine	1	standard	57	0
DRUG	lidocaine / menthol / methyl salicylate topical product	1	modified_drug	62	0
DRUG	lidocaine / menthol topical solution	1	modified_drug	46	0
DRUG	lidocaine / phenylephrine rectal product	1	modified_drug	58	0
DRUG	lidoflazine	0	standard	4	0
DRUG	lifitegrast	1	standard	64	0
DRUG	limaprost	0	standard	6	0
DRUG	linaclotide	1	standard	67	0
DRUG	linagliptin	1	standard	62	0
DRUG	linagliptin / metformin pill	1	modified_drug	58	0
DRUG	lincomycin	1	standard	41	0
DRUG	lindane	0	standard	92	0
DRUG	linezolid	1	standard	83	0
DRUG	linoleic acid	1	standard	57	0
DRUG	linseed oil	0	NCI Thesaurus	22	0
DRUG	linzagolix	0	standard	115	0
DRUG	linzagolix choline	0	standard	126	0
DRUG	liothyronine	1	standard	100	0
DRUG	liotrix	0	standard	5	0
DRUG	lipegfilgrastim	0	standard	55	0
DRUG	lipoic acid	0	ChEBI	15	0
DRUG	liraglutide	1	standard	77	0
DRUG	lisdexamfetamine	0	standard	6	0
DRUG	lisinopril	0	standard	24	0
DRUG	lisocabtagene maraleucel	0	standard	148	0
DRUG	lisuride	0	standard	32	0
DRUG	lithium carbonate	0	standard	18	0
DRUG	lithium cation	0	standard	14	0
DRUG	lithium citrate	1	standard	43	0
DRUG	lithium hydroxide	0	standard	7	0
DRUG	lixisenatide	1	standard	99	0
DRUG	lobeglitazone	0	standard	5	0
DRUG	lodoxamide	0	standard	17	0
DRUG	lofexidine	0	standard	26	0
DRUG	lomefloxacin	1	standard	64	0
DRUG	lometrexol	0	NCI Thesaurus	71	0
DRUG	lomitapide	1	standard	88	0
DRUG	lomustine	1	standard	77	0
DRUG	lonafarnib	1	standard	30	0
DRUG	lonapegsomatropin	1	standard	353	0
DRUG	loncastuximab	0	standard	53	0
DRUG	loncastuximab tesirine	0	standard	125	0
DRUG	lonoctocog alfa	1	standard	0	1
DRUG	lonsurf	0	corrected_overlay	18	0
DRUG	loperamide	1	standard	58	0
DRUG	lopinavir	1	standard	77	0
DRUG	loracarbef	1	standard	59	0
DRUG	loratadine	1	standard	75	0
DRUG	lorazepam	1	standard	4	0
DRUG	lorcaserin	1	ChEMBL	19	0
DRUG	lorlatinib	1	standard	101	0
DRUG	lormetazepam	1	standard	46	0
DRUG	lornoxicam	1	standard	80	0
DRUG	lorpiprazole	0	standard	0	1
DRUG	losartan	1	standard	60	0
DRUG	losmapimod	0	PubChem	104	0
DRUG	loteprednol	0	standard	28	0
DRUG	loteprednol etabonate	0	standard	37	0
DRUG	loteprednol etabonate/tobramycin	1	modified_drug	52	0
DRUG	lotilaner	1	standard	82	0
DRUG	lovastatin	1	standard	89	0
DRUG	loxapine	0	standard	16	0
DRUG	loxoprofen	1	standard	87	0
DRUG	lubiprostone	0	standard	68	0
DRUG	lucerastat	1	ChEMBL	19	0
DRUG	lucinactant	0	standard	56	0
DRUG	lufenuron	0	standard	16	0
DRUG	luliconazole	0	standard	4	0
DRUG	lumacaftor	1	standard	69	0
DRUG	lumasiran	1	standard	106	0
DRUG	lumateperone	0	standard	146	0
DRUG	lumefantrine	1	standard	72	0
DRUG	lumiracoxib	1	ChEMBL	19	0
DRUG	lupeol	0	PubChem	82	0
DRUG	lurasidone	1	standard	84	0
DRUG	lurbinectedin	1	standard	10	0
DRUG	luseogliflozin	0	standard	4	0
DRUG	luspatercept	0	standard	95	0
DRUG	lusutrombopag	0	standard	7	0
DRUG	lutein	0	standard	24	0
DRUG	lutetium (177lu) oxodotreotide	1	standard	130	0
DRUG	lutetium lu 177 dotatate	0	standard	130	0
DRUG	lutetium lu-177 vipivotide tetraxetan	1	standard	88	0
DRUG	lutetium lu177 edotreotide	1	standard	96	0
DRUG	lutropin alfa	1	standard	0	1
DRUG	ly-294002	1	ChEMBL	19	0
DRUG	ly2963016 insulin glargine	1	standard	3	0
DRUG	lycopene	0	PubChem	30	0
DRUG	lymecycline	1	standard	65	0
DRUG	lynestrenol	0	standard	12	0
DRUG	lypressin	0	standard	5	0
DRUG	lysine	1	standard	93	0
DRUG	lysine (pegulicianine)-	1	standard	36	0
DRUG	m-chlorophenylpiperazine	0	PubChem	49	0
DRUG	m-cresol	0	PubChem	28	0
DRUG	macimorelin	0	standard	87	0
DRUG	macitentan	1	standard	82	0
DRUG	macitentan / tadalafil oral product	1	modified_drug	64	0
DRUG	macrogol	0	standard	7	0
DRUG	mafenide	0	standard	5	0
DRUG	maftivimab	1	standard	227	0
DRUG	magaldrate	0	standard	59	0
DRUG	magnesium	0	PubChem	15	0
DRUG	magnesium acetate tetrahydrate	0	standard	56	0
DRUG	magnesium aluminum silicate	1	standard	0	1
DRUG	magnesium ascorbate	1	ChEMBL	20	0
DRUG	magnesium carbonate	1	standard	47	0
DRUG	magnesium cation	0	PubChem	23	0
DRUG	magnesium chloride	0	PubChem	40	0
DRUG	magnesium gluconate	1	RxNorm	17	0
DRUG	magnesium glycinate	0	standard	28	0
DRUG	magnesium hydroxide	1	standard	28	0
DRUG	magnesium hydroxide / omeprazole / sodium bicarbonate pill	1	modified_drug	44	0
DRUG	magnesium oxide	0	NCI Thesaurus	77	0
DRUG	magnesium salicylate	0	standard	81	0
DRUG	magnesium sulfate	1	standard	51	0
DRUG	magnesium trisilicate	0	standard	0	1
DRUG	magnesium(2+)	0	standard	23	0
DRUG	malachite green	0	PubChem	65	0
DRUG	malathion	1	standard	38	0
DRUG	maleic acid	0	PubChem	40	0
DRUG	malonaldehyde	0	ChEBI	35	0
DRUG	malonic acid	0	PubChem	35	0
DRUG	malonyl-coa	0	PubChem	45	0
DRUG	maltose	0	PubChem	43	0
DRUG	managlinat dialanetil	1	DrugBank	15	0
DRUG	manganese cation	0	PubChem	32	0
DRUG	manganese gluconate	1	RxNorm	26	0
DRUG	mangostin	0	PubChem	87	0
DRUG	manidipine	0	standard	4	0
DRUG	mannitol	1	standard	54	0
DRUG	mannitol busulfan	0	standard	17	0
DRUG	maprotiline	0	standard	6	0
DRUG	maralixibat	0	standard	173	0
DRUG	maralixibat chloride	0	standard	173	0
DRUG	maraviroc	1	standard	80	0
DRUG	marbofloxacin	1	standard	6	0
DRUG	margetuximab	0	standard	109	0
DRUG	maribavir	0	standard	59	0
DRUG	maropitant	0	standard	49	0
DRUG	marstacimab	1	standard	140	0
DRUG	masitinib	1	standard	74	0
DRUG	masoprocol	1	standard	58	0
DRUG	mavacamten	0	standard	143	0
DRUG	mavorixafor	0	standard	5	0
DRUG	maxacalcitol	0	standard	6	0
DRUG	maxitrol	0	corrected_overlay	20	0
DRUG	mazindol	0	standard	6	0
DRUG	measles virus vaccine live attenuated	1	modified_drug	199	0
DRUG	measles, mumps, rubella, varicella vaccine	0	corrected_overlay	16	0
DRUG	measles-mumps-rubella vaccine	0	corrected_overlay	15	0
DRUG	mebanazine	0	standard	6	0
DRUG	mebendazole	1	standard	53	0
DRUG	mebeverine	0	standard	8	0
DRUG	mebutamate	0	standard	6	0
DRUG	mecamylamine	0	standard	6	0
DRUG	mecasermin	0	standard	19	0
DRUG	mecasermin rinfabate	1	standard	0	1
DRUG	mechlorethamine	0	standard	17	0
DRUG	meclizine	0	standard	4	0
DRUG	meclocycline	0	standard	6	0
DRUG	meclofenamic acid	1	standard	104	0
DRUG	meclozine	0	standard	4	0
DRUG	mecobalamin	1	standard	92	0
DRUG	medazepam	0	PubChem	6	0
DRUG	medetomidine	0	standard	6	0
DRUG	medifoxamine	0	standard	5	0
DRUG	medrogestone	0	standard	5	0
DRUG	medroxyprogesterone	1	standard	54	0
DRUG	medroxyprogesterone acetate	1	standard	88	0
DRUG	medrysone	0	standard	5	0
DRUG	mefenamic acid	1	standard	96	0
DRUG	mefloquine	1	standard	43	0
DRUG	megestrol	1	standard	60	0
DRUG	megestrol acetate	1	standard	92	0
DRUG	meglumine antimoniate	1	RxNorm	16	0
DRUG	melarsoprol	0	standard	6	0
DRUG	melatonin	1	standard	87	0
DRUG	melevodopa	0	PubChem	5	0
DRUG	meloxicam	1	standard	69	0
DRUG	melphalan	1	standard	54	0
DRUG	melphalan flufenamide	0	standard	126	0
DRUG	memantine	1	standard	80	0
DRUG	memogain	1	standard	200	0
DRUG	menadione	1	ChEMBL	19	0
DRUG	menaquinone	1	RxNorm	16	0
DRUG	menatetrenone	1	standard	35	0
DRUG	meningococcal (groups a, c, y and w-135) oligosaccharide diphtheria crm197 conjugate vaccine	1	modified_drug	32	0
DRUG	meningococcal group b vaccine / neisseria meningitidis serogroup a capsular polysaccharide tetanus toxoid protein conjugate vaccine / neisseria meningitidis serogroup c capsular polysaccharide tetanus toxoid protein conjugate vaccine / neisseria meningitidis serogroup w-135 capsular polysaccharide tetanus toxoid protein conjugate vaccine / neisseria meningitidis serogroup y capsular polysaccharide tetanus toxoid protein conjugate vaccine injection	1	modified_drug	68	0
DRUG	meningococcal polysaccharide vaccine group c	1	modified_drug	6	0
DRUG	meningococcal polysaccharide vaccine group w-135	1	modified_drug	23	0
DRUG	meningococcal polysaccharide vaccine group y	1	modified_drug	23	0
DRUG	menotropins	1	standard	12	0
DRUG	menthol	0	standard	33	0
DRUG	menthyl salicylate	0	standard	19	0
DRUG	mepacrine	1	standard	72	0
DRUG	mepenzolate	0	standard	7	0
DRUG	meperidine	1	standard	89	0
DRUG	mephenesin	1	standard	38	0
DRUG	mephentermine	0	standard	6	0
DRUG	mephenytoin	1	standard	55	0
DRUG	mepivacaine	1	standard	37	0
DRUG	mepolizumab	0	standard	81	0
DRUG	meprobamate	0	standard	6	0
DRUG	mepyramine	1	standard	52	0
DRUG	mequinol	0	standard	46	0
DRUG	mequitazine	1	ChEMBL	19	0
DRUG	mercaptamine	1	standard	63	0
DRUG	mercaptoethanol	0	PubChem	15	0
DRUG	mercaptopurine	1	standard	36	0
DRUG	meropenem	1	standard	58	0
DRUG	meropenem / vaborbactam injectable product	0	modified_drug	82	0
DRUG	mesalazine	1	standard	61	0
DRUG	mesna	1	standard	5	0
DRUG	mesoridazine	1	standard	51	0
DRUG	mestranol	1	standard	54	0
DRUG	metacycline	1	standard	40	0
DRUG	metamfetamine	1	standard	66	0
DRUG	metamizole	1	standard	102	0
DRUG	metandienone	0	PubChem	6	0
DRUG	metaraminol	1	standard	55	0
DRUG	metaxalone	0	standard	5	0
DRUG	metergoline	1	standard	54	0
DRUG	metformin	1	standard	51	0
DRUG	metformin / pioglitazone oral tablet	1	modified_drug	71	0
DRUG	metformin / rosiglitazone oral tablet	1	modified_drug	44	0
DRUG	metformin / saxagliptin extended release oral tablet	1	modified_drug	332	0
DRUG	metformin / sitagliptin oral tablet	1	modified_drug	43	0
DRUG	metformin / sitagliptin oral tablet [janumet]	1	modified_drug	44	0
DRUG	methacrylyl-coenzyme a	0	PubChem	56	0
DRUG	methadone	1	standard	67	0
DRUG	methamphetamine	1	standard	66	0
DRUG	methantheline	0	standard	6	0
DRUG	methanthelinium	0	standard	6	0
DRUG	methapyrilene	1	standard	56	0
DRUG	metharbital	0	standard	6	0
DRUG	methazolamide	0	standard	9	0
DRUG	methdilazine	1	standard	41	0
DRUG	methenamine	0	standard	23	0
DRUG	methimazole	1	standard	34	0
DRUG	methionine	0	NCI Thesaurus	90	0
DRUG	methocarbamol	1	standard	47	0
DRUG	methohexital	1	standard	58	0
DRUG	methotrexate	0	standard	62	0
DRUG	methotrimeprazine	1	standard	76	0
DRUG	methoxamine	1	standard	64	0
DRUG	methoxsalen	1	standard	98	0
DRUG	methoxy polyethylene glycol-epoetin beta	0	standard	35	0
DRUG	methoxyflurane	1	standard	48	0
DRUG	methoxyphenamine	1	standard	37	0
DRUG	methscopolamine	0	standard	6	0
DRUG	methscopolamine bromide	1	standard	53	0
DRUG	methsuximide	0	standard	6	0
DRUG	methyclothiazide	0	standard	4	0
DRUG	methyl aminolevulinate	1	standard	107	0
DRUG	methyl nicotinate	0	standard	12	0
DRUG	methyl salicylate	1	standard	49	0
DRUG	methylamine	0	PubChem	45	0
DRUG	methyldiazene	1	ChEMBL	12	0
DRUG	methyldopa	1	standard	57	0
DRUG	methylergometrine	0	standard	5	0
DRUG	methylergonovine maleate	0	standard	13	0
DRUG	methylhomatropine	1	standard	0	1
DRUG	methylmalonic acid	0	PubChem	47	0
DRUG	methylnaltrexone	0	standard	6	0
DRUG	methylphenidate	1	standard	42	0
DRUG	methylphenobarbital	1	standard	40	0
DRUG	methylprednisolone	1	standard	41	0
DRUG	methylprednisolone aceponate	0	standard	6	0
DRUG	methylprednisolone hemisuccinate	0	standard	9	0
DRUG	methylprednisone	0	standard	23	0
DRUG	methyltestosterone	1	standard	48	0
DRUG	methylthioninium	1	standard	34	0
DRUG	methylthioninium chloride	1	standard	78	0
DRUG	methyprylon	0	standard	6	0
DRUG	methysergide	1	standard	5	0
DRUG	meticillin	1	standard	45	0
DRUG	meticrane	0	standard	4	0
DRUG	metipranolol	1	standard	67	0
DRUG	metirosine	1	standard	71	0
DRUG	metirosine, (r)-	1	standard	3	0
DRUG	metixene	0	standard	26	0
DRUG	metoclopramide	1	standard	69	0
DRUG	metocurine	0	standard	6	0
DRUG	metocurine iodide	0	standard	6	0
DRUG	metolazone	1	standard	60	0
DRUG	metoprolol	1	standard	49	0
DRUG	metreleptin	0	standard	63	0
DRUG	metrifonate	1	standard	59	0
DRUG	metronidazole	1	standard	168	0
DRUG	metyrapone	1	standard	55	0
DRUG	metyrosine	1	standard	71	0
DRUG	mevalonic acid	0	PubChem	44	0
DRUG	mexiletine	1	standard	29	0
DRUG	mezlocillin	1	standard	43	0
DRUG	mianserin	1	standard	70	0
DRUG	mibefradil	0	standard	16	0
DRUG	micafungin	1	standard	66	0
DRUG	micardis hct	0	corrected_overlay	13	0
DRUG	micardis-hct	0	corrected_overlay	12	0
DRUG	miconazole	1	standard	34	0
DRUG	micronomicin	0	standard	5	0
DRUG	midazolam	1	standard	70	0
DRUG	midodrine	1	standard	102	0
DRUG	midomafetamine	0	PubChem	38	0
DRUG	midostaurin	1	standard	51	0
DRUG	mifamurtide	0	standard	65	0
DRUG	mifepristone	0	standard	39	0
DRUG	migalastat	0	standard	6	0
DRUG	miglitol	0	standard	6	0
DRUG	miglustat	1	standard	51	0
DRUG	milnacipran	1	RxNorm	41	0
DRUG	milnacipran hydrochloride	0	standard	7	0
DRUG	milrinone	1	standard	77	0
DRUG	miltefosine	1	standard	50	0
DRUG	mimosine	0	PubChem	85	0
DRUG	minaprine	0	standard	36	0
DRUG	minocycline	1	standard	66	0
DRUG	minodronic acid	0	standard	0	1
DRUG	minoxidil	1	standard	41	0
DRUG	miocamycin	0	standard	0	1
DRUG	mipomersen	1	standard	0	1
DRUG	mirabegron	1	standard	57	0
DRUG	mirdametinib	0	standard	70	0
DRUG	mirikizumab	1	standard	62	0
DRUG	mirikizumab-mrkz	0	standard	62	0
DRUG	miriplatin	0	standard	75	0
DRUG	mirodenafil	1	standard	77	0
DRUG	mirogabalin	0	standard	0	1
DRUG	mirtazapine	0	standard	31	0
DRUG	mirvetuximab soravtansine	0	standard	112	0
DRUG	misonidazole	0	PubChem	6	0
DRUG	misoprostol	1	standard	7	0
DRUG	mitapivat	0	standard	84	0
DRUG	mitiglinide	0	standard	10	0
DRUG	mitomycin	1	standard	26	0
DRUG	mitotane	0	standard	4	0
DRUG	mitoxantrone	1	standard	29	0
DRUG	mivacurium	0	standard	6	0
DRUG	mizolastine	0	standard	6	0
DRUG	mobocertinib	0	standard	106	0
DRUG	moclobemide	1	standard	72	0
DRUG	modafinil	1	standard	48	0
DRUG	moderna covid-19 vaccine	1	standard	80	0
DRUG	modified vaccinia ankara	1	standard	6	0
DRUG	moexipril	0	standard	4	0
DRUG	moexiprilat	0	standard	7	0
DRUG	mogamulizumab	0	standard	111	0
DRUG	molidustat	0	standard	67	0
DRUG	molindone	0	standard	6	0
DRUG	molsidomine	1	standard	6	0
DRUG	momelotinib	1	standard	93	0
DRUG	mometasone	0	standard	46	0
DRUG	mometasone / olopatadine nasal product	1	modified_drug	43	0
DRUG	mometasone furoate	0	standard	40	0
DRUG	monastrol	0	PubChem	16	0
DRUG	monensin	0	PubChem	76	0
DRUG	monobenzone	1	standard	39	0
DRUG	monomethyl fumarate	1	standard	89	0
DRUG	monopotassium phosphate	1	standard	30	0
DRUG	monothioglycerol	0	PubChem	41	0
DRUG	montelukast	0	standard	36	0
DRUG	monteplase	1	standard	0	1
DRUG	moricizine	1	standard	42	0
DRUG	moroctocog alfa	0	standard	122	0
DRUG	morphine	1	standard	117	0
DRUG	morphine/naltrexone	1	modified_drug	50	0
DRUG	mosunetuzumab	0	standard	81	0
DRUG	motixafortide	1	standard	80	0
DRUG	motofen	0	corrected_overlay	12	0
DRUG	moxetumomab pasudotox	0	standard	112	0
DRUG	moxidectin	0	standard	4	0
DRUG	moxifloxacin	1	standard	83	0
DRUG	moxisylyte	0	standard	7	0
DRUG	moxonidine	0	standard	10	0
DRUG	mozavaptan	0	standard	13	0
DRUG	mumps virus strain b level jeryl lynn live antigen	1	modified_drug	199	0
DRUG	mupirocin	1	standard	115	0
DRUG	muromonab	0	standard	6	0
DRUG	muscimol	0	PubChem	60	0
DRUG	mycophenolate mofetil	1	standard	112	0
DRUG	mycophenolic acid	1	standard	146	0
DRUG	myfembree pill	0	modified_drug	122	0
DRUG	myrcludex b	1	standard	4	0
DRUG	myricetin	1	ChEMBL	12	0
DRUG	myxothiazol	0	ChEBI	43	0
DRUG	n,n-dimethylformamide	0	PubChem	21	0
DRUG	n-(2-aminoethyl)-5-chloroisoquinoline-8-sulfonamide	0	PubChem	69	0
DRUG	n-(6-aminohexyl)-5-chloro-1-naphthalenesulfonamide	1	ChEMBL	13	0
DRUG	n-acetylglucosamine	1	standard	15	0
DRUG	nabilone	0	standard	71	0
DRUG	nabumetone	1	standard	84	0
DRUG	nadh	0	ChEBI	28	0
DRUG	nadide	0	PubChem	28	0
DRUG	nadifloxacin	0	standard	20	0
DRUG	nadofaragene firadenovec	0	standard	43	0
DRUG	nadolol	1	standard	16	0
DRUG	nadolol and bendroflumethiazide	0	manual_final7_review	22	0
DRUG	nadroparin	1	standard	64	0
DRUG	nafamostat	0	standard	12	0
DRUG	nafarelin	1	standard	14	0
DRUG	nafcillin	1	standard	43	0
DRUG	naftifine	1	standard	62	0
DRUG	naftopidil	0	standard	6	0
DRUG	nalbuphine	0	standard	27	0
DRUG	naldemedine	0	standard	108	0
DRUG	naldemedine tosylate	0	standard	20	0
DRUG	nalfurafine	0	standard	6	0
DRUG	nalfurafine hydrochloride	0	standard	19	0
DRUG	nalidixic acid	1	standard	90	0
DRUG	nalmefene	0	standard	5	0
DRUG	nalorphine	0	standard	5	0
DRUG	naloxegol	1	standard	72	0
DRUG	naloxone	1	standard	133	0
DRUG	naloxone / pentazocine pill	1	modified_drug	64	0
DRUG	naltrexone	1	standard	83	0
DRUG	namodenoson	0	NCI Thesaurus	73	0
DRUG	namzaric	0	corrected_overlay	19	0
DRUG	nandrolone	1	standard	45	0
DRUG	nandrolone decanoate	0	standard	6	0
DRUG	nandrolone phenpropionate	0	standard	24	0
DRUG	naphazoline	0	standard	6	0
DRUG	naproxen	1	standard	119	0
DRUG	naproxen / sumatriptan pill	1	modified_drug	46	0
DRUG	naratriptan	0	standard	23	0
DRUG	naringenin	1	ChEMBL	12	0
DRUG	natalizumab	0	standard	116	0
DRUG	natamycin	1	standard	43	0
DRUG	nateglinide	1	standard	54	0
DRUG	naxitamab	0	standard	84	0
DRUG	nebularine	0	PubChem	45	0
DRUG	necitumumab	0	standard	84	0
DRUG	nedaplatin	0	standard	62	0
DRUG	nedocromil	0	standard	34	0
DRUG	nedosiran	1	standard	191	0
DRUG	nefazodone	0	standard	38	0
DRUG	nefopam	1	standard	33	0
DRUG	neisseria meningitidis group a capsular oligosaccharide diphtheria crm197 protein conjugate antigen	1	modified_drug	27	0
DRUG	neisseria meningitidis group a capsular polysaccharide diphtheria toxoid conjugate antigen	1	modified_drug	28	0
DRUG	neisseria meningitidis group c capsular oligosaccharide diphtheria crm197 protein conjugate antigen	1	modified_drug	27	0
DRUG	neisseria meningitidis group c capsular polysaccharide diphtheria toxoid conjugate antigen	1	modified_drug	28	0
DRUG	neisseria meningitidis group w-135 capsular oligosaccharide diphtheria crm197 protein conjugate antigen	1	modified_drug	27	0
DRUG	neisseria meningitidis group w-135 capsular polysaccharide diphtheria toxoid conjugate antigen	1	modified_drug	28	0
DRUG	neisseria meningitidis group y capsular polysaccharide diphtheria toxoid conjugate antigen	1	modified_drug	28	0
DRUG	neisseria meningitidis serogroup a capsular polysaccharide tetanus toxoid protein conjugate vaccine / neisseria meningitidis serogroup c capsular polysaccharide tetanus toxoid protein conjugate vaccine / neisseria meningitidis serogroup w-135 capsular polysaccharide tetanus toxoid protein conjugate vaccine / neisseria meningitidis serogroup y capsular polysaccharide tetanus toxoid protein conjugate vaccine injectable product	1	modified_drug	28	0
DRUG	neisseria meningitidis serogroup b recombinant lp2086 a05 protein variant antigen	1	modified_drug	45	0
DRUG	nelarabine	1	standard	64	0
DRUG	nelfinavir	1	standard	68	0
DRUG	nemolizumab	1	standard	114	0
DRUG	neomycin	1	standard	41	0
DRUG	neostigmine	1	standard	53	0
DRUG	nepafenac	1	standard	63	0
DRUG	neramexane	1	ChEMBL	19	0
DRUG	neratinib	1	standard	53	0
DRUG	neridronic acid	0	standard	6	0
DRUG	nesiritide	0	standard	4	0
DRUG	netarsudil	0	standard	63	0
DRUG	netarsudil dimesylate	0	standard	215	0
DRUG	netazepide	0	NCI Thesaurus	72	0
DRUG	netilmicin	0	standard	14	0
DRUG	netoglitazone	0	NCI Thesaurus	36	0
DRUG	netupitant	1	standard	79	0
DRUG	netupitant / palonosetron oral product	1	modified_drug	73	0
DRUG	neuropeptide y	0	standard	14	0
DRUG	nevirapine	1	standard	69	0
DRUG	niacin	1	standard	18	0
DRUG	niacin / simvastatin pill	0	modified_drug	89	0
DRUG	nialamide	0	standard	17	0
DRUG	nicardipine	1	standard	49	0
DRUG	nicardipine hydrochloride	0	standard	12	0
DRUG	nicergoline	0	standard	11	0
DRUG	niclosamide	1	standard	89	0
DRUG	nicoboxil	1	standard	0	1
DRUG	nicorandil	1	standard	73	0
DRUG	nicotinamide	1	standard	89	0
DRUG	nicotinamide mononucleotide	0	PubChem	35	0
DRUG	nicotine	1	standard	80	0
DRUG	nicotinic acid	1	standard	77	0
DRUG	nicotinyl alcohol	0	standard	21	0
DRUG	nifedipine	0	standard	30	0
DRUG	nifurtimox	0	standard	5	0
DRUG	nilotinib	0	standard	42	0
DRUG	nilutamide	0	standard	24	0
DRUG	nilvadipine	0	standard	13	0
DRUG	nimesulide	1	standard	46	0
DRUG	nimodipine	1	standard	110	0
DRUG	nimustine	0	PubChem	81	0
DRUG	nintedanib	1	standard	94	0
DRUG	nipocalimab	0	standard	78	0
DRUG	niraparib	1	standard	62	0
DRUG	nirmatrelvir	1	standard	87	0
DRUG	nirogacestat	1	standard	89	0
DRUG	nirsevimab	0	standard	134	0
DRUG	nisoldipine	1	standard	76	0
DRUG	nitazoxanide	0	standard	20	0
DRUG	nitisinone	1	standard	53	0
DRUG	nitrazepam	1	standard	71	0
DRUG	nitrendipine	1	standard	88	0
DRUG	nitric oxide	1	standard	68	0
DRUG	nitrite	1	standard	47	0
DRUG	nitroaspirin	0	PubChem	8	0
DRUG	nitrofural	0	PubChem	11	0
DRUG	nitrofurantoin	1	standard	59	0
DRUG	nitrogen	1	standard	47	0
DRUG	nitroglycerin	1	standard	64	0
DRUG	nitroprusside	1	standard	142	0
DRUG	nitrous oxide	1	standard	112	0
DRUG	nitroxoline	0	NCI Thesaurus	91	0
DRUG	nivolumab	0	standard	20	0
DRUG	nivolumab / relatlimab injection	1	modified_drug	43	0
DRUG	nizatidine	1	standard	21	0
DRUG	nogapendekin alfa inbakicept-pmln 1 mg/ml	1	modified_drug	47	0
DRUG	nomegestrol	0	standard	5	0
DRUG	nomegestrol acetate	0	standard	6	0
DRUG	nomifensine	1	standard	25	0
DRUG	nonacog beta pegol	1	standard	403	0
DRUG	nonoxynol-9	1	alias_drug	44	0
DRUG	norelgestromin	0	standard	324	0
DRUG	norepinephrine	1	standard	41	0
DRUG	norethisterone	1	standard	71	0
DRUG	norethynodrel	0	standard	5	0
DRUG	norfloxacin	1	standard	73	0
DRUG	norgestimate	0	standard	27	0
DRUG	norgestimate and ethinyl estradiol	0	corrected_overlay	11	0
DRUG	norgestrel	1	standard	37	0
DRUG	normethadone	0	standard	4	0
DRUG	nortriptyline	1	standard	72	0
DRUG	noscapine	1	standard	103	0
DRUG	novobiocin	1	standard	66	0
DRUG	noxytiolin	0	standard	6	0
DRUG	ns-398	0	PubChem	47	0
DRUG	nusinersen	1	standard	338	0
DRUG	nuvaxovid	0	standard	55	0
DRUG	nylidrin	0	standard	4	0
DRUG	nystatin	1	standard	43	0
DRUG	nystatin and triamcinolone acetonide	0	corrected_overlay	12	0
DRUG	obeticholic acid	1	standard	73	0
DRUG	obiltoxaximab	1	standard	86	0
DRUG	obinutuzumab	0	standard	100	0
DRUG	oblimersen	0	NCI Thesaurus	53	0
DRUG	oclacitinib	1	standard	94	0
DRUG	ocrelizumab	0	standard	79	0
DRUG	ocriplasmin	1	standard	0	1
DRUG	octasulfur	1	standard	45	0
DRUG	octatropine methylbromide	0	standard	17	0
DRUG	octinoxate	0	standard	7	0
DRUG	octreotide	0	standard	66	0
DRUG	odesivimab	1	standard	227	0
DRUG	odevixibat	0	standard	171	0
DRUG	ofatumumab	0	standard	97	0
DRUG	ofloxacin	1	standard	75	0
DRUG	olanzapine	1	standard	59	0
DRUG	olanzapine 5 mg / samidorphan 10 mg oral tablet	1	modified_drug	47	0
DRUG	olanzapine-fluoxetine combination	0	corrected_overlay	11	0
DRUG	olaparib	1	standard	68	0
DRUG	olaratumab	0	standard	25	0
DRUG	oleandomycin	1	standard	21	0
DRUG	oleic acid	1	ChEMBL	20	0
DRUG	oleoyl-estrone	1	ChEMBL	21	0
DRUG	olezarsen	1	standard	223	0
DRUG	oliceridine	1	standard	34	0
DRUG	olipudase alfa	1	standard	173	0
DRUG	olive oil	0	NCI Thesaurus	84	0
DRUG	olmesartan	0	standard	17	0
DRUG	olmutinib	0	standard	65	0
DRUG	olodaterol	1	standard	87	0
DRUG	olopatadine	0	standard	6	0
DRUG	olopatadine hydrochloride	0	standard	5	0
DRUG	olsalazine	1	standard	76	0
DRUG	olutasidenib	0	standard	95	0
DRUG	omacetaxine mepesuccinate	1	standard	65	0
DRUG	omacor	0	standard	154	0
DRUG	omadacycline	0	standard	6	0
DRUG	omalizumab	0	standard	30	0
DRUG	omarigliptin	0	standard	4	0
DRUG	omaveloxolone	1	standard	72	0
DRUG	ombitasvir	1	standard	81	0
DRUG	ombitasvir / paritaprevir / ritonavir oral tablet	1	modified_drug	138	0
DRUG	ombitasvir / paritaprevir / ritonavir pill	0	modified_drug	126	0
DRUG	omega-3 fatty acids	1	standard	31	0
DRUG	omega-3-carboxylic acids	1	standard	0	1
DRUG	omega-6 fatty acids	1	ChEMBL	20	0
DRUG	omeprazole	0	standard	9	0
DRUG	omeprazole / sodium bicarbonate oral capsule	1	modified_drug	39	0
DRUG	omidenepag isopropyl	1	standard	149	0
DRUG	omidria	0	corrected_overlay	26	0
DRUG	onasemnogene abeparvovec	1	standard	100	0
DRUG	ondansetron	0	standard	6	0
DRUG	opaganib	0	PubChem	5	0
DRUG	opicapone	0	standard	8	0
DRUG	opipramol	0	standard	4	0
DRUG	oprelvekin	0	standard	76	0
DRUG	orantinib	0	NCI Thesaurus	61	0
DRUG	orbifloxacin	0	standard	6	0
DRUG	orciprenaline	1	standard	6	0
DRUG	org-25935	1	ChEMBL	19	0
DRUG	oritavancin	1	standard	67	0
DRUG	orkambi	0	corrected_overlay	21	0
DRUG	orlistat	1	standard	73	0
DRUG	ornithine	1	standard	57	0
DRUG	orphenadrine	1	standard	49	0
DRUG	orteronel	0	PubChem	81	0
DRUG	oseltamivir	1	standard	75	0
DRUG	oseltamivir acid	1	standard	82	0
DRUG	osilodrostat	0	standard	100	0
DRUG	osimertinib	1	standard	95	0
DRUG	ospemifene	1	standard	53	0
DRUG	oteracil	0	standard	11	0
DRUG	oteseconazole	0	standard	6	0
DRUG	otl-103	0	alias_drug	16	0
DRUG	ouabain	1	standard	100	0
DRUG	oxacillin	1	standard	32	0
DRUG	oxaliplatin	1	standard	16	0
DRUG	oxamniquine	1	standard	46	0
DRUG	oxandrolone	0	standard	26	0
DRUG	oxaprozin	1	standard	68	0
DRUG	oxatomide	1	standard	56	0
DRUG	oxazepam	1	standard	49	0
DRUG	oxcarbazepine	1	standard	72	0
DRUG	oxeladin	0	standard	4	0
DRUG	oxetacaine	0	standard	6	0
DRUG	oxfendazole	1	standard	50	0
DRUG	oxibendazole	0	standard	13	0
DRUG	oxiconazole	1	standard	115	0
DRUG	oxitriptan	1	standard	47	0
DRUG	oxitropium	0	standard	6	0
DRUG	oxothiazolidinecarboxylic acid	1	ChEMBL	19	0
DRUG	oxprenolol	1	standard	5	0
DRUG	oxtriphylline	1	standard	3	0
DRUG	oxybenzone	0	PubChem	54	0
DRUG	oxybuprocaine	1	standard	68	0
DRUG	oxybutynin	1	standard	60	0
DRUG	oxycodone	1	standard	77	0
DRUG	oxygen	0	PubChem	52	0
DRUG	oxymetazoline	1	standard	88	0
DRUG	oxymetholone	1	standard	81	0
DRUG	oxymorphone	0	standard	5	0
DRUG	oxyphenbutazone	1	standard	97	0
DRUG	oxyphencyclimine	0	standard	5	0
DRUG	oxyphenisatin acetate	0	standard	11	0
DRUG	oxyphenonium	0	standard	4	0
DRUG	oxytetracycline	1	standard	64	0
DRUG	oxytetracycline / phenazopyridine / sulfamethizole oral capsule	0	modified_drug	157	0
DRUG	oxytetracycline hydrochloride and hydrocortisone acetate	0	manual_final7_review	21	0
DRUG	oxytetracycline monostearyl fumarate	1	standard	4	0
DRUG	oxytocin	0	NCI Thesaurus	45	0
DRUG	ozagrel	0	standard	7	0
DRUG	ozanimod	1	standard	19	0
DRUG	ozenoxacin	0	standard	6	0
DRUG	ozone	0	PubChem	108	0
DRUG	ozoralizumab	1	standard	0	1
DRUG	p-coumaric acid	1	ChEMBL	12	0
DRUG	p-cresol	0	PubChem	49	0
DRUG	p-nitrophenol	0	PubChem	51	0
DRUG	pabinafusp alfa	1	standard	0	1
DRUG	paclitaxel	1	standard	80	0
DRUG	pacritinib	0	PubChem	77	0
DRUG	padeliporfin	0	standard	70	0
DRUG	pafolacianine	0	standard	91	0
DRUG	palbociclib	1	standard	81	0
DRUG	palifermin	0	standard	61	0
DRUG	paliperidone	1	standard	37	0
DRUG	palivizumab	0	standard	75	0
DRUG	palm oil	0	NCI Thesaurus	29	0
DRUG	palmitic acid	1	standard	52	0
DRUG	palmitoleic acid	0	PubChem	52	0
DRUG	palomid 529	1	ChEMBL	19	0
DRUG	palonosetron	1	standard	64	0
DRUG	palonosetron hydrochloride	1	standard	53	0
DRUG	palovarotene	1	standard	101	0
DRUG	pamidronate disodium	0	standard	44	0
DRUG	pamidronic acid	0	standard	5	0
DRUG	pancrelipase	0	standard	53	0
DRUG	pancrelipase amylase	0	corrected_overlay	14	0
DRUG	pancrelipase protease	0	standard	7	0
DRUG	pancuronium	1	standard	55	0
DRUG	panitumumab	0	standard	45	0
DRUG	panobinostat	1	standard	86	0
DRUG	pantethine	1	standard	41	0
DRUG	pantoprazole	1	standard	74	0
DRUG	pantothenic acid	1	standard	43	0
DRUG	papaverine	1	standard	55	0
DRUG	paracetamol	1	standard	93	0
DRUG	parachlorophenol	1	standard	13	0
DRUG	paraldehyde	1	standard	24	0
DRUG	paramethadione	0	standard	18	0
DRUG	paramethasone acetate	0	standard	6	0
DRUG	paraoxon	0	PubChem	43	0
DRUG	parathyroid hormone	1	standard	29	0
DRUG	pardoprunox	1	ChEMBL	19	0
DRUG	parecoxib	1	standard	55	0
DRUG	pargyline	0	standard	5	0
DRUG	paricalcitol	0	standard	24	0
DRUG	paritaprevir	1	standard	39	0
DRUG	parnaparin	0	standard	30	0
DRUG	paromomycin	1	standard	107	0
DRUG	paroxetine	1	standard	141	0
DRUG	parthenolide	0	PubChem	4	0
DRUG	pasireotide	1	standard	70	0
DRUG	paspalum notatum pollen	1	standard	0	1
DRUG	patisiran	0	standard	93	0
DRUG	patupilone	0	NCI Thesaurus	53	0
DRUG	pazopanib	1	standard	68	0
DRUG	pazufloxacin	0	standard	6	0
DRUG	peanut	1	standard	0	1
DRUG	pefloxacin	1	standard	59	0
DRUG	peg-uricase	0	corrected_overlay	26	0
DRUG	pegademase	0	standard	12	0
DRUG	pegaptanib	0	standard	64	0
DRUG	pegaspargase	0	standard	77	0
DRUG	pegcetacoplan	0	standard	110	0
DRUG	pegfilgrastim	0	standard	68	0
DRUG	peginterferon alfa-2a	1	standard	87	0
DRUG	peginterferon alfa-2b	1	standard	88	0
DRUG	peginterferon beta-1a	1	standard	161	0
DRUG	pegloticase	0	standard	54	0
DRUG	pegunigalsidase alfa	1	standard	3	0
DRUG	pegvaliase	0	standard	5	0
DRUG	pegvisomant	0	standard	99	0
DRUG	pelitinib	0	NCI Thesaurus	46	0
DRUG	pemafibrate	1	standard	77	0
DRUG	pembrolizumab	0	standard	117	0
DRUG	pemetrexed	1	standard	72	0
DRUG	pemigatinib	0	standard	68	0
DRUG	pemirolast	0	standard	4	0
DRUG	pemivibart	1	standard	83	0
DRUG	pemoline	1	standard	63	0
DRUG	penbutolol	0	standard	6	0
DRUG	penciclovir	1	standard	71	0
DRUG	penfluridol	0	PubChem	4	0
DRUG	penicillamine	1	standard	57	0
DRUG	penicillin g	1	standard	49	0
DRUG	penicillin v	1	standard	25	0
DRUG	penpulimab	0	standard	108	0
DRUG	pentabromophenol	1	ChEMBL	12	0
DRUG	pentaerythritol tetranitrate	1	standard	83	0
DRUG	pentagastrin	0	standard	6	0
DRUG	pentamidine	1	standard	91	0
DRUG	pentanal	0	PubChem	22	0
DRUG	pentastarch	1	RxNorm	15	0
DRUG	pentazocine	0	standard	4	0
DRUG	pentobarbital	1	standard	35	0
DRUG	pentolinium	0	standard	31	0
DRUG	pentosan polysulfate	0	standard	72	0
DRUG	pentostatin	1	standard	68	0
DRUG	pentoxifylline	0	standard	4	0
DRUG	pentoxyverine	0	standard	9	0
DRUG	pepsin	0	corrected_overlay	9	0
DRUG	peramivir	1	standard	76	0
DRUG	perampanel	1	standard	69	0
DRUG	perazine	1	standard	47	0
DRUG	perfluorohexyloctane	1	standard	72	0
DRUG	pergolide	1	standard	115	0
DRUG	perhexiline	0	standard	14	0
DRUG	periciazine	1	standard	68	0
DRUG	perillyl alcohol	0	PubChem	50	0
DRUG	perindopril	1	standard	54	0
DRUG	perindoprilat	1	standard	62	0
DRUG	permanganate	0	standard	19	0
DRUG	permethrin	1	standard	65	0
DRUG	perospirone	0	standard	4	0
DRUG	perphenazine	1	standard	60	0
DRUG	pertussis vaccine	1	ChEMBL	20	0
DRUG	pertuzumab	0	standard	74	0
DRUG	pethidine	1	standard	89	0
DRUG	pexidartinib	1	standard	91	0
DRUG	pf-03715455	1	ChEMBL	19	0
DRUG	pf-04691502	0	PubChem	30	0
DRUG	ph-797804	0	PubChem	61	0
DRUG	phenacemide	0	standard	6	0
DRUG	phenacetin	0	PubChem	9	0
DRUG	phenazopyridine	1	standard	78	0
DRUG	phenazopyridine hydrochloride	1	standard	63	0
DRUG	phencyclidine	0	PubChem	71	0
DRUG	phendimetrazine	0	standard	6	0
DRUG	phenelzine	0	standard	5	0
DRUG	phenethyl isothiocyanate	0	PubChem	51	0
DRUG	phenethylamine	0	PubChem	44	0
DRUG	pheneticillin	1	standard	35	0
DRUG	phenformin	1	standard	68	0
DRUG	phenindamine	0	standard	4	0
DRUG	phenindione	0	standard	23	0
DRUG	pheniramine	0	standard	11	0
DRUG	phenmetrazine	1	standard	45	0
DRUG	phenobarbital	1	standard	44	0
DRUG	phenol	1	standard	48	0
DRUG	phenolphthalein	0	standard	13	0
DRUG	phenolsulfonic acid	1	standard	23	0
DRUG	phenothiazine	1	standard	33	0
DRUG	phenothrin	0	standard	22	0
DRUG	phenoxybenzamine	0	standard	5	0
DRUG	phenoxymethylpenicillin	1	standard	25	0
DRUG	phenprocoumon	1	standard	32	0
DRUG	phensuximide	0	standard	6	0
DRUG	phentermine	0	standard	41	0
DRUG	phentermine/topiramate	1	modified_drug	37	0
DRUG	phentolamine	1	standard	65	0
DRUG	phenyl aminosalicylate	0	standard	8	0
DRUG	phenylacetaldehyde	0	PubChem	51	0
DRUG	phenylacetic acid	1	standard	96	0
DRUG	phenylalanine	1	standard	92	0
DRUG	phenylbutazone	1	standard	49	0
DRUG	phenylbutyrates	1	standard	7	0
DRUG	phenylbutyric acid	0	PubChem	105	0
DRUG	phenylephrine	1	standard	77	0
DRUG	phenylephrine / promethazine oral solution	1	modified_drug	68	0
DRUG	phenylpropanolamine	1	standard	48	0
DRUG	phenyltoloxamine	0	standard	4	0
DRUG	phenytoin	1	standard	40	0
DRUG	phleum pratense pollen	1	standard	103	0
DRUG	pholcodine	1	standard	46	0
DRUG	phosmet	0	standard	35	0
DRUG	phosphate ion	1	standard	30	0
DRUG	phosphatidyl serine	1	RxNorm	15	0
DRUG	phosphatidylethanolamine	1	ChEMBL	12	0
DRUG	phosphoenolpyruvate	0	PubChem	65	0
DRUG	phosphoramidon	0	PubChem	40	0
DRUG	phosphorus p-32	1	standard	48	0
DRUG	phthalic acid	0	PubChem	31	0
DRUG	phthalylsulfathiazole	1	standard	49	0
DRUG	phylloquinone	1	standard	55	0
DRUG	physostigmine	0	standard	27	0
DRUG	phytic acid	0	PubChem	48	0
DRUG	phytomenadione	1	standard	55	0
DRUG	pibrentasvir	0	standard	336	0
DRUG	piceatannol	0	PubChem	90	0
DRUG	piclamilast	0	PubChem	60	0
DRUG	picosulfuric acid	0	standard	23	0
DRUG	picropodophyllin	0	PubChem	50	0
DRUG	picrotoxin	0	ChEBI	18	0
DRUG	pictilisib	0	PubChem	47	0
DRUG	piflufolastat f 18	0	standard	82	0
DRUG	pilocarpine	1	standard	21	0
DRUG	pilsicainide	1	standard	67	0
DRUG	pimagedine	1	ChEMBL	20	0
DRUG	pimavanserin	1	standard	95	0
DRUG	pimecrolimus	0	standard	7	0
DRUG	pimethixene	0	standard	6	0
DRUG	pimobendan	0	standard	28	0
DRUG	pimozide	1	standard	70	0
DRUG	pinacidil	0	standard	6	0
DRUG	pinaverium	0	standard	4	0
DRUG	pindolol	1	standard	48	0
DRUG	pioglitazone	1	standard	93	0
DRUG	pipecuronium	0	standard	5	0
DRUG	piperacillin	1	standard	43	0
DRUG	piperacillin-tazobactam combination	0	corrected_overlay	12	0
DRUG	piperaquine	1	standard	43	0
DRUG	piperazine	1	standard	47	0
DRUG	piperonyl butoxide	0	standard	15	0
DRUG	pipobroman	1	standard	46	0
DRUG	pipotiazine	0	standard	0	1
DRUG	piracetam	0	standard	17	0
DRUG	pirarubicin	0	PubChem	73	0
DRUG	pirbuterol	0	standard	6	0
DRUG	pirenzepine	0	standard	19	0
DRUG	piretanide	0	standard	5	0
DRUG	pirfenidone	1	standard	48	0
DRUG	piribedil	0	standard	4	0
DRUG	piritramide	0	standard	4	0
DRUG	pirlindole	0	standard	6	0
DRUG	piroxicam	1	standard	96	0
DRUG	pirprofen	0	PubChem	4	0
DRUG	pirtobrutinib	1	standard	92	0
DRUG	pitavastatin	1	standard	91	0
DRUG	pitavastatin(1-)	1	standard	29	0
DRUG	pitolisant	0	standard	5	0
DRUG	pivampicillin	1	standard	43	0
DRUG	pivmecillinam	1	standard	48	0
DRUG	pixantrone	0	standard	6	0
DRUG	pizotifen	1	standard	92	0
DRUG	plant-based virus-like particles, recombinant, adjuvanted covid-19 vaccine	0	corrected_overlay	13	0
DRUG	plasma protein fraction (human)	0	standard	295	0
DRUG	plasminogen	1	standard	23	0
DRUG	platelet activating factor	0	PubChem	51	0
DRUG	platinum	0	PubChem	13	0
DRUG	plavix	1	standard	32	0
DRUG	plazomicin	0	standard	187	0
DRUG	plecanatide	0	standard	135	0
DRUG	plerixafor	1	standard	111	0
DRUG	plicamycin	0	standard	67	0
DRUG	podofilox	1	standard	70	0
DRUG	podophyllin	0	standard	46	0
DRUG	podophyllotoxin	1	standard	70	0
DRUG	polaprezinc	0	corrected_overlay	24	0
DRUG	polatuzumab vedotin	0	standard	117	0
DRUG	polidocanol	1	standard	46	0
DRUG	polihexanide	0	standard	30	0
DRUG	poliovirus type 2 antigen (formaldehyde inactivated)	1	modified_drug	21	0
DRUG	polmacoxib	0	standard	0	1
DRUG	poloxamer 188	1	RxNorm	20	0
DRUG	poloxamer 407	1	RxNorm	20	0
DRUG	polydatin	0	standard	13	0
DRUG	polyestradiol phosphate	0	NCI Thesaurus	66	0
DRUG	polymyxin b	0	standard	113	0
DRUG	polysorbate 80	0	standard	35	0
DRUG	polysporin	1	standard	74	0
DRUG	polystyrene sulfonate	1	standard	7	0
DRUG	polythiazide	0	standard	22	0
DRUG	polytrim eyedrops	0	corrected_overlay	12	0
DRUG	pomalidomide	1	standard	74	0
DRUG	ponatinib	1	standard	93	0
DRUG	ponesimod	1	standard	20	0
DRUG	populus fremontii pollen	1	standard	0	1
DRUG	poractant alfa	0	standard	102	0
DRUG	porfimer sodium	0	standard	139	0
DRUG	porphobilinogen	0	PubChem	57	0
DRUG	posaconazole	1	standard	57	0
DRUG	potassium	0	PubChem	19	0
DRUG	potassium acetate	1	standard	27	0
DRUG	potassium alum	1	standard	47	0
DRUG	potassium cation	1	standard	36	0
DRUG	potassium chloride	1	standard	38	0
DRUG	potassium citrate	1	standard	27	0
DRUG	potassium dichromate	1	standard	31	0
DRUG	potassium hydrogencarbonate	1	standard	64	0
DRUG	potassium iodide	0	PubChem	39	0
DRUG	potassium nitrate	1	standard	26	0
DRUG	potassium nitrate / sodium fluoride toothpaste	1	modified_drug	33	0
DRUG	potassium perchlorate	0	standard	88	0
DRUG	potassium phosphate 155 mg / sodium phosphate, dibasic 852 mg / sodium phosphate, monobasic 130 mg oral tablet	0	corrected_overlay	28	0
DRUG	potassium(1+)	1	standard	36	0
DRUG	povidone	0	standard	14	0
DRUG	pozanicline	1	ChEMBL	20	0
DRUG	pozelimab	0	standard	65	0
DRUG	practolol	1	standard	65	0
DRUG	pradofloxacin	0	standard	32	0
DRUG	prajmaline	0	PubChem	5	0
DRUG	pralatrexate	1	standard	56	0
DRUG	pralidoxime	1	standard	38	0
DRUG	pralsetinib	1	standard	100	0
DRUG	pramipexole	1	standard	64	0
DRUG	pramlintide	0	standard	4	0
DRUG	pramocaine	1	standard	39	0
DRUG	pranlukast	0	standard	6	0
DRUG	prasterone	0	standard	32	0
DRUG	prasterone enantate	0	standard	81	0
DRUG	prasugrel	1	standard	46	0
DRUG	pravastatin	1	standard	132	0
DRUG	prazepam	0	standard	4	0
DRUG	praziquantel	0	standard	6	0
DRUG	prazosin	1	standard	67	0
DRUG	prednicarbate	0	standard	5	0
DRUG	prednimustine	0	NCI Thesaurus	44	0
DRUG	prednisolone	1	standard	92	0
DRUG	prednisolone acetate	0	standard	6	0
DRUG	prednisolone phosphate	1	standard	96	0
DRUG	prednisolone tebutate	0	standard	6	0
DRUG	prednisone	1	standard	102	0
DRUG	pregabalin	1	standard	59	0
DRUG	pregnenolone	1	standard	53	0
DRUG	pretomanid	0	standard	89	0
DRUG	prilocaine	1	standard	45	0
DRUG	primaquine	1	standard	48	0
DRUG	primidone	1	standard	44	0
DRUG	probenecid	1	standard	35	0
DRUG	probenecid and colchicine	0	standard	113	0
DRUG	probucol	1	standard	67	0
DRUG	procainamide	1	standard	47	0
DRUG	procaine	1	standard	79	0
DRUG	procaine benzylpenicillin	0	standard	72	0
DRUG	procarbazine	1	standard	72	0
DRUG	procaterol	0	standard	6	0
DRUG	prochlorperazine	1	standard	81	0
DRUG	procyclidine	1	standard	52	0
DRUG	profenamine	1	standard	73	0
DRUG	proflavine	1	standard	71	0
DRUG	progabide	1	ChEMBL	11	0
DRUG	progesterone	1	standard	83	0
DRUG	proguanil	1	standard	76	0
DRUG	proline	1	standard	142	0
DRUG	promazine	1	standard	58	0
DRUG	promethazine	1	standard	69	0
DRUG	propafenone	1	standard	78	0
DRUG	propanoic acid	0	PubChem	45	0
DRUG	propantheline	0	standard	6	0
DRUG	proparacaine	0	standard	5	0
DRUG	propiolactone	1	modified_drug	4	0
DRUG	propiomazine	1	standard	73	0
DRUG	propionamide	0	PubChem	35	0
DRUG	propiverine	0	standard	4	0
DRUG	propofol	1	standard	40	0
DRUG	propoxycaine	0	standard	5	0
DRUG	propoxyphene	1	standard	26	0
DRUG	propranolol	1	standard	72	0
DRUG	propyl alcohol	0	PubChem	52	0
DRUG	propylene glycol	1	standard	81	0
DRUG	propylhexedrine	0	standard	6	0
DRUG	propylthiouracil	1	standard	68	0
DRUG	prostaglandin d2	0	PubChem	55	0
DRUG	protamine	1	standard	179	0
DRUG	protamine sulfate	0	standard	60	0
DRUG	protein c	1	standard	22	0
DRUG	protein s human	0	manual_final7_review	44	0
DRUG	prothrombin	1	standard	24	0
DRUG	protionamide	0	standard	6	0
DRUG	protirelin	1	standard	30	0
DRUG	protoporphyrin	0	ChEBI	42	0
DRUG	protriptyline	0	standard	20	0
DRUG	proxibarbal	0	standard	6	0
DRUG	proxyphylline	0	PubChem	4	0
DRUG	prucalopride	0	standard	6	0
DRUG	pseudoephedrine	1	standard	82	0
DRUG	purine-6-thiol	1	alias_drug	36	0
DRUG	putrescine	0	PubChem	43	0
DRUG	pyrantel	1	standard	80	0
DRUG	pyrazinamide	1	standard	64	0
DRUG	pyrazole	0	PubChem	32	0
DRUG	pyridostigmine	0	standard	5	0
DRUG	pyridoxal phosphate	0	PubChem	81	0
DRUG	pyridoxine	1	standard	87	0
DRUG	pyrimethamine	1	standard	68	0
DRUG	pyrithione	1	standard	59	0
DRUG	pyronaridine	0	standard	4	0
DRUG	pyrophosphoric acid	0	PubChem	45	0
DRUG	pyrroloquinoline quinone	0	PubChem	61	0
DRUG	pyruvic acid	0	PubChem	49	0
DRUG	pyrvinium	1	standard	52	0
DRUG	quazepam	0	standard	4	0
DRUG	quercetin	0	NCI Thesaurus	128	0
DRUG	quetiapine	0	standard	31	0
DRUG	quinagolide	0	standard	11	0
DRUG	quinapril	1	standard	106	0
DRUG	quinaprilat	1	standard	64	0
DRUG	quinestrol	0	standard	24	0
DRUG	quinethazone	1	standard	44	0
DRUG	quinfamide	0	standard	6	0
DRUG	quinidine	1	standard	72	0
DRUG	quinine	1	standard	53	0
DRUG	quinupramine	0	standard	4	0
DRUG	quinupristin	0	standard	40	0
DRUG	quizartinib	1	standard	93	0
DRUG	rabeprazole	0	standard	36	0
DRUG	rabies immune globulin, human	0	corrected_overlay	27	0
DRUG	rabies virus inactivated antigen, a	1	modified_drug	153	0
DRUG	rabies virus inactivated antigen, b	1	modified_drug	357	0
DRUG	racepinephrine	1	standard	81	0
DRUG	raclopride	0	PubChem	6	0
DRUG	radicicol	0	PubChem	60	0
DRUG	radium atom	0	standard	8	0
DRUG	radium ra-223 cation	1	standard	16	0
DRUG	radotinib	0	standard	94	0
DRUG	raloxifene	1	standard	74	0
DRUG	raltegravir	1	standard	72	0
DRUG	raltitrexed	0	standard	6	0
DRUG	ramatroban	0	PubChem	6	0
DRUG	ramelteon	0	standard	6	0
DRUG	ramipril	1	standard	86	0
DRUG	ramiprilat	1	standard	73	0
DRUG	ramucirumab	0	standard	55	0
DRUG	ranibizumab	0	standard	100	0
DRUG	ranimustine	0	standard	6	0
DRUG	ranitidine	1	standard	57	0
DRUG	ranolazine	1	standard	39	0
DRUG	rapacuronium	0	standard	5	0
DRUG	rasagiline	1	standard	47	0
DRUG	rasburicase	0	standard	53	0
DRUG	ravulizumab	0	standard	72	0
DRUG	ravulizumab-cwvz	0	standard	72	0
DRUG	raxibacumab	1	standard	98	0
DRUG	rebamipide	0	standard	6	0
DRUG	reboxetine	0	standard	5	0
DRUG	recombinant stabilized rsv a prefusion f antigen	0	corrected_overlay	28	0
DRUG	red snapper	1	standard	112	0
DRUG	regdanvimab	0	standard	108	0
DRUG	regorafenib	1	standard	72	0
DRUG	relebactam	0	standard	67	0
DRUG	relugolix	0	standard	92	0
DRUG	remdesivir	1	standard	100	0
DRUG	remestemcel-l	0	standard	126	0
DRUG	remifentanil	1	standard	69	0
DRUG	remikiren	0	PubChem	83	0
DRUG	remoxipride	0	standard	4	0
DRUG	repaglinide	0	standard	6	0
DRUG	repinotan	1	ChEMBL	19	0
DRUG	repotrectinib	1	standard	67	0
DRUG	reproterol	0	standard	4	0
DRUG	rescinnamine	0	standard	29	0
DRUG	reserpine	1	standard	65	0
DRUG	resiniferatoxin	0	PubChem	72	0
DRUG	reslizumab	1	standard	108	0
DRUG	resmetirom	0	standard	131	0
DRUG	resorcinol	1	standard	36	0
DRUG	resorcinol monoacetate	1	standard	72	0
DRUG	resveratrol	0	NCI Thesaurus	66	0
DRUG	resveratrol.1	1	NCI Thesaurus	66	0
DRUG	retapamulin	0	standard	12	0
DRUG	reteplase	0	standard	55	0
DRUG	retinol	1	standard	38	0
DRUG	revakinagene taroretcel plasmid	0	corrected_overlay	26	0
DRUG	revefenacin	0	standard	238	0
DRUG	reviparin	0	standard	30	0
DRUG	revumenib	1	standard	81	0
DRUG	rezafungin	1	standard	64	0
DRUG	ribavirin	1	standard	80	0
DRUG	ribociclib	0	standard	11	0
DRUG	riboflavin	1	standard	123	0
DRUG	ribose-5-phosphate	0	PubChem	18	0
DRUG	ribostamycin	1	standard	68	0
DRUG	rice bran oil	1	ChEMBL	19	0
DRUG	ridogrel	0	PubChem	6	0
DRUG	rifabutin	1	standard	47	0
DRUG	rifampicin	1	standard	103	0
DRUG	rifampin	1	standard	103	0
DRUG	rifamycin	1	standard	63	0
DRUG	rifapentine	0	standard	23	0
DRUG	rifaximin	1	standard	69	0
DRUG	rigosertib	0	PubChem	57	0
DRUG	rilmenidine	0	standard	4	0
DRUG	rilonacept	1	standard	164	0
DRUG	rilpivirine	1	standard	63	0
DRUG	rilpivirine hydrochloride	1	standard	45	0
DRUG	riluzole	0	standard	6	0
DRUG	rimantadine	0	standard	4	0
DRUG	rimantadine hydrochloride	0	standard	7	0
DRUG	rimegepant	0	standard	121	0
DRUG	rimegepant sulfate	0	standard	121	0
DRUG	rimexolone	0	standard	5	0
DRUG	rimonabant	1	standard	121	0
DRUG	riociguat	1	standard	54	0
DRUG	ripasudil	0	standard	6	0
DRUG	ripretinib	0	standard	161	0
DRUG	risankizumab	0	standard	89	0
DRUG	risankizumab-rzaa	0	standard	89	0
DRUG	risdiplam	0	standard	202	0
DRUG	risedronate sodium	0	standard	6	0
DRUG	risedronic acid	0	standard	7	0
DRUG	risperidone	1	standard	65	0
DRUG	ritiometan	0	standard	5	0
DRUG	ritodrine	1	standard	13	0
DRUG	ritonavir	1	standard	138	0
DRUG	rituximab	0	standard	35	0
DRUG	rivaroxaban	1	standard	79	0
DRUG	rivastigmine	1	standard	62	0
DRUG	rixubis injectable product	0	corrected_overlay	21	0
DRUG	rizatriptan	0	standard	28	0
DRUG	rizatriptan benzoate	0	standard	7	0
DRUG	robenacoxib	1	standard	84	0
DRUG	rociverine	0	PubChem	6	0
DRUG	rocuronium	1	standard	58	0
DRUG	rofecoxib	1	standard	78	0
DRUG	roflumilast	1	standard	64	0
DRUG	rolapitant	1	standard	82	0
DRUG	rolipram	1	ChEMBL	19	0
DRUG	rolitetracycline	1	standard	46	0
DRUG	romidepsin	1	standard	50	0
DRUG	romiplostim	0	standard	55	0
DRUG	romosozumab	0	standard	88	0
DRUG	ropeginterferon alfa-2b	1	standard	36	0
DRUG	ropinirole	0	standard	30	0
DRUG	ropivacaine	0	PubChem	37	0
DRUG	roquinimex	0	PubChem	5	0
DRUG	rose bengal at	0	corrected_overlay	29	0
DRUG	rosiglitazone	0	standard	35	0
DRUG	rosoxacin	1	standard	73	0
DRUG	rosuvastatin	1	standard	81	0
DRUG	rotarix	0	standard	15	0
DRUG	rotavirus vaccine	0	standard	15	0
DRUG	rotenone	1	standard	85	0
DRUG	rotigotine	0	standard	6	0
DRUG	roxadustat	1	standard	64	0
DRUG	roxatidine acetate	0	standard	6	0
DRUG	roxithromycin	1	standard	34	0
DRUG	rozanolixizumab	1	standard	33	0
DRUG	rubella virus vaccine	0	corrected_overlay	25	0
DRUG	rubidium rb-82	1	standard	598	0
DRUG	rubitecan	0	PubChem	60	0
DRUG	rucaparib	1	standard	91	0
DRUG	rufinamide	0	standard	8	0
DRUG	rupatadine	0	standard	4	0
DRUG	rurioctocog alfa pegol	0	standard	0	1
DRUG	rutoside	1	standard	44	0
DRUG	ruxolitinib	1	standard	72	0
DRUG	ruxolitinib phosphate	1	standard	57	0
DRUG	s-adenosyl-l-homocysteine	0	PubChem	71	0
DRUG	saccharin	1	standard	46	0
DRUG	sacituzumab govitecan	0	standard	111	0
DRUG	sacrosidase	1	standard	240	0
DRUG	sacubitril	0	standard	6	0
DRUG	sacubitril / valsartan oral product	1	modified_drug	45	0
DRUG	sacubitril and valsartan sodium hydrate drug combination	0	corrected_overlay	13	0
DRUG	sacubitril valsartan	0	standard	126	0
DRUG	safflower oil	0	NCI Thesaurus	61	0
DRUG	safinamide	0	standard	6	0
DRUG	salbutamol	1	standard	71	0
DRUG	salicylamide	1	standard	37	0
DRUG	salicylhydroxamic acid	0	PubChem	49	0
DRUG	salicylic acid	1	standard	69	0
DRUG	salinomycin	0	standard	20	0
DRUG	salirasib	0	PubChem	4	0
DRUG	salmeterol	1	standard	45	0
DRUG	salmeterol xinafoate	0	standard	6	0
DRUG	salmon calcitonin	1	standard	51	0
DRUG	salsalate	1	standard	107	0
DRUG	salsola kali pollen	1	standard	0	1
DRUG	salvianolic acid a	0	PubChem	6	0
DRUG	samarium (153sm) lexidronam	1	standard	0	1
DRUG	samidorphan	0	standard	6	0
DRUG	sapropterin	1	standard	37	0
DRUG	sapropterin dihydrochloride	1	standard	54	0
DRUG	saquinavir	1	standard	51	0
DRUG	sarecycline	1	standard	52	0
DRUG	saredutant	0	PubChem	4	0
DRUG	sargramostim	0	standard	74	0
DRUG	sarilumab	0	standard	68	0
DRUG	sarpogrelate	0	PubChem	7	0
DRUG	satralizumab	1	standard	131	0
DRUG	satraplatin	0	NCI Thesaurus	45	0
DRUG	saxagliptin	1	standard	68	0
DRUG	scopolamine	1	standard	70	0
DRUG	scorpion (centruroides) immune fab2 antivenin (equine)	0	corrected_overlay	10	0
DRUG	secnidazole	1	standard	66	0
DRUG	secobarbital	1	standard	57	0
DRUG	secretin human	0	standard	21	0
DRUG	secukinumab	0	standard	92	0
DRUG	segesterone acetate	0	standard	5	0
DRUG	seladelpar	0	standard	74	0
DRUG	selegiline	0	standard	24	0
DRUG	selenium	0	standard	16	0
DRUG	selenium sulfide	0	standard	10	0
DRUG	selenocysteine	0	NCI Thesaurus	37	0
DRUG	selenomethionine	1	standard	30	0
DRUG	selexipag	1	standard	98	0
DRUG	seliciclib	0	PubChem	45	0
DRUG	selinexor	1	standard	82	0
DRUG	selpercatinib	0	standard	130	0
DRUG	selumetinib	1	standard	80	0
DRUG	semagacestat	0	PubChem	4	0
DRUG	semaglutide	1	standard	69	0
DRUG	sennosides	1	standard	19	0
DRUG	seocalcitol	0	NCI Thesaurus	80	0
DRUG	sepranolone	0	PubChem	4	0
DRUG	seratrodast	0	PubChem	6	0
DRUG	serdexmethylphenidate	0	standard	316	0
DRUG	serine	1	standard	77	0
DRUG	sermorelin	0	ChEBI	32	0
DRUG	sertaconazole	1	standard	32	0
DRUG	sertindole	1	standard	75	0
DRUG	sertraline	1	standard	101	0
DRUG	setiptiline	1	standard	57	0
DRUG	setmelanotide	0	standard	166	0
DRUG	sevelamer	0	standard	72	0
DRUG	sevelamer carbonate	1	standard	134	0
DRUG	sevoflurane	1	standard	47	0
DRUG	sibutramine	1	standard	40	0
DRUG	sildenafil	1	standard	50	0
DRUG	silibinin	0	PubChem	53	0
DRUG	silicon dioxide	1	standard	23	0
DRUG	silodosin	0	standard	4	0
DRUG	siltuximab	0	standard	60	0
DRUG	silver cation	0	standard	16	0
DRUG	silver nitrate	0	standard	25	0
DRUG	silver sulfadiazine	0	standard	29	0
DRUG	simendan	1	ChEMBL	19	0
DRUG	simeprevir	0	standard	7	0
DRUG	simethicone	0	standard	34	0
DRUG	simoctocog alfa	1	standard	0	1
DRUG	simvastatin	1	standard	87	0
DRUG	sinapultide	0	standard	0	1
DRUG	sinecatechins	0	standard	116	0
DRUG	sinemet	0	corrected_overlay	12	0
DRUG	siponimod	0	standard	108	0
DRUG	siponimod fumaric acid	0	standard	114	0
DRUG	siramesine	1	ChEMBL	19	0
DRUG	sirolimus	1	standard	83	0
DRUG	sitafloxacin	0	standard	13	0
DRUG	sitagliptin	1	standard	39	0
DRUG	sitaxentan	0	standard	6	0
DRUG	sivelestat	0	standard	15	0
DRUG	smallpox (vaccinia) vaccine, live	1	standard	6	0
DRUG	sn-38	0	PubChem	85	0
DRUG	sodium acetate	0	standard	11	0
DRUG	sodium ascorbate	0	PubChem	67	0
DRUG	sodium aurothiomalate	1	standard	33	0
DRUG	sodium bicarbonate	0	standard	27	0
DRUG	sodium carbonate	0	PubChem	11	0
DRUG	sodium cation	1	standard	36	0
DRUG	sodium cellulose phosphate	1	standard	3	0
DRUG	sodium chloride	1	standard	39	0
DRUG	sodium citrate	1	standard	24	0
DRUG	sodium feredetate	0	standard	35	0
DRUG	sodium ferric gluconate complex	0	standard	65	0
DRUG	sodium fluoride	1	standard	18	0
DRUG	sodium glycerophosphate	0	standard	60	0
DRUG	sodium iodide	0	PubChem	21	0
DRUG	sodium lauryl sulfate	0	PubChem	33	0
DRUG	sodium lauryl sulfoacetate	0	standard	0	1
DRUG	sodium nitroprusside	1	standard	32	0
DRUG	sodium oxybate	0	standard	130	0
DRUG	sodium stibogluconate	0	standard	29	0
DRUG	sodium tetradecyl sulfate	1	standard	50	0
DRUG	sodium thiosulfate	1	PubChem	38	0
DRUG	sodium thiosulfate hexahydrate	0	standard	50	0
DRUG	sodium zirconium cyclosilicate	0	standard	62	0
DRUG	sofalcone	1	standard	80	0
DRUG	sofosbuvir	1	standard	69	0
DRUG	sofosbuvir / velpatasvir / voxilaprevir oral product	0	modified_drug	141	0
DRUG	sofosbuvir / velpatasvir oral product	1	modified_drug	82	0
DRUG	sofosbuvir velpatasvir voxilaprevir drug combination	0	corrected_overlay	12	0
DRUG	solenopsis invicta	0	corrected_overlay	15	0
DRUG	solifenacin	0	standard	6	0
DRUG	solifenacin succinate	0	standard	7	0
DRUG	solriamfetol	0	standard	125	0
DRUG	somapacitan	0	standard	279	0
DRUG	somatostatin	1	standard	36	0
DRUG	somatotropin	0	standard	6	0
DRUG	somatrem	0	standard	0	1
DRUG	somatrogon	1	standard	163	0
DRUG	sonidegib	1	standard	88	0
DRUG	sorafenib	1	standard	96	0
DRUG	sorbitol	0	PubChem	49	0
DRUG	sotagliflozin	1	standard	118	0
DRUG	sotalol	1	standard	99	0
DRUG	sotorasib	1	standard	77	0
DRUG	sotrastaurin	0	PubChem	102	0
DRUG	sotrovimab	0	standard	107	0
DRUG	soybean oil	0	standard	30	0
DRUG	spaglumic acid	1	ChEMBL	20	0
DRUG	sparfloxacin	0	standard	16	0
DRUG	sparfosic acid	0	NCI Thesaurus	58	0
DRUG	sparsentan	1	standard	91	0
DRUG	sparteine	0	PubChem	11	0
DRUG	spectinomycin	1	standard	76	0
DRUG	spermine	0	PubChem	58	0
DRUG	spesolimab	1	standard	206	0
DRUG	spinosad	1	standard	38	0
DRUG	spiramycin	1	standard	21	0
DRUG	spirapril	1	standard	83	0
DRUG	spironolactone	1	standard	56	0
DRUG	sq-28429	1	alias_drug	5	0
DRUG	squalane	0	standard	10	0
DRUG	squalene	1	standard	41	0
DRUG	stalevo	0	corrected_overlay	13	0
DRUG	stannous cation	0	standard	13	0
DRUG	stannous chloride	1	ChEMBL	12	0
DRUG	stannous fluoride	0	standard	7	0
DRUG	stanozolol	1	standard	90	0
DRUG	stavudine	1	standard	59	0
DRUG	stearic acid	0	PubChem	88	0
DRUG	stem bromelain	1	standard	22	0
DRUG	stiolto	0	corrected_overlay	19	0
DRUG	stiripentol	0	standard	6	0
DRUG	streptococcus pneumoniae serotype 1 capsular antigen diphtheria crm197 protein conjugate vaccine / streptococcus pneumoniae serotype 14 capsular antigen diphtheria crm197 protein conjugate vaccine / streptococcus pneumoniae serotype 18c capsular antigen diphtheria crm197 protein conjugate vaccine / streptococcus pneumoniae serotype 19a capsular antigen diphtheria crm197 protein conjugate vaccine / streptococcus pneumoniae serotype 19f capsular antigen diphtheria crm197 protein conjugate vaccine / streptococcus pneumoniae serotype 22f capsular antigen diphtheria crm197 protein conjugate vaccine / streptococcus pneumoniae serotype 23f capsular antigen diphtheria crm197 protein conjugate vaccine / streptococcus pneumoniae serotype 3 capsular antigen diphtheria crm197 protein conjugate vaccine / streptococcus pneumoniae serotype 33f capsular antigen diphtheria crm197 protein conjugate vaccine / streptococcus pneumoniae serotype 4 capsular antigen diphtheria crm197 protein conjugate vaccine / streptococcus pneumoniae serotype 5 capsular antigen diphtheria crm197 protein conjugate vaccine / streptococcus pneumoniae serotype 6a capsular antigen diphtheria crm197 protein conjugate vaccine / streptococcus pneumoniae serotype 6b capsular antigen diphtheria crm197 protein conjugate vaccine / streptococcus pneumoniae serotype 7f capsular antigen diphtheria crm197 protein conjugate vaccine / streptococcus pneumoniae serotype 9v capsular antigen diphtheria crm197 protein conjugate vaccine injectable product	1	modified_drug	22	0
DRUG	streptococcus pneumoniae serotype 1 capsular antigen diphtheria crm197 protein conjugate vaccine / streptococcus pneumoniae serotype 14 capsular antigen diphtheria crm197 protein conjugate vaccine / streptococcus pneumoniae serotype 18c capsular antigen diphtheria crm197 protein conjugate vaccine / streptococcus pneumoniae serotype 19a capsular antigen diphtheria crm197 protein conjugate vaccine / streptococcus pneumoniae serotype 19f capsular antigen diphtheria crm197 protein conjugate vaccine / streptococcus pneumoniae serotype 23f capsular antigen diphtheria crm197 protein conjugate vaccine / streptococcus pneumoniae serotype 3 capsular antigen diphtheria crm197 protein conjugate vaccine / streptococcus pneumoniae serotype 4 capsular antigen diphtheria crm197 protein conjugate vaccine / streptococcus pneumoniae serotype 5 capsular antigen diphtheria crm197 protein conjugate vaccine / streptococcus pneumoniae serotype 6a capsular antigen diphtheria crm197 protein conjugate vaccine / streptococcus pneumoniae serotype 6b capsular antigen diphtheria crm197 protein conjugate vaccine / streptococcus pneumoniae serotype 7f capsular antigen diphtheria crm197 protein conjugate vaccine / streptococcus pneumoniae serotype 9v capsular antigen diphtheria crm197 protein conjugate vaccine prefilled syringe	1	modified_drug	21	0
DRUG	streptococcus pneumoniae type 1 capsular polysaccharide antigen	1	modified_drug	20	0
DRUG	streptococcus pneumoniae type 1 capsular polysaccharide diphtheria crm197 protein conjugate antigen	1	modified_drug	21	0
DRUG	streptococcus pneumoniae type 10a capsular polysaccharide antigen	1	modified_drug	20	0
DRUG	streptococcus pneumoniae type 10a capsular polysaccharide diphtheria crm197 protein conjugate antigen	1	modified_drug	21	0
DRUG	streptococcus pneumoniae type 11a capsular polysaccharide antigen	1	modified_drug	20	0
DRUG	streptococcus pneumoniae type 11a capsular polysaccharide diphtheria crm197 protein conjugate antigen	1	modified_drug	21	0
DRUG	streptococcus pneumoniae type 12f capsular polysaccharide antigen	1	modified_drug	20	0
DRUG	streptococcus pneumoniae type 12f capsular polysaccharide diphtheria crm197 protein conjugate antigen	1	modified_drug	21	0
DRUG	streptococcus pneumoniae type 14 capsular polysaccharide antigen	1	modified_drug	20	0
DRUG	streptococcus pneumoniae type 14 capsular polysaccharide diphtheria crm197 protein conjugate antigen	1	modified_drug	21	0
DRUG	streptococcus pneumoniae type 15b capsular polysaccharide antigen	1	modified_drug	20	0
DRUG	streptococcus pneumoniae type 15b capsular polysaccharide diphtheria crm197 protein conjugate antigen	1	modified_drug	21	0
DRUG	streptococcus pneumoniae type 17f capsular polysaccharide antigen	1	modified_drug	20	0
DRUG	streptococcus pneumoniae type 18c capsular polysaccharide antigen	1	modified_drug	20	0
DRUG	streptococcus pneumoniae type 18c capsular polysaccharide diphtheria crm197 protein conjugate antigen	1	modified_drug	21	0
DRUG	streptococcus pneumoniae type 19a capsular polysaccharide antigen	1	modified_drug	20	0
DRUG	streptococcus pneumoniae type 19a capsular polysaccharide diphtheria crm197 protein conjugate antigen	1	modified_drug	21	0
DRUG	streptococcus pneumoniae type 19f capsular polysaccharide antigen	1	modified_drug	20	0
DRUG	streptococcus pneumoniae type 19f capsular polysaccharide diphtheria crm197 protein conjugate antigen	1	modified_drug	21	0
DRUG	streptococcus pneumoniae type 2 capsular polysaccharide antigen	1	modified_drug	20	0
DRUG	streptococcus pneumoniae type 20 capsular polysaccharide antigen	1	modified_drug	20	0
DRUG	streptococcus pneumoniae type 22f capsular polysaccharide antigen	1	modified_drug	20	0
DRUG	streptococcus pneumoniae type 22f capsular polysaccharide diphtheria crm197 protein conjugate antigen	1	modified_drug	21	0
DRUG	streptococcus pneumoniae type 23f capsular polysaccharide antigen	1	modified_drug	20	0
DRUG	streptococcus pneumoniae type 23f capsular polysaccharide diphtheria crm197 protein conjugate antigen	1	modified_drug	21	0
DRUG	streptococcus pneumoniae type 3 capsular polysaccharide antigen	1	modified_drug	20	0
DRUG	streptococcus pneumoniae type 3 capsular polysaccharide diphtheria crm197 protein conjugate antigen	1	modified_drug	21	0
DRUG	streptococcus pneumoniae type 33f capsular polysaccharide antigen	1	modified_drug	20	0
DRUG	streptococcus pneumoniae type 33f capsular polysaccharide diphtheria crm197 protein conjugate antigen	1	modified_drug	21	0
DRUG	streptococcus pneumoniae type 4 capsular polysaccharide antigen	1	modified_drug	20	0
DRUG	streptococcus pneumoniae type 5 capsular polysaccharide antigen	1	modified_drug	20	0
DRUG	streptococcus pneumoniae type 5 capsular polysaccharide diphtheria crm197 protein conjugate antigen	1	modified_drug	21	0
DRUG	streptococcus pneumoniae type 6a capsular polysaccharide diphtheria crm197 protein conjugate antigen	1	modified_drug	21	0
DRUG	streptococcus pneumoniae type 6b capsular polysaccharide antigen	1	modified_drug	20	0
DRUG	streptococcus pneumoniae type 6b capsular polysaccharide diphtheria crm197 protein conjugate antigen	1	modified_drug	21	0
DRUG	streptococcus pneumoniae type 7f capsular polysaccharide antigen	1	modified_drug	20	0
DRUG	streptococcus pneumoniae type 7f capsular polysaccharide diphtheria crm197 protein conjugate antigen	1	modified_drug	21	0
DRUG	streptococcus pneumoniae type 8 capsular polysaccharide antigen	1	modified_drug	20	0
DRUG	streptococcus pneumoniae type 8 capsular polysaccharide diphtheria crm197 protein conjugate antigen	1	modified_drug	21	0
DRUG	streptococcus pneumoniae type 9n capsular polysaccharide antigen	1	modified_drug	20	0
DRUG	streptococcus pneumoniae type 9v capsular polysaccharide antigen	1	modified_drug	20	0
DRUG	streptococcus pneumoniae type 9v capsular polysaccharide diphtheria crm197 protein conjugate antigen	1	modified_drug	21	0
DRUG	streptokinase	1	standard	39	0
DRUG	streptomycin	1	standard	78	0
DRUG	streptozocin	1	standard	53	0
DRUG	stribild	1	standard	43	0
DRUG	strontium atom	0	standard	8	0
DRUG	strontium ranelate	0	NCI Thesaurus	50	0
DRUG	suboxone	1	standard	90	0
DRUG	succimer	1	standard	48	0
DRUG	succinic acid	1	standard	72	0
DRUG	succinyl-coenzyme a	0	PubChem	41	0
DRUG	succinylcholine	1	standard	39	0
DRUG	sucralfate	0	standard	69	0
DRUG	sucroferric oxyhydroxide only product	1	standard	21	0
DRUG	sucrose	0	PubChem	55	0
DRUG	sufentanil	0	PubChem	53	0
DRUG	sugammadex	1	standard	71	0
DRUG	sulbactam	0	standard	15	0
DRUG	sulconazole	1	standard	53	0
DRUG	sulfabenzamide	1	standard	52	0
DRUG	sulfacetamide	1	standard	56	0
DRUG	sulfacetamide / sulfur topical gel	0	modified_drug	83	0
DRUG	sulfacytine	0	standard	9	0
DRUG	sulfadiazine	1	standard	83	0
DRUG	sulfadiazine silver	0	standard	29	0
DRUG	sulfadimethoxine	1	standard	67	0
DRUG	sulfadoxine	1	standard	55	0
DRUG	sulfaethoxypyridazine	1	standard	38	0
DRUG	sulfafurazole	1	standard	53	0
DRUG	sulfamerazine	1	standard	52	0
DRUG	sulfameter	1	standard	55	0
DRUG	sulfamethazine	1	standard	75	0
DRUG	sulfamethizole	1	standard	54	0
DRUG	sulfamethoxazole	1	standard	84	0
DRUG	sulfametopyrazine	1	standard	12	0
DRUG	sulfanilamide	1	standard	46	0
DRUG	sulfaphenazole	1	standard	75	0
DRUG	sulfapyridine	1	standard	56	0
DRUG	sulfasalazine	1	standard	75	0
DRUG	sulfathiazole	1	standard	57	0
DRUG	sulfinpyrazone	0	standard	17	0
DRUG	sulfisoxazole	1	standard	53	0
DRUG	sulforaphane	0	PubChem	39	0
DRUG	sulfoxone	0	standard	4	0
DRUG	sulfur hexafluoride	1	standard	72	0
DRUG	sulindac	1	standard	119	0
DRUG	sulpiride	1	standard	54	0
DRUG	sultamicillin	0	standard	16	0
DRUG	sulthiame	0	standard	6	0
DRUG	sultopride	0	standard	6	0
DRUG	sumatriptan	1	standard	87	0
DRUG	sunitinib	0	standard	49	0
DRUG	suprofen	1	standard	58	0
DRUG	suramin	1	standard	132	0
DRUG	susoctocog alfa	1	standard	0	1
DRUG	sutilain	0	corrected_overlay	18	0
DRUG	sutimlimab	0	standard	105	0
DRUG	suvorexant	1	standard	67	0
DRUG	suzetrigine	1	standard	91	0
DRUG	symbicort	0	corrected_overlay	20	0
DRUG	symtuza	1	standard	70	0
DRUG	synephrine	0	PubChem	58	0
DRUG	synthetic conjugated estrogens, a	0	standard	14	0
DRUG	synthetic conjugated estrogens, b	1	standard	202	0
DRUG	syprine	1	standard	7	0
DRUG	tabelecleucel	0	standard	80	0
DRUG	tacalcitol	1	standard	77	0
DRUG	tachosil topical product	1	modified_drug	34	0
DRUG	tacrine	1	standard	57	0
DRUG	tacrolimus	1	standard	40	0
DRUG	tadalafil	1	standard	79	0
DRUG	tafamidis	1	standard	68	0
DRUG	tafasitamab	0	standard	72	0
DRUG	tafenoquine	1	standard	67	0
DRUG	tafluprost	1	standard	75	0
DRUG	tagraxofusp	0	standard	113	0
DRUG	talampanel	0	NCI Thesaurus	46	0
DRUG	talaporfin	1	standard	0	1
DRUG	talarozole	0	PubChem	43	0
DRUG	talazoparib	1	standard	59	0
DRUG	talc	0	standard	49	0
DRUG	taletrectinib	0	standard	97	0
DRUG	taliglucerase alfa	1	standard	212	0
DRUG	talimogene laherparepvec	0	standard	154	0
DRUG	talinolol	0	standard	6	0
DRUG	talquetamab	0	standard	96	0
DRUG	tamibarotene	1	standard	65	0
DRUG	tamoxifen	0	standard	58	0
DRUG	tamsulosin	1	standard	65	0
DRUG	tandospirone	1	standard	66	0
DRUG	tanespimycin	0	NCI Thesaurus	56	0
DRUG	tannic acid	1	standard	5	0
DRUG	tannic-12 s	1	standard	9	0
DRUG	tapentadol	0	standard	4	0
DRUG	tapinarof	0	standard	4	0
DRUG	taranabant	0	PubChem	4	0
DRUG	tas-116	1	alias_drug	64	0
DRUG	tasimelteon	1	standard	68	0
DRUG	tasonermin	1	standard	0	1
DRUG	tasosartan	0	standard	6	0
DRUG	taurine	1	standard	101	0
DRUG	taurocholic acid	0	PubChem	58	0
DRUG	tauroursodeoxycholic acid	1	standard	54	0
DRUG	tavaborole	1	standard	64	0
DRUG	tazarotene	1	standard	64	0
DRUG	tazemetostat	1	standard	19	0
DRUG	tazobactam	1	standard	95	0
DRUG	tbc-3711	1	ChEMBL	12	0
DRUG	tea tree oil	0	standard	57	0
DRUG	tebentafusp	0	standard	105	0
DRUG	teceleukin	1	standard	0	1
DRUG	technetium atom	0	standard	8	0
DRUG	technetium tc 99m sestamibi	1	standard	195	0
DRUG	teclistamab	0	standard	96	0
DRUG	tecovirimat	0	standard	29	0
DRUG	tecovirimat monohydrate	0	standard	216	0
DRUG	tedizolid	1	standard	108	0
DRUG	tedizolid phosphate	1	standard	96	0
DRUG	teduglutide	1	standard	75	0
DRUG	tegafur	0	standard	10	0
DRUG	tegafur-gimeracil-oteracil	0	corrected_overlay	12	0
DRUG	tegafur-uracil	0	standard	106	0
DRUG	tegaserod	0	PubChem	29	0
DRUG	teicoplanin	1	standard	65	0
DRUG	telaprevir	1	standard	57	0
DRUG	telavancin	1	standard	61	0
DRUG	telbivudine	1	standard	52	0
DRUG	telisotuzumab vedotin	0	standard	133	0
DRUG	telithromycin	0	standard	5	0
DRUG	telmisartan	1	standard	53	0
DRUG	telmisartan/amlodipine	1	modified_drug	52	0
DRUG	telotristat	0	standard	5	0
DRUG	telotristat ethyl	0	standard	60	0
DRUG	temazepam	0	standard	4	0
DRUG	temocapril	0	standard	4	0
DRUG	temocillin	1	standard	19	0
DRUG	temoporfin	0	standard	14	0
DRUG	temozolomide	1	standard	86	0
DRUG	tempol	0	PubChem	75	0
DRUG	temsavir	0	standard	0	1
DRUG	temsirolimus	0	standard	57	0
DRUG	tenapanor	0	standard	176	0
DRUG	tenapanor hydrochloride	0	standard	132	0
DRUG	tenecteplase	0	standard	94	0
DRUG	teneligliptin	0	standard	6	0
DRUG	tenidap	0	PubChem	34	0
DRUG	teniposide	1	standard	13	0
DRUG	tenofovir	1	standard	92	0
DRUG	tenofovir alafenamide	1	standard	93	0
DRUG	tenofovir alafenamide fumarate	1	standard	63	0
DRUG	tenofovir disoproxil	1	standard	64	0
DRUG	tenoretic	0	corrected_overlay	18	0
DRUG	tenoxicam	1	standard	95	0
DRUG	teplizumab	1	standard	89	0
DRUG	tepotinib	0	standard	82	0
DRUG	tepotinib hydrochloride	0	standard	91	0
DRUG	tepoxalin	1	standard	93	0
DRUG	teprotumumab	0	standard	86	0
DRUG	terazosin	0	standard	34	0
DRUG	terbinafine	1	standard	83	0
DRUG	terbutaline	1	standard	60	0
DRUG	terconazole	1	standard	27	0
DRUG	terfenadine	0	standard	4	0
DRUG	terguride	0	PubChem	6	0
DRUG	teriflunomide	1	standard	80	0
DRUG	teriparatide	0	standard	4	0
DRUG	terizidone	0	standard	17	0
DRUG	terlipressin	0	standard	4	0
DRUG	terpin hydrate	1	standard	16	0
DRUG	tesamorelin	1	standard	46	0
DRUG	tesmilifene	1	ChEMBL	20	0
DRUG	testolactone	0	standard	7	0
DRUG	testosterone	1	standard	45	0
DRUG	testosterone cypionate	0	standard	17	0
DRUG	testosterone enantate benzilic acid hydrazone	1	standard	36	0
DRUG	testosterone enanthate	0	standard	24	0
DRUG	testosterone propionate	0	standard	6	0
DRUG	testosterone undecanoate	0	standard	6	0
DRUG	tetanus immune globulin, human	0	standard	361	0
DRUG	tetrabenazine	1	standard	56	0
DRUG	tetracaine	1	standard	48	0
DRUG	tetrachlorodecaoxide	0	standard	0	1
DRUG	tetracycline	1	standard	55	0
DRUG	tetracycline phosphate complex	1	standard	66	0
DRUG	tetradecyl hydrogen sulfate (ester)	1	standard	24	0
DRUG	tetraferric tricitrate decahydrate	0	standard	94	0
DRUG	tetrahydrofolic acid	0	PubChem	23	0
DRUG	tetrahydropalmatine	0	PubChem	55	0
DRUG	tetrakis(2-methoxyisobutylisocyanide)copper(i) tetrafluoroborate	0	standard	20	0
DRUG	tetrandrine	0	PubChem	10	0
DRUG	tetrathiomolybdate	0	NCI Thesaurus	277	0
DRUG	tetrofosmin	0	standard	4	0
DRUG	tetryzoline	0	standard	29	0
DRUG	tezacaftor	1	standard	20	0
DRUG	tezepelumab	1	standard	102	0
DRUG	tezepelumab-ekko	0	standard	102	0
DRUG	tezosentan	1	ChEMBL	19	0
DRUG	tg100-115	0	PubChem	6	0
DRUG	thalidomide	1	standard	32	0
DRUG	thallium-201	1	alias_drug	17	0
DRUG	thenalidine	0	standard	9	0
DRUG	theobromine	0	PubChem	75	0
DRUG	theophylline	1	standard	74	0
DRUG	thiabendazole	1	standard	68	0
DRUG	thiamazole	1	standard	34	0
DRUG	thiamine	1	standard	59	0
DRUG	thiamylal	1	standard	39	0
DRUG	thiethylperazine	1	standard	60	0
DRUG	thioacetazone	0	standard	9	0
DRUG	thiocolchicoside	0	standard	4	0
DRUG	thioguanine	1	standard	37	0
DRUG	thiopental	1	standard	58	0
DRUG	thiopropazate	0	PubChem	49	0
DRUG	thioridazine	1	standard	70	0
DRUG	thiostrepton	0	NCI Thesaurus	95	0
DRUG	thiosulfate(2-)	1	standard	44	0
DRUG	thiosulfuric acid	0	standard	30	0
DRUG	thiotepa	0	standard	6	0
DRUG	thiothixene	0	standard	12	0
DRUG	thiram	0	PubChem	51	0
DRUG	thonzylamine	0	standard	6	0
DRUG	threonine	1	standard	88	0
DRUG	thrombomodulin alfa	0	standard	56	0
DRUG	thymidine	0	NCI Thesaurus	31	0
DRUG	thymine	0	PubChem	45	0
DRUG	thymoglobulin	0	standard	85	0
DRUG	thymol	1	standard	38	0
DRUG	thyroglobulin	1	standard	20	0
DRUG	thyroid hormone	0	standard	7	0
DRUG	thyroid hormones	0	standard	7	0
DRUG	thyroid, porcine	1	standard	81	0
DRUG	thyrotropin	1	standard	54	0
DRUG	thyrotropin alfa	0	standard	62	0
DRUG	tiagabine	1	standard	86	0
DRUG	tiapride	0	PubChem	6	0
DRUG	tiaprofenic acid	1	standard	47	0
DRUG	tibolone	1	standard	82	0
DRUG	ticagrelor	1	standard	76	0
DRUG	ticarcillin	1	standard	33	0
DRUG	tick-borne encephalitis purified antigen 0.0048 mg/ml	0	corrected_overlay	12	0
DRUG	tick-borne encephalitis vaccine (whole virus, inactivated)	1	modified_drug	22	0
DRUG	ticlopidine	1	standard	53	0
DRUG	tideglusib	0	PubChem	94	0
DRUG	tienilic acid	1	standard	80	0
DRUG	tigecycline	1	standard	100	0
DRUG	tilactase	0	standard	3	0
DRUG	tilbroquinol	0	standard	10	0
DRUG	tildrakizumab	0	standard	113	0
DRUG	tiletamine	0	standard	4	0
DRUG	tilmanocept	1	standard	369	0
DRUG	tiludronic acid	0	standard	6	0
DRUG	timolol	1	standard	72	0
DRUG	tinidazole	1	standard	49	0
DRUG	tinoridine	0	standard	4	0
DRUG	tinzaparin	1	standard	95	0
DRUG	tioconazole	1	standard	35	0
DRUG	tioguanine	1	standard	37	0
DRUG	tiopronin	0	standard	5	0
DRUG	tiotropium	1	standard	49	0
DRUG	tiotropium bromide	1	standard	55	0
DRUG	tiotropium bromide hydrate	1	standard	40	0
DRUG	tioxidazole	0	standard	6	0
DRUG	tipifarnib	0	NCI Thesaurus	50	0
DRUG	tipiracil	1	standard	88	0
DRUG	tipiracil / trifluridine oral product	1	modified_drug	50	0
DRUG	tipiracil-trifluridine	0	corrected_overlay	23	0
DRUG	tipranavir	1	standard	40	0
DRUG	tirabrutinib	1	standard	53	0
DRUG	tirbanibulin	1	standard	90	0
DRUG	tirofiban	1	standard	73	0
DRUG	tirzepatide	1	standard	68	0
DRUG	tisagenlecleucel	0	standard	139	0
DRUG	tislelizumab	0	standard	117	0
DRUG	tisotumab vedotin	0	standard	156	0
DRUG	titanium dioxide	1	standard	35	0
DRUG	tivozanib	1	standard	87	0
DRUG	tixagevimab	0	standard	105	0
DRUG	tizanidine	1	standard	46	0
DRUG	tizanidine hydrochloride	0	standard	5	0
DRUG	tnp-470	0	PubChem	73	0
DRUG	tobramycin	1	standard	48	0
DRUG	tobramycin, dexamethasone drug combination	0	corrected_overlay	11	0
DRUG	tocainide	1	standard	40	0
DRUG	tocilizumab	0	standard	76	0
DRUG	tocofersolan	0	standard	79	0
DRUG	tocopherol	0	NCI Thesaurus	22	0
DRUG	tocotrienol	0	PubChem	4	0
DRUG	tofacitinib	0	PubChem	57	0
DRUG	tofacitinib citrate	1	standard	45	0
DRUG	tofersen	1	standard	212	0
DRUG	tofogliflozin	0	standard	6	0
DRUG	tolazamide	1	standard	51	0
DRUG	tolazoline	1	standard	32	0
DRUG	tolbutamide	1	standard	35	0
DRUG	tolcapone	1	standard	73	0
DRUG	tolevamer	1	standard	0	1
DRUG	tolfenamic acid	1	standard	88	0
DRUG	tolmetin	1	standard	73	0
DRUG	tolmetin sodium	1	standard	47	0
DRUG	tolnaftate	1	standard	40	0
DRUG	toloxatone	1	standard	32	0
DRUG	tolrestat	0	standard	17	0
DRUG	tolterodine	0	standard	27	0
DRUG	tolvaptan	1	standard	71	0
DRUG	tonzonium	0	standard	6	0
DRUG	topiramate	1	standard	62	0
DRUG	topiroxostat	0	standard	0	1
DRUG	topotecan	1	standard	48	0
DRUG	torasemide	1	standard	68	0
DRUG	toremifene	0	standard	41	0
DRUG	toripalimab	0	standard	123	0
DRUG	torsemide	1	standard	68	0
DRUG	tositumomab	1	standard	36	0
DRUG	tosufloxacin	1	standard	60	0
DRUG	tovorafenib	0	standard	97	0
DRUG	tozinameran	0	standard	115	0
DRUG	trabectedin	1	standard	81	0
DRUG	trafermin	1	standard	0	1
DRUG	tralokinumab	1	standard	182	0
DRUG	tramadol	1	standard	92	0
DRUG	tramazoline	0	standard	6	0
DRUG	trametinib	1	standard	84	0
DRUG	trandolapril	1	standard	85	0
DRUG	trandolapril and verapamil hydrochloride	0	manual_final7_review	23	0
DRUG	trandolaprilat	1	standard	72	0
DRUG	tranexamic acid	0	standard	26	0
DRUG	tranilast	1	standard	75	0
DRUG	tranylcypromine	1	standard	34	0
DRUG	trastuzumab	0	standard	6	0
DRUG	trastuzumab deruxtecan	0	standard	112	0
DRUG	trastuzumab emtansine	0	standard	106	0
DRUG	travoprost	1	standard	112	0
DRUG	trazodone	1	standard	59	0
DRUG	trelagliptin succinate	0	standard	19	0
DRUG	tremelimumab	0	standard	66	0
DRUG	treosulfan	0	standard	5	0
DRUG	treprostinil	0	standard	37	0
DRUG	tretazicar	0	NCI Thesaurus	90	0
DRUG	tretinoin	0	standard	14	0
DRUG	triamcinolone	1	standard	97	0
DRUG	triamterene	1	standard	50	0
DRUG	triazolam	0	standard	11	0
DRUG	tribenzor	0	corrected_overlay	13	0
DRUG	tricaine	1	standard	59	0
DRUG	trichlormethiazide	1	standard	75	0
DRUG	triclabendazole	0	standard	5	0
DRUG	triclocarban	1	standard	66	0
DRUG	triclofos	0	standard	5	0
DRUG	triclosan	1	standard	112	0
DRUG	tridihexethyl	0	standard	25	0
DRUG	trientine	0	standard	21	0
DRUG	trientine hydrochloride	0	standard	7	0
DRUG	triethylenetetramine	1	standard	38	0
DRUG	trifarotene	0	standard	45	0
DRUG	trifluoperazine	1	standard	71	0
DRUG	trifluoroethanol	0	PubChem	11	0
DRUG	triflupromazine	1	standard	66	0
DRUG	trifluridine	1	standard	58	0
DRUG	triflusal	0	standard	16	0
DRUG	triheptanoin	0	standard	64	0
DRUG	trihexyphenidyl	0	standard	4	0
DRUG	trikafta	0	standard	18	0
DRUG	trilaciclib	0	standard	11	0
DRUG	trilostane	1	standard	59	0
DRUG	trimazosin	0	standard	4	0
DRUG	trimebutine	0	standard	8	0
DRUG	trimetaphan	1	standard	33	0
DRUG	trimetazidine	0	standard	5	0
DRUG	trimethadione	1	standard	32	0
DRUG	trimethaphan	1	standard	33	0
DRUG	trimethobenzamide	1	standard	41	0
DRUG	trimethoprim	1	standard	53	0
DRUG	trimetrexate	0	standard	14	0
DRUG	trimipramine	1	standard	51	0
DRUG	trioxsalen	1	standard	83	0
DRUG	tripelennamine	0	standard	5	0
DRUG	triprolidine	1	standard	73	0
DRUG	triptolide	0	PubChem	25	0
DRUG	triptorelin	1	standard	45	0
DRUG	triumeq	1	standard	141	0
DRUG	trizivir	0	corrected_overlay	14	0
DRUG	trodusquemine	0	PubChem	5	0
DRUG	trofinetide	1	standard	87	0
DRUG	troglitazone	0	standard	43	0
DRUG	troleandomycin	1	standard	68	0
DRUG	tromantadine	0	standard	5	0
DRUG	trometamol	0	standard	48	0
DRUG	tromethamine	0	standard	48	0
DRUG	tropicamide	0	standard	6	0
DRUG	tropisetron	1	standard	85	0
DRUG	trospium	1	standard	59	0
DRUG	trospium chloride	1	standard	48	0
DRUG	trovafloxacin	1	standard	99	0
DRUG	trypanothione	0	PubChem	20	0
DRUG	tryptophan	1	standard	84	0
DRUG	tuberculin purified protein derivative	1	standard	168	0
DRUG	tubocurarine	1	standard	37	0
DRUG	tucatinib	0	standard	69	0
DRUG	tulobuterol	0	standard	5	0
DRUG	turnbull's blue	1	standard	29	0
DRUG	turoctocog alfa	1	standard	0	1
DRUG	turoctocog alfa pegol	1	standard	0	1
DRUG	twynsta	0	corrected_overlay	12	0
DRUG	tymazoline	1	ChEMBL	19	0
DRUG	typhoid vaccine live	0	corrected_overlay	15	0
DRUG	typhoid vi polysaccharide vaccine	1	modified_drug	45	0
DRUG	tyramine	1	standard	61	0
DRUG	tyrothricin	0	standard	38	0
DRUG	tzu 0460	1	standard	0	1
DRUG	ubidecarenone	0	standard	24	0
DRUG	ublituximab	0	standard	98	0
DRUG	ubrogepant	1	standard	22	0
DRUG	udenafil	0	standard	4	0
DRUG	ufrenmeran	1	standard	0	1
DRUG	ulipristal	0	standard	5	0
DRUG	ulobetasol	0	standard	5	0
DRUG	ulobetasol propionate	0	standard	6	0
DRUG	umeclidinium	1	standard	29	0
DRUG	umeclidinium / vilanterol inhalant product	1	modified_drug	59	0
DRUG	unasyn	0	corrected_overlay	19	0
DRUG	undecanal	0	PubChem	67	0
DRUG	undecylenic acid	1	standard	48	0
DRUG	unoprostone	0	standard	24	0
DRUG	upacicalcet sodium hydrate	0	standard	124	0
DRUG	upadacitinib	0	standard	325	0
DRUG	uprosertib	0	NCI Thesaurus	73	0
DRUG	uracil	1	RxNorm	19	0
DRUG	uracil mustard	0	standard	8	0
DRUG	urapidil	0	PubChem	6	0
DRUG	urea	1	standard	76	0
DRUG	urea-13c,15n2	0	corrected_overlay	25	0
DRUG	urethane	1	standard	33	0
DRUG	uridine	1	standard	41	0
DRUG	uridine 5'-triphosphate	0	PubChem	45	0
DRUG	uridine triacetate	1	standard	64	0
DRUG	uridine-5'-diphosphate	0	PubChem	31	0
DRUG	urochloa mutica pollen	0	corrected_overlay	14	0
DRUG	urofollitropin	0	corrected_overlay	20	0
DRUG	urokinase	0	standard	40	0
DRUG	urolithin a	1	ChEMBL	12	0
DRUG	ursadiol	0	standard	10	0
DRUG	ursodeoxycholic acid	1	standard	67	0
DRUG	ursodiol	0	standard	33	0
DRUG	ustekinumab	0	standard	113	0
DRUG	utibron inhalant product	0	corrected_overlay	84	0
DRUG	vaborbactam	0	standard	244	0
DRUG	vadadustat	0	standard	128	0
DRUG	valaciclovir	0	standard	28	0
DRUG	valacyclovir hydrochloride	0	standard	7	0
DRUG	valbenazine	0	standard	229	0
DRUG	valbenazine tosylate	0	standard	22	0
DRUG	valdecoxib	1	standard	96	0
DRUG	valganciclovir	1	standard	56	0
DRUG	valoctocogene roxaparvovec	1	standard	159	0
DRUG	valproate bismuth	0	standard	11	0
DRUG	valproic acid	1	standard	76	0
DRUG	valproic acid.1	1	PubChem	17	0
DRUG	valrubicin	0	standard	7	0
DRUG	valsartan	1	standard	58	0
DRUG	valspodar	0	PubChem	8	0
DRUG	vamorolone	1	standard	81	0
DRUG	vanadium	0	PubChem	15	0
DRUG	vancomycin	1	standard	60	0
DRUG	vandetanib	1	standard	75	0
DRUG	vaniprevir	0	standard	26	0
DRUG	vanoxerine	0	PubChem	92	0
DRUG	vanzacaftor	0	standard	108	0
DRUG	vardenafil	1	standard	47	0
DRUG	varenicline	1	standard	69	0
DRUG	varicella zoster vaccine (live/attenuated)	0	corrected_overlay	9	0
DRUG	varicella zoster vaccine (recombinant)	0	corrected_overlay	15	0
DRUG	vasopressin	0	standard	48	0
DRUG	vatalanib	0	NCI Thesaurus	54	0
DRUG	vayarin	1	standard	17	0
DRUG	vecuronium	1	standard	50	0
DRUG	vedolizumab	0	standard	144	0
DRUG	velaglucerase alfa	1	standard	216	0
DRUG	veliparib	0	PubChem	36	0
DRUG	velmanase alfa	1	standard	118	0
DRUG	velpatasvir	1	standard	81	0
DRUG	vemurafenib	1	standard	77	0
DRUG	venetoclax	1	standard	75	0
DRUG	venlafaxine	1	standard	62	0
DRUG	verapamil	1	standard	41	0
DRUG	vericiguat	1	standard	81	0
DRUG	vernakalant	0	standard	9	0
DRUG	vernakalant hydrochloride	0	standard	18	0
DRUG	verteporfin	0	standard	82	0
DRUG	vestronidase alfa	1	standard	131	0
DRUG	vibegron	1	standard	69	0
DRUG	vibrio cholerae cvd 103-hgr strain live antigen	1	modified_drug	18	0
DRUG	vidarabine	1	standard	47	0
DRUG	vigabatrin	1	standard	34	0
DRUG	vilanterol	1	standard	62	0
DRUG	vilazodone	1	standard	71	0
DRUG	vildagliptin	0	standard	6	0
DRUG	viloxazine	0	standard	5	0
DRUG	viltolarsen	1	standard	197	0
DRUG	vimseltinib	0	standard	142	0
DRUG	vinblastine	0	standard	65	0
DRUG	vincristine	1	standard	108	0
DRUG	vindesine	0	standard	42	0
DRUG	vinflunine	1	standard	88	0
DRUG	vinorelbine	1	standard	44	0
DRUG	vinpocetine	0	standard	11	0
DRUG	viomycin	1	standard	44	0
DRUG	viper antivenom	1	standard	0	1
DRUG	vismodegib	1	standard	67	0
DRUG	vitamin a	0	PubChem	38	0
DRUG	vitamin d	0	ChEBI	45	0
DRUG	vitamin e	1	standard	65	0
DRUG	voclosporin	0	standard	6	0
DRUG	voglibose	0	standard	6	0
DRUG	volanesorsen	0	standard	0	1
DRUG	von willebrand factor human	0	standard	48	0
DRUG	vonicog alfa	1	standard	0	1
DRUG	vonoprazan	0	standard	6	0
DRUG	vorapaxar	1	standard	106	0
DRUG	vorasidenib	0	standard	148	0
DRUG	voretigene neparvovec	1	standard	172	0
DRUG	voriconazole	1	standard	66	0
DRUG	vorinostat	1	standard	76	0
DRUG	vortioxetine	1	standard	57	0
DRUG	vortioxetine hydrobromide	1	standard	44	0
DRUG	vosoritide	0	standard	366	0
DRUG	voxelotor	0	standard	78	0
DRUG	voxilaprevir	0	standard	118	0
DRUG	vutrisiran	0	standard	95	0
DRUG	vyxeos	0	corrected_overlay	19	0
DRUG	warfarin	1	standard	34	0
DRUG	water sodium valproate	1	standard	4	0
DRUG	win 55212-2	0	ChEBI	17	0
DRUG	wine grape	0	corrected_overlay	11	0
DRUG	wortmannin	0	PubChem	44	0
DRUG	xamoterol	0	standard	6	0
DRUG	xanomeline	0	PubChem	21	0
DRUG	xanthine	0	PubChem	39	0
DRUG	xanthohumol	0	PubChem	93	0
DRUG	xigduo	0	corrected_overlay	19	0
DRUG	ximelagatran	1	standard	131	0
DRUG	xultophy	0	corrected_overlay	20	0
DRUG	xylazine	1	standard	79	0
DRUG	xylitol	0	PubChem	43	0
DRUG	xylometazoline	0	standard	4	0
DRUG	yellow fever vaccine	0	standard	17	0
DRUG	yohimbine	1	standard	43	0
DRUG	zafirlukast	0	standard	24	0
DRUG	zalcitabine	1	standard	27	0
DRUG	zaleplon	1	standard	43	0
DRUG	zanamivir	0	standard	20	0
DRUG	zanidatamab	0	standard	130	0
DRUG	zanubrutinib	0	standard	87	0
DRUG	zapomeran	1	standard	0	1
DRUG	zavegepant	1	standard	87	0
DRUG	zeaxanthin	0	standard	25	0
DRUG	zebularine	0	NCI Thesaurus	59	0
DRUG	zenocutuzumab	0	standard	106	0
DRUG	zestoretic	0	corrected_overlay	20	0
DRUG	zibotentan	0	PubChem	74	0
DRUG	ziconotide	1	standard	75	0
DRUG	zidovudine	1	standard	39	0
DRUG	zileuton	1	standard	93	0
DRUG	zilucoplan	1	standard	75	0
DRUG	zimelidine	0	standard	6	0
DRUG	zinc	0	standard	15	0
DRUG	zinc acetate	1	standard	30	0
DRUG	zinc ascorbate	0	standard	34	0
DRUG	zinc gluconate	0	PubChem	5	0
DRUG	zinc histidine	0	corrected_overlay	22	0
DRUG	zinc oxide	0	standard	24	0
DRUG	zinc sulfate	0	PubChem	33	0
DRUG	zinc;acetate;hydrate	0	manual_final7_review	34	0
DRUG	ziprasidone	1	standard	55	0
DRUG	zofenopril	1	standard	70	0
DRUG	zolbetuximab	0	standard	92	0
DRUG	zoledronic acid	1	standard	33	0
DRUG	zolmitriptan	1	standard	77	0
DRUG	zolpidem	1	standard	41	0
DRUG	zomepirac	0	PubChem	38	0
DRUG	zonisamide	1	standard	44	0
DRUG	zopiclone	1	standard	44	0
DRUG	zosyn	1	standard	99	0
DRUG	zotepine	0	standard	25	0
DRUG	zucapsaicin	0	standard	11	0
DRUG	zuclopenthixol	1	standard	58	0
DRUG	zuranolone	1	standard	75	0
