row_index	source_line	entity_type	entity	norm_entity	standard_name	description_source	description_words
0	8043	DISEASE	15q11q13 microduplication syndrome	15q11q13 microduplication syndrome	15q11q13 microduplication syndrome	MONDO	20
1	6831	DISEASE	5q-syndrome	5q-syndrome	myelodysplastic syndrome associated with isolated del(5q)	modified_disease	20
2	3337	DISEASE	abdominal abscess	abdominal abscess	Abdominal Abscess	standard	22
3	3338	DISEASE	abdominal aortic aneurysm	abdominal aortic aneurysm	Aortic Aneurysm, Abdominal	standard	33
4	3339	DISEASE	abdominal colic	abdominal colic	Abdominal colic	standard	22
5	3340	DISEASE	abdominal infection	abdominal infection	Abdominal Infection	standard	21
6	3341	DISEASE	abdominal pain	abdominal pain	Abdominal Pain	standard	10
7	8935	DISEASE	abetalipoproteinemia	abetalipoproteinemia	abetalipoproteinemia	MONDO	38
8	3342	DISEASE	abnormal bleeding	abnormal bleeding	hemorrhage / abnormal bleeding	corrected_overlay	12
9	3343	DISEASE	abnormal left ventricular function	abnormal left ventricular function	Ventricular Dysfunction, Left	standard	46
10	3344	DISEASE	abnormal uterine bleeding	abnormal uterine bleeding	abnormal uterine bleeding	corrected_overlay	20
11	3345	DISEASE	abnormality of acid-base homeostasis	abnormality of acid-base homeostasis	Abnormality of acid-base homeostasis	standard	22
12	3346	DISEASE	abnormality of extrapyramidal motor function	abnormality of extrapyramidal motor function	extrapyramidal motor dysfunction	corrected_overlay	17
13	3347	DISEASE	aborting pregnancy	aborting pregnancy	Induced Abortion	corrected_overlay	11
14	8915	DISEASE	ABri amyloidosis	abri amyloidosis	ABri amyloidosis	MONDO	43
15	3348	DISEASE	abscess	abscess	Abscess	standard	16
16	3349	DISEASE	absence epilepsy	absence epilepsy	Epilepsy, Absence	standard	84
17	6383	DISEASE	absssi	absssi	acute bacterial skin and skin structure infection	corrected_overlay	21
18	3350	DISEASE	academic research council subacute stent thrombosis	academic research council subacute stent thrombosis	Academic Research Council Subacute Stent Thrombosis	standard	44
19	3351	DISEASE	acanthamoeba keratitis	acanthamoeba keratitis	Acanthamoeba Keratitis	standard	16
20	3352	DISEASE	accommodative esotropia	accommodative esotropia	Esotropia	standard	43
21	9179	DISEASE	aceruloplasminemia	aceruloplasminemia	aceruloplasminemia	MONDO	20
22	3353	DISEASE	acetaminophen overdose	acetaminophen overdose	Overdose	standard	11
23	8937	DISEASE	acheiropody	acheiropody	acheiropody	MONDO	83
24	3354	DISEASE	achondroplasia	achondroplasia	Achondroplasia	standard	55
25	3355	DISEASE	acid sphingomyelinase deficiency	acid sphingomyelinase deficiency	Niemann-Pick Diseases	standard	56
26	6384	DISEASE	acid sphingomyelinase deficiency (asmd)	acid sphingomyelinase deficiency (asmd)	acid sphingomyelinase deficiency	alias_disease	21
27	3356	DISEASE	acidosis	acidosis	Acidosis	standard	29
28	3357	DISEASE	acinetobacter	acinetobacter	Acinetobacter	standard	18
29	3358	DISEASE	acinetobacter infectious disease	acinetobacter infectious disease	Acinetobacter infectious disease	standard	7
30	3359	DISEASE	acne	acne	Acne Vulgaris	standard	38
31	3360	DISEASE	acne inversa	acne inversa	Hidradenitis Suppurativa	standard	60
32	3361	DISEASE	acne rosacea	acne rosacea	Rosacea	standard	72
33	3362	DISEASE	acne urticata	acne urticata	acne	standard	19
34	3363	DISEASE	acne vulgaris	acne vulgaris	Acne Vulgaris	standard	38
35	3364	DISEASE	acohol withdrawal	acohol withdrawal	Alcohol Withdrawal Syndrome	corrected_overlay	16
36	3365	DISEASE	acquired aplastic anemia	acquired aplastic anemia	acquired aplastic anemia	standard	14
37	3366	DISEASE	acquired cdi	acquired cdi	acquired central diabetes insipidus	standard	30
38	3367	DISEASE	acquired factor xiii deficiency	acquired factor xiii deficiency	acquired factor XIII deficiency	standard	13
39	3368	DISEASE	acquired hemophilia	acquired hemophilia	acquired hemophilia	standard	80
40	3369	DISEASE	acquired hemophilia a	acquired hemophilia a	acquired hemophilia A	standard	41
41	6385	DISEASE	acquired immune deficiency syndrome (aids)	acquired immune deficiency syndrome (aids)	acquired immunodeficiency syndrome	alias_disease	84
42	3370	DISEASE	acquired immunodeficiency	acquired immunodeficiency	Acquired Immunodeficiency Syndrome	standard	89
43	3371	DISEASE	acquired methemoglobinemia	acquired methemoglobinemia	drug-induced methemoglobinemia	standard	12
44	3372	DISEASE	acquired polycythemia vera	acquired polycythemia vera	acquired polycythemia vera	standard	34
45	3373	DISEASE	acquired prothrombin deficiency	acquired prothrombin deficiency	acquired prothrombin deficiency	standard	14
46	3374	DISEASE	acquired testicular failure	acquired testicular failure	acquired testicular failure	standard	11
47	3375	DISEASE	acquired thrombocytopenia	acquired thrombocytopenia	acquired thrombocytopenia	standard	13
48	3376	DISEASE	acquired thrombotic thrombocytopenic purpura	acquired thrombotic thrombocytopenic purpura	acquired thrombotic thrombocytopenic purpura	standard	31
49	9256	DISEASE	acral peeling skin syndrome	acral peeling skin syndrome	acral peeling skin syndrome	MONDO	26
50	8939	DISEASE	acrocallosal syndrome	acrocallosal syndrome	acrocallosal syndrome	MONDO	24
51	8503	DISEASE	acrodermatitis enteropathica	acrodermatitis enteropathica	Hereditary acrodermatitis enteropathica	MedGen	80
52	8432	DISEASE	acrokeratosis verruciformis	acrokeratosis verruciformis	Acrokeratosis verruciformis of Hopf	MedGen	24
53	7938	DISEASE	acromegaloid changes, cutis verticis gyrata, and corneal leukoma	acromegaloid changes, cutis verticis gyrata, and corneal leukoma	acromegaloid changes, cutis verticis gyrata, and corneal leukoma	MONDO	35
54	3377	DISEASE	acromegaly	acromegaly	Acromegaly	standard	47
55	7712	DISEASE	acroosteolysis	acroosteolysis	acroosteolysis	MONDO	11
56	7713	DISEASE	acroosteolysis dominant type	acroosteolysis dominant type	acroosteolysis dominant type	MONDO	73
57	3378	DISEASE	actinic keratosis	actinic keratosis	Keratosis, Actinic	standard	32
58	3379	DISEASE	actinomycosis	actinomycosis	Actinomycosis	standard	7
59	3380	DISEASE	activated pi3k-delta syndrome	activated pi3k-delta syndrome	immunodeficiency 14	standard	37
60	3381	DISEASE	active duodenal ulcer	active duodenal ulcer	active duodenal ulcer	corrected_overlay	25
61	3382	DISEASE	active enthesitis-related arthritis	active enthesitis-related arthritis	enthesitis-related juvenile idiopathic arthritis	standard	148
62	3383	DISEASE	active lupus nephritis	active lupus nephritis	lupus nephritis	standard	8
63	3384	DISEASE	active psoriatic arthritis	active psoriatic arthritis	active psoriatic arthritis	corrected_overlay	23
64	3385	DISEASE	active rheumatoid arthritis	active rheumatoid arthritis	rheumatoid arthritis	standard	41
65	6832	DISEASE	active secondary progressive multiple sclerosis	active secondary progressive multiple sclerosis	Multiple Sclerosis	modified_disease	24
66	3386	DISEASE	active tuberculosis	active tuberculosis	Tuberculosis Disease	standard	32
67	6833	DISEASE	acute and chronic pain	acute and chronic pain	Chronic Pain	modified_disease	18
68	6834	DISEASE	acute and chronic respiratory tract infections	acute and chronic respiratory tract infections	Respiratory Tract Infections	corrected_overlay	23
69	6835	DISEASE	acute angle-closure glaucoma	acute angle-closure glaucoma	acute closed-angle glaucoma	modified_disease	12
70	6836	DISEASE	acute asthma	acute asthma	acute asthma	modified_disease	36
71	6837	DISEASE	acute asthma attack	acute asthma attack	acute asthma	modified_disease	37
72	6838	DISEASE	acute attacks of hereditary angioedema (hae) due to c1 esterase inhibitor deficiency	acute attacks of hereditary angioedema (hae) due to c1 esterase inhibitor deficiency	Angioedema	modified_disease	25
73	6839	DISEASE	acute bacterial exacerbation of chronic bronchitis	acute bacterial exacerbation of chronic bronchitis	chronic bronchitis	modified_disease	41
74	6840	DISEASE	acute bacterial otitis media	acute bacterial otitis media	purulent acute otitis media	modified_disease	14
75	6841	DISEASE	acute bacterial simple cystitis	acute bacterial simple cystitis	acute cystitis	modified_disease	14
76	6842	DISEASE	acute bacterial sinusitis	acute bacterial sinusitis	Acute bacterial sinusitis	manual_final7_review	35
77	6843	DISEASE	acute bacterial skin and skin structure infection	acute bacterial skin and skin structure infection	Skin Diseases, Bacterial	modified_disease	13
78	6844	DISEASE	acute bronchial asthma	acute bronchial asthma	acute asthma	modified_disease	37
79	6845	DISEASE	acute bronchitis	acute bronchitis	bronchitis	modified_disease	15
80	6846	DISEASE	acute bronchospasm	acute bronchospasm	bronchospasm	modified_disease	34
81	6847	DISEASE	acute bursitis	acute bursitis	bursitis	modified_disease	30
82	6848	DISEASE	acute cardiac ischemic events	acute cardiac ischemic events	Acute cardiac ischemic events	manual_final7_review	27
83	6849	DISEASE	acute chest syndrome	acute chest syndrome	Acute Chest Syndrome	modified_disease	40
84	6850	DISEASE	acute cholecystitis	acute cholecystitis	Cholecystitis, Acute	modified_disease	12
85	6851	DISEASE	acute closed-angle glaucoma	acute closed-angle glaucoma	acute closed-angle glaucoma	modified_disease	12
86	6852	DISEASE	acute coccidioidomycosis	acute coccidioidomycosis	Coccidioidomycosis	modified_disease	20
87	6853	DISEASE	acute congestive heart failure	acute congestive heart failure	Heart Failure	modified_disease	30
88	6854	DISEASE	acute coronary syndrome	acute coronary syndrome	Acute Coronary Syndrome	modified_disease	28
89	6855	DISEASE	acute cystitis	acute cystitis	acute cystitis	modified_disease	12
90	6856	DISEASE	acute decompensated heart failure	acute decompensated heart failure	Heart Failure	modified_disease	30
91	6857	DISEASE	acute diarrhea	acute diarrhea	acute diarrhea	modified_disease	10
92	6858	DISEASE	acute disseminated candidiasis	acute disseminated candidiasis	disseminated candidiasis	modified_disease	38
93	6859	DISEASE	acute duodenal ulcer with hemorrhage	acute duodenal ulcer with hemorrhage	Acute Duodenal Ulcer with Hemorrhage	modified_disease	17
94	6860	DISEASE	acute enterocolitis	acute enterocolitis	Enterocolitis, Pseudomembranous	modified_disease	35
95	6861	DISEASE	acute erythroid leukemia	acute erythroid leukemia	acute erythroid leukemia	modified_disease	18
96	6862	DISEASE	acute evolving transmural myocardial infarction	acute evolving transmural myocardial infarction	acute myocardial infarction	modified_disease	25
97	6863	DISEASE	acute exacerbation of chronic bronchitis	acute exacerbation of chronic bronchitis	chronic bronchitis	modified_disease	40
98	6864	DISEASE	acute exacerbation of chronic obstructive pulmonary disease	acute exacerbation of chronic obstructive pulmonary disease	Acute exacerbation of chronic obstructive pulmonary disease	modified_disease	20
99	6865	DISEASE	acute exacerbations of multiple sclerosis	acute exacerbations of multiple sclerosis	Multiple Sclerosis	modified_disease	25
100	6866	DISEASE	acute gastritis	acute gastritis	Acute Gastritis	modified_disease	11
101	6867	DISEASE	acute glomerulonephritis	acute glomerulonephritis	Acute Glomerulonephritis	modified_disease	18
102	6868	DISEASE	acute gouty arthritis	acute gouty arthritis	Arthritis, Gouty	modified_disease	18
103	6869	DISEASE	acute graft versus host disease	acute graft versus host disease	acute graft versus host disease	modified_disease	31
104	6870	DISEASE	acute heart failure	acute heart failure	Acute Heart Failure Related to COVID-19	modified_disease	23
105	6871	DISEASE	acute hematogenous osteomyelitis	acute hematogenous osteomyelitis	osteomyelitis	modified_disease	24
106	6872	DISEASE	acute hepatic porphyria	acute hepatic porphyria	hepatic porphyria	modified_disease	29
107	6873	DISEASE	acute herpes zoster	acute herpes zoster	Herpes Zoster	modified_disease	38
108	6874	DISEASE	acute hyperammonemia	acute hyperammonemia	Acute hyperammonemia	modified_disease	17
109	6875	DISEASE	acute hypotensive state	acute hypotensive state	hypotensive disorder	modified_disease	13
110	6876	DISEASE	acute infectious disease	acute infectious disease	infectious disease	modified_disease	25
111	6877	DISEASE	acute insomnia	acute insomnia	insomnia	modified_disease	18
112	6878	DISEASE	acute intermittent porphyria	acute intermittent porphyria	Porphyria, Acute Intermittent	modified_disease	33
113	6879	DISEASE	acute intestinal amebiasis	acute intestinal amebiasis	acute intestinal ischemia	modified_disease	16
114	6880	DISEASE	acute iron intoxication	acute iron intoxication	iron poisoning / iron intoxication	corrected_overlay	18
115	9507	DISEASE	acute ischemic stroke	acute ischemic stroke	Acute Ischemic Stroke	curated_standard_definition	28
116	6881	DISEASE	acute ischemic stroke (ais)	acute ischemic stroke (ais)	Ischemic Stroke	modified_disease	27
117	6882	DISEASE	acute kidney failure	acute kidney failure	Acute Kidney Injury	modified_disease	12
118	6883	DISEASE	acute labyrinthitis	acute labyrinthitis	labyrinthitis	modified_disease	18
119	6884	DISEASE	acute laryngopharyngitis	acute laryngopharyngitis	acute laryngopharyngitis	modified_disease	19
120	6885	DISEASE	acute left ventricular failure	acute left ventricular failure	left ventricular failure	modified_disease	29
121	6886	DISEASE	acute leukemia	acute leukemia	acute leukemia	modified_disease	23
122	6887	DISEASE	acute liver failure	acute liver failure	Liver Failure, Acute	modified_disease	29
123	6888	DISEASE	acute lung injury	acute lung injury	Acute Lung Injury	modified_disease	32
124	6889	DISEASE	acute lymphoblastic leukemia	acute lymphoblastic leukemia	Precursor Cell Lymphoblastic Leukemia-Lymphoma	modified_disease	27
125	6890	DISEASE	acute lymphocytic leukemia (all)	acute lymphocytic leukemia (all)	Leukemia	modified_disease	32
126	6891	DISEASE	acute mania	acute mania	acute manic episode	corrected_overlay	16
127	6892	DISEASE	acute manic or mixed episodes associated with bipolar i disorder	acute manic or mixed episodes associated with bipolar i disorder	bipolar I disorder	modified_disease	28
128	6893	DISEASE	acute massive pulmonary embolism	acute massive pulmonary embolism	pulmonary embolism	modified_disease	29
129	6894	DISEASE	acute maxillary sinusitis	acute maxillary sinusitis	acute maxillary sinusitis	modified_disease	12
130	6895	DISEASE	acute migraine	acute migraine	Migraine with Aura	modified_disease	26
131	6896	DISEASE	acute monocytic leukemia	acute monocytic leukemia	Leukemia, Monocytic, Acute	modified_disease	29
132	6897	DISEASE	acute myeloblastic leukemia without maturation	acute myeloblastic leukemia without maturation	acute myeloblastic leukemia without maturation	modified_disease	25
133	6898	DISEASE	acute myeloid leukemia	acute myeloid leukemia	Leukemia, Myeloid, Acute	modified_disease	19
134	6899	DISEASE	acute myeloid leukemia (aml)	acute myeloid leukemia (aml)	Leukemia, Myeloid, Acute	modified_disease	20
135	6900	DISEASE	acute myeloid leukemia with multilineage dysplasia	acute myeloid leukemia with multilineage dysplasia	acute myeloid leukemia with multilineage dysplasia	modified_disease	24
136	6901	DISEASE	acute myelomonocytic leukemia m4	acute myelomonocytic leukemia m4	acute myelomonocytic leukemia M4	modified_disease	21
137	6902	DISEASE	acute myocardial infarction	acute myocardial infarction	acute myocardial infarction	modified_disease	23
138	6903	DISEASE	acute necrotizing ulcerative gingivitis	acute necrotizing ulcerative gingivitis	Gingivitis, Necrotizing Ulcerative	modified_disease	36
139	6904	DISEASE	acute non-lymphocytic leukemia	acute non-lymphocytic leukemia	Leukemia, Myeloid, Acute	modified_disease	19
140	6905	DISEASE	acute otitis externa	acute otitis externa	acute otitis externa	modified_disease	12
141	6906	DISEASE	acute otitis media	acute otitis media	infectious otitis media	modified_disease	21
142	6907	DISEASE	acute pain	acute pain	Acute Pain	modified_disease	23
143	6908	DISEASE	acute pelvic inflammatory disease	acute pelvic inflammatory disease	pelvic inflammatory disease	modified_disease	22
144	6909	DISEASE	acute pharyngitis	acute pharyngitis	acute pharyngitis	modified_disease	16
145	6910	DISEASE	acute porphyria	acute porphyria	Porphyria, Acute Intermittent	modified_disease	32
146	6911	DISEASE	acute proliferative glomerulonephritis	acute proliferative glomerulonephritis	acute proliferative glomerulonephritis	modified_disease	24
147	6912	DISEASE	acute promyelocytic leukemia	acute promyelocytic leukemia	Leukemia, Promyelocytic, Acute	modified_disease	16
148	6913	DISEASE	acute prostatitis	acute prostatitis	Acute Prostatitis	modified_disease	15
149	6914	DISEASE	acute psychosis	acute psychosis	Psychotic Disorders	MeSH	36
150	6915	DISEASE	acute pulmonary blastomycosis	acute pulmonary blastomycosis	blastomycosis	modified_disease	37
151	6916	DISEASE	acute pulmonary edema	acute pulmonary edema	Acute Pulmonary Edema	modified_disease	26
152	6917	DISEASE	acute pulmonary emboli	acute pulmonary emboli	Pulmonary Embolism	MeSH	28
153	6918	DISEASE	acute pulmonary embolism	acute pulmonary embolism	Acute Pulmonary Embolism	modified_disease	14
154	6919	DISEASE	acute pulmonary thromboembolism	acute pulmonary thromboembolism	venous thromboembolism	modified_disease	28
155	6920	DISEASE	acute pyelonephritis	acute pyelonephritis	acute pyelonephritis	modified_disease	9
156	6921	DISEASE	acute quadriplegic myopathy	acute quadriplegic myopathy	acute quadriplegic myopathy	modified_disease	19
157	6922	DISEASE	acute radiation syndrome	acute radiation syndrome	Acute Radiation Syndrome	modified_disease	25
158	6923	DISEASE	acute rejection	acute rejection	Acute Rejection	modified_disease	21
159	6924	DISEASE	acute renal failure	acute renal failure	Acute Kidney Injury	modified_disease	12
160	6925	DISEASE	acute respiratory distress syndrome	acute respiratory distress syndrome	Respiratory Distress Syndrome	modified_disease	34
161	6926	DISEASE	acute respiratory distress syndrome (ards)	acute respiratory distress syndrome (ards)	Respiratory Distress Syndrome	modified_disease	35
162	6927	DISEASE	acute respiratory insufficiency	acute respiratory insufficiency	Respiratory Insufficiency	modified_disease	25
163	6928	DISEASE	acute retention of urine	acute retention of urine	acute infection of pinna	modified_disease	24
164	6929	DISEASE	acute rheumatic carditis	acute rheumatic carditis	acute rheumatic heart disease	modified_disease	16
165	6930	DISEASE	acute sinusitis	acute sinusitis	Acute Sinusitis	modified_disease	15
166	6931	DISEASE	acute subendocardial myocardial infarction	acute subendocardial myocardial infarction	acute subendocardial myocardial infarction	modified_disease	14
167	6932	DISEASE	acute thrombi obstructing coronary arteries	acute thrombi obstructing coronary arteries	coronary thrombosis	MONDO	38
168	6933	DISEASE	acute tibia fractures	acute tibia fractures	tibia fracture	modified_disease	23
169	6934	DISEASE	acute tricyclic antidepressant poisoning	acute tricyclic antidepressant poisoning	acute tricyclic antidepressant poisoning	modified_disease	35
170	6935	DISEASE	acute urate nephropathy	acute urate nephropathy	acute urate nephropathy	modified_disease	18
171	6936	DISEASE	acute urticaria	acute urticaria	acute idiopathic urticaria	modified_disease	11
172	7688	DISEASE	acute, uncomplicated ano-rectal infections in women	acute, uncomplicated ano-rectal infections in women	Rectal Diseases / Anus Diseases / Proctitis	manual_modified_disease	37
173	3387	DISEASE	acutely decompensated heart failure	acutely decompensated heart failure	heart failure	standard	57
174	8824	DISEASE	ACys amyloidosis	acys amyloidosis	ACys amyloidosis	MONDO	29
175	3388	DISEASE	adamantinous craniopharyngioma	adamantinous craniopharyngioma	Craniopharyngioma	standard	86
176	3389	DISEASE	adams-stokes syndrome	adams-stokes syndrome	Adams-Stokes Syndrome	standard	48
177	8843	DISEASE	ADan amyloidosis	adan amyloidosis	ADan amyloidosis	MONDO	26
178	3390	DISEASE	addiction	addiction	Addiction	standard	7
179	3391	DISEASE	addison disease	addison disease	Addison Disease	standard	47
180	3392	DISEASE	adenocarcinoma	adenocarcinoma	Adenocarcinoma	standard	8
181	3393	DISEASE	adenomyosis	adenomyosis	Adenomyosis	standard	34
182	3394	DISEASE	adenosine deaminase deficiency	adenosine deaminase deficiency	severe combined immunodeficiency, autosomal recessive, T cell-negative, B cell-negative, NK cell-negative, due to adenosine deaminase deficiency	standard	23
183	6937	DISEASE	adenosine deaminase severe combined immune deficiency (ada-scid)	adenosine deaminase severe combined immune deficiency (ada-scid)	Adenosine Deaminase Deficiency	modified_disease	30
184	3395	DISEASE	adenoviridae infectious disease	adenoviridae infectious disease	Adenovirus Infection	NCI Thesaurus	28
185	3396	DISEASE	adhd in children	adhd in children	attention deficit hyperactivity disorder	corrected_overlay	10
186	6386	DISEASE	adhf	adhf	acute decompensated heart failure	corrected_overlay	22
187	9329	DISEASE	Adiponectin deficiency	adiponectin deficiency	adiponectin deficiency	EFO	11
188	3397	DISEASE	adjustment disorder	adjustment disorder	Adjustment Disorders	standard	46
189	3398	DISEASE	adnexitis	adnexitis	Pelvic Inflammatory Disease	standard	64
190	3399	DISEASE	adrenal adenoma	adrenal adenoma	adrenal cortex adenoma	standard	40
191	3400	DISEASE	adrenal cortex carcinoma	adrenal cortex carcinoma	adrenal cortex carcinoma	standard	7
192	3401	DISEASE	adrenal crisis	adrenal crisis	acute adrenal insufficiency	standard	37
193	3402	DISEASE	adrenal gland disorder	adrenal gland disorder	adrenal gland disorder	standard	6
194	3403	DISEASE	adrenal gland hyperfunction	adrenal gland hyperfunction	Adrenocortical Hyperfunction	standard	21
195	3404	DISEASE	adrenal hyperplasia	adrenal hyperplasia	congenital adrenal hyperplasia	standard	40
196	6938	DISEASE	adrenal hyperplasia, congenital	adrenal hyperplasia, congenital	Adrenal Hyperplasia, Congenital	modified_disease	63
197	3405	DISEASE	adrenal insufficiency	adrenal insufficiency	Adrenal Insufficiency	standard	32
198	3406	DISEASE	adrenocortical carcinoma	adrenocortical carcinoma	Adrenocortical Carcinoma	standard	45
199	6939	DISEASE	adrenocortical carcinoma, hereditary	adrenocortical carcinoma, hereditary	adrenocortical carcinoma, hereditary	modified_disease	41
200	3407	DISEASE	adrenocortical hyperfunction	adrenocortical hyperfunction	Adrenocortical Hyperfunction	standard	21
201	7968	DISEASE	adrenocortical hypofunction, chronic primary congenital	adrenocortical hypofunction, chronic primary congenital	adrenocortical hypofunction, chronic primary congenital	MONDO	16
202	3408	DISEASE	adrenocortical insufficiency	adrenocortical insufficiency	adrenocortical insufficiency	standard	56
203	3409	DISEASE	adult brainstem glioma	adult brainstem glioma	adult brainstem glioma	standard	9
204	3410	DISEASE	adult growth hormone deficiency	adult growth hormone deficiency	isolated growth hormone deficiency type IA	standard	45
205	8873	DISEASE	adult hypophosphatasia	adult hypophosphatasia	adult hypophosphatasia	MONDO	20
206	8546	DISEASE	adult Refsum disease	adult refsum disease	Charcot-Marie-Tooth disease type 5	MedGen	78
207	7969	DISEASE	ADULT syndrome	adult syndrome	ADULT syndrome	MONDO	34
208	6940	DISEASE	adult t-cell lymphoma/leukemia recurrent	adult t-cell lymphoma/leukemia recurrent	Recurrent Adult T-Cell Leukemia/Lymphoma	modified_disease	30
209	6941	DISEASE	adult-onset growth hormone deficiency (ao-ghd)	adult-onset growth hormone deficiency (ao-ghd)	Growth Hormone Deficiency	modified_disease	13
210	6942	DISEASE	adult-onset still disease	adult-onset still disease	Still's Disease, Adult-Onset	modified_disease	12
211	6943	DISEASE	advanced bladder cancer	advanced bladder cancer	urinary bladder cancer	modified_disease	16
212	6944	DISEASE	advanced breast cancer	advanced breast cancer	Breast Neoplasms	modified_disease	14
213	6945	DISEASE	advanced breast cancer in postmenopausal women	advanced breast cancer in postmenopausal women	Breast Neoplasms	modified_disease	16
214	6946	DISEASE	advanced gastric adenocarcinoma	advanced gastric adenocarcinoma	Advanced Gastric Adenocarcinoma	modified_disease	24
215	6947	DISEASE	advanced gastrointestinal stromal tumor	advanced gastrointestinal stromal tumor	Advanced Gastrointestinal Stromal Tumor	modified_disease	27
216	6948	DISEASE	advanced hepatocellular carcinoma	advanced hepatocellular carcinoma	Advanced Hepatocellular Carcinoma	modified_disease	25
217	6949	DISEASE	advanced ovarian carcinoma	advanced ovarian carcinoma	Advanced Ovarian Carcinoma	modified_disease	25
218	6950	DISEASE	advanced prostate cancer	advanced prostate cancer	prostate cancer	modified_disease	17
219	6951	DISEASE	advanced renal cell carcinoma	advanced renal cell carcinoma	Advanced Renal Cell Carcinoma	modified_disease	27
220	6952	DISEASE	advanced soft tissue sarcoma	advanced soft tissue sarcoma	Advanced Soft Tissue Sarcoma	modified_disease	28
221	3411	DISEASE	afibrinogenemia	afibrinogenemia	Afibrinogenemia	standard	9
222	3412	DISEASE	african trypanosomiasis	african trypanosomiasis	Trypanosomiasis, African	standard	52
223	3413	DISEASE	agammaglobulinemia	agammaglobulinemia	Agammaglobulinemia	standard	19
224	9335	DISEASE	AGAT deficiency	agat deficiency	AGAT deficiency	MONDO	22
225	3414	DISEASE	age related macular degeneration	age related macular degeneration	Macular Degeneration	standard	39
226	9168	DISEASE	age related macular degeneration 1	age related macular degeneration 1	age related macular degeneration 1	MONDO	16
227	9298	DISEASE	age related macular degeneration 10	age related macular degeneration 10	age related macular degeneration 10	MONDO	16
228	9311	DISEASE	age related macular degeneration 11	age related macular degeneration 11	age related macular degeneration 11	MONDO	18
229	9390	DISEASE	age related macular degeneration 12	age related macular degeneration 12	age related macular degeneration 12	MONDO	18
230	9483	DISEASE	age related macular degeneration 13	age related macular degeneration 13	age related macular degeneration 13	MONDO	25
231	9486	DISEASE	age related macular degeneration 14	age related macular degeneration 14	age related macular degeneration 14	MONDO	19
232	9499	DISEASE	age related macular degeneration 15	age related macular degeneration 15	age related macular degeneration 15	MONDO	25
233	7977	DISEASE	age related macular degeneration 2	age related macular degeneration 2	Age related macular degeneration 2	MedGen	74
234	9278	DISEASE	age related macular degeneration 4	age related macular degeneration 4	age related macular degeneration 4	MONDO	18
235	9388	DISEASE	age related macular degeneration 5	age related macular degeneration 5	age related macular degeneration 5	MONDO	25
236	9386	DISEASE	age related macular degeneration 6	age related macular degeneration 6	age related macular degeneration 6	MONDO	18
237	9260	DISEASE	age related macular degeneration 7	age related macular degeneration 7	age related macular degeneration 7	MONDO	18
238	9295	DISEASE	age related macular degeneration 9	age related macular degeneration 9	age related macular degeneration 9	MONDO	18
239	3415	DISEASE	age-related macular degeneration	age-related macular degeneration	Macular Degeneration	standard	39
240	3416	DISEASE	age-related memory impairment	age-related memory impairment	Memory Disorders	standard	38
241	3417	DISEASE	aggressive b-cell non-hodgkin lymphoma	aggressive b-cell non-hodgkin lymphoma	Aggressive B-Cell Non-Hodgkin Lymphoma	standard	31
242	3418	DISEASE	aggressive behavior	aggressive behavior	Aggressive behavior	standard	27
243	3419	DISEASE	aggressive systemic mastocytosis	aggressive systemic mastocytosis	Mastocytosis, Systemic	standard	49
244	3420	DISEASE	agitated depression	agitated depression	agitated depression	corrected_overlay	15
245	3421	DISEASE	agitation	agitation	Agitation	standard	54
246	3422	DISEASE	agitation and restlessness in the elderly	agitation and restlessness in the elderly	Agitation	standard	54
247	9508	DISEASE	agitation associated with alzheimer disease dementia	agitation associated with alzheimer disease dementia	agitation	standard	54
248	6953	DISEASE	agitation associated with schizophrenia or bipolar mania	agitation associated with schizophrenia or bipolar mania	Mania	modified_disease	33
249	3423	DISEASE	agoraphobia	agoraphobia	Agoraphobia	standard	16
250	3424	DISEASE	agranulocytosis	agranulocytosis	Agranulocytosis	standard	11
251	6387	DISEASE	aids	aids	Acquired Immunodeficiency Syndrome	alias_disease	59
252	3425	DISEASE	aids defining illness	aids defining illness	AIDS Defining Illness	standard	13
253	3426	DISEASE	aids related illness	aids related illness	AIDS related complex	standard	72
254	3427	DISEASE	aids-related disorder	aids-related disorder	AIDS-related disorder	standard	18
255	3428	DISEASE	aids-related kaposi's sarcoma	aids-related kaposi's sarcoma	AIDS-Related Kaposi Sarcoma	standard	27
256	3429	DISEASE	al amyloidosis	al amyloidosis	Immunoglobulin Light-chain Amyloidosis	standard	40
257	3430	DISEASE	alagille syndrome	alagille syndrome	Alagille Syndrome	standard	66
258	9094	DISEASE	Aland island eye disease	aland island eye disease	Aland island eye disease	MONDO	22
259	3431	DISEASE	albuminuria	albuminuria	Albuminuria	standard	12
260	3432	DISEASE	alcohol abuse	alcohol abuse	Alcoholism	standard	94
261	3433	DISEASE	alcohol dependence	alcohol dependence	Alcoholism	standard	94
262	9265	DISEASE	alcohol sensitivity, acute	alcohol sensitivity, acute	alcohol sensitivity, acute	MONDO	148
263	3434	DISEASE	alcohol withdrawal	alcohol withdrawal	Alcohol Withdrawal Seizures	standard	61
264	3435	DISEASE	alcohol withdrawal delirium	alcohol withdrawal delirium	Alcohol Withdrawal Delirium	standard	62
265	3436	DISEASE	alcohol withdrawal syndrome	alcohol withdrawal syndrome	alcohol withdrawal delirium	standard	62
266	3437	DISEASE	alcoholic intoxication	alcoholic intoxication	Alcoholic Intoxication	standard	15
267	3438	DISEASE	alcoholic liver diseases	alcoholic liver diseases	Liver Diseases, Alcoholic	standard	25
268	3439	DISEASE	alcoholism	alcoholism	Alcoholism	standard	94
269	3440	DISEASE	aldosteronism	aldosteronism	Hyperaldosteronism	standard	22
270	8506	DISEASE	Alexander disease	alexander disease	Alexander disease	MedGen	303
271	6954	DISEASE	alk-positive advanced non-small cell lung cancer	alk-positive advanced non-small cell lung cancer	non-small cell lung carcinoma	modified_disease	33
272	6955	DISEASE	alk-positive anaplastic large t-cell lymphoma	alk-positive anaplastic large t-cell lymphoma	ALK-positive anaplastic large cell lymphoma	modified_disease	47
273	6956	DISEASE	alk-positive metastatic non-small cell lung cancer	alk-positive metastatic non-small cell lung cancer	non-small cell lung carcinoma	modified_disease	33
274	3441	DISEASE	alkalinisation of the urine	alkalinisation of the urine	Urine	standard	18
275	3442	DISEASE	alkalosis	alkalosis	Alkalosis	standard	13
276	3443	DISEASE	alkaptonuria	alkaptonuria	Alkaptonuria	standard	43
277	3444	DISEASE	allergic bronchopulmonary aspergillosis	allergic bronchopulmonary aspergillosis	Aspergillosis, Allergic Bronchopulmonary	standard	31
278	3445	DISEASE	allergic condition	allergic condition	Allergic condition	standard	14
279	3446	DISEASE	allergic conjunctivitis	allergic conjunctivitis	Conjunctivitis, Allergic	standard	7
280	3447	DISEASE	allergic contact dermatitis	allergic contact dermatitis	Dermatitis, Allergic Contact	standard	33
281	9509	DISEASE	allergic fungal rhinosinusitis	allergic fungal rhinosinusitis	Allergic Fungal Rhinosinusitis	curated_standard_definition	28
282	3448	DISEASE	allergic otitis externa	allergic otitis externa	otitis externa	standard	34
283	3449	DISEASE	allergic rhinitis	allergic rhinitis	Rhinitis, Allergic	standard	9
284	6957	DISEASE	allergic rhinitis, susceptibility to	allergic rhinitis, susceptibility to	allergic rhinitis, susceptibility to	modified_disease	26
285	3450	DISEASE	allergic states	allergic states	allergic asthma	standard	12
286	3451	DISEASE	allergies	allergies	Hypersensitivity	standard	18
287	3452	DISEASE	allergy	allergy	Hypersensitivity	standard	18
288	3453	DISEASE	alopecia areata	alopecia areata	Alopecia Areata	standard	11
289	8507	DISEASE	alopecia universalis congenita	alopecia universalis congenita	Alopecia universalis congenita	MedGen	50
290	7720	DISEASE	alopecia, androgenetic, 1	alopecia, androgenetic, 1	alopecia	MONDO	39
291	7715	DISEASE	alopecia-epilepsy-pyorrhea-intellectual disability syndrome	alopecia-epilepsy-pyorrhea-intellectual disability syndrome	alopecia-epilepsy-pyorrhea-intellectual disability syndrome	MONDO	55
292	8943	DISEASE	alopecia-intellectual disability syndrome 1	alopecia-intellectual disability syndrome 1	alopecia-intellectual disability syndrome 1	MONDO	15
293	3454	DISEASE	alpha 1-antitrypsin deficiency	alpha 1-antitrypsin deficiency	alpha 1-Antitrypsin Deficiency	standard	16
294	3455	DISEASE	alpha hemolytic streptococcal infection	alpha hemolytic streptococcal infection	streptococcal infection	standard	34
295	9176	DISEASE	alpha thalassemia spectrum	alpha thalassemia spectrum	alpha thalassemia spectrum	MONDO	23
296	9552	DISEASE	alpha- or beta-thalassemia anemia	alpha- or beta-thalassemia anemia	alpha- or beta-thalassemia anemia	MONDO;Disease Ontology;MeSH	45
297	3456	DISEASE	alpha-mannosidosis	alpha-mannosidosis	alpha-Mannosidosis	standard	48
298	9510	DISEASE	alpha-or beta-thalassemia anemia	alpha-or beta-thalassemia anemia	alpha-or beta-thalassemia anemia	name_only	10
299	9088	DISEASE	alpha-thalassemia-myelodysplastic syndrome	alpha-thalassemia-myelodysplastic syndrome	alpha-thalassemia-myelodysplastic syndrome	MONDO	28
300	8508	DISEASE	Alstrom syndrome	alstrom syndrome	Alstrom syndrome	MedGen	242
301	7876	DISEASE	alveolar rhabdomyosarcoma	alveolar rhabdomyosarcoma	alveolar rhabdomyosarcoma	MONDO	34
302	3457	DISEASE	alveolar soft part sarcoma	alveolar soft part sarcoma	Sarcoma, Alveolar Soft Part	standard	89
303	6388	DISEASE	alveolar soft part sarcoma (asps)	alveolar soft part sarcoma (asps)	alveolar soft part sarcoma	alias_disease	25
304	3458	DISEASE	alzheimer disease	alzheimer disease	Alzheimer Disease	standard	71
305	9498	DISEASE	Alzheimer disease 18	alzheimer disease 18	Alzheimer disease 18	MONDO	17
306	9503	DISEASE	Alzheimer disease 19	alzheimer disease 19	Alzheimer disease 19	MONDO	17
307	7970	DISEASE	Alzheimer disease 2	alzheimer disease 2	Alzheimer disease 2	MONDO	15
308	8038	DISEASE	Alzheimer disease 3	alzheimer disease 3	Alzheimer disease 3	MONDO	21
309	8031	DISEASE	Alzheimer disease 4	alzheimer disease 4	Alzheimer disease 4	MONDO	21
310	8018	DISEASE	Alzheimer disease 5	alzheimer disease 5	Alzheimer disease 5	MONDO	14
311	8025	DISEASE	Alzheimer disease 6	alzheimer disease 6	Alzheimer disease 6	MONDO	15
312	8045	DISEASE	Alzheimer disease 9	alzheimer disease 9	Alzheimer disease 9	MONDO	14
313	7716	DISEASE	Alzheimer disease type 1	alzheimer disease type 1	Alzheimer disease	MONDO	31
314	7915	DISEASE	Alzheimer disease, familial early-onset, with coexisting amyloid and prion pathology	alzheimer disease, familial early-onset, with coexisting amyloid and prion pathology	Alzheimer disease	MONDO	31
315	3459	DISEASE	alzheimer's disease	alzheimer's disease	Alzheimer Disease	standard	71
316	3460	DISEASE	amanita muscaria poisoning	amanita muscaria poisoning	poisoning / intoxication	corrected_overlay	9
317	3461	DISEASE	amanita pantherina poisoning	amanita pantherina poisoning	poisoning / intoxication	corrected_overlay	9
318	3462	DISEASE	amebiasis	amebiasis	Amebiasis	standard	27
319	3463	DISEASE	amebic colitis	amebic colitis	Dysentery, Amebic	standard	25
320	3464	DISEASE	amebic liver abscess	amebic liver abscess	Liver Abscess, Amebic	standard	25
321	3465	DISEASE	amegakaryocytic thrombocytopenia	amegakaryocytic thrombocytopenia	Acquired amegakaryocytic thrombocytopenia	standard	10
322	3466	DISEASE	amenorrhea	amenorrhea	Amenorrhea	standard	3
323	9211	DISEASE	Amish lethal microcephaly	amish lethal microcephaly	Amish lethal microcephaly	MONDO	19
324	3467	DISEASE	amitriptyline overdose	amitriptyline overdose	Amitriptyline	standard	60
325	3468	DISEASE	amyloidosis	amyloidosis	Amyloidosis	standard	52
326	6958	DISEASE	amyloidosis, hereditary systemic 1	amyloidosis, hereditary systemic 1	Amyloidosis, hereditary systemic 1	modified_disease	40
327	6959	DISEASE	amyloidosis, hereditary systemic 3	amyloidosis, hereditary systemic 3	Amyloid Neuropathies, Familial	modified_disease	24
328	3469	DISEASE	amyotrophic lateral sclerosis	amyotrophic lateral sclerosis	Amyotrophic Lateral Sclerosis	standard	88
329	6389	DISEASE	amyotrophic lateral sclerosis (als)	amyotrophic lateral sclerosis (als)	amyotrophic lateral sclerosis	corrected_overlay	18
330	8434	DISEASE	amyotrophic lateral sclerosis type 1	amyotrophic lateral sclerosis type 1	Amyotrophic lateral sclerosis type 1	MedGen	606
331	9365	DISEASE	amyotrophic lateral sclerosis type 12	amyotrophic lateral sclerosis type 12	amyotrophic lateral sclerosis type 12	MONDO	18
332	9163	DISEASE	amyotrophic lateral sclerosis type 4	amyotrophic lateral sclerosis type 4	amyotrophic lateral sclerosis type 4	MONDO	18
333	9159	DISEASE	amyotrophic lateral sclerosis type 5	amyotrophic lateral sclerosis type 5	amyotrophic lateral sclerosis type 5	MONDO	18
334	9225	DISEASE	amyotrophic lateral sclerosis type 6	amyotrophic lateral sclerosis type 6	amyotrophic lateral sclerosis type 6	MONDO	18
335	9233	DISEASE	amyotrophic lateral sclerosis type 8	amyotrophic lateral sclerosis type 8	amyotrophic lateral sclerosis type 8	MONDO	18
336	9310	DISEASE	amyotrophic lateral sclerosis type 9	amyotrophic lateral sclerosis type 9	amyotrophic lateral sclerosis type 9	MONDO	18
337	8894	DISEASE	amyotrophic neuralgia	amyotrophic neuralgia	amyotrophic neuralgia	MONDO	31
338	3470	DISEASE	anaemia	anaemia	anemia	standard	9
339	6960	DISEASE	anaemia associated with chronic kidney disease	anaemia associated with chronic kidney disease	Renal Insufficiency, Chronic	modified_disease	27
340	3471	DISEASE	anaerobic bacteria infectious disease	anaerobic bacteria infectious disease	Anaerobic bacterial infection	MedGen; SNOMED CT; MONDO	41
341	3472	DISEASE	anaerobic bacterial infections	anaerobic bacterial infections	anaerobic bacterial infection	corrected_overlay	12
342	3473	DISEASE	anaerobic pneumonia	anaerobic pneumonia	anaerobic pneumonia	standard	6
343	3474	DISEASE	anal candidiasis	anal candidiasis	anal candidiasis	corrected_overlay	22
344	3475	DISEASE	anal carcinoma	anal carcinoma	anal carcinoma	standard	10
345	3476	DISEASE	anal fissure	anal fissure	Fissure in Ano	standard	32
346	3477	DISEASE	anal intraepithelial neoplasia (ain iii)	anal intraepithelial neoplasia (ain iii)	Anal Intraepithelial Neoplasia	standard	22
347	3478	DISEASE	anaphylaxis	anaphylaxis	Anaphylaxis	standard	27
348	3479	DISEASE	anaphylaxis to neuromuscular blocking agents	anaphylaxis to neuromuscular blocking agents	anaphylaxis	standard	44
349	3480	DISEASE	anaplastic astrocytoma	anaplastic astrocytoma	Astrocytoma	standard	93
350	3481	DISEASE	anaplastic large cell lymphoma	anaplastic large cell lymphoma	Lymphoma, Large-Cell, Anaplastic	standard	37
351	3482	DISEASE	anaplastic large t-cell lymphoma	anaplastic large t-cell lymphoma	Lymphoma, Primary Cutaneous Anaplastic Large Cell	standard	24
352	3483	DISEASE	anastomotic leak	anastomotic leak	Anastomotic Leak	standard	39
353	3484	DISEASE	anastomotic ulcer	anastomotic ulcer	gastric ulcer	standard	22
354	3485	DISEASE	ancylostomiasis	ancylostomiasis	Ancylostomiasis	standard	19
355	3486	DISEASE	androgen excess	androgen excess	Androgen Excess	standard	15
356	9080	DISEASE	androgen insensitivity syndrome	androgen insensitivity syndrome	androgen insensitivity syndrome	MONDO	52
357	3487	DISEASE	androgenic alopecia	androgenic alopecia	Alopecia	standard	10
358	3488	DISEASE	anemia	anemia	Anemia	standard	14
359	6961	DISEASE	anemia due to chronic disorder	anemia due to chronic disorder	anemia due to chronic disorder	modified_disease	21
360	6962	DISEASE	anemia due to chronic kidney disease stage 1	anemia due to chronic kidney disease stage 1	Renal Insufficiency, Chronic	modified_disease	29
361	3489	DISEASE	anemia of pregnancy	anemia of pregnancy	Pregnancy Anemia	corrected_overlay	8
362	3490	DISEASE	anemia of renal insufficiency	anemia of renal insufficiency	pancreatic insufficiency-anemia-hyperostosis syndrome	standard	31
363	3491	DISEASE	anemia, hemolytic, acquired	anemia, hemolytic, acquired	Anemia, Hemolytic	standard	21
364	3492	DISEASE	anemia, sickle cell	anemia, sickle cell	Anemia, Sickle Cell	standard	26
365	8511	DISEASE	anencephaly 1	anencephaly 1	Anencephaly 1	MedGen	52
366	3493	DISEASE	aneurysm	aneurysm	Aneurysm	standard	43
367	9391	DISEASE	aneurysm-osteoarthritis syndrome	aneurysm-osteoarthritis syndrome	aneurysm-osteoarthritis syndrome	MONDO	13
368	8827	DISEASE	Angelman syndrome	angelman syndrome	Angelman syndrome	MONDO	13
369	3494	DISEASE	angina pectoris	angina pectoris	Angina Pectoris	standard	42
370	3495	DISEASE	angina unstable	angina unstable	Angina, Unstable	standard	10
371	3496	DISEASE	angioedema	angioedema	Angioedema	standard	22
372	3497	DISEASE	angiofibromas	angiofibromas	Angiofibroma	standard	21
373	3498	DISEASE	angioimmunoblastic t-cell lymphoma	angioimmunoblastic t-cell lymphoma	angioimmunoblastic T-cell lymphoma	standard	25
374	3499	DISEASE	angiomyolipoma	angiomyolipoma	Angiomyolipoma	standard	29
375	3500	DISEASE	angiosarcoma	angiosarcoma	Hemangiosarcoma	standard	26
376	3501	DISEASE	angle-closure glaucoma	angle-closure glaucoma	Glaucoma, Angle-Closure	standard	29
377	3502	DISEASE	anhaptoglobinemia	anhaptoglobinemia	Anhaptoglobinemia	standard	73
378	3503	DISEASE	ankylosing spondylitis	ankylosing spondylitis	Spondylitis, Ankylosing	standard	40
379	3504	DISEASE	anogenital pruritus	anogenital pruritus	Pruritus	corrected_overlay	15
380	3505	DISEASE	anoperineal fistula	anoperineal fistula	Anoperineal fistula	standard	14
381	3506	DISEASE	anorchia	anorchia	Anorchia	standard	103
382	3507	DISEASE	anorexia	anorexia	Anorexia	standard	27
383	3508	DISEASE	anorexia in aids	anorexia in aids	AIDS	standard	96
384	8610	DISEASE	anorexia nervosa, susceptibility to, 1	anorexia nervosa, susceptibility to, 1	anorexia nervosa, susceptibility to, 1	MONDO	16
385	3509	DISEASE	anovulation	anovulation	Anovulation	standard	25
386	3510	DISEASE	anterior uveitis	anterior uveitis	Uveitis, Anterior	standard	44
387	3511	DISEASE	anterolateral myocardial infarction	anterolateral myocardial infarction	Anterior Wall Myocardial Infarction	standard	39
388	3512	DISEASE	anthrax	anthrax	Anthrax	standard	47
389	3513	DISEASE	anthrax disease	anthrax disease	anthrax disease	standard	60
390	3514	DISEASE	anti-neutrophil cytoplasmic antibody-associated vasculitis	anti-neutrophil cytoplasmic antibody-associated vasculitis	Anti-Neutrophil Cytoplasmic Antibody-Associated Vasculitis	standard	32
391	3515	DISEASE	anticholinergic syndrome	anticholinergic syndrome	Anticholinergic Syndrome	standard	39
392	3516	DISEASE	antiemetic overdose	antiemetic overdose	Antiemetic Overdose	SNOMED CT; MeSH	40
393	3517	DISEASE	antimony poisoning syndrome	antimony poisoning syndrome	poisoning / intoxication	corrected_overlay	8
394	3518	DISEASE	anuria	anuria	Anuria	standard	29
395	3519	DISEASE	anxiety	anxiety	Anxiety	standard	16
396	3520	DISEASE	anxiety disorder	anxiety disorder	Anxiety Disorders	standard	4
397	6963	DISEASE	anxiety disorder due to a general medical condition	anxiety disorder due to a general medical condition	Anxiety Disorder Due to a General Medical Condition	modified_disease	35
398	3521	DISEASE	anxiety disorders	anxiety disorders	Anxiety Disorders	standard	4
399	3522	DISEASE	anxiety state	anxiety state	anxiety disorder	standard	12
400	3523	DISEASE	aorta coarctation	aorta coarctation	Aortic Coarctation	standard	45
401	8860	DISEASE	aortic aneurysm, familial thoracic 4	aortic aneurysm, familial thoracic 4	aortic aneurysm, familial thoracic 4	MONDO	22
402	3524	DISEASE	aortic arch interruption	aortic arch interruption	aortic arch interruption	standard	51
403	7719	DISEASE	aortic arch interruption, facial palsy, and retinal coloboma	aortic arch interruption, facial palsy, and retinal coloboma	aortic arch interruption	MONDO	51
404	8831	DISEASE	aortic valve disease 1	aortic valve disease 1	aortic valve disease 1	MONDO	18
405	9456	DISEASE	aortic valve disease 2	aortic valve disease 2	aortic valve disease 2	MONDO	18
406	3525	DISEASE	aortoiliac occlusive disease	aortoiliac occlusive disease	hepatic veno-occlusive disease	standard	26
407	8821	DISEASE	Apert syndrome	apert syndrome	Apert syndrome	MONDO	28
408	3526	DISEASE	aphthous ulcers	aphthous ulcers	Stomatitis, Aphthous	standard	51
409	3527	DISEASE	aplasia cutis congenita-intestinal lymphangiectasia syndrome	aplasia cutis congenita-intestinal lymphangiectasia syndrome	aplasia cutis congenita-intestinal lymphangiectasia syndrome	standard	60
410	3528	DISEASE	aplastic anemia	aplastic anemia	Anemia, Aplastic	standard	18
411	3529	DISEASE	apnea	apnea	Apnea	standard	6
412	3530	DISEASE	apnea of prematurity	apnea of prematurity	apnea of prematurity	standard	43
413	9414	DISEASE	apolipoprotein c-III deficiency	apolipoprotein c-iii deficiency	apolipoprotein c-III deficiency	MONDO	14
414	3531	DISEASE	appendicitis	appendicitis	Appendicitis	standard	14
415	6964	DISEASE	aquaporin-4 (aqp4) immunoglobulin-positive (aqp4-igg) neuromyelitis optica spectrum disorder (nmosd)	aquaporin-4 (aqp4) immunoglobulin-positive (aqp4-igg) neuromyelitis optica spectrum disorder (nmosd)	Neuromyelitis Optica	modified_disease	39
416	3532	DISEASE	aquarium granuloma	aquarium granuloma	aquarium granuloma	standard	19
417	8951	DISEASE	arginase deficiency	arginase deficiency	arginase deficiency	MONDO	40
418	3533	DISEASE	argininemia	argininemia	Hyperargininemia	standard	70
419	3534	DISEASE	argininosuccinic aciduria	argininosuccinic aciduria	Argininosuccinic Aciduria	standard	70
420	3535	DISEASE	ariboflavinosis	ariboflavinosis	ariboflavinosis	standard	35
421	8867	DISEASE	aromatase excess syndrome	aromatase excess syndrome	aromatase excess syndrome	MONDO	67
422	6965	DISEASE	aromatic l-amino acid decarboxylase (aadc) deficiency with a severe phenotype	aromatic l-amino acid decarboxylase (aadc) deficiency with a severe phenotype	aromatic L-amino acid decarboxylase deficiency	modified_disease	46
423	3536	DISEASE	aromatic l-amino acid decarboxylase deficiency	aromatic l-amino acid decarboxylase deficiency	aromatic L-amino acid decarboxylase deficiency	standard	35
424	3537	DISEASE	arrhythmia	arrhythmia	Arrhythmias, Cardiac	standard	32
425	8604	DISEASE	arrhythmogenic cardiomyopathy with wooly hair and keratoderma	arrhythmogenic cardiomyopathy with wooly hair and keratoderma	Arrhythmogenic cardiomyopathy with wooly hair and keratoderma	MedGen	235
426	9217	DISEASE	arrhythmogenic right ventricular dysplasia 8	arrhythmogenic right ventricular dysplasia 8	arrhythmogenic right ventricular dysplasia 8	MONDO	19
427	9242	DISEASE	arrhythmogenic right ventricular dysplasia 9	arrhythmogenic right ventricular dysplasia 9	arrhythmogenic right ventricular dysplasia 9	MONDO	21
428	3538	DISEASE	arsenic poisoning	arsenic poisoning	Arsenic Poisoning	standard	66
429	8952	DISEASE	arterial tortuosity syndrome	arterial tortuosity syndrome	arterial tortuosity syndrome	MONDO	35
430	3539	DISEASE	arteriosclerosis	arteriosclerosis	Arteriosclerosis	standard	42
431	3540	DISEASE	arteriosclerosis obliterans	arteriosclerosis obliterans	Arteriosclerosis Obliterans	standard	38
432	3541	DISEASE	arteriosclerotic parkinsonism	arteriosclerotic parkinsonism	vascular parkinsonism	corrected_overlay	15
433	6966	DISEASE	arteriovenous hemangioma/malformation	arteriovenous hemangioma/malformation	Arteriovenous Malformations	MeSH	22
434	8437	DISEASE	arteriovenous malformations of the brain	arteriovenous malformations of the brain	Cerebral arteriovenous malformation	MedGen	65
435	3542	DISEASE	arthralgia	arthralgia	joint pain	standard	16
436	3543	DISEASE	arthritis	arthritis	Arthritis	standard	6
437	3544	DISEASE	arthritis, gouty	arthritis, gouty	Arthritis, Gouty	standard	51
438	3545	DISEASE	arthritis, psoriatic	arthritis, psoriatic	Arthritis, Psoriatic	standard	34
439	7818	DISEASE	arthrogryposis, renal dysfunction, and cholestasis 1	arthrogryposis, renal dysfunction, and cholestasis 1	arthrogryposis, renal dysfunction, and cholestasis 1	MONDO	18
440	9364	DISEASE	arthrogryposis, renal dysfunction, and cholestasis 2	arthrogryposis, renal dysfunction, and cholestasis 2	arthrogryposis, renal dysfunction, and cholestasis 2	MONDO	18
441	3546	DISEASE	articular cartilage defects of knee	articular cartilage defects of knee	knee articular cartilage defect	corrected_overlay	31
442	3547	DISEASE	ascariasis	ascariasis	Ascariasis	standard	33
443	3548	DISEASE	ascarids	ascarids	ascarid infection	corrected_overlay	19
444	3549	DISEASE	ascaris lumbricoides infection	ascaris lumbricoides infection	ascariasis	standard	56
445	6967	DISEASE	ascaris lumbricoides infection, susceptibility to	ascaris lumbricoides infection, susceptibility to	Ascaris lumbricoides infection, susceptibility to	modified_disease	77
446	3550	DISEASE	ascites	ascites	Ascites	standard	10
447	3551	DISEASE	ascorbic acid deficiency	ascorbic acid deficiency	Ascorbic Acid Deficiency	standard	66
448	8636	DISEASE	asperger syndrome, susceptibility to, 1	asperger syndrome, susceptibility to, 1	asperger syndrome, susceptibility to, 1	MONDO	16
449	8635	DISEASE	asperger syndrome, susceptibility to, 2	asperger syndrome, susceptibility to, 2	asperger syndrome, susceptibility to, 2	MONDO	16
450	7887	DISEASE	Asperger syndrome, X-linked, susceptibility to, 1	asperger syndrome, x-linked, susceptibility to, 1	Asperger Syndrome	MeSH	37
451	3552	DISEASE	aspergillosis	aspergillosis	Aspergillosis	standard	7
452	3553	DISEASE	aspiration pneumonia	aspiration pneumonia	Pneumonia, Aspiration	standard	20
453	3554	DISEASE	aspiration pneumonitis	aspiration pneumonitis	aspiration pneumonitis	standard	13
454	3555	DISEASE	asthma	asthma	Asthma	standard	34
455	7820	DISEASE	asthma, nasal polyps, and aspirin intolerance	asthma, nasal polyps, and aspirin intolerance	asthma, nasal polyps, and aspirin intolerance	Disease Ontology	12
456	3556	DISEASE	astrocytoma	astrocytoma	Astrocytoma	standard	93
457	3557	DISEASE	astrocytoma, anaplastic	astrocytoma, anaplastic	Astrocytoma	standard	93
458	6968	DISEASE	asymptomatic human immunodeficiency virus infection	asymptomatic human immunodeficiency virus infection	Asymptomatic HIV Infection	modified_disease	25
459	6969	DISEASE	asymptomatic left ventricular dysfunction	asymptomatic left ventricular dysfunction	Asymptomatic left ventricular dysfunction	manual_final7_review	21
460	6970	DISEASE	asymptomatic meningococcal infection	asymptomatic meningococcal infection	meningococcal infection	modified_disease	15
461	6971	DISEASE	asymptomatic trichomoniasis	asymptomatic trichomoniasis	trichomoniasis	modified_disease	13
462	8512	DISEASE	ataxia telangiectasia	ataxia telangiectasia	Ataxia-telangiectasia-like disorder 1	MedGen	87
463	7949	DISEASE	ataxia with myoclonic epilepsy and presenile dementia	ataxia with myoclonic epilepsy and presenile dementia	Ataxia with myoclonic epilepsy and presenile dementia	MedGen	15
464	7821	DISEASE	ataxia, deafness, and cardiomyopathy	ataxia, deafness, and cardiomyopathy	Ataxia	HPO	27
465	7822	DISEASE	ataxia, early-onset, with oculomotor apraxia and hypoalbuminemia	ataxia, early-onset, with oculomotor apraxia and hypoalbuminemia	ataxia, early-onset, with oculomotor apraxia and hypoalbuminemia	MONDO	19
466	7829	DISEASE	ataxia-hypogonadism-choroidal dystrophy syndrome	ataxia-hypogonadism-choroidal dystrophy syndrome	ataxia-hypogonadism-choroidal dystrophy syndrome	MONDO	78
467	8889	DISEASE	ataxia-pancytopenia syndrome	ataxia-pancytopenia syndrome	ataxia-pancytopenia syndrome	MONDO	76
468	3558	DISEASE	atherosclerosis	atherosclerosis	Atherosclerosis	standard	22
469	8439	DISEASE	atherosclerosis susceptibility	atherosclerosis susceptibility	atherosclerosis susceptibility	MONDO	13
470	3559	DISEASE	atherosclerotic cardiovascular disease	atherosclerotic cardiovascular disease	Atherosclerotic Cardiovascular Disease	curated_standard_definition	31
471	3560	DISEASE	athetosis	athetosis	Athetosis	standard	66
472	3561	DISEASE	atonic seizure	atonic seizure	Seizures	standard	39
473	3562	DISEASE	atopic conjunctivitis	atopic conjunctivitis	Conjunctivitis, Allergic	standard	7
474	3563	DISEASE	atopic dermatitis	atopic dermatitis	Dermatitis, Atopic	standard	60
475	3564	DISEASE	atopic eczema	atopic eczema	Dermatitis, Atopic	standard	60
476	3565	DISEASE	atopic rhinitis	atopic rhinitis	allergic rhinitis	standard	54
477	8953	DISEASE	atransferrinemia	atransferrinemia	atransferrinemia	MONDO	38
478	3566	DISEASE	atrial arrhythmia	atrial arrhythmia	Atrial Arrhythmia by ECG Finding	standard	17
479	3567	DISEASE	atrial fibrillation	atrial fibrillation	Atrial Fibrillation	standard	46
480	3568	DISEASE	atrial fibrillation with embolization	atrial fibrillation with embolization	atrial fibrillation	standard	41
481	7936	DISEASE	atrial fibrillation, familial, 1	atrial fibrillation, familial, 1	atrial fibrillation	MONDO	41
482	7925	DISEASE	atrial fibrillation, familial, 3	atrial fibrillation, familial, 3	atrial fibrillation, familial, 3	MONDO	18
483	3569	DISEASE	atrial flutter	atrial flutter	Atrial Flutter	standard	76
484	9223	DISEASE	atrial septal defect 2	atrial septal defect 2	atrial septal defect 2	MONDO	19
485	9419	DISEASE	atrial septal defect 3	atrial septal defect 3	atrial septal defect 3	MONDO	19
486	9294	DISEASE	atrial septal defect 4	atrial septal defect 4	atrial septal defect 4	MONDO	19
487	9336	DISEASE	atrial septal defect 5	atrial septal defect 5	atrial septal defect 5	MONDO	19
488	8830	DISEASE	atrial septal defect 7	atrial septal defect 7	atrial septal defect 7	MONDO	42
489	9441	DISEASE	atrial septal defect 8	atrial septal defect 8	atrial septal defect 8	MONDO	19
490	9443	DISEASE	atrial septal defect 9	atrial septal defect 9	atrial septal defect 9	MONDO	19
491	3570	DISEASE	atrial tachycardia	atrial tachycardia	atrial tachycardia	standard	37
492	3571	DISEASE	atrioventricular reentrant tachycardia	atrioventricular reentrant tachycardia	Tachycardia, Atrioventricular Nodal Reentry	standard	59
493	3572	DISEASE	atropa belladonna poisoning	atropa belladonna poisoning	poisoning / intoxication	corrected_overlay	9
494	3573	DISEASE	atrophic rhinitis	atrophic rhinitis	Rhinitis, Atrophic	standard	40
495	3574	DISEASE	atrophic vulva	atrophic vulva	atrophic vulva	standard	16
496	3575	DISEASE	attention deficit hyperactivity disorder	attention deficit hyperactivity disorder	Attention Deficit Disorder with Hyperactivity	standard	70
497	6390	DISEASE	attention deficit hyperactivity disorder (adhd)	attention deficit hyperactivity disorder (adhd)	attention deficit-hyperactivity disorder	alias_disease	67
498	3576	DISEASE	attention deficit hyperactivity disorder, inattentive type	attention deficit hyperactivity disorder, inattentive type	attention deficit hyperactivity disorder, inattentive type	standard	31
499	3577	DISEASE	attention deficit-hyperactivity disorder	attention deficit-hyperactivity disorder	Attention Deficit Disorder with Hyperactivity	standard	70
500	3578	DISEASE	attrv122i amyloidosis	attrv122i amyloidosis	ATTRV122I amyloidosis	standard	20
501	3579	DISEASE	atypical depressive disorder	atypical depressive disorder	atypical depressive disorder	standard	49
502	3580	DISEASE	atypical hemolytic uremic syndrome	atypical hemolytic uremic syndrome	Atypical Hemolytic Uremic Syndrome	standard	44
503	3581	DISEASE	atypical hemolytic-uremic syndrome	atypical hemolytic-uremic syndrome	Atypical Hemolytic Uremic Syndrome	standard	44
504	3582	DISEASE	autism	autism	Autistic Disorder	standard	49
505	6391	DISEASE	autism spectrum disorder (asd)	autism spectrum disorder (asd)	Autism Spectrum Disorder	alias_disease	22
506	8040	DISEASE	autism, susceptibility to, 3	autism, susceptibility to, 3	Autism, susceptibility to, 3	MedGen	176
507	8034	DISEASE	autism, susceptibility to, 8	autism, susceptibility to, 8	Autism, susceptibility to, 8	MedGen	158
508	8001	DISEASE	autism, susceptibility to, X-linked 1	autism, susceptibility to, x-linked 1	Autism, susceptibility to, X-linked 1	MedGen	158
509	8002	DISEASE	autism, susceptibility to, X-linked 2	autism, susceptibility to, x-linked 2	Autism, susceptibility to, X-linked 2	MedGen	159
510	8003	DISEASE	autism, susceptibility to, X-linked 3	autism, susceptibility to, x-linked 3	Autism, susceptibility to, X-linked 3	MedGen	185
511	3583	DISEASE	autoimmune disease	autoimmune disease	Autoimmune Diseases	standard	24
512	9222	DISEASE	autoimmune disease, susceptibility to, 1	autoimmune disease, susceptibility to, 1	autoimmune disease, susceptibility to, 1	MONDO	17
513	9371	DISEASE	autoimmune disease, susceptibility to, 6	autoimmune disease, susceptibility to, 6	autoimmune disease, susceptibility to, 6	MONDO	17
514	3584	DISEASE	autoimmune hemolytic anemia	autoimmune hemolytic anemia	Anemia, Hemolytic, Autoimmune	standard	19
515	3585	DISEASE	autoimmune hepatitis	autoimmune hepatitis	Hepatitis, Autoimmune	standard	14
516	8576	DISEASE	autoimmune lymphoproliferative syndrome type 1	autoimmune lymphoproliferative syndrome type 1	Autoimmune lymphoproliferative syndrome type 1, autosomal recessive	MedGen	15
517	8616	DISEASE	autoimmune lymphoproliferative syndrome type 2B	autoimmune lymphoproliferative syndrome type 2b	autoimmune lymphoproliferative syndrome type 2B	MONDO	25
518	3586	DISEASE	autoimmune neutropenia	autoimmune neutropenia	Autoimmune Neutropenia	standard	9
519	9000	DISEASE	autoimmune polyendocrine syndrome type 1	autoimmune polyendocrine syndrome type 1	autoimmune polyendocrine syndrome type 1	MONDO	30
520	3587	DISEASE	autoimmune pulmonary alveolar proteinosis	autoimmune pulmonary alveolar proteinosis	autoimmune pulmonary alveolar proteinosis	standard	29
521	3588	DISEASE	autoimmune thrombocytopenia	autoimmune thrombocytopenia	Purpura, Thrombocytopenic, Idiopathic	standard	49
522	3589	DISEASE	autoimmune thrombocytopenic purpura	autoimmune thrombocytopenic purpura	Purpura, Thrombocytopenic, Idiopathic	standard	49
523	8625	DISEASE	autoimmune thyroid disease, susceptibility to, 1	autoimmune thyroid disease, susceptibility to, 1	autoimmune thyroid disease, susceptibility to, 1	MONDO	17
524	8626	DISEASE	autoimmune thyroid disease, susceptibility to, 2	autoimmune thyroid disease, susceptibility to, 2	Autoimmune thyroid disease, susceptibility to, 2	MedGen	21
525	8627	DISEASE	autoimmune thyroid disease, susceptibility to, 3	autoimmune thyroid disease, susceptibility to, 3	autoimmune thyroid disease, susceptibility to, 3	MONDO	9
526	8628	DISEASE	autoimmune thyroid disease, susceptibility to, 4	autoimmune thyroid disease, susceptibility to, 4	Autoimmune thyroid disease, susceptibility to, 4	MedGen	14
527	3590	DISEASE	autoimmune thyroiditis	autoimmune thyroiditis	Thyroiditis, Autoimmune	standard	47
528	3591	DISEASE	autonomic neuropathy	autonomic neuropathy	autonomic neuropathy	standard	40
529	8823	DISEASE	autosomal dominant Alport syndrome	autosomal dominant alport syndrome	autosomal dominant Alport syndrome	MONDO	97
530	8891	DISEASE	autosomal dominant centronuclear myopathy	autosomal dominant centronuclear myopathy	autosomal dominant centronuclear myopathy	MONDO	20
531	7801	DISEASE	autosomal dominant distal renal tubular acidosis	autosomal dominant distal renal tubular acidosis	autosomal dominant distal renal tubular acidosis	MONDO	40
532	6972	DISEASE	autosomal dominant familial periodic fever	autosomal dominant familial periodic fever	TNF receptor 1-associated periodic fever syndrome	modified_disease	42
533	7976	DISEASE	autosomal dominant ichthyosis vulgaris	autosomal dominant ichthyosis vulgaris	Ichthyosis vulgaris	MedGen	52
534	8877	DISEASE	autosomal dominant keratitis	autosomal dominant keratitis	autosomal dominant keratitis	MONDO	16
535	7980	DISEASE	autosomal dominant Parkinson disease 1	autosomal dominant parkinson disease 1	Autosomal dominant Parkinson disease 1	MedGen	65
536	9193	DISEASE	autosomal dominant Parkinson disease 4	autosomal dominant parkinson disease 4	autosomal dominant Parkinson disease 4	MONDO	20
537	8032	DISEASE	autosomal dominant Parkinson disease 8	autosomal dominant parkinson disease 8	autosomal dominant Parkinson disease 8	MONDO	17
538	3592	DISEASE	autosomal dominant polycystic kidney disease	autosomal dominant polycystic kidney disease	autosomal dominant polycystic kidney disease	standard	7
539	7727	DISEASE	autosomal dominant popliteal pterygium syndrome	autosomal dominant popliteal pterygium syndrome	autosomal dominant popliteal pterygium syndrome	MONDO	30
540	7786	DISEASE	autosomal dominant progressive nephropathy with hypertension	autosomal dominant progressive nephropathy with hypertension	Autosomal dominant progressive nephropathy with hypertension	Orphanet	41
541	8487	DISEASE	autosomal dominant pseudohypoaldosteronism type 1	autosomal dominant pseudohypoaldosteronism type 1	Autosomal dominant pseudohypoaldosteronism type 1	MedGen	124
542	8494	DISEASE	autosomal dominant sideroblastic anemia	autosomal dominant sideroblastic anemia	Autosomal dominant sideroblastic anemia	MedGen	83
543	8929	DISEASE	autosomal dominant vitreoretinochoroidopathy	autosomal dominant vitreoretinochoroidopathy	autosomal dominant vitreoretinochoroidopathy	MONDO	42
544	8574	DISEASE	autosomal recessive agammaglobulinemia 1	autosomal recessive agammaglobulinemia 1	Autosomal recessive agammaglobulinemia 1	MedGen	244
545	8945	DISEASE	autosomal recessive Alport syndrome	autosomal recessive alport syndrome	autosomal recessive Alport syndrome	MONDO	118
546	9306	DISEASE	autosomal recessive bestrophinopathy	autosomal recessive bestrophinopathy	autosomal recessive bestrophinopathy	MONDO	33
547	7992	DISEASE	autosomal recessive congenital ichthyosis 2	autosomal recessive congenital ichthyosis 2	Autosomal recessive congenital ichthyosis 2	MedGen	347
548	8030	DISEASE	autosomal recessive early-onset Parkinson disease 7	autosomal recessive early-onset parkinson disease 7	autosomal recessive early-onset Parkinson disease 7	MONDO	17
549	7858	DISEASE	autosomal recessive familial Mediterranean fever	autosomal recessive familial mediterranean fever	autosomal recessive familial Mediterranean fever	MONDO	7
550	8545	DISEASE	autosomal recessive inherited pseudoxanthoma elasticum	autosomal recessive inherited pseudoxanthoma elasticum	autosomal recessive inherited pseudoxanthoma elasticum	MONDO	6
551	8007	DISEASE	autosomal recessive juvenile Parkinson disease 2	autosomal recessive juvenile parkinson disease 2	Autosomal recessive juvenile Parkinson disease 2	MedGen	85
552	9032	DISEASE	autosomal recessive omodysplasia	autosomal recessive omodysplasia	autosomal recessive omodysplasia	MONDO	5
553	3593	DISEASE	autosomal recessive osteopetrosis	autosomal recessive osteopetrosis	autosomal recessive osteopetrosis	standard	68
554	9339	DISEASE	autosomal recessive Parkinson disease 14	autosomal recessive parkinson disease 14	autosomal recessive Parkinson disease 14	MONDO	25
555	7911	DISEASE	autosomal recessive proximal renal tubular acidosis	autosomal recessive proximal renal tubular acidosis	autosomal recessive proximal renal tubular acidosis	MONDO	46
556	9054	DISEASE	autosomal recessive Robinow syndrome	autosomal recessive robinow syndrome	autosomal recessive Robinow syndrome	MONDO	30
557	9244	DISEASE	autosomal recessive spinocerebellar ataxia 7	autosomal recessive spinocerebellar ataxia 7	autosomal recessive spinocerebellar ataxia 7	MONDO	117
558	8638	DISEASE	avascular necrosis of femoral head, primary, 1	avascular necrosis of femoral head, primary, 1	avascular necrosis of femoral head, primary, 1	MONDO	18
559	3594	DISEASE	avitaminosis	avitaminosis	Avitaminosis	standard	15
560	3595	DISEASE	axial spondyloarthritis	axial spondyloarthritis	Axial Spondyloarthritis	standard	65
561	6973	DISEASE	b-cell acute lymphoblastic leukemia	b-cell acute lymphoblastic leukemia	B-cell acute lymphoblastic leukemia	modified_disease	42
562	6974	DISEASE	b-cell chronic lymphocytic leukemia	b-cell chronic lymphocytic leukemia	Leukemia, Lymphocytic, Chronic, B-Cell	modified_disease	30
563	3596	DISEASE	b-cell neoplasm	b-cell neoplasm	B-cell neoplasm	standard	19
564	3597	DISEASE	b-cell non-hodgkin's lymphoma	b-cell non-hodgkin's lymphoma	B-cell non-Hodgkin lymphoma	standard	33
565	6975	DISEASE	b-cell precursor acute lymphocytic leukemia (all)	b-cell precursor acute lymphocytic leukemia (all)	Precursor B-cell Acute Lymphoblastic Leukemia	MONDO; Orphanet	27
566	3598	DISEASE	back pain	back pain	Back Pain	standard	18
567	3599	DISEASE	backache	backache	Back Pain	standard	18
568	3600	DISEASE	bacterial arthritis	bacterial arthritis	Arthritis, Infectious	standard	10
569	6976	DISEASE	bacterial blepharitis	bacterial blepharitis	blepharitis	modified_disease	13
570	6977	DISEASE	bacterial conjunctivitis	bacterial conjunctivitis	Conjunctivitis, Bacterial	modified_disease	34
571	6978	DISEASE	bacterial endocarditis	bacterial endocarditis	Endocarditis, Bacterial	modified_disease	28
572	6979	DISEASE	bacterial gastroenteritis	bacterial gastroenteritis	Gastroenteritis	MeSH	22
573	3601	DISEASE	bacterial infections	bacterial infections	Bacterial Infections	standard	6
574	6980	DISEASE	bacterial infections of root canal	bacterial infections of root canal	root canal bacterial infection	corrected_overlay	29
575	3602	DISEASE	bacterial infectious disease	bacterial infectious disease	bacterial infectious disease	standard	23
576	6981	DISEASE	bacterial meningitis	bacterial meningitis	Meningitis, Bacterial	modified_disease	52
577	3603	DISEASE	bacterial or protozoal diarrhea	bacterial or protozoal diarrhea	bacterial or protozoal diarrhea	corrected_overlay	15
578	3604	DISEASE	bacterial or protozoal enteritis	bacterial or protozoal enteritis	bacterial or protozoal enteritis	corrected_overlay	15
579	6982	DISEASE	bacterial osteomyelitis	bacterial osteomyelitis	chronic recurrent multifocal osteomyelitis	modified_disease	43
580	6983	DISEASE	bacterial otitis	bacterial otitis	otitis media	modified_disease	24
581	6984	DISEASE	bacterial pharyngitis	bacterial pharyngitis	pharyngitis	modified_disease	18
582	6985	DISEASE	bacterial pneumonia	bacterial pneumonia	Pneumonia, Bacterial	modified_disease	28
583	6986	DISEASE	bacterial prostatitis	bacterial prostatitis	Bacterial Prostatitis	modified_disease	28
584	6987	DISEASE	bacterial respiratory tract infections	bacterial respiratory tract infections	respiratory tract infectious disorder	modified_disease	23
585	6988	DISEASE	bacterial sepsis	bacterial sepsis	bacterial sepsis	modified_disease	18
586	9511	DISEASE	bacterial sexually transmitted infection postexposure prophylaxis	bacterial sexually transmitted infection postexposure prophylaxis	Bacterial Sexually Transmitted Infection Postexposure Prophylaxis	curated_indication_definition	32
587	6989	DISEASE	bacterial sinusitis	bacterial sinusitis	sinusitis	modified_disease	20
588	6990	DISEASE	bacterial skin infections	bacterial skin infections	bacterial skin infection	corrected_overlay	27
589	6991	DISEASE	bacterial tonsillitis	bacterial tonsillitis	Tonsillitis	modified_disease	26
590	6992	DISEASE	bacterial urethritis	bacterial urethritis	urethritis	modified_disease	10
591	6993	DISEASE	bacterial urinary tract infection	bacterial urinary tract infection	bacterial urinary tract infection	modified_disease	44
592	6994	DISEASE	bacterial urinary tract infections	bacterial urinary tract infections	Urinary Tract Infections	modified_disease	20
593	6995	DISEASE	bacterial vaginosis	bacterial vaginosis	Vaginosis, Bacterial	modified_disease	44
594	3605	DISEASE	bacteriemia	bacteriemia	bacteremia	corrected_overlay	21
595	3606	DISEASE	bacteriuria	bacteriuria	Bacteriuria	standard	41
596	3607	DISEASE	bacteroides infectious disease	bacteroides infectious disease	Bacteroides infectious disease	standard	7
597	3608	DISEASE	bardet-biedl syndrome	bardet-biedl syndrome	Bardet-Biedl Syndrome	standard	36
598	8954	DISEASE	Bardet-Biedl syndrome 1	bardet-biedl syndrome 1	Bardet-Biedl syndrome 1	MONDO	17
599	3609	DISEASE	barrett's esophagus	barrett's esophagus	Barrett Esophagus	standard	62
600	6996	DISEASE	barretts esophagus with high grade dysplasia	barretts esophagus with high grade dysplasia	Barretts esophagus with high grade dysplasia	modified_disease	41
601	8879	DISEASE	Bart-Pumphrey syndrome	bart-pumphrey syndrome	Bart-Pumphrey syndrome	MONDO	13
602	8557	DISEASE	Barth syndrome	barth syndrome	Imerslund-Grasbeck syndrome type 1	MedGen	393
603	3610	DISEASE	bartholinitis	bartholinitis	Bartholinitis	standard	17
604	3611	DISEASE	bartonellosis	bartonellosis	Bartonella Infections	standard	50
605	9154	DISEASE	Bartter disease type 1	bartter disease type 1	Bartter disease type 1	MONDO	15
606	9216	DISEASE	Bartter disease type 3	bartter disease type 3	Bartter disease type 3	MONDO	43
607	7910	DISEASE	Bartter disease type 4A	bartter disease type 4a	Bartter disease type 4A	MONDO	17
608	3612	DISEASE	basal cell carcinoma	basal cell carcinoma	Basal Cell Carcinoma	standard	70
609	8602	DISEASE	basal cell carcinoma, susceptibility to, 1	basal cell carcinoma, susceptibility to, 1	basal cell carcinoma, susceptibility to, 1	MONDO	17
610	8440	DISEASE	basal cell nevus syndrome 1	basal cell nevus syndrome 1	Basal cell nevus syndrome 2	MedGen	79
611	3613	DISEASE	basal ganglia diseases	basal ganglia diseases	Basal Ganglia Diseases	standard	45
612	3614	DISEASE	basal ganglia disorder	basal ganglia disorder	Basal Ganglia Diseases	standard	45
613	8537	DISEASE	Batten-Turner congenital myopathy	batten-turner congenital myopathy	Batten-Turner congenital myopathy	MedGen	128
614	6997	DISEASE	bcr-jak2 fusion in hematologic malignancies	bcr-jak2 fusion in hematologic malignancies	BCR-JAK2 Fusion in Hematologic Malignancies	modified_disease	45
615	3615	DISEASE	beach ear	beach ear	beach ear	standard	55
616	8555	DISEASE	Becker muscular dystrophy	becker muscular dystrophy	Becker muscular dystrophy	MedGen	272
617	8858	DISEASE	Beckwith-Wiedemann syndrome	beckwith-wiedemann syndrome	Beckwith-Wiedemann syndrome	MONDO	15
618	3616	DISEASE	bedwetting	bedwetting	Nocturnal Enuresis	standard	17
619	3617	DISEASE	behcet disease	behcet disease	Behcet Syndrome	standard	50
620	3618	DISEASE	bejel	bejel	Treponemal Infections	standard	7
621	3619	DISEASE	benign breast disease	benign breast disease	breast fibrocystic disease	standard	14
622	3620	DISEASE	benign intracranial hypertension	benign intracranial hypertension	Pseudotumor Cerebri	standard	61
623	6998	DISEASE	benign neonatal seizures	benign neonatal seizures	benign neonatal seizures	modified_disease	57
624	3621	DISEASE	benign neoplasm of adrenal gland	benign neoplasm of adrenal gland	benign neoplasm of adrenal gland	standard	8
625	3622	DISEASE	benign partial epilepsy of infancy with complex partial seizures	benign partial epilepsy of infancy with complex partial seizures	benign partial epilepsy of infancy with complex partial seizures	standard	64
626	3623	DISEASE	benign prostatic hyperplasia	benign prostatic hyperplasia	Prostatic Hyperplasia	standard	40
627	8526	DISEASE	benign recurrent intrahepatic cholestasis type 1	benign recurrent intrahepatic cholestasis type 1	Benign recurrent intrahepatic cholestasis type 1	MedGen	109
628	3624	DISEASE	benign stomach ulcer	benign stomach ulcer	benign gastric ulcer	corrected_overlay	26
629	3625	DISEASE	benign thyroid gland neoplasm	benign thyroid gland neoplasm	benign thyroid gland neoplasm	standard	8
630	3626	DISEASE	benzodiazepine intoxication	benzodiazepine intoxication	water intoxication	standard	12
631	3627	DISEASE	benzodiazepine overdose	benzodiazepine overdose	Drug Overdose	standard	15
632	3628	DISEASE	beriberi	beriberi	Beriberi	standard	51
633	7842	DISEASE	Bernard-Soulier syndrome	bernard-soulier syndrome	Bernard-Soulier syndrome	MONDO	22
634	7823	DISEASE	berry aneurysm, cirrhosis, pulmonary emphysema, and cerebral calcification	berry aneurysm, cirrhosis, pulmonary emphysema, and cerebral calcification	Berry Aneurysm	NCI Thesaurus	23
635	3629	DISEASE	berylliosis	berylliosis	Berylliosis	standard	50
636	3630	DISEASE	beta thalassemia	beta thalassemia	beta-Thalassemia	standard	55
637	9013	DISEASE	beta-mannosidosis	beta-mannosidosis	beta-mannosidosis	MONDO	26
638	3631	DISEASE	beta-thalassemia	beta-thalassemia	beta-Thalassemia	standard	55
639	3632	DISEASE	beta-thalassemia intermedia	beta-thalassemia intermedia	beta-thalassemia intermedia	standard	22
640	9351	DISEASE	beta-ureidopropionase deficiency	beta-ureidopropionase deficiency	beta-ureidopropionase deficiency	MONDO	36
641	6999	DISEASE	bilateral tonic-clonic seizure	bilateral tonic-clonic seizure	Seizures	modified_disease	26
642	7000	DISEASE	bilateral tonic-clonic seizure with focal onset	bilateral tonic-clonic seizure with focal onset	epilepsy with generalized tonic-clonic seizures	modified_disease	14
643	3633	DISEASE	biliary colic	biliary colic	Biliary colic	standard	6
644	3634	DISEASE	biliary fistula	biliary fistula	Biliary Fistula	standard	16
645	3635	DISEASE	biliary tract cancer	biliary tract cancer	Biliary Tract Neoplasms	standard	14
646	3636	DISEASE	biliary tract diseases	biliary tract diseases	Biliary Tract Diseases	standard	15
647	3637	DISEASE	binge eating	binge eating	Binge Eating Disorder	MONDO	19
648	3638	DISEASE	binge eating disorder	binge eating disorder	Binge-Eating Disorder	standard	90
649	9022	DISEASE	biotinidase deficiency	biotinidase deficiency	biotinidase deficiency	MONDO	31
650	3639	DISEASE	bipolar depression	bipolar depression	Bipolar Disorder	standard	21
651	3640	DISEASE	bipolar disorder	bipolar disorder	Bipolar Disorder	standard	21
652	3641	DISEASE	bipolar i disorder	bipolar i disorder	bipolar I disorder	standard	14
653	3642	DISEASE	bipolar ii disorder	bipolar ii disorder	bipolar II disorder	standard	33
654	9322	DISEASE	Birk-Barel syndrome	birk-barel syndrome	Birk-Barel syndrome	MONDO	65
655	8861	DISEASE	Birt-Hogg-Dube syndrome 1	birt-hogg-dube syndrome 1	Birt-Hogg-Dube syndrome 1	MONDO	18
656	3643	DISEASE	bismuth poisoning	bismuth poisoning	poisoning / intoxication	corrected_overlay	8
657	3644	DISEASE	black widow spider bites	black widow spider bites	black widow spider envenomation	standard	15
658	3645	DISEASE	blackhead disease	blackhead disease	histomoniasis / blackhead disease	corrected_overlay	14
659	3646	DISEASE	bladder cancer	bladder cancer	Urinary Bladder Neoplasms	standard	7
660	3647	DISEASE	bladder carcinoma in situ	bladder carcinoma in situ	bladder carcinoma in situ	standard	76
661	3648	DISEASE	bladder stones	bladder stones	Urinary Bladder Calculi	standard	14
662	3649	DISEASE	bladder transitional cell carcinoma	bladder transitional cell carcinoma	bladder transitional cell carcinoma	standard	48
663	3650	DISEASE	blast crisis	blast crisis	Blast Crisis	standard	31
664	3651	DISEASE	blast phase	blast phase	Blast Crisis	standard	31
665	6392	DISEASE	blastic plasmacytoid dendritic cell neoplasm (bpdcn)	blastic plasmacytoid dendritic cell neoplasm (bpdcn)	CD4+/CD56+ hematodermic neoplasm	alias_disease	36
666	3652	DISEASE	blastomycosis	blastomycosis	Blastomycosis	standard	61
667	3653	DISEASE	bleeding episodes	bleeding episodes	bleeding	standard	31
668	3654	DISEASE	bleeding gastric ulcer	bleeding gastric ulcer	gastric ulcer	standard	22
669	3655	DISEASE	blepharitis	blepharitis	Blepharitis	standard	4
670	3656	DISEASE	blepharoconjunctivitis	blepharoconjunctivitis	blepharoconjunctivitis	standard	8
671	7722	DISEASE	blepharophimosis, ptosis, and epicanthus inversus syndrome	blepharophimosis, ptosis, and epicanthus inversus syndrome	blepharophimosis, ptosis, and epicanthus inversus syndrome	MONDO	34
672	3657	DISEASE	blepharospasm	blepharospasm	Blepharospasm	standard	11
673	7917	DISEASE	blepharospasm, benign essential, susceptibility to	blepharospasm, benign essential, susceptibility to	Blepharospasm	HPO	20
674	3658	DISEASE	blind loop syndrome	blind loop syndrome	Blind Loop Syndrome	standard	58
675	3659	DISEASE	blindness	blindness	Blindness	standard	39
676	3660	DISEASE	blistering disorders	blistering disorders	voice disorders	standard	25
677	3661	DISEASE	bloating	bloating	bloating	standard	20
678	3662	DISEASE	blood coagulation disease	blood coagulation disease	blood coagulation disease	standard	19
679	3663	DISEASE	blood preservative	blood preservative	blood preservative solution	corrected_overlay	24
680	3664	DISEASE	bloody diarrhea	bloody diarrhea	Bloody diarrhea	standard	6
681	8956	DISEASE	Bloom syndrome	bloom syndrome	Bloom syndrome	MONDO	34
682	8927	DISEASE	blue color blindness	blue color blindness	blue color blindness	MONDO	17
683	3665	DISEASE	blue rubber bleb nevus syndrome	blue rubber bleb nevus syndrome	blue rubber bleb nevus	standard	25
684	3666	DISEASE	bmah	bmah	bilateral massive adrenal hemorrhage	standard	53
685	9241	DISEASE	BNAR syndrome	bnar syndrome	BNAR syndrome	MONDO	63
686	3667	DISEASE	bone and joint infections	bone and joint infections	Bone and Bones	standard	35
687	3668	DISEASE	bone disorder	bone disorder	Bone Disorder	standard	9
688	3669	DISEASE	bone fracture	bone fracture	Fracture	standard	15
689	3670	DISEASE	bone fractures	bone fractures	Fractures, Bone	standard	3
690	3671	DISEASE	bone giant cell tumor	bone giant cell tumor	bone giant cell tumor	standard	50
691	7866	DISEASE	bone osteosarcoma	bone osteosarcoma	bone osteosarcoma	MONDO	47
692	3672	DISEASE	bone paget disease	bone paget disease	bone Paget disease	standard	28
693	3673	DISEASE	bone pain	bone pain	Bone pain	standard	16
694	3674	DISEASE	bone resorption	bone resorption	Bone Resorption	standard	6
695	3675	DISEASE	bone sarcoma	bone sarcoma	bone sarcoma	standard	13
696	7837	DISEASE	Bonnemann-Meinecke-Reich syndrome	bonnemann-meinecke-reich syndrome	Bonnemann-Meinecke-Reich syndrome	MONDO	87
697	3676	DISEASE	borrelia infectious disease	borrelia infectious disease	Borrelia infectious disease	standard	7
698	9220	DISEASE	Bothnia retinal dystrophy	bothnia retinal dystrophy	Bothnia retinal dystrophy	MONDO	60
699	3677	DISEASE	botulism	botulism	Botulism	standard	61
700	3678	DISEASE	boutonneuse fever	boutonneuse fever	Boutonneuse Fever	standard	18
701	3679	DISEASE	bowel dysfunction	bowel dysfunction	bowel dysfunction	standard	21
702	3680	DISEASE	bowel incontinence	bowel incontinence	Fecal Incontinence	standard	15
703	3681	DISEASE	bowel urgency	bowel urgency	Bowel urgency	standard	9
704	3682	DISEASE	bowenoid actinic keratosis	bowenoid actinic keratosis	Bowenoid Actinic Keratosis	standard	13
705	3683	DISEASE	bowenoid papulosis	bowenoid papulosis	bowenoid papulosis	standard	39
706	8441	DISEASE	brachydactyly-arterial hypertension syndrome	brachydactyly-arterial hypertension syndrome	Brachydactyly-arterial hypertension syndrome	MedGen	49
707	9280	DISEASE	brachydactyly-syndactyly syndrome	brachydactyly-syndactyly syndrome	brachydactyly-syndactyly syndrome	MONDO	48
708	3684	DISEASE	bradycardia	bradycardia	Bradycardia	standard	31
709	3685	DISEASE	bradycardias related to vagal hyper reflectivity	bradycardias related to vagal hyper reflectivity	vagally mediated bradycardia	corrected_overlay	24
710	7001	DISEASE	braf v600e mutation-positive metastatic colorectal cancer	braf v600e mutation-positive metastatic colorectal cancer	Colorectal Neoplasms	modified_disease	20
711	7002	DISEASE	braf v600e-mutant metastatic colorectal cancer	braf v600e-mutant metastatic colorectal cancer	Colorectal Neoplasms	modified_disease	19
712	3686	DISEASE	brain abscess	brain abscess	Brain Abscess	standard	83
713	3687	DISEASE	brain cancer	brain cancer	Brain Neoplasms	standard	66
714	3688	DISEASE	brain edema	brain edema	Brain Edema	standard	77
715	3689	DISEASE	brain injury	brain injury	Brain Injuries	standard	57
716	3690	DISEASE	brain ischemia	brain ischemia	Brain Ischemia	standard	32
717	3691	DISEASE	brain neoplasm	brain neoplasm	Brain Neoplasms	standard	66
718	3692	DISEASE	brain neoplasms	brain neoplasms	Brain Neoplasms	standard	66
719	3693	DISEASE	brain stem glioma	brain stem glioma	brain stem glioma	standard	9
720	3694	DISEASE	brain tumor malignancy	brain tumor malignancy	malignancy in giant cell tumor of bone	standard	58
721	3695	DISEASE	brain tumors	brain tumors	Brain Neoplasms	standard	66
722	3696	DISEASE	branch retinal vein occlusion	branch retinal vein occlusion	Retinal Vein Occlusion	standard	23
723	7939	DISEASE	branchial myoclonus with spastic paraparesis and cerebellar ataxia	branchial myoclonus with spastic paraparesis and cerebellar ataxia	Branchial myoclonus with spastic paraparesis and cerebellar ataxia	MedGen	16
724	8832	DISEASE	branchiooculofacial syndrome	branchiooculofacial syndrome	branchiooculofacial syndrome	MONDO	57
725	3697	DISEASE	breakthrough cancer pain	breakthrough cancer pain	breakthrough cancer pain	corrected_overlay	17
726	3698	DISEASE	breakthrough pain	breakthrough pain	Breakthrough Pain	standard	12
727	3699	DISEASE	breast adenocarcinoma	breast adenocarcinoma	breast adenocarcinoma	standard	11
728	3700	DISEASE	breast cancer	breast cancer	Breast Neoplasms	standard	7
729	7003	DISEASE	breast cancer in postmenopausal women at high risk for invasive breast cancer	breast cancer in postmenopausal women at high risk for invasive breast cancer	Breast Neoplasms	modified_disease	15
730	7004	DISEASE	breast cancer in postmenopausal women with osteoporosis	breast cancer in postmenopausal women with osteoporosis	Breast Neoplasms	modified_disease	17
731	7005	DISEASE	breast cancer recurrent	breast cancer recurrent	breast cancer	corrected_overlay	18
732	3701	DISEASE	breast carcinoma	breast carcinoma	Breast Neoplasms	standard	7
733	3702	DISEASE	breast disorder	breast disorder	breast disorder	standard	5
734	3703	DISEASE	breast engorgement	breast engorgement	Breast Engorgement	standard	15
735	3704	DISEASE	breast fibrocystic disease	breast fibrocystic disease	Fibrocystic Breast Disease	standard	46
736	3705	DISEASE	breast lesion	breast lesion	Breast Lesion	standard	14
737	3706	DISEASE	breast neoplasms	breast neoplasms	Breast Neoplasms	standard	7
738	3707	DISEASE	breast pain	breast pain	Mastodynia	standard	31
739	3708	DISEASE	brill-zinsser disease	brill-zinsser disease	Typhus, Epidemic Louse-Borne	standard	51
740	8979	DISEASE	brittle cornea syndrome 1	brittle cornea syndrome 1	brittle cornea syndrome 1	MONDO	18
741	9425	DISEASE	brittle cornea syndrome 2	brittle cornea syndrome 2	brittle cornea syndrome 2	MONDO	18
742	9147	DISEASE	Brody myopathy	brody myopathy	Brody myopathy	MONDO	194
743	3709	DISEASE	bronchial asthma	bronchial asthma	Asthma	standard	34
744	3710	DISEASE	bronchiectasis	bronchiectasis	Bronchiectasis	standard	6
745	3711	DISEASE	bronchiolitis	bronchiolitis	Bronchiolitis	standard	4
746	3712	DISEASE	bronchitis	bronchitis	Bronchitis	standard	22
747	3713	DISEASE	bronchoconstriction	bronchoconstriction	Bronchoconstriction	standard	15
748	3714	DISEASE	bronchogenic carcinoma	bronchogenic carcinoma	Carcinoma, Bronchogenic	standard	34
749	3715	DISEASE	bronchopulmonary dysplasia	bronchopulmonary dysplasia	Bronchopulmonary Dysplasia	standard	55
750	3716	DISEASE	bronchospasm	bronchospasm	Bronchial Spasm	standard	9
751	7006	DISEASE	bronchospasm associated with chronic obstructive pulmonary disease	bronchospasm associated with chronic obstructive pulmonary disease	chronic obstructive pulmonary disease	modified_disease	49
752	3717	DISEASE	bronchospasm occurring during anesthesia	bronchospasm occurring during anesthesia	bronchospasm	standard	28
753	3718	DISEASE	bronchospasm, exercise-induced	bronchospasm, exercise-induced	Asthma, Exercise-Induced	standard	57
754	3719	DISEASE	brucellosis	brucellosis	Brucellosis	standard	25
755	8572	DISEASE	Brugada syndrome 1	brugada syndrome 1	Brugada syndrome 1	MedGen	114
756	9305	DISEASE	Brugada syndrome 2	brugada syndrome 2	Brugada syndrome 2	MONDO	17
757	9308	DISEASE	Brugada syndrome 3	brugada syndrome 3	Brugada syndrome 3	MONDO	17
758	9309	DISEASE	Brugada syndrome 4	brugada syndrome 4	Brugada syndrome 4	MONDO	17
759	9337	DISEASE	Brugada syndrome 5	brugada syndrome 5	Brugada syndrome 5	MONDO	17
760	9347	DISEASE	Brugada syndrome 6	brugada syndrome 6	Brugada syndrome 6	MONDO	17
761	9348	DISEASE	Brugada syndrome 7	brugada syndrome 7	Brugada syndrome 7	MONDO	17
762	9349	DISEASE	Brugada syndrome 8	brugada syndrome 8	Brugada syndrome 8	MONDO	17
763	3720	DISEASE	bruises	bruises	Contusions	standard	9
764	3721	DISEASE	bruton-type agammaglobulinemia	bruton-type agammaglobulinemia	Bruton-type agammaglobulinemia	standard	27
765	3722	DISEASE	bruxism	bruxism	Bruxism	standard	10
766	8569	DISEASE	Budd-Chiari syndrome	budd-chiari syndrome	Budd-Chiari syndrome	MedGen	64
767	3723	DISEASE	bulimia nervosa	bulimia nervosa	Bulimia Nervosa	standard	39
768	7921	DISEASE	bulimia nervosa, susceptibility to, 1	bulimia nervosa, susceptibility to, 1	bulimia nervosa	MONDO	43
769	3724	DISEASE	burkholderia cepacia infection	burkholderia cepacia infection	Burkholderia Infections	standard	7
770	3725	DISEASE	burkholderia infectious disease	burkholderia infectious disease	burkholderia infectious disease	standard	7
771	3726	DISEASE	burkitt lymphoma	burkitt lymphoma	Burkitt Lymphoma	standard	89
772	3727	DISEASE	burkitt's lymphoma	burkitt's lymphoma	Burkitt Lymphoma	standard	89
773	6393	DISEASE	burkitt-like lymphoma (bll)	burkitt-like lymphoma (bll)	Burkitt-like lymphoma	corrected_overlay	23
774	3728	DISEASE	burn infection	burn infection	Burn wound infection	manual_final7_review	31
775	3729	DISEASE	burn injury	burn injury	burn injury	corrected_overlay	18
776	3730	DISEASE	burning sensation	burning sensation	Burning Sensation	standard	16
777	3731	DISEASE	burns	burns	Burns	standard	18
778	3732	DISEASE	burns extensive	burns extensive	extensive burns	corrected_overlay	18
779	3733	DISEASE	bursitis	bursitis	Bursitis	standard	24
780	3734	DISEASE	c1 inhibitor deficiency	c1 inhibitor deficiency	Angioedemas, Hereditary	standard	18
781	9454	DISEASE	C3 glomerulonephritis	c3 glomerulonephritis	C3 glomerulonephritis	MONDO	24
782	3735	DISEASE	cachexia	cachexia	Cachexia	standard	12
783	3736	DISEASE	cadmium poisoning	cadmium poisoning	Cadmium Poisoning	standard	17
784	3737	DISEASE	calciphylaxis	calciphylaxis	Calciphylaxis	standard	18
785	3738	DISEASE	caloric intake deficit	caloric intake deficit	caloric intake deficit	corrected_overlay	24
786	8834	DISEASE	campomelic dysplasia	campomelic dysplasia	campomelic dysplasia	MONDO	66
787	3739	DISEASE	campylobacter fetus infections	campylobacter fetus infections	Campylobacter infections; Campylobacter fetus	corrected_overlay	11
788	3740	DISEASE	campylobacter fetus infectious disease	campylobacter fetus infectious disease	infectious disease	standard	27
789	3741	DISEASE	campylobacteriosis	campylobacteriosis	Campylobacter Infections	standard	7
790	7740	DISEASE	Camurati-Engelmann disease	camurati-engelmann disease	Camurati-Engelmann disease	MONDO	40
791	9062	DISEASE	Canavan disease	canavan disease	Canavan disease	MONDO	27
792	3742	DISEASE	cancer	cancer	Neoplasms	standard	25
793	3743	DISEASE	cancer of unknown primary site	cancer of unknown primary site	Malignant Neoplasm of Unknown Primary	standard	15
794	3744	DISEASE	cancer with a high tumor mutational burden	cancer with a high tumor mutational burden	tumor mutational burden-high cancer	corrected_overlay	10
795	7007	DISEASE	candida endocarditis	candida endocarditis	endocarditis	modified_disease	10
796	3745	DISEASE	candida infections	candida infections	Candidiasis	standard	31
797	7008	DISEASE	candida infections in patients undergoing hematopoietic stem cell transplantation	candida infections in patients undergoing hematopoietic stem cell transplantation	Candidiasis	corrected_overlay	14
798	7009	DISEASE	candida urinary system infections	candida urinary system infections	urinary system disorder	modified_disease	14
799	3746	DISEASE	candidal vaginitis	candidal vaginitis	vaginitis	standard	9
800	3747	DISEASE	candidemia	candidemia	Candidemia	standard	14
801	3748	DISEASE	candidiasis	candidiasis	Candidiasis	standard	31
802	3749	DISEASE	candidiasis of vagina	candidiasis of vagina	Candidiasis, Vulvovaginal	standard	13
803	3750	DISEASE	candidiasis, cutaneous	candidiasis, cutaneous	Candidiasis, Cutaneous	standard	19
804	7723	DISEASE	candidiasis, familial, 1	candidiasis, familial, 1	candidiasis	MONDO	5
805	3751	DISEASE	candidiasis, invasive	candidiasis, invasive	Candidiasis, Invasive	standard	39
806	3752	DISEASE	candidiasis, oral	candidiasis, oral	Candidiasis, Oral	standard	18
807	3753	DISEASE	candidiasis, vulvovaginal	candidiasis, vulvovaginal	Candidiasis, Vulvovaginal	standard	13
808	3754	DISEASE	canker sore	canker sore	Stomatitis, Aphthous	standard	51
809	3755	DISEASE	cap myopathy	cap myopathy	cap myopathy	standard	53
810	3756	DISEASE	capecitabine overdose	capecitabine overdose	Capecitabine	standard	81
811	7010	DISEASE	capillary infantile hemangioma	capillary infantile hemangioma	capillary infantile hemangioma	modified_disease	35
812	3757	DISEASE	carbamate poisoning	carbamate poisoning	poisoning / intoxication	corrected_overlay	8
813	3758	DISEASE	carbamoyl phosphate synthetase i deficiency disease	carbamoyl phosphate synthetase i deficiency disease	Carbamoyl-Phosphate Synthase I Deficiency Disease	standard	48
814	3759	DISEASE	carbohydrate deficiency	carbohydrate deficiency	Nutritional Deficiency; Carbohydrate Metabolism Disorders	corrected_overlay	12
815	3760	DISEASE	carbon monoxide poisoning	carbon monoxide poisoning	Carbon Monoxide Poisoning	standard	13
816	3761	DISEASE	carbon monoxide-induced parkinsonism	carbon monoxide-induced parkinsonism	Carbon monoxide-induced parkinsonism	standard	49
817	8958	DISEASE	carboxypeptidase N deficiency	carboxypeptidase n deficiency	carboxypeptidase N deficiency	MONDO	29
818	3762	DISEASE	carcinoid syndrome	carcinoid syndrome	Carcinoid Syndrome	standard	20
819	3763	DISEASE	carcinoid syndrome diarrhea	carcinoid syndrome diarrhea	carcinoid syndrome-associated diarrhea	corrected_overlay	15
820	3764	DISEASE	carcinoid tumor	carcinoid tumor	Carcinoid Tumor	standard	85
821	3765	DISEASE	carcinoma	carcinoma	Carcinoma	standard	32
822	7011	DISEASE	carcinoma breast stage iv	carcinoma breast stage iv	breast carcinoma	modified_disease	18
823	3766	DISEASE	carcinoma of esophagus	carcinoma of esophagus	carcinoma of esophagus	standard	30
824	3767	DISEASE	carcinoma, ductal, breast	carcinoma, ductal, breast	Carcinoma, Ductal, Breast	standard	15
825	3768	DISEASE	cardiac arrest	cardiac arrest	Heart Arrest	standard	30
826	3769	DISEASE	cardiac arrhythmia	cardiac arrhythmia	Arrhythmias, Cardiac	standard	32
827	9145	DISEASE	cardiac arrhythmia, ankyrin-B-related	cardiac arrhythmia, ankyrin-b-related	cardiac arrhythmia, ankyrin-B-related	MONDO	15
828	8836	DISEASE	cardiac conduction defect	cardiac conduction defect	cardiac conduction defect	MONDO	14
829	3770	DISEASE	cardiac sarcoidosis	cardiac sarcoidosis	cardiac sarcoidosis	standard	7
830	3771	DISEASE	cardiac toxicity	cardiac toxicity	Cardiotoxicity	standard	22
831	7012	DISEASE	cardiac transplant rejection	cardiac transplant rejection	transplant rejection	modified_disease	29
832	9133	DISEASE	cardiac valvular dysplasia, X-linked	cardiac valvular dysplasia, x-linked	cardiac valvular dysplasia, X-linked	MONDO	15
833	3772	DISEASE	cardiogenic shock	cardiogenic shock	Shock, Cardiogenic	standard	10
834	3773	DISEASE	cardiomegaly	cardiomegaly	Cardiomegaly	standard	47
835	3774	DISEASE	cardiomyopathy	cardiomyopathy	Cardiomyopathies	standard	40
836	7826	DISEASE	cardiomyopathy associated with myopathy and sudden death	cardiomyopathy associated with myopathy and sudden death	Early-onset myopathy with fatal cardiomyopathy	Orphanet	70
837	9282	DISEASE	cardiomyopathy-hypotonia-lactic acidosis syndrome	cardiomyopathy-hypotonia-lactic acidosis syndrome	cardiomyopathy-hypotonia-lactic acidosis syndrome	MONDO	62
838	7956	DISEASE	Cardioneuromyopathy with hyaline masses and nemaline rods	cardioneuromyopathy with hyaline masses and nemaline rods	Cardioneuromyopathy with hyaline masses and nemaline rods	MedGen	15
839	8886	DISEASE	cardiospondylocarpofacial syndrome	cardiospondylocarpofacial syndrome	cardiospondylocarpofacial syndrome	MONDO	51
840	3775	DISEASE	cardiovascular disorder	cardiovascular disorder	cardiovascular disorder	standard	6
841	9512	DISEASE	cardiovascular event risk reduction	cardiovascular event risk reduction	Cardiovascular Event Risk Reduction	curated_indication_definition	32
842	3776	DISEASE	carotid artery disorder	carotid artery disorder	Carotid Artery Diseases	standard	25
843	3777	DISEASE	carotid sinus hypersensitivity	carotid sinus hypersensitivity	Carotid sinus hypersensitivity	standard	26
844	3778	DISEASE	carotid sinus syncope	carotid sinus syncope	Syncope	standard	50
845	8443	DISEASE	carpal tunnel syndrome 1	carpal tunnel syndrome 1	Carpal tunnel syndrome 1	MedGen	113
846	3779	DISEASE	castleman disease	castleman disease	Castleman Disease	standard	40
847	7013	DISEASE	castrate-resistant prostate cancer	castrate-resistant prostate cancer	prostate cancer	modified_disease	17
848	7014	DISEASE	castration-resistant prostate carcinoma	castration-resistant prostate carcinoma	castration-resistant prostate carcinoma	modified_disease	57
849	3780	DISEASE	cat allergy	cat allergy	Cat Allergy	standard	20
850	3781	DISEASE	cataplexy	cataplexy	Cataplexy	standard	61
851	3782	DISEASE	cataract	cataract	Cataract	standard	44
852	9258	DISEASE	cataract 18	cataract 18	cataract 18	MONDO	16
853	9255	DISEASE	cataract 22 multiple types	cataract 22 multiple types	cataract 22 multiple types	MONDO	18
854	9268	DISEASE	cataract 23	cataract 23	cataract 23	MONDO	18
855	8839	DISEASE	cataract 30	cataract 30	cataract 30	MONDO	16
856	9297	DISEASE	cataract 33	cataract 33	cataract 33	MONDO	18
857	9404	DISEASE	cataract 36	cataract 36	cataract 36	MONDO	16
858	9451	DISEASE	cataract 38	cataract 38	cataract 38	MONDO	18
859	9111	DISEASE	cataract 40	cataract 40	cataract 40	MONDO	18
860	7726	DISEASE	cataract-aberrant oral frenula-growth delay syndrome	cataract-aberrant oral frenula-growth delay syndrome	cataract-aberrant oral frenula-growth delay syndrome	MONDO	59
861	7943	DISEASE	cavernous hemangiomas of face-supraumbilical midline raphe syndrome	cavernous hemangiomas of face-supraumbilical midline raphe syndrome	Cavernous hemangiomas of face-supraumbilical midline raphe syndrome	MedGen	15
862	7015	DISEASE	ccr5-tropic hiv-1 infection	ccr5-tropic hiv-1 infection	HIV-1 infection	corrected_overlay	10
863	3783	DISEASE	cd30-expressing mycosis fungoides	cd30-expressing mycosis fungoides	mycosis fungoides	standard	34
864	3784	DISEASE	cd30-expressing peripheral t-cell lymphomas	cd30-expressing peripheral t-cell lymphomas	peripheral T-cell lymphoma	standard	18
865	7016	DISEASE	cd4+/cd56+ hematodermic neoplasm	cd4+/cd56+ hematodermic neoplasm	CD4+/CD56+ hematodermic neoplasm	modified_disease	45
866	7750	DISEASE	CDH1-related diffuse gastric and lobular breast cancer syndrome	cdh1-related diffuse gastric and lobular breast cancer syndrome	CDH1-related diffuse gastric and lobular breast cancer syndrome	MONDO	51
867	3785	DISEASE	celiac disease	celiac disease	Celiac Disease	standard	37
868	8033	DISEASE	celiac disease, susceptibility to, 5	celiac disease, susceptibility to, 5	Celiac disease, susceptibility to, 5	MedGen	75
869	7017	DISEASE	cellular phase chronic idiopathic myelofibrosis	cellular phase chronic idiopathic myelofibrosis	cellular phase chronic idiopathic myelofibrosis	modified_disease	35
870	3786	DISEASE	cellulite	cellulite	Cellulite	standard	28
871	3787	DISEASE	cellulitis	cellulitis	Cellulitis	standard	36
872	8841	DISEASE	central core myopathy	central core myopathy	central core myopathy	MONDO	52
873	3788	DISEASE	central cranial diabetes insipidus	central cranial diabetes insipidus	Diabetes Insipidus, Neurogenic	standard	65
874	3789	DISEASE	central diabetes insipidus	central diabetes insipidus	Diabetes Insipidus, Neurogenic	standard	65
875	3790	DISEASE	central nervous system (cns) hemangioblastomas	central nervous system (cns) hemangioblastomas	central nervous system hemangioblastoma	corrected_overlay	26
876	6394	DISEASE	central nervous system depression (disorder)	central nervous system depression (disorder)	central nervous system depression	alias_disease	24
877	3791	DISEASE	central nervous system infections	central nervous system infections	Central Nervous System Infections	standard	41
878	3792	DISEASE	central nervous system infectious disorder	central nervous system infectious disorder	central nervous system infectious disorder	standard	18
879	3793	DISEASE	central nervous system leukemia	central nervous system leukemia	central nervous system leukemia	standard	7
880	3794	DISEASE	central nervous system lupus	central nervous system lupus	Lupus Vasculitis, Central Nervous System	standard	27
881	3795	DISEASE	central nervous system neoplasms	central nervous system neoplasms	Central Nervous System Neoplasms	standard	17
882	3796	DISEASE	central nervous system organ benign neoplasm	central nervous system organ benign neoplasm	central nervous system organ benign neoplasm	standard	9
883	3797	DISEASE	central nervous system toxicity	central nervous system toxicity	central nervous system leukemia	standard	7
884	3798	DISEASE	central precocious puberty	central precocious puberty	Puberty, Precocious	standard	53
885	8482	DISEASE	central precocious puberty 1	central precocious puberty 1	Central precocious puberty 1	MedGen	136
886	3799	DISEASE	central retinal vein occlusion	central retinal vein occlusion	Retinal Vein Occlusion	standard	23
887	3800	DISEASE	central retinal vein occlusion with macular edema	central retinal vein occlusion with macular edema	central retinal vein occlusion with macular edema	corrected_overlay	28
888	6395	DISEASE	cerebral adrenoleukodystrophy (cald)	cerebral adrenoleukodystrophy (cald)	Cerebral Adrenoleukodystrophy	alias_disease	24
889	7730	DISEASE	cerebral arteriopathy, autosomal dominant, with subcortical infarcts and leukoencephalopathy, type 1	cerebral arteriopathy, autosomal dominant, with subcortical infarcts and leukoencephalopathy, type 1	cerebral arteriopathy, autosomal dominant, with subcortical infarcts and leukoencephalopathy, type 1	MONDO	24
890	8840	DISEASE	cerebral cavernous malformation 1	cerebral cavernous malformation 1	cerebral cavernous malformation 1	MONDO	15
891	3801	DISEASE	cerebral cysticercosis	cerebral cysticercosis	Neurocysticercosis	standard	80
892	3802	DISEASE	cerebral edema	cerebral edema	Brain Edema	standard	77
893	3803	DISEASE	cerebral embolism	cerebral embolism	Intracranial Embolism	standard	49
894	9513	DISEASE	cerebral folate transport deficiency	cerebral folate transport deficiency	Cerebral folate transport deficiency	MedGen	128
895	3804	DISEASE	cerebral infarction	cerebral infarction	Cerebral Infarction	standard	50
896	3805	DISEASE	cerebral malaria	cerebral malaria	Malaria, Cerebral	standard	67
897	3806	DISEASE	cerebral palsy	cerebral palsy	Cerebral Palsy	standard	106
898	3807	DISEASE	cerebral toxoplasmosis	cerebral toxoplasmosis	Toxoplasmosis, Cerebral	standard	55
899	3808	DISEASE	cerebral vasospasm	cerebral vasospasm	Vasospasm, Intracranial	standard	45
900	3809	DISEASE	cerebrospinal fluid leak	cerebrospinal fluid leak	Cerebrospinal Fluid Leak	standard	26
901	3810	DISEASE	cerebrotendinous xanthomatosis	cerebrotendinous xanthomatosis	Xanthomatosis, Cerebrotendinous	standard	42
902	3811	DISEASE	cerebrovascular accident	cerebrovascular accident	Stroke	standard	57
903	3812	DISEASE	cerebrovascular disorder	cerebrovascular disorder	Cerebrovascular Disorders	standard	40
904	3813	DISEASE	cerebrovascular disorders	cerebrovascular disorders	Cerebrovascular Disorders	standard	40
905	3814	DISEASE	cerebrovascular insufficiency	cerebrovascular insufficiency	Cerebrovascular Disorders	standard	40
906	8510	DISEASE	ceroid lipofuscinosis, neuronal, 6B (Kufs type)	ceroid lipofuscinosis, neuronal, 6b (kufs type)	Ceroid lipofuscinosis, neuronal, 6B (Kufs type)	MedGen	144
907	3815	DISEASE	cervical cancer	cervical cancer	Uterine Cervical Neoplasms	standard	7
908	3816	DISEASE	cervical carcinoma	cervical carcinoma	cervical carcinoma	standard	33
909	3817	DISEASE	cervical dilatation	cervical dilatation	Labor Stage, First	standard	16
910	3818	DISEASE	cervical intraepithelial neoplasia	cervical intraepithelial neoplasia	Uterine Cervical Dysplasia	standard	33
911	7018	DISEASE	cervical intraepithelial neoplasia grade 2/3	cervical intraepithelial neoplasia grade 2/3	cervical intraepithelial neoplasia grade 2/3	modified_disease	43
912	3819	DISEASE	cervical squamous cell carcinoma	cervical squamous cell carcinoma	cervical squamous cell carcinoma	standard	78
913	3820	DISEASE	cervical squamous intraepithelial neoplasia 1	cervical squamous intraepithelial neoplasia 1	Cervical Squamous Intraepithelial Neoplasia 1	standard	40
914	3821	DISEASE	cervicitis	cervicitis	Uterine Cervicitis	standard	5
915	3822	DISEASE	cervicofacial actinomycosis	cervicofacial actinomycosis	cervicofacial actinomycosis	standard	27
916	7019	DISEASE	cervix carcinoma recurrent	cervix carcinoma recurrent	cervical carcinoma	corrected_overlay	12
917	3823	DISEASE	cervix erosion	cervix erosion	Uterine Cervical Erosion	standard	11
918	3824	DISEASE	chagas disease	chagas disease	Chagas Disease	standard	63
919	3825	DISEASE	chancroid	chancroid	Chancroid	standard	37
920	3826	DISEASE	chapped skin	chapped skin	Chapped Skin	corrected_overlay	12
921	8446	DISEASE	Charcot-Marie-Tooth disease type 1A	charcot-marie-tooth disease type 1a	PMP22-RAI1 contiguous gene duplication syndrome	MedGen	109
922	8445	DISEASE	Charcot-Marie-Tooth disease type 1B	charcot-marie-tooth disease type 1b	Charcot-Marie-Tooth disease type 1B	MONDO	32
923	8460	DISEASE	Charcot-Marie-Tooth disease type 3	charcot-marie-tooth disease type 3	Charcot-Marie-Tooth disease type 5	MedGen	78
924	8960	DISEASE	Chediak-Higashi syndrome	chediak-higashi syndrome	Chediak-Higashi syndrome	MONDO	39
925	3827	DISEASE	cheek mucosa cancer	cheek mucosa cancer	cheek mucosa cancer	standard	7
926	3828	DISEASE	chemical burns	chemical burns	Burns, Chemical	standard	12
927	3829	DISEASE	chemotherapy induced nausea and vomiting	chemotherapy induced nausea and vomiting	Chemotherapy-Related Nausea and/or Vomiting	NCI Thesaurus	9
928	3830	DISEASE	chemotherapy-induced nausea and vomiting	chemotherapy-induced nausea and vomiting	Chemotherapy-Related Nausea and/or Vomiting	standard	9
929	3831	DISEASE	chemotherapy-induced oral mucositis	chemotherapy-induced oral mucositis	chemotherapy-induced oral mucositis	standard	13
930	3832	DISEASE	chickenpox	chickenpox	Chickenpox	standard	75
931	3833	DISEASE	chiclero ulcer	chiclero ulcer	Ulcer	standard	20
932	9269	DISEASE	chilblain lupus 1	chilblain lupus 1	chilblain lupus 1	MONDO	17
933	9439	DISEASE	chilblain lupus 2	chilblain lupus 2	chilblain lupus 2	MONDO	17
934	9122	DISEASE	CHILD syndrome	child syndrome	CHILD syndrome	MONDO	30
935	7020	DISEASE	childhood absence epilepsy	childhood absence epilepsy	Epilepsy, Absence	modified_disease	23
936	9157	DISEASE	childhood apraxia of speech	childhood apraxia of speech	childhood apraxia of speech	MONDO	15
937	9002	DISEASE	childhood hypophosphatasia	childhood hypophosphatasia	childhood hypophosphatasia	MONDO	39
938	7021	DISEASE	childhood leukemia	childhood leukemia	childhood leukemia	modified_disease	24
939	7022	DISEASE	childhood low-grade glioma	childhood low-grade glioma	childhood low-grade glioma	modified_disease	41
940	7023	DISEASE	childhood malignant neoplasm	childhood malignant neoplasm	childhood malignant neoplasm	modified_disease	21
941	7024	DISEASE	childhood rhabdomyosarcoma	childhood rhabdomyosarcoma	Childhood Rhabdomyosarcoma	modified_disease	28
942	7025	DISEASE	childhood-onset growth hormone deficiency (co-ghd)	childhood-onset growth hormone deficiency (co-ghd)	Growth Hormone Deficiency	modified_disease	13
943	3834	DISEASE	chlamydia	chlamydia	Chlamydia	standard	33
944	3835	DISEASE	chlamydia infections	chlamydia infections	Chlamydia Infections	standard	7
945	3836	DISEASE	chlamydia infectious disease	chlamydia infectious disease	chlamydia infectious disease	standard	7
946	3837	DISEASE	chlamydia pneumoniae	chlamydia pneumoniae	Chlamydophila pneumoniae	standard	17
947	3838	DISEASE	chloasma	chloasma	Melanosis	standard	11
948	3839	DISEASE	chloride deficiency	chloride deficiency	complement deficiency	standard	27
949	3840	DISEASE	cholangiocarcinoma	cholangiocarcinoma	Cholangiocarcinoma	standard	11
950	3841	DISEASE	cholangitis	cholangitis	Cholangitis	standard	12
951	3842	DISEASE	cholecystitis	cholecystitis	Cholecystitis	standard	20
952	3843	DISEASE	cholecystolithiasis	cholecystolithiasis	Cholecystolithiasis	standard	8
953	3844	DISEASE	choledocholithiasis	choledocholithiasis	Choledocholithiasis	standard	10
954	3845	DISEASE	cholelithiasis	cholelithiasis	Cholelithiasis	standard	20
955	3846	DISEASE	cholera	cholera	Cholera	standard	31
956	3847	DISEASE	cholestasis	cholestasis	Cholestasis	standard	21
957	7770	DISEASE	cholestasis, intrahepatic, of pregnancy, 1	cholestasis, intrahepatic, of pregnancy, 1	cholestasis	MONDO	20
958	3848	DISEASE	cholestatic pruritus	cholestatic pruritus	Pruritus; Cholestasis	corrected_overlay	12
959	9076	DISEASE	cholesteryl ester storage disease	cholesteryl ester storage disease	cholesteryl ester storage disease	MONDO	27
960	8516	DISEASE	chondrosarcoma	chondrosarcoma	Chondrosarcoma	MedGen	9
961	8517	DISEASE	chordoma	chordoma	Chordoma, susceptibility to	MedGen	72
962	3849	DISEASE	chorea	chorea	Chorea	standard	56
963	8936	DISEASE	chorea-acanthocytosis	chorea-acanthocytosis	VPS13A-related neurodegenerative disease	MedGen	150
964	3850	DISEASE	choriocarcinoma	choriocarcinoma	Choriocarcinoma	standard	52
965	3851	DISEASE	choriocarcinoma of testis	choriocarcinoma of testis	choriocarcinoma of testis	standard	30
966	3852	DISEASE	chorioretinitis	chorioretinitis	Chorioretinitis	standard	29
967	3853	DISEASE	choroidal neovascularization	choroidal neovascularization	Choroidal Neovascularization	standard	14
968	9113	DISEASE	choroideremia	choroideremia	choroideremia	MONDO	20
969	7888	DISEASE	choroideremia-deafness-obesity syndrome	choroideremia-deafness-obesity syndrome	choroideremia-deafness-obesity syndrome	MONDO	46
970	3854	DISEASE	choroiditis	choroiditis	Choroiditis	standard	4
971	9084	DISEASE	Christianson syndrome	christianson syndrome	Christianson syndrome	MONDO	22
972	3855	DISEASE	chromium deficiency	chromium deficiency	complement deficiency	standard	27
973	3856	DISEASE	chromoblastomycosis	chromoblastomycosis	Chromoblastomycosis	standard	72
974	3857	DISEASE	chromomycosis	chromomycosis	Chromoblastomycosis	standard	72
975	3858	DISEASE	chromophobe adenoma	chromophobe adenoma	Adenoma, Chromophobe	standard	19
976	7026	DISEASE	chronic alcoholism	chronic alcoholism	Alcoholism	modified_disease	21
977	7027	DISEASE	chronic anal fissure	chronic anal fissure	anus disease	modified_disease	13
978	7028	DISEASE	chronic anemia	chronic anemia	Anemia, Diamond-Blackfan	modified_disease	17
979	7029	DISEASE	chronic anterior uveitis	chronic anterior uveitis	anterior uveitis	modified_disease	17
980	7030	DISEASE	chronic anxiety	chronic anxiety	anxiety disorder	modified_disease	18
981	7031	DISEASE	chronic asthma	chronic asthma	chronic asthma	modified_disease	31
982	7032	DISEASE	chronic asthmatic bronchitis	chronic asthmatic bronchitis	chronic bronchitis	modified_disease	38
983	7033	DISEASE	chronic atrial fibrillation	chronic atrial fibrillation	Chronic Atrial Fibrillation	modified_disease	32
984	7034	DISEASE	chronic atrophic gastritis	chronic atrophic gastritis	chronic atrophic gastritis	modified_disease	14
985	7035	DISEASE	chronic bacterial prostatitis	chronic bacterial prostatitis	Prostatitis	modified_disease	16
986	7036	DISEASE	chronic bronchitis	chronic bronchitis	Bronchitis, Chronic	modified_disease	13
987	7037	DISEASE	chronic cancer pain	chronic cancer pain	Chronic Cancer Pain	modified_disease	16
988	7038	DISEASE	chronic constipation	chronic constipation	constipation disorder	modified_disease	15
989	7039	DISEASE	chronic cystitis	chronic cystitis	chronic cystitis	modified_disease	12
990	7040	DISEASE	chronic dermal ulcers	chronic dermal ulcers	Chronic Non-Specific Multiple Ulcers of the Small Intestine	modified_disease	36
991	7041	DISEASE	chronic diarrheal disease	chronic diarrheal disease	chronic diarrheal disease	modified_disease	12
992	7042	DISEASE	chronic emphysema	chronic emphysema	pulmonary emphysema	modified_disease	14
993	7043	DISEASE	chronic eosinophilic leukemia	chronic eosinophilic leukemia	chronic eosinophilic leukemia	modified_disease	32
994	7044	DISEASE	chronic gastritis	chronic gastritis	chronic gastritis	modified_disease	15
995	7045	DISEASE	chronic gouty arthritis	chronic gouty arthritis	Arthritis, Gouty	modified_disease	18
996	7046	DISEASE	chronic graft versus host disease	chronic graft versus host disease	Graft vs Host Disease	MeSH	30
997	7047	DISEASE	chronic granulomatous disease	chronic granulomatous disease	Granulomatous Disease, Chronic	modified_disease	30
998	7048	DISEASE	chronic heart failure	chronic heart failure	Heart Failure	modified_disease	29
999	7049	DISEASE	chronic heart failure with reduced ejection fraction	chronic heart failure with reduced ejection fraction	heart failure	modified_disease	27
1000	7050	DISEASE	chronic hepatitis (viral b)	chronic hepatitis (viral b)	chronic hepatitis B virus infection	MONDO	27
1001	7051	DISEASE	chronic hepatitis (viral c)	chronic hepatitis (viral c)	Hepatitis C, Chronic	MeSH	37
1002	7052	DISEASE	chronic hepatitis (viral d)	chronic hepatitis (viral d)	Hepatitis D	MeSH	40
1003	7053	DISEASE	chronic hepatitis b virus infection	chronic hepatitis b virus infection	Hepatitis B, Chronic	modified_disease	25
1004	7054	DISEASE	chronic hepatitis c	chronic hepatitis c	Hepatitis C, Chronic	modified_disease	25
1005	7055	DISEASE	chronic hepatitis c genotype 2	chronic hepatitis c genotype 2	chronic hepatitis C virus infection	modified_disease	15
1006	7056	DISEASE	chronic hepatitis c virus (genotype 4) infection	chronic hepatitis c virus (genotype 4) infection	chronic hepatitis C virus infection	modified_disease	19
1007	7057	DISEASE	chronic hepatitis c virus genotype 3 infection	chronic hepatitis c virus genotype 3 infection	chronic hepatitis C virus infection	modified_disease	17
1008	7058	DISEASE	chronic hepatitis c virus infection	chronic hepatitis c virus infection	chronic hepatitis C virus infection	modified_disease	15
1009	7059	DISEASE	chronic hyperammonemia	chronic hyperammonemia	hyperinsulinism-hyperammonemia syndrome	modified_disease	34
1010	7060	DISEASE	chronic idiopathic constipation	chronic idiopathic constipation	chronic idiopathic neuropathy	modified_disease	14
1011	7061	DISEASE	chronic idiopathic urticaria	chronic idiopathic urticaria	Chronic Urticaria	modified_disease	21
1012	7062	DISEASE	chronic immune thrombocytopenic purpura	chronic immune thrombocytopenic purpura	Purpura, Thrombocytopenic, Idiopathic	modified_disease	23
1013	9514	DISEASE	chronic inflammatory demyelinating polyneuropathy	chronic inflammatory demyelinating polyneuropathy	Chronic Inflammatory Demyelinating Polyneuropathy	NCI Thesaurus	28
1014	7063	DISEASE	chronic inflammatory demyelinating polyradiculoneuropathy	chronic inflammatory demyelinating polyradiculoneuropathy	Polyradiculoneuropathy, Chronic Inflammatory Demyelinating	modified_disease	20
1015	7064	DISEASE	chronic insomnia	chronic insomnia	Sleep Initiation and Maintenance Disorders	modified_disease	18
1016	7065	DISEASE	chronic iron overload	chronic iron overload	Iron Overload	modified_disease	32
1017	7066	DISEASE	chronic kidney disease	chronic kidney disease	Renal Insufficiency, Chronic	modified_disease	22
1018	7067	DISEASE	chronic kidney disease (ckd)	chronic kidney disease (ckd)	Renal Insufficiency, Chronic	modified_disease	23
1019	9515	DISEASE	chronic kidney disease in type 2 diabetes	chronic kidney disease in type 2 diabetes	chronic kidney disease	modified_disease	22
1020	7068	DISEASE	chronic leg ulcers	chronic leg ulcers	chronic urticaria	modified_disease	31
1021	7069	DISEASE	chronic liver disease	chronic liver disease	Chronic Liver Disease	modified_disease	23
1022	7070	DISEASE	chronic liver failure	chronic liver failure	End Stage Liver Disease	modified_disease	24
1023	7071	DISEASE	chronic low back pain	chronic low back pain	Low Back Pain	modified_disease	33
1024	7072	DISEASE	chronic lymphocytic leukemia	chronic lymphocytic leukemia	Leukemia, Lymphocytic, Chronic, B-Cell	modified_disease	18
1025	7073	DISEASE	chronic lymphocytic leukemia/small lymphocytic lymphoma	chronic lymphocytic leukemia/small lymphocytic lymphoma	chronic lymphocytic leukemia/small lymphocytic lymphoma	modified_disease	19
1026	7074	DISEASE	chronic lymphocytic thyroiditis	chronic lymphocytic thyroiditis	Hashimoto Disease	modified_disease	22
1027	7075	DISEASE	chronic metabolic acidosis	chronic metabolic acidosis	Chronic metabolic acidosis	modified_disease	10
1028	7076	DISEASE	chronic musculoskeletal pain	chronic musculoskeletal pain	chronic pain syndrome	modified_disease	13
1029	7077	DISEASE	chronic myelogenous leukemia, bcr-abl1 positive	chronic myelogenous leukemia, bcr-abl1 positive	chronic myeloid leukemia	modified_disease	22
1030	7078	DISEASE	chronic myeloid leukemia	chronic myeloid leukemia	Leukemia, Myelogenous, Chronic, BCR-ABL Positive	modified_disease	20
1031	7079	DISEASE	chronic myeloid leukemia (cml)	chronic myeloid leukemia (cml)	Leukemia, Myelogenous, Chronic, BCR-ABL Positive	modified_disease	21
1032	7080	DISEASE	chronic myelomonocytic leukemia	chronic myelomonocytic leukemia	Leukemia, Myelomonocytic, Chronic	modified_disease	32
1033	7081	DISEASE	chronic non-infectious uveitis affecting the posterior segment of the eye	chronic non-infectious uveitis affecting the posterior segment of the eye	uveitis	modified_disease	40
1034	7082	DISEASE	chronic nonagitated schizophrenia	chronic nonagitated schizophrenia	Schizophrenia, Paranoid	modified_disease	26
1035	7083	DISEASE	chronic obstructive lung disease	chronic obstructive lung disease	Pulmonary Disease, Chronic Obstructive	modified_disease	16
1036	7084	DISEASE	chronic obstructive pulmonary disease	chronic obstructive pulmonary disease	Pulmonary Disease, Chronic Obstructive	modified_disease	16
1037	7085	DISEASE	chronic obstructive pulmonary disease (copd)	chronic obstructive pulmonary disease (copd)	Pulmonary Disease, Chronic Obstructive	modified_disease	17
1038	9516	DISEASE	chronic obstructive pulmonary disease with eosinophilic phenotype	chronic obstructive pulmonary disease with eosinophilic phenotype	chronic obstructive pulmonary disease	modified_disease	16
1039	7086	DISEASE	chronic open-angle glaucoma	chronic open-angle glaucoma	Glaucoma, Open-Angle	modified_disease	31
1040	7087	DISEASE	chronic pain	chronic pain	Chronic Pain	modified_disease	16
1041	7088	DISEASE	chronic pain syndrome	chronic pain syndrome	chronic pain syndrome	modified_disease	13
1042	7089	DISEASE	chronic pancreatitis	chronic pancreatitis	Pancreatitis, Chronic	modified_disease	26
1043	7090	DISEASE	chronic phase chronic myeloid leukemia	chronic phase chronic myeloid leukemia	Chronic Phase Chronic Myeloid Leukemia, BCR-ABL1 Positive	modified_disease	42
1044	7091	DISEASE	chronic plaque psoriasis	chronic plaque psoriasis	psoriasis	modified_disease	27
1045	7991	DISEASE	chronic primary adrenal insufficiency	chronic primary adrenal insufficiency	Adrenal gland agenesis	MedGen	6
1046	7092	DISEASE	chronic psychosis	chronic psychosis	Psychotic Disorders	MeSH	36
1047	7093	DISEASE	chronic purulent otitis media	chronic purulent otitis media	chronic purulent otitis media	modified_disease	28
1048	7094	DISEASE	chronic renal failure	chronic renal failure	Kidney Failure, Chronic	modified_disease	13
1049	7095	DISEASE	chronic renal insufficiency	chronic renal insufficiency	Renal Insufficiency, Chronic	modified_disease	22
1050	7096	DISEASE	chronic rhinitis	chronic rhinitis	chronic rhinitis	modified_disease	13
1051	7097	DISEASE	chronic rhinosinusitis	chronic rhinosinusitis	chronic rhinosinusitis	modified_disease	10
1052	7098	DISEASE	chronic rhinosinusitis with nasal polyps	chronic rhinosinusitis with nasal polyps	chronic rhinosinusitis	modified_disease	13
1053	7099	DISEASE	chronic rhinosinusitis with nasal polyps (crswnp)	chronic rhinosinusitis with nasal polyps (crswnp)	chronic rhinosinusitis	modified_disease	18
1054	7100	DISEASE	chronic rhinosinusitis without nasal polyps	chronic rhinosinusitis without nasal polyps	chronic rhinosinusitis	modified_disease	13
1055	7101	DISEASE	chronic sinusitis	chronic sinusitis	chronic rhinosinusitis	modified_disease	10
1056	7102	DISEASE	chronic small plaque psoriasis	chronic small plaque psoriasis	small plaque parapsoriasis	modified_disease	25
1057	7103	DISEASE	chronic spasticity	chronic spasticity	chronic pancreatitis	modified_disease	17
1058	7104	DISEASE	chronic stable angina pectoris	chronic stable angina pectoris	Angina, Stable	modified_disease	27
1059	7105	DISEASE	chronic stable plaque psoriasis	chronic stable plaque psoriasis	psoriasis	modified_disease	28
1060	7106	DISEASE	chronic subinvolution of uterus	chronic subinvolution of uterus	chronic subinvolution of uterus	modified_disease	28
1061	7107	DISEASE	chronic thromboembolic pulmonary hypertension	chronic thromboembolic pulmonary hypertension	chronic thromboembolic pulmonary hypertension	modified_disease	30
1062	7108	DISEASE	chronic transplant rejection	chronic transplant rejection	chronic transplant rejection	modified_disease	25
1063	7109	DISEASE	chronic ulcer of skin	chronic ulcer of skin	chronic ulcer of skin, non-human animal	modified_disease	17
1064	7110	DISEASE	chronic ulcerative colitis	chronic ulcerative colitis	ulcerative colitis	modified_disease	21
1065	7111	DISEASE	chronic urea-splitting urinary infection	chronic urea-splitting urinary infection	bacterial urinary tract infection	modified_disease	26
1066	7112	DISEASE	chronic uremia	chronic uremia	uremia	modified_disease	23
1067	7113	DISEASE	chronic urinary tract infection	chronic urinary tract infection	bacterial urinary tract infection	modified_disease	26
1068	7114	DISEASE	chronic urticaria	chronic urticaria	Chronic Urticaria	modified_disease	20
1069	9517	DISEASE	chronic weight management in obesity or overweight	chronic weight management in obesity or overweight	Chronic Weight Management in Obesity or Overweight	curated_indication_definition	38
1070	9177	DISEASE	Chudley-McCullough syndrome	chudley-mccullough syndrome	Chudley-McCullough syndrome	MONDO	13
1071	3859	DISEASE	chylothorax	chylothorax	Chylothorax	standard	11
1072	3860	DISEASE	chylous ascites	chylous ascites	Chylous Ascites	standard	13
1073	3861	DISEASE	chyluria	chyluria	Chyluria	corrected_overlay	20
1074	3862	DISEASE	cic-rearranged sarcoma	cic-rearranged sarcoma	CIC-rearranged sarcoma	standard	44
1075	3863	DISEASE	cicatrix, hypertrophic	cicatrix, hypertrophic	Cicatrix, Hypertrophic	standard	27
1076	3864	DISEASE	cinca syndrome	cinca syndrome	Cryopyrin-Associated Periodic Syndromes	standard	62
1077	3865	DISEASE	circadian rhythm sleep disorder, shift work type	circadian rhythm sleep disorder, shift work type	circadian rhythm sleep disorder, shift work type	standard	42
1078	8961	DISEASE	cirrhosis, familial	cirrhosis, familial	cirrhosis, familial	MONDO	9
1079	9518	DISEASE	cisplatin-associated ototoxicity	cisplatin-associated ototoxicity	Cisplatin-Associated Ototoxicity	curated_adverse_condition_definition	31
1080	3866	DISEASE	citrobacter infections	citrobacter infections	Citrobacter infection	corrected_overlay	9
1081	3867	DISEASE	citrullinemia	citrullinemia	Citrullinemia	standard	62
1082	8962	DISEASE	citrullinemia type I	citrullinemia type i	citrullinemia type I	MONDO	45
1083	9103	DISEASE	CK syndrome	ck syndrome	CK syndrome	MONDO	13
1084	7115	DISEASE	classic congenital adrenal hyperplasia	classic congenital adrenal hyperplasia	classic congenital adrenal hyperplasia	modified_disease	70
1085	8984	DISEASE	classic galactosemia	classic galactosemia	classic galactosemia	MONDO	23
1086	7845	DISEASE	classic Hodgkin lymphoma	classic hodgkin lymphoma	classic Hodgkin lymphoma	MONDO	23
1087	3868	DISEASE	classic homocystinuria	classic homocystinuria	classic homocystinuria	standard	24
1088	3869	DISEASE	classical phenylketonuria	classical phenylketonuria	Phenylketonurias	standard	67
1089	3870	DISEASE	climacteric discomfort	climacteric discomfort	chest discomfort	standard	35
1090	3871	DISEASE	clinically isolated syndrome	clinically isolated syndrome	Clinically isolated syndrome	standard	21
1091	3872	DISEASE	cll variants	cll variants	chronic lymphocytic leukemia variants	corrected_overlay	14
1092	3873	DISEASE	clomipramine poisoning	clomipramine poisoning	poisoning / intoxication	corrected_overlay	8
1093	3874	DISEASE	clonic seizure	clonic seizure	Seizures	standard	39
1094	3875	DISEASE	clonorchiasis	clonorchiasis	Clonorchiasis	standard	48
1095	3876	DISEASE	clonus	clonus	Clonus	standard	41
1096	3877	DISEASE	clostridium difficile colitis	clostridium difficile colitis	Clostridium difficile colitis	standard	60
1097	3878	DISEASE	clostridium difficile diarrhea	clostridium difficile diarrhea	Clostridium difficile colitis	standard	60
1098	3879	DISEASE	clostridium difficile infection	clostridium difficile infection	Clostridium Infections	standard	16
1099	3880	DISEASE	clostridium difficile infections	clostridium difficile infections	Clostridium Infections	standard	16
1100	3881	DISEASE	clostridium difficile-associated diarrhea	clostridium difficile-associated diarrhea	Clostridioides difficile-associated diarrhea	corrected_overlay	16
1101	3882	DISEASE	clostridium infectious disease	clostridium infectious disease	Clostridium infectious disease	standard	7
1102	8847	DISEASE	clubfoot	clubfoot	clubfoot	MONDO	32
1103	3883	DISEASE	cluster headache	cluster headache	Cluster Headache	standard	73
1104	3884	DISEASE	cluster headache syndrome	cluster headache syndrome	Cluster Headache	standard	73
1105	3885	DISEASE	coagulation factor deficiency	coagulation factor deficiency	coagulation protein disease	standard	14
1106	3886	DISEASE	coagulation protein disease	coagulation protein disease	coagulation protein disease	standard	14
1107	3887	DISEASE	coagulopathy	coagulopathy	blood coagulation disease	standard	19
1108	3888	DISEASE	coarctation of aorta	coarctation of aorta	Aortic Coarctation	standard	45
1109	3889	DISEASE	cocaine addiction	cocaine addiction	Cocaine-Related Disorders	standard	8
1110	3890	DISEASE	cocaine-related disorders	cocaine-related disorders	Cocaine-Related Disorders	standard	8
1111	3891	DISEASE	coccidioidomycosis	coccidioidomycosis	Coccidioidomycosis	standard	78
1112	8518	DISEASE	Cockayne syndrome type 1	cockayne syndrome type 1	Cockayne syndrome type 1	MedGen	219
1113	9140	DISEASE	CODAS syndrome	codas syndrome	CODAS syndrome	MONDO	17
1114	3892	DISEASE	cognitive disorder	cognitive disorder	Cognitive Dysfunction	standard	7
1115	3893	DISEASE	cognitive impairment	cognitive impairment	Cognitive Dysfunction	standard	7
1116	8963	DISEASE	Cohen syndrome	cohen syndrome	Cohen syndrome	MONDO	27
1117	3894	DISEASE	coinfection	coinfection	Coinfection	standard	29
1118	3895	DISEASE	cold urticaria	cold urticaria	Cold Urticaria	standard	42
1119	8448	DISEASE	coloboma, ocular, autosomal dominant	coloboma, ocular, autosomal dominant	Coloboma, ocular, autosomal dominant	MedGen	182
1120	8519	DISEASE	coloboma, ocular, autosomal recessive	coloboma, ocular, autosomal recessive	Coloboma, ocular, autosomal recessive	MedGen	135
1121	3896	DISEASE	colon burkitt lymphoma	colon burkitt lymphoma	colon Burkitt lymphoma	standard	9
1122	3897	DISEASE	colon cancer	colon cancer	Colonic Neoplasms	standard	6
1123	3898	DISEASE	colon carcinoma	colon carcinoma	colon carcinoma	standard	10
1124	3899	DISEASE	colonic neoplasms	colonic neoplasms	Colonic Neoplasms	standard	6
1125	3900	DISEASE	colorectal adenocarcinoma	colorectal adenocarcinoma	Colorectal Adenocarcinoma	NCI Thesaurus	45
1126	3901	DISEASE	colorectal adenoma	colorectal adenoma	colorectal adenoma	standard	13
1127	3902	DISEASE	colorectal cancer	colorectal cancer	Colorectal Neoplasms	standard	32
1128	8639	DISEASE	colorectal cancer, susceptibility to, 1	colorectal cancer, susceptibility to, 1	colorectal cancer, susceptibility to, 1	MONDO	17
1129	3903	DISEASE	colorectal carcinoma	colorectal carcinoma	Colorectal Neoplasms	standard	32
1130	3904	DISEASE	colorectal gastrointestinal stromal tumor	colorectal gastrointestinal stromal tumor	colorectal gastrointestinal stromal tumor	standard	49
1131	3905	DISEASE	coma	coma	Coma	standard	36
1132	8527	DISEASE	combined immunodeficiency due to DOCK8 deficiency	combined immunodeficiency due to dock8 deficiency	Combined immunodeficiency due to DOCK8 deficiency	MedGen	93
1133	8995	DISEASE	combined immunodeficiency with skin granulomas	combined immunodeficiency with skin granulomas	combined immunodeficiency with skin granulomas	MONDO	16
1134	3906	DISEASE	combined pulmonary fibrosis-emphysema syndrome	combined pulmonary fibrosis-emphysema syndrome	Combined pulmonary fibrosis-emphysema syndrome	standard	65
1135	3907	DISEASE	comedonal acne	comedonal acne	Comedonal acne	standard	22
1136	3908	DISEASE	common cold	common cold	Common Cold	standard	26
1137	3909	DISEASE	common migraine	common migraine	Migraine without Aura	standard	51
1138	3910	DISEASE	common variable immunodeficiency	common variable immunodeficiency	Common Variable Immunodeficiency	standard	21
1139	3911	DISEASE	common wart	common wart	common wart	standard	13
1140	7116	DISEASE	community-acquired bacterial pneumonia	community-acquired bacterial pneumonia	bacterial pneumonia	modified_disease	28
1141	3912	DISEASE	community-acquired pneumonia	community-acquired pneumonia	Community-Acquired Pneumonia	standard	57
1142	3913	DISEASE	compensated hypothyroidism	compensated hypothyroidism	Compensated Hypothyroidism	standard	14
1143	3914	DISEASE	compensated liver disease	compensated liver disease	compensated liver disease	corrected_overlay	20
1144	9519	DISEASE	complement 3 glomerulopathy	complement 3 glomerulopathy	complement 3 glomerulopathy	MONDO	29
1145	9257	DISEASE	complement factor H deficiency	complement factor h deficiency	complement factor H deficiency	MONDO	15
1146	3915	DISEASE	complex partial epilepsy	complex partial epilepsy	Epilepsy, Complex Partial	standard	95
1147	7117	DISEASE	complex perianal fistulas in adult patients with non-active or mildly active luminal crohn's disease	complex perianal fistulas in adult patients with non-active or mildly active luminal crohn's disease	Crohn disease	modified_disease	45
1148	3916	DISEASE	complicated intra-abdominal infections	complicated intra-abdominal infections	intra-abdominal hemangioma	standard	9
1149	3917	DISEASE	complicated pyelonephritis	complicated pyelonephritis	pyelonephritis	standard	38
1150	3918	DISEASE	complicated skin and skin structure infections	complicated skin and skin structure infections	Skin	standard	19
1151	3919	DISEASE	complicated urinary tract infection	complicated urinary tract infection	bacterial urinary tract infection	standard	34
1152	3920	DISEASE	complicated urinary tract infections	complicated urinary tract infections	urinary tract obstruction	standard	11
1153	3921	DISEASE	complications of leptin deficiency	complications of leptin deficiency	obesity due to congenital leptin deficiency	standard	17
1154	3922	DISEASE	compulsion	compulsion	compulsion	standard	23
1155	3923	DISEASE	conduct disorder	conduct disorder	Conduct Disorder	standard	64
1156	3924	DISEASE	condylomata acuminata	condylomata acuminata	Condylomata Acuminata	standard	13
1157	9158	DISEASE	cone dystrophy 3	cone dystrophy 3	cone dystrophy 3	MONDO	17
1158	9344	DISEASE	cone dystrophy 4	cone dystrophy 4	cone dystrophy 4	MONDO	17
1159	7118	DISEASE	congenital adrenal hyperplasia	congenital adrenal hyperplasia	Adrenal Hyperplasia, Congenital	modified_disease	63
1160	7986	DISEASE	congenital afibrinogenemia	congenital afibrinogenemia	Congenital afibrinogenemia	MedGen	178
1161	7119	DISEASE	congenital agammaglobulinemia	congenital agammaglobulinemia	congenital agammaglobulinemia	modified_disease	24
1162	7120	DISEASE	congenital athetosis	congenital athetosis	congenital	modified_disease	22
1163	9449	DISEASE	congenital diarrhea 6	congenital diarrhea 6	congenital diarrhea 6	MONDO	17
1164	9376	DISEASE	congenital dyserythropoietic anemia type 4	congenital dyserythropoietic anemia type 4	congenital dyserythropoietic anemia type 4	MONDO	27
1165	8975	DISEASE	congenital factor V deficiency	congenital factor v deficiency	congenital factor V deficiency	MONDO	26
1166	7121	DISEASE	congenital factor vii deficiency	congenital factor vii deficiency	congenital factor VII deficiency	modified_disease	48
1167	7122	DISEASE	congenital factor x deficiency	congenital factor x deficiency	congenital factor X deficiency	modified_disease	62
1168	7123	DISEASE	congenital factor xiii deficiency	congenital factor xiii deficiency	congenital factor XIII deficiency	modified_disease	74
1169	7124	DISEASE	congenital fibrinogen deficiency	congenital fibrinogen deficiency	congenital fibrinogen deficiency	modified_disease	57
1170	7125	DISEASE	congenital generalized lipodystrophy	congenital generalized lipodystrophy	Lipodystrophy, Congenital Generalized	modified_disease	43
1171	9232	DISEASE	congenital generalized lipodystrophy type 1	congenital generalized lipodystrophy type 1	congenital generalized lipodystrophy type 1	MONDO	18
1172	9326	DISEASE	congenital generalized lipodystrophy type 3	congenital generalized lipodystrophy type 3	congenital generalized lipodystrophy type 3	MONDO	18
1173	9360	DISEASE	congenital generalized lipodystrophy type 4	congenital generalized lipodystrophy type 4	congenital generalized lipodystrophy type 4	MONDO	18
1174	7990	DISEASE	congenital heart block	congenital heart block	Congenital heart block	MedGen	49
1175	7126	DISEASE	congenital heart disease	congenital heart disease	Heart Defects, Congenital	modified_disease	14
1176	7127	DISEASE	congenital hypogonadotropic hypogonadism	congenital hypogonadotropic hypogonadism	congenital hypogonadotropic hypogonadism	modified_disease	75
1177	7128	DISEASE	congenital hypoplastic anemia	congenital hypoplastic anemia	Anemia, Hypoplastic, Congenital	modified_disease	41
1178	7129	DISEASE	congenital hypothyroidism	congenital hypothyroidism	Congenital Hypothyroidism	modified_disease	84
1179	7130	DISEASE	congenital ighd	congenital ighd	Congenital Isolated Growth Hormone Deficiency	NCI Thesaurus; HPO	29
1180	8504	DISEASE	congenital isolated adrenocorticotropic hormone deficiency	congenital isolated adrenocorticotropic hormone deficiency	Congenital isolated adrenocorticotropic hormone deficiency	MedGen	78
1181	7131	DISEASE	congenital isolated hyperinsulinism	congenital isolated hyperinsulinism	congenital isolated hyperinsulinism	modified_disease	79
1182	8972	DISEASE	congenital lactase deficiency	congenital lactase deficiency	congenital lactase deficiency	MONDO	28
1183	8540	DISEASE	congenital nephrotic syndrome, Finnish type	congenital nephrotic syndrome, finnish type	Nephrotic syndrome, IIa 26	MedGen	106
1184	7132	DISEASE	congenital neutropenia	congenital neutropenia	constitutional neutropenia	modified_disease	22
1185	7133	DISEASE	congenital or acquired generalized lipodystrophy	congenital or acquired generalized lipodystrophy	acquired generalized lipodystrophy	modified_disease	38
1186	9377	DISEASE	congenital prothrombin deficiency	congenital prothrombin deficiency	congenital prothrombin deficiency	MONDO	24
1187	9475	DISEASE	congenital short bowel syndrome, autosomal recessive	congenital short bowel syndrome, autosomal recessive	congenital short bowel syndrome, autosomal recessive	MONDO	17
1188	7134	DISEASE	congenital sucrase-isomaltase deficiency	congenital sucrase-isomaltase deficiency	congenital sucrase-isomaltase deficiency	modified_disease	53
1189	7135	DISEASE	congenital sucrose-isomaltase deficiency (csid)	congenital sucrose-isomaltase deficiency (csid)	Sucrase-isomaltase deficiency, congenital	modified_disease	21
1190	7136	DISEASE	congenital syphilis	congenital syphilis	Syphilis, Congenital	modified_disease	60
1191	7137	DISEASE	congenital thrombotic thrombocytopenic purpura	congenital thrombotic thrombocytopenic purpura	Purpura, Thrombotic Thrombocytopenic	modified_disease	25
1192	7138	DISEASE	congenital toxoplasmosis	congenital toxoplasmosis	Toxoplasmosis, Congenital	modified_disease	40
1193	6396	DISEASE	congestion of nasal sinus (disorder)	congestion of nasal sinus (disorder)	nasal congestion	alias_disease	18
1194	3925	DISEASE	congestive heart failure	congestive heart failure	Heart Failure	standard	63
1195	3926	DISEASE	congestive splenomegaly	congestive splenomegaly	congestive splenomegaly	standard	17
1196	3927	DISEASE	conjunctival disorder	conjunctival disorder	conjunctival disorder	standard	5
1197	3928	DISEASE	conjunctivitis	conjunctivitis	Conjunctivitis	standard	4
1198	3929	DISEASE	conjunctivitis, inclusion	conjunctivitis, inclusion	Conjunctivitis, Inclusion	standard	63
1199	3930	DISEASE	conn's syndrome	conn's syndrome	Hyperaldosteronism	standard	22
1200	3931	DISEASE	connective tissue diseases	connective tissue diseases	Connective Tissue Diseases	standard	31
1201	3932	DISEASE	connective tissue disorder	connective tissue disorder	connective tissue disorder	standard	25
1202	8965	DISEASE	conotruncal heart malformations	conotruncal heart malformations	conotruncal heart malformations	MONDO	92
1203	3933	DISEASE	constipation	constipation	Constipation	standard	32
1204	6397	DISEASE	constipation-predominant irritable bowel syndrome (ibs-c)	constipation-predominant irritable bowel syndrome (ibs-c)	irritable bowel syndrome	corrected_overlay	22
1205	9397	DISEASE	constitutional megaloblastic anemia with severe neurologic disease	constitutional megaloblastic anemia with severe neurologic disease	constitutional megaloblastic anemia with severe neurologic disease	MONDO	18
1206	3934	DISEASE	constitutional neutropenia	constitutional neutropenia	constitutional neutropenia	standard	16
1207	3935	DISEASE	consumptive thrombohaemorrhagic syndrome	consumptive thrombohaemorrhagic syndrome	disseminated intravascular coagulation / consumptive coagulopathy	corrected_overlay	15
1208	3936	DISEASE	contact dermatitis	contact dermatitis	Dermatitis, Contact	standard	32
1209	3937	DISEASE	contusions	contusions	Contusions	standard	9
1210	3938	DISEASE	convulsions	convulsions	Seizures	standard	39
1211	3939	DISEASE	convulsive disorder	convulsive disorder	Epilepsy; Seizures	MeSH	103
1212	7831	DISEASE	convulsive disorder, familial, with prenatal or early onset	convulsive disorder, familial, with prenatal or early onset	Convulsive disorder, familial, with prenatal or early onset	MedGen	16
1213	3940	DISEASE	cooley's anemia	cooley's anemia	beta-Thalassemia	standard	55
1214	7139	DISEASE	copd, severe early onset	copd, severe early onset	Pulmonary Disease, Chronic Obstructive, Severe Early-Onset	modified_disease	20
1215	3941	DISEASE	copper deficiency	copper deficiency	Copper Deficiency	corrected_overlay	12
1216	8862	DISEASE	corneal dystrophy, Fuchs endothelial, 1	corneal dystrophy, fuchs endothelial, 1	corneal dystrophy, Fuchs endothelial, 1	MONDO	18
1217	9355	DISEASE	corneal dystrophy, Fuchs endothelial, 3	corneal dystrophy, fuchs endothelial, 3	corneal dystrophy, Fuchs endothelial, 3	MONDO	18
1218	9356	DISEASE	corneal dystrophy, Fuchs endothelial, 4	corneal dystrophy, fuchs endothelial, 4	corneal dystrophy, Fuchs endothelial, 4	MONDO	18
1219	3942	DISEASE	corneal infection	corneal infection	corneal infection	standard	21
1220	3943	DISEASE	corneal injury	corneal injury	Corneal Injuries	standard	10
1221	3944	DISEASE	corneal ulcer	corneal ulcer	Corneal Ulcer	standard	27
1222	3945	DISEASE	coronary artery disease	coronary artery disease	Coronary Artery Disease	standard	16
1223	7935	DISEASE	coronary artery disease, autosomal dominant, 1	coronary artery disease, autosomal dominant, 1	coronary artery disease, autosomal dominant, 1	MONDO	18
1224	3946	DISEASE	coronary artery disorder	coronary artery disorder	coronary artery disorder	standard	63
1225	3947	DISEASE	coronary atherosclerosis	coronary atherosclerosis	Coronary Artery Disease	standard	16
1226	7140	DISEASE	coronary heart disease, susceptibility to, 1	coronary heart disease, susceptibility to, 1	coronary heart disease, susceptibility to, 1	modified_disease	46
1227	8630	DISEASE	coronary heart disease, susceptibility to, 2	coronary heart disease, susceptibility to, 2	coronary heart disease, susceptibility to, 2	MONDO	17
1228	8556	DISEASE	coronary heart disease, susceptibility to, 3	coronary heart disease, susceptibility to, 3	Coronary heart disease, susceptibility to, 3	MedGen	14
1229	8631	DISEASE	coronary heart disease, susceptibility to, 4	coronary heart disease, susceptibility to, 4	coronary heart disease, susceptibility to, 4	MONDO	17
1230	8642	DISEASE	coronary heart disease, susceptibility to, 5	coronary heart disease, susceptibility to, 5	Coronary heart disease, susceptibility to, 5	MedGen	14
1231	9442	DISEASE	coronary heart disease, susceptibility to, 6	coronary heart disease, susceptibility to, 6	coronary heart disease, susceptibility to, 6	MONDO	18
1232	9286	DISEASE	coronary heart disease, susceptibility to, 7	coronary heart disease, susceptibility to, 7	coronary heart disease, susceptibility to, 7	MONDO	18
1233	3948	DISEASE	coronary occlusion	coronary occlusion	Coronary Occlusion	standard	15
1234	3949	DISEASE	coronary revascularization	coronary revascularization	Coronary Revascularization Procedure	standard	12
1235	3950	DISEASE	coronary vasospasm	coronary vasospasm	Coronary Vasospasm	standard	8
1236	6398	DISEASE	coronavirus disease 2019 (covid-19)	coronavirus disease 2019 (covid-19)	COVID-19	alias_disease	12
1237	3951	DISEASE	corticosteroid-induced osteoporosis	corticosteroid-induced osteoporosis	osteoporosis	standard	70
1238	3952	DISEASE	corticosteroid-responsive dermatoses	corticosteroid-responsive dermatoses	corticosteroid-responsive dermatoses	corrected_overlay	16
1239	8967	DISEASE	Costello syndrome	costello syndrome	Costello syndrome	MONDO	44
1240	3953	DISEASE	cough	cough	Cough	standard	45
1241	8850	DISEASE	coumarin resistance	coumarin resistance	coumarin resistance	MONDO	13
1242	3954	DISEASE	counteracting or reversing the anticoagulant effect of heparin	counteracting or reversing the anticoagulant effect of heparin	heparin anticoagulation reversal	corrected_overlay	32
1243	6399	DISEASE	covid-19	covid-19	COVID-19	alias_disease	48
1244	9323	DISEASE	Cowden syndrome 2	cowden syndrome 2	Cowden syndrome 2	MONDO	17
1245	9467	DISEASE	Cowden syndrome 4	cowden syndrome 4	Cowden syndrome 4	MONDO	17
1246	9468	DISEASE	Cowden syndrome 5	cowden syndrome 5	Cowden syndrome 5	MONDO	17
1247	9469	DISEASE	Cowden syndrome 6	cowden syndrome 6	Cowden syndrome 6	MONDO	17
1248	3955	DISEASE	cowpox	cowpox	Cowpox	standard	30
1249	7689	DISEASE	cramps caused by gas	cramps caused by gas	Abdominal Pain / Flatulence	manual_modified_disease	11
1250	7832	DISEASE	cranial nerves, recurrent paresis of	cranial nerves, recurrent paresis of	Hypoplasia of cranial nerves V, VII, VIII	MedGen	15
1251	8851	DISEASE	craniodiaphyseal dysplasia, autosomal dominant	craniodiaphyseal dysplasia, autosomal dominant	craniodiaphyseal dysplasia, autosomal dominant	MONDO	15
1252	8968	DISEASE	cranioectodermal dysplasia 1	cranioectodermal dysplasia 1	cranioectodermal dysplasia 1	MONDO	17
1253	9374	DISEASE	cranioectodermal dysplasia 2	cranioectodermal dysplasia 2	cranioectodermal dysplasia 2	MONDO	17
1254	9420	DISEASE	cranioectodermal dysplasia 3	cranioectodermal dysplasia 3	cranioectodermal dysplasia 3	MONDO	17
1255	9438	DISEASE	cranioectodermal dysplasia 4	cranioectodermal dysplasia 4	cranioectodermal dysplasia 4	MONDO	14
1256	9116	DISEASE	craniofrontonasal syndrome	craniofrontonasal syndrome	craniofrontonasal syndrome	MONDO	84
1257	9142	DISEASE	craniosynostosis 4	craniosynostosis 4	craniosynostosis 4	MONDO	16
1258	9428	DISEASE	craniosynostosis and dental anomalies	craniosynostosis and dental anomalies	craniosynostosis and dental anomalies	MONDO	15
1259	9086	DISEASE	creatine transporter deficiency	creatine transporter deficiency	creatine transporter deficiency	MONDO	27
1260	8853	DISEASE	Cri-du-chat syndrome	cri-du-chat syndrome	Cri-du-chat syndrome	MONDO	64
1261	7833	DISEASE	Crigler-Najjar syndrome type 1	crigler-najjar syndrome type 1	Crigler-Najjar syndrome type 1	MONDO	35
1262	9207	DISEASE	Crigler-Najjar syndrome type 2	crigler-najjar syndrome type 2	Crigler-Najjar syndrome type 2	MONDO	36
1263	3956	DISEASE	crohn disease	crohn disease	Crohn Disease	standard	56
1264	3957	DISEASE	crohn ileitis	crohn ileitis	Crohn ileitis	standard	11
1265	3958	DISEASE	crohn's aggravated	crohn's aggravated	Crohn Disease	standard	24
1266	3959	DISEASE	crohn's disease	crohn's disease	Crohn Disease	standard	56
1267	3960	DISEASE	cross infection	cross infection	Cross Infection	standard	10
1268	8854	DISEASE	Crouzon syndrome	crouzon syndrome	Crouzon syndrome	MONDO	9
1269	3961	DISEASE	cryopyrin-associated periodic syndrome	cryopyrin-associated periodic syndrome	Cryopyrin-Associated Periodic Syndromes	standard	62
1270	6400	DISEASE	cryopyrin-associated periodic syndromes (caps)	cryopyrin-associated periodic syndromes (caps)	Cryopyrin-Associated Periodic Syndromes	alias_disease	62
1271	3962	DISEASE	cryptitis	cryptitis	Cryptitis	standard	5
1272	3963	DISEASE	cryptococcal meningitis	cryptococcal meningitis	Meningitis, Cryptococcal	standard	81
1273	3964	DISEASE	cryptococcosis	cryptococcosis	Cryptococcosis	standard	6
1274	3965	DISEASE	cryptococcus pulmonary infections	cryptococcus pulmonary infections	Cryptococcosis; Cryptococcus	MeSH;NCI Thesaurus	63
1275	3966	DISEASE	cryptogenic organizing pneumonia	cryptogenic organizing pneumonia	Cryptogenic Organizing Pneumonia	standard	62
1276	3967	DISEASE	cryptorchidism	cryptorchidism	Cryptorchidism	standard	50
1277	3968	DISEASE	cryptosporidiosis	cryptosporidiosis	Cryptosporidiosis	standard	19
1278	9487	DISEASE	CTCF-related neurodevelopmental disorder	ctcf-related neurodevelopmental disorder	CTCF-related neurodevelopmental disorder	MONDO	48
1279	3969	DISEASE	cushing disease	cushing disease	Pituitary ACTH Hypersecretion	standard	30
1280	3970	DISEASE	cushing syndrome	cushing syndrome	Cushing Syndrome	standard	60
1281	3971	DISEASE	cushing's disease	cushing's disease	Pituitary ACTH Hypersecretion	standard	30
1282	3972	DISEASE	cutaneous candidiasis	cutaneous candidiasis	cutaneous candidiasis	standard	19
1283	3973	DISEASE	cutaneous cyst	cutaneous cyst	Skin Cyst	standard	7
1284	3974	DISEASE	cutaneous fungal infections	cutaneous fungal infections	fungal infection of eye	standard	50
1285	3975	DISEASE	cutaneous larva migrans	cutaneous larva migrans	Larva Migrans	standard	39
1286	3976	DISEASE	cutaneous leishmaniasis	cutaneous leishmaniasis	Leishmaniasis, Cutaneous	standard	98
1287	3977	DISEASE	cutaneous lupus erythematosus	cutaneous lupus erythematosus	Lupus Erythematosus, Cutaneous	standard	50
1288	3978	DISEASE	cutaneous neuroendocrine carcinoma	cutaneous neuroendocrine carcinoma	cutaneous neuroendocrine carcinoma	standard	25
1289	3979	DISEASE	cutaneous photoaging	cutaneous photoaging	cutaneous mycosis	standard	25
1290	9044	DISEASE	cutaneous porphyria	cutaneous porphyria	cutaneous porphyria	MONDO	84
1291	6401	DISEASE	cutaneous squamous cell carcinoma (cscc)	cutaneous squamous cell carcinoma (cscc)	skin squamous cell carcinoma	alias_disease	28
1292	3980	DISEASE	cutaneous t-cell lymphoma	cutaneous t-cell lymphoma	Lymphoma, T-Cell, Cutaneous	standard	44
1293	3981	DISEASE	cutaneous wound	cutaneous wound	Cutaneous wound	standard	48
1294	3982	DISEASE	cyanide poisoning	cyanide poisoning	cyanide-induced parkinsonism	standard	80
1295	3983	DISEASE	cyclic hematopoiesis	cyclic hematopoiesis	cyclic hematopoiesis	standard	25
1296	3984	DISEASE	cyclic neutropenia	cyclic neutropenia	cyclic hematopoiesis	NCI Thesaurus	25
1297	3985	DISEASE	cyclitis	cyclitis	Cyclitis	standard	5
1298	3986	DISEASE	cystic echinococcosis	cystic echinococcosis	Echinococcosis	standard	28
1299	3987	DISEASE	cystic fibrosis	cystic fibrosis	Cystic Fibrosis	standard	67
1300	7141	DISEASE	cystic fibrosis (cf) in patients homozygous for the f508del mutation in the cftr gene	cystic fibrosis (cf) in patients homozygous for the f508del mutation in the cftr gene	Cystic Fibrosis	modified_disease	18
1301	9338	DISEASE	cystic leukoencephalopathy without megalencephaly	cystic leukoencephalopathy without megalencephaly	cystic leukoencephalopathy without megalencephaly	MONDO	45
1302	3988	DISEASE	cystine urolithiasis	cystine urolithiasis	Cystine Urolithiasis	standard	11
1303	3989	DISEASE	cystinosis	cystinosis	Cystinosis	standard	49
1304	3990	DISEASE	cystinuria	cystinuria	Cystinuria	standard	46
1305	3991	DISEASE	cystitis	cystitis	Cystitis	standard	25
1306	3992	DISEASE	cystitis, interstitial	cystitis, interstitial	Cystitis, Interstitial	standard	38
1307	7777	DISEASE	cystoid macular edema	cystoid macular edema	cystoid macular edema	MONDO	25
1308	3993	DISEASE	cytokine release syndrome	cytokine release syndrome	Cytokine Release Syndrome	standard	42
1309	3994	DISEASE	cytomegaloviral retinitis	cytomegaloviral retinitis	Cytomegalovirus Retinitis	standard	30
1310	3995	DISEASE	cytomegalovirus infection	cytomegalovirus infection	Cytomegalovirus Infections	standard	34
1311	3996	DISEASE	cytomegalovirus infections	cytomegalovirus infections	Cytomegalovirus Infections	standard	34
1312	7142	DISEASE	cytomegalovirus infectious disease in kidney, heart, and kidney-pancreas transplantation	cytomegalovirus infectious disease in kidney, heart, and kidney-pancreas transplantation	Cytomegalovirus Infections	MeSH	28
1313	3997	DISEASE	cytomegalovirus retinitis	cytomegalovirus retinitis	Cytomegalovirus Retinitis	standard	30
1314	7143	DISEASE	cytomegalovirus retinitis in patients with aids	cytomegalovirus retinitis in patients with aids	cytomegalovirus retinitis	modified_disease	26
1315	3998	DISEASE	cytomegalovirus viremia	cytomegalovirus viremia	cytomegalovirus retinitis	standard	30
1316	7871	DISEASE	d-bifunctional protein deficiency	d-bifunctional protein deficiency	d-bifunctional protein deficiency	MONDO	165
1317	7834	DISEASE	D-glyceric aciduria	d-glyceric aciduria	D-glyceric aciduria	MONDO	62
1318	3999	DISEASE	dacryoadenitis	dacryoadenitis	Dacryocystitis	standard	8
1319	4000	DISEASE	dacryocystitis	dacryocystitis	Dacryocystitis	standard	8
1320	4001	DISEASE	damaged nail	damaged nail	Damaged Thread	standard	33
1321	4002	DISEASE	dandruff	dandruff	Dandruff	standard	11
1322	4003	DISEASE	dangerous hemorrhages	dangerous hemorrhages	dangerous hemorrhage	corrected_overlay	23
1323	7973	DISEASE	Darier disease	darier disease	Darier disease, acral hemorrhagic type	MedGen	13
1324	4004	DISEASE	datura poisoning	datura poisoning	poisoning / intoxication	corrected_overlay	8
1325	9118	DISEASE	deafness dystonia syndrome	deafness dystonia syndrome	deafness dystonia syndrome	MONDO	37
1326	9291	DISEASE	deafness-infertility syndrome	deafness-infertility syndrome	deafness-infertility syndrome	MONDO	14
1327	4005	DISEASE	debilitating anxiety	debilitating anxiety	anxiety disorder	standard	12
1328	4006	DISEASE	decompensated cirrhosis of liver	decompensated cirrhosis of liver	Liver Cirrhosis	standard	30
1329	4007	DISEASE	decreased corneal sensation	decreased corneal sensation	Decreased corneal sensation	standard	9
1330	4008	DISEASE	decreased liver function	decreased liver function	Liver Function Test	standard	40
1331	4009	DISEASE	decubitus ulcer	decubitus ulcer	Pressure Ulcer	standard	49
1332	4010	DISEASE	dedifferentiated liposarcoma	dedifferentiated liposarcoma	Liposarcoma	standard	57
1333	4011	DISEASE	deep full thickness burn injury	deep full thickness burn injury	burn	standard	22
1334	4012	DISEASE	deep mycosis	deep mycosis	cutaneous mycosis	standard	25
1335	4013	DISEASE	deep pain on intercourse	deep pain on intercourse	Bothered by Pain with Intercourse Question	standard	14
1336	4014	DISEASE	deep partial thickness burn	deep partial thickness burn	burn	standard	22
1337	6402	DISEASE	deep vein thrombosis (dvt)	deep vein thrombosis (dvt)	deep vein thrombosis	corrected_overlay	21
1338	4015	DISEASE	deep venous thrombosis	deep venous thrombosis	Venous Thrombosis	standard	12
1339	6403	DISEASE	deficiency of interleukin-1 receptor antagonist (dira)	deficiency of interleukin-1 receptor antagonist (dira)	sterile multifocal osteomyelitis with periostitis and pustulosis	alias_disease	34
1340	4016	DISEASE	degenerative disc disease	degenerative disc disease	Intervertebral Disc Degeneration	standard	17
1341	4017	DISEASE	degenerative myopia	degenerative myopia	Myopia, Degenerative	standard	17
1342	4018	DISEASE	dehydration	dehydration	Dehydration	standard	13
1343	4019	DISEASE	delayed emergence from anesthesia	delayed emergence from anesthesia	Delayed Emergence from Anesthesia	standard	23
1344	4020	DISEASE	delayed male puberty	delayed male puberty	delayed male puberty	corrected_overlay	27
1345	4021	DISEASE	delayed nausea and vomiting	delayed nausea and vomiting	Delayed Nausea and Vomiting	standard	10
1346	7144	DISEASE	delayed nausea and vomiting associated with initial and repeat courses of emetogenic cancer chemotherapy	delayed nausea and vomiting associated with initial and repeat courses of emetogenic cancer chemotherapy	Delayed Nausea and Vomiting	modified_disease	28
1347	4022	DISEASE	delayed puberty	delayed puberty	Puberty, Delayed	standard	65
1348	4023	DISEASE	delirium	delirium	Delirium	standard	38
1349	4024	DISEASE	delusion	delusion	Delusions	standard	26
1350	4025	DISEASE	dementia	dementia	Dementia	standard	53
1351	7145	DISEASE	dementia due to parkinson's disease	dementia due to parkinson's disease	Dementia; Parkinson Disease	MeSH	62
1352	7941	DISEASE	dementia/parkinsonism with non-Alzheimer amyloid plaques	dementia/parkinsonism with non-alzheimer amyloid plaques	Dementia/parkinsonism with non-Alzheimer amyloid plaques	MedGen	13
1353	4026	DISEASE	demodex blepharitis	demodex blepharitis	Mite Infestations	standard	9
1354	4027	DISEASE	demyelinating disease	demyelinating disease	Demyelinating Diseases	standard	15
1355	4028	DISEASE	dendritic ulcer	dendritic ulcer	gastric ulcer	standard	22
1356	4029	DISEASE	dengue disease	dengue disease	dengue disease	standard	43
1357	9437	DISEASE	dengue virus, susceptibility to	dengue virus, susceptibility to	dengue virus, susceptibility to	MONDO	15
1358	4030	DISEASE	dental caries	dental caries	Dental Caries	standard	39
1359	4031	DISEASE	dental infections	dental infections	Focal Infection, Dental	standard	22
1360	4032	DISEASE	dental plaque	dental plaque	Dental Plaque	standard	23
1361	4033	DISEASE	dental pulp disorder	dental pulp disorder	dental pulp disorder	standard	6
1362	8450	DISEASE	dentatorubral-pallidoluysian atrophy	dentatorubral-pallidoluysian atrophy	Dentatorubral-pallidoluysian atrophy	MedGen	106
1363	4034	DISEASE	dentin sensitivity	dentin sensitivity	Dentin Sensitivity	standard	9
1364	4035	DISEASE	depressed mood	depressed mood	Depressed Mood	standard	11
1365	4036	DISEASE	depression	depression	Depression	standard	18
1366	7146	DISEASE	depression associated with alcoholism	depression associated with alcoholism	Depressive Disorder; Alcoholism	MeSH	55
1367	7147	DISEASE	depression associated with organic disease	depression associated with organic disease	Fontan-associated liver disease	modified_disease	35
1368	4037	DISEASE	depression, psychotic	depression, psychotic	Depression, Postpartum	standard	30
1369	4038	DISEASE	depressive disorder	depressive disorder	Depressive Disorder	standard	26
1370	7148	DISEASE	depressive disorder, treatment-resistant	depressive disorder, treatment-resistant	Depressive Disorder, Treatment-Resistant	modified_disease	55
1371	4039	DISEASE	depressive symptoms	depressive symptoms	Depression	standard	18
1372	4040	DISEASE	dermatitis	dermatitis	Dermatitis	standard	5
1373	4041	DISEASE	dermatitis herpetiformis	dermatitis herpetiformis	Dermatitis Herpetiformis	standard	51
1374	9198	DISEASE	dermatitis, atopic, 2	dermatitis, atopic, 2	dermatitis, atopic, 2	MONDO	23
1375	8026	DISEASE	dermatitis, atopic, 3	dermatitis, atopic, 3	Dermatitis, atopic, 3	MedGen	18
1376	8027	DISEASE	dermatitis, atopic, 4	dermatitis, atopic, 4	dermatitis, atopic, 4	MONDO	18
1377	8029	DISEASE	dermatitis, atopic, 5	dermatitis, atopic, 5	Dermatitis, atopic, 5	MedGen	18
1378	4042	DISEASE	dermatofibrosarcoma	dermatofibrosarcoma	Dermatofibrosarcoma	standard	72
1379	4043	DISEASE	dermatofibrosarcoma protuberans	dermatofibrosarcoma protuberans	Dermatofibrosarcoma	standard	72
1380	4044	DISEASE	dermatographia	dermatographia	dermatographia	corrected_overlay	22
1381	4045	DISEASE	dermatomycosis	dermatomycosis	Dermatomycoses	standard	13
1382	4046	DISEASE	dermatomyositis	dermatomyositis	Dermatomyositis	standard	110
1383	8855	DISEASE	dermatopathia pigmentosa reticularis	dermatopathia pigmentosa reticularis	dermatopathia pigmentosa reticularis	MONDO	14
1384	4047	DISEASE	dermatosis	dermatosis	Skin Diseases	standard	6
1385	7731	DISEASE	dermatosis papulosa nigra	dermatosis papulosa nigra	dermatosis papulosa nigra	MONDO	27
1386	4048	DISEASE	descending colon cancer	descending colon cancer	descending colon cancer	standard	7
1387	7149	DISEASE	desensitization of highly sensitized adult kidney transplant patients	desensitization of highly sensitized adult kidney transplant patients	Desensitization	modified_disease	29
1388	8454	DISEASE	desmoid tumor	desmoid tumor	Desmoid tumor caused by somatic mutation	MedGen	14
1389	9162	DISEASE	desmosterolosis	desmosterolosis	desmosterolosis	MONDO	24
1390	9480	DISEASE	developmental and epileptic encephalopathy 94	developmental and epileptic encephalopathy 94	developmental and epileptic encephalopathy 94	MONDO	31
1391	7891	DISEASE	developmental and epileptic encephalopathy, 1	developmental and epileptic encephalopathy, 1	developmental and epileptic encephalopathy, 1	MONDO	19
1392	9383	DISEASE	developmental and epileptic encephalopathy, 11	developmental and epileptic encephalopathy, 11	developmental and epileptic encephalopathy, 11	MONDO	19
1393	9384	DISEASE	developmental and epileptic encephalopathy, 12	developmental and epileptic encephalopathy, 12	developmental and epileptic encephalopathy, 12	MONDO	93
1394	9447	DISEASE	developmental and epileptic encephalopathy, 13	developmental and epileptic encephalopathy, 13	developmental and epileptic encephalopathy, 13	MONDO	19
1395	9462	DISEASE	developmental and epileptic encephalopathy, 14	developmental and epileptic encephalopathy, 14	developmental and epileptic encephalopathy, 14	MONDO	19
1396	9484	DISEASE	developmental and epileptic encephalopathy, 17	developmental and epileptic encephalopathy, 17	developmental and epileptic encephalopathy, 17	MONDO	19
1397	9485	DISEASE	developmental and epileptic encephalopathy, 18	developmental and epileptic encephalopathy, 18	developmental and epileptic encephalopathy, 18	MONDO	16
1398	9504	DISEASE	developmental and epileptic encephalopathy, 19	developmental and epileptic encephalopathy, 19	developmental and epileptic encephalopathy, 19	MONDO	19
1399	4049	DISEASE	developmental and epileptic encephalopathy, 2	developmental and epileptic encephalopathy, 2	developmental and epileptic encephalopathy, 2	standard	19
1400	9245	DISEASE	developmental and epileptic encephalopathy, 3	developmental and epileptic encephalopathy, 3	developmental and epileptic encephalopathy, 3	MONDO	19
1401	9107	DISEASE	developmental and epileptic encephalopathy, 36	developmental and epileptic encephalopathy, 36	developmental and epileptic encephalopathy, 36	MONDO	16
1402	4050	DISEASE	developmental and epileptic encephalopathy, 39	developmental and epileptic encephalopathy, 39	developmental and epileptic encephalopathy, 39	standard	51
1403	9315	DISEASE	developmental and epileptic encephalopathy, 4	developmental and epileptic encephalopathy, 4	developmental and epileptic encephalopathy, 4	MONDO	129
1404	9368	DISEASE	developmental and epileptic encephalopathy, 5	developmental and epileptic encephalopathy, 5	developmental and epileptic encephalopathy, 5	MONDO	19
1405	8614	DISEASE	developmental and epileptic encephalopathy, 6A	developmental and epileptic encephalopathy, 6a	developmental and epileptic encephalopathy, 6A	MONDO	77
1406	9382	DISEASE	developmental and epileptic encephalopathy, 7	developmental and epileptic encephalopathy, 7	developmental and epileptic encephalopathy, 7	MONDO	80
1407	9095	DISEASE	developmental and epileptic encephalopathy, 8	developmental and epileptic encephalopathy, 8	developmental and epileptic encephalopathy, 8	MONDO	16
1408	9081	DISEASE	developmental and epileptic encephalopathy, 9	developmental and epileptic encephalopathy, 9	developmental and epileptic encephalopathy, 9	MONDO	71
1409	7150	DISEASE	developmental and/or epileptic encephalopathy with spike-wave activation in sleep	developmental and/or epileptic encephalopathy with spike-wave activation in sleep	developmental and/or epileptic encephalopathy with spike-wave activation in sleep	modified_disease	43
1410	9490	DISEASE	developmental delay with autism spectrum disorder and gait instability	developmental delay with autism spectrum disorder and gait instability	developmental delay with autism spectrum disorder and gait instability	MONDO	66
1411	4051	DISEASE	diabetes complications	diabetes complications	Diabetes Complications	standard	43
1412	4052	DISEASE	diabetes insipidus	diabetes insipidus	Diabetes Insipidus	standard	48
1413	8451	DISEASE	diabetes insipidus, nephrogenic, autosomal	diabetes insipidus, nephrogenic, autosomal	Diabetes insipidus, nephrogenic, autosomal	MedGen	70
1414	8558	DISEASE	diabetes insipidus, nephrogenic, X-linked	diabetes insipidus, nephrogenic, x-linked	Diabetes insipidus, nephrogenic, X-linked	MedGen	70
1415	4053	DISEASE	diabetes mellitus	diabetes mellitus	Diabetes Mellitus	standard	11
1416	7151	DISEASE	diabetes mellitus (type 1)	diabetes mellitus (type 1)	Diabetes Mellitus	modified_disease	21
1417	7152	DISEASE	diabetes mellitus (type 2)	diabetes mellitus (type 2)	Diabetes Mellitus	modified_disease	21
1418	7153	DISEASE	diabetes mellitus type 2	diabetes mellitus type 2	maturity-onset diabetes of the young type 1	modified_disease	24
1419	8000	DISEASE	diabetes mellitus, insulin-dependent, X-linked, susceptibility to	diabetes mellitus, insulin-dependent, x-linked, susceptibility to	Diabetes mellitus, insulin-dependent, X-linked, susceptibility to	MedGen	14
1420	9316	DISEASE	diabetes mellitus, ketosis-prone	diabetes mellitus, ketosis-prone	diabetes mellitus, ketosis-prone	MONDO	10
1421	9151	DISEASE	diabetes mellitus, noninsulin-dependent, 1	diabetes mellitus, noninsulin-dependent, 1	diabetes mellitus, noninsulin-dependent, 1	MONDO	15
1422	4054	DISEASE	diabetes mellitus, noninsulin-dependent, 2	diabetes mellitus, noninsulin-dependent, 2	type 2 diabetes mellitus	standard	43
1423	9152	DISEASE	diabetes mellitus, transient neonatal, 1	diabetes mellitus, transient neonatal, 1	diabetes mellitus, transient neonatal, 1	MONDO	16
1424	9266	DISEASE	diabetes mellitus, transient neonatal, 2	diabetes mellitus, transient neonatal, 2	diabetes mellitus, transient neonatal, 2	MONDO	19
1425	9273	DISEASE	diabetes mellitus, transient neonatal, 3	diabetes mellitus, transient neonatal, 3	diabetes mellitus, transient neonatal, 3	MONDO	19
1426	4055	DISEASE	diabetic foot	diabetic foot	Diabetic Foot	standard	44
1427	4056	DISEASE	diabetic foot infection	diabetic foot infection	Diabetic Foot Examination	standard	42
1428	4057	DISEASE	diabetic foot ulcer	diabetic foot ulcer	Diabetic Foot	standard	44
1429	4058	DISEASE	diabetic gastroparesis	diabetic gastroparesis	gastroparesis	standard	20
1430	4059	DISEASE	diabetic ketoacidosis	diabetic ketoacidosis	Diabetic Ketoacidosis	standard	31
1431	4060	DISEASE	diabetic kidney disease	diabetic kidney disease	Diabetic Nephropathies	standard	42
1432	4061	DISEASE	diabetic macular edema	diabetic macular edema	Macular Edema	standard	78
1433	4062	DISEASE	diabetic nephropathies	diabetic nephropathies	Diabetic Nephropathies	standard	42
1434	4063	DISEASE	diabetic nephropathy	diabetic nephropathy	Diabetic Nephropathies	standard	42
1435	4064	DISEASE	diabetic neuropathy	diabetic neuropathy	Diabetic Neuropathies	standard	70
1436	4065	DISEASE	diabetic peripheral neuropathic pain	diabetic peripheral neuropathic pain	diabetic peripheral angiopathy	standard	11
1437	4066	DISEASE	diabetic peripheral neuropathy	diabetic peripheral neuropathy	diabetic neuropathy	standard	33
1438	4067	DISEASE	diabetic polyneuropathy	diabetic polyneuropathy	Diabetic Neuropathies	standard	70
1439	4068	DISEASE	diabetic retinopathy	diabetic retinopathy	Diabetic Retinopathy	standard	27
1440	6404	DISEASE	diabetic retinopathy (dr)	diabetic retinopathy (dr)	Diabetic Retinopathy	alias_disease	27
1441	4069	DISEASE	diamond-blackfan anemia	diamond-blackfan anemia	Anemia, Diamond-Blackfan	standard	45
1442	8435	DISEASE	Diamond-Blackfan anemia 1	diamond-blackfan anemia 1	Diamond-Blackfan anemia 1	MedGen	104
1443	9358	DISEASE	Diamond-Blackfan anemia 10	diamond-blackfan anemia 10	Diamond-Blackfan anemia 10	MONDO	17
1444	9461	DISEASE	Diamond-Blackfan anemia 11	diamond-blackfan anemia 11	Diamond-Blackfan anemia 11	MONDO	17
1445	9492	DISEASE	Diamond-Blackfan anemia 12	diamond-blackfan anemia 12	Diamond-Blackfan anemia 12	MONDO	17
1446	9275	DISEASE	Diamond-Blackfan anemia 3	diamond-blackfan anemia 3	Diamond-Blackfan anemia 3	MONDO	17
1447	9327	DISEASE	Diamond-Blackfan anemia 4	diamond-blackfan anemia 4	Diamond-Blackfan anemia 4	MONDO	17
1448	9328	DISEASE	Diamond-Blackfan anemia 5	diamond-blackfan anemia 5	Diamond-Blackfan anemia 5	MONDO	17
1449	9330	DISEASE	Diamond-Blackfan anemia 6	diamond-blackfan anemia 6	Diamond-Blackfan anemia 6	MONDO	17
1450	9331	DISEASE	Diamond-Blackfan anemia 7	diamond-blackfan anemia 7	Diamond-Blackfan anemia 7	MONDO	17
1451	9332	DISEASE	Diamond-Blackfan anemia 8	diamond-blackfan anemia 8	Diamond-Blackfan anemia 8	MONDO	17
1452	9357	DISEASE	Diamond-Blackfan anemia 9	diamond-blackfan anemia 9	Diamond-Blackfan anemia 9	MONDO	17
1453	4070	DISEASE	diaper rash	diaper rash	Diaper Rash	standard	32
1454	8457	DISEASE	diaphragmatic hernia 1	diaphragmatic hernia 1	Diaphragmatic hernia 1	MedGen	208
1455	4071	DISEASE	diarrhea	diarrhea	Diarrhea	standard	43
1456	4072	DISEASE	diarrhea 10, protein-losing enteropathy type	diarrhea 10, protein-losing enteropathy type	Diarrhea 10, protein-losing enteropathy type	standard	82
1457	7154	DISEASE	diarrhea functional (due to spastic colon)	diarrhea functional (due to spastic colon)	Diarrhea	modified_disease	29
1458	8970	DISEASE	diastrophic dysplasia	diastrophic dysplasia	diastrophic dysplasia	MONDO	37
1459	8971	DISEASE	dicarboxylic aminoaciduria	dicarboxylic aminoaciduria	dicarboxylic aminoaciduria	MONDO	15
1460	4073	DISEASE	diencephalic astrocytomas	diencephalic astrocytomas	diencephalic astrocytomas	standard	6
1461	4074	DISEASE	differentiated thyroid cancer	differentiated thyroid cancer	differentiated thyroid carcinoma	standard	25
1462	4075	DISEASE	differentiated thyroid carcinoma	differentiated thyroid carcinoma	differentiated thyroid carcinoma	standard	25
1463	4076	DISEASE	diffuse astrocytoma	diffuse astrocytoma	diffuse astrocytoma	standard	54
1464	4077	DISEASE	diffuse goiter	diffuse goiter	Diffuse Goiter	standard	9
1465	7717	DISEASE	Diffuse idiopathic skeletal hyperostosis	diffuse idiopathic skeletal hyperostosis	diffuse idiopathic skeletal hyperostosis	MONDO	18
1466	4078	DISEASE	diffuse large b-cell lymphoma	diffuse large b-cell lymphoma	Lymphoma, Large B-Cell, Diffuse	standard	48
1467	6405	DISEASE	diffuse large b-cell non-hodgkin's lymphoma (nhl)	diffuse large b-cell non-hodgkin's lymphoma (nhl)	Lymphoma, Large B-Cell, Diffuse	alias_disease	31
1468	9146	DISEASE	diffuse nonepidermolytic palmoplantar keratoderma	diffuse nonepidermolytic palmoplantar keratoderma	diffuse nonepidermolytic palmoplantar keratoderma	MONDO	65
1469	4079	DISEASE	digeorge syndrome	digeorge syndrome	DiGeorge Syndrome	standard	34
1470	4080	DISEASE	digestive system carcinoma	digestive system carcinoma	digestive system carcinoma	standard	25
1471	4081	DISEASE	digestive system disorder	digestive system disorder	Digestive System Diseases	standard	16
1472	4082	DISEASE	digestive system infectious disorder	digestive system infectious disorder	digestive system infectious disorder	standard	13
1473	4083	DISEASE	digestive system neoplasm	digestive system neoplasm	Digestive System Neoplasms	standard	7
1474	4084	DISEASE	digestive system neuroendocrine neoplasm	digestive system neuroendocrine neoplasm	digestive system neuroendocrine neoplasm	standard	40
1475	7155	DISEASE	digestive system neuroendocrine tumor, grade 1/2	digestive system neuroendocrine tumor, grade 1/2	digestive system neuroendocrine tumor, grade 1/2	modified_disease	28
1476	4085	DISEASE	digital ulcer	digital ulcer	digital ulcers	standard	26
1477	4086	DISEASE	digitalis glycoside toxicity	digitalis glycoside toxicity	cardiac glycoside intoxication	standard	10
1478	4087	DISEASE	digitalis intoxication	digitalis intoxication	cardiac glycoside intoxication	standard	10
1479	4088	DISEASE	digitalis poisoning	digitalis poisoning	digitalis poisoning	standard	66
1480	4089	DISEASE	digitoxin overdose	digitoxin overdose	Digitoxin	standard	53
1481	4090	DISEASE	dilated cardiomyopathy	dilated cardiomyopathy	Cardiomyopathy, Dilated	standard	40
1482	8442	DISEASE	dilated cardiomyopathy 1A	dilated cardiomyopathy 1a	Dilated cardiomyopathy 1A	MedGen	82
1483	7825	DISEASE	dilated cardiomyopathy-hypergonadotropic hypogonadism syndrome	dilated cardiomyopathy-hypergonadotropic hypogonadism syndrome	dilated cardiomyopathy-hypergonadotropic hypogonadism syndrome	MONDO	14
1484	7958	DISEASE	Dilated mediastinal arteries	dilated mediastinal arteries	dilated mediastinal arteries	component_rescue	43
1485	4091	DISEASE	diphtheria	diphtheria	Diphtheria	standard	44
1486	4092	DISEASE	diphyllobothriasis	diphyllobothriasis	Diphyllobothriasis	standard	7
1487	4093	DISEASE	disc herniation	disc herniation	Intervertebral Disc Displacement	standard	23
1488	4094	DISEASE	discoid lupus erythematosus	discoid lupus erythematosus	Lupus Erythematosus, Discoid	standard	71
1489	4095	DISEASE	discrete aldosterone-producing adrenal adenomas	discrete aldosterone-producing adrenal adenomas	aldosterone-producing adrenal cortex adenoma	standard	24
1490	4096	DISEASE	disease response	disease response	Disease Response	standard	23
1491	4097	DISEASE	disorder characterized by fever	disorder characterized by fever	Alkhurma hemorrhagic fever	standard	10
1492	4098	DISEASE	disorder of fatty acid oxidation and ketogenesis	disorder of fatty acid oxidation and ketogenesis	Myopathy Secondary to Fatty Acid Oxidation Disorder	standard	13
1493	4099	DISEASE	disordered thought	disordered thought	thought disorder	corrected_overlay	17
1494	4100	DISEASE	disorders of initiating and maintaining sleep	disorders of initiating and maintaining sleep	Sleep Initiation and Maintenance Disorders	standard	28
1495	4101	DISEASE	disruptive behavior disorder	disruptive behavior disorder	Attention Deficit and Disruptive Behavior Disorders	standard	28
1496	4102	DISEASE	disseminated candidiasis	disseminated candidiasis	disseminated candidiasis	standard	31
1497	4103	DISEASE	disseminated coccidioidomycosis	disseminated coccidioidomycosis	coccidioidomycosis	standard	31
1498	4104	DISEASE	disseminated intravascular coagulation	disseminated intravascular coagulation	Disseminated Intravascular Coagulation	standard	43
1499	4105	DISEASE	disseminated mycobacterial infections	disseminated mycobacterial infections	disseminated candidiasis	standard	31
1500	4106	DISEASE	disseminated mycobacterium avium complex (mac) disease	disseminated mycobacterium avium complex (mac) disease	disseminated Mycobacterium avium complex disease	corrected_overlay	27
1501	4107	DISEASE	distal renal tubular acidosis	distal renal tubular acidosis	Acidosis, Renal Tubular	standard	52
1502	4108	DISEASE	distal ulcerative colitis	distal ulcerative colitis	ulcerative colitis	standard	43
1503	4109	DISEASE	distributive shock	distributive shock	Distributive Shock Related to COVID-19	standard	18
1504	4110	DISEASE	disuse osteoporosis	disuse osteoporosis	Disuse osteoporosis	standard	9
1505	4111	DISEASE	dizziness	dizziness	Dizziness	standard	18
1506	9204	DISEASE	DNA ligase IV deficiency	dna ligase iv deficiency	DNA ligase IV deficiency	MONDO	36
1507	4112	DISEASE	documented ventricular arrhythmias	documented ventricular arrhythmias	ventricular arrhythmia	corrected_overlay	27
1508	4113	DISEASE	dog mast cell tumors	dog mast cell tumors	canine mast cell tumor	corrected_overlay	27
1509	7835	DISEASE	Dohle bodies and leukemia	dohle bodies and leukemia	Dohle bodies and leukemia	MedGen	12
1510	9009	DISEASE	Donohue syndrome	donohue syndrome	Donohue syndrome	MONDO	37
1511	8502	DISEASE	Down syndrome	down syndrome	Down syndrome	MONDO	63
1512	4114	DISEASE	dravet syndrome	dravet syndrome	Epilepsies, Myoclonic	standard	36
1513	4115	DISEASE	drooling	drooling	Sialorrhea	standard	3
1514	4116	DISEASE	drug allergy	drug allergy	Drug Hypersensitivity	standard	11
1515	4117	DISEASE	drug dependence	drug dependence	Substance-Related Disorders	standard	7
1516	4118	DISEASE	drug misuse	drug misuse	Drug Misuse	standard	14
1517	7156	DISEASE	drug resistant tuberculosis	drug resistant tuberculosis	Tuberculosis, Multidrug-Resistant	modified_disease	23
1518	4119	DISEASE	drug toxicity	drug toxicity	Drug-Related Side Effects and Adverse Reactions	standard	32
1519	7157	DISEASE	drug-induced anaphylaxis	drug-induced anaphylaxis	Drug-induced anaphylaxis	modified_disease	32
1520	7158	DISEASE	drug-induced extrapyramidal disorders	drug-induced extrapyramidal disorders	drug-induced myopathy	modified_disease	15
1521	7159	DISEASE	drug-induced extrapyramidal reactions	drug-induced extrapyramidal reactions	Drug-Induced Thyroiditis	modified_disease	11
1522	7160	DISEASE	drug-induced liver injury	drug-induced liver injury	Chemical and Drug Induced Liver Injury	modified_disease	36
1523	7161	DISEASE	drug-induced methemoglobinemia	drug-induced methemoglobinemia	drug-induced methemoglobinemia	modified_disease	30
1524	4120	DISEASE	dry eye in sjögren syndrome	dry eye in sjögren syndrome	dry eye syndrome	standard	36
1525	4121	DISEASE	dry eye syndrome	dry eye syndrome	Dry Eye Syndromes	standard	49
1526	4122	DISEASE	dry eye syndromes	dry eye syndromes	Dry Eye Syndromes	standard	49
1527	4123	DISEASE	dry eyes	dry eyes	Dry Eye Syndromes	standard	49
1528	4124	DISEASE	dry scalp	dry scalp	Scalp	standard	16
1529	4125	DISEASE	dry skin	dry skin	Dry Skin	standard	21
1530	7847	DISEASE	Dubin-Johnson syndrome	dubin-johnson syndrome	Dubin-Johnson syndrome	MONDO	26
1531	4126	DISEASE	duchenne muscular dystrophy	duchenne muscular dystrophy	Muscular Dystrophy, Duchenne	standard	86
1532	6406	DISEASE	duchenne muscular dystrophy (dmd)	duchenne muscular dystrophy (dmd)	Duchenne muscular dystrophy	alias_disease	25
1533	4127	DISEASE	ductal breast carcinoma in situ	ductal breast carcinoma in situ	ductal breast carcinoma in situ	standard	85
1534	4128	DISEASE	duodenal ulcer	duodenal ulcer	Duodenal Ulcer	standard	7
1535	4129	DISEASE	duodenal ulcers	duodenal ulcers	Duodenal Ulcer	standard	7
1536	4130	DISEASE	dupuytren's contracture	dupuytren's contracture	Dupuytren Contracture	standard	37
1537	4131	DISEASE	dust mite allergy	dust mite allergy	Dust Mite Allergy	standard	23
1538	4132	DISEASE	dysbetalipoproteinemia	dysbetalipoproteinemia	Hyperlipoproteinemia Type III	standard	58
1539	7736	DISEASE	dyschondrosteosis-nephritis syndrome	dyschondrosteosis-nephritis syndrome	dyschondrosteosis-nephritis syndrome	MONDO	24
1540	4133	DISEASE	dysentery	dysentery	Dysentery	standard	49
1541	4134	DISEASE	dysfunctional uterine bleeding	dysfunctional uterine bleeding	Metrorrhagia	standard	27
1542	4135	DISEASE	dyshidroses	dyshidroses	dyshidrosis	corrected_overlay	22
1543	9119	DISEASE	dyskeratosis congenita, X-linked	dyskeratosis congenita, x-linked	dyskeratosis congenita, X-linked	MONDO	5
1544	4136	DISEASE	dyskinesia	dyskinesia	Dyskinesias	standard	57
1545	7916	DISEASE	dyskinesia with orofacial involvement, autosomal dominant	dyskinesia with orofacial involvement, autosomal dominant	dyskinesia with orofacial involvement, autosomal dominant	MONDO	58
1546	4137	DISEASE	dyslipidemia	dyslipidemia	Dyslipidemias	standard	33
1547	4138	DISEASE	dysmenorrhea	dysmenorrhea	Dysmenorrhea	standard	2
1548	4139	DISEASE	dysmenorrhoea	dysmenorrhoea	dysmenorrhea	corrected_overlay	7
1549	4140	DISEASE	dyspareunia	dyspareunia	Dyspareunia	standard	17
1550	4141	DISEASE	dysphonia	dysphonia	Dysphonia	standard	7
1551	4142	DISEASE	dyspnea	dyspnea	Dyspnea	standard	4
1552	4143	DISEASE	dysproteinemia	dysproteinemia	Dysproteinemia	corrected_overlay	10
1553	4144	DISEASE	dysthymic disorder	dysthymic disorder	Dysthymic Disorder	standard	71
1554	8452	DISEASE	dystonia 5	dystonia 5	Dystonia 5	MedGen	133
1555	7905	DISEASE	dystonia 9	dystonia 9	dystonia 9	MONDO	38
1556	4145	DISEASE	dysuria	dysuria	Dysuria	standard	13
1557	4146	DISEASE	ear infection	ear infection	Otitis	standard	35
1558	7162	DISEASE	early hormone receptor-positive (her2+) breast cancer	early hormone receptor-positive (her2+) breast cancer	Breast Neoplasms	modified_disease	16
1559	4147	DISEASE	early stage breast carcinoma	early stage breast carcinoma	Early Stage Breast Carcinoma	standard	15
1560	7163	DISEASE	early-onset severe toxicity	early-onset severe toxicity	Early-Onset Cerebellar Ataxia	modified_disease	12
1561	4148	DISEASE	easy bruising	easy bruising	Easy Bruising	standard	10
1562	4149	DISEASE	eaton-lambert syndrome	eaton-lambert syndrome	Lambert-Eaton Myasthenic Syndrome	standard	93
1563	4150	DISEASE	ebola hemorrhagic fever	ebola hemorrhagic fever	Hemorrhagic Fever, Ebola	standard	9
1564	4151	DISEASE	ebola virus infection	ebola virus infection	Hemorrhagic Fever, Ebola	standard	9
1565	8520	DISEASE	Ebstein anomaly	ebstein anomaly	Ebstein anomaly	MedGen	113
1566	4152	DISEASE	ecg: extrasystole	ecg: extrasystole	Extrasystole	standard	11
1567	4153	DISEASE	echinococcosis	echinococcosis	Echinococcosis	standard	28
1568	4154	DISEASE	eclampsia	eclampsia	Eclampsia	standard	13
1569	4155	DISEASE	ecthyma	ecthyma	Ecthyma	standard	20
1570	4156	DISEASE	ectodermal dysplasia and immunodeficiency 1	ectodermal dysplasia and immunodeficiency 1	ectodermal dysplasia and immunodeficiency 1	standard	40
1571	7877	DISEASE	ectodermal dysplasia-blindness syndrome	ectodermal dysplasia-blindness syndrome	ectodermal dysplasia-blindness syndrome	MONDO	53
1572	4157	DISEASE	ectopic ossification	ectopic ossification	Ossification, Heterotopic	standard	9
1573	4158	DISEASE	eczema	eczema	Eczema	standard	19
1574	4159	DISEASE	eczema vaccinatum	eczema vaccinatum	Kaposi Varicelliform Eruption	standard	35
1575	4160	DISEASE	edema	edema	Edema	standard	20
1576	7164	DISEASE	edema associated with congestive heart failure	edema associated with congestive heart failure	congestive heart failure	modified_disease	35
1577	9520	DISEASE	edema in chronic kidney disease	edema in chronic kidney disease	edema	standard	20
1578	7165	DISEASE	egfr gene mutation	egfr gene mutation	EGFR Gene Mutation	modified_disease	27
1579	7166	DISEASE	egfr t790m mutation positive non-small cell lung carcinoma	egfr t790m mutation positive non-small cell lung carcinoma	EGFR T790M Mutation Positive Non-Small Cell Lung Carcinoma	modified_disease	40
1580	7167	DISEASE	egfr-expressing metastatic colorectal carcinoma	egfr-expressing metastatic colorectal carcinoma	colorectal carcinoma	corrected_overlay	17
1581	4161	DISEASE	ehlers-danlos syndrome	ehlers-danlos syndrome	Ehlers-Danlos Syndrome	standard	43
1582	9135	DISEASE	Eiken syndrome	eiken syndrome	Eiken syndrome	MONDO	29
1583	4162	DISEASE	eisenmenger syndrome	eisenmenger syndrome	Eisenmenger Complex	standard	51
1584	4163	DISEASE	electrolyte imbalance	electrolyte imbalance	Electrolyte Imbalance	standard	18
1585	4164	DISEASE	elephantiasis	elephantiasis	Elephantiasis	standard	18
1586	4165	DISEASE	embolism	embolism	Embolism	standard	22
1587	4166	DISEASE	embolism, tumor	embolism, tumor	Neoplastic Cells, Circulating	standard	12
1588	4167	DISEASE	embryonal carcinoma	embryonal carcinoma	Carcinoma, Embryonal	standard	56
1589	9052	DISEASE	embryonal rhabdomyosarcoma	embryonal rhabdomyosarcoma	embryonal rhabdomyosarcoma	MONDO	23
1590	4168	DISEASE	emotional stress	emotional stress	Stress, Psychological	standard	5
1591	4169	DISEASE	emphysema	emphysema	Emphysema	standard	9
1592	4170	DISEASE	emphysematous bronchitis	emphysematous bronchitis	emphysematous cholecystitis	standard	8
1593	4171	DISEASE	empyema	empyema	Empyema	standard	10
1594	4172	DISEASE	empyema, pleural	empyema, pleural	Empyema, Pleural	standard	6
1595	4173	DISEASE	encephalitis, herpes simplex	encephalitis, herpes simplex	Encephalitis, Herpes Simplex	standard	87
1596	9341	DISEASE	encephalocraniocutaneous lipomatosis	encephalocraniocutaneous lipomatosis	encephalocraniocutaneous lipomatosis	MONDO	21
1597	7836	DISEASE	encephalopathy, axonal, with necrotizing myopathy, cardiomyopathy, and cataracts	encephalopathy, axonal, with necrotizing myopathy, cardiomyopathy, and cataracts	Encephalopathy	HPO	28
1598	4174	DISEASE	end stage renal failure	end stage renal failure	Kidney Failure, Chronic	standard	52
1599	7838	DISEASE	endocardial fibroelastosis	endocardial fibroelastosis	endocardial fibroelastosis	MONDO	9
1600	4175	DISEASE	endocarditis	endocarditis	Endocarditis	standard	41
1601	4176	DISEASE	endocervicitis	endocervicitis	endocervicitis	standard	4
1602	4177	DISEASE	endocrine exophthalmos	endocrine exophthalmos	endocrine exophthalmos	standard	30
1603	4178	DISEASE	endogenous anterior uveitis	endogenous anterior uveitis	endogenous anterior uveitis	corrected_overlay	26
1604	4179	DISEASE	endogenous depression	endogenous depression	Depressive Disorder	standard	26
1605	4180	DISEASE	endometrial cancer	endometrial cancer	Endometrial Neoplasms	standard	35
1606	4181	DISEASE	endometrial carcinoma	endometrial carcinoma	Endometrial Neoplasms	standard	35
1607	4182	DISEASE	endometrial disorder	endometrial disorder	endometrial disorder	standard	18
1608	4183	DISEASE	endometrial hyperplasia	endometrial hyperplasia	Endometrial Hyperplasia	standard	36
1609	4184	DISEASE	endometrial hyperplasia without atypia	endometrial hyperplasia without atypia	endometrial hyperplasia without atypia	standard	12
1610	4185	DISEASE	endometriosis	endometriosis	Endometriosis	standard	29
1611	7739	DISEASE	endometriosis, susceptibility to, 1	endometriosis, susceptibility to, 1	endometriosis	MONDO	21
1612	4186	DISEASE	endometritis	endometritis	Endometritis	standard	18
1613	4187	DISEASE	endomyometritis	endomyometritis	Endometritis	standard	18
1614	4188	DISEASE	enteritis	enteritis	Enteritis	standard	8
1615	4189	DISEASE	enterobacter cloacae infection	enterobacter cloacae infection	Enterobacter cloacae infection	corrected_overlay	14
1616	4190	DISEASE	enterobacteriaceae infections	enterobacteriaceae infections	Enterobacteriaceae Infections	standard	7
1617	4191	DISEASE	enterobiasis	enterobiasis	Enterobiasis	standard	29
1618	4192	DISEASE	enterococcal infection	enterococcal infection	Enterococcus infection	corrected_overlay	9
1619	4193	DISEASE	enterococcus faecalis infection	enterococcus faecalis infection	Enterococcus faecalis infection	standard	49
1620	4194	DISEASE	enterocolitis	enterocolitis	Enterocolitis	standard	21
1621	7897	DISEASE	enteropathy, familial, with villous edema and immunoglobulin G2 deficiency	enteropathy, familial, with villous edema and immunoglobulin g2 deficiency	Primary autoimmune enteropathy	MedGen	89
1622	7168	DISEASE	enthesitis-related juvenile idiopathic arthritis	enthesitis-related juvenile idiopathic arthritis	enthesitis-related juvenile idiopathic arthritis	modified_disease	82
1623	7899	DISEASE	enuresis, nocturnal, 1	enuresis, nocturnal, 1	enuresis, nocturnal, 1	MONDO	22
1624	7169	DISEASE	envenomation caused by bites from eastern coral snakes (micrurus fulvius fulvius)	envenomation caused by bites from eastern coral snakes (micrurus fulvius fulvius)	Snake Bites	MeSH	50
1625	7170	DISEASE	envenomation caused by bites from texas coral snakes (micrurus fulvius tenere)	envenomation caused by bites from texas coral snakes (micrurus fulvius tenere)	Snake Bites	MeSH	50
1626	9038	DISEASE	eosinophil peroxidase deficiency	eosinophil peroxidase deficiency	eosinophil peroxidase deficiency	MONDO	20
1627	4195	DISEASE	eosinophilia	eosinophilia	Eosinophilia	standard	10
1628	4196	DISEASE	eosinophilic esophagitis	eosinophilic esophagitis	Eosinophilic Esophagitis	standard	49
1629	4197	DISEASE	eosinophilic granulomatosis with polyangiitis	eosinophilic granulomatosis with polyangiitis	Churg-Strauss Syndrome	standard	29
1630	6407	DISEASE	eosinophilic granulomatosis with polyangiitis (egpa)	eosinophilic granulomatosis with polyangiitis (egpa)	eosinophilic granulomatosis with polyangiitis	alias_disease	26
1631	4198	DISEASE	ependymoma	ependymoma	Ependymoma	standard	93
1632	4199	DISEASE	epicondylitis	epicondylitis	epicondylitis	standard	5
1633	4200	DISEASE	epidermal burn of skin	epidermal burn of skin	Burn	corrected_overlay	10
1634	4201	DISEASE	epidermolysis bullosa dystrophica	epidermolysis bullosa dystrophica	Epidermolysis Bullosa Dystrophica	standard	57
1635	7972	DISEASE	epidermolytic hyperkeratosis 1	epidermolytic hyperkeratosis 1	Epidermolytic hyperkeratosis 1	MedGen	114
1636	4202	DISEASE	epididymitis	epididymitis	Epididymitis	standard	45
1637	4203	DISEASE	epiglottis cancer	epiglottis cancer	epiglottis cancer	standard	16
1638	4204	DISEASE	epilepsies, myoclonic	epilepsies, myoclonic	Epilepsies, Myoclonic	standard	36
1639	4205	DISEASE	epilepsy	epilepsy	Epilepsy	standard	77
1640	4206	DISEASE	epilepsy with generalized tonic-clonic seizures	epilepsy with generalized tonic-clonic seizures	epilepsy with generalized tonic-clonic seizures	standard	4
1641	4207	DISEASE	epilepsy, absence	epilepsy, absence	Epilepsy, Absence	standard	84
1642	4208	DISEASE	epilepsy, akinetic	epilepsy, akinetic	Epilepsy, Generalized	standard	46
1643	7895	DISEASE	epilepsy, childhood absence, susceptibility to, 1	epilepsy, childhood absence, susceptibility to, 1	epilepsy	MONDO	38
1644	7171	DISEASE	epilepsy, early-onset, vitamin b6-dependent	epilepsy, early-onset, vitamin b6-dependent	epilepsy, early-onset, vitamin B6-dependent	modified_disease	48
1645	7926	DISEASE	epilepsy, idiopathic generalized, susceptibility to, 11	epilepsy, idiopathic generalized, susceptibility to, 11	epilepsy, idiopathic generalized, susceptibility to, 11	MONDO	24
1646	7913	DISEASE	epilepsy, idiopathic generalized, susceptibility to, 7	epilepsy, idiopathic generalized, susceptibility to, 7	epilepsy	MONDO	38
1647	7929	DISEASE	epilepsy, idiopathic generalized, susceptibility to, 9	epilepsy, idiopathic generalized, susceptibility to, 9	epilepsy, idiopathic generalized, susceptibility to, 9	MONDO	17
1648	7927	DISEASE	epilepsy, juvenile absence, susceptibility to, 1	epilepsy, juvenile absence, susceptibility to, 1	epilepsy	MONDO	38
1649	7886	DISEASE	epilepsy, X-linked 1, with variable learning disabilities and behavior disorders	epilepsy, x-linked 1, with variable learning disabilities and behavior disorders	epilepsy, X-linked 1, with variable learning disabilities and behavior disorders	MONDO	54
1650	7172	DISEASE	epiphora due to excess lacrimation	epiphora due to excess lacrimation	Epiphora	modified_disease	26
1651	4209	DISEASE	epiphysiolysis	epiphysiolysis	Epiphyses, Slipped	standard	11
1652	4210	DISEASE	episcleritis	episcleritis	Scleritis	standard	110
1653	8890	DISEASE	episodic ataxia type 1	episodic ataxia type 1	episodic ataxia type 1	MONDO	18
1654	8438	DISEASE	episodic ataxia type 2	episodic ataxia type 2	episodic ataxia type 2	MONDO	22
1655	4211	DISEASE	episodic migraine	episodic migraine	Migraine Disorders	corrected_overlay	13
1656	4212	DISEASE	epistaxis	epistaxis	Epistaxis	standard	4
1657	4213	DISEASE	epithelial keratitis	epithelial keratitis	Keratitis, Herpetic	standard	34
1658	4214	DISEASE	epithelial ovarian cancer	epithelial ovarian cancer	Carcinoma, Ovarian Epithelial	standard	54
1659	4215	DISEASE	epithelioid sarcoma	epithelioid sarcoma	Sarcoma	standard	15
1660	7173	DISEASE	epstein-barr virus-positive diffuse large b-cell lymphoma (ebv+ dlbcl) not otherwise specified (nos)	epstein-barr virus-positive diffuse large b-cell lymphoma (ebv+ dlbcl) not otherwise specified (nos)	Lymphoma, Large B-Cell, Diffuse	modified_disease	39
1661	4216	DISEASE	equinus deformity	equinus deformity	Equinus Deformity	standard	5
1662	4217	DISEASE	erbb2 overexpression	erbb2 overexpression	ERBB2 Overexpression	standard	12
1663	4218	DISEASE	erectile dysfunction	erectile dysfunction	Erectile Dysfunction	standard	16
1664	4219	DISEASE	erectile dysfunction, ctcae	erectile dysfunction, ctcae	Erectile Dysfunction, CTCAE	standard	19
1665	4220	DISEASE	erosive esophagitis	erosive esophagitis	esophagitis	standard	10
1666	4221	DISEASE	erosive or ulcerative gastroesophageal reflux disease	erosive or ulcerative gastroesophageal reflux disease	gastroesophageal reflux disease	standard	41
1667	4222	DISEASE	erysipelas	erysipelas	Erysipelas	standard	43
1668	4223	DISEASE	erysipeloid	erysipeloid	Erysipeloid	standard	59
1669	4224	DISEASE	erythema migrans	erythema migrans	Erythema Migrans	standard	24
1670	4225	DISEASE	erythema multiforme	erythema multiforme	Erythema Multiforme	standard	32
1671	4226	DISEASE	erythema nodosum leprosum	erythema nodosum leprosum	erythema nodosum	standard	33
1672	4227	DISEASE	erythrasma	erythrasma	Erythrasma	standard	14
1673	4228	DISEASE	erythroderma	erythroderma	Dermatitis, Exfoliative	standard	59
1674	4229	DISEASE	erythrodermic psoriasis	erythrodermic psoriasis	Erythrodermic psoriasis	corrected_overlay	12
1675	4230	DISEASE	erythroleukemia	erythroleukemia	Leukemia, Erythroblastic, Acute	standard	21
1676	4231	DISEASE	erythropoietic protoporphyria	erythropoietic protoporphyria	Protoporphyria, Erythropoietic	standard	51
1677	4232	DISEASE	escherichia coli infection	escherichia coli infection	Escherichia coli Infections	standard	8
1678	4233	DISEASE	escherichia coli infections	escherichia coli infections	Escherichia coli Infections	standard	8
1679	4234	DISEASE	escherichia coli meningitis	escherichia coli meningitis	Meningitis, Escherichia coli	standard	75
1680	4235	DISEASE	esophageal adenocarcinoma	esophageal adenocarcinoma	esophageal adenocarcinoma	standard	64
1681	4236	DISEASE	esophageal atresia	esophageal atresia	Esophageal Atresia	standard	26
1682	4237	DISEASE	esophageal cancer	esophageal cancer	Esophageal Neoplasms	standard	6
1683	4238	DISEASE	esophageal candidiasis	esophageal candidiasis	esophageal candidiasis	standard	4
1684	4239	DISEASE	esophageal erosions	esophageal erosions	Esophageal Erosions	SNOMED CT	12
1685	4240	DISEASE	esophageal squamous cell carcinoma	esophageal squamous cell carcinoma	Esophageal Squamous Cell Carcinoma	standard	44
1686	4241	DISEASE	esophageal stricture	esophageal stricture	Esophageal Stenosis	standard	12
1687	4242	DISEASE	esophageal varices	esophageal varices	Esophageal and Gastric Varices	standard	34
1688	4243	DISEASE	esophageal varices with bleeding	esophageal varices with bleeding	Esophageal Varices Hemorrhage	standard	4
1689	4244	DISEASE	esophagitis	esophagitis	Esophagitis	standard	13
1690	4245	DISEASE	esophagitis, peptic	esophagitis, peptic	Esophagitis, Peptic	standard	20
1691	4246	DISEASE	esotropia	esotropia	Esotropia	standard	43
1692	4247	DISEASE	essential fatty acid deficiency	essential fatty acid deficiency	Essential fatty acid deficiency	corrected_overlay	16
1693	4248	DISEASE	essential hypertension	essential hypertension	Essential Hypertension	standard	27
1694	7764	DISEASE	essential hypertension, genetic	essential hypertension, genetic	essential hypertension, genetic	MONDO	15
1695	4249	DISEASE	essential thrombocythemia	essential thrombocythemia	Thrombocythemia, Essential	standard	18
1696	4250	DISEASE	essential tremor	essential tremor	Essential Tremor	standard	55
1697	7174	DISEASE	estrogen-receptor positive breast cancer	estrogen-receptor positive breast cancer	Breast Neoplasms	modified_disease	22
1698	4251	DISEASE	ethanol consumption	ethanol consumption	alcohol consumption	corrected_overlay	24
1699	4252	DISEASE	ethylene glycol poisoning	ethylene glycol poisoning	ethylene glycol poisoning	standard	66
1700	9164	DISEASE	ethylmalonic encephalopathy	ethylmalonic encephalopathy	ethylmalonic encephalopathy	MONDO	36
1701	4253	DISEASE	ewing sarcoma	ewing sarcoma	Sarcoma, Ewing	standard	37
1702	4254	DISEASE	ewing's sarcoma	ewing's sarcoma	Sarcoma, Ewing	standard	37
1703	7175	DISEASE	exacerbations of chronic psychosis	exacerbations of chronic psychosis	Exacerbations of Chronic Pulmonary Disease Tool Patient-Reported Outcome Questionnaire	modified_disease	39
1704	4255	DISEASE	exanthem	exanthem	Exanthema	standard	52
1705	4256	DISEASE	exanthema	exanthema	Exanthema	standard	52
1706	4257	DISEASE	excess lmw-dna	excess lmw-dna	excess low molecular weight DNA	corrected_overlay	23
1707	4258	DISEASE	excess stomach acid	excess stomach acid	gastric acid hypersecretion	corrected_overlay	26
1708	4259	DISEASE	excessive bleeding results from heparin use	excessive bleeding results from heparin use	heparin-associated bleeding	corrected_overlay	20
1709	4260	DISEASE	exercise-induced anaphylaxis	exercise-induced anaphylaxis	Exercise-Induced Allergies	standard	54
1710	4261	DISEASE	exercise-induced angina	exercise-induced angina	exercise-induced hyperinsulinism	standard	30
1711	4262	DISEASE	exercise-induced bronchoconstriction	exercise-induced bronchoconstriction	exercise-induced bronchoconstriction	standard	16
1712	4263	DISEASE	exercise-induced bronchospasm	exercise-induced bronchospasm	Asthma, Exercise-Induced	standard	57
1713	8486	DISEASE	exfoliation syndrome, susceptibility to	exfoliation syndrome, susceptibility to	exfoliation syndrome, susceptibility to	MONDO	9
1714	4264	DISEASE	exfoliative dermatitis	exfoliative dermatitis	Dermatitis, Exfoliative	standard	59
1715	4265	DISEASE	exocrine pancreatic insufficiency	exocrine pancreatic insufficiency	Exocrine Pancreatic Insufficiency	standard	39
1716	4266	DISEASE	exogenous obesity	exogenous obesity	Exogenous Obesity	standard	9
1717	7744	DISEASE	exostoses-anetodermia-brachydactyly type E syndrome	exostoses-anetodermia-brachydactyly type e syndrome	exostoses-anetodermia-brachydactyly type E syndrome	MONDO	44
1718	4267	DISEASE	exposure keratitis	exposure keratitis	keratitis	standard	11
1719	7176	DISEASE	extensive-stage small cell lung cancer (es-sclc)	extensive-stage small cell lung cancer (es-sclc)	Small Cell Lung Carcinoma	modified_disease	26
1720	7177	DISEASE	extensively drug-resistant tuberculosis	extensively drug-resistant tuberculosis	Extensively Drug-Resistant Tuberculosis	modified_disease	71
1721	7178	DISEASE	extensively-drug resistant tuberculosis	extensively-drug resistant tuberculosis	Extensively Drug-Resistant Tuberculosis	modified_disease	71
1722	4268	DISEASE	external eye infections	external eye infections	Eye Infections, Bacterial	standard	30
1723	4269	DISEASE	extragonadal germ cell tumor	extragonadal germ cell tumor	extragonadal germ cell tumor	standard	23
1724	4270	DISEASE	extrahepatic cholestasis	extrahepatic cholestasis	Cholestasis, Extrahepatic	standard	20
1725	4271	DISEASE	extraintestinal amebiasis	extraintestinal amebiasis	amebiasis	standard	35
1726	4272	DISEASE	extrapulmonary tuberculosis	extrapulmonary tuberculosis	Tuberculosis, Extrapulmonary	standard	8
1727	4273	DISEASE	extrapyramidal and movement disease	extrapyramidal and movement disease	movement disorder	standard	20
1728	4274	DISEASE	extrapyramidal disorders	extrapyramidal disorders	Basal Ganglia Diseases	standard	45
1729	4275	DISEASE	extravasation of chemotherapeutic agent	extravasation of chemotherapeutic agent	Cytotoxic Chemotherapeutic Agent	standard	60
1730	4276	DISEASE	extravascular hemolysis	extravascular hemolysis	Hemolysis	standard	19
1731	4277	DISEASE	extrinsic allergic alveolitis	extrinsic allergic alveolitis	Alveolitis, Extrinsic Allergic	standard	36
1732	4278	DISEASE	eye adnexa disorder	eye adnexa disorder	eye adnexa disorder	standard	6
1733	4279	DISEASE	eye disorder	eye disorder	Eye Diseases	standard	4
1734	4280	DISEASE	eye infection	eye infection	Eye Infections	standard	29
1735	4281	DISEASE	eye infections	eye infections	Eye Infections	standard	29
1736	4282	DISEASE	eye infections, bacterial	eye infections, bacterial	Eye Infections, Bacterial	standard	30
1737	4283	DISEASE	eye irritations	eye irritations	eye irritation	corrected_overlay	16
1738	4284	DISEASE	eye redness	eye redness	Eye Redness	standard	18
1739	4285	DISEASE	eyelid disorder	eyelid disorder	eyelid disorder	standard	5
1740	4286	DISEASE	fabry disease	fabry disease	Fabry Disease	standard	41
1741	4287	DISEASE	fabry's disease	fabry's disease	Fabry Disease	standard	41
1742	4288	DISEASE	facial acne vulgaris	facial acne vulgaris	acne	standard	19
1743	9521	DISEASE	facial angiofibroma associated with tuberous sclerosis complex	facial angiofibroma associated with tuberous sclerosis complex	Facial Angiofibroma Associated with Tuberous Sclerosis Complex	curated_standard_definition	35
1744	4289	DISEASE	facial hirsutism	facial hirsutism	facial hirsutism	corrected_overlay	23
1745	8887	DISEASE	facioscapulohumeral muscular dystrophy 1	facioscapulohumeral muscular dystrophy 1	facioscapulohumeral muscular dystrophy 1	MONDO	19
1746	8888	DISEASE	facioscapulohumeral muscular dystrophy 2	facioscapulohumeral muscular dystrophy 2	facioscapulohumeral muscular dystrophy 2	MONDO	18
1747	7839	DISEASE	factor V and factor VIII, combined deficiency of, type 1	factor v and factor viii, combined deficiency of, type 1	factor V and factor VIII, combined deficiency of, type 1	MONDO	23
1748	7745	DISEASE	factor VII and Factor VIII, combined deficiency of	factor vii and factor viii, combined deficiency of	Factor VII and Factor VIII, combined deficiency of	MedGen	16
1749	7746	DISEASE	factor VIII and Factor IX, combined deficiency of	factor viii and factor ix, combined deficiency of	Hereditary Combined Coagulation Factors VIII, IX and XI Deficiency	NCI Thesaurus	12
1750	4290	DISEASE	factor xiii deficiency	factor xiii deficiency	Factor XIII Deficiency	standard	24
1751	7747	DISEASE	factors VIII, IX and XI, combined deficiency of	factors viii, ix and xi, combined deficiency of	Factors VIII, IX and XI, combined deficiency of	MedGen	12
1752	9387	DISEASE	FADD-related immunodeficiency	fadd-related immunodeficiency	FADD-related immunodeficiency	MONDO	89
1753	4291	DISEASE	falciparum malaria	falciparum malaria	Plasmodium falciparum malaria	standard	7
1754	4292	DISEASE	fallopian tube cancer	fallopian tube cancer	Fallopian Tube Neoplasms	standard	35
1755	4293	DISEASE	fallopian tube carcinoma	fallopian tube carcinoma	fallopian tube carcinoma	standard	11
1756	7931	DISEASE	familial acute necrotizing encephalopathy	familial acute necrotizing encephalopathy	familial acute necrotizing encephalopathy	MONDO	23
1757	7796	DISEASE	familial adenomatous polyposis 1	familial adenomatous polyposis 1	familial adenomatous polyposis 1	MONDO	40
1758	8042	DISEASE	familial adenomatous polyposis 2	familial adenomatous polyposis 2	familial adenomatous polyposis 2	MONDO	28
1759	7179	DISEASE	familial amyloid neuropathy	familial amyloid neuropathy	Amyloid Neuropathies, Familial	modified_disease	23
1760	7718	DISEASE	familial antiphospholipid syndrome	familial antiphospholipid syndrome	familial antiphospholipid syndrome	MONDO	6
1761	8950	DISEASE	familial apolipoprotein C-II deficiency	familial apolipoprotein c-ii deficiency	familial apolipoprotein C-II deficiency	MONDO	15
1762	9026	DISEASE	familial atrial myxoma	familial atrial myxoma	familial atrial myxoma	MONDO	14
1763	9137	DISEASE	familial caudal dysgenesis	familial caudal dysgenesis	familial caudal dysgenesis	MONDO	86
1764	7180	DISEASE	familial chylomicronemia	familial chylomicronemia	Hyperlipoproteinemia Type I	modified_disease	23
1765	7181	DISEASE	familial chylomicronemia syndrome	familial chylomicronemia syndrome	familial chylomicronemia syndrome	modified_disease	71
1766	7182	DISEASE	familial cold auto-inflammatory syndrome (fcas)	familial cold auto-inflammatory syndrome (fcas)	familial cold autoinflammatory syndrome	corrected_overlay	21
1767	7183	DISEASE	familial cold autoinflammatory syndrome	familial cold autoinflammatory syndrome	Cryopyrin-Associated Periodic Syndromes	modified_disease	29
1768	9209	DISEASE	familial digital arthropathy-brachydactyly	familial digital arthropathy-brachydactyly	familial digital arthropathy-brachydactyly	MONDO	42
1769	7184	DISEASE	familial dupuytren contracture	familial dupuytren contracture	familial Dupuytren contracture	modified_disease	79
1770	9169	DISEASE	familial gestational hyperthyroidism	familial gestational hyperthyroidism	familial gestational hyperthyroidism	MONDO	14
1771	7185	DISEASE	familial hypercholesterolemia	familial hypercholesterolemia	Hyperlipoproteinemia Type II	modified_disease	29
1772	7186	DISEASE	familial hypercholesterolemia - heterozygous	familial hypercholesterolemia - heterozygous	heterozygous familial hypercholesterolemia	corrected_overlay	29
1773	7187	DISEASE	familial hyperlipidaemia	familial hyperlipidaemia	familial polycythemia	modified_disease	14
1774	7188	DISEASE	familial hyperlipidemia	familial hyperlipidemia	familial hyperlipidemia	modified_disease	38
1775	9493	DISEASE	familial hyperprolactinemia	familial hyperprolactinemia	familial hyperprolactinemia	MONDO	74
1776	9494	DISEASE	familial hypobetalipoproteinemia 1	familial hypobetalipoproteinemia 1	familial hypobetalipoproteinemia 1	MONDO	16
1777	9188	DISEASE	familial hypobetalipoproteinemia 2	familial hypobetalipoproteinemia 2	familial hypobetalipoproteinemia 2	MONDO	16
1778	7189	DISEASE	familial hypophosphatemia	familial hypophosphatemia	Hypophosphatemia, Familial	modified_disease	72
1779	7785	DISEASE	familial idiopathic inflammatory myopathy	familial idiopathic inflammatory myopathy	familial idiopathic inflammatory myopathy	MONDO	20
1780	7914	DISEASE	familial infantile myoclonic epilepsy	familial infantile myoclonic epilepsy	familial infantile myoclonic epilepsy	MONDO	33
1781	7883	DISEASE	familial isolated deficiency of vitamin E	familial isolated deficiency of vitamin e	familial isolated deficiency of vitamin E	MONDO	38
1782	8004	DISEASE	familial isolated hypoparathyroidism due to agenesis of parathyroid gland	familial isolated hypoparathyroidism due to agenesis of parathyroid gland	Hypoparathyroidism, familial isolated 1	MedGen	135
1783	7190	DISEASE	familial lipoprotein lipase deficiency	familial lipoprotein lipase deficiency	Hyperlipoproteinemia Type I	modified_disease	25
1784	8483	DISEASE	familial male-limited precocious puberty	familial male-limited precocious puberty	familial male-limited precocious puberty	MONDO	35
1785	7191	DISEASE	familial mediterranean fever	familial mediterranean fever	Familial Mediterranean Fever	modified_disease	41
1786	9210	DISEASE	familial meningioma	familial meningioma	familial meningioma	MONDO	11
1787	7192	DISEASE	familial or sporadic hemiplegic migraine	familial or sporadic hemiplegic migraine	familial or sporadic hemiplegic migraine	modified_disease	53
1788	8543	DISEASE	familial pancreatic carcinoma	familial pancreatic carcinoma	Pancreatic cancer, susceptibility to, 5	MedGen	52
1789	8462	DISEASE	familial partial lipodystrophy, Dunnigan type	familial partial lipodystrophy, dunnigan type	Familial partial lipodystrophy, Dunnigan type	MedGen	302
1790	7794	DISEASE	familial pityriasis rubra pilaris	familial pityriasis rubra pilaris	familial pityriasis rubra pilaris	MONDO	42
1791	8481	DISEASE	familial porphyria cutanea tarda	familial porphyria cutanea tarda	familial porphyria cutanea tarda	MONDO	31
1792	7989	DISEASE	familial renal glucosuria	familial renal glucosuria	Familial renal glucosuria	MedGen	48
1793	8909	DISEASE	familial spontaneous pneumothorax	familial spontaneous pneumothorax	familial spontaneous pneumothorax	MONDO	87
1794	9450	DISEASE	familial steroid-resistant nephrotic syndrome with sensorineural deafness	familial steroid-resistant nephrotic syndrome with sensorineural deafness	familial steroid-resistant nephrotic syndrome with sensorineural deafness	MONDO	18
1795	8825	DISEASE	familial visceral amyloidosis	familial visceral amyloidosis	familial visceral amyloidosis	MONDO	14
1796	8521	DISEASE	Fanconi anemia complementation group A	fanconi anemia complementation group a	Fanconi anemia complementation group A	MedGen	135
1797	7974	DISEASE	Fanconi renotubular syndrome 1	fanconi renotubular syndrome 1	Fanconi renotubular syndrome 1	MedGen	164
1798	9362	DISEASE	Fanconi renotubular syndrome 2	fanconi renotubular syndrome 2	Fanconi renotubular syndrome 2	MONDO	17
1799	9500	DISEASE	Fanconi renotubular syndrome 3	fanconi renotubular syndrome 3	Fanconi renotubular syndrome 3	MONDO	17
1800	8976	DISEASE	Farber lipogranulomatosis	farber lipogranulomatosis	Farber lipogranulomatosis	MONDO	43
1801	4294	DISEASE	fascioliasis	fascioliasis	Fascioliasis	standard	16
1802	9136	DISEASE	fatal familial insomnia	fatal familial insomnia	fatal familial insomnia	MONDO	30
1803	4295	DISEASE	fatty liver disease	fatty liver disease	Fatty Liver	MeSH	19
1804	4296	DISEASE	febrile neutropenia	febrile neutropenia	Febrile Neutropenia	standard	11
1805	4297	DISEASE	febrile seizures	febrile seizures	Seizures, Febrile	standard	115
1806	7928	DISEASE	febrile seizures, familial, 8	febrile seizures, familial, 8	febrile seizures, familial, 8	MONDO	50
1807	7748	DISEASE	Felty syndrome	felty syndrome	Felty syndrome	MONDO	28
1808	4298	DISEASE	female breast cancer	female breast cancer	female breast carcinoma	standard	19
1809	4299	DISEASE	female breast carcinoma	female breast carcinoma	female breast carcinoma	standard	19
1810	4300	DISEASE	female hypogonadism	female hypogonadism	Female hypogonadism	standard	10
1811	4301	DISEASE	female infertility	female infertility	Infertility, Female	standard	10
1812	4302	DISEASE	female pelvic infections	female pelvic infections	Pelvic Infection	corrected_overlay	13
1813	4303	DISEASE	female pelvis infections	female pelvis infections	Pelvic Infection	corrected_overlay	13
1814	4304	DISEASE	female sexual dysfunction	female sexual dysfunction	Female sexual dysfunction	standard	23
1815	4305	DISEASE	female stress incontinence	female stress incontinence	female stress incontinence	standard	37
1816	7193	DISEASE	fetal cytomegalovirus syndrome	fetal cytomegalovirus syndrome	fetal cytomegalovirus syndrome	modified_disease	27
1817	7194	DISEASE	fetal growth restriction	fetal growth restriction	Fetal Growth Retardation	modified_disease	15
1818	4306	DISEASE	fever	fever	Fever	standard	14
1819	4307	DISEASE	fibrocystic breast disease	fibrocystic breast disease	Fibrocystic Breast Disease	standard	46
1820	4308	DISEASE	fibrocystic disease of pancreas	fibrocystic disease of pancreas	Cystic Fibrosis	standard	67
1821	4309	DISEASE	fibrodysplasia ossificans progressiva	fibrodysplasia ossificans progressiva	Myositis Ossificans	standard	12
1822	4310	DISEASE	fibromatosis	fibromatosis	Fibroma	standard	10
1823	4311	DISEASE	fibromyalgia	fibromyalgia	Fibromyalgia	standard	93
1824	9064	DISEASE	Filippi syndrome	filippi syndrome	Filippi syndrome	MONDO	59
1825	4312	DISEASE	fine wrinkles on face	fine wrinkles on face	Wrinkle; Face	corrected_overlay	12
1826	7751	DISEASE	fissured tongue	fissured tongue	fissured tongue	Disease Ontology	6
1827	4313	DISEASE	fluorouracil overdose	fluorouracil overdose	5-fluorouracil poisoning	standard	70
1828	4314	DISEASE	flushing of ears and somnolence	flushing of ears and somnolence	ear flushing with somnolence	corrected_overlay	23
1829	4315	DISEASE	focal eeg discharges with secondary generalization	focal eeg discharges with secondary generalization	Focal EEG discharges with secondary generalization	standard	18
1830	4316	DISEASE	focal epilepsy	focal epilepsy	Epilepsies, Partial	standard	93
1831	4317	DISEASE	focal segmental glomerulosclerosis	focal segmental glomerulosclerosis	Glomerulosclerosis, Focal Segmental	standard	52
1832	8587	DISEASE	focal segmental glomerulosclerosis 1	focal segmental glomerulosclerosis 1	Focal segmental glomerulosclerosis 1	MedGen	461
1833	9174	DISEASE	focal segmental glomerulosclerosis 2	focal segmental glomerulosclerosis 2	focal segmental glomerulosclerosis 2	MONDO	18
1834	8621	DISEASE	focal segmental glomerulosclerosis 3, susceptibility to	focal segmental glomerulosclerosis 3, susceptibility to	focal segmental glomerulosclerosis 3, susceptibility to	MONDO	18
1835	9353	DISEASE	focal segmental glomerulosclerosis 5	focal segmental glomerulosclerosis 5	focal segmental glomerulosclerosis 5	MONDO	18
1836	9421	DISEASE	focal segmental glomerulosclerosis 6	focal segmental glomerulosclerosis 6	focal segmental glomerulosclerosis 6	MONDO	18
1837	4318	DISEASE	folic acid deficiency	folic acid deficiency	Folic Acid Deficiency	standard	98
1838	4319	DISEASE	folic acid deficiency anemia	folic acid deficiency anemia	folic acid deficiency anemia	standard	31
1839	4320	DISEASE	folic acid overdose	folic acid overdose	Folic Acid Overdose	corrected_overlay	11
1840	6408	DISEASE	follicular b-cell non-hodgkin lymphoma (fl)	follicular b-cell non-hodgkin lymphoma (fl)	Lymphoma, Follicular	alias_disease	16
1841	7195	DISEASE	follicular cd20-positive b-cell non-hodgkin's lymphoma (nhl)	follicular cd20-positive b-cell non-hodgkin's lymphoma (nhl)	B-cell non-Hodgkin lymphoma	modified_disease	15
1842	4321	DISEASE	follicular lymphoma	follicular lymphoma	Lymphoma, Follicular	standard	41
1843	7196	DISEASE	follicular lymphoma refractory	follicular lymphoma refractory	follicular lymphoma	corrected_overlay	19
1844	4322	DISEASE	follicular thyroid carcinoma	follicular thyroid carcinoma	Adenocarcinoma, Follicular	standard	21
1845	4323	DISEASE	folliculitis	folliculitis	Folliculitis	standard	6
1846	4324	DISEASE	food allergy	food allergy	Food Hypersensitivity	standard	14
1847	4325	DISEASE	food-induced anaphylaxis	food-induced anaphylaxis	Food-induced anaphylaxis	standard	19
1848	8978	DISEASE	formiminoglutamic aciduria	formiminoglutamic aciduria	formiminoglutamic aciduria	MONDO	52
1849	9366	DISEASE	FOXG1 disorder	foxg1 disorder	FOXG1 disorder	MONDO	81
1850	4326	DISEASE	fractured tibia	fractured tibia	tibial fracture	corrected_overlay	11
1851	4327	DISEASE	fractured vertebra	fractured vertebra	Vertebra	standard	58
1852	9097	DISEASE	fragile X syndrome	fragile x syndrome	fragile X syndrome	MONDO	42
1853	9096	DISEASE	fragile X-associated tremor/ataxia syndrome	fragile x-associated tremor/ataxia syndrome	fragile X-associated tremor/ataxia syndrome	MONDO	19
1854	9014	DISEASE	Frank-Ter Haar syndrome	frank-ter haar syndrome	Frank-Ter Haar syndrome	MONDO	25
1855	8562	DISEASE	FRAXE intellectual disability	fraxe intellectual disability	FRAXE	MedGen	76
1856	4328	DISEASE	freckles	freckles	Melanosis	standard	11
1857	4329	DISEASE	fredrickson type i lipidaemia	fredrickson type i lipidaemia	Hyperlipoproteinemia Type I	corrected_overlay	16
1858	4330	DISEASE	fredrickson type iii lipidaemia	fredrickson type iii lipidaemia	Hyperlipoproteinemia Type III	corrected_overlay	8
1859	8931	DISEASE	Freeman-Sheldon syndrome	freeman-sheldon syndrome	Freeman-Sheldon syndrome	MONDO	34
1860	4331	DISEASE	friedreich ataxia	friedreich ataxia	Friedreich Ataxia	standard	134
1861	8980	DISEASE	Friedreich ataxia 1	friedreich ataxia 1	Friedreich ataxia 1	MONDO	17
1862	4332	DISEASE	frontal balding	frontal balding	Frontal balding	standard	10
1863	8826	DISEASE	frontotemporal dementia and/or amyotrophic lateral sclerosis 1	frontotemporal dementia and/or amyotrophic lateral sclerosis 1	frontotemporal dementia and/or amyotrophic lateral sclerosis 1	MONDO	21
1864	9408	DISEASE	frontotemporal dementia and/or amyotrophic lateral sclerosis 6	frontotemporal dementia and/or amyotrophic lateral sclerosis 6	frontotemporal dementia and/or amyotrophic lateral sclerosis 6	MONDO	18
1865	9143	DISEASE	frontotemporal dementia and/or amyotrophic lateral sclerosis 7	frontotemporal dementia and/or amyotrophic lateral sclerosis 7	frontotemporal dementia and/or amyotrophic lateral sclerosis 7	MONDO	18
1866	4333	DISEASE	frostbite	frostbite	Frostbite	standard	10
1867	8982	DISEASE	fucosidosis	fucosidosis	fucosidosis	MONDO	37
1868	8977	DISEASE	Fuhrmann syndrome	fuhrmann syndrome	Fuhrmann syndrome	MONDO	21
1869	4334	DISEASE	full thickness burn	full thickness burn	burn	standard	22
1870	9208	DISEASE	fumaric aciduria	fumaric aciduria	fumaric aciduria	MONDO	45
1871	4335	DISEASE	functional asplenia	functional asplenia	Heterotaxy Syndrome with Asplenia	standard	26
1872	4336	DISEASE	functional constipation	functional constipation	constipation disorder	standard	9
1873	4337	DISEASE	functional diarrhea	functional diarrhea	secretory diarrhea	standard	14
1874	4338	DISEASE	functional gastric disease	functional gastric disease	functional colonic disease	standard	22
1875	4339	DISEASE	functional hemorrhages and menorrhagia of fibroids	functional hemorrhages and menorrhagia of fibroids	menorrhagia	standard	12
1876	4340	DISEASE	fungal blepharitis	fungal blepharitis	fungal blepharitis	corrected_overlay	22
1877	4341	DISEASE	fungal endophthalmitis	fungal endophthalmitis	Fungal Endophthalmitis	standard	14
1878	4342	DISEASE	fungal infection of eye	fungal infection of eye	fungal infection of eye	standard	50
1879	4343	DISEASE	fungal infections	fungal infections	Mycoses	standard	4
1880	4344	DISEASE	fungal keratitis	fungal keratitis	Fungal Keratitis	standard	4
1881	4345	DISEASE	fungal meningitis	fungal meningitis	Meningitis, Fungal	standard	16
1882	4346	DISEASE	fungal skin infections	fungal skin infections	fungal infection of eye	standard	50
1883	4347	DISEASE	fungemia	fungemia	Fungemia	standard	34
1884	4348	DISEASE	furuncle	furuncle	Furuncle	corrected_overlay	19
1885	4349	DISEASE	furunculosis	furunculosis	Furunculosis	standard	33
1886	4350	DISEASE	fusariosis	fusariosis	Fusariosis	standard	42
1887	4351	DISEASE	fusarium infections	fusarium infections	Fusariosis	standard	42
1888	4352	DISEASE	fusarium solani keratitis	fusarium solani keratitis	keratitis	standard	11
1889	4353	DISEASE	fusospirochetosis	fusospirochetosis	fusospirochetal infection	corrected_overlay	25
1890	8983	DISEASE	galactokinase deficiency	galactokinase deficiency	galactokinase deficiency	MONDO	36
1891	4354	DISEASE	galactorrhea	galactorrhea	Galactorrhea	standard	32
1892	9029	DISEASE	galactosialidosis	galactosialidosis	galactosialidosis	MONDO	37
1893	7901	DISEASE	gallbladder disease 1	gallbladder disease 1	gallbladder disease 1	MONDO	24
1894	4355	DISEASE	gallbladder disorder	gallbladder disorder	gallbladder disorder	standard	6
1895	4356	DISEASE	gallstones	gallstones	Gallstones	standard	30
1896	8988	DISEASE	gamma-glutamyl transpeptidase deficiency	gamma-glutamyl transpeptidase deficiency	gamma-glutamyl transpeptidase deficiency	MONDO	14
1897	7840	DISEASE	gamma-glutamylcysteine synthetase deficiency	gamma-glutamylcysteine synthetase deficiency	gamma-glutamylcysteine synthetase deficiency	MONDO	22
1898	8455	DISEASE	Gamstorp-Wohlfart syndrome	gamstorp-wohlfart syndrome	Autosomal recessive axonal neuropathy with neuromyotonia	MedGen	82
1899	7197	DISEASE	ganglion or cyst of synovium/tendon/bursa	ganglion or cyst of synovium/tendon/bursa	Ganglion Cysts	modified_disease	30
1900	4357	DISEASE	gardnerella vaginitis	gardnerella vaginitis	Gardnerella-associated bacterial vaginosis	corrected_overlay	20
1901	4358	DISEASE	gas gangrene	gas gangrene	Gas Gangrene	standard	54
1902	4359	DISEASE	gastric adenocarcinoma	gastric adenocarcinoma	gastric adenocarcinoma	standard	11
1903	4360	DISEASE	gastric cancer	gastric cancer	Stomach Neoplasms	standard	6
1904	4361	DISEASE	gastric mucosa-associated lymphoid tissue lymphoma	gastric mucosa-associated lymphoid tissue lymphoma	gastric mucosa-associated lymphoid tissue lymphoma	standard	50
1905	4362	DISEASE	gastric ulcer	gastric ulcer	Stomach Ulcer	standard	26
1906	4363	DISEASE	gastrinoma	gastrinoma	Gastrinoma	standard	72
1907	4364	DISEASE	gastritis	gastritis	Gastritis	standard	14
1908	4365	DISEASE	gastroenteritis	gastroenteritis	Gastroenteritis	standard	25
1909	4366	DISEASE	gastroesophageal cancer	gastroesophageal cancer	gastroesophageal cancer	standard	15
1910	4367	DISEASE	gastroesophageal junction adenocarcinoma	gastroesophageal junction adenocarcinoma	gastroesophageal junction adenocarcinoma	standard	12
1911	4368	DISEASE	gastroesophageal junction cancer	gastroesophageal junction cancer	gastroesophageal cancer	standard	15
1912	4369	DISEASE	gastroesophageal reflux	gastroesophageal reflux	Gastroesophageal Reflux	standard	27
1913	4370	DISEASE	gastroesophageal reflux disease	gastroesophageal reflux disease	Gastroesophageal Reflux	standard	27
1914	4371	DISEASE	gastrointestinal bleeding	gastrointestinal bleeding	gastrointestinal bleeding	standard	35
1915	4372	DISEASE	gastrointestinal candidiasis	gastrointestinal candidiasis	gastrointestinal candidiasis	corrected_overlay	24
1916	4373	DISEASE	gastrointestinal hemorrhage	gastrointestinal hemorrhage	Gastrointestinal Hemorrhage	standard	12
1917	4374	DISEASE	gastrointestinal infections	gastrointestinal infections	Gastrointestinal Diseases; Infections	corrected_overlay	9
1918	4375	DISEASE	gastrointestinal smooth muscle spasms	gastrointestinal smooth muscle spasms	gastrointestinal smooth muscle spasm	corrected_overlay	15
1919	4376	DISEASE	gastrointestinal stromal tumor	gastrointestinal stromal tumor	Gastrointestinal Stromal Tumors	standard	22
1920	4377	DISEASE	gastrointestinal toxicity	gastrointestinal toxicity	Gastrointestinal Toxicity	standard	8
1921	4378	DISEASE	gastroparesis	gastroparesis	Gastroparesis	standard	28
1922	7198	DISEASE	gastroparesis due to diabetes mellitus	gastroparesis due to diabetes mellitus	diabetes mellitus	modified_disease	28
1923	4379	DISEASE	gaucher disease	gaucher disease	Gaucher Disease	standard	61
1924	8039	DISEASE	Gaucher disease perinatal lethal	gaucher disease perinatal lethal	Gaucher disease perinatal lethal	MedGen	192
1925	4380	DISEASE	gaucher disease type i	gaucher disease type i	Gaucher disease type I	standard	20
1926	7987	DISEASE	Gaucher disease type II	gaucher disease type ii	Gaucher disease type II	MedGen	192
1927	7988	DISEASE	Gaucher disease type III	gaucher disease type iii	Gaucher disease type III	MedGen	192
1928	7199	DISEASE	gaucher's disease type 1	gaucher's disease type 1	Gaucher Disease	modified_disease	34
1929	7200	DISEASE	gaucher's disease type 3	gaucher's disease type 3	Gaucher Disease	modified_disease	34
1930	4381	DISEASE	generalized anxiety disorder	generalized anxiety disorder	Generalized Anxiety Disorder	standard	22
1931	4382	DISEASE	generalized edema	generalized edema	anasarca	standard	16
1932	4383	DISEASE	generalized epilepsy	generalized epilepsy	Epilepsy, Generalized	standard	46
1933	9248	DISEASE	generalized epilepsy-paroxysmal dyskinesia syndrome	generalized epilepsy-paroxysmal dyskinesia syndrome	generalized epilepsy-paroxysmal dyskinesia syndrome	MONDO	64
1934	4384	DISEASE	generalized myasthenia gravis	generalized myasthenia gravis	Myasthenia Gravis	standard	75
1935	4385	DISEASE	generalized non-psychotic anxiety	generalized non-psychotic anxiety	generalized anxiety disorder	standard	38
1936	4386	DISEASE	generalized pustular psoriasis	generalized pustular psoriasis	generalized pustular psoriasis	standard	94
1937	4387	DISEASE	generalized pustular psoriasis (gpp) flares	generalized pustular psoriasis (gpp) flares	generalized pustular psoriasis	standard	94
1938	4388	DISEASE	generalized-onset seizure	generalized-onset seizure	generalized-onset seizure	corrected_overlay	18
1939	4389	DISEASE	genital herpes	genital herpes	Herpes Genitalis	standard	16
1940	4390	DISEASE	genital herpes simplex	genital herpes simplex	Herpes Genitalis	standard	16
1941	4391	DISEASE	genital prolapse	genital prolapse	Uterine Prolapse	standard	49
1942	4392	DISEASE	genital warts	genital warts	Condylomata Acuminata	standard	13
1943	9200	DISEASE	genitopatellar syndrome	genitopatellar syndrome	genitopatellar syndrome	MONDO	49
1944	4393	DISEASE	genitourinary tract infections and inflammations nec	genitourinary tract infections and inflammations nec	Urinary Tract Infections	standard	9
1945	7201	DISEASE	genotype 1 chronic hepatitis c virus (hcv) infection	genotype 1 chronic hepatitis c virus (hcv) infection	Hepatitis C	modified_disease	22
1946	7202	DISEASE	genotype 4 chronic hepatitis c virus (hcv) infection without cirrhosis	genotype 4 chronic hepatitis c virus (hcv) infection without cirrhosis	Hepatitis C	modified_disease	22
1947	4394	DISEASE	geographic atrophy	geographic atrophy	Geographic Atrophy	standard	46
1948	4395	DISEASE	germ cell testicular cancer	germ cell testicular cancer	mixed testicular germ cell cancer	standard	42
1949	4396	DISEASE	germ cell tumor	germ cell tumor	Neoplasms, Germ Cell and Embryonal	standard	38
1950	4397	DISEASE	germinoma	germinoma	Germinoma	standard	51
1951	8863	DISEASE	Gerstmann-Straussler-Scheinker syndrome	gerstmann-straussler-scheinker syndrome	Gerstmann-Straussler-Scheinker syndrome	MONDO	60
1952	4398	DISEASE	gestational choriocarcinoma	gestational choriocarcinoma	gestational choriocarcinoma	standard	25
1953	4399	DISEASE	gestational diabetes mellitus	gestational diabetes mellitus	Diabetes, Gestational	standard	45
1954	4400	DISEASE	gestational edema	gestational edema	edema in pregnancy	corrected_overlay	13
1955	4401	DISEASE	gestational trophoblastic neoplasia	gestational trophoblastic neoplasia	Gestational Trophoblastic Disease	standard	49
1956	4402	DISEASE	gestational trophoblastic neoplasm	gestational trophoblastic neoplasm	Gestational Trophoblastic Disease	standard	49
1957	9030	DISEASE	giant axonal neuropathy 1	giant axonal neuropathy 1	giant axonal neuropathy 1	MONDO	23
1958	9259	DISEASE	giant axonal neuropathy 2	giant axonal neuropathy 2	giant axonal neuropathy 2	MONDO	18
1959	4403	DISEASE	giant cell arteritis	giant cell arteritis	Giant Cell Arteritis	standard	70
1960	4404	DISEASE	giant cell glioblastoma	giant cell glioblastoma	Glioblastoma	standard	58
1961	4405	DISEASE	giant cell tumors of the tendon sheath	giant cell tumors of the tendon sheath	malignant tenosynovial giant cell tumor	standard	45
1962	4406	DISEASE	giant follicular lymphoma	giant follicular lymphoma	Lymphoma, Follicular	standard	41
1963	4407	DISEASE	giardiasis	giardiasis	Giardiasis	standard	25
1964	4408	DISEASE	gigantism	gigantism	Gigantism	standard	55
1965	7758	DISEASE	Gilbert syndrome	gilbert syndrome	Gilbert syndrome	MONDO	14
1966	4409	DISEASE	gilles de la tourette's syndrome	gilles de la tourette's syndrome	Tourette Syndrome	standard	92
1967	4410	DISEASE	gingival bleeding	gingival bleeding	Gingival Hemorrhage	corrected_overlay	11
1968	7749	DISEASE	gingival fibromatosis-progressive deafness syndrome	gingival fibromatosis-progressive deafness syndrome	gingival fibromatosis-progressive deafness syndrome	MONDO	55
1969	4411	DISEASE	gingivitis	gingivitis	Gingivitis	standard	10
1970	7872	DISEASE	Gitelman syndrome	gitelman syndrome	Gitelman syndrome	MONDO	25
1971	4412	DISEASE	glanzmann's thrombasthenia	glanzmann's thrombasthenia	Glanzmann thrombasthenia 1	standard	19
1972	4413	DISEASE	glaucoma	glaucoma	Glaucoma	standard	92
1973	7752	DISEASE	glaucoma 1, open angle, A	glaucoma 1, open angle, a	glaucoma 1, open angle, A	MONDO	17
1974	8985	DISEASE	glaucoma 3A	glaucoma 3a	glaucoma 3A	MONDO	18
1975	7955	DISEASE	glaucoma type 1C	glaucoma type 1c	Glaucoma type 1C	MedGen	11
1976	4414	DISEASE	glioblastoma	glioblastoma	Glioblastoma	standard	58
1977	6409	DISEASE	glioblastoma multiforme (gbm)	glioblastoma multiforme (gbm)	glioblastoma	alias_disease	91
1978	4415	DISEASE	glioma	glioma	Glioma	standard	63
1979	7754	DISEASE	glioma susceptibility 1	glioma susceptibility 1	glioma susceptibility	MONDO	8
1980	8615	DISEASE	glioma susceptibility 4	glioma susceptibility 4	Glioma susceptibility 4	MedGen	11
1981	4416	DISEASE	glioma, malignant	glioma, malignant	Glioma	standard	63
1982	4417	DISEASE	glomerulations	glomerulations	Glomerulations	standard	6
1983	4418	DISEASE	glossopharyngeal neuralgia	glossopharyngeal neuralgia	Glossopharyngeal Nerve Diseases	standard	105
1984	4419	DISEASE	glucocorticoid-induced osteoporosis	glucocorticoid-induced osteoporosis	glucocorticoid-induced osteoporosis	standard	36
1985	4420	DISEASE	glucose intolerance	glucose intolerance	Glucose Intolerance	standard	52
1986	4421	DISEASE	glucosylceramide beta-glucosidase deficiency	glucosylceramide beta-glucosidase deficiency	Gaucher Disease	standard	61
1987	8987	DISEASE	glutaric acidemia type 3	glutaric acidemia type 3	glutaric acidemia type 3	MONDO	38
1988	7843	DISEASE	glutathione synthetase deficiency without 5-oxoprolinuria	glutathione synthetase deficiency without 5-oxoprolinuria	congenital nonspherocytic hemolytic anemia 6	Disease Ontology	52
1989	8605	DISEASE	glycine encephalopathy 1	glycine encephalopathy 1	glycine encephalopathy 1	MONDO	14
1990	8522	DISEASE	glycogen storage disease due to GLUT2 deficiency	glycogen storage disease due to glut2 deficiency	Fanconi-Bickel syndrome	MedGen	131
1991	8989	DISEASE	glycogen storage disease Ib	glycogen storage disease ib	glycogen storage disease Ib	MONDO	20
1992	4422	DISEASE	glycogen storage disease ii	glycogen storage disease ii	Glycogen Storage Disease Type II	standard	96
1993	8990	DISEASE	glycogen storage disease III	glycogen storage disease iii	glycogen storage disease III	MONDO	27
1994	9120	DISEASE	glycogen storage disease IXa1	glycogen storage disease ixa1	glycogen storage disease IXa1	MONDO	26
1995	9041	DISEASE	glycogen storage disease IXb	glycogen storage disease ixb	glycogen storage disease IXb	MONDO	32
1996	9343	DISEASE	glycogen storage disease IXc	glycogen storage disease ixc	glycogen storage disease IXc	MONDO	11
1997	9092	DISEASE	glycogen storage disease IXd	glycogen storage disease ixd	glycogen storage disease IXd	MONDO	24
1998	8991	DISEASE	glycogen storage disease V	glycogen storage disease v	glycogen storage disease V	MONDO	23
1999	8992	DISEASE	glycogen storage disease VI	glycogen storage disease vi	glycogen storage disease VI	MONDO	23
2000	8993	DISEASE	glycogen storage disease VII	glycogen storage disease vii	glycogen storage disease VII	MONDO	33
2001	9370	DISEASE	glycogen storage disease XV	glycogen storage disease xv	glycogen storage disease XV	MONDO	42
2002	8903	DISEASE	gnathodiaphyseal dysplasia	gnathodiaphyseal dysplasia	gnathodiaphyseal dysplasia	MONDO	49
2003	9018	DISEASE	GNPTG-mucolipidosis	gnptg-mucolipidosis	GNPTG-mucolipidosis	MONDO	94
2004	4423	DISEASE	goiter	goiter	Goiter	standard	47
2005	4424	DISEASE	goiter, endemic	goiter, endemic	Goiter, Endemic	standard	43
2006	7755	DISEASE	goiter, multinodular 1, with or without Sertoli-Leydig cell tumors	goiter, multinodular 1, with or without sertoli-leydig cell tumors	goiter, multinodular 1, with or without Sertoli-Leydig cell tumors	MONDO	17
2007	4425	DISEASE	goitrogenesis	goitrogenesis	goitrogenesis	corrected_overlay	21
2008	4426	DISEASE	gold poisoning	gold poisoning	poisoning / intoxication	corrected_overlay	8
2009	9250	DISEASE	Goldberg-Shprintzen syndrome	goldberg-shprintzen syndrome	Goldberg-Shprintzen syndrome	MONDO	49
2010	4427	DISEASE	gonadotropin deficiency	gonadotropin deficiency	hypogonadism	standard	53
2011	4428	DISEASE	gonococcal bursitis	gonococcal bursitis	gonococcal bursitis	standard	8
2012	4429	DISEASE	gonococcal cervicitis	gonococcal cervicitis	acute gonococcal cervicitis	standard	8
2013	4430	DISEASE	gonococcal epididymitis	gonococcal epididymitis	epididymitis	standard	45
2014	4431	DISEASE	gonococcal salpingitis	gonococcal salpingitis	gonococcal salpingitis	standard	8
2015	4432	DISEASE	gonococcal urethritis	gonococcal urethritis	gonococcal urethritis	standard	17
2016	4433	DISEASE	gonorrhea	gonorrhea	Gonorrhea	standard	22
2017	4434	DISEASE	gonorrhea of pharynx	gonorrhea of pharynx	gonorrhea	standard	65
2018	4435	DISEASE	gonorrhea of rectum	gonorrhea of rectum	gonorrhea	standard	65
2019	8835	DISEASE	Gordon syndrome	gordon syndrome	Gordon syndrome	MONDO	75
2020	4436	DISEASE	gorham-stout disease	gorham-stout disease	Osteolysis, Essential	standard	29
2021	4437	DISEASE	gout	gout	Gout	standard	25
2022	9522	DISEASE	gout flares	gout flares	Gout Flares	curated_standard_definition	29
2023	4438	DISEASE	gouty arthritis	gouty arthritis	Arthritis, Gouty	standard	51
2024	4439	DISEASE	grade 3b follicular lymphoma	grade 3b follicular lymphoma	Grade 3b Follicular Lymphoma	standard	11
2025	4440	DISEASE	graft failure	graft failure	Graft Failure	standard	20
2026	4441	DISEASE	graft versus host disease	graft versus host disease	Graft vs Host Disease	standard	25
2027	7203	DISEASE	gram-negative bacteraemia	gram-negative bacteraemia	gram-negative bacteremia	corrected_overlay	25
2028	7204	DISEASE	gram-negative sepsis	gram-negative sepsis	gram-negative sepsis	corrected_overlay	24
2029	7205	DISEASE	gram-positive bacterial infections	gram-positive bacterial infections	Gram-Positive Bacterial Infections	modified_disease	41
2030	4442	DISEASE	grand mal seizures	grand mal seizures	Seizures	standard	39
2031	8619	DISEASE	granular corneal dystrophy type II	granular corneal dystrophy type ii	Avellino corneal dystrophy	MedGen	30
2032	4443	DISEASE	granuloma annulare	granuloma annulare	Granuloma Annulare	standard	31
2033	4444	DISEASE	granuloma inguinale	granuloma inguinale	Granuloma Inguinale	standard	31
2034	4445	DISEASE	granulomatosis with polyangiitis	granulomatosis with polyangiitis	Granulomatosis with Polyangiitis	standard	48
2035	6410	DISEASE	granulomatosis with polyangiitis (gpa)	granulomatosis with polyangiitis (gpa)	granulomatosis with polyangiitis	alias_disease	19
2036	4446	DISEASE	grass allergy	grass allergy	drug allergy	standard	11
2037	4447	DISEASE	graves disease	graves disease	Graves Disease	standard	54
2038	7879	DISEASE	Graves disease, susceptibility to, 1	graves disease, susceptibility to, 1	Graves disease	MONDO	71
2039	8022	DISEASE	Graves disease, susceptibility to, 2	graves disease, susceptibility to, 2	Graves disease, susceptibility to, 2	MedGen	13
2040	4448	DISEASE	graves' disease	graves' disease	Graves Disease	standard	54
2041	7828	DISEASE	Greenberg dysplasia	greenberg dysplasia	Greenberg dysplasia	MONDO	32
2042	8913	DISEASE	Greig cephalopolysyndactyly syndrome	greig cephalopolysyndactyly syndrome	Greig cephalopolysyndactyly syndrome	MONDO	11
2043	7206	DISEASE	group a streptococcal infections	group a streptococcal infections	Streptococcal Infections	modified_disease	22
2044	9497	DISEASE	growth and developmental delay-hypotonia-vision impairment-lactic acidosis syndrome	growth and developmental delay-hypotonia-vision impairment-lactic acidosis syndrome	growth and developmental delay-hypotonia-vision impairment-lactic acidosis syndrome	MONDO	19
2045	4449	DISEASE	growth factor deficiency	growth factor deficiency	Growth factor deficiency	corrected_overlay	10
2046	4450	DISEASE	growth failure	growth failure	Growth Failure	standard	10
2047	7207	DISEASE	growth failure due to being born small for gestational age (sga)	growth failure due to being born small for gestational age (sga)	Growth Failure	modified_disease	26
2048	7208	DISEASE	growth failure due to chronic kidney disease (ckd)	growth failure due to chronic kidney disease (ckd)	Renal Insufficiency, Chronic	modified_disease	29
2049	7209	DISEASE	growth failure due to growth hormone deficiency (ghd)	growth failure due to growth hormone deficiency (ghd)	Growth Hormone Deficiency	modified_disease	19
2050	7210	DISEASE	growth failure due to idiopathic short stature (iss)	growth failure due to idiopathic short stature (iss)	Growth Failure	modified_disease	23
2051	7211	DISEASE	growth failure due to prader-willi syndrome (pws)	growth failure due to prader-willi syndrome (pws)	Prader-Willi Syndrome	modified_disease	53
2052	7212	DISEASE	growth failure due to shox deficiency	growth failure due to shox deficiency	lipodystrophy due to peptidic growth factors deficiency	modified_disease	52
2053	7213	DISEASE	growth failure due to turner syndrome (ts)	growth failure due to turner syndrome (ts)	Growth Failure	modified_disease	22
2054	4451	DISEASE	growth failure of unknown etiology	growth failure of unknown etiology	Growth Failure of Unknown Etiology	standard	32
2055	4452	DISEASE	growth hormone deficiency	growth hormone deficiency	Growth Hormone Deficiency	standard	5
2056	4453	DISEASE	growth hormone gene deletion	growth hormone gene deletion	growth hormone-producing pituitary gland adenoma	standard	30
2057	8433	DISEASE	growth hormone secreting pituitary adenoma 1	growth hormone secreting pituitary adenoma 1	Pituitary adenoma 3, multiple types	MedGen	56
2058	7844	DISEASE	Grubben-de Cock-Borghgraef syndrome	grubben-de cock-borghgraef syndrome	Grubben-de Cock-Borghgraef syndrome	MONDO	65
2059	4454	DISEASE	guillain-barre syndrome	guillain-barre syndrome	Guillain-Barre Syndrome	standard	77
2060	8868	DISEASE	Guillain-Barre syndrome, familial	guillain-barre syndrome, familial	Guillain-Barre syndrome, familial	MONDO	79
2061	4455	DISEASE	gynaecological infection	gynaecological infection	Female Genital Diseases; Infection	corrected_overlay	13
2062	7214	DISEASE	h5n1 influenza	h5n1 influenza	Influenza A Virus, H5N1 Subtype	modified_disease	22
2063	4456	DISEASE	haemolytic reaction	haemolytic reaction	hemolytic reaction	corrected_overlay	23
2064	7215	DISEASE	haemophilus acute exacerbation of chronic bronchitis	haemophilus acute exacerbation of chronic bronchitis	chronic bronchitis	modified_disease	41
2065	4457	DISEASE	haemophilus infectious disease	haemophilus infectious disease	haemophilus infectious disease	standard	7
2066	4458	DISEASE	haemophilus influenzae	haemophilus influenzae	Haemophilus influenzae	standard	26
2067	4459	DISEASE	haemophilus influenzae type b	haemophilus influenzae type b	Haemophilus influenzae type b	standard	23
2068	7216	DISEASE	haemophilus meningitis	haemophilus meningitis	Meningitis, Haemophilus	modified_disease	46
2069	4460	DISEASE	haemophilus parainfluenzae infection	haemophilus parainfluenzae infection	Haemophilus parainfluenzae infection	corrected_overlay	12
2070	8476	DISEASE	Hailey-Hailey disease	hailey-hailey disease	Hailey-Hailey disease	MONDO	21
2071	9006	DISEASE	Haim-Munk syndrome	haim-munk syndrome	Haim-Munk syndrome	MONDO	17
2072	4461	DISEASE	hairy cell leukemia	hairy cell leukemia	Leukemia, Hairy Cell	standard	47
2073	4462	DISEASE	hallucination	hallucination	Hallucinations	standard	30
2074	4463	DISEASE	hallucinosis	hallucinosis	Hallucinosis	standard	18
2075	4464	DISEASE	hashimoto thyroiditis	hashimoto thyroiditis	Hashimoto Disease	standard	15
2076	4465	DISEASE	haverhill fever	haverhill fever	Rat-Bite Fever	standard	27
2077	4466	DISEASE	hay fever	hay fever	Rhinitis, Allergic, Seasonal	standard	30
2078	7217	DISEASE	hbeag negative chronic hepatitis b infection	hbeag negative chronic hepatitis b infection	chronic hepatitis B virus infection	modified_disease	16
2079	7218	DISEASE	hbeag positive chronic hepatitis b infection	hbeag positive chronic hepatitis b infection	chronic hepatitis B virus infection	modified_disease	16
2080	4467	DISEASE	head and neck cancer	head and neck cancer	Head and Neck Neoplasms	standard	56
2081	4468	DISEASE	head and neck neoplasms	head and neck neoplasms	Head and Neck Neoplasms	standard	56
2082	4469	DISEASE	head and neck squamous cell carcinoma	head and neck squamous cell carcinoma	head and neck squamous cell carcinoma	standard	26
2083	4470	DISEASE	head injury	head injury	Craniocerebral Trauma	standard	39
2084	4471	DISEASE	headache	headache	headache	standard	11
2085	4472	DISEASE	headache disorder	headache disorder	Headache Disorders	standard	45
2086	4473	DISEASE	headache disorders	headache disorders	Headache Disorders	standard	45
2087	4474	DISEASE	headaches	headaches	Headache	standard	24
2088	9117	DISEASE	hearing loss, X-linked 1	hearing loss, x-linked 1	hearing loss, X-linked 1	MONDO	15
2089	9079	DISEASE	hearing loss, X-linked 4	hearing loss, x-linked 4	hearing loss, X-linked 4	MONDO	18
2090	4475	DISEASE	heart block	heart block	Heart Block by ECG Finding	standard	16
2091	4476	DISEASE	heart disorder	heart disorder	Heart Diseases	standard	11
2092	4477	DISEASE	heart failure	heart failure	Heart Failure	standard	63
2093	4478	DISEASE	heart failure post myocardial infarction	heart failure post myocardial infarction	myocardial infarction	standard	21
2094	9523	DISEASE	heart failure with left ventricular ejection fraction at least 40 percent	heart failure with left ventricular ejection fraction at least 40 percent	Heart Failure with Left Ventricular Ejection Fraction at Least 40 Percent	curated_standard_definition	41
2095	4479	DISEASE	heart failure with reduced ejection fraction	heart failure with reduced ejection fraction	Heart Failure, Systolic	standard	14
2096	4480	DISEASE	heart valve disorder	heart valve disorder	heart valve disorder	standard	6
2097	4481	DISEASE	heartburn	heartburn	Heartburn	standard	15
2098	7219	DISEASE	heavy menstrual bleeding associated with uterine fibroids	heavy menstrual bleeding associated with uterine fibroids	Menorrhagia; Leiomyoma	Disease Ontology;MeSH	43
2099	4482	DISEASE	heavy metal poisoning	heavy metal poisoning	Heavy Metal Poisoning	standard	46
2100	4483	DISEASE	heinz body anemia	heinz body anemia	Heinz body anemia	standard	40
2101	4484	DISEASE	helicobacter pylori	helicobacter pylori	Helicobacter pylori	standard	84
2102	4485	DISEASE	helicobacter pylori gastritis	helicobacter pylori gastritis	Helicobacter pylori infectious disease	standard	47
2103	4486	DISEASE	helicobacter pylori infection	helicobacter pylori infection	Helicobacter Pylori Infection	standard	24
2104	7896	DISEASE	Helicobacter pylori infection, susceptibility to	helicobacter pylori infection, susceptibility to	Helicobacter pylori infection	HPO	29
2105	4487	DISEASE	helicobacter pylori infectious disease	helicobacter pylori infectious disease	Helicobacter pylori infectious disease	standard	47
2106	4488	DISEASE	helicobacter pylori-associated gastritis	helicobacter pylori-associated gastritis	Helicobacter Pylori-Associated Gastritis	standard	10
2107	4489	DISEASE	helminthiasis	helminthiasis	Helminthiasis	standard	8
2108	4490	DISEASE	helminthiasis in cats	helminthiasis in cats	feline helminthiasis	corrected_overlay	25
2109	4491	DISEASE	helminthiasis in cattle	helminthiasis in cattle	bovine helminthiasis	corrected_overlay	23
2110	4492	DISEASE	heloma	heloma	Heloma	standard	36
2111	4493	DISEASE	hemangioma	hemangioma	Hemangioma	standard	44
2112	4494	DISEASE	hemarthrosis	hemarthrosis	Hemarthrosis	standard	15
2113	4495	DISEASE	hematologic disorder	hematologic disorder	hematologic disorder	standard	6
2114	4496	DISEASE	hematoma	hematoma	Hematoma	standard	18
2115	7690	DISEASE	hematopoietic subsyndrome of acute radiation syndrome	hematopoietic subsyndrome of acute radiation syndrome	Acute Radiation Syndrome	manual_modified_disease	20
2116	9415	DISEASE	heme oxygenase 1 deficiency	heme oxygenase 1 deficiency	heme oxygenase 1 deficiency	MONDO	15
2117	4497	DISEASE	hemochromatosis	hemochromatosis	Hemochromatosis	standard	45
2118	4498	DISEASE	hemodialysis clotting	hemodialysis clotting	Hemodialysis	standard	36
2119	4499	DISEASE	hemofiltration clotting	hemofiltration clotting	Hemofiltration	standard	37
2120	4500	DISEASE	hemolysis	hemolysis	Hemolysis	standard	19
2121	4501	DISEASE	hemolytic anemia	hemolytic anemia	Anemia, Hemolytic	standard	21
2122	7873	DISEASE	hemolytic anemia due to pyrimidine 5' nucleotidase deficiency	hemolytic anemia due to pyrimidine 5' nucleotidase deficiency	hemolytic anemia due to pyrimidine 5' nucleotidase deficiency	MONDO	69
2123	7220	DISEASE	hemolytic anemia due to sickle cell disease	hemolytic anemia due to sickle cell disease	hemolytic anemia due to adenylate kinase deficiency	modified_disease	47
2124	9524	DISEASE	hemophagocytic lymphohistiocytosis or macrophage activation syndrome in still disease	hemophagocytic lymphohistiocytosis or macrophage activation syndrome in still disease	Hemophagocytic Lymphohistiocytosis or Macrophage Activation Syndrome in Still Disease	curated_composite_definition	36
2125	4502	DISEASE	hemophagocytic syndrome	hemophagocytic syndrome	Lymphohistiocytosis, Hemophagocytic	standard	19
2126	4503	DISEASE	hemophilia	hemophilia	Hemophilia A	standard	25
2127	4504	DISEASE	hemophilia a	hemophilia a	Hemophilia A	standard	25
2128	4505	DISEASE	hemophilia b	hemophilia b	Hemophilia B	standard	87
2129	4506	DISEASE	hemophilic arthropathy	hemophilic arthropathy	hemophilic arthropathy	standard	16
2130	4507	DISEASE	hemophilus influenza infection	hemophilus influenza infection	Hemophilus Influenza Infection	standard	10
2131	4508	DISEASE	hemorrhage	hemorrhage	Hemorrhage	standard	8
2132	4509	DISEASE	hemorrhage of the uterus following delivery of the placenta	hemorrhage of the uterus following delivery of the placenta	Postpartum Hemorrhage	standard	11
2133	4510	DISEASE	hemorrhagic cystitis	hemorrhagic cystitis	Cystitis, Hemorrhagic	standard	48
2134	4511	DISEASE	hemorrhagic disease	hemorrhagic disease	hemorrhagic disease	standard	28
2135	4512	DISEASE	hemorrhagic disease of newborn	hemorrhagic disease of newborn	Vitamin K Deficiency Bleeding	standard	6
2136	4513	DISEASE	hemorrhoid	hemorrhoid	Hemorrhoids	standard	49
2137	4514	DISEASE	hemorrhoids	hemorrhoids	Hemorrhoids	standard	49
2138	4515	DISEASE	heparin overdosage	heparin overdosage	Heparin	standard	52
2139	4516	DISEASE	heparin overdose	heparin overdose	Heparin	standard	52
2140	4517	DISEASE	heparin-induced thrombocytopenia	heparin-induced thrombocytopenia	heparin-induced thrombocytopenia	standard	17
2141	4518	DISEASE	heparin-induced thrombocytopenia with thrombosis	heparin-induced thrombocytopenia with thrombosis	heparin-induced thrombocytopenia	standard	17
2142	4519	DISEASE	hepatic coma	hepatic coma	Hepatic Encephalopathy	standard	72
2143	4520	DISEASE	hepatic encephalopathy	hepatic encephalopathy	Hepatic Encephalopathy	standard	72
2144	4521	DISEASE	hepatic impairment	hepatic impairment	hepatic coma	standard	72
2145	4522	DISEASE	hepatic injury	hepatic injury	hepatic injury / liver injury	corrected_overlay	14
2146	4523	DISEASE	hepatic veno-occlusive disease	hepatic veno-occlusive disease	Hepatic Veno-Occlusive Disease	standard	41
2147	4524	DISEASE	hepatic veno-occlusive disease-immunodeficiency syndrome	hepatic veno-occlusive disease-immunodeficiency syndrome	hepatic veno-occlusive disease-immunodeficiency syndrome	standard	31
2148	4525	DISEASE	hepatitis (viral a)	hepatitis (viral a)	Hepatitis A	corrected_overlay	13
2149	4526	DISEASE	hepatitis (viral b)	hepatitis (viral b)	Hepatitis B	corrected_overlay	13
2150	4527	DISEASE	hepatitis (viral c)	hepatitis (viral c)	Hepatitis C	corrected_overlay	13
2151	4528	DISEASE	hepatitis (viral d)	hepatitis (viral d)	Hepatitis D	corrected_overlay	13
2152	4529	DISEASE	hepatitis a	hepatitis a	Hepatitis A	standard	29
2153	4530	DISEASE	hepatitis b	hepatitis b	Hepatitis B	standard	44
2154	9267	DISEASE	hepatitis B virus, susceptibility to	hepatitis b virus, susceptibility to	hepatitis B virus, susceptibility to	MONDO	16
2155	4531	DISEASE	hepatitis c	hepatitis c	Hepatitis C	standard	55
2156	7221	DISEASE	hepatitis c induced liver cirrhosis	hepatitis c induced liver cirrhosis	hepatitis C induced liver cirrhosis	modified_disease	23
2157	4532	DISEASE	hepatitis d	hepatitis d	Hepatitis D	standard	85
2158	6411	DISEASE	hepatocellular carcinoma (hcc)	hepatocellular carcinoma (hcc)	hepatocellular carcinoma	alias_disease	175
2159	4533	DISEASE	hepatolenticular degeneration	hepatolenticular degeneration	Hepatolenticular Degeneration	standard	71
2160	4534	DISEASE	hepatomegaly	hepatomegaly	Hepatomegaly	standard	4
2161	4535	DISEASE	hepatorenal syndrome	hepatorenal syndrome	Hepatorenal Syndrome	standard	43
2162	7222	DISEASE	hepatorenal syndrome type 1 (hrs 1)	hepatorenal syndrome type 1 (hrs 1)	Hepatorenal Syndrome	modified_disease	37
2163	7223	DISEASE	her2-overexpressing metastatic gastric or gastroesophageal junction adenocarcinoma	her2-overexpressing metastatic gastric or gastroesophageal junction adenocarcinoma	gastroesophageal junction adenocarcinoma	modified_disease	23
2164	7224	DISEASE	her2-receptor negative breast cancer	her2-receptor negative breast cancer	Breast Neoplasms	modified_disease	14
2165	7225	DISEASE	hereditary amyloidosis	hereditary amyloidosis	Amyloidosis, Familial	modified_disease	16
2166	7226	DISEASE	hereditary angioedema	hereditary angioedema	Angioedemas, Hereditary	modified_disease	24
2167	7227	DISEASE	hereditary angioedema type 3	hereditary angioedema type 3	hereditary angioedema type 3	modified_disease	56
2168	7971	DISEASE	hereditary angioedema with C1Inh deficiency	hereditary angioedema with c1inh deficiency	Angioedema, hereditary, 4	MedGen	151
2169	7228	DISEASE	hereditary angioneurotic edema	hereditary angioneurotic edema	Angioedemas, Hereditary	modified_disease	25
2170	9346	DISEASE	hereditary antithrombin deficiency	hereditary antithrombin deficiency	hereditary antithrombin deficiency	MONDO	62
2171	7757	DISEASE	hereditary attention deficit-hyperactivity disorder	hereditary attention deficit-hyperactivity disorder	hereditary attention deficit-hyperactivity disorder	MONDO	17
2172	7229	DISEASE	hereditary breast carcinoma	hereditary breast carcinoma	hereditary breast carcinoma	NCI Thesaurus	14
2173	8906	DISEASE	hereditary chronic pancreatitis	hereditary chronic pancreatitis	hereditary chronic pancreatitis	MONDO	56
2174	8449	DISEASE	hereditary coproporphyria	hereditary coproporphyria	Hereditary coproporphyria	MedGen	149
2175	7230	DISEASE	hereditary cryohydrocytosis with reduced stomatin	hereditary cryohydrocytosis with reduced stomatin	Hereditary cryohydrocytosis with reduced stomatin	modified_disease	38
2176	7231	DISEASE	hereditary endocrine growth disease	hereditary endocrine growth disease	hereditary disease	modified_disease	21
2177	8981	DISEASE	hereditary fructose intolerance	hereditary fructose intolerance	hereditary fructose intolerance	MONDO	49
2178	7232	DISEASE	hereditary hemophagocytic lymphohistiocytosis	hereditary hemophagocytic lymphohistiocytosis	hereditary hemophagocytic lymphohistiocytosis	modified_disease	39
2179	7725	DISEASE	hereditary hypercarotenemia and vitamin A deficiency	hereditary hypercarotenemia and vitamin a deficiency	hereditary hypercarotenemia and vitamin A deficiency	MONDO	35
2180	7233	DISEASE	hereditary orotic aciduria	hereditary orotic aciduria	orotic aciduria	modified_disease	21
2181	7234	DISEASE	hereditary palmoplantar keratoderma	hereditary palmoplantar keratoderma	hereditary palmoplantar keratoderma	modified_disease	39
2182	8598	DISEASE	hereditary papillary renal cell carcinoma	hereditary papillary renal cell carcinoma	hereditary papillary renal cell carcinoma	MONDO	42
2183	8447	DISEASE	hereditary progressive chorea without dementia	hereditary progressive chorea without dementia	hereditary progressive chorea without dementia	MONDO	16
2184	8491	DISEASE	hereditary retinoblastoma	hereditary retinoblastoma	Retinoblastoma	MedGen	68
2185	7932	DISEASE	hereditary sensory and autonomic neuropathy type 1B	hereditary sensory and autonomic neuropathy type 1b	Hereditary sensory and autonomic neuropathy type 1B	Orphanet	143
2186	9131	DISEASE	hereditary spastic paraplegia 2	hereditary spastic paraplegia 2	hereditary spastic paraplegia 2	MONDO	42
2187	8921	DISEASE	hereditary spastic paraplegia 4	hereditary spastic paraplegia 4	hereditary spastic paraplegia 4	MONDO	101
2188	9139	DISEASE	hereditary spastic paraplegia 6	hereditary spastic paraplegia 6	hereditary spastic paraplegia 6	MONDO	65
2189	9213	DISEASE	hereditary spastic paraplegia 7	hereditary spastic paraplegia 7	hereditary spastic paraplegia 7	MONDO	63
2190	7235	DISEASE	hereditary thrombophilia due to congenital protein c deficiency	hereditary thrombophilia due to congenital protein c deficiency	hereditary thrombophilia due to congenital protein C deficiency	modified_disease	37
2191	7236	DISEASE	hereditary transthyretin-mediated amyloidosis	hereditary transthyretin-mediated amyloidosis	hereditary amyloidosis	modified_disease	25
2192	7237	DISEASE	hereditary tyrosinemia type 1	hereditary tyrosinemia type 1	Tyrosinemias	modified_disease	29
2193	4536	DISEASE	heritable pulmonary arterial hypertension	heritable pulmonary arterial hypertension	Familial Primary Pulmonary Hypertension	standard	15
2194	8942	DISEASE	Hermansky-Pudlak syndrome 1	hermansky-pudlak syndrome 1	Hermansky-Pudlak syndrome 1	MONDO	17
2195	9229	DISEASE	Hermansky-Pudlak syndrome 2	hermansky-pudlak syndrome 2	Hermansky-Pudlak syndrome 2	MONDO	17
2196	9417	DISEASE	Hermansky-Pudlak syndrome 3	hermansky-pudlak syndrome 3	Hermansky-Pudlak syndrome 3	MONDO	17
2197	9418	DISEASE	Hermansky-Pudlak syndrome 4	hermansky-pudlak syndrome 4	Hermansky-Pudlak syndrome 4	MONDO	17
2198	4537	DISEASE	hernia	hernia	Hernia	standard	44
2199	4538	DISEASE	heroin dependence	heroin dependence	Heroin Dependence	standard	10
2200	4539	DISEASE	herpes labialis	herpes labialis	herpes labialis	standard	17
2201	4540	DISEASE	herpes simplex	herpes simplex	Herpes Simplex	standard	58
2202	4541	DISEASE	herpes simplex encephalitis	herpes simplex encephalitis	Encephalitis, Herpes Simplex	standard	87
2203	4542	DISEASE	herpes simplex keratitis	herpes simplex keratitis	Keratitis, Herpetic	standard	34
2204	4543	DISEASE	herpes simplex virus keratitis	herpes simplex virus keratitis	herpes simplex virus keratitis	standard	34
2205	4544	DISEASE	herpes zoster	herpes zoster	Herpes Zoster	standard	67
2206	4545	DISEASE	herpes zoster keratitis	herpes zoster keratitis	herpes zoster	standard	60
2207	4546	DISEASE	herpesviridae infectious disease	herpesviridae infectious disease	Herpesviridae infectious disease	standard	6
2208	4547	DISEASE	heterotopic ossification	heterotopic ossification	Ossification, Heterotopic	standard	9
2209	7238	DISEASE	heterozygous familial hypercholesterolemia	heterozygous familial hypercholesterolemia	heterozygous familial hypercholesterolemia	corrected_overlay	26
2210	4548	DISEASE	hhh syndrome	hhh syndrome	ornithine translocase deficiency	standard	45
2211	7239	DISEASE	hhv-6 encephalitis	hhv-6 encephalitis	HHV-6 encephalitis	modified_disease	38
2212	7240	DISEASE	hhv8 infection	hhv8 infection	human herpesvirus 8 infection	modified_disease	15
2213	4549	DISEASE	hiatus hernia	hiatus hernia	Hernia, Hiatal	standard	15
2214	9525	DISEASE	hidradenitis suppurativa	hidradenitis suppurativa	hidradenitis suppurativa	MONDO	60
2215	7241	DISEASE	high grade b-cell lymphoma	high grade b-cell lymphoma	high grade B-cell lymphoma	modified_disease	56
2216	7242	DISEASE	high-grade b-cell lymphoma	high-grade b-cell lymphoma	high grade B-cell lymphoma	modified_disease	56
2217	7243	DISEASE	high-grade neuroendocrine carcinoma of the cervix uteri	high-grade neuroendocrine carcinoma of the cervix uteri	high-grade neuroendocrine carcinoma of the cervix uteri	modified_disease	77
2218	7244	DISEASE	high-grade resectable non-metastatic osteosarcoma	high-grade resectable non-metastatic osteosarcoma	osteosarcoma	corrected_overlay	8
2219	9526	DISEASE	high-risk neuroblastoma	high-risk neuroblastoma	High-Risk Neuroblastoma	curated_standard_definition	32
2220	4550	DISEASE	hip fracture	hip fracture	hip fracture	standard	55
2221	4551	DISEASE	hirsutism	hirsutism	Hirsutism	standard	55
2222	8997	DISEASE	histidinemia	histidinemia	histidinemia	MONDO	22
2223	4552	DISEASE	histiocytic and dendritic cell neoplasm	histiocytic and dendritic cell neoplasm	histiocytic and dendritic cell neoplasm	standard	62
2224	4553	DISEASE	histiocytic lymphoma	histiocytic lymphoma	Lymphoma, Large B-Cell, Diffuse	standard	48
2225	4554	DISEASE	histoplasmosis	histoplasmosis	Histoplasmosis	standard	8
2226	4555	DISEASE	hiv associated adipose redistribution syndrome	hiv associated adipose redistribution syndrome	HIV-Associated Lipodystrophy Syndrome	standard	11
2227	4556	DISEASE	hiv associated diarrhea	hiv associated diarrhea	HIV-Associated Diarrhea	MeSH	17
2228	4557	DISEASE	hiv infection	hiv infection	HIV Infections	standard	22
2229	4558	DISEASE	hiv infections	hiv infections	HIV Infections	standard	22
2230	9527	DISEASE	hiv pre-exposure prophylaxis	hiv pre-exposure prophylaxis	HIV Pre-Exposure Prophylaxis	curated_indication_definition	29
2231	4559	DISEASE	hiv wasting syndrome	hiv wasting syndrome	HIV Wasting Syndrome	standard	67
2232	7245	DISEASE	hiv-1 infection	hiv-1 infection	susceptibility to HIV infection	modified_disease	20
2233	4560	DISEASE	hiv-associated lipodystrophy	hiv-associated lipodystrophy	HIV-Associated Lipodystrophy Syndrome	standard	35
2234	4561	DISEASE	hodgkin disease	hodgkin disease	Hodgkin Disease	standard	41
2235	4562	DISEASE	hodgkin's disease	hodgkin's disease	Hodgkin Disease	standard	41
2236	4563	DISEASE	hodgkin's lymphoma	hodgkin's lymphoma	Hodgkin Disease	standard	41
2237	4564	DISEASE	hodgkin's lymphoma, lymphocytic-histiocytic predominance	hodgkin's lymphoma, lymphocytic-histiocytic predominance	Hodgkin's lymphoma, lymphocytic-histiocytic predominance	standard	35
2238	4565	DISEASE	hodgkin's lymphoma, mixed cellularity	hodgkin's lymphoma, mixed cellularity	Hodgkin's lymphoma, mixed cellularity	standard	27
2239	7714	DISEASE	Holmes-Adie syndrome	holmes-adie syndrome	Holmes-Adie syndrome	MONDO	38
2240	8885	DISEASE	holoprosencephaly 2	holoprosencephaly 2	holoprosencephaly 2	MONDO	21
2241	8870	DISEASE	holoprosencephaly 3	holoprosencephaly 3	holoprosencephaly 3	MONDO	16
2242	8871	DISEASE	holoprosencephaly 4	holoprosencephaly 4	holoprosencephaly 4	MONDO	23
2243	9253	DISEASE	holoprosencephaly 5	holoprosencephaly 5	holoprosencephaly 5	MONDO	8
2244	9283	DISEASE	holoprosencephaly 7	holoprosencephaly 7	holoprosencephaly 7	MONDO	16
2245	9284	DISEASE	holoprosencephaly 9	holoprosencephaly 9	holoprosencephaly 9	MONDO	16
2246	8869	DISEASE	Holt-Oram syndrome	holt-oram syndrome	Holt-Oram syndrome	MONDO	26
2247	4566	DISEASE	homocystinuria	homocystinuria	Homocystinuria	standard	77
2248	7246	DISEASE	homocystinuria due to methylene tetrahydrofolate reductase deficiency	homocystinuria due to methylene tetrahydrofolate reductase deficiency	homocystinuria due to methylene tetrahydrofolate reductase deficiency	modified_disease	27
2249	7247	DISEASE	homozygous cystinuria	homozygous cystinuria	cystinuria	modified_disease	23
2250	7248	DISEASE	homozygous familial hypercholesterolemia	homozygous familial hypercholesterolemia	Homozygous Familial Hypercholesterolemia	modified_disease	75
2251	7249	DISEASE	homozygous familial sitosterolemia	homozygous familial sitosterolemia	sitosterolemia	modified_disease	25
2252	4567	DISEASE	hookworm infections	hookworm infections	Hookworm Infections	standard	27
2253	4568	DISEASE	hookworm infectious disease	hookworm infectious disease	Hookworm Infections	MeSH	19
2254	4569	DISEASE	hordeolum	hordeolum	hordeolum	standard	23
2255	7250	DISEASE	hormone receptor-negative (her2-) breast cancer	hormone receptor-negative (her2-) breast cancer	Breast Neoplasms	modified_disease	16
2256	7251	DISEASE	hormone receptor-positive (her2+) breast cancer	hormone receptor-positive (her2+) breast cancer	Breast Neoplasms	modified_disease	16
2257	7252	DISEASE	hormone receptor-positive (her2+) gastric adenocarcinoma	hormone receptor-positive (her2+) gastric adenocarcinoma	gastric adenocarcinoma	modified_disease	20
2258	7253	DISEASE	hormone receptor-positive breast cancer	hormone receptor-positive breast cancer	Breast Neoplasms	modified_disease	41
2259	7254	DISEASE	hormone refractory metastatic prostate cancer	hormone refractory metastatic prostate cancer	prostate cancer	corrected_overlay	11
2260	7255	DISEASE	hormone refractory prostate cancer	hormone refractory prostate cancer	prostate cancer	corrected_overlay	7
2261	7256	DISEASE	hormone-refractory prostate cancer	hormone-refractory prostate cancer	prostate cancer	corrected_overlay	7
2262	4570	DISEASE	hospital acquired pneumonia	hospital acquired pneumonia	Healthcare-Associated Pneumonia	standard	29
2263	4571	DISEASE	hot flashes	hot flashes	Hot Flashes	standard	19
2264	7257	DISEASE	hpv positive with high grade squamous intraepithelial lesions	hpv positive with high grade squamous intraepithelial lesions	cervical squamous intraepithelial neoplasia	modified_disease	23
2265	9087	DISEASE	HSD10 mitochondrial disease	hsd10 mitochondrial disease	HSD10 mitochondrial disease	MONDO	16
2266	4572	DISEASE	human african trypanosomiasis	human african trypanosomiasis	human African trypanosomiasis	standard	76
2267	7258	DISEASE	human herpesvirus 1 positive	human herpesvirus 1 positive	Human Herpesvirus 1 Positive	modified_disease	32
2268	7259	DISEASE	human herpesvirus 2 positive	human herpesvirus 2 positive	Human Herpesvirus 2 Positive	modified_disease	32
2269	6412	DISEASE	human immunodeficiency virus (hiv)	human immunodeficiency virus (hiv)	HIV	alias_disease	59
2270	7260	DISEASE	human immunodeficiency virus type 1 (hiv-1)	human immunodeficiency virus type 1 (hiv-1)	HIV-1	modified_disease	22
2271	6413	DISEASE	human papillomavirus (hpv)	human papillomavirus (hpv)	Human Papillomavirus Viruses	alias_disease	37
2272	7261	DISEASE	human papillomavirus (hpv) type 31	human papillomavirus (hpv) type 31	Human papillomavirus 11	modified_disease	21
2273	7262	DISEASE	human papillomavirus (hpv) type 33	human papillomavirus (hpv) type 33	Human papillomavirus 11	modified_disease	21
2274	7263	DISEASE	human papillomavirus (hpv) type 45	human papillomavirus (hpv) type 45	Human papillomavirus 11	modified_disease	21
2275	7264	DISEASE	human papillomavirus (hpv) type 52	human papillomavirus (hpv) type 52	Human papillomavirus 11	modified_disease	21
2276	7265	DISEASE	human papillomavirus (hpv) type 58	human papillomavirus (hpv) type 58	Human papillomavirus 11	modified_disease	21
2277	7266	DISEASE	human papillomavirus type-11 (hpv-11)	human papillomavirus type-11 (hpv-11)	Human papillomavirus 11	modified_disease	21
2278	7267	DISEASE	human papillomavirus type-16 (hpv-16)	human papillomavirus type-16 (hpv-16)	Human papillomavirus 11	modified_disease	21
2279	7268	DISEASE	human papillomavirus type-18 (hpv-18)	human papillomavirus type-18 (hpv-18)	Human papillomavirus 11	modified_disease	21
2280	7269	DISEASE	human papillomavirus type-6 (hpv-6)	human papillomavirus type-6 (hpv-6)	Human papillomavirus 11	modified_disease	21
2281	4573	DISEASE	humoral hypercalcemia of malignancy	humoral hypercalcemia of malignancy	humoral hypercalcemia of malignancy	standard	70
2282	4574	DISEASE	hunter syndrome	hunter syndrome	Mucopolysaccharidosis II	standard	55
2283	4575	DISEASE	huntington disease	huntington disease	Huntington Disease	standard	92
2284	4576	DISEASE	huntington's chorea	huntington's chorea	Huntington Disease	standard	92
2285	4577	DISEASE	huntington's disease	huntington's disease	Huntington Disease	standard	92
2286	4578	DISEASE	hurler syndrome	hurler syndrome	Mucopolysaccharidosis I	standard	51
2287	4579	DISEASE	hurler-scheie syndrome	hurler-scheie syndrome	Mucopolysaccharidosis I	standard	51
2288	8484	DISEASE	Hutchinson-Gilford progeria syndrome	hutchinson-gilford progeria syndrome	Hutchinson-Gilford progeria syndrome, childhood-onset	MedGen	158
2289	4580	DISEASE	hydatid disease	hydatid disease	Echinococcosis	standard	28
2290	4581	DISEASE	hydatidiform mole	hydatidiform mole	Hydatidiform Mole	standard	44
2291	7841	DISEASE	hydatidiform mole, recurrent, 1	hydatidiform mole, recurrent, 1	hydatidiform mole, recurrent, 1	MONDO	18
2292	8523	DISEASE	hydrocephalus, nonsyndromic, autosomal recessive 1	hydrocephalus, nonsyndromic, autosomal recessive 1	Hydrocephalus, nonsyndromic, autosomal recessive 1	MedGen	151
2293	4582	DISEASE	hymenolepiasis	hymenolepiasis	Hymenolepiasis	standard	7
2294	4583	DISEASE	hyperaldosteronism	hyperaldosteronism	Hyperaldosteronism	standard	22
2295	4584	DISEASE	hyperalphalipoproteinemia	hyperalphalipoproteinemia	hyperalphalipoproteinemia	standard	31
2296	4585	DISEASE	hyperammonemia	hyperammonemia	Hyperammonemia	standard	21
2297	7270	DISEASE	hyperammonemia due to n-acetylglutamate synthase deficiency	hyperammonemia due to n-acetylglutamate synthase deficiency	hyperammonemia due to N-acetylglutamate synthase deficiency	modified_disease	22
2298	4586	DISEASE	hyperammonemic encephalopathy	hyperammonemic encephalopathy	Hyperammonemia; Encephalopathy	corrected_overlay	15
2299	4587	DISEASE	hyperbilirubinemia	hyperbilirubinemia	Hyperbilirubinemia	standard	37
2300	9424	DISEASE	hyperbiliverdinemia	hyperbiliverdinemia	hyperbiliverdinemia	MONDO	55
2301	4588	DISEASE	hypercalcemia	hypercalcemia	Hypercalcemia	standard	8
2302	7271	DISEASE	hypercalcemia in patients with parathyroid carcinoma	hypercalcemia in patients with parathyroid carcinoma	parathyroid gland carcinoma	modified_disease	23
2303	7759	DISEASE	hypercalcemia, infantile, 1	hypercalcemia, infantile, 1	hypercalcemia, infantile	MONDO	13
2304	4589	DISEASE	hypercalciuria	hypercalciuria	Hypercalciuria	standard	14
2305	4590	DISEASE	hypercapnia	hypercapnia	Hypercapnia	standard	15
2306	7881	DISEASE	hypercarotenemia and vitamin A deficiency, autosomal recessive	hypercarotenemia and vitamin a deficiency, autosomal recessive	hereditary hypercarotenemia and vitamin A deficiency	MONDO	35
2307	4591	DISEASE	hypercholesterolemia	hypercholesterolemia	Hypercholesterolemia	standard	25
2308	7760	DISEASE	hypercholesterolemia, autosomal dominant, type B	hypercholesterolemia, autosomal dominant, type b	Hypercholesterolemia	HPO	8
2309	7272	DISEASE	hypercholesterolemia, familial, 1	hypercholesterolemia, familial, 1	Hypercholesterolemia, familial, 1	modified_disease	77
2310	4592	DISEASE	hyperemesis gravidarum	hyperemesis gravidarum	Hyperemesis Gravidarum	standard	17
2311	4593	DISEASE	hypereosinophilic syndrome	hypereosinophilic syndrome	Hypereosinophilic Syndrome	standard	55
2312	4594	DISEASE	hyperglycemia	hyperglycemia	Hyperglycemia	standard	5
2313	4595	DISEASE	hyperglycemic hyperosmolar nonketotic coma	hyperglycemic hyperosmolar nonketotic coma	Hyperglycemic Hyperosmolar Nonketotic Coma	standard	30
2314	8865	DISEASE	hyperglycinuria	hyperglycinuria	hyperglycinuria	MONDO	12
2315	4596	DISEASE	hyperhidrosis	hyperhidrosis	Hyperhidrosis	standard	45
2316	7761	DISEASE	hyperhidrosis palmaris ET plantaris	hyperhidrosis palmaris et plantaris	Palmoplantar hyperhidrosis	MedGen	62
2317	4597	DISEASE	hyperimmunoglobulinemia d with periodic fever	hyperimmunoglobulinemia d with periodic fever	hyperimmunoglobulinemia D with periodic fever	standard	32
2318	4598	DISEASE	hyperinsulinemia	hyperinsulinemia	Hyperinsulinism	standard	44
2319	4599	DISEASE	hyperinsulinemic hypoglycemia	hyperinsulinemic hypoglycemia	hyperinsulinemic hypoglycemia	standard	63
2320	8541	DISEASE	hyperinsulinemic hypoglycemia, familial, 1	hyperinsulinemic hypoglycemia, familial, 1	Hyperinsulinemic hypoglycemia, familial, 1	MedGen	161
2321	8575	DISEASE	hyperinsulinemic hypoglycemia, familial, 2	hyperinsulinemic hypoglycemia, familial, 2	Hyperinsulinemic hypoglycemia, familial, 2	MedGen	158
2322	4600	DISEASE	hyperinsulinism	hyperinsulinism	Hyperinsulinism	standard	44
2323	4601	DISEASE	hyperkalemia	hyperkalemia	Hyperkalemia	standard	45
2324	4602	DISEASE	hyperkalemic periodic paralysis	hyperkalemic periodic paralysis	Paralysis, Hyperkalemic Periodic	standard	99
2325	4603	DISEASE	hyperlipidemia	hyperlipidemia	Hyperlipidemias	standard	7
2326	8579	DISEASE	hyperlipidemia, combined, 1	hyperlipidemia, combined, 1	Hyperlipidemia, combined, 1	MedGen	24
2327	8595	DISEASE	hyperlipidemia, combined, 2	hyperlipidemia, combined, 2	hyperlipidemia, combined, 2	MONDO	14
2328	7273	DISEASE	hyperlipidemia, familial combined	hyperlipidemia, familial combined	Hyperlipidemia, Familial Combined	modified_disease	43
2329	7274	DISEASE	hyperlipidemia, familial combined, lpl related	hyperlipidemia, familial combined, lpl related	Hyperlipidemia, Familial Combined	MeSH	31
2330	4604	DISEASE	hyperlipoproteinemia	hyperlipoproteinemia	Hyperlipoproteinemias	standard	31
2331	7275	DISEASE	hyperlipoproteinemia type 3	hyperlipoproteinemia type 3	hyperlipoproteinemia type 3	modified_disease	73
2332	4605	DISEASE	hyperlipoproteinemia type iib	hyperlipoproteinemia type iib	Hyperlipoproteinemia Type II	standard	23
2333	4606	DISEASE	hyperlipoproteinemia type iii	hyperlipoproteinemia type iii	Hyperlipoproteinemia Type III	standard	58
2334	4607	DISEASE	hyperlipoproteinemia type iv	hyperlipoproteinemia type iv	Hyperlipoproteinemia Type IV	standard	40
2335	4608	DISEASE	hyperlipoproteinemia type v	hyperlipoproteinemia type v	Hyperlipoproteinemia Type V	standard	47
2336	4609	DISEASE	hypermagnesemia	hypermagnesemia	Hypermagnesemia	standard	10
2337	7848	DISEASE	hypermetabolism due to defect in mitochondria	hypermetabolism due to defect in mitochondria	Hypermetabolism due to defect in mitochondria	MedGen	96
2338	4610	DISEASE	hyperopia	hyperopia	hyperopia	standard	63
2339	8524	DISEASE	hyperostosis corticalis generalisata	hyperostosis corticalis generalisata	Hyperphosphatasemia tarda	MedGen	233
2340	4611	DISEASE	hyperparathyroidism	hyperparathyroidism	Hyperparathyroidism	standard	56
2341	8872	DISEASE	hyperparathyroidism 1	hyperparathyroidism 1	hyperparathyroidism 1	MONDO	13
2342	7276	DISEASE	hyperphenylalaninemia due to tetrahydrobiopterin deficiency	hyperphenylalaninemia due to tetrahydrobiopterin deficiency	hyperphenylalaninemia due to tetrahydrobiopterin deficiency	modified_disease	46
2343	4612	DISEASE	hyperphosphatemia	hyperphosphatemia	Hyperphosphatemia	standard	24
2344	9528	DISEASE	hyperphosphatemia in chronic kidney disease on dialysis	hyperphosphatemia in chronic kidney disease on dialysis	hyperphosphatemia	standard	24
2345	7849	DISEASE	hyperphosphatemia, polyuria, and seizures	hyperphosphatemia, polyuria, and seizures	hyperphosphatemia	MONDO	8
2346	7763	DISEASE	hyperpigmentation of eyelid	hyperpigmentation of eyelid	hyperpigmentation of eyelid	MONDO	6
2347	7944	DISEASE	hyperpigmentation of Fuldauer and Kuijpers	hyperpigmentation of fuldauer and kuijpers	Hyperpigmentation of Fuldauer and Kuijpers	MedGen	13
2348	4613	DISEASE	hyperpigmentation of the skin	hyperpigmentation of the skin	Hyperpigmentation	standard	41
2349	4614	DISEASE	hyperplasia	hyperplasia	Hyperplasia	standard	33
2350	4615	DISEASE	hyperprolactinemia	hyperprolactinemia	Hyperprolactinemia	standard	56
2351	8459	DISEASE	hyperreflexia	hyperreflexia	Hyperreflexia	MedGen	11
2352	4616	DISEASE	hypersensitivity pneumonitis	hypersensitivity pneumonitis	Alveolitis, Extrinsic Allergic	standard	36
2353	4617	DISEASE	hypersensitivity reaction disease	hypersensitivity reaction disease	hypersensitivity reaction disease	standard	31
2354	4618	DISEASE	hypersomnia	hypersomnia	Disorders of Excessive Somnolence	standard	65
2355	4619	DISEASE	hypertension	hypertension	Hypertension	standard	39
2356	4620	DISEASE	hypertension during pregnancy	hypertension during pregnancy	hypertension during pregnancy	corrected_overlay	20
2357	8588	DISEASE	hypertension, essential, susceptibility to, 1	hypertension, essential, susceptibility to, 1	Hypertension, essential, susceptibility to, 1	MedGen	13
2358	8592	DISEASE	hypertension, essential, susceptibility to, 2	hypertension, essential, susceptibility to, 2	Hypertension, essential, susceptibility to, 2	MedGen	13
2359	8617	DISEASE	hypertension, essential, susceptibility to, 3	hypertension, essential, susceptibility to, 3	Hypertension, essential, susceptibility to, 3	MedGen	13
2360	8637	DISEASE	hypertension, essential, susceptibility to, 4	hypertension, essential, susceptibility to, 4	Hypertension, essential, susceptibility to, 4	MedGen	13
2361	4621	DISEASE	hypertensive crises	hypertensive crises	Hypertensive Crisis	standard	15
2362	4622	DISEASE	hypertensive crisis	hypertensive crisis	Hypertensive Crisis	standard	15
2363	4623	DISEASE	hypertensive heart disease	hypertensive heart disease	hypertensive heart disease	standard	9
2364	8624	DISEASE	hypertensive nephropathy	hypertensive nephropathy	hypertensive nephropathy	MONDO	18
2365	4624	DISEASE	hyperthermia	hyperthermia	Hyperthermia	standard	21
2366	7765	DISEASE	hyperthermia, cutaneous, with headaches and nausea	hyperthermia, cutaneous, with headaches and nausea	Hyperthermia	MeSH	21
2367	4625	DISEASE	hyperthyroidism	hyperthyroidism	Hyperthyroidism	standard	17
2368	4626	DISEASE	hypertrichosis	hypertrichosis	Hypertrichosis	standard	46
2369	4627	DISEASE	hypertriglyceridemia	hypertriglyceridemia	Hypertriglyceridemia	standard	10
2370	4628	DISEASE	hypertriglyceridemia 1	hypertriglyceridemia 1	type I hypertriglyceridemia	corrected_overlay	18
2371	4629	DISEASE	hypertrophic cardiomyopathy	hypertrophic cardiomyopathy	Cardiomyopathy, Hypertrophic	standard	45
2372	4630	DISEASE	hypertrophic cardiomyopathy 1	hypertrophic cardiomyopathy 1	hypertrophic cardiomyopathy 1	standard	17
2373	9314	DISEASE	hypertrophic cardiomyopathy 12	hypertrophic cardiomyopathy 12	hypertrophic cardiomyopathy 12	MONDO	17
2374	9396	DISEASE	hypertrophic cardiomyopathy 16	hypertrophic cardiomyopathy 16	hypertrophic cardiomyopathy 16	MONDO	17
2375	9401	DISEASE	hypertrophic cardiomyopathy 17	hypertrophic cardiomyopathy 17	hypertrophic cardiomyopathy 17	MONDO	17
2376	7724	DISEASE	hypertrophic cardiomyopathy 2	hypertrophic cardiomyopathy 2	hypertrophic cardiomyopathy 2	MONDO	17
2377	8837	DISEASE	hypertrophic cardiomyopathy 3	hypertrophic cardiomyopathy 3	hypertrophic cardiomyopathy 3	MONDO	17
2378	8838	DISEASE	hypertrophic cardiomyopathy 4	hypertrophic cardiomyopathy 4	hypertrophic cardiomyopathy 4	MONDO	22
2379	9144	DISEASE	hypertrophic cardiomyopathy 6	hypertrophic cardiomyopathy 6	hypertrophic cardiomyopathy 6	MONDO	17
2380	9379	DISEASE	hypertrophic cardiomyopathy 7	hypertrophic cardiomyopathy 7	hypertrophic cardiomyopathy 7	MONDO	17
2381	9236	DISEASE	hypertrophic cardiomyopathy 8	hypertrophic cardiomyopathy 8	hypertrophic cardiomyopathy 8	MONDO	17
2382	9389	DISEASE	hypertrophic cardiomyopathy 9	hypertrophic cardiomyopathy 9	hypertrophic cardiomyopathy 9	MONDO	17
2383	4631	DISEASE	hyperuricemia	hyperuricemia	Hyperuricemia	standard	63
2384	7277	DISEASE	hyperuricemia in patients with gout	hyperuricemia in patients with gout	gout	modified_disease	26
2385	4632	DISEASE	hypoactive sexual desire disorder	hypoactive sexual desire disorder	hypoactive sexual desire disorder	standard	39
2386	4633	DISEASE	hypoalbuminemia	hypoalbuminemia	Hypoalbuminemia	standard	37
2387	4634	DISEASE	hypoalphalipoproteinemia	hypoalphalipoproteinemia	Hypoalphalipoproteinemias	standard	30
2388	8590	DISEASE	hypoalphalipoproteinemia, primary, 1	hypoalphalipoproteinemia, primary, 1	hypoalphalipoproteinemia, primary, 1	MONDO	16
2389	4635	DISEASE	hypocalcemia	hypocalcemia	Hypocalcemia	standard	25
2390	4636	DISEASE	hypochloremia	hypochloremia	Hypochloremia	standard	10
2391	4637	DISEASE	hypochondriasis	hypochondriasis	Hypochondriasis	standard	25
2392	4638	DISEASE	hypochromic anemia	hypochromic anemia	Anemia, Hypochromic	standard	90
2393	4639	DISEASE	hypocupremia	hypocupremia	Copper Deficiency	corrected_overlay	8
2394	4640	DISEASE	hypofibrinogenemia	hypofibrinogenemia	Factor I Deficiency	standard	21
2395	4641	DISEASE	hypoglycemia	hypoglycemia	Hypoglycemia	standard	38
2396	8525	DISEASE	hypoglycemia, leucine-induced	hypoglycemia, leucine-induced	Leucine-induced hypoglycemia	MedGen	26
2397	4642	DISEASE	hypogonadism	hypogonadism	Hypogonadism	standard	51
2398	7850	DISEASE	hypogonadism, male	hypogonadism, male	hypogonadism, male	MONDO	4
2399	4643	DISEASE	hypogonadotropic hypogonadism	hypogonadotropic hypogonadism	Hypogonadism	standard	51
2400	4644	DISEASE	hypogonadotropic hypogonadism 12 with or without anosmia	hypogonadotropic hypogonadism 12 with or without anosmia	hypogonadotropic hypogonadism 12 with or without anosmia	standard	17
2401	4645	DISEASE	hypogonadotropic hypogonadism 24 without anosmia	hypogonadotropic hypogonadism 24 without anosmia	hypogonadotropic hypogonadism 24 without anosmia	standard	17
2402	7767	DISEASE	hypogonadotropic hypogonadism 7 with or without anosmia	hypogonadotropic hypogonadism 7 with or without anosmia	hypogonadotropic hypogonadism 7 with or without anosmia	MONDO	35
2403	4646	DISEASE	hypokalemia	hypokalemia	Hypokalemia	standard	63
2404	4647	DISEASE	hypokalemic periodic paralysis	hypokalemic periodic paralysis	Hypokalemic Periodic Paralysis	standard	73
2405	4648	DISEASE	hypoketotic hypoglycemia	hypoketotic hypoglycemia	hypoketotic hypoglycemia	corrected_overlay	18
2406	4649	DISEASE	hypomagnesemia	hypomagnesemia	familial primary hypomagnesemia	standard	22
2407	4650	DISEASE	hypomania nos single episode or unspecified	hypomania nos single episode or unspecified	Hypomania	standard	35
2408	4651	DISEASE	hypomobility	hypomobility	hypomobility	corrected_overlay	26
2409	9037	DISEASE	hypomyelinating leukodystrophy 3	hypomyelinating leukodystrophy 3	hypomyelinating leukodystrophy 3	MONDO	16
2410	9317	DISEASE	hypomyelinating leukodystrophy 4	hypomyelinating leukodystrophy 4	hypomyelinating leukodystrophy 4	MONDO	16
2411	9272	DISEASE	hypomyelinating leukodystrophy 5	hypomyelinating leukodystrophy 5	hypomyelinating leukodystrophy 5	MONDO	36
2412	4652	DISEASE	hypomyelination with brain stem and spinal cord involvement and leg spasticity	hypomyelination with brain stem and spinal cord involvement and leg spasticity	leukoencephalopathy with brain stem and spinal cord involvement-high lactate syndrome	standard	27
2413	4653	DISEASE	hyponatraemia aggravated	hyponatraemia aggravated	aggravated hyponatremia	corrected_overlay	22
2414	4654	DISEASE	hyponatremia	hyponatremia	Hyponatremia	standard	10
2415	4655	DISEASE	hypoparathyroidism	hypoparathyroidism	Hypoparathyroidism	standard	59
2416	7975	DISEASE	hypoparathyroidism, familial isolated 1	hypoparathyroidism, familial isolated 1	Hypoparathyroidism, familial isolated 1	MedGen	135
2417	7768	DISEASE	hypoparathyroidism-deafness-renal disease syndrome	hypoparathyroidism-deafness-renal disease syndrome	hypoparathyroidism-deafness-renal disease syndrome	MONDO	15
2418	4656	DISEASE	hypophosphatasia	hypophosphatasia	Hypophosphatasia	standard	61
2419	4657	DISEASE	hypophosphatemia	hypophosphatemia	Hypophosphatemia	standard	12
2420	7851	DISEASE	hypophosphatemia, renal, with intracerebral calcifications	hypophosphatemia, renal, with intracerebral calcifications	hypophosphatemia	MONDO	10
2421	4658	DISEASE	hypophosphatemic rickets	hypophosphatemic rickets	Rickets, Hypophosphatemic	standard	23
2422	9091	DISEASE	hypophosphatemic rickets, X-linked recessive	hypophosphatemic rickets, x-linked recessive	hypophosphatemic rickets, X-linked recessive	MONDO	51
2423	4659	DISEASE	hypopigmentation of the skin	hypopigmentation of the skin	hypopigmentation of the skin	standard	35
2424	4660	DISEASE	hypopituitarism	hypopituitarism	hypopituitarism	standard	41
2425	4661	DISEASE	hypoplastic anemia	hypoplastic anemia	Anemia, Aplastic	standard	18
2426	4662	DISEASE	hypoproteinemia	hypoproteinemia	Hypoproteinemia	standard	27
2427	9003	DISEASE	hypoproteinemia, hypercatabolic	hypoproteinemia, hypercatabolic	hypoproteinemia, hypercatabolic	MONDO	13
2428	4663	DISEASE	hypotension	hypotension	hypotensive disorder	standard	6
2429	4664	DISEASE	hypothalamic disorder	hypothalamic disorder	hypothalamic disorder	standard	32
2430	4665	DISEASE	hypothalamic dysfunction	hypothalamic dysfunction	hypothalamic dysfunction	standard	80
2431	4666	DISEASE	hypothalamic luteinizing hormone-releasing hormone deficiency	hypothalamic luteinizing hormone-releasing hormone deficiency	Hypothalamic luteinizing hormone-releasing hormone deficiency	standard	9
2432	4667	DISEASE	hypothyroidism	hypothyroidism	Hypothyroidism	standard	55
2433	9303	DISEASE	hypotonia with lactic acidemia and hyperammonemia	hypotonia with lactic acidemia and hyperammonemia	hypotonia with lactic acidemia and hyperammonemia	MONDO	12
2434	8594	DISEASE	hypotrichosis 7	hypotrichosis 7	Hypotrichosis 7	MedGen	158
2435	8553	DISEASE	hypotrichosis 8	hypotrichosis 8	Hypotrichosis 8	MedGen	364
2436	4668	DISEASE	hypotrichosis of eyelid	hypotrichosis of eyelid	hypotrichosis of eyelid	standard	6
2437	4669	DISEASE	hypoventilation	hypoventilation	Hypoventilation	standard	11
2438	4670	DISEASE	hypovolemia	hypovolemia	Hypovolemia	standard	9
2439	4671	DISEASE	hypovolemic shock	hypovolemic shock	Hypovolemic Shock	standard	18
2440	4672	DISEASE	hypoxic respiratory failure	hypoxic respiratory failure	respiratory failure	standard	59
2441	4673	DISEASE	hypozincaemia	hypozincaemia	hypozincemia	corrected_overlay	22
2442	4674	DISEASE	hysteria	hysteria	Hysteria	standard	34
2443	4675	DISEASE	ichthyosis	ichthyosis	Ichthyosis	standard	37
2444	9235	DISEASE	ichthyosis prematurity syndrome	ichthyosis prematurity syndrome	ichthyosis prematurity syndrome	MONDO	65
2445	4676	DISEASE	ichthyosis vulgaris	ichthyosis vulgaris	Ichthyosis Vulgaris	standard	25
2446	7278	DISEASE	idiopathic achalasia	idiopathic achalasia	idiopathic achalasia	modified_disease	50
2447	7279	DISEASE	idiopathic anaphylaxis	idiopathic anaphylaxis	idiopathic anaphylaxis	modified_disease	50
2448	9491	DISEASE	idiopathic CD4 lymphocytopenia	idiopathic cd4 lymphocytopenia	idiopathic CD4 lymphocytopenia	MONDO	64
2449	7280	DISEASE	idiopathic central precocious puberty	idiopathic central precocious puberty	Idiopathic Central Precocious Puberty	modified_disease	30
2450	7281	DISEASE	idiopathic decline in mental capacity	idiopathic decline in mental capacity	Cognitive Dysfunction	corrected_overlay	18
2451	7282	DISEASE	idiopathic edema	idiopathic edema	edema	Disease Ontology	25
2452	7283	DISEASE	idiopathic eosinophilic pneumonia	idiopathic eosinophilic pneumonia	idiopathic chronic eosinophilic pneumonia	modified_disease	36
2453	7284	DISEASE	idiopathic generalized epilepsy	idiopathic generalized epilepsy	idiopathic generalized epilepsy	modified_disease	49
2454	7285	DISEASE	idiopathic hypereosinophilic syndrome	idiopathic hypereosinophilic syndrome	Hypereosinophilic Syndrome	modified_disease	39
2455	7286	DISEASE	idiopathic hypersomnia	idiopathic hypersomnia	Idiopathic Hypersomnia	modified_disease	42
2456	7287	DISEASE	idiopathic hypoparathyroidism	idiopathic hypoparathyroidism	Hypoparathyroidism	modified_disease	17
2457	7288	DISEASE	idiopathic interstitial pneumonia	idiopathic interstitial pneumonia	Idiopathic Interstitial Pneumonias	modified_disease	27
2458	7289	DISEASE	idiopathic macular telangiectasia type 2	idiopathic macular telangiectasia type 2	macular telangiectasia type 2	modified_disease	30
2459	9452	DISEASE	idiopathic membranous glomerulonephritis	idiopathic membranous glomerulonephritis	idiopathic membranous glomerulonephritis	MONDO	21
2460	7290	DISEASE	idiopathic nephrotic syndrome	idiopathic nephrotic syndrome	idiopathic nephrotic syndrome	modified_disease	25
2461	7291	DISEASE	idiopathic neutropenia	idiopathic neutropenia	neutropenia	modified_disease	17
2462	7292	DISEASE	idiopathic osteoarthritis	idiopathic osteoarthritis	osteoarthritis	modified_disease	35
2463	7293	DISEASE	idiopathic parkinson's disease	idiopathic parkinson's disease	Parkinson Disease	modified_disease	23
2464	7294	DISEASE	idiopathic pulmonary arterial hypertension	idiopathic pulmonary arterial hypertension	Familial Primary Pulmonary Hypertension	modified_disease	23
2465	7295	DISEASE	idiopathic pulmonary fibrosis (ipf)	idiopathic pulmonary fibrosis (ipf)	Pulmonary Fibrosis	modified_disease	37
2466	7296	DISEASE	idiopathic short stature	idiopathic short stature	isolated short stature	modified_disease	36
2467	7890	DISEASE	IFAP syndrome 1, with or without BRESHECK syndrome	ifap syndrome 1, with or without bresheck syndrome	IFAP syndrome 1, with or without BRESHECK syndrome	MONDO	51
2468	4677	DISEASE	ifosfamide-induced hemorrhagic cystitis	ifosfamide-induced hemorrhagic cystitis	ifosfamide-induced hemorrhagic cystitis	corrected_overlay	25
2469	4678	DISEASE	iga nephropathy	iga nephropathy	Glomerulonephritis, IGA	standard	40
2470	7297	DISEASE	iga nephropathy, susceptibility to, 1	iga nephropathy, susceptibility to, 1	IgA nephropathy, susceptibility to	modified_disease	18
2471	8875	DISEASE	IgE responsiveness, atopic	ige responsiveness, atopic	IgE responsiveness, atopic	MONDO	101
2472	9529	DISEASE	ige-mediated food allergy	ige-mediated food allergy	IgE-Mediated Food Allergy	curated_standard_definition	34
2473	4679	DISEASE	igg4-related disease	igg4-related disease	Immunoglobulin G4-Related Disease	standard	49
2474	4680	DISEASE	ileus	ileus	Ileus	standard	40
2475	7996	DISEASE	Imerslund-Grasbeck syndrome type 1	imerslund-grasbeck syndrome type 1	Imerslund-Grasbeck syndrome type 1	MedGen	393
2476	7889	DISEASE	immune dysregulation-polyendocrinopathy-enteropathy-X-linked syndrome	immune dysregulation-polyendocrinopathy-enteropathy-x-linked syndrome	immune dysregulation-polyendocrinopathy-enteropathy-X-linked syndrome	MONDO	25
2477	4681	DISEASE	immune thrombocytopenic purpura	immune thrombocytopenic purpura	Purpura, Thrombocytopenic, Idiopathic	standard	49
2478	4682	DISEASE	immunodeficiency 14	immunodeficiency 14	immunodeficiency 14	standard	37
2479	9501	DISEASE	immunodeficiency 18	immunodeficiency 18	immunodeficiency 18	MONDO	48
2480	9502	DISEASE	immunodeficiency 19	immunodeficiency 19	immunodeficiency 19	MONDO	18
2481	9506	DISEASE	immunodeficiency 23	immunodeficiency 23	immunodeficiency 23	MONDO	13
2482	9261	DISEASE	immunodeficiency 25	immunodeficiency 25	immunodeficiency 25	MONDO	18
2483	8513	DISEASE	immunodeficiency 27A	immunodeficiency 27a	Immunodeficiency 27A	MedGen	218
2484	9093	DISEASE	immunodeficiency 33	immunodeficiency 33	immunodeficiency 33	MONDO	17
2485	9299	DISEASE	immunodeficiency 35	immunodeficiency 35	immunodeficiency 35	MONDO	58
2486	9407	DISEASE	immunodeficiency 51	immunodeficiency 51	immunodeficiency 51	MONDO	13
2487	9221	DISEASE	immunodeficiency 67	immunodeficiency 67	immunodeficiency 67	MONDO	13
2488	4683	DISEASE	immunodeficiency disease	immunodeficiency disease	immunodeficiency disease	standard	18
2489	9202	DISEASE	immunodeficiency due to CD25 deficiency	immunodeficiency due to cd25 deficiency	immunodeficiency due to CD25 deficiency	MONDO	16
2490	9252	DISEASE	immunoglobulin A deficiency 2	immunoglobulin a deficiency 2	immunoglobulin A deficiency 2	MONDO	19
2491	6414	DISEASE	immunoglobulin a nephropathy (igan)	immunoglobulin a nephropathy (igan)	Glomerulonephritis, IGA	alias_disease	40
2492	9465	DISEASE	immunoglobulin-mediated membranoproliferative glomerulonephritis	immunoglobulin-mediated membranoproliferative glomerulonephritis	immunoglobulin-mediated membranoproliferative glomerulonephritis	MONDO	21
2493	4684	DISEASE	impaired glucose tolerance	impaired glucose tolerance	Glucose Intolerance	standard	52
2494	4685	DISEASE	impaired renal function disease	impaired renal function disease	impaired renal function disease	standard	19
2495	4686	DISEASE	impaired vision	impaired vision	Impaired Vision	standard	4
2496	4687	DISEASE	impairment of activities of daily living	impairment of activities of daily living	Impairment of activities of daily living	standard	21
2497	4688	DISEASE	impetigo	impetigo	Impetigo	standard	46
2498	4689	DISEASE	impotence	impotence	Erectile Dysfunction	standard	16
2499	4690	DISEASE	inappropriate adh syndrome	inappropriate adh syndrome	Inappropriate ADH Syndrome	standard	65
2500	4691	DISEASE	inappropriate sinus tachycardia	inappropriate sinus tachycardia	Inappropriate Sinus Tachycardia by ECG Finding	standard	32
2501	4692	DISEASE	inborn disorder of bile acid synthesis	inborn disorder of bile acid synthesis	inborn disorder of bile acid synthesis	standard	50
2502	4693	DISEASE	inborn disorder of cobalamin metabolism and transport	inborn disorder of cobalamin metabolism and transport	inborn disorder of cobalamin metabolism and transport	standard	21
2503	4694	DISEASE	inborn error of immunity	inborn error of immunity	Primary Immunodeficiency Diseases	standard	31
2504	4695	DISEASE	inborn errors of metabolism	inborn errors of metabolism	Metabolism, Inborn Errors	standard	16
2505	9121	DISEASE	inborn glycerol kinase deficiency	inborn glycerol kinase deficiency	inborn glycerol kinase deficiency	MONDO	15
2506	4696	DISEASE	incisional wounds	incisional wounds	Incisional Biopsy	standard	14
2507	7792	DISEASE	inclusion body myopathy with Paget disease of bone and frontotemporal dementia type 1	inclusion body myopathy with paget disease of bone and frontotemporal dementia type 1	inclusion body myopathy with Paget disease of bone and frontotemporal dementia type 1	MONDO	71
2508	8461	DISEASE	inclusion body myositis	inclusion body myositis	inclusion body myositis	MONDO	21
2509	4697	DISEASE	inclusion conjunctivitis	inclusion conjunctivitis	Conjunctivitis, Inclusion	standard	63
2510	9123	DISEASE	incontinentia pigmenti	incontinentia pigmenti	incontinentia pigmenti	MONDO	60
2511	7298	DISEASE	increase bone mass in men with osteoporosis	increase bone mass in men with osteoporosis	osteoporosis	modified_disease	44
2512	4698	DISEASE	indolent b-cell non-hodgkin lymphoma	indolent b-cell non-hodgkin lymphoma	Indolent B-Cell Non-Hodgkin Lymphoma	standard	25
2513	4699	DISEASE	indolent systemic mastocytosis	indolent systemic mastocytosis	Mastocytosis, Systemic	standard	49
2514	4700	DISEASE	infant botulism	infant botulism	Botulism	standard	61
2515	7299	DISEASE	infantile autism	infantile autism	Autistic Disorder	modified_disease	11
2516	7300	DISEASE	infantile beriberi	infantile beriberi	infantile beriberi	corrected_overlay	23
2517	9448	DISEASE	infantile cerebellar-retinal degeneration	infantile cerebellar-retinal degeneration	infantile cerebellar-retinal degeneration	MONDO	140
2518	7301	DISEASE	infantile hemangioma of rare localization	infantile hemangioma of rare localization	Hemangioma	MeSH	27
2519	7302	DISEASE	infantile spasm	infantile spasm	Spasms, Infantile	modified_disease	25
2520	7918	DISEASE	infantile-onset ascending hereditary spastic paralysis	infantile-onset ascending hereditary spastic paralysis	infantile-onset ascending hereditary spastic paralysis	MONDO	36
2521	4701	DISEASE	infected insect bite	infected insect bite	Insect	standard	21
2522	4702	DISEASE	infected joint	infected joint	infected hydrocele	standard	48
2523	4703	DISEASE	infection	infection	Infections	standard	20
2524	4704	DISEASE	infection by cladosporium species	infection by cladosporium species	Cladosporium infection	corrected_overlay	9
2525	4705	DISEASE	infection by scedosporium boydii	infection by scedosporium boydii	Scedosporium boydii infection	corrected_overlay	11
2526	7303	DISEASE	infection caused by enterobacter	infection caused by enterobacter	infection caused by Bifidobacterium	modified_disease	15
2527	4706	DISEASE	infections of mastoidectomy and fenestration cavities	infections of mastoidectomy and fenestration cavities	Postoperative wound infection	corrected_overlay	12
2528	4707	DISEASE	infectious diarrhea	infectious diarrhea	Infectious Diarrhea	MeSH; SNOMED CT	23
2529	4708	DISEASE	infectious enteritis	infectious enteritis	Mink enteritis virus	standard	37
2530	4709	DISEASE	infectious epithelial keratitis	infectious epithelial keratitis	infectious epithelial keratitis	standard	50
2531	4710	DISEASE	infective conjunctivitis	infective conjunctivitis	Infective conjunctivitis	standard	6
2532	4711	DISEASE	infective endocarditis	infective endocarditis	Endocarditis	standard	41
2533	4712	DISEASE	infective vaginitis	infective vaginitis	infective vaginitis	standard	12
2534	4713	DISEASE	infertility	infertility	Infertility	standard	7
2535	4714	DISEASE	infiltrating bladder urothelial carcinoma	infiltrating bladder urothelial carcinoma	infiltrating bladder urothelial carcinoma	standard	12
2536	4715	DISEASE	inflammation	inflammation	Inflammation	standard	35
2537	4716	DISEASE	inflammatory abnormality of the eye	inflammatory abnormality of the eye	Inflammatory abnormality of the eye	standard	12
2538	4717	DISEASE	inflammatory bowel disease	inflammatory bowel disease	Inflammatory Bowel Diseases	standard	21
2539	9290	DISEASE	inflammatory bowel disease 10	inflammatory bowel disease 10	inflammatory bowel disease 10	MONDO	18
2540	7811	DISEASE	inflammatory bowel disease 11	inflammatory bowel disease 11	inflammatory bowel disease 11	MONDO	15
2541	9318	DISEASE	inflammatory bowel disease 13	inflammatory bowel disease 13	inflammatory bowel disease 13	MONDO	18
2542	9319	DISEASE	inflammatory bowel disease 14	inflammatory bowel disease 14	inflammatory bowel disease 14	MONDO	18
2543	9320	DISEASE	inflammatory bowel disease 17	inflammatory bowel disease 17	inflammatory bowel disease 17	MONDO	18
2544	9321	DISEASE	inflammatory bowel disease 19	inflammatory bowel disease 19	inflammatory bowel disease 19	MONDO	18
2545	9333	DISEASE	inflammatory bowel disease 25	inflammatory bowel disease 25	inflammatory bowel disease 25	MONDO	18
2546	9350	DISEASE	inflammatory bowel disease 28	inflammatory bowel disease 28	inflammatory bowel disease 28	MONDO	18
2547	4718	DISEASE	inflammatory bowel diseases	inflammatory bowel diseases	Inflammatory Bowel Diseases	standard	21
2548	4719	DISEASE	inflammatory breast cancer	inflammatory breast cancer	Inflammatory Breast Neoplasms	standard	26
2549	4720	DISEASE	inflammatory breast carcinoma	inflammatory breast carcinoma	Inflammatory Breast Neoplasms	standard	26
2550	4721	DISEASE	inflammatory dermatoses	inflammatory dermatoses	Skin Diseases	corrected_overlay	17
2551	7304	DISEASE	inflammatory lesions of non-nodular moderate to severe acne vulgaris	inflammatory lesions of non-nodular moderate to severe acne vulgaris	acne	modified_disease	32
2552	4722	DISEASE	inflammatory myofibroblastic tumor	inflammatory myofibroblastic tumor	inflammatory myofibroblastic tumor	standard	40
2553	9436	DISEASE	inflammatory skin and bowel disease, neonatal, 1	inflammatory skin and bowel disease, neonatal, 1	inflammatory skin and bowel disease, neonatal, 1	MONDO	21
2554	4723	DISEASE	influenza	influenza	Influenza, Human	standard	31
2555	4724	DISEASE	influenza a virus infection	influenza a virus infection	Influenza A Virus Infection	SNOMED CT; MeSH	16
2556	4725	DISEASE	influenza b virus infection	influenza b virus infection	influenza B virus infection	corrected_overlay	28
2557	7305	DISEASE	influenza disease caused by influenza virus subtypes a and types b	influenza disease caused by influenza virus subtypes a and types b	influenza	modified_disease	55
2558	7306	DISEASE	influenza due to influenza virus, type b	influenza due to influenza virus, type b	Influenza B Virus Infection	standard disease terminology; MeSH	21
2559	4726	DISEASE	influenza-like illness	influenza-like illness	Flu-Like Symptoms	standard	29
2560	4727	DISEASE	ingrown nail	ingrown nail	Nails, Ingrown	standard	39
2561	4728	DISEASE	inhalational anthrax	inhalational anthrax	inhalational anthrax	standard	65
2562	4729	DISEASE	inherited aplastic anemia	inherited aplastic anemia	inherited aplastic anemia	standard	18
2563	8852	DISEASE	inherited Creutzfeldt-Jakob disease	inherited creutzfeldt-jakob disease	inherited Creutzfeldt-Jakob disease	MONDO	41
2564	7907	DISEASE	inherited obesity	inherited obesity	Inherited obesity	MedGen	10
2565	4730	DISEASE	inherited retinal dystrophy	inherited retinal dystrophy	Inherited Retinal Dystrophy	standard disease terminology	14
2566	7902	DISEASE	inherited susceptibility to asthma	inherited susceptibility to asthma	DDX41-related hematologic malignancy predisposition syndrome	Orphanet	58
2567	7808	DISEASE	inherited torticollis	inherited torticollis	inherited torticollis	MONDO	27
2568	4731	DISEASE	injury of liver	injury of liver	Chemical and Drug Induced Liver Injury, Chronic	standard	35
2569	7307	DISEASE	inoperable metastatic female breast cancer	inoperable metastatic female breast cancer	breast cancer	corrected_overlay	13
2570	4732	DISEASE	insect bites	insect bites	Insect Bites and Stings	standard	6
2571	7771	DISEASE	insect Stings, hypersensitivity to	insect stings, hypersensitivity to	Venom Hypersensitivity	MeSH	19
2572	7945	DISEASE	insensitivity to pain with hyperplastic Myelinopathy	insensitivity to pain with hyperplastic myelinopathy	Insensitivity to pain with hyperplastic Myelinopathy	MedGen	14
2573	4733	DISEASE	insomnia	insomnia	Sleep Initiation and Maintenance Disorders	standard	28
2574	4734	DISEASE	insulin hypoglycaemia	insulin hypoglycaemia	insulin autoimmune syndrome	standard	99
2575	4735	DISEASE	insulin hypoglycemia	insulin hypoglycemia	insulin-induced hypoglycemia	corrected_overlay	15
2576	4736	DISEASE	insulin shock	insulin shock	Insulin Shock	standard	17
2577	6415	DISEASE	insulin-like growth factor deficiency (igfd)	insulin-like growth factor deficiency (igfd)	growth delay due to insulin-like growth factor type 1 deficiency	alias_disease	26
2578	4737	DISEASE	insulinoma	insulinoma	Insulinoma	standard	15
2579	8606	DISEASE	intellectual developmental disorder with autism and speech delay	intellectual developmental disorder with autism and speech delay	Intellectual developmental disorder with autism and speech delay	MedGen	27
2580	4738	DISEASE	intellectual disability	intellectual disability	intellectual disability	standard	33
2581	7308	DISEASE	intellectual disability, severe, with spasticity and pigmentary tapetoretinal degeneration	intellectual disability, severe, with spasticity and pigmentary tapetoretinal degeneration	Intellectual Disability	MeSH	35
2582	9083	DISEASE	intellectual disability, X-linked 21	intellectual disability, x-linked 21	intellectual disability, X-linked 21	MONDO	19
2583	4739	DISEASE	interdigital tinea pedis	interdigital tinea pedis	tinea pedis	standard	15
2584	4740	DISEASE	intermediate uveitis	intermediate uveitis	Uveitis, Intermediate	standard	10
2585	4741	DISEASE	intermittent asthma	intermittent asthma	intermittent asthma	standard	44
2586	4742	DISEASE	intermittent claudication	intermittent claudication	Intermittent Claudication	standard	46
2587	4743	DISEASE	intermittent vascular claudication	intermittent vascular claudication	intermittent vascular claudication	standard	46
2588	4744	DISEASE	internal hemorrhoid	internal hemorrhoid	internal hemorrhoid	standard	8
2589	4745	DISEASE	interstitial cystitis	interstitial cystitis	interstitial cystitis	standard	14
2590	8490	DISEASE	interstitial lung disease 2	interstitial lung disease 2	Interstitial lung disease 2	MedGen	334
2591	4746	DISEASE	intertrigo	intertrigo	Intertrigo	standard	46
2592	4747	DISEASE	intertrochanteric fractures	intertrochanteric fractures	Hip Fractures	standard	36
2593	4748	DISEASE	intervertebral disk degenerative disorder	intervertebral disk degenerative disorder	intervertebral disk degenerative disorder	standard	11
2594	4749	DISEASE	intestinal amebiasis	intestinal amebiasis	Dysentery, Amebic	standard	25
2595	4750	DISEASE	intestinal angioedema	intestinal angioedema	angioedema	standard	22
2596	4751	DISEASE	intestinal candidiasis	intestinal candidiasis	intestinal candidiasis	corrected_overlay	23
2597	4752	DISEASE	intestinal disorder	intestinal disorder	intestinal disorder	standard	12
2598	4753	DISEASE	intestinal obstruction	intestinal obstruction	Intestinal Obstruction	standard	16
2599	4754	DISEASE	intestinal strongyloidiasis	intestinal strongyloidiasis	strongyloidiasis	standard	53
2600	4755	DISEASE	intoxication	intoxication	Intoxication	standard	17
2601	7309	DISEASE	intoxication caused by ketamine	intoxication caused by ketamine	Ketamine	modified_disease	16
2602	4756	DISEASE	intra-abdominal abscesses	intra-abdominal abscesses	Abdominal Abscess	standard	22
2603	4757	DISEASE	intra-abdominal infections	intra-abdominal infections	Intraabdominal Infections	standard	14
2604	4758	DISEASE	intracerebral hemorrhage	intracerebral hemorrhage	Cerebral Hemorrhage	standard	24
2605	4759	DISEASE	intracoronary emboli	intracoronary emboli	coronary embolism	corrected_overlay	12
2606	4760	DISEASE	intracranial embolism	intracranial embolism	Intracranial Embolism	standard	49
2607	4761	DISEASE	intracranial thrombosis	intracranial thrombosis	Intracranial Thrombosis	standard	35
2608	4762	DISEASE	intractable hiccups	intractable hiccups	chronic hiccup	standard	26
2609	4763	DISEASE	intrahepatic cholangiocarcinoma	intrahepatic cholangiocarcinoma	Cholangiocarcinoma	standard	11
2610	4764	DISEASE	intraoperative hemorrhage	intraoperative hemorrhage	Intraoperative Hemorrhage	standard	6
2611	4765	DISEASE	intraoperative miosis	intraoperative miosis	miosis	corrected_overlay	15
2612	4766	DISEASE	intrauterine infection	intrauterine infection	intrauterine infection	corrected_overlay	13
2613	4767	DISEASE	invasive aspergillosis	invasive aspergillosis	invasive aspergillosis	standard	43
2614	4768	DISEASE	invasive breast carcinoma	invasive breast carcinoma	invasive breast carcinoma	standard	40
2615	4769	DISEASE	invasive fungal infection	invasive fungal infection	Invasive Fungal Infections	standard	10
2616	4770	DISEASE	invasive hydatidiform mole	invasive hydatidiform mole	invasive hydatidiform mole	standard	14
2617	4771	DISEASE	invasive meningococcal disease	invasive meningococcal disease	meningococcal infection	standard	8
2618	4772	DISEASE	invasive pulmonary aspergillosis	invasive pulmonary aspergillosis	Invasive Pulmonary Aspergillosis	standard	36
2619	4773	DISEASE	involutional depression	involutional depression	Involutional depression	standard	11
2620	7817	DISEASE	IRIDA syndrome	irida syndrome	IRIDA syndrome	MONDO	36
2621	4774	DISEASE	iridocyclitis	iridocyclitis	Iridocyclitis	standard	35
2622	4775	DISEASE	iritis	iritis	iritis	standard	4
2623	4776	DISEASE	iron deficiency	iron deficiency	Iron Deficiency	standard	20
2624	4777	DISEASE	iron deficiency anemia	iron deficiency anemia	Anemia, Iron-Deficiency	standard	35
2625	9530	DISEASE	iron deficiency in heart failure	iron deficiency in heart failure	iron deficiency	standard	20
2626	7310	DISEASE	iron overload, susceptibility to	iron overload, susceptibility to	Iron overload, susceptibility to	modified_disease	40
2627	4778	DISEASE	irregular sleep-wake rhythm disorder	irregular sleep-wake rhythm disorder	circadian rhythm sleep disorder, irregular sleep wake type	standard	19
2628	4779	DISEASE	irritable bowel syndrome	irritable bowel syndrome	Irritable Bowel Syndrome	standard	32
2629	4780	DISEASE	irritable bowel syndrome with diarrhea	irritable bowel syndrome with diarrhea	irritable bowel syndrome	standard	32
2630	4781	DISEASE	irritation	irritation	Irritation	standard	25
2631	4782	DISEASE	ischemic heart disease	ischemic heart disease	Myocardial Ischemia	standard	74
2632	4783	DISEASE	ischemic stroke	ischemic stroke	Ischemic Stroke	standard	81
2633	8846	DISEASE	isolated cleft palate	isolated cleft palate	isolated cleft palate	MONDO	11
2634	4784	DISEASE	isolated growth hormone deficiency type ii	isolated growth hormone deficiency type ii	isolated growth hormone deficiency type II	standard	42
2635	4785	DISEASE	isotonic dehydration	isotonic dehydration	dehydration	standard	16
2636	4786	DISEASE	isovaleric acidemia	isovaleric acidemia	isovaleric acidemia	standard	89
2637	8964	DISEASE	Jalili syndrome	jalili syndrome	Jalili syndrome	MONDO	16
2638	4787	DISEASE	japanese encephalitis	japanese encephalitis	Encephalitis, Japanese	standard	79
2639	7892	DISEASE	jaundice, familial obstructive, of infancy	jaundice, familial obstructive, of infancy	Jaundice	HPO	21
2640	4788	DISEASE	jaw inflammation	jaw inflammation	jaw inflammation	corrected_overlay	26
2641	4789	DISEASE	jet lag syndrome	jet lag syndrome	Jet Lag Syndrome	standard	30
2642	9005	DISEASE	Johanson-Blizzard syndrome	johanson-blizzard syndrome	Johanson-Blizzard syndrome	MONDO	28
2643	4790	DISEASE	joint destruction	joint destruction	joint destruction	corrected_overlay	27
2644	4791	DISEASE	joint pain	joint pain	joint pain	standard	16
2645	8959	DISEASE	Joubert syndrome 1	joubert syndrome 1	Joubert syndrome 1	MONDO	17
2646	9226	DISEASE	Joubert syndrome 2	joubert syndrome 2	Joubert syndrome 2	MONDO	17
2647	9234	DISEASE	Joubert syndrome 3	joubert syndrome 3	Joubert syndrome 3	MONDO	17
2648	9262	DISEASE	Joubert syndrome 5	joubert syndrome 5	Joubert syndrome 5	MONDO	17
2649	9277	DISEASE	Joubert syndrome 6	joubert syndrome 6	Joubert syndrome 6	MONDO	17
2650	9300	DISEASE	Joubert syndrome 7	joubert syndrome 7	Joubert syndrome 7	MONDO	17
2651	4792	DISEASE	junctional epidermolysis bullosa	junctional epidermolysis bullosa	Epidermolysis Bullosa, Junctional	standard	42
2652	4793	DISEASE	juvenile amyotrophic lateral sclerosis with dementia	juvenile amyotrophic lateral sclerosis with dementia	juvenile amyotrophic lateral sclerosis with dementia	standard	13
2653	7311	DISEASE	juvenile idiopathic arthritis	juvenile idiopathic arthritis	Arthritis, Juvenile	modified_disease	17
2654	4794	DISEASE	juvenile myelomonocytic leukemia	juvenile myelomonocytic leukemia	Leukemia, Myelomonocytic, Juvenile	standard	28
2655	4795	DISEASE	juvenile myoclonic epilepsy	juvenile myoclonic epilepsy	Myoclonic Epilepsy, Juvenile	standard	67
2656	4796	DISEASE	juvenile onset hypophosphatasia	juvenile onset hypophosphatasia	juvenile-onset hypophosphatasia	corrected_overlay	6
2657	8999	DISEASE	juvenile Paget disease	juvenile paget disease	juvenile Paget disease	MONDO	52
2658	8911	DISEASE	juvenile polyposis syndrome	juvenile polyposis syndrome	juvenile polyposis syndrome	MONDO	21
2659	4797	DISEASE	juvenile rheumatoid arthritis	juvenile rheumatoid arthritis	Juvenile Rheumatoid Arthritis	NCI Thesaurus	44
2660	7312	DISEASE	k-ras wild-type metastatic colorectal cancer	k-ras wild-type metastatic colorectal cancer	colorectal cancer	corrected_overlay	11
2661	8876	DISEASE	Kabuki syndrome 1	kabuki syndrome 1	Kabuki syndrome 1	MONDO	14
2662	4798	DISEASE	kala-azar	kala-azar	Leishmaniasis, Visceral	standard	59
2663	4799	DISEASE	kaposi sarcoma	kaposi sarcoma	Kaposi's sarcoma	standard	54
2664	7772	DISEASE	Kaposi sarcoma, susceptibility to	kaposi sarcoma, susceptibility to	Kaposi sarcoma	Orphanet	33
2665	4800	DISEASE	kaposi's sarcoma	kaposi's sarcoma	Sarcoma, Kaposi	standard	137
2666	9455	DISEASE	karyomegalic interstitial nephritis	karyomegalic interstitial nephritis	karyomegalic interstitial nephritis	MONDO	17
2667	4801	DISEASE	keloid	keloid	Keloid	standard	42
2668	7773	DISEASE	keloid formation	keloid formation	Keloid formation	MedGen	93
2669	4802	DISEASE	kennedy disease	kennedy disease	Bulbo-Spinal Atrophy, X-Linked	standard	21
2670	4803	DISEASE	keratitis	keratitis	keratitis	standard	11
2671	4804	DISEASE	keratitis, dendritic	keratitis, dendritic	Keratitis, Dendritic	standard	37
2672	4805	DISEASE	keratoconjunctivitis	keratoconjunctivitis	Keratoconjunctivitis	standard	7
2673	4806	DISEASE	keratoconjunctivitis sicca	keratoconjunctivitis sicca	Keratoconjunctivitis Sicca	standard	26
2674	8878	DISEASE	keratoconus 1	keratoconus 1	keratoconus 1	MONDO	16
2675	4807	DISEASE	keratoma	keratoma	Keratosis	standard	9
2676	4808	DISEASE	keratosis	keratosis	Keratosis	standard	9
2677	4809	DISEASE	keratosis palmaris	keratosis palmaris	palmar keratosis	corrected_overlay	12
2678	4810	DISEASE	keratosis pilaris	keratosis pilaris	keratosis pilaris	standard	12
2679	4811	DISEASE	keratosis plantaris	keratosis plantaris	plantar keratosis	corrected_overlay	12
2680	4812	DISEASE	kernicterus	kernicterus	Kernicterus	standard	82
2681	4813	DISEASE	ketoacidosis	ketoacidosis	Ketosis	standard	37
2682	4814	DISEASE	kidney angiomyolipoma	kidney angiomyolipoma	kidney angiomyolipoma	standard	6
2683	4815	DISEASE	kidney disorder	kidney disorder	kidney disorder	standard	5
2684	4816	DISEASE	kidney failure	kidney failure	Renal Insufficiency	standard	51
2685	8910	DISEASE	Kindler syndrome	kindler syndrome	Kindler syndrome	MONDO	38
2686	4817	DISEASE	kinetic tremor	kinetic tremor	Kinetic tremor	standard	24
2687	4818	DISEASE	klebsiella infections	klebsiella infections	Klebsiella Infections	standard	7
2688	4819	DISEASE	klebsiella infectious disease	klebsiella infectious disease	Klebsiella infectious disease	standard	7
2689	4820	DISEASE	klebsiella pneumonia	klebsiella pneumonia	Klebsiella pneumonia	standard	7
2690	4821	DISEASE	klebsiella pneumoniae infection	klebsiella pneumoniae infection	Klebsiella pneumoniae infection	corrected_overlay	9
2691	4822	DISEASE	klebsiella-enterobacter-serratia infections	klebsiella-enterobacter-serratia infections	Klebsiella-Enterobacter-Serratia infections	corrected_overlay	22
2692	4823	DISEASE	klinefelter syndrome	klinefelter syndrome	Klinefelter Syndrome	standard	75
2693	4824	DISEASE	klinefelter syndrome, male with 46,xx karyotype	klinefelter syndrome, male with 46,xx karyotype	Klinefelter Syndrome	standard	13
2694	8884	DISEASE	Kniest dysplasia	kniest dysplasia	Kniest dysplasia	MONDO	33
2695	4825	DISEASE	korsakoff syndrome	korsakoff syndrome	Korsakoff Syndrome	standard	50
2696	9007	DISEASE	Krabbe disease	krabbe disease	Krabbe disease	MONDO	95
2697	7313	DISEASE	kras g12c-mutated locally advanced or metastatic non-small cell lung cancer (nsclc)	kras g12c-mutated locally advanced or metastatic non-small cell lung cancer (nsclc)	Carcinoma, Non-Small-Cell Lung	modified_disease	33
2698	7314	DISEASE	kras mutation	kras mutation	KRAS Gene Mutation	modified_disease	16
2699	4826	DISEASE	kraurosis vulvae	kraurosis vulvae	Vulvar Lichen Sclerosus	standard	21
2700	4827	DISEASE	krukenberg carcinoma	krukenberg carcinoma	Krukenberg carcinoma	standard	16
2701	4828	DISEASE	labor pain	labor pain	Labor Pain	standard	38
2702	4829	DISEASE	lactic acidosis	lactic acidosis	Acidosis, Lactic	standard	31
2703	4830	DISEASE	lactose intolerance	lactose intolerance	Lactose Intolerance	standard	57
2704	4831	DISEASE	lambert-eaton myasthenic syndrome	lambert-eaton myasthenic syndrome	Lambert-Eaton Myasthenic Syndrome	standard	93
2705	4832	DISEASE	lamellar ichthyosis	lamellar ichthyosis	Ichthyosis, Lamellar	standard	55
2706	4833	DISEASE	laminopathy	laminopathy	laminopathy	standard	15
2707	9015	DISEASE	Langer mesomelic dysplasia	langer mesomelic dysplasia	Langer mesomelic dysplasia	MONDO	22
2708	4834	DISEASE	langerhans cell histiocytosis	langerhans cell histiocytosis	Langerhans cell histiocytosis	standard	14
2709	4835	DISEASE	large b-cell lymphoma	large b-cell lymphoma	large B-cell lymphoma	standard	21
2710	4836	DISEASE	large prostate	large prostate	Large prostate	standard	8
2711	4837	DISEASE	large roundworm infections	large roundworm infections	Ascariasis	corrected_overlay	13
2712	4838	DISEASE	laron syndrome	laron syndrome	Laron syndrome	standard	36
2713	8880	DISEASE	Larsen syndrome	larsen syndrome	Larsen syndrome	MONDO	27
2714	4839	DISEASE	laryngeal edema	laryngeal edema	Laryngeal Edema	standard	20
2715	4840	DISEASE	laryngeal squamous cell carcinoma	laryngeal squamous cell carcinoma	Squamous Cell Carcinoma of Head and Neck	standard	39
2716	4841	DISEASE	laryngitis	laryngitis	Laryngitis	standard	30
2717	4842	DISEASE	laryngostenosis	laryngostenosis	Laryngostenosis	standard	20
2718	4843	DISEASE	larynx cancer	larynx cancer	Laryngeal Neoplasms	standard	21
2719	7315	DISEASE	late-onset pompe disease	late-onset pompe disease	late-onset Parkinson disease	modified_disease	18
2720	9196	DISEASE	late-onset retinal degeneration	late-onset retinal degeneration	late-onset retinal degeneration	MONDO	72
2721	7316	DISEASE	latent syphilis	latent syphilis	latent syphilis	modified_disease	56
2722	7317	DISEASE	latent tuberculosis infection	latent tuberculosis infection	Latent Tuberculosis	modified_disease	39
2723	9008	DISEASE	Laurence-Moon syndrome	laurence-moon syndrome	Laurence-Moon syndrome	MONDO	48
2724	4844	DISEASE	lead encephalopathy	lead encephalopathy	lead encephalopathy	corrected_overlay	14
2725	4845	DISEASE	lead poisoning	lead poisoning	Lead Poisoning	standard	18
2726	4846	DISEASE	learning disability	learning disability	learning disability	standard	27
2727	8946	DISEASE	Leber congenital amaurosis 1	leber congenital amaurosis 1	Leber congenital amaurosis 1	MONDO	18
2728	9395	DISEASE	Leber congenital amaurosis 11	leber congenital amaurosis 11	Leber congenital amaurosis 11	MONDO	18
2729	9274	DISEASE	Leber congenital amaurosis 12	leber congenital amaurosis 12	Leber congenital amaurosis 12	MONDO	18
2730	9334	DISEASE	Leber congenital amaurosis 13	leber congenital amaurosis 13	Leber congenital amaurosis 13	MONDO	18
2731	9361	DISEASE	Leber congenital amaurosis 14	leber congenital amaurosis 14	Leber congenital amaurosis 14	MONDO	18
2732	9398	DISEASE	Leber congenital amaurosis 15	leber congenital amaurosis 15	Leber congenital amaurosis 15	MONDO	18
2733	9427	DISEASE	Leber congenital amaurosis 16	leber congenital amaurosis 16	Leber congenital amaurosis 16	MONDO	18
2734	9479	DISEASE	Leber congenital amaurosis 17	leber congenital amaurosis 17	Leber congenital amaurosis 17	MONDO	18
2735	8947	DISEASE	Leber congenital amaurosis 2	leber congenital amaurosis 2	Leber congenital amaurosis 2	MONDO	18
2736	9178	DISEASE	Leber congenital amaurosis 3	leber congenital amaurosis 3	Leber congenital amaurosis 3	MONDO	18
2737	9181	DISEASE	Leber congenital amaurosis 4	leber congenital amaurosis 4	Leber congenital amaurosis 4	MONDO	18
2738	9183	DISEASE	Leber congenital amaurosis 5	leber congenital amaurosis 5	Leber congenital amaurosis 5	MONDO	18
2739	9392	DISEASE	Leber congenital amaurosis 6	leber congenital amaurosis 6	Leber congenital amaurosis 6	MONDO	18
2740	9393	DISEASE	Leber congenital amaurosis 7	leber congenital amaurosis 7	Leber congenital amaurosis 7	MONDO	18
2741	9394	DISEASE	Leber congenital amaurosis 8	leber congenital amaurosis 8	Leber congenital amaurosis 8	MONDO	18
2742	9231	DISEASE	Leber congenital amaurosis 9	leber congenital amaurosis 9	Leber congenital amaurosis 9	MONDO	18
2743	7318	DISEASE	leber hereditary optic neuropathy	leber hereditary optic neuropathy	Optic Atrophy, Hereditary, Leber	modified_disease	30
2744	7319	DISEASE	leber's congenital amaurosis	leber's congenital amaurosis	Leber congenital amaurosis	MeSH	59
2745	7320	DISEASE	leber's hereditary optic neuropathy	leber's hereditary optic neuropathy	Optic Atrophy, Hereditary, Leber	modified_disease	30
2746	4847	DISEASE	leber's optic atrophy	leber's optic atrophy	Leber hereditary optic neuropathy	MeSH	67
2747	4848	DISEASE	left ventricular dysfunction	left ventricular dysfunction	Ventricular Dysfunction, Left	standard	46
2748	4849	DISEASE	left ventricular hypertrophy	left ventricular hypertrophy	Hypertrophy, Left Ventricular	standard	31
2749	4850	DISEASE	left ventricular systolic dysfunction	left ventricular systolic dysfunction	Ventricular Dysfunction, Left	standard	46
2750	7774	DISEASE	Legg-Calve-Perthes disease	legg-calve-perthes disease	Legg-Calve-Perthes disease	MONDO	36
2751	4851	DISEASE	legionella pneumophila	legionella pneumophila	Legionella pneumophila	standard	33
2752	4852	DISEASE	legionellosis	legionellosis	Legionellosis	standard	7
2753	4853	DISEASE	legionnaires' disease	legionnaires' disease	Legionnaires' Disease	standard	33
2754	9027	DISEASE	Leigh syndrome	leigh syndrome	Leigh syndrome	MONDO	15
2755	4854	DISEASE	leiomyosarcoma	leiomyosarcoma	leiomyosarcoma	standard	32
2756	4855	DISEASE	leishmaniasis	leishmaniasis	Leishmaniasis	standard	44
2757	4856	DISEASE	leishmaniasis, mucocutaneous	leishmaniasis, mucocutaneous	Leishmaniasis, Mucocutaneous	standard	48
2758	7908	DISEASE	leishmaniasis, tegumentary, susceptibility to	leishmaniasis, tegumentary, susceptibility to	leishmaniasis	MONDO	69
2759	4857	DISEASE	lennox-gastaut syndrome	lennox-gastaut syndrome	Lennox-Gastaut Syndrome	curated_standard_definition	28
2760	4858	DISEASE	lentigo	lentigo	lentigo	standard	11
2761	4859	DISEASE	lepromatous leprosy	lepromatous leprosy	Leprosy, Lepromatous	standard	48
2762	4860	DISEASE	leprosy	leprosy	leprosy	standard	14
2763	8620	DISEASE	leprosy, susceptibility to, 2	leprosy, susceptibility to, 2	leprosy, susceptibility to, 2	MONDO	15
2764	7852	DISEASE	leprosy, susceptibility to, 3	leprosy, susceptibility to, 3	leprosy, susceptibility to, 3	MONDO	16
2765	8856	DISEASE	Leri-Weill dyschondrosteosis	leri-weill dyschondrosteosis	Leri-Weill dyschondrosteosis	MONDO	18
2766	9085	DISEASE	Lesch-Nyhan syndrome	lesch-nyhan syndrome	Lesch-Nyhan syndrome	MONDO	32
2767	9040	DISEASE	lethal congenital glycogen storage disease of heart	lethal congenital glycogen storage disease of heart	lethal congenital glycogen storage disease of heart	MONDO	18
2768	7867	DISEASE	lethal osteosclerotic bone dysplasia	lethal osteosclerotic bone dysplasia	lethal osteosclerotic bone dysplasia	MONDO	18
2769	7853	DISEASE	letterer-Siwe disease	letterer-siwe disease	letterer-Siwe disease	MONDO	38
2770	4861	DISEASE	letterer-siwe disease (histiocytosis x)	letterer-siwe disease (histiocytosis x)	Langerhans-cell histiocytosis	MeSH	50
2771	4862	DISEASE	leukemia	leukemia	Leukemia	standard	64
2772	7854	DISEASE	leukemia, acute myelocytic, with polyposis coli and colon cancer	leukemia, acute myelocytic, with polyposis coli and colon cancer	leukemia	MONDO	112
2773	7721	DISEASE	leukemia, chronic lymphocytic, susceptibility to, 2	leukemia, chronic lymphocytic, susceptibility to, 2	leukemia	MONDO	112
2774	7321	DISEASE	leukemia, erythroblastic, acute	leukemia, erythroblastic, acute	Leukemia, Erythroblastic, Acute	modified_disease	49
2775	7322	DISEASE	leukemia, lymphocytic, chronic, b-cell	leukemia, lymphocytic, chronic, b-cell	Leukemia, Lymphocytic, Chronic, B-Cell	modified_disease	30
2776	7323	DISEASE	leukemia, monocytic, acute	leukemia, monocytic, acute	Leukemia, Monocytic, Acute	modified_disease	51
2777	4863	DISEASE	leukemia, myeloid, accelerated-phase	leukemia, myeloid, accelerated-phase	Leukemia, Myeloid, Accelerated Phase	standard	24
2778	7324	DISEASE	leukemia, myeloid, acute	leukemia, myeloid, acute	Leukemia, Myeloid, Acute	modified_disease	31
2779	7325	DISEASE	leukemia, myelomonocytic, acute	leukemia, myelomonocytic, acute	Leukemia, Myelomonocytic, Acute	modified_disease	29
2780	7326	DISEASE	leukemia, promyelocytic, acute	leukemia, promyelocytic, acute	Leukemia, Promyelocytic, Acute	modified_disease	25
2781	9173	DISEASE	leukoencephalopathy with vanishing white matter 1	leukoencephalopathy with vanishing white matter 1	leukoencephalopathy with vanishing white matter 1	MONDO	20
2782	4864	DISEASE	leukopenia	leukopenia	Leukopenia	standard	20
2783	4865	DISEASE	levator syndrome	levator syndrome	levator syndrome	standard	117
2784	4866	DISEASE	lewy bodies	lewy bodies	Lewy Bodies	standard	67
2785	7737	DISEASE	Lewy body dementia	lewy body dementia	Lewy body dementia	MONDO	38
2786	8881	DISEASE	Li-Fraumeni syndrome	li-fraumeni syndrome	Li-Fraumeni syndrome	MONDO	42
2787	4867	DISEASE	lichen planus	lichen planus	Lichen Planus	standard	78
2788	7776	DISEASE	lichen sclerosus et atrophicus	lichen sclerosus et atrophicus	lichen sclerosus et atrophicus	MONDO	33
2789	4868	DISEASE	lichen simplex chronicus	lichen simplex chronicus	neurodermatitis	standard	18
2790	8485	DISEASE	Liddle syndrome 1	liddle syndrome 1	Liddle syndrome 1	MONDO	17
2791	4869	DISEASE	life-threatening or uncontrolled bleeding	life-threatening or uncontrolled bleeding	bleeding	standard	31
2792	4870	DISEASE	life-threatening toxicity	life-threatening toxicity	Immediately Life-Threatening Disorder	standard	30
2793	4871	DISEASE	light chain amyloidosis	light chain amyloidosis	AL amyloidosis	standard	57
2794	9171	DISEASE	limb-mammary syndrome	limb-mammary syndrome	limb-mammary syndrome	MONDO	44
2795	4872	DISEASE	lip cancer	lip cancer	Lip Neoplasms	standard	6
2796	4873	DISEASE	lipodystrophy	lipodystrophy	Lipodystrophy	standard	39
2797	4874	DISEASE	lipoid nephrosis	lipoid nephrosis	Nephrosis, Lipoid	standard	48
2798	9010	DISEASE	lipoid proteinosis	lipoid proteinosis	lipoid proteinosis	MONDO	22
2799	9304	DISEASE	lipoprotein glomerulopathy	lipoprotein glomerulopathy	lipoprotein glomerulopathy	MONDO	13
2800	4875	DISEASE	liposarcoma	liposarcoma	Liposarcoma	standard	57
2801	7327	DISEASE	liposarcoma metastatic	liposarcoma metastatic	Metastatic Liposarcoma	modified_disease	24
2802	9413	DISEASE	lissencephaly 4	lissencephaly 4	lissencephaly 4	MONDO	16
2803	4876	DISEASE	listeria meningitis	listeria meningitis	Meningitis, Listeria	standard	56
2804	4877	DISEASE	listeriosis	listeriosis	Listeriosis	standard	7
2805	4878	DISEASE	liver abscess	liver abscess	Liver Abscess	standard	20
2806	4879	DISEASE	liver abscess, amebic	liver abscess, amebic	Liver Abscess, Amebic	standard	25
2807	4880	DISEASE	liver cancer	liver cancer	Liver Neoplasms	standard	6
2808	4881	DISEASE	liver carcinoma	liver carcinoma	liver carcinoma	Disease Ontology	7
2809	4882	DISEASE	liver cell carcinoma	liver cell carcinoma	Carcinoma, Hepatocellular	standard	44
2810	4883	DISEASE	liver cirrhosis	liver cirrhosis	Liver Cirrhosis	standard	30
2811	4884	DISEASE	liver disease, alcoholic	liver disease, alcoholic	Liver Diseases, Alcoholic	standard	25
2812	4885	DISEASE	liver disorder	liver disorder	liver disorder	standard	5
2813	4886	DISEASE	liver failure	liver failure	Liver Failure	standard	38
2814	4887	DISEASE	liver neoplasms	liver neoplasms	Liver Neoplasms	standard	6
2815	7328	DISEASE	liver transplant rejection	liver transplant rejection	transplant rejection	modified_disease	29
2816	7329	DISEASE	liver transplant surgery	liver transplant surgery	Liver Surgery	modified_disease	13
2817	4888	DISEASE	lobular neoplasia	lobular neoplasia	lobular neoplasia	standard	55
2818	4889	DISEASE	localization-related epilepsy	localization-related epilepsy	Epilepsies, Partial	standard	93
2819	7330	DISEASE	locally advanced basal cell carcinoma	locally advanced basal cell carcinoma	Locally Advanced Basal Cell Carcinoma	modified_disease	28
2820	7331	DISEASE	locally advanced basal cell carcinoma (labcc)	locally advanced basal cell carcinoma (labcc)	Locally Advanced Basal Cell Carcinoma	modified_disease	29
2821	7332	DISEASE	locally advanced breast cancer	locally advanced breast cancer	Breast Neoplasms	modified_disease	15
2822	7333	DISEASE	locally advanced cutaneous squamous cell carcinoma of the head and neck	locally advanced cutaneous squamous cell carcinoma of the head and neck	Locally Advanced Head and Neck Cutaneous Squamous Cell Carcinoma	modified_disease	40
2823	7334	DISEASE	locally advanced head and neck squamous cell carcinoma	locally advanced head and neck squamous cell carcinoma	Locally Advanced Head and Neck Squamous Cell Carcinoma	modified_disease	34
2824	7335	DISEASE	locally advanced non-squamous non-small cell lung cancer	locally advanced non-squamous non-small cell lung cancer	Locally Advanced Lung Non-Squamous Non-Small Cell Carcinoma	modified_disease	31
2825	7336	DISEASE	locally advanced or metastatic cholangiocarcinoma	locally advanced or metastatic cholangiocarcinoma	cholangiocarcinoma	modified_disease	38
2826	7337	DISEASE	locally advanced or metastatic cutaneous squamous cell carcinoma (mcscc)	locally advanced or metastatic cutaneous squamous cell carcinoma (mcscc)	Carcinoma, Squamous Cell	modified_disease	18
2827	7338	DISEASE	locally advanced or metastatic non-small cell lung cancer	locally advanced or metastatic non-small cell lung cancer	non-small cell lung carcinoma	modified_disease	35
2828	7339	DISEASE	locally advanced or metastatic urothelial carcinoma	locally advanced or metastatic urothelial carcinoma	urothelial carcinoma	modified_disease	29
2829	7340	DISEASE	locally advanced or unresectable soft tissue sarcoma	locally advanced or unresectable soft tissue sarcoma	soft tissue sarcoma	modified_disease	31
2830	7341	DISEASE	locally advanced, unresectable or metastatic pancreatic cancer	locally advanced, unresectable or metastatic pancreatic cancer	pancreatic cancer	corrected_overlay	13
2831	4890	DISEASE	loiasis	loiasis	Loiasis	standard	54
2832	6416	DISEASE	long chain fatty acid oxidation disorders (lc-faods)	long chain fatty acid oxidation disorders (lc-faods)	long-chain fatty acid oxidation disorders	corrected_overlay	21
2833	8928	DISEASE	long QT syndrome 1	long qt syndrome 1	long QT syndrome 1	MONDO	15
2834	9378	DISEASE	long QT syndrome 2	long qt syndrome 2	long QT syndrome 2	MONDO	40
2835	9172	DISEASE	long QT syndrome 3	long qt syndrome 3	long QT syndrome 3	MONDO	40
2836	9380	DISEASE	long QT syndrome 6	long qt syndrome 6	long QT syndrome 6	MONDO	18
2837	9307	DISEASE	long QT syndrome 9	long qt syndrome 9	long QT syndrome 9	MONDO	18
2838	9175	DISEASE	loricrin keratoderma	loricrin keratoderma	loricrin keratoderma	MONDO	34
2839	4891	DISEASE	low back pain	low back pain	Low Back Pain	standard	25
2840	4892	DISEASE	low backache	low backache	Low Back Pain	standard	25
2841	4893	DISEASE	low blood pressure	low blood pressure	Hypotension	standard	39
2842	7342	DISEASE	low grade glioma	low grade glioma	low grade glioma	modified_disease	27
2843	7343	DISEASE	low grade vulvar intraepithelial neoplasia	low grade vulvar intraepithelial neoplasia	low grade vulvar intraepithelial neoplasia	modified_disease	49
2844	4894	DISEASE	lower abdominal pain	lower abdominal pain	Lower Abdominal Pain	standard	26
2845	4895	DISEASE	lower backache	lower backache	low back pain	corrected_overlay	16
2846	4896	DISEASE	lower limb spasticity	lower limb spasticity	lower limb hypertrophy	standard	92
2847	4897	DISEASE	lower respiratory tract disorder	lower respiratory tract disorder	lower respiratory tract disorder	standard	7
2848	4898	DISEASE	lower respiratory tract infections	lower respiratory tract infections	lower respiratory tract infection	corrected_overlay	25
2849	4899	DISEASE	lower urinary tract calculus	lower urinary tract calculus	lower urinary tract calculus	standard	8
2850	4900	DISEASE	lown-ganong-levine syndrome	lown-ganong-levine syndrome	Lown-Ganong-Levine Syndrome	standard	49
2851	4901	DISEASE	lumbago	lumbago	Low Back Pain	standard	25
2852	4902	DISEASE	lung abscess	lung abscess	Lung Abscess	standard	21
2853	4903	DISEASE	lung adenocarcinoma	lung adenocarcinoma	Adenocarcinoma of Lung	standard	40
2854	4904	DISEASE	lung cancer	lung cancer	Lung Neoplasms	standard	6
2855	8643	DISEASE	lung cancer susceptibility 1	lung cancer susceptibility 1	lung cancer susceptibility 1	MONDO	15
2856	4905	DISEASE	lung diseases	lung diseases	Lung Diseases	standard	8
2857	4906	DISEASE	lung neoplasms	lung neoplasms	Lung Neoplasms	standard	6
2858	4907	DISEASE	lung neuroendocrine neoplasm	lung neuroendocrine neoplasm	lung neuroendocrine neoplasm	standard	35
2859	4908	DISEASE	lung sarcomatoid carcinoma	lung sarcomatoid carcinoma	lung sarcomatoid carcinoma	standard	54
2860	7344	DISEASE	lung small cell carcinoma, p subtype	lung small cell carcinoma, p subtype	Lung Small Cell Carcinoma, P Subtype	modified_disease	52
2861	4909	DISEASE	lupus erythematosus	lupus erythematosus	lupus erythematosus	standard	35
2862	4910	DISEASE	lupus nephritis	lupus nephritis	Lupus Nephritis	standard	57
2863	4911	DISEASE	lyme disease	lyme disease	Lyme Disease	standard	70
2864	4912	DISEASE	lymphadenitis	lymphadenitis	Lymphadenitis	standard	5
2865	4913	DISEASE	lymphangiectasis	lymphangiectasis	Lymphangiectasis	standard	7
2866	4914	DISEASE	lymphangioleiomyomatosis	lymphangioleiomyomatosis	Lymphangioleiomyomatosis	standard	50
2867	4915	DISEASE	lymphangioma	lymphangioma	Lymphangioma	standard	26
2868	4916	DISEASE	lymphangitis	lymphangitis	Lymphangitis	standard	9
2869	4917	DISEASE	lymphatic filariasis	lymphatic filariasis	Elephantiasis, Filarial	standard	19
2870	4918	DISEASE	lymphedema	lymphedema	Lymphedema	standard	13
2871	7856	DISEASE	lymphoblastic leukemia, acute, with lymphomatous features	lymphoblastic leukemia, acute, with lymphomatous features	Refractory Childhood B Acute Lymphoblastic Leukemia	MedGen	10
2872	4919	DISEASE	lymphoblastic lymphoma	lymphoblastic lymphoma	Precursor Cell Lymphoblastic Leukemia-Lymphoma	standard	38
2873	4920	DISEASE	lymphogranuloma venereum	lymphogranuloma venereum	Lymphogranuloma Venereum	standard	45
2874	4921	DISEASE	lymphoma	lymphoma	Lymphoma	standard	11
2875	4922	DISEASE	lymphoma, follicular	lymphoma, follicular	Lymphoma, Follicular	standard	41
2876	4923	DISEASE	lymphoma, large b-cell, diffuse	lymphoma, large b-cell, diffuse	Lymphoma, Large B-Cell, Diffuse	standard	48
2877	8597	DISEASE	lymphoma, non-Hodgkin, familial	lymphoma, non-hodgkin, familial	Lymphoma, non-Hodgkin, familial	MedGen	11
2878	4924	DISEASE	lymphoma, t-cell, cutaneous	lymphoma, t-cell, cutaneous	Lymphoma, T-Cell, Cutaneous	standard	44
2879	4925	DISEASE	lymphomatous meningitis	lymphomatous meningitis	Meningeal Lymphoma	standard	6
2880	4926	DISEASE	lymphoplasmacytic lymphoma	lymphoplasmacytic lymphoma	lymphoplasmacytic lymphoma	standard	29
2881	4927	DISEASE	lymphoproliferative syndrome	lymphoproliferative syndrome	lymphoproliferative syndrome	standard	30
2882	9342	DISEASE	lymphoproliferative syndrome 1	lymphoproliferative syndrome 1	lymphoproliferative syndrome 1	MONDO	51
2883	9471	DISEASE	lymphoproliferative syndrome 2	lymphoproliferative syndrome 2	lymphoproliferative syndrome 2	MONDO	17
2884	4928	DISEASE	lymphosarcoma	lymphosarcoma	Lymphoma, Non-Hodgkin	standard	48
2885	8938	DISEASE	lysosomal acid phosphatase deficiency	lysosomal acid phosphatase deficiency	lysosomal acid phosphatase deficiency	MONDO	15
2886	4929	DISEASE	lytic lesion	lytic lesion	Lytic Bone Lesion	standard	6
2887	9191	DISEASE	macrocephaly-autism syndrome	macrocephaly-autism syndrome	macrocephaly-autism syndrome	MONDO	40
2888	8463	DISEASE	macroglobulinemia, Waldenstrom, 1	macroglobulinemia, waldenstrom, 1	Macroglobulinemia, Waldenstrom, 1	MedGen	112
2889	7779	DISEASE	macrothrombocytopenia and granulocyte inclusions with or without nephritis or sensorineural hearing loss	macrothrombocytopenia and granulocyte inclusions with or without nephritis or sensorineural hearing loss	macrothrombocytopenia and granulocyte inclusions with or without nephritis or sensorineural hearing loss	MONDO	60
2890	8966	DISEASE	macular corneal dystrophy	macular corneal dystrophy	macular corneal dystrophy	MONDO	28
2891	8044	DISEASE	macular degeneration, age-related, 3	macular degeneration, age-related, 3	macular degeneration, age-related, 3	MONDO	18
2892	9104	DISEASE	macular degeneration, X-linked atrophic	macular degeneration, x-linked atrophic	macular degeneration, X-linked atrophic	MONDO	15
2893	4930	DISEASE	macular edema	macular edema	Macular Edema	standard	78
2894	4931	DISEASE	macular edema following retinal vein occlusion	macular edema following retinal vein occlusion	macular retinal edema	standard	18
2895	4932	DISEASE	macular holes	macular holes	Retinal Perforations	standard	28
2896	4933	DISEASE	magnesium deficiency	magnesium deficiency	Magnesium Deficiency	standard	71
2897	4934	DISEASE	major depressive disorder	major depressive disorder	Major Depressive Disorder	standard	134
2898	4935	DISEASE	malabsorption	malabsorption	malabsorption syndrome	standard	20
2899	4936	DISEASE	malabsorption syndrome	malabsorption syndrome	Malabsorption Syndromes	standard	17
2900	4937	DISEASE	malaria	malaria	Malaria	standard	80
2901	9292	DISEASE	malaria, susceptibility to	malaria, susceptibility to	malaria, susceptibility to	MONDO	14
2902	4938	DISEASE	malaria, vivax	malaria, vivax	Malaria, Vivax	standard	32
2903	4939	DISEASE	male breast carcinoma	male breast carcinoma	Breast Neoplasms, Male	standard	23
2904	4940	DISEASE	male hypogonadism	male hypogonadism	male hypogonadism	corrected_overlay	24
2905	4941	DISEASE	male infertility	male infertility	Infertility, Male	standard	23
2906	4942	DISEASE	malignant adrenal gland pheochromocytoma	malignant adrenal gland pheochromocytoma	malignant adrenal gland pheochromocytoma	standard	40
2907	4943	DISEASE	malignant ascites tumors	malignant ascites tumors	malignant mixed neoplasm	standard	36
2908	4944	DISEASE	malignant cachexia	malignant cachexia	cancer cachexia	corrected_overlay	12
2909	4945	DISEASE	malignant carcinoid syndrome	malignant carcinoid syndrome	Malignant Carcinoid Syndrome	standard	70
2910	4946	DISEASE	malignant epithelial tumor of ovary	malignant epithelial tumor of ovary	Ovarian Neoplasms	MeSH	34
2911	4947	DISEASE	malignant glioma	malignant glioma	Glioma	standard	63
2912	4948	DISEASE	malignant hypercalcemia	malignant hypercalcemia	hypercalcemia disease	standard	9
2913	4949	DISEASE	malignant hypertension	malignant hypertension	Hypertension, Malignant	standard	31
2914	4950	DISEASE	malignant hyperthermia	malignant hyperthermia	Malignant Hyperthermia	standard	13
2915	4951	DISEASE	malignant hyperthermia of anesthesia	malignant hyperthermia of anesthesia	malignant hyperthermia of anesthesia	standard	38
2916	7766	DISEASE	malignant hyperthermia, susceptibility to, 1	malignant hyperthermia, susceptibility to, 1	malignant hyperthermia, susceptibility to, 1	MONDO	19
2917	7978	DISEASE	malignant hyperthermia, susceptibility to, 2	malignant hyperthermia, susceptibility to, 2	Malignant hyperthermia, susceptibility to, 2	MedGen	189
2918	7778	DISEASE	malignant hyperthermia, susceptibility to, 3	malignant hyperthermia, susceptibility to, 3	Malignant hyperthermia	HPO	36
2919	8009	DISEASE	malignant hyperthermia, susceptibility to, 4	malignant hyperthermia, susceptibility to, 4	malignant hyperthermia, susceptibility to, 4	MONDO	16
2920	8014	DISEASE	malignant hyperthermia, susceptibility to, 5	malignant hyperthermia, susceptibility to, 5	malignant hyperthermia, susceptibility to, 5	MONDO	19
2921	8015	DISEASE	malignant hyperthermia, susceptibility to, 6	malignant hyperthermia, susceptibility to, 6	malignant hyperthermia, susceptibility to, 6	MONDO	16
2922	4952	DISEASE	malignant lymphoma	malignant lymphoma	Lymphoma	standard	11
2923	4953	DISEASE	malignant melanoma	malignant melanoma	Melanoma	standard	106
2924	8467	DISEASE	malignant mesothelioma	malignant mesothelioma	Mesothelioma, malignant	MedGen	80
2925	7345	DISEASE	malignant neoplasm of stomach stage iv	malignant neoplasm of stomach stage iv	benign neoplasm of stomach	modified_disease	17
2926	4954	DISEASE	malignant pancreatic neoplasm	malignant pancreatic neoplasm	malignant pancreatic neoplasm	standard	6
2927	4955	DISEASE	malignant pleural effusion	malignant pleural effusion	Pleural Effusion, Malignant	standard	21
2928	4956	DISEASE	malignant pleural mesothelioma	malignant pleural mesothelioma	Mesothelioma, Malignant	standard	52
2929	4957	DISEASE	malignant tumor of nasopharynx	malignant tumor of nasopharynx	malignant tumor of nasopharynx	standard	6
2930	4958	DISEASE	malignant tumor of urinary bladder	malignant tumor of urinary bladder	Urinary Bladder Neoplasms	standard	7
2931	4959	DISEASE	malnutrition	malnutrition	Malnutrition	standard	15
2932	9011	DISEASE	malonic aciduria	malonic aciduria	malonic aciduria	MONDO	13
2933	8456	DISEASE	MALT lymphoma	malt lymphoma	Primary gastric lymphoma	MedGen	37
2934	4960	DISEASE	manganese poisoning	manganese poisoning	Manganese Poisoning	standard	43
2935	4961	DISEASE	mania	mania	Mania	standard	35
2936	4962	DISEASE	manic disorder	manic disorder	Bipolar Disorder	standard	21
2937	4963	DISEASE	mantle cell lymphoma	mantle cell lymphoma	Lymphoma, Mantle-Cell	standard	56
2938	8465	DISEASE	Marfan syndrome	marfan syndrome	Marfan syndrome	MONDO	112
2939	4964	DISEASE	marginal corneal ulcer	marginal corneal ulcer	marginal corneal ulcer	standard	21
2940	4965	DISEASE	marginal ulcer	marginal ulcer	Stomal Ulcer	standard	17
2941	4966	DISEASE	marginal zone lymphoma	marginal zone lymphoma	marginal zone lymphoma	standard	94
2942	4967	DISEASE	marijuana dependence	marijuana dependence	Marijuana Abuse	standard	12
2943	8530	DISEASE	Marinesco-Sjogren syndrome	marinesco-sjogren syndrome	Marinesco-Sjogren syndrome	MONDO	25
2944	4968	DISEASE	mast cell leukemia	mast cell leukemia	Leukemia, Mast-Cell	standard	45
2945	4969	DISEASE	mastocytosis	mastocytosis	Mastocytosis	standard	50
2946	9149	DISEASE	Matthew-Wood syndrome	matthew-wood syndrome	Matthew-Wood syndrome	MONDO	20
2947	7346	DISEASE	mature b-cell acute leukemia (b-al)	mature b-cell acute leukemia (b-al)	B-cell Acute Lymphoblastic Leukemia	MONDO; SNOMED CT	25
2948	4970	DISEASE	mature t-all	mature t-all	T Acute Lymphoblastic Leukemia	standard	32
2949	7733	DISEASE	maturity-onset diabetes of the young type 2	maturity-onset diabetes of the young type 2	maturity-onset diabetes of the young type 2	MONDO	37
2950	7898	DISEASE	maturity-onset diabetes of the young type 3	maturity-onset diabetes of the young type 3	maturity-onset diabetes of the young type 3	MONDO	15
2951	7795	DISEASE	McCune-Albright syndrome	mccune-albright syndrome	McCune-Albright syndrome	MONDO	23
2952	8998	DISEASE	McKusick-Kaufman syndrome	mckusick-kaufman syndrome	McKusick-Kaufman syndrome	MONDO	28
2953	9105	DISEASE	McLeod neuroacanthocytosis syndrome	mcleod neuroacanthocytosis syndrome	McLeod neuroacanthocytosis syndrome	Orphanet	45
2954	9240	DISEASE	Meacham syndrome	meacham syndrome	Meacham syndrome	MONDO	17
2955	4971	DISEASE	measles	measles	Measles	standard	43
2956	4972	DISEASE	medullary thyroid cancer	medullary thyroid cancer	medullary thyroid gland carcinoma	standard	78
2957	4973	DISEASE	medullary thyroid carcinoma	medullary thyroid carcinoma	familial medullary thyroid carcinoma	standard	17
2958	4974	DISEASE	medullary thyroid gland carcinoma	medullary thyroid gland carcinoma	medullary thyroid gland carcinoma	standard	78
2959	4975	DISEASE	medulloblastoma	medulloblastoma	Medulloblastoma	standard	92
2960	4976	DISEASE	megacolon	megacolon	Megacolon	standard	27
2961	4977	DISEASE	megaloblastic anemia	megaloblastic anemia	megaloblastic anemia	standard	32
2962	7347	DISEASE	megaloblastic anemia due to vitamin b>12< deficiency	megaloblastic anemia due to vitamin b>12< deficiency	hemolytic anemia due to adenylate kinase deficiency	modified_disease	47
2963	4978	DISEASE	meibomianitis	meibomianitis	Meibomitis	standard	5
2964	4979	DISEASE	meige syndrome	meige syndrome	blepharospasm-oromandibular dystonia syndrome	standard	22
2965	4980	DISEASE	melancholia	melancholia	Depressive Disorder	standard	26
2966	4981	DISEASE	melanoma	melanoma	Melanoma	standard	106
2967	7780	DISEASE	melanoma, cutaneous malignant, susceptibility to, 1	melanoma, cutaneous malignant, susceptibility to, 1	Melanoma, Cutaneous Malignant	MeSH	19
2968	7781	DISEASE	melanoma, cutaneous malignant, susceptibility to, 2	melanoma, cutaneous malignant, susceptibility to, 2	melanoma, cutaneous malignant, susceptibility to, 2	MONDO	52
2969	8608	DISEASE	melanoma, uveal, susceptibility to, 1	melanoma, uveal, susceptibility to, 1	Melanoma, uveal, susceptibility to, 1	MedGen	84
2970	8609	DISEASE	melanoma, uveal, susceptibility to, 2	melanoma, uveal, susceptibility to, 2	Melanoma, uveal, susceptibility to, 2	MedGen	158
2971	4982	DISEASE	melas syndrome	melas syndrome	MELAS Syndrome	standard	89
2972	4983	DISEASE	melasma of the face	melasma of the face	facial melasma	corrected_overlay	19
2973	8560	DISEASE	Melnick-Needles syndrome	melnick-needles syndrome	Melnick-Needles syndrome	MONDO	32
2974	4984	DISEASE	membranous glomerulonephritis	membranous glomerulonephritis	Glomerulonephritis, Membranous	standard	43
2975	4985	DISEASE	membranous lupus nephritis	membranous lupus nephritis	Membranous Lupus Nephritis	standard	7
2976	4986	DISEASE	meniere's disease	meniere's disease	Meniere Disease	standard	30
2977	4987	DISEASE	meningeal leukemia	meningeal leukemia	Meningeal Leukemia	standard	10
2978	4988	DISEASE	meningeal tuberculosis	meningeal tuberculosis	meningeal tuberculosis	standard	17
2979	4989	DISEASE	meningioma	meningioma	meningioma	standard	88
2980	4990	DISEASE	meningitis	meningitis	Meningitis	standard	63
2981	7348	DISEASE	meningitis caused by haemophilus influenzae	meningitis caused by haemophilus influenzae	haemophilus meningitis	modified_disease	29
2982	4991	DISEASE	meningococcal infection	meningococcal infection	Meningococcal Infections	standard	8
2983	4992	DISEASE	meningococcal infections	meningococcal infections	Meningococcal Infections	standard	8
2984	4993	DISEASE	meningococcal meningitis	meningococcal meningitis	Meningitis, Meningococcal	standard	91
2985	4994	DISEASE	meningococcemia	meningococcemia	Meningococcemia	standard	13
2986	4995	DISEASE	meningoencephalitis	meningoencephalitis	Meningoencephalitis	standard	31
2987	8561	DISEASE	Menkes disease	menkes disease	Menkes kinky-hair syndrome	MedGen	24
2988	4996	DISEASE	menopausal symptoms	menopausal symptoms	Menopausal Symptom	standard	12
2989	4997	DISEASE	menopausal syndrome	menopausal syndrome	Menopausal Syndrome	standard	48
2990	4998	DISEASE	menorrhagia	menorrhagia	menorrhagia	standard	12
2991	4999	DISEASE	menstrual cycle disorder	menstrual cycle disorder	menstrual cycle disorder	corrected_overlay	19
2992	7946	DISEASE	mental and growth retardation with amblyopia	mental and growth retardation with amblyopia	mental and growth retardation with amblyopia	MONDO	33
2993	5000	DISEASE	mental capacity decline	mental capacity decline	Capacity	standard	34
2994	5001	DISEASE	mercury poisoning	mercury poisoning	Mercury Poisoning	standard	18
2995	6417	DISEASE	merkel cell carcinoma (mcc)	merkel cell carcinoma (mcc)	cutaneous neuroendocrine carcinoma	alias_disease	25
2996	7349	DISEASE	met exon 14 skipping mutation	met exon 14 skipping mutation	MET Exon 14 Skipping Mutation	modified_disease	61
2997	5002	DISEASE	metabolic acidosis	metabolic acidosis	Acidosis	standard	29
2998	5003	DISEASE	metabolic alkalosis	metabolic alkalosis	Metabolic Alkalosis	standard	17
2999	5004	DISEASE	metabolic bone disorder	metabolic bone disorder	metabolic bone disorder	standard	35
3000	5005	DISEASE	metabolic dysfunction-associated steatohepatitis	metabolic dysfunction-associated steatohepatitis	Metabolic Dysfunction-Associated Steatohepatitis	MONDO; NCI Thesaurus	37
3001	5006	DISEASE	metabolic syndrome	metabolic syndrome	Metabolic Syndrome	standard	39
3002	9194	DISEASE	metabolic syndrome X	metabolic syndrome x	metabolic syndrome X	MONDO	14
3003	8883	DISEASE	metachondromatosis	metachondromatosis	metachondromatosis	MONDO	17
3004	7350	DISEASE	metastatic basal cell carcinoma	metastatic basal cell carcinoma	Metastatic Basal Cell Carcinoma	modified_disease	23
3005	7351	DISEASE	metastatic basal cell carcinoma (mbcc)	metastatic basal cell carcinoma (mbcc)	Metastatic Basal Cell Carcinoma	modified_disease	24
3006	7352	DISEASE	metastatic bone disease	metastatic bone disease	Metastatic Bone Disease	modified_disease	22
3007	7353	DISEASE	metastatic breast cancer	metastatic breast cancer	Breast Neoplasms	modified_disease	14
3008	7354	DISEASE	metastatic carcinoma	metastatic carcinoma	metastatic carcinoma	modified_disease	30
3009	7355	DISEASE	metastatic castration-resistant prostate cancer	metastatic castration-resistant prostate cancer	Metastatic Castration-Resistant Prostate Carcinoma	modified_disease	23
3010	7356	DISEASE	metastatic cervical cancer	metastatic cervical cancer	cervical cancer	modified_disease	16
3011	7357	DISEASE	metastatic colorectal cancer	metastatic colorectal cancer	Colorectal Neoplasms	modified_disease	18
3012	7358	DISEASE	metastatic colorectal carcinoma	metastatic colorectal carcinoma	Metastatic Colorectal Carcinoma	modified_disease	23
3013	7359	DISEASE	metastatic egfr t790m mutation positive non-small cell lung cancer	metastatic egfr t790m mutation positive non-small cell lung cancer	non-small cell lung carcinoma	modified_disease	36
3014	7360	DISEASE	metastatic endometrial carcinoma	metastatic endometrial carcinoma	Metastatic Endometrial Carcinoma	modified_disease	21
3015	7361	DISEASE	metastatic esophageal squamous cell carcinoma	metastatic esophageal squamous cell carcinoma	Metastatic Esophageal Squamous Cell Carcinoma	modified_disease	25
3016	7362	DISEASE	metastatic gastric adenocarcinoma	metastatic gastric adenocarcinoma	Metastatic Gastric Adenocarcinoma	modified_disease	23
3017	7363	DISEASE	metastatic gastric carcinoma	metastatic gastric carcinoma	Metastatic Gastric Carcinoma	modified_disease	23
3018	7364	DISEASE	metastatic gastroesophageal junction adenocarcinoma	metastatic gastroesophageal junction adenocarcinoma	Metastatic Gastroesophageal Junction Adenocarcinoma	modified_disease	24
3019	7365	DISEASE	metastatic head and neck squamous cell carcinoma	metastatic head and neck squamous cell carcinoma	Metastatic Head and Neck Squamous Cell Carcinoma	modified_disease	31
3020	7366	DISEASE	metastatic hepatocellular carcinoma	metastatic hepatocellular carcinoma	Metastatic Hepatocellular Carcinoma	modified_disease	17
3021	7367	DISEASE	metastatic her2-overexpressing breast cancer	metastatic her2-overexpressing breast cancer	Breast Neoplasms	modified_disease	16
3022	7368	DISEASE	metastatic hormone receptor-negative (her2-) breast cancer	metastatic hormone receptor-negative (her2-) breast cancer	Breast Neoplasms	modified_disease	17
3023	7369	DISEASE	metastatic hormone receptor-positive (her2+) breast cancer	metastatic hormone receptor-positive (her2+) breast cancer	Breast Neoplasms	modified_disease	17
3024	7370	DISEASE	metastatic malignant neoplasm	metastatic malignant neoplasm	metastatic malignant neoplasm	modified_disease	31
3025	7371	DISEASE	metastatic malignant neoplasm in the brain	metastatic malignant neoplasm in the brain	metastatic malignant neoplasm in the brain	modified_disease	23
3026	7372	DISEASE	metastatic malignant neoplasm in the colon	metastatic malignant neoplasm in the colon	metastatic malignant neoplasm in the colon	modified_disease	19
3027	7373	DISEASE	metastatic malignant neoplasm in the lymph nodes	metastatic malignant neoplasm in the lymph nodes	metastatic malignant neoplasm in the lymph nodes	modified_disease	21
3028	7374	DISEASE	metastatic malignant neoplasm to bone	metastatic malignant neoplasm to bone	Metastatic malignant neoplasm to bone	modified_disease	22
3029	7375	DISEASE	metastatic malignant tumor	metastatic malignant tumor	metastatic malignant neoplasm	modified_disease	31
3030	7376	DISEASE	metastatic medullary thyroid cancer	metastatic medullary thyroid cancer	medullary thyroid gland carcinoma	modified_disease	19
3031	7377	DISEASE	metastatic merkel cell carcinoma (mcc)	metastatic merkel cell carcinoma (mcc)	Metastatic Merkel Cell Carcinoma	NCI Thesaurus; MONDO	36
3032	7378	DISEASE	metastatic neuroblastoma	metastatic neuroblastoma	Metastatic Neuroblastoma	modified_disease	21
3033	7379	DISEASE	metastatic non-small cell lung cancer	metastatic non-small cell lung cancer	non-small cell lung carcinoma	modified_disease	32
3034	7380	DISEASE	metastatic non-squamous non-small cell lung cancer	metastatic non-squamous non-small cell lung cancer	Metastatic Lung Non-Squamous Non-Small Cell Carcinoma	modified_disease	27
3035	7381	DISEASE	metastatic nonseminomatous testicular cancer	metastatic nonseminomatous testicular cancer	metastatic nonseminomatous testicular cancer	corrected_overlay	29
3036	7382	DISEASE	metastatic or unresectable cutaneous melanoma	metastatic or unresectable cutaneous melanoma	metastatic melanoma	modified_disease	22
3037	7383	DISEASE	metastatic ovarian cancer	metastatic ovarian cancer	ovarian cancer	modified_disease	16
3038	7384	DISEASE	metastatic pancreatic cancer	metastatic pancreatic cancer	pancreatic cancer, susceptibility to, 1	modified_disease	25
3039	7385	DISEASE	metastatic pheochromocytoma	metastatic pheochromocytoma	Metastatic Adrenal Gland Pheochromocytoma	modified_disease	14
3040	7386	DISEASE	metastatic prostate cancer	metastatic prostate cancer	metastatic prostate carcinoma	modified_disease	22
3041	7387	DISEASE	metastatic prostate carcinoma	metastatic prostate carcinoma	metastatic prostate carcinoma	modified_disease	22
3042	7388	DISEASE	metastatic renal cell carcinoma	metastatic renal cell carcinoma	Metastatic Renal Cell Carcinoma	modified_disease	22
3043	7389	DISEASE	metastatic renal cell carcinoma (rcc)	metastatic renal cell carcinoma (rcc)	Metastatic Renal Cell Carcinoma	modified_disease	23
3044	7390	DISEASE	metastatic ros1-positive non-small cell lung cancer	metastatic ros1-positive non-small cell lung cancer	non-small cell lung carcinoma	modified_disease	33
3045	7391	DISEASE	metastatic soft tissue sarcoma	metastatic soft tissue sarcoma	Metastatic Soft Tissue Sarcoma	modified_disease	25
3046	7392	DISEASE	metastatic squamous non-small cell lung cancer	metastatic squamous non-small cell lung cancer	non-small cell squamous lung carcinoma	modified_disease	19
3047	7393	DISEASE	metastatic testicular cancer	metastatic testicular cancer	Metastatic Malignant Testicular Germ Cell Tumor	modified_disease	24
3048	7394	DISEASE	metastatic triple-negative breast cancer (tnbc)	metastatic triple-negative breast cancer (tnbc)	Breast Neoplasms	modified_disease	15
3049	7395	DISEASE	metastatic urothelial carcinoma	metastatic urothelial carcinoma	Metastatic Urothelial Carcinoma	modified_disease	27
3050	7396	DISEASE	metastatic uveal melanoma	metastatic uveal melanoma	Metastatic Uveal Melanoma	modified_disease	21
3051	5007	DISEASE	methanol poisoning	methanol poisoning	methanol poisoning	standard	57
3052	5008	DISEASE	methemoglobinemia	methemoglobinemia	Methemoglobinemia	standard	74
3053	7859	DISEASE	methemoglobinemia type 4	methemoglobinemia type 4	methemoglobinemia type 4	MONDO	16
3054	7397	DISEASE	methicillin-resistant staphylococcus aureus infectious disease	methicillin-resistant staphylococcus aureus infectious disease	methicillin-resistant staphylococcus aureus infectious disease	modified_disease	45
3055	5009	DISEASE	methotrexate toxicity	methotrexate toxicity	Methotrexate Toxicity	standard	6
3056	5010	DISEASE	methylcobalamin deficiency type cblg	methylcobalamin deficiency type cblg	methylcobalamin deficiency type cblG	standard	116
3057	5011	DISEASE	methylmalonic acidemia	methylmalonic acidemia	methylmalonic acidemia	standard	45
3058	7398	DISEASE	methylmalonic acidemia due to methylmalonyl-coa epimerase deficiency	methylmalonic acidemia due to methylmalonyl-coa epimerase deficiency	methylmalonic acidemia due to methylmalonyl-CoA epimerase deficiency	modified_disease	42
3059	5012	DISEASE	mevalonate kinase deficiency	mevalonate kinase deficiency	Mevalonate kinase deficiency	corrected_overlay	18
3060	9184	DISEASE	MHC class I deficiency 1	mhc class i deficiency 1	MHC class I deficiency 1	MONDO	16
3061	8955	DISEASE	MHC class II deficiency 1	mhc class ii deficiency 1	MHC class II deficiency 1	MONDO	16
3062	9363	DISEASE	microcephaly, seizures, and developmental delay	microcephaly, seizures, and developmental delay	microcephaly, seizures, and developmental delay	MONDO	32
3063	5013	DISEASE	micrococcus luteus or micrococcus lylae	micrococcus luteus or micrococcus lylae	Micrococcus luteus	standard	23
3064	5014	DISEASE	microcytic anemia with liver iron overload	microcytic anemia with liver iron overload	microcytic anemia with liver iron overload	standard	26
3065	8949	DISEASE	microphthalmia with limb anomalies	microphthalmia with limb anomalies	microphthalmia with limb anomalies	MONDO	26
3066	7399	DISEASE	microsatellite instability-high (msi-h) or mismatch repair deficient cancer (dmmr)	microsatellite instability-high (msi-h) or mismatch repair deficient cancer (dmmr)	cancer with MSI-H or dMMR biomarker phenotype	oncology biomarker terminology	56
3067	5015	DISEASE	microsatellite instability-high colorectal cancer	microsatellite instability-high colorectal cancer	microsatellite instability-high colorectal cancer	corrected_overlay	14
3068	5016	DISEASE	microsatellite instability-high solid malignant tumor	microsatellite instability-high solid malignant tumor	High-Frequency Microsatellite Instability	standard	25
3069	5017	DISEASE	microscopic polyangiitis	microscopic polyangiitis	Microscopic Polyangiitis	standard	36
3070	6418	DISEASE	microscopic polyangiitis (mpa)	microscopic polyangiitis (mpa)	microscopic polyangiitis	alias_disease	23
3071	5018	DISEASE	middle insomnia	middle insomnia	Middle Insomnia	standard	3
3072	5019	DISEASE	migraine	migraine	Migraine Disorders	standard	41
3073	5020	DISEASE	migraine with aura	migraine with aura	Migraine with Aura	standard	68
3074	5021	DISEASE	migraine with brainstem aura	migraine with brainstem aura	migraine with brainstem aura	standard	17
3075	7782	DISEASE	migraine with or without aura, susceptibility to, 1	migraine with or without aura, susceptibility to, 1	migraine with or without aura, susceptibility to	MONDO	12
3076	7920	DISEASE	migraine with or without aura, susceptibility to, 3	migraine with or without aura, susceptibility to, 3	migraine with or without aura, susceptibility to	MONDO	12
3077	7923	DISEASE	migraine with or without aura, susceptibility to, 5	migraine with or without aura, susceptibility to, 5	migraine with or without aura, susceptibility to	MONDO	12
3078	7924	DISEASE	migraine with or without aura, susceptibility to, 6	migraine with or without aura, susceptibility to, 6	migraine with or without aura, susceptibility to	MONDO	12
3079	7922	DISEASE	migraine without aura, susceptibility to, 4	migraine without aura, susceptibility to, 4	migraine without aura, susceptibility to, 4	MONDO	10
3080	7884	DISEASE	migraine, familial typical, susceptibility to, 2	migraine, familial typical, susceptibility to, 2	Migraine	HPO	15
3081	5022	DISEASE	migraines	migraines	Migraine Disorders	standard	41
3082	7400	DISEASE	mild dementia	mild dementia	Dementia	MeSH	33
3083	7401	DISEASE	mild erysipelas	mild erysipelas	erysipelas	modified_disease	18
3084	7402	DISEASE	mild hpa	mild hpa	mild hyperphenylalaninemia	modified_disease	28
3085	7403	DISEASE	mild neurocognitive disorder	mild neurocognitive disorder	Neurocognitive Disorders	modified_disease	16
3086	7404	DISEASE	mild to moderate dementia associated with parkinson's disease	mild to moderate dementia associated with parkinson's disease	Parkinson disease	modified_disease	45
3087	7405	DISEASE	mild to moderate dementia of the alzheimer's type	mild to moderate dementia of the alzheimer's type	Discomfort Scale for Patients with Dementia of the Alzheimer's Type	modified_disease	34
3088	5023	DISEASE	miliary tuberculosis	miliary tuberculosis	miliary tuberculosis	standard	35
3089	7855	DISEASE	Miller-Dieker lissencephaly syndrome	miller-dieker lissencephaly syndrome	Miller-Dieker lissencephaly syndrome	MONDO	66
3090	5024	DISEASE	minimal change nephropathy	minimal change nephropathy	minimal change disease	standard	30
3091	5025	DISEASE	minor cuts	minor cuts	minor cut / superficial wound	corrected_overlay	12
3092	5026	DISEASE	miosis	miosis	Miosis	standard	23
3093	5027	DISEASE	miscarriage	miscarriage	Abortion, Spontaneous	standard	16
3094	7880	DISEASE	mismatch repair cancer syndrome 1	mismatch repair cancer syndrome 1	mismatch repair cancer syndrome 1	MONDO	41
3095	5028	DISEASE	mismatch repair cancer syndrome 2	mismatch repair cancer syndrome 2	mismatch repair cancer syndrome 2	standard	42
3096	5029	DISEASE	mite allergy	mite allergy	Dust Mite Allergy	standard	23
3097	9016	DISEASE	mitochondrial complex II deficiency, nuclear type 1	mitochondrial complex ii deficiency, nuclear type 1	mitochondrial complex II deficiency, nuclear type 1	MONDO	120
3098	9167	DISEASE	mitochondrial DNA depletion syndrome 1	mitochondrial dna depletion syndrome 1	mitochondrial DNA depletion syndrome 1	MONDO	16
3099	7816	DISEASE	mitochondrial DNA depletion syndrome 4a	mitochondrial dna depletion syndrome 4a	mitochondrial DNA depletion syndrome 4a	MONDO	27
3100	8531	DISEASE	mitochondrial myopathy, episodic, with optic atrophy and reversible leukoencephalopathy	mitochondrial myopathy, episodic, with optic atrophy and reversible leukoencephalopathy	Mitochondrial myopathy, episodic, with optic atrophy and reversible leukoencephalopathy	MedGen	86
3101	9453	DISEASE	mitochondrial pyruvate carrier deficiency	mitochondrial pyruvate carrier deficiency	mitochondrial pyruvate carrier deficiency	MONDO	24
3102	5030	DISEASE	mixed anxiety and depressive disorder	mixed anxiety and depressive disorder	Depressive Disorder	standard	26
3103	5031	DISEASE	mixed connective tissue disease	mixed connective tissue disease	mixed connective tissue disease	standard	110
3104	5032	DISEASE	mixed dyslipidemia	mixed dyslipidemia	syndromic dyslipidemia	standard	12
3105	5033	DISEASE	mixed hyperlipidemia	mixed hyperlipidemia	Mixed Hyperlipidemia	standard	14
3106	5034	DISEASE	mixed testicular germ cell cancer	mixed testicular germ cell cancer	mixed testicular germ cell cancer	standard	42
3107	5035	DISEASE	mixed vascular malformation	mixed vascular malformation	mixed vascular malformation	corrected_overlay	25
3108	5036	DISEASE	mixed-cell type lymphoma	mixed-cell type lymphoma	mixed cell type kidney Wilms' tumor	standard	26
3109	8536	DISEASE	Miyoshi muscular dystrophy 1	miyoshi muscular dystrophy 1	Miyoshi muscular dystrophy 1	MedGen	169
3110	9359	DISEASE	Miyoshi muscular dystrophy 3	miyoshi muscular dystrophy 3	Miyoshi muscular dystrophy 3	MONDO	15
3111	5037	DISEASE	miyoshi myopathy	miyoshi myopathy	Miyoshi myopathy	standard	26
3112	7406	DISEASE	moderate acne vulgaris	moderate acne vulgaris	acne	modified_disease	26
3113	7407	DISEASE	moderate dementia	moderate dementia	dementia	modified_disease	18
3114	7408	DISEASE	moderate hypertension	moderate hypertension	moderate hypophosphatasia	modified_disease	34
3115	7409	DISEASE	moderate multiminicore disease with hand involvement	moderate multiminicore disease with hand involvement	congenital myopathy 1B	modified_disease	46
3116	7410	DISEASE	moderate pain	moderate pain	Moderate Extremity Pain	modified_disease	36
3117	7411	DISEASE	moderate to severe binge eating disorder	moderate to severe binge eating disorder	binge eating disorder	modified_disease	14
3118	7412	DISEASE	moderate to severe pemphigus vulgaris	moderate to severe pemphigus vulgaris	moderate to severe pemphigus vulgaris	corrected_overlay	28
3119	7413	DISEASE	moderate to severe persistent asthma	moderate to severe persistent asthma	asthma	modified_disease	47
3120	7414	DISEASE	moderate to severe rheumatoid arthritis	moderate to severe rheumatoid arthritis	rheumatoid arthritis	modified_disease	24
3121	7415	DISEASE	moderate-to-severe glabellar lines	moderate-to-severe glabellar lines	Has Moderate or Severe Renal Disease Question	modified_disease	21
3122	5038	DISEASE	moderately active ulcerative colitis	moderately active ulcerative colitis	ulcerative colitis	standard	43
3123	5039	DISEASE	molluscum contagiosum	molluscum contagiosum	Molluscum Contagiosum	standard	23
3124	5040	DISEASE	molybdenum cofactor deficiency (mocd) type a	molybdenum cofactor deficiency (mocd) type a	sulfite oxidase deficiency due to molybdenum cofactor deficiency type C	standard	18
3125	7416	DISEASE	monilial infections of the skin caused by candida albicans	monilial infections of the skin caused by candida albicans	cutaneous candidiasis; Candida albicans	MONDO;NCI Thesaurus	68
3126	5041	DISEASE	monkeypox	monkeypox	Mpox, Monkeypox	standard	54
3127	5042	DISEASE	monocytic leukemia	monocytic leukemia	acute monocytic leukemia	standard	78
3128	9426	DISEASE	monocytopenia with susceptibility to infections	monocytopenia with susceptibility to infections	monocytopenia with susceptibility to infections	MONDO	16
3129	5043	DISEASE	mood disorder	mood disorder	mood disorder	standard	18
3130	5044	DISEASE	moraxella catarrhalis	moraxella catarrhalis	Moraxella catarrhalis	standard	19
3131	5045	DISEASE	moraxella catarrhalis infection	moraxella catarrhalis infection	Moraxella catarrhalis infection	corrected_overlay	12
3132	5046	DISEASE	moraxella infections	moraxella infections	Moraxellaceae Infections	standard	7
3133	5047	DISEASE	moraxellaceae infectious disease	moraxellaceae infectious disease	Moraxellaceae infectious disease	standard	7
3134	5048	DISEASE	morganella infection	morganella infection	Morganella infection	corrected_overlay	9
3135	5049	DISEASE	morphea	morphea	Scleroderma, Localized	standard	46
3136	5050	DISEASE	morphinan opioid overdose	morphinan opioid overdose	Opioid	standard	36
3137	5051	DISEASE	motion sickness	motion sickness	Motion Sickness	standard	31
3138	5052	DISEASE	motion sickness in dogs	motion sickness in dogs	motion sickness	standard	29
3139	5053	DISEASE	mouth ulcers	mouth ulcers	Oral Ulcer	standard	55
3140	6419	DISEASE	muckle-wells syndrome (mws)	muckle-wells syndrome (mws)	Muckle-Wells syndrome	alias_disease	39
3141	5054	DISEASE	mucocutaneous lymph node syndrome	mucocutaneous lymph node syndrome	Mucocutaneous Lymph Node Syndrome	standard	45
3142	9017	DISEASE	mucolipidosis type II	mucolipidosis type ii	mucolipidosis type II	MONDO	23
3143	9019	DISEASE	mucolipidosis type IV	mucolipidosis type iv	mucolipidosis type IV	MONDO	12
3144	5055	DISEASE	mucopolysaccharidosis	mucopolysaccharidosis	Mucopolysaccharidoses	standard	38
3145	5056	DISEASE	mucopolysaccharidosis ii	mucopolysaccharidosis ii	Mucopolysaccharidosis II	standard	55
3146	5057	DISEASE	mucopolysaccharidosis iv a	mucopolysaccharidosis iv a	Mucopolysaccharidosis IV	standard	35
3147	7417	DISEASE	mucopolysaccharidosis type 1	mucopolysaccharidosis type 1	mucopolysaccharidosis type 1	modified_disease	19
3148	9126	DISEASE	mucopolysaccharidosis type 2	mucopolysaccharidosis type 2	mucopolysaccharidosis type 2	MONDO	45
3149	8532	DISEASE	mucopolysaccharidosis type 3A	mucopolysaccharidosis type 3a	Mucopolysaccharidosis, MPS-III-A	MedGen	161
3150	8533	DISEASE	mucopolysaccharidosis type 3B	mucopolysaccharidosis type 3b	Mucopolysaccharidosis, MPS-III-B	MedGen	161
3151	8534	DISEASE	mucopolysaccharidosis type 3C	mucopolysaccharidosis type 3c	Mucopolysaccharidosis, MPS-III-C	MedGen	161
3152	8535	DISEASE	mucopolysaccharidosis type 3D	mucopolysaccharidosis type 3d	Mucopolysaccharidosis, MPS-III-D	MedGen	161
3153	7418	DISEASE	mucopolysaccharidosis type 4	mucopolysaccharidosis type 4	mucopolysaccharidosis type 4	modified_disease	37
3154	7419	DISEASE	mucopolysaccharidosis type 4a	mucopolysaccharidosis type 4a	mucopolysaccharidosis type 4A	modified_disease	35
3155	9020	DISEASE	mucopolysaccharidosis type 4B	mucopolysaccharidosis type 4b	mucopolysaccharidosis type 4B	MONDO	24
3156	7420	DISEASE	mucopolysaccharidosis type 6	mucopolysaccharidosis type 6	Mucopolysaccharidosis VI	modified_disease	20
3157	9021	DISEASE	mucopolysaccharidosis type 7	mucopolysaccharidosis type 7	mucopolysaccharidosis type 7	MONDO	18
3158	9153	DISEASE	mucopolysaccharidosis type 9	mucopolysaccharidosis type 9	mucopolysaccharidosis type 9	MONDO	24
3159	5058	DISEASE	mucopolysaccharidosis vi	mucopolysaccharidosis vi	mucopolysaccharidosis VI	MeSH	23
3160	5059	DISEASE	mucopolysaccharidosis vii	mucopolysaccharidosis vii	Mucopolysaccharidosis VII	standard	22
3161	5060	DISEASE	mucormycosis	mucormycosis	Zygomycosis	standard	48
3162	5061	DISEASE	mucosal bleeding	mucosal bleeding	mucosal hemorrhage	corrected_overlay	12
3163	9063	DISEASE	mucosulfatidosis	mucosulfatidosis	mucosulfatidosis	MONDO	63
3164	5062	DISEASE	multi-infarct dementia	multi-infarct dementia	Dementia, Multi-Infarct	standard	53
3165	5063	DISEASE	multibacillary leprosy	multibacillary leprosy	multibacillary leprosy	standard	30
3166	7790	DISEASE	multicentric carpo-tarsal osteolysis with or without nephropathy	multicentric carpo-tarsal osteolysis with or without nephropathy	multicentric carpo-tarsal osteolysis with or without nephropathy	MONDO	48
3167	5064	DISEASE	multicentric castleman disease	multicentric castleman disease	multicentric Castleman disease	standard	36
3168	5065	DISEASE	multicentric castleman's disease	multicentric castleman's disease	multicentric Castleman disease	standard	36
3169	7421	DISEASE	multidrug resistant tuberculosis	multidrug resistant tuberculosis	Tuberculosis, Multidrug-Resistant	modified_disease	39
3170	7422	DISEASE	multidrug-resistant tuberculosis	multidrug-resistant tuberculosis	Tuberculosis, Multidrug-Resistant	modified_disease	39
3171	5066	DISEASE	multifocal motor neuropathy	multifocal motor neuropathy	multifocal motor neuropathy	standard	26
3172	5067	DISEASE	multinodular goiter	multinodular goiter	multinodular goiter	standard	10
3173	5068	DISEASE	multiple actinic keratoses	multiple actinic keratoses	actinic keratosis	standard	34
3174	8986	DISEASE	multiple acyl-CoA dehydrogenase deficiency	multiple acyl-coa dehydrogenase deficiency	multiple acyl-CoA dehydrogenase deficiency	MONDO	63
3175	5069	DISEASE	multiple endocrine neoplasia	multiple endocrine neoplasia	Multiple Endocrine Neoplasia	standard	65
3176	5070	DISEASE	multiple gastric ulcers	multiple gastric ulcers	multiple gastric ulcers	corrected_overlay	16
3177	9197	DISEASE	multiple mitochondrial dysfunctions syndrome 1	multiple mitochondrial dysfunctions syndrome 1	multiple mitochondrial dysfunctions syndrome 1	MONDO	20
3178	5071	DISEASE	multiple myeloma	multiple myeloma	Multiple Myeloma	standard	41
3179	7830	DISEASE	multiple pterygium-malignant hyperthermia syndrome	multiple pterygium-malignant hyperthermia syndrome	multiple pterygium-malignant hyperthermia syndrome	MONDO	64
3180	5072	DISEASE	multiple sclerosis	multiple sclerosis	Multiple Sclerosis	standard	94
3181	7735	DISEASE	multiple sclerosis, susceptibility to 1	multiple sclerosis, susceptibility to 1	multiple sclerosis	MONDO	25
3182	5073	DISEASE	multiple system atrophy	multiple system atrophy	Multiple System Atrophy	standard	82
3183	7769	DISEASE	multiple system atrophy 1, susceptibility to	multiple system atrophy 1, susceptibility to	Multiple system atrophy, cerebellar type	Orphanet	26
3184	5074	DISEASE	mumps	mumps	Mumps	standard	42
3185	5075	DISEASE	murine typhus	murine typhus	Typhus, Endemic Flea-Borne	standard	30
3186	5076	DISEASE	muscle contractions	muscle contractions	Muscle Contraction	standard	29
3187	7423	DISEASE	muscle cramps, familial	muscle cramps, familial	acanthosis nigricans-insulin resistance-muscle cramps-acral enlargement syndrome	modified_disease	25
3188	5077	DISEASE	muscle hematoma	muscle hematoma	hematoma	standard	43
3189	5078	DISEASE	muscle pain	muscle pain	Myalgia	standard	5
3190	5079	DISEASE	muscle spasm	muscle spasm	Spasm	standard	18
3191	5080	DISEASE	muscle spasms	muscle spasms	Spasm	standard	18
3192	5081	DISEASE	muscle spasticity	muscle spasticity	Muscle Spasticity	standard	66
3193	5082	DISEASE	muscle stiffness	muscle stiffness	Muscle Stiffness	standard	11
3194	5083	DISEASE	muscle strain	muscle strain	muscle cancer	standard	29
3195	5084	DISEASE	muscle weakness	muscle weakness	Muscle Weakness	standard	46
3196	5085	DISEASE	muscular dystrophy	muscular dystrophy	Muscular Dystrophies	standard	30
3197	5086	DISEASE	muscular headache	muscular headache	hypnic headache	standard	18
3198	5087	DISEASE	musculoskeletal pain	musculoskeletal pain	Musculoskeletal Pain	standard	8
3199	5088	DISEASE	musculoskeletal system disorder	musculoskeletal system disorder	musculoskeletal system disorder	standard	6
3200	5089	DISEASE	mushroom poisoning	mushroom poisoning	Mushroom Poisoning	standard	13
3201	7947	DISEASE	MVP1	mvp1	MVP1	MedGen	229
3202	5090	DISEASE	myalgia	myalgia	Myalgia	standard	5
3203	5091	DISEASE	myasthenia gravis	myasthenia gravis	Myasthenia Gravis	standard	75
3204	5092	DISEASE	mycetoma	mycetoma	Mycetoma	standard	38
3205	5093	DISEASE	mycobacterial infectious disease	mycobacterial infectious disease	mycobacterial infectious disease	standard	8
3206	5094	DISEASE	mycobacterium avium complex disease	mycobacterium avium complex disease	Mycobacterium avium complex disease	standard	8
3207	5095	DISEASE	mycobacterium infections, nontuberculous	mycobacterium infections, nontuberculous	Mycobacterium Infections, Nontuberculous	standard	47
3208	9224	DISEASE	Mycobacterium tuberculosis, susceptibility	mycobacterium tuberculosis, susceptibility	Mycobacterium tuberculosis, susceptibility	MONDO	14
3209	5096	DISEASE	mycoplasma pneumoniae	mycoplasma pneumoniae	Mycoplasma pneumoniae	standard	31
3210	5097	DISEASE	mycoplasma pneumoniae infection	mycoplasma pneumoniae infection	Pneumonia, Mycoplasma	standard	41
3211	5098	DISEASE	mycoplasma pneumoniae pneumonia	mycoplasma pneumoniae pneumonia	Mycoplasma pneumoniae pneumonia	standard	41
3212	5099	DISEASE	mycoplasma strains	mycoplasma strains	Mycoplasma species/strains	corrected_overlay	25
3213	5100	DISEASE	mycoses	mycoses	Mycoses	standard	4
3214	5101	DISEASE	mycosis fungoides	mycosis fungoides	mycosis fungoides	standard	34
3215	6420	DISEASE	mycosis fungoides (mf)	mycosis fungoides (mf)	mycosis fungoides	alias_disease	34
3216	5102	DISEASE	mycotoxicosis	mycotoxicosis	Mycotoxicosis	standard	11
3217	5103	DISEASE	mydriasis	mydriasis	Mydriasis	standard	43
3218	5104	DISEASE	myelodysplasia	myelodysplasia	myelodysplastic syndrome	standard	71
3219	5105	DISEASE	myelodysplastic syndrome with excess blasts	myelodysplastic syndrome with excess blasts	myelodysplastic syndrome with excess blasts	standard	36
3220	5106	DISEASE	myelodysplastic syndrome with excess blasts-2	myelodysplastic syndrome with excess blasts-2	myelodysplastic syndrome with excess blasts-2	standard	38
3221	5107	DISEASE	myelodysplastic syndrome with ring sideroblasts	myelodysplastic syndrome with ring sideroblasts	myelodysplastic syndrome with ring sideroblasts	standard	64
3222	5108	DISEASE	myelodysplastic syndrome with single lineage dysplasia	myelodysplastic syndrome with single lineage dysplasia	myelodysplastic syndrome with single lineage dysplasia	standard	44
3223	6421	DISEASE	myelodysplastic syndromes (mds)	myelodysplastic syndromes (mds)	myelodysplastic syndrome	alias_disease	71
3224	7424	DISEASE	myelodysplastic/myeloproliferative diseases associated with pdgfr	myelodysplastic/myeloproliferative diseases associated with pdgfr	myelodysplastic/myeloproliferative neoplasm	modified_disease	28
3225	7425	DISEASE	myelodysplastic/myeloproliferative neoplasm	myelodysplastic/myeloproliferative neoplasm	myelodysplastic/myeloproliferative neoplasm	modified_disease	44
3226	5109	DISEASE	myelofibrosis	myelofibrosis	myelofibrosis	standard	59
3227	7426	DISEASE	myelofibrosis due to another disorder	myelofibrosis due to another disorder	Myelofibrosis due to another disorder	modified_disease	27
3228	5110	DISEASE	myeloid leukemia	myeloid leukemia	myeloid leukemia	standard	46
3229	7427	DISEASE	myeloid/lymphoid neoplasms associated with eosinophilia and abnormality of pdgfra, pdgfrb, fgfr1 or jak2	myeloid/lymphoid neoplasms associated with eosinophilia and abnormality of pdgfra, pdgfrb, fgfr1 or jak2	myeloid neoplasm associated with FGFR1 rearrangement	modified_disease	34
3230	7741	DISEASE	myeloproliferative disorder, chronic, with eosinophilia	myeloproliferative disorder, chronic, with eosinophilia	Myeloproliferative disorder	HPO	20
3231	5111	DISEASE	myeloproliferative disorders	myeloproliferative disorders	Myeloproliferative Disorders	standard	37
3232	5112	DISEASE	myelosuppression	myelosuppression	Myelosuppression	standard	16
3233	8866	DISEASE	Myhre syndrome	myhre syndrome	Myhre syndrome	MONDO	47
3234	5113	DISEASE	myocardial contusions	myocardial contusions	Myocardial Contusions	standard	10
3235	5114	DISEASE	myocardial disorder	myocardial disorder	myocardial disorder	standard	18
3236	5115	DISEASE	myocardial infarction	myocardial infarction	Myocardial Infarction	standard	17
3237	8633	DISEASE	myocardial infarction, susceptibility to	myocardial infarction, susceptibility to	myocardial infarction, susceptibility to	MONDO	15
3238	8634	DISEASE	myocardial infarction, susceptibility to, 2	myocardial infarction, susceptibility to, 2	Myocardial infarction, susceptibility to, 2	MedGen	13
3239	5116	DISEASE	myocardial ischemia	myocardial ischemia	Myocardial Ischemia	standard	74
3240	8640	DISEASE	myoclonic epilepsy, juvenile, susceptibility to, 3	myoclonic epilepsy, juvenile, susceptibility to, 3	myoclonic epilepsy, juvenile, susceptibility to, 3	MONDO	17
3241	5117	DISEASE	myoclonic seizure	myoclonic seizure	Seizures	standard	39
3242	5118	DISEASE	myoclonus	myoclonus	Myoclonus	standard	55
3243	9249	DISEASE	myofibrillar myopathy 4	myofibrillar myopathy 4	myofibrillar myopathy 4	MONDO	72
3244	9251	DISEASE	myofibrillar myopathy 5	myofibrillar myopathy 5	myofibrillar myopathy 5	MONDO	82
3245	9023	DISEASE	myopathy with abnormal lipid metabolism	myopathy with abnormal lipid metabolism	myopathy with abnormal lipid metabolism	MONDO	16
3246	9024	DISEASE	myopathy, centronuclear, 2	myopathy, centronuclear, 2	myopathy, centronuclear, 2	MONDO	17
3247	7784	DISEASE	myopathy, distal, infantile-onset	myopathy, distal, infantile-onset	myopathy	MONDO	13
3248	5119	DISEASE	myopathy, distal, with rimmed vacuoles	myopathy, distal, with rimmed vacuoles	myopathy, myofibrillar, 13, with rimmed vacuoles	standard	48
3249	9141	DISEASE	myopathy, lactic acidosis, and sideroblastic anemia 1	myopathy, lactic acidosis, and sideroblastic anemia 1	myopathy, lactic acidosis, and sideroblastic anemia 1	MONDO	21
3250	9372	DISEASE	myopathy, lactic acidosis, and sideroblastic anemia 2	myopathy, lactic acidosis, and sideroblastic anemia 2	myopathy, lactic acidosis, and sideroblastic anemia 2	MONDO	20
3251	9195	DISEASE	myopathy, proximal, and ophthalmoplegia	myopathy, proximal, and ophthalmoplegia	myopathy, proximal, and ophthalmoplegia	MONDO	44
3252	5120	DISEASE	myopia	myopia	Myopia	standard	55
3253	8632	DISEASE	myopia 17, autosomal dominant	myopia 17, autosomal dominant	Myopia 17, autosomal dominant	MedGen	62
3254	9239	DISEASE	myopia 6	myopia 6	myopia 6	MONDO	16
3255	5121	DISEASE	myopic choroidal neovascularization	myopic choroidal neovascularization	choroidal neovascularization	standard	42
3256	9025	DISEASE	myosclerosis	myosclerosis	myosclerosis	MONDO	90
3257	5122	DISEASE	myositis	myositis	myositis	NCI Thesaurus	14
3258	5123	DISEASE	myotonia congenita	myotonia congenita	Myotonia Congenita	standard	74
3259	8892	DISEASE	myotonia congenita, autosomal dominant	myotonia congenita, autosomal dominant	myotonia congenita, autosomal dominant	MONDO	15
3260	8538	DISEASE	myotonia congenita, autosomal recessive	myotonia congenita, autosomal recessive	Congenital myotonia, autosomal recessive form	MedGen	128
3261	8469	DISEASE	myotonic dystrophy type 1	myotonic dystrophy type 1	Steinert myotonic dystrophy syndrome	MedGen	117
3262	8580	DISEASE	myotonic dystrophy type 2	myotonic dystrophy type 2	myotonic dystrophy type 2	MONDO	64
3263	5124	DISEASE	myotonic muscular dystrophy	myotonic muscular dystrophy	Myotonic Dystrophy	standard	52
3264	5125	DISEASE	myxedema	myxedema	Myxedema	standard	53
3265	5126	DISEASE	myxedema coma	myxedema coma	myxedema coma	standard	54
3266	9369	DISEASE	myxoid liposarcoma	myxoid liposarcoma	myxoid liposarcoma	MONDO	41
3267	5127	DISEASE	ménière's disease	ménière's disease	Meniere Disease	standard	30
3268	5128	DISEASE	naeglerias	naeglerias	Naegleria	standard	36
3269	5129	DISEASE	nail disorder	nail disorder	nail disorder	standard	5
3270	8893	DISEASE	nail-patella syndrome	nail-patella syndrome	nail-patella syndrome	MONDO	30
3271	5130	DISEASE	narcolepsy	narcolepsy	Narcolepsy	standard	58
3272	7979	DISEASE	narcolepsy 1	narcolepsy 1	Narcolepsy 1	MedGen	205
3273	8028	DISEASE	narcolepsy 2, susceptibility to	narcolepsy 2, susceptibility to	narcolepsy 2, susceptibility to	MONDO	15
3274	9432	DISEASE	narcolepsy 7	narcolepsy 7	narcolepsy 7	MONDO	16
3275	5131	DISEASE	narcolepsy without cataplexy	narcolepsy without cataplexy	narcolepsy without cataplexy	standard	18
3276	5132	DISEASE	narcolepsy-cataplexy syndrome	narcolepsy-cataplexy syndrome	Narcolepsy	standard	58
3277	9134	DISEASE	NARP syndrome	narp syndrome	NARP syndrome	MONDO	20
3278	5133	DISEASE	nasal congestion	nasal congestion	nasal congestion	standard	26
3279	5134	DISEASE	nasal disorder	nasal disorder	Nose Diseases	standard	7
3280	5135	DISEASE	nasal mucosa atrophy	nasal mucosa atrophy	nasal mucosal atrophy / atrophic rhinitis	corrected_overlay	22
3281	5136	DISEASE	nasal polyp	nasal polyp	Nasal Polyps	standard	29
3282	5137	DISEASE	nasal polyps	nasal polyps	Nasal Polyps	standard	29
3283	5138	DISEASE	nasolabial fold wrinkles	nasolabial fold wrinkles	Wrinkles	standard	14
3284	5139	DISEASE	nasopharyngeal carcinoma	nasopharyngeal carcinoma	Nasopharyngeal Carcinoma	standard	61
3285	8612	DISEASE	nasopharyngeal carcinoma, susceptibility to, 1	nasopharyngeal carcinoma, susceptibility to, 1	nasopharyngeal carcinoma, susceptibility to, 1	MONDO	17
3286	8470	DISEASE	nasopharyngeal carcinoma, susceptibility to, 2	nasopharyngeal carcinoma, susceptibility to, 2	Nasopharyngeal carcinoma, susceptibility to, 2	MedGen	47
3287	5140	DISEASE	nasopharyngeal squamous cell carcinoma	nasopharyngeal squamous cell carcinoma	nasopharyngeal squamous cell carcinoma	standard	9
3288	5141	DISEASE	nausea	nausea	nausea	standard	22
3289	5142	DISEASE	nausea and vomiting	nausea and vomiting	Nausea and Vomiting	standard	26
3290	7428	DISEASE	nausea and vomiting associated with emetogenic chemotherapy	nausea and vomiting associated with emetogenic chemotherapy	Chemotherapy-Related Nausea and/or Vomiting	NCI Thesaurus	36
3291	7429	DISEASE	nausea and vomiting associated with moderately emetogenic cancer chemotherapy	nausea and vomiting associated with moderately emetogenic cancer chemotherapy	Chemotherapy-Related Nausea and/or Vomiting	NCI Thesaurus	28
3292	7430	DISEASE	nausea and vomiting associated with surgical and diagnostic procedures	nausea and vomiting associated with surgical and diagnostic procedures	Nausea and Vomiting	NCI Thesaurus	36
3293	7431	DISEASE	nausea associated with gastroenteritis	nausea associated with gastroenteritis	benign infantile seizures associated with mild gastroenteritis	modified_disease	45
3294	5143	DISEASE	nausea induced by cytotoxic therapy	nausea induced by cytotoxic therapy	nausea	standard	22
3295	5144	DISEASE	necator americanus infection	necator americanus infection	Hookworm infection; Necator americanus	corrected_overlay	10
3296	7432	DISEASE	necatoriasis due to necator americanus (disorder)	necatoriasis due to necator americanus (disorder)	necatoriasis	modified_disease	43
3297	5145	DISEASE	neck carcinoma	neck carcinoma	head and neck carcinoma	standard	26
3298	5146	DISEASE	neck pain	neck pain	Neck Pain	standard	29
3299	5147	DISEASE	necrobacillosis	necrobacillosis	Fusobacterium Infections	standard	7
3300	5148	DISEASE	necrosis	necrosis	necrosis	standard	31
3301	5149	DISEASE	necrotizing soft tissue infection	necrotizing soft tissue infection	Necrotizing soft tissue infection	standard	59
3302	7433	DISEASE	neisseria meningitidis group a	neisseria meningitidis group a	Neisseria meningitidis, Serogroup A	modified_disease	34
3303	7434	DISEASE	neisseria meningitidis group c	neisseria meningitidis group c	Neisseria meningitidis, Serogroup C	modified_disease	29
3304	7435	DISEASE	neisseria meningitidis group w-135	neisseria meningitidis group w-135	meningococcal infection	modified_disease	16
3305	7436	DISEASE	neisseria meningitidis group y	neisseria meningitidis group y	Neisseria meningitidis, Serogroup Y	modified_disease	25
3306	7437	DISEASE	neonatal diabetes mellitus	neonatal diabetes mellitus	neonatal diabetes mellitus	modified_disease	69
3307	7438	DISEASE	neonatal sepsis	neonatal sepsis	Neonatal Sepsis	modified_disease	30
3308	7439	DISEASE	neonatal-onset multisystem inflammatory disease (nomid)	neonatal-onset multisystem inflammatory disease (nomid)	neonatal-onset multisystem inflammatory disease	corrected_overlay	20
3309	5150	DISEASE	neoplasm	neoplasm	Neoplasms	standard	25
3310	5151	DISEASE	neoplasm metastasis	neoplasm metastasis	Neoplasm Metastasis	standard	20
3311	5152	DISEASE	neoplasm of mature b-cells	neoplasm of mature b-cells	Mature B-Cell Neoplasm	NCI Thesaurus	22
3312	5153	DISEASE	neoplasm of testis	neoplasm of testis	neoplasm of testis	standard	7
3313	6422	DISEASE	neovascular (wet) age-related macular degeneration (amd)	neovascular (wet) age-related macular degeneration (amd)	wet macular degeneration	alias_disease	23
3314	5154	DISEASE	neovascular glaucoma	neovascular glaucoma	neovascular glaucoma	standard	49
3315	5155	DISEASE	nephritic syndrome	nephritic syndrome	Nephritic Syndrome	standard	25
3316	5156	DISEASE	nephroblastoma	nephroblastoma	Wilms Tumor	standard	57
3317	5157	DISEASE	nephrogenic diabetes insipidus	nephrogenic diabetes insipidus	Diabetes Insipidus, Nephrogenic	standard	52
3318	5158	DISEASE	nephrolithiasis	nephrolithiasis	Nephrolithiasis	standard	6
3319	5159	DISEASE	nephrolithiasis, calcium oxalate	nephrolithiasis, calcium oxalate	Nephrolithiasis, Calcium Oxalate	standard	28
3320	7893	DISEASE	nephrolithiasis, X-linked recessive, with renal failure	nephrolithiasis, x-linked recessive, with renal failure	nephrolithiasis, X-linked recessive, with renal failure	MONDO	33
3321	9028	DISEASE	nephronophthisis 1	nephronophthisis 1	nephronophthisis 1	MONDO	36
3322	5160	DISEASE	nephropathic cystinosis	nephropathic cystinosis	Cystinosis	standard	49
3323	5161	DISEASE	nephropathy	nephropathy	kidney disease	standard	9
3324	5162	DISEASE	nephrotic syndrome	nephrotic syndrome	Nephrotic Syndrome	standard	43
3325	8570	DISEASE	nephrotic syndrome, type 2	nephrotic syndrome, type 2	Nephrotic syndrome, type 2	MedGen	95
3326	9281	DISEASE	nephrotic syndrome, type 3	nephrotic syndrome, type 3	nephrotic syndrome, type 3	MONDO	17
3327	7862	DISEASE	nephrotic syndrome, type 4	nephrotic syndrome, type 4	nephrotic syndrome, type 4	MONDO	27
3328	9429	DISEASE	nephrotic syndrome, type 6	nephrotic syndrome, type 6	nephrotic syndrome, type 6	MONDO	17
3329	9476	DISEASE	nephrotic syndrome, type 8	nephrotic syndrome, type 8	nephrotic syndrome, type 8	MONDO	17
3330	9496	DISEASE	nephrotic syndrome, type 9	nephrotic syndrome, type 9	nephrotic syndrome, type 9	MONDO	17
3331	5163	DISEASE	nervous system disorder	nervous system disorder	Nervous System Diseases	standard	29
3332	5164	DISEASE	nesidioblastosis	nesidioblastosis	familial hyperinsulinism	standard	16
3333	9412	DISEASE	Nestor-Guillermo progeria syndrome	nestor-guillermo progeria syndrome	Nestor-Guillermo progeria syndrome	MONDO	34
3334	8496	DISEASE	neural tube defects, susceptibility to	neural tube defects, susceptibility to	Neural tube defects, susceptibility to	MedGen	170
3335	5165	DISEASE	neural tube defects, x-linked	neural tube defects, x-linked	X-linked neural tube defect	corrected_overlay	19
3336	5166	DISEASE	neuralgia	neuralgia	Neuralgia	standard	17
3337	5167	DISEASE	neuroblastoma	neuroblastoma	Neuroblastoma	standard	101
3338	7440	DISEASE	neuroblastoma recurrent	neuroblastoma recurrent	neuroblastoma	corrected_overlay	6
3339	7863	DISEASE	neuroblastoma, susceptibility to, 1	neuroblastoma, susceptibility to, 1	neuroblastoma	MONDO	130
3340	5168	DISEASE	neurocysticercosis	neurocysticercosis	Neurocysticercosis	standard	80
3341	5169	DISEASE	neurodermatitis	neurodermatitis	Neurodermatitis	standard	57
3342	7441	DISEASE	neurodevelopmental disorder with progressive spasticity and brain white matter abnormalities	neurodevelopmental disorder with progressive spasticity and brain white matter abnormalities	Neurodevelopmental disorder with progressive spasticity and brain white matter abnormalities	modified_disease	38
3343	5170	DISEASE	neuroendocrine neoplasm	neuroendocrine neoplasm	Neuroendocrine Neoplasm	NCI Thesaurus	15
3344	8895	DISEASE	neurofibromatosis type 1	neurofibromatosis type 1	neurofibromatosis type 1	MONDO	20
3345	5171	DISEASE	neurogenic bladder	neurogenic bladder	Urinary Bladder, Neurogenic	standard	42
3346	5172	DISEASE	neurogenic detrusor overactivity	neurogenic detrusor overactivity	neurogenic arthropathy	standard	51
3347	5173	DISEASE	neurogenic urinary bladder, uninhibited	neurogenic urinary bladder, uninhibited	Urinary Bladder, Neurogenic	standard	42
3348	7732	DISEASE	neurohypophyseal diabetes insipidus	neurohypophyseal diabetes insipidus	neurohypophyseal diabetes insipidus	MONDO	27
3349	5174	DISEASE	neurologic dysfunction	neurologic dysfunction	Neurologic Manifestations	standard	11
3350	5175	DISEASE	neurological signs and symptoms	neurological signs and symptoms	Neurological Signs and Symptoms	standard	20
3351	5176	DISEASE	neuroma	neuroma	Neuroma	standard	13
3352	5177	DISEASE	neuromuscular blockade	neuromuscular blockade	Neuromuscular Blockade	standard	94
3353	5178	DISEASE	neuromuscular disease	neuromuscular disease	Neuromuscular Diseases	standard	31
3354	5179	DISEASE	neuromyelitis optica	neuromyelitis optica	neuromyelitis optica	standard	23
3355	9531	DISEASE	neuromyelitis optica spectrum disorder	neuromyelitis optica spectrum disorder	Neuromyelitis Optica Spectrum Disorder	curated_standard_definition	40
3356	6423	DISEASE	neuromyelitis optica spectrum disorder (nmosd)	neuromyelitis optica spectrum disorder (nmosd)	neuromyelitis optica spectrum disorder	corrected_overlay	23
3357	7442	DISEASE	neuromyelitis optica spectrum disorder with anti-aqp4 antibodies	neuromyelitis optica spectrum disorder with anti-aqp4 antibodies	neuromyelitis optica	modified_disease	34
3358	5180	DISEASE	neuronal ceroid lipofuscinosis 2	neuronal ceroid lipofuscinosis 2	neuronal ceroid lipofuscinosis 2	standard	30
3359	8509	DISEASE	neuronal ceroid lipofuscinosis 3	neuronal ceroid lipofuscinosis 3	Neuronal ceroid lipofuscinosis 3	MedGen	285
3360	5181	DISEASE	neuropathic pain	neuropathic pain	Neuralgia	standard	17
3361	7443	DISEASE	neuropathic pain associated with postherpetic neuralgia	neuropathic pain associated with postherpetic neuralgia	neuralgia	modified_disease	24
3362	5182	DISEASE	neuropathy	neuropathy	peripheral neuropathy	Disease Ontology	11
3363	9431	DISEASE	neuropathy, hereditary sensory, type 2C	neuropathy, hereditary sensory, type 2c	neuropathy, hereditary sensory, type 2C	MONDO	22
3364	5183	DISEASE	neurosis	neurosis	neurotic disorder	standard	22
3365	5184	DISEASE	neurosyphilis	neurosyphilis	Neurosyphilis	standard	87
3366	5185	DISEASE	neurotic depression	neurotic depression	Depressive Disorder	standard	26
3367	5186	DISEASE	neurotic or reactive depressive disorders	neurotic or reactive depressive disorders	neurotic or reactive depressive disorder	corrected_overlay	21
3368	5187	DISEASE	neurotrophic keratitis	neurotrophic keratitis	neurotrophic keratopathy	standard	47
3369	5188	DISEASE	neurotrophic keratopathy	neurotrophic keratopathy	neurotrophic keratopathy	standard	47
3370	5189	DISEASE	neutropenia	neutropenia	neutropenia	standard	11
3371	7444	DISEASE	neutropenia, chronic familial	neutropenia, chronic familial	Neutropenia, severe chronic	modified_disease	20
3372	9228	DISEASE	neutrophil immunodeficiency syndrome	neutrophil immunodeficiency syndrome	neutrophil immunodeficiency syndrome	MONDO	28
3373	8896	DISEASE	nevus, epidermal	nevus, epidermal	nevus, epidermal	MONDO	75
3374	5190	DISEASE	newborn respiratory distress syndrome	newborn respiratory distress syndrome	newborn respiratory distress syndrome	standard	24
3375	5191	DISEASE	nicotine dependence	nicotine dependence	Tobacco Use Disorder	standard	16
3376	7993	DISEASE	Niemann-Pick disease type A	niemann-pick disease type a	Niemann-Pick disease type A	MONDO	38
3377	5192	DISEASE	niemann-pick disease type b	niemann-pick disease type b	Niemann-Pick disease type B	standard	36
3378	5193	DISEASE	niemann-pick disease type c	niemann-pick disease type c	Niemann-Pick disease type C	standard	20
3379	5194	DISEASE	niemann-pick disease, type c	niemann-pick disease, type c	Niemann-Pick Disease, Type C	standard	73
3380	7994	DISEASE	Niemann-Pick disease, type C1	niemann-pick disease, type c1	Niemann-Pick disease, type C1	MedGen	185
3381	8036	DISEASE	Niemann-Pick disease, type C2	niemann-pick disease, type c2	Niemann-Pick disease, type C2	MONDO	123
3382	7445	DISEASE	nitrogen balance negative	nitrogen balance negative	Balance	modified_disease	15
3383	5195	DISEASE	nocardiosis	nocardiosis	nocardiosis	standard	17
3384	5196	DISEASE	nocturnal asthma	nocturnal asthma	nocturnal asthma	standard	68
3385	5197	DISEASE	nocturnal enuresis	nocturnal enuresis	nocturnal enuresis	standard	6
3386	7903	DISEASE	nocturnal enuresis, 2	nocturnal enuresis, 2	nocturnal enuresis, 2	MONDO	17
3387	5198	DISEASE	nocturnal leg muscle cramps	nocturnal leg muscle cramps	nocturnal leg cramps	corrected_overlay	26
3388	5199	DISEASE	nocturnal polyuria	nocturnal polyuria	nocturnal polyuria	corrected_overlay	11
3389	5200	DISEASE	nodular goiter	nodular goiter	Goiter, Nodular	standard	34
3390	5201	DISEASE	nodular sclerosis classical hodgkin lymphoma	nodular sclerosis classical hodgkin lymphoma	nodular sclerosis classical Hodgkin lymphoma	standard	27
3391	5202	DISEASE	non-alcoholic fatty liver disease	non-alcoholic fatty liver disease	metabolic dysfunction-associated steatotic liver disease	standard	53
3392	5203	DISEASE	non-allergic anaphylaxis	non-allergic anaphylaxis	nonallergic anaphylaxis	corrected_overlay	16
3393	5204	DISEASE	non-hodgkin lymphoma	non-hodgkin lymphoma	Lymphoma, Non-Hodgkin	standard	48
3394	5205	DISEASE	non-hodgkin's lymphoma	non-hodgkin's lymphoma	Lymphoma, Non-Hodgkin	standard	48
3395	6424	DISEASE	non-hodgkin's lymphoma (nhl)	non-hodgkin's lymphoma (nhl)	non-Hodgkin lymphoma	alias_disease	68
3396	6425	DISEASE	non-progressing b-cell non-hodgkin's lymphoma (nhl)	non-progressing b-cell non-hodgkin's lymphoma (nhl)	B-cell non-Hodgkin lymphoma	corrected_overlay	17
3397	5206	DISEASE	non-psychotic anxiety	non-psychotic anxiety	anxiety disorder	standard	12
3398	5207	DISEASE	non-q wave myocardial infarction	non-q wave myocardial infarction	Non Q Wave Myocardial Infarction by ECG Finding	standard	31
3399	5208	DISEASE	non-radiographic axial spondyloarthritis	non-radiographic axial spondyloarthritis	Non-Radiographic Axial Spondyloarthritis	standard	44
3400	7446	DISEASE	non-small cell lung cancer	non-small cell lung cancer	Carcinoma, Non-Small-Cell Lung	modified_disease	30
3401	7447	DISEASE	non-small cell lung cancer (nsclc)	non-small cell lung cancer (nsclc)	Carcinoma, Non-Small-Cell Lung	modified_disease	31
3402	7448	DISEASE	non-small cell lung cancer recurrent	non-small cell lung cancer recurrent	Recurrent Lung Non-Small Cell Carcinoma	modified_disease	33
3403	7449	DISEASE	non-small cell lung carcinoma	non-small cell lung carcinoma	Carcinoma, Non-Small-Cell Lung	modified_disease	52
3404	7450	DISEASE	non-small cell squamous lung carcinoma	non-small cell squamous lung carcinoma	non-small cell squamous lung carcinoma	modified_disease	27
3405	7451	DISEASE	non-squamous non-small cell lung cancer	non-squamous non-small cell lung cancer	Lung Non-Squamous Non-Small Cell Carcinoma	modified_disease	29
3406	5209	DISEASE	nonallergic rhinitis	nonallergic rhinitis	nonallergic rhinitis	corrected_overlay	13
3407	5210	DISEASE	noncompensatory sinus tachycardia	noncompensatory sinus tachycardia	atrial tachycardia	standard	37
3408	5211	DISEASE	nondystrophic myotonia	nondystrophic myotonia	Non-Dystrophic Myotonia	standard	50
3409	5212	DISEASE	nongonococcal cervicitis	nongonococcal cervicitis	nongonococcal cervicitis	corrected_overlay	16
3410	7452	DISEASE	nonimmune chronic idiopathic neutropenia of adults	nonimmune chronic idiopathic neutropenia of adults	Nonimmune chronic idiopathic neutropenia of adults	modified_disease	70
3411	5213	DISEASE	noninsulin-dependent diabetes mellitus	noninsulin-dependent diabetes mellitus	Diabetes Mellitus, Type 2	standard	52
3412	7762	DISEASE	nonpapillary renal cell carcinoma	nonpapillary renal cell carcinoma	nonpapillary renal cell carcinoma	Disease Ontology	6
3413	9532	DISEASE	nonsegmental vitiligo	nonsegmental vitiligo	Nonsegmental Vitiligo	curated_standard_definition	29
3414	5214	DISEASE	nonsustained ventricular tachycardia	nonsustained ventricular tachycardia	Tachycardia, Ventricular	standard	69
3415	5215	DISEASE	nontoxic diffuse goiter	nontoxic diffuse goiter	Non-Toxic Diffuse Goiter	standard	14
3416	5216	DISEASE	nontoxic goiter	nontoxic goiter	nontoxic goiter	standard	17
3417	5217	DISEASE	nontuberculous mycobacterial infection	nontuberculous mycobacterial infection	Mycobacterium Infections, Nontuberculous	standard	47
3418	5218	DISEASE	nonulcer dyspepsia	nonulcer dyspepsia	functional dyspepsia	corrected_overlay	23
3419	5219	DISEASE	nonvalvular atrial fibrillation	nonvalvular atrial fibrillation	atrial fibrillation	standard	41
3420	5220	DISEASE	noonan syndrome	noonan syndrome	Noonan Syndrome	standard	132
3421	9031	DISEASE	Norman-Roberts syndrome	norman-roberts syndrome	Norman-Roberts syndrome	MONDO	36
3422	9129	DISEASE	Norrie disease	norrie disease	Norrie disease	MONDO	29
3423	5221	DISEASE	north american crotalid envenomation	north american crotalid envenomation	North American	standard	29
3424	5222	DISEASE	north american pit viper envenomation	north american pit viper envenomation	North American	standard	29
3425	5223	DISEASE	nosocomial pneumonia	nosocomial pneumonia	Nosocomial Pneumonia	standard	6
3426	7453	DISEASE	ntrk fusion gene positive	ntrk fusion gene positive	NTRK Gene Fusion Positive	modified_disease	40
3427	5224	DISEASE	ntrk gene fusion overexpression	ntrk gene fusion overexpression	NTRK Gene Fusion Positive	standard	16
3428	7454	DISEASE	ntrk gene fusion-positive solid tumors	ntrk gene fusion-positive solid tumors	NTRK fusion positive cancer	modified_disease	22
3429	5225	DISEASE	nummular eczema	nummular eczema	Nummular eczema	standard	33
3430	5226	DISEASE	nutritional anemia	nutritional anemia	nutritional disorder	standard	13
3431	5227	DISEASE	obesity	obesity	Obesity	standard	60
3432	7455	DISEASE	obesity due to bardet-biedl syndrome	obesity due to bardet-biedl syndrome	Bardet-Biedl syndrome	modified_disease	14
3433	7456	DISEASE	obesity due to leptin receptor (lepr) deficiency	obesity due to leptin receptor (lepr) deficiency	Obesity	modified_disease	34
3434	7457	DISEASE	obesity due to leptin receptor gene deficiency	obesity due to leptin receptor gene deficiency	Obesity due to leptin receptor gene deficiency	modified_disease	33
3435	7458	DISEASE	obesity due to pro-opiomelanocortin (pomc) deficiency	obesity due to pro-opiomelanocortin (pomc) deficiency	obesity due to pro-opiomelanocortin deficiency	modified_disease	36
3436	7459	DISEASE	obesity due to pro-opiomelanocortin deficiency	obesity due to pro-opiomelanocortin deficiency	obesity due to pro-opiomelanocortin deficiency	modified_disease	30
3437	7460	DISEASE	obesity due to prohormone convertase i deficiency	obesity due to prohormone convertase i deficiency	obesity due to prohormone convertase I deficiency	modified_disease	21
3438	7461	DISEASE	obesity due to proprotein subtilisin/kexin type 1 (pcsk1) deficiency	obesity due to proprotein subtilisin/kexin type 1 (pcsk1) deficiency	Obesity	modified_disease	36
3439	9403	DISEASE	obesity, hyperphagia, and developmental delay	obesity, hyperphagia, and developmental delay	obesity, hyperphagia, and developmental delay	MONDO	16
3440	5228	DISEASE	obsessions	obsessions	Obsessive Behavior	standard	21
3441	5229	DISEASE	obsessive-compulsive disorder	obsessive-compulsive disorder	Obsessive-Compulsive Disorder	standard	56
3442	8471	DISEASE	obsolete abnormal neutrophil chemotactic response	obsolete abnormal neutrophil chemotactic response	Neutrophil Chemotactic Response, Abnormal	MeSH	15
3443	8577	DISEASE	obsolete bone mineral density quantitative trait locus 1	obsolete bone mineral density quantitative trait locus 1	Bone mineral density quantitative trait locus 1	MedGen	101
3444	7952	DISEASE	obsolete diabetes insipidus, neurohypophyseal type, X-linked inheritance	obsolete diabetes insipidus, neurohypophyseal type, x-linked inheritance	Diabetes insipidus, neurohypophyseal, X-linked	MedGen	12
3445	7942	DISEASE	obsolete exostoses of heel	obsolete exostoses of heel	Exostoses of heel	MedGen	11
3446	7937	DISEASE	obsolete hypertension, diastolic, resistance to	obsolete hypertension, diastolic, resistance to	early onset hypertension	MONDO	12
3447	7957	DISEASE	obsolete immune suppression	obsolete immune suppression	immunosuppression	IDO	33
3448	7953	DISEASE	obsolete susceptibility to ischemic stroke	obsolete susceptibility to ischemic stroke	Ischemic stroke	MedGen	126
3449	5230	DISEASE	obstetric labor complication	obstetric labor complication	Obstetric Labor Complications	standard	29
3450	5231	DISEASE	obstructive jaundice	obstructive jaundice	Jaundice, Obstructive	standard	30
3451	6426	DISEASE	obstructive pulmonary disease (opd)	obstructive pulmonary disease (opd)	Lung Diseases, Obstructive	alias_disease	20
3452	5232	DISEASE	obstructive sleep apnea	obstructive sleep apnea	Sleep Apnea, Obstructive	standard	77
3453	9533	DISEASE	obstructive sleep apnea in obesity	obstructive sleep apnea in obesity	obstructive sleep apnea	standard	77
3454	5233	DISEASE	obstructive sleep apnea syndrome	obstructive sleep apnea syndrome	obstructive sleep apnea syndrome	standard	11
3455	5234	DISEASE	occlusion of arteriovenous cannulae	occlusion of arteriovenous cannulae	Occlusion	standard	22
3456	5235	DISEASE	occlusive peripheral vascular disease	occlusive peripheral vascular disease	thromboangiitis obliterans	standard	44
3457	5236	DISEASE	occlusive thromboemboli in peripheral arteries and grafts	occlusive thromboemboli in peripheral arteries and grafts	Peripheral Arterial Occlusive Disease	standard	38
3458	9373	DISEASE	occult macular dystrophy	occult macular dystrophy	occult macular dystrophy	MONDO	42
3459	5237	DISEASE	ocular cicatricial pemphigoid	ocular cicatricial pemphigoid	Pemphigoid, Benign Mucous Membrane	standard	32
3460	5238	DISEASE	ocular cystinosis	ocular cystinosis	ocular cystinosis	standard	36
3461	5239	DISEASE	ocular hypertension	ocular hypertension	Ocular Hypertension	standard	17
3462	5240	DISEASE	ocular infections	ocular infections	Eye Infections	standard	29
3463	5241	DISEASE	ocular pain	ocular pain	Eye Pain	corrected_overlay	8
3464	5242	DISEASE	ocular pruritus	ocular pruritus	Pruritus	corrected_overlay	12
3465	5243	DISEASE	ocular rosacea	ocular rosacea	Rosacea	standard	72
3466	5244	DISEASE	ocular vascular disorder	ocular vascular disorder	ocular vascular disorder	standard	12
3467	5245	DISEASE	oculo-palato-cerebral syndrome	oculo-palato-cerebral syndrome	oculo-palato-cerebral syndrome	standard	18
3468	9313	DISEASE	oculoauricular syndrome	oculoauricular syndrome	oculoauricular syndrome	MONDO	62
3469	9124	DISEASE	oculocerebrorenal syndrome	oculocerebrorenal syndrome	oculocerebrorenal syndrome	MONDO	27
3470	8940	DISEASE	oculocutaneous albinism type 2	oculocutaneous albinism type 2	oculocutaneous albinism type 2	MONDO	44
3471	8941	DISEASE	oculocutaneous albinism type 3	oculocutaneous albinism type 3	oculocutaneous albinism type 3	MONDO	25
3472	9203	DISEASE	oculocutaneous albinism type 4	oculocutaneous albinism type 4	oculocutaneous albinism type 4	MONDO	31
3473	8833	DISEASE	oculocutaneous albinism type 6	oculocutaneous albinism type 6	oculocutaneous albinism type 6	MONDO	27
3474	9472	DISEASE	oculocutaneous albinism type 7	oculocutaneous albinism type 7	oculocutaneous albinism type 7	MONDO	25
3475	8897	DISEASE	oculodentodigital dysplasia	oculodentodigital dysplasia	oculodentodigital dysplasia	MONDO	12
3476	5246	DISEASE	off-periods in parkinson disease not responding to oral treatment	off-periods in parkinson disease not responding to oral treatment	Parkinson disease off periods refractory to oral treatment	corrected_overlay	32
3477	9106	DISEASE	Ogden syndrome	ogden syndrome	Ogden syndrome	MONDO	76
3478	5247	DISEASE	old myocardial infarction	old myocardial infarction	Old Myocardial Infarction	standard	17
3479	5248	DISEASE	oligo-ovulation	oligo-ovulation	oligo-ovulation	corrected_overlay	18
3480	5249	DISEASE	oligodendroglioma	oligodendroglioma	Oligodendroglioma	standard	104
3481	5250	DISEASE	oligomenorrhea	oligomenorrhea	Oligomenorrhea	standard	3
3482	5251	DISEASE	oligospermia	oligospermia	Oligospermia	standard	33
3483	5252	DISEASE	oliguria	oliguria	Oliguria	standard	30
3484	5253	DISEASE	onchocerciasis	onchocerciasis	Onchocerciasis	standard	23
3485	5254	DISEASE	oncogenic osteomalacia	oncogenic osteomalacia	Oncogenic osteomalacia	standard	206
3486	5255	DISEASE	onychocryptosis	onychocryptosis	Nails, Ingrown	standard	39
3487	5256	DISEASE	onychomycosis	onychomycosis	Onychomycosis	standard	14
3488	5257	DISEASE	onychomycosis of toenails	onychomycosis of toenails	toenail onychomycosis	corrected_overlay	21
3489	7864	DISEASE	Onychotrichodysplasia and neutropenia	onychotrichodysplasia and neutropenia	Onychotrichodysplasia and neutropenia	MedGen	11
3490	5258	DISEASE	open-angle glaucoma	open-angle glaucoma	Glaucoma, Open-Angle	standard	24
3491	5259	DISEASE	ophthalmia neonatorum	ophthalmia neonatorum	Ophthalmia Neonatorum	standard	29
3492	5260	DISEASE	ophthalmic herpes zoster	ophthalmic herpes zoster	ophthalmic herpes zoster	standard	41
3493	7787	DISEASE	ophthalmoplegia-intellectual disability-lingua scrotalis syndrome	ophthalmoplegia-intellectual disability-lingua scrotalis syndrome	Ophthalmoplegia-intellectual disability-lingua scrotalis syndrome	Orphanet	46
3494	5261	DISEASE	opiate dependence	opiate dependence	Opioid-Related Disorders	standard	11
3495	5262	DISEASE	opioid abuse	opioid abuse	Opioid-Related Disorders	standard	11
3496	5263	DISEASE	opioid dependence	opioid dependence	Opioid-Related Disorders	standard	11
3497	5264	DISEASE	opioid overdose	opioid overdose	Opiate Overdose	standard	20
3498	5265	DISEASE	opioid withdrawal	opioid withdrawal	substance withdrawal syndrome	standard	57
3499	5266	DISEASE	opioid-induced constipation	opioid-induced constipation	Opioid-Induced Constipation	standard	7
3500	6427	DISEASE	opioid-induced constipation (oic)	opioid-induced constipation (oic)	opioid-induced constipation	alias_disease	26
3501	5267	DISEASE	opisthorchiasis	opisthorchiasis	opisthorchiasis	standard	7
3502	8898	DISEASE	optic atrophy 3	optic atrophy 3	optic atrophy 3	MONDO	14
3503	9279	DISEASE	optic atrophy 5	optic atrophy 5	optic atrophy 5	MONDO	14
3504	7788	DISEASE	optic atrophy, hearing loss, and peripheral neuropathy, autosomal dominant	optic atrophy, hearing loss, and peripheral neuropathy, autosomal dominant	optic atrophy	MONDO	35
3505	5268	DISEASE	optic neuritis	optic neuritis	Optic Neuritis	standard	88
3506	7753	DISEASE	OPTN-related open angle glaucoma	optn-related open angle glaucoma	OPTN-related open angle glaucoma	MONDO	18
3507	5269	DISEASE	oral cancer	oral cancer	Mouth Neoplasms	standard	6
3508	5270	DISEASE	oral candidiasis	oral candidiasis	Candidiasis, Oral	standard	18
3509	5271	DISEASE	oral cavity cancer	oral cavity cancer	oral cavity cancer	standard	16
3510	5272	DISEASE	oral cavity squamous cell carcinoma	oral cavity squamous cell carcinoma	Squamous Cell Carcinoma of Head and Neck	standard	39
3511	5273	DISEASE	oral corticosteroid dependent asthma	oral corticosteroid dependent asthma	corticosteroid myopathy	standard	8
3512	5274	DISEASE	oral lichen planus	oral lichen planus	Lichen Planus, Oral	standard	68
3513	5275	DISEASE	oral ulcer	oral ulcer	Oral Ulcer	standard	55
3514	7462	DISEASE	oral warts arising from hiv infection	oral warts arising from hiv infection	HIV Infections	modified_disease	28
3515	5276	DISEASE	orchitis	orchitis	orchitis	standard	36
3516	7463	DISEASE	organ transplant rejection	organ transplant rejection	transplant rejection	modified_disease	29
3517	5277	DISEASE	organic disease present	organic disease present	disorder of organic acid metabolism	standard	14
3518	5278	DISEASE	organophosphate poisoning	organophosphate poisoning	Organophosphate Poisoning	standard	13
3519	9033	DISEASE	ornithine aminotransferase deficiency	ornithine aminotransferase deficiency	ornithine aminotransferase deficiency	MONDO	15
3520	5279	DISEASE	ornithine carbamoyltransferase deficiency	ornithine carbamoyltransferase deficiency	ornithine carbamoyltransferase deficiency	standard	50
3521	5280	DISEASE	ornithosis	ornithosis	Psittacosis	standard	35
3522	5281	DISEASE	oro-pharyngeal mucositis	oro-pharyngeal mucositis	oropharyngeal mucositis	corrected_overlay	17
3523	9238	DISEASE	orofacial cleft 5	orofacial cleft 5	orofacial cleft 5	MONDO	17
3524	5282	DISEASE	oropharyngeal candidiasis	oropharyngeal candidiasis	Oropharyngeal Candidiasis	standard	39
3525	5283	DISEASE	oropharynx cancer	oropharynx cancer	oropharynx cancer	standard	10
3526	5284	DISEASE	oropharynx squamous cell carcinoma	oropharynx squamous cell carcinoma	oropharynx squamous cell carcinoma	standard	8
3527	5285	DISEASE	orotic aciduria	orotic aciduria	orotic aciduria	standard	46
3528	5286	DISEASE	oroya fever	oroya fever	Bartonella Infections	standard	50
3529	5287	DISEASE	orthostatic hypotension	orthostatic hypotension	Hypotension, Orthostatic	standard	53
3530	9165	DISEASE	ossification of the posterior longitudinal ligament of the spine	ossification of the posterior longitudinal ligament of the spine	ossification of the posterior longitudinal ligament of the spine	MONDO	42
3531	5288	DISEASE	osteitis deformans	osteitis deformans	Osteitis Deformans	standard	49
3532	5289	DISEASE	osteoarthritis	osteoarthritis	Osteoarthritis	standard	46
3533	5290	DISEASE	osteoarthritis of knee	osteoarthritis of knee	Osteoarthritis, Knee	standard	44
3534	5291	DISEASE	osteoarthritis of scapulohumerous	osteoarthritis of scapulohumerous	osteoarthritis	standard	40
3535	7789	DISEASE	osteoarthritis susceptibility 1	osteoarthritis susceptibility 1	osteoarthritis susceptibility 1	MONDO	16
3536	7756	DISEASE	osteoarthritis susceptibility 2	osteoarthritis susceptibility 2	osteoarthritis susceptibility 5	MONDO	16
3537	7930	DISEASE	osteoarthritis susceptibility 3	osteoarthritis susceptibility 3	osteoarthritis susceptibility 3	MONDO	16
3538	5292	DISEASE	osteoarthritis, hand	osteoarthritis, hand	osteoarthritis, hand	standard	47
3539	5293	DISEASE	osteoarthritis, hip	osteoarthritis, hip	Osteoarthritis, Hip	standard	44
3540	5294	DISEASE	osteoarthritis, knee	osteoarthritis, knee	Osteoarthritis, Knee	standard	44
3541	9161	DISEASE	osteocraniostenosis	osteocraniostenosis	osteocraniostenosis	MONDO	30
3542	9214	DISEASE	osteofibrous dysplasia	osteofibrous dysplasia	osteofibrous dysplasia	MONDO	48
3543	5295	DISEASE	osteogenesis imperfecta	osteogenesis imperfecta	Osteogenesis Imperfecta	standard	37
3544	8899	DISEASE	osteogenesis imperfecta type 1	osteogenesis imperfecta type 1	osteogenesis imperfecta type 1	MONDO	41
3545	9399	DISEASE	osteogenesis imperfecta type 10	osteogenesis imperfecta type 10	osteogenesis imperfecta type 10	MONDO	17
3546	9289	DISEASE	osteogenesis imperfecta type 11	osteogenesis imperfecta type 11	osteogenesis imperfecta type 11	MONDO	17
3547	9400	DISEASE	osteogenesis imperfecta type 12	osteogenesis imperfecta type 12	osteogenesis imperfecta type 12	MONDO	17
3548	9457	DISEASE	osteogenesis imperfecta type 13	osteogenesis imperfecta type 13	osteogenesis imperfecta type 13	MONDO	17
3549	9466	DISEASE	osteogenesis imperfecta type 14	osteogenesis imperfecta type 14	osteogenesis imperfecta type 14	MONDO	17
3550	9473	DISEASE	osteogenesis imperfecta type 15	osteogenesis imperfecta type 15	osteogenesis imperfecta type 15	MONDO	17
3551	8900	DISEASE	osteogenesis imperfecta type 2	osteogenesis imperfecta type 2	osteogenesis imperfecta type 2	MONDO	54
3552	9034	DISEASE	osteogenesis imperfecta type 3	osteogenesis imperfecta type 3	osteogenesis imperfecta type 3	MONDO	49
3553	8901	DISEASE	osteogenesis imperfecta type 4	osteogenesis imperfecta type 4	osteogenesis imperfecta type 4	MONDO	48
3554	9288	DISEASE	osteogenesis imperfecta type 5	osteogenesis imperfecta type 5	osteogenesis imperfecta type 5	MONDO	59
3555	9411	DISEASE	osteogenesis imperfecta type 6	osteogenesis imperfecta type 6	osteogenesis imperfecta type 6	MONDO	17
3556	9276	DISEASE	osteogenesis imperfecta type 7	osteogenesis imperfecta type 7	osteogenesis imperfecta type 7	MONDO	17
3557	9285	DISEASE	osteogenesis imperfecta type 8	osteogenesis imperfecta type 8	osteogenesis imperfecta type 8	MONDO	17
3558	9035	DISEASE	osteogenesis imperfecta type 9	osteogenesis imperfecta type 9	osteogenesis imperfecta type 9	MONDO	17
3559	8902	DISEASE	osteoglophonic dysplasia	osteoglophonic dysplasia	osteoglophonic dysplasia	MONDO	14
3560	5296	DISEASE	osteolytic bone metastases of breast cancer	osteolytic bone metastases of breast cancer	breast cancer	standard	35
3561	5297	DISEASE	osteolytic lesions of multiple myeloma	osteolytic lesions of multiple myeloma	Osteolytic Lesions of Multiple Myeloma	standard	22
3562	5298	DISEASE	osteomalacia	osteomalacia	osteomalacia	standard	58
3563	5299	DISEASE	osteomyelitis	osteomyelitis	osteomyelitis	standard	17
3564	5300	DISEASE	osteonecrosis	osteonecrosis	Osteonecrosis	standard	13
3565	5301	DISEASE	osteopenia	osteopenia	Bone Diseases, Metabolic	standard	9
3566	5302	DISEASE	osteopetrosis	osteopetrosis	Osteopetrosis	standard	20
3567	5303	DISEASE	osteoporosis	osteoporosis	Osteoporosis	standard	31
3568	8542	DISEASE	osteoporosis-pseudoglioma syndrome	osteoporosis-pseudoglioma syndrome	Osteoporosis with pseudoglioma	MedGen	55
3569	5304	DISEASE	osteoporotic fractures	osteoporotic fractures	Osteoporotic Fractures	standard	14
3570	5305	DISEASE	osteoradionecrosis	osteoradionecrosis	Osteoradionecrosis	standard	6
3571	5306	DISEASE	otitis	otitis	Otitis	standard	35
3572	5307	DISEASE	otitis externa	otitis externa	Otitis Externa	standard	20
3573	5308	DISEASE	otitis media	otitis media	otitis media	standard	31
3574	7791	DISEASE	otitis media, susceptibility to	otitis media, susceptibility to	otitis media	MONDO	31
3575	8904	DISEASE	otofaciocervical syndrome 1	otofaciocervical syndrome 1	otofaciocervical syndrome 1	MONDO	17
3576	9495	DISEASE	otofaciocervical syndrome 2	otofaciocervical syndrome 2	otofaciocervical syndrome 2	MONDO	17
3577	5309	DISEASE	otorhinolaryngologic disease	otorhinolaryngologic disease	Otorhinolaryngologic Diseases	standard	16
3578	5310	DISEASE	ovale malaria	ovale malaria	Plasmodium ovale malaria	standard	27
3579	5311	DISEASE	ovarian adenocarcinoma	ovarian adenocarcinoma	ovarian adenocarcinoma	standard	29
3580	5312	DISEASE	ovarian cancer	ovarian cancer	Ovarian Neoplasms	standard	36
3581	7464	DISEASE	ovarian cancer stage iv	ovarian cancer stage iv	Stage IV Ovarian Cancer AJCC v6 and v7	modified_disease	16
3582	8623	DISEASE	ovarian cancer, susceptibility to, 1	ovarian cancer, susceptibility to, 1	ovarian cancer, susceptibility to, 1	MONDO	16
3583	5313	DISEASE	ovarian carcinoma	ovarian carcinoma	Ovarian Carcinoma	NCI Thesaurus	63
3584	8994	DISEASE	ovarian dysgenesis 1	ovarian dysgenesis 1	ovarian dysgenesis 1	MONDO	14
3585	9090	DISEASE	ovarian dysgenesis 2	ovarian dysgenesis 2	ovarian dysgenesis 2	MONDO	18
3586	9434	DISEASE	ovarian dysgenesis 3	ovarian dysgenesis 3	ovarian dysgenesis 3	MONDO	19
3587	5314	DISEASE	ovarian hyperstimulation syndrome	ovarian hyperstimulation syndrome	Ovarian Hyperstimulation Syndrome	standard	62
3588	5315	DISEASE	ovarian neoplasm	ovarian neoplasm	Ovarian Neoplasms	standard	36
3589	5316	DISEASE	ovarian neoplasms	ovarian neoplasms	Ovarian Neoplasms	standard	36
3590	5317	DISEASE	overactive bladder	overactive bladder	Urinary Bladder, Overactive	standard	45
3591	5318	DISEASE	overdose	overdose	Overdose	standard	11
3592	5319	DISEASE	overweight body mass index status	overweight body mass index status	overweight	corrected_overlay	18
3593	5320	DISEASE	ovulatory dysfunction	ovulatory dysfunction	ovulatory dysfunction	corrected_overlay	10
3594	8944	DISEASE	oxoglutaricaciduria	oxoglutaricaciduria	oxoglutaricaciduria	MONDO	47
3595	7909	DISEASE	Paget disease of bone 2, early-onset	paget disease of bone 2, early-onset	Paget disease of bone 2, early-onset	MedGen	69
3596	8905	DISEASE	Paget disease of bone 3	paget disease of bone 3	Paget disease of bone 3	MONDO	16
3597	5321	DISEASE	paget's disease	paget's disease	Paget disease	standard	41
3598	5322	DISEASE	pain	pain	Pain	standard	16
3599	5323	DISEASE	pain after injury	pain after injury	pain	corrected_overlay	9
3600	7465	DISEASE	pain associated with endometriosis	pain associated with endometriosis	endometriosis	modified_disease	21
3601	5324	DISEASE	pain following ocular surgery	pain following ocular surgery	postoperative ocular surgery pain	corrected_overlay	20
3602	5325	DISEASE	pain in osteoarthritis	pain in osteoarthritis	osteoarthritis	standard	40
3603	5326	DISEASE	pain with intercourse	pain with intercourse	Dyspareunia	corrected_overlay	10
3604	5327	DISEASE	painful muscular contractions	painful muscular contractions	muscle cramp / muscle spasm	corrected_overlay	16
3605	5328	DISEASE	palmoplantar keratosis	palmoplantar keratosis	palmoplantar keratosis	standard	24
3606	5329	DISEASE	pancreatic adenocarcinoma	pancreatic adenocarcinoma	pancreatic adenocarcinoma	standard	11
3607	7466	DISEASE	pancreatic adenocarcinoma metastatic	pancreatic adenocarcinoma metastatic	pancreatic adenocarcinoma	corrected_overlay	7
3608	5330	DISEASE	pancreatic cancer	pancreatic cancer	Pancreatic Neoplasms	standard	46
3609	5331	DISEASE	pancreatic carcinoma non-resectable	pancreatic carcinoma non-resectable	Unresectable Pancreatic Carcinoma	standard	10
3610	5332	DISEASE	pancreatic ductal adenocarcinoma	pancreatic ductal adenocarcinoma	pancreatic ductal adenocarcinoma	standard	74
3611	5333	DISEASE	pancreatic endocrine carcinoma	pancreatic endocrine carcinoma	pancreatic endocrine carcinoma	standard	54
3612	5334	DISEASE	pancreatic insufficiency	pancreatic insufficiency	Pancreatic Insufficiency	standard	39
3613	5335	DISEASE	pancreatic insufficiency attributed to cystic fibrosis	pancreatic insufficiency attributed to cystic fibrosis	cystic fibrosis	standard	65
3614	5336	DISEASE	pancreatic islet-cell hyperplasia	pancreatic islet-cell hyperplasia	Pancreatic islet-cell hyperplasia	standard	18
3615	5337	DISEASE	pancreatic neoplasm	pancreatic neoplasm	Pancreatic Neoplasms	standard	46
3616	5338	DISEASE	pancreatic neuroendocrine neoplasm	pancreatic neuroendocrine neoplasm	Pancreatic Neuroendocrine Neoplasm	NCI Thesaurus	22
3617	5339	DISEASE	pancreatic neuroendocrine tumor	pancreatic neuroendocrine tumor	pancreatic neuroendocrine tumor	standard	74
3618	5340	DISEASE	pancreatic neuroendocrine tumors	pancreatic neuroendocrine tumors	pancreatic neuroendocrine tumor	corrected_overlay	23
3619	5341	DISEASE	pancreatitis	pancreatitis	Pancreatitis	standard	43
3620	7868	DISEASE	pancreatitis, sclerosing cholangitis, and sicca complex	pancreatitis, sclerosing cholangitis, and sicca complex	pancreatitis	MONDO	4
3621	5342	DISEASE	panhypopituitarism	panhypopituitarism	panhypopituitarism	standard	8
3622	5343	DISEASE	panic attack	panic attack	Panic Disorder	standard	112
3623	5344	DISEASE	panic disorder	panic disorder	panic disorder	standard	25
3624	7793	DISEASE	panic disorder 1	panic disorder 1	panic disorder	MONDO	25
3625	5345	DISEASE	panic disorder with agoraphobia	panic disorder with agoraphobia	panic disorder with agoraphobia	standard	26
3626	5346	DISEASE	panuveitis	panuveitis	Panuveitis	standard	56
3627	5347	DISEASE	papillary carcinoma	papillary carcinoma	Carcinoma, Papillary	standard	29
3628	5348	DISEASE	papillary renal cell carcinoma	papillary renal cell carcinoma	Carcinoma, Renal Cell	standard	37
3629	5349	DISEASE	papillary tumors	papillary tumors	papillary adenoma	standard	10
3630	5350	DISEASE	papillary urothelial cell carcinoma	papillary urothelial cell carcinoma	bladder papillary urothelial carcinoma	standard	22
3631	8528	DISEASE	Papillon-Lefevre disease	papillon-lefevre disease	Papillon-Lefèvre syndrome	MedGen	24
3632	5351	DISEASE	paracetamol poisoning	paracetamol poisoning	poisoning / intoxication	corrected_overlay	8
3633	5352	DISEASE	paraganglioma	paraganglioma	paraganglioma	standard	75
3634	5353	DISEASE	paragonimiasis	paragonimiasis	Paragonimiasis	standard	7
3635	5354	DISEASE	parainfluenza virus infections	parainfluenza virus infections	Paramyxoviridae Infections	standard	22
3636	5355	DISEASE	paralysis agitans, juvenile, of hunt	paralysis agitans, juvenile, of hunt	juvenile parkinsonism	corrected_overlay	19
3637	5356	DISEASE	paralytic ileus	paralytic ileus	Intestinal Pseudo-Obstruction	standard	32
3638	5357	DISEASE	parametritis	parametritis	Parametritis	standard	27
3639	8475	DISEASE	paramyotonia congenita of Von Eulenburg	paramyotonia congenita of von eulenburg	paramyotonia congenita of Von Eulenburg	MONDO	51
3640	5358	DISEASE	paranasal sinus cancer	paranasal sinus cancer	Paranasal Sinus Neoplasms	standard	7
3641	5359	DISEASE	paranasal sinus squamous cell carcinoma	paranasal sinus squamous cell carcinoma	paranasal sinus squamous cell carcinoma	standard	28
3642	5360	DISEASE	paranoia	paranoia	Paranoid Disorders	standard	42
3643	5361	DISEASE	paranoid psychosis	paranoid psychosis	Paranoid Disorders	standard	42
3644	5362	DISEASE	paraplegia	paraplegia	Paraplegia	standard	45
3645	8907	DISEASE	parastremmatic dwarfism	parastremmatic dwarfism	parastremmatic dwarfism	MONDO	21
3646	5363	DISEASE	parathyroid gland carcinoma	parathyroid gland carcinoma	parathyroid gland carcinoma	standard	61
3647	5364	DISEASE	parenteral nutrition	parenteral nutrition	Parenteral Nutrition	standard	34
3648	5365	DISEASE	parkinson disease	parkinson disease	Parkinson disease	standard	61
3649	8037	DISEASE	Parkinson disease 11, autosomal dominant, susceptibility to	parkinson disease 11, autosomal dominant, susceptibility to	Parkinson disease 11, autosomal dominant, susceptibility to	MedGen	197
3650	9430	DISEASE	Parkinson disease 17	parkinson disease 17	Parkinson disease 17	MONDO	17
3651	8020	DISEASE	Parkinson disease 3, autosomal dominant	parkinson disease 3, autosomal dominant	Parkinson disease 3, autosomal dominant	MedGen	197
3652	8005	DISEASE	Parkinson disease, mitochondrial	parkinson disease, mitochondrial	Parkinson disease, mitochondrial	MedGen	197
3653	5366	DISEASE	parkinson's disease	parkinson's disease	Parkinson Disease	standard	96
3654	7995	DISEASE	parkinsonian-pyramidal syndrome	parkinsonian-pyramidal syndrome	Parkinsonian-pyramidal syndrome	MedGen	197
3655	5367	DISEASE	parkinsonism	parkinsonism	Parkinsonian Disorders	standard	57
3656	5368	DISEASE	parkinsonism with dementia of guadeloupe	parkinsonism with dementia of guadeloupe	parkinsonism with dementia of Guadeloupe	standard	28
3657	5369	DISEASE	paronychia	paronychia	Paronychia	standard	72
3658	5370	DISEASE	paroxysmal atrial fibrillation	paroxysmal atrial fibrillation	Atrial Fibrillation	standard	46
3659	5371	DISEASE	paroxysmal atrial flutter	paroxysmal atrial flutter	Paroxysmal Atrial Flutter	standard	28
3660	5372	DISEASE	paroxysmal nocturnal hemoglobinuria	paroxysmal nocturnal hemoglobinuria	Hemoglobinuria, Paroxysmal	standard	58
3661	6428	DISEASE	paroxysmal nocturnal hemoglobinuria (pnh)	paroxysmal nocturnal hemoglobinuria (pnh)	paroxysmal nocturnal hemoglobinuria	alias_disease	24
3662	5373	DISEASE	paroxysmal supraventricular tachycardia	paroxysmal supraventricular tachycardia	Tachycardia, Ventricular	standard	69
3663	5374	DISEASE	paroxysmal tachycardia	paroxysmal tachycardia	Tachycardia, Paroxysmal	standard	8
3664	5375	DISEASE	partial motor epilepsy	partial motor epilepsy	partial motor epilepsy	standard	32
3665	5376	DISEASE	partial seizure	partial seizure	Seizures	standard	39
3666	5377	DISEASE	partial seizures	partial seizures	Seizures	standard	39
3667	5378	DISEASE	partial thickness burn	partial thickness burn	burn	standard	22
3668	5379	DISEASE	partial urethral obstruction	partial urethral obstruction	partial urethral obstruction	corrected_overlay	23
3669	5380	DISEASE	partial-onset seizures	partial-onset seizures	reading seizures	standard	81
3670	5381	DISEASE	pasteurella hemorrhagic septicemia	pasteurella hemorrhagic septicemia	Pasteurella hemorrhagic septicemia	standard	39
3671	5382	DISEASE	pasteurella infections	pasteurella infections	Pasteurella Infections	standard	7
3672	5383	DISEASE	pasteurellosis	pasteurellosis	Pasteurella Infections	standard	7
3673	5384	DISEASE	patent ductus arteriosus	patent ductus arteriosus	patent ductus arteriosus	standard	39
3674	5385	DISEASE	pathologic fracture	pathologic fracture	Fractures, Spontaneous	standard	23
3675	5386	DISEASE	pathologic myopia	pathologic myopia	myopia	standard	12
3676	5387	DISEASE	pathological hypersecretory conditions	pathological hypersecretory conditions	pathological gastric acid hypersecretory condition	corrected_overlay	24
3677	8035	DISEASE	PDA1	pda1	PDA1	MONDO	12
3678	5388	DISEASE	peanut allergy	peanut allergy	Peanut Hypersensitivity	standard	11
3679	5389	DISEASE	pecoma	pecoma	Perivascular Epithelioid Cell Neoplasms	standard	45
3680	5390	DISEASE	pediatric arterial ischemic stroke	pediatric arterial ischemic stroke	pediatric arterial ischemic stroke	standard	29
3681	5391	DISEASE	pediatric ulcerative colitis	pediatric ulcerative colitis	inflammatory bowel disease 1	standard	18
3682	5392	DISEASE	pediculosis	pediculosis	Lice Infestations	standard	44
3683	5393	DISEASE	pediculus humanus capitis infestation	pediculus humanus capitis infestation	Pediculus humanus capitis infestation	standard	7
3684	7869	DISEASE	Pelger-Huet-like anomaly and episodic fever with abdominal pain	pelger-huet-like anomaly and episodic fever with abdominal pain	Pelger-Huet-like anomaly and episodic fever with abdominal pain	MONDO	18
3685	5394	DISEASE	pellagra	pellagra	Pellagra	standard	31
3686	5395	DISEASE	pelvic infections	pelvic infections	Pelvic Infection	standard	9
3687	5396	DISEASE	pelvic inflammatory disease	pelvic inflammatory disease	Pelvic Inflammatory Disease	standard	64
3688	5397	DISEASE	pelvic muscle wasting	pelvic muscle wasting	pelvic muscle wasting	standard	42
3689	5398	DISEASE	pelvis infections	pelvis infections	Pelvic Infection	corrected_overlay	11
3690	5399	DISEASE	pemphigoid	pemphigoid	Pemphigoid, Bullous	standard	16
3691	5400	DISEASE	pemphigus	pemphigus	Pemphigus	standard	15
3692	5401	DISEASE	pemphigus foliaceus	pemphigus foliaceus	Pemphigus	standard	15
3693	5402	DISEASE	pemphigus vulgaris	pemphigus vulgaris	Pemphigus	standard	15
3694	9068	DISEASE	Pendred syndrome	pendred syndrome	Pendred syndrome	MONDO	18
3695	5403	DISEASE	penile cancer	penile cancer	Penile Neoplasms	standard	11
3696	5404	DISEASE	penile induration	penile induration	Penile Induration	standard	52
3697	5405	DISEASE	penis mixed squamous cell carcinoma	penis mixed squamous cell carcinoma	penis mixed squamous cell carcinoma	standard	30
3698	5406	DISEASE	peptic esophagitis	peptic esophagitis	Esophagitis, Peptic	standard	20
3699	5407	DISEASE	peptic ulcer	peptic ulcer	Peptic Ulcer	standard	51
3700	5408	DISEASE	peptic ulcers	peptic ulcers	Peptic Ulcer	standard	51
3701	5409	DISEASE	peptostreptococcus species	peptostreptococcus species	Peptostreptococcus	standard	27
3702	5410	DISEASE	perennial allergic rhinitis	perennial allergic rhinitis	perennial allergic rhinitis	standard	10
3703	5411	DISEASE	perennial rhinitis	perennial rhinitis	Rhinitis, Allergic, Perennial	standard	35
3704	5412	DISEASE	perianal warts	perianal warts	perianal condylomata acuminata	corrected_overlay	15
3705	5413	DISEASE	periarthritis	periarthritis	Periarthritis	standard	10
3706	5414	DISEASE	periarthritis scapulohumeralis	periarthritis scapulohumeralis	Periarthritis	standard	10
3707	5415	DISEASE	pericardial tuberculosis	pericardial tuberculosis	pericardial tuberculosis	standard	33
3708	5416	DISEASE	pericarditis	pericarditis	Pericarditis	standard	25
3709	5417	DISEASE	pericoronitis	pericoronitis	Pericoronitis	standard	10
3710	7467	DISEASE	perinatal hbv infection	perinatal hbv infection	perinatal asphyxia	modified_disease	18
3711	7468	DISEASE	perinatal lethal hypophosphatasia	perinatal lethal hypophosphatasia	perinatal lethal hypophosphatasia	modified_disease	75
3712	7469	DISEASE	perinatal/infantile hypophosphatasia	perinatal/infantile hypophosphatasia	hypophosphatasia	modified_disease	34
3713	5418	DISEASE	perinephric abscess	perinephric abscess	Perinephric Abscess	standard	15
3714	5419	DISEASE	periodontal inflammation	periodontal inflammation	periodontal disorder	standard	30
3715	5420	DISEASE	periodontitis	periodontitis	Periodontitis	standard	51
3716	8477	DISEASE	periodontitis, aggressive 1	periodontitis, aggressive 1	periodontitis, aggressive 1	MONDO	79
3717	7470	DISEASE	periodontitis, chronic, adult	periodontitis, chronic, adult	Chronic Periodontitis	modified_disease	26
3718	5421	DISEASE	perioperative hemorrhage	perioperative hemorrhage	intracerebral hemorrhage	standard	29
3719	5422	DISEASE	perioperative hypertension	perioperative hypertension	renal hypertension	standard	15
3720	5423	DISEASE	perioperative thrombosis	perioperative thrombosis	intracranial thrombosis	standard	35
3721	5424	DISEASE	peripheral arterial disease	peripheral arterial disease	Peripheral Arterial Disease	standard	24
3722	5425	DISEASE	peripheral arterial embolism	peripheral arterial embolism	peripheral arterial disease	standard	49
3723	5426	DISEASE	peripheral embolism	peripheral embolism	cholesterol embolism	standard	48
3724	7860	DISEASE	peripheral motor neuropathy-dysautonomia syndrome	peripheral motor neuropathy-dysautonomia syndrome	peripheral motor neuropathy-dysautonomia syndrome	MONDO	44
3725	5427	DISEASE	peripheral neuropathic pain	peripheral neuropathic pain	peripheral neuropathic pain	corrected_overlay	19
3726	5428	DISEASE	peripheral neuropathy	peripheral neuropathy	Peripheral Nervous System Diseases	standard	28
3727	7870	DISEASE	peripheral neuropathy, ataxia, focal necrotizing encephalopathy, and spongy degeneration of brain	peripheral neuropathy, ataxia, focal necrotizing encephalopathy, and spongy degeneration of brain	peripheral neuropathy	MONDO	26
3728	5429	DISEASE	peripheral t-cell lymphoma	peripheral t-cell lymphoma	Lymphoma, T-Cell, Peripheral	standard	58
3729	7471	DISEASE	peripheral t-cell lymphoma, not otherwise specified	peripheral t-cell lymphoma, not otherwise specified	Peripheral T-cell lymphoma, not otherwise specified	manual_final7_review	30
3730	5430	DISEASE	peripheral vascular disease	peripheral vascular disease	Peripheral Vascular Diseases	standard	15
3731	5431	DISEASE	peripheral vascular diseases	peripheral vascular diseases	Peripheral Vascular Diseases	standard	15
3732	5432	DISEASE	peripheral vertigo	peripheral vertigo	Vertigo	standard	70
3733	5433	DISEASE	peripheral vessel disease	peripheral vessel disease	peripheral vascular disease	standard	14
3734	5434	DISEASE	peritoneal abscess	peritoneal abscess	Peritoneal abscess	standard	8
3735	5435	DISEASE	peritoneal membrane disorder	peritoneal membrane disorder	peritoneal membrane disorder	corrected_overlay	13
3736	5436	DISEASE	peritonitis	peritonitis	Peritonitis	standard	51
3737	5437	DISEASE	peritonsillar abscess	peritonsillar abscess	Peritonsillar Abscess	standard	15
3738	5438	DISEASE	peritonsillitis	peritonsillitis	peritonsillitis	corrected_overlay	23
3739	9049	DISEASE	Perlman syndrome	perlman syndrome	Perlman syndrome	MONDO	26
3740	5439	DISEASE	permanent atrial fibrillation	permanent atrial fibrillation	Permanent atrial fibrillation	standard	30
3741	5440	DISEASE	pernicious anemia	pernicious anemia	Anemia, Pernicious	standard	49
3742	5441	DISEASE	peroxisomal disease	peroxisomal disease	peroxisomal disease	standard	30
3743	5442	DISEASE	peroxisome biogenesis disorder 1b	peroxisome biogenesis disorder 1b	peroxisome biogenesis disorder 1B	standard	33
3744	7985	DISEASE	peroxisome biogenesis disorder 2B	peroxisome biogenesis disorder 2b	Peroxisome biogenesis disorder 2B	MedGen	211
3745	9458	DISEASE	peroxisome biogenesis disorder 4B	peroxisome biogenesis disorder 4b	peroxisome biogenesis disorder 4B	MONDO	41
3746	9459	DISEASE	peroxisome biogenesis disorder 5B	peroxisome biogenesis disorder 5b	peroxisome biogenesis disorder 5B	MONDO	15
3747	9460	DISEASE	peroxisome biogenesis disorder 7B	peroxisome biogenesis disorder 7b	peroxisome biogenesis disorder 7B	MONDO	15
3748	5443	DISEASE	persistent (nontransient) facial erythema of rosacea	persistent (nontransient) facial erythema of rosacea	rosacea	standard	33
3749	5444	DISEASE	persistent atrial fibrillation	persistent atrial fibrillation	Atrial Fibrillation	standard	46
3750	7472	DISEASE	persistent fetal circulation syndrome	persistent fetal circulation syndrome	Persistent Fetal Circulation Syndrome	modified_disease	40
3751	7473	DISEASE	persistent idiopathic facial pain	persistent idiopathic facial pain	Facial Pain	NCI Thesaurus	25
3752	5445	DISEASE	persistent ovarian cancer	persistent ovarian cancer	ovarian cancer	standard	38
3753	5446	DISEASE	persistent pulmonary hypertension of the newborn	persistent pulmonary hypertension of the newborn	Persistent Pulmonary Hypertension of the Newborn, AE	NCI Thesaurus	35
3754	5447	DISEASE	pertussis	pertussis	Whooping Cough	standard	20
3755	5448	DISEASE	pervasive developmental disorder	pervasive developmental disorder	pervasive developmental disorder	standard	35
3756	5449	DISEASE	petit mal seizures	petit mal seizures	Seizures	standard	39
3757	8912	DISEASE	Peutz-Jeghers syndrome	peutz-jeghers syndrome	Peutz-Jeghers syndrome	MONDO	30
3758	5450	DISEASE	peyronie disease	peyronie disease	Penile Induration	standard	52
3759	5451	DISEASE	peyronie's disease	peyronie's disease	Penile Induration	standard	52
3760	8822	DISEASE	Pfeiffer syndrome	pfeiffer syndrome	Pfeiffer syndrome	MONDO	33
3761	7474	DISEASE	ph-positive acute lymphoblastic leukemia	ph-positive acute lymphoblastic leukemia	Ph-positive acute lymphoblastic leukemia	modified_disease	84
3762	5452	DISEASE	pharmacologically induced mydriasis	pharmacologically induced mydriasis	drug-induced mydriasis	corrected_overlay	15
3763	5453	DISEASE	pharyngalgia	pharyngalgia	Pharyngalgia	standard	20
3764	5454	DISEASE	pharyngitis	pharyngitis	Pharyngitis	standard	5
3765	9201	DISEASE	Phelan-McDermid syndrome	phelan-mcdermid syndrome	Phelan-McDermid syndrome	MONDO	43
3766	5455	DISEASE	phenothiazine poisoning	phenothiazine poisoning	Phenothiazine poisoning	manual_final7_review	29
3767	5456	DISEASE	phenylketonuria	phenylketonuria	Phenylketonurias	standard	67
3768	5457	DISEASE	pheochromocytoma	pheochromocytoma	Pheochromocytoma	standard	104
3769	8474	DISEASE	pheochromocytoma/paraganglioma syndrome 1	pheochromocytoma/paraganglioma syndrome 1	pheochromocytoma/paraganglioma syndrome 1	MONDO	38
3770	9155	DISEASE	PHGDH deficiency	phgdh deficiency	PHGDH deficiency	MONDO	47
3771	7475	DISEASE	philadelphia chromosome-negative precursor b-cell acute lymphoblastic leukemia	philadelphia chromosome-negative precursor b-cell acute lymphoblastic leukemia	precursor B-cell acute lymphoblastic leukemia	modified_disease	19
3772	7476	DISEASE	philadelphia chromosome-positive (ph+) acute lymphocytic leukemia (all)	philadelphia chromosome-positive (ph+) acute lymphocytic leukemia (all)	Philadelphia Chromosome-Positive Acute Lymphoblastic Leukemia	MedGen; SNOMED CT	32
3773	7477	DISEASE	philadelphia chromosome-positive (ph+) chronic myeloid leukemia (cml)	philadelphia chromosome-positive (ph+) chronic myeloid leukemia (cml)	Leukemia, Myeloid	modified_disease	34
3774	7478	DISEASE	philadelphia-positive myelogenous leukemia	philadelphia-positive myelogenous leukemia	Myeloid Leukemia, Philadelphia-Positive	modified_disease	16
3775	5458	DISEASE	phip-related behavioral problems-intellectual disability-obesity-dysmorphic features syndrome	phip-related behavioral problems-intellectual disability-obesity-dysmorphic features syndrome	PHIP-related behavioral problems-intellectual disability-obesity-dysmorphic features syndrome	standard	40
3776	5459	DISEASE	phobic disorder	phobic disorder	Phobic Disorders	standard	26
3777	9039	DISEASE	phosphoenolpyruvate carboxykinase deficiency, mitochondrial	phosphoenolpyruvate carboxykinase deficiency, mitochondrial	phosphoenolpyruvate carboxykinase deficiency, mitochondrial	MONDO	15
3778	7743	DISEASE	photoparoxysmal response 1	photoparoxysmal response 1	Photoparoxysmal response seen on EEG	MedGen	13
3779	5460	DISEASE	photophobia	photophobia	Photophobia	standard	32
3780	5461	DISEASE	phototoxicity	phototoxicity	Dermatitis, Phototoxic	standard	25
3781	5462	DISEASE	physiological anemia of infancy	physiological anemia of infancy	Infancy	standard	16
3782	8478	DISEASE	Pick disease	pick disease	Pick disease	MedGen	115
3783	8908	DISEASE	piebaldism	piebaldism	piebaldism	MONDO	55
3784	9243	DISEASE	Pierson syndrome	pierson syndrome	Pierson syndrome	MONDO	16
3785	5463	DISEASE	pigmented villonodular synovitis	pigmented villonodular synovitis	Synovitis, Pigmented Villonodular	standard	55
3786	5464	DISEASE	pik3ca-related overgrowth spectrum	pik3ca-related overgrowth spectrum	PIK3CA-related overgrowth spectrum	standard	19
3787	8859	DISEASE	pilomatrixoma	pilomatrixoma	pilomatrixoma	MONDO	67
3788	5465	DISEASE	pinealoma	pinealoma	Pinealoma	standard	105
3789	5466	DISEASE	pinta	pinta	Pinta	standard	49
3790	5467	DISEASE	pinta disease	pinta disease	pinta disease	standard	10
3791	5468	DISEASE	pinworm infections	pinworm infections	Enterobiasis	standard	29
3792	9287	DISEASE	Pitt-Hopkins syndrome	pitt-hopkins syndrome	Pitt-Hopkins syndrome	MONDO	21
3793	9435	DISEASE	Pitt-Hopkins-like syndrome 2	pitt-hopkins-like syndrome 2	Pitt-Hopkins-like syndrome 2	MONDO	17
3794	5469	DISEASE	pituitary apoplexy	pituitary apoplexy	Pituitary Apoplexy	standard	68
3795	5470	DISEASE	pituitary gland adenoma	pituitary gland adenoma	pituitary gland adenoma	standard	79
3796	5471	DISEASE	pituitary macroadenoma	pituitary macroadenoma	Pituitary macroadenoma	standard	9
3797	7479	DISEASE	pituitary pars intermedia dysfunction (equine cushing's disease) in horses	pituitary pars intermedia dysfunction (equine cushing's disease) in horses	Pituitary Pars Intermedia Dysfunction (Equine Cushing's Disease) in Horses	Utah State University Extension; PubMed	60
3798	5472	DISEASE	pituitary tumor	pituitary tumor	Pituitary Neoplasms	standard	79
3799	5473	DISEASE	pityriasis rubra pilaris	pityriasis rubra pilaris	Pityriasis Rubra Pilaris	standard	32
3800	5474	DISEASE	pityriasis versicolor	pityriasis versicolor	Tinea Versicolor	standard	49
3801	5475	DISEASE	placental abruption	placental abruption	Abruptio Placentae	standard	28
3802	5476	DISEASE	plague	plague	Plague	standard	38
3803	5477	DISEASE	plantar wart	plantar wart	plantar wart	standard	15
3804	5478	DISEASE	plaque psoriasis	plaque psoriasis	psoriasis	standard	45
3805	5479	DISEASE	plasma cell myeloma	plasma cell myeloma	Multiple Myeloma	standard	41
3806	7480	DISEASE	plasma cell myeloma refractory	plasma cell myeloma refractory	plasma cell myeloma / multiple myeloma	corrected_overlay	9
3807	7481	DISEASE	plasminogen deficiency type 1 (hypoplasminogenemia)	plasminogen deficiency type 1 (hypoplasminogenemia)	hypoplasminogenemia	modified_disease	30
3808	5480	DISEASE	plasmodium falciparum malaria	plasmodium falciparum malaria	Malaria, Falciparum	standard	45
3809	5481	DISEASE	plasmodium vivax malaria	plasmodium vivax malaria	Malaria, Vivax	standard	32
3810	8920	DISEASE	pleomorphic adenoma	pleomorphic adenoma	pleomorphic adenoma	MONDO	89
3811	5482	DISEASE	pleural effusion, malignant	pleural effusion, malignant	Pleural Effusion, Malignant	standard	21
3812	5483	DISEASE	pleural empyema	pleural empyema	Empyema, Pleural	standard	6
3813	5484	DISEASE	pleural mesothelioma	pleural mesothelioma	pleural mesothelioma	standard	43
3814	5485	DISEASE	pleural tuberculosis	pleural tuberculosis	Tuberculosis, Pleural	standard	13
3815	9150	DISEASE	pleuropulmonary blastoma	pleuropulmonary blastoma	pleuropulmonary blastoma	MONDO	74
3816	5486	DISEASE	plexiform neurofibroma	plexiform neurofibroma	Neurofibroma, Plexiform	standard	72
3817	5487	DISEASE	plexosarcoma	plexosarcoma	Gastrointestinal Autonomic Nerve Tumor	standard	21
3818	5488	DISEASE	plummer disease	plummer disease	toxic multinodular goitre	standard	9
3819	5489	DISEASE	pneumococcal bacteremia	pneumococcal bacteremia	pneumococcal infection	standard	8
3820	5490	DISEASE	pneumococcal disease	pneumococcal disease	Pneumococcal Infections	standard	8
3821	5491	DISEASE	pneumococcal infection	pneumococcal infection	Pneumococcal Infections	standard	8
3822	5492	DISEASE	pneumococcal infections	pneumococcal infections	Pneumococcal Infections	standard	8
3823	5493	DISEASE	pneumococcal meningitis	pneumococcal meningitis	Meningitis, Pneumococcal	standard	79
3824	5494	DISEASE	pneumococcal pneumonia	pneumococcal pneumonia	Pneumonia, Pneumococcal	standard	7
3825	5495	DISEASE	pneumocystis carinii pneumonia	pneumocystis carinii pneumonia	Pneumonia, Pneumocystis	standard	54
3826	5496	DISEASE	pneumocystis jiroveci pneumonia	pneumocystis jiroveci pneumonia	Pneumonia, Pneumocystis	standard	54
3827	5497	DISEASE	pneumocystosis	pneumocystosis	Pneumonia, Pneumocystis	standard	54
3828	5498	DISEASE	pneumonia	pneumonia	Pneumonia	standard	8
3829	7482	DISEASE	pneumonia caused by chlamydia	pneumonia caused by chlamydia	pneumonia caused by chlamydia	modified_disease	15
3830	7483	DISEASE	pneumonia caused by pseudomonas aeruginosa infection	pneumonia caused by pseudomonas aeruginosa infection	pneumonia caused by pseudomonas aeruginosa infection	modified_disease	37
3831	5499	DISEASE	pneumonia, mycoplasma	pneumonia, mycoplasma	Pneumonia, Mycoplasma	standard	41
3832	5500	DISEASE	pneumonic plague	pneumonic plague	Plague	standard	38
3833	5501	DISEASE	pneumonitis	pneumonitis	Pneumonia	standard	8
3834	5502	DISEASE	pneumothorax	pneumothorax	Pneumothorax	standard	34
3835	5503	DISEASE	poison ivy dermatitis	poison ivy dermatitis	Dermatitis, Toxicodendron	standard	40
3836	5504	DISEASE	poisoning	poisoning	Poisoning	standard	18
3837	5505	DISEASE	poisoning by antihistamine	poisoning by antihistamine	poisoning / intoxication	corrected_overlay	8
3838	5506	DISEASE	poisoning by barbiturate	poisoning by barbiturate	barbiturate dependence	standard	18
3839	5507	DISEASE	poisoning by butyrophenone-based tranquilizer	poisoning by butyrophenone-based tranquilizer	poisoning / intoxication	corrected_overlay	9
3840	5508	DISEASE	poisoning by parasympathomimetic drug	poisoning by parasympathomimetic drug	poisoning / intoxication	corrected_overlay	9
3841	5509	DISEASE	poisoning by pilocarpine	poisoning by pilocarpine	pilocarpine poisoning	corrected_overlay	15
3842	5510	DISEASE	poisoning by salicylate	poisoning by salicylate	poisoning / intoxication	corrected_overlay	8
3843	5511	DISEASE	poliomyelitis	poliomyelitis	Poliomyelitis	standard	104
3844	5512	DISEASE	pollakisuria	pollakisuria	Pollakisuria	standard	4
3845	5513	DISEASE	polyarteritis nodosa	polyarteritis nodosa	Polyarteritis Nodosa	standard	41
3846	7484	DISEASE	polyarticular idiopathic arthritis	polyarticular idiopathic arthritis	Arthritis, Juvenile	modified_disease	17
3847	7485	DISEASE	polyarticular juvenile idiopathic arthritis	polyarticular juvenile idiopathic arthritis	Arthritis, Juvenile	modified_disease	18
3848	5514	DISEASE	polycystic kidney disease	polycystic kidney disease	Polycystic Kidney Diseases	standard	30
3849	8479	DISEASE	polycystic kidney disease 1	polycystic kidney disease 1	Polycystic kidney disease 8	MedGen	35
3850	9345	DISEASE	polycystic kidney disease 2	polycystic kidney disease 2	polycystic kidney disease 2	MONDO	11
3851	9043	DISEASE	polycystic kidney disease 4	polycystic kidney disease 4	polycystic kidney disease 4	MONDO	16
3852	5515	DISEASE	polycystic kidney, autosomal dominant	polycystic kidney, autosomal dominant	Polycystic Kidney, Autosomal Dominant	standard	20
3853	8480	DISEASE	polycystic liver disease 1	polycystic liver disease 1	Polycystic liver disease 1	MedGen	142
3854	5516	DISEASE	polycystic ovary syndrome	polycystic ovary syndrome	Polycystic Ovary Syndrome	standard	40
3855	5517	DISEASE	polycythemia vera	polycythemia vera	Polycythemia Vera	standard	49
3856	5518	DISEASE	polydipsia	polydipsia	Polydipsia	standard	30
3857	5519	DISEASE	polymorphic ventricular tachycardia	polymorphic ventricular tachycardia	polymorphic ventricular tachycardia	standard	10
3858	5520	DISEASE	polymyalgia rheumatica	polymyalgia rheumatica	Polymyalgia Rheumatica	standard	77
3859	5521	DISEASE	polymyositis	polymyositis	Polymyositis	standard	120
3860	5522	DISEASE	polyneuropathy	polyneuropathy	Polyneuropathies	standard	83
3861	7486	DISEASE	polyneuropathy of hereditary transthyretin-mediated amyloidosis	polyneuropathy of hereditary transthyretin-mediated amyloidosis	familial amyloid neuropathy	modified_disease	26
3862	5523	DISEASE	polyphagia	polyphagia	Hyperphagia	standard	9
3863	7797	DISEASE	polyposis of gastric fundus without polyposis coli	polyposis of gastric fundus without polyposis coli	Polyposis of gastric fundus without polyposis coli	MedGen	80
3864	7798	DISEASE	polyps, multiple and recurrent inflammatory fibroid, gastrointestinal	polyps, multiple and recurrent inflammatory fibroid, gastrointestinal	Polyps	MeSH	45
3865	8607	DISEASE	polysubstance abuse, susceptibility to	polysubstance abuse, susceptibility to	Polysubstance abuse, susceptibility to	MedGen	12
3866	5524	DISEASE	polyuria	polyuria	Polyuria	standard	21
3867	5525	DISEASE	pompe disease	pompe disease	Glycogen Storage Disease Type II	standard	96
3868	9464	DISEASE	pontocerebellar hypoplasia type 7	pontocerebellar hypoplasia type 7	pontocerebellar hypoplasia type 7	MONDO	86
3869	9463	DISEASE	pontocerebellar hypoplasia type 8	pontocerebellar hypoplasia type 8	pontocerebellar hypoplasia type 8	MONDO	89
3870	9505	DISEASE	pontocerebellar hypoplasia type 9	pontocerebellar hypoplasia type 9	pontocerebellar hypoplasia type 9	MONDO	18
3871	9444	DISEASE	porencephaly 2	porencephaly 2	porencephaly	MONDO	41
3872	5526	DISEASE	porphyria	porphyria	Porphyrias	standard	68
3873	7904	DISEASE	portal vein, cavernous transformation of	portal vein, cavernous transformation of	portal vein	HPO	16
3874	7487	DISEASE	post operative nausea and vomiting	post operative nausea and vomiting	Postoperative Nausea and Vomiting	EFO	6
3875	5527	DISEASE	post-anoxic myoclonus	post-anoxic myoclonus	myoclonus-dystonia syndrome	standard	19
3876	7488	DISEASE	post-operative deep vein thrombosis (dvt)	post-operative deep vein thrombosis (dvt)	Thrombosis	modified_disease	18
3877	7489	DISEASE	post-operative pain	post-operative pain	Postoperative Pain	modified_disease	12
3878	7490	DISEASE	post-transplant lymphoproliferative disease	post-transplant lymphoproliferative disease	post-transplant lymphoproliferative disease	modified_disease	73
3879	5528	DISEASE	post-traumatic headache	post-traumatic headache	Post-Traumatic Headache	standard	11
3880	5529	DISEASE	post-traumatic stress disorder	post-traumatic stress disorder	Stress Disorders, Post-Traumatic	standard	14
3881	5530	DISEASE	post-vaccinal encephalitis	post-vaccinal encephalitis	Encephalomyelitis, Acute Disseminated	standard	79
3882	5531	DISEASE	postabortion hemorrhage	postabortion hemorrhage	intracerebral hemorrhage	standard	29
3883	5532	DISEASE	postencephalitic parkinson disease	postencephalitic parkinson disease	Parkinson Disease, Postencephalitic	standard	80
3884	5533	DISEASE	postencephalitic parkinsonism	postencephalitic parkinsonism	Parkinson Disease, Postencephalitic	standard	80
3885	5534	DISEASE	posterior uveitis	posterior uveitis	Uveitis, Posterior	standard	33
3886	5535	DISEASE	postherpetic neuralgia	postherpetic neuralgia	Neuralgia, Postherpetic	standard	47
3887	5536	DISEASE	postinfectious cough	postinfectious cough	postinfectious vasculitis	standard	16
3888	7491	DISEASE	postmenopausal atrophic vaginitis	postmenopausal atrophic vaginitis	postmenopausal atrophic vaginitis	modified_disease	49
3889	7492	DISEASE	postmenopausal breast cancer	postmenopausal breast cancer	Breast Neoplasms	modified_disease	13
3890	7493	DISEASE	postmenopausal osteoporosis	postmenopausal osteoporosis	Osteoporosis, Postmenopausal	modified_disease	32
3891	7494	DISEASE	postmenopausal symptoms	postmenopausal symptoms	postmenopausal osteoporosis	modified_disease	19
3892	5537	DISEASE	postnatal depression	postnatal depression	Depression, Postpartum	standard	30
3893	5538	DISEASE	postoperative dental surgery pain	postoperative dental surgery pain	postoperative dental surgery pain	corrected_overlay	13
3894	5539	DISEASE	postoperative hemorrhage	postoperative hemorrhage	Postoperative Hemorrhage	standard	19
3895	5540	DISEASE	postoperative ileus	postoperative ileus	ileus	standard	11
3896	5541	DISEASE	postoperative infection	postoperative infection	Postoperative Infection	standard	17
3897	5542	DISEASE	postoperative inflammation	postoperative inflammation	Postoperative inflammation	manual_final7_review	27
3898	5543	DISEASE	postoperative inflammation following ocular surgery	postoperative inflammation following ocular surgery	Postoperative inflammation	corrected_overlay	9
3899	5544	DISEASE	postoperative nausea	postoperative nausea	Postoperative Nausea and Vomiting	standard	6
3900	5545	DISEASE	postoperative nausea and vomiting	postoperative nausea and vomiting	Postoperative Nausea and Vomiting	standard	6
3901	5546	DISEASE	postoperative pain	postoperative pain	Postoperative Pain	standard	6
3902	5547	DISEASE	postoperative paralytic ileus	postoperative paralytic ileus	paralytic ileus	standard	26
3903	5548	DISEASE	postoperative thrombosis	postoperative thrombosis	intracranial thrombosis	standard	35
3904	5549	DISEASE	postoperative venous thromboembolism	postoperative venous thromboembolism	venous thromboembolism	standard	21
3905	5550	DISEASE	postpartum hemorrhage	postpartum hemorrhage	Postpartum Hemorrhage	standard	58
3906	5551	DISEASE	postpartum uterine atony	postpartum uterine atony	postpartum uterine atony	corrected_overlay	22
3907	5552	DISEASE	posttraumatic stress disorder	posttraumatic stress disorder	Stress Disorders, Post-Traumatic	standard	14
3908	9185	DISEASE	postural orthostatic tachycardia syndrome	postural orthostatic tachycardia syndrome	postural orthostatic tachycardia syndrome	MONDO	30
3909	5553	DISEASE	potassium deficiency	potassium deficiency	Potassium Deficiency	standard	85
3910	8593	DISEASE	PPARG-related familial partial lipodystrophy	pparg-related familial partial lipodystrophy	PPARG-related familial partial lipodystrophy	MedGen	78
3911	5554	DISEASE	prader-willi syndrome	prader-willi syndrome	Prader-Willi Syndrome	standard	65
3912	5555	DISEASE	precancerous condition	precancerous condition	Precancerous Conditions	standard	8
3913	5556	DISEASE	precocious puberty	precocious puberty	Puberty, Precocious	standard	53
3914	7495	DISEASE	precursor b-cell acute lymphoblastic leukemia	precursor b-cell acute lymphoblastic leukemia	precursor B-cell acute lymphoblastic leukemia	modified_disease	25
3915	7496	DISEASE	precursor t-lymphoblastic lymphoma/leukemia	precursor t-lymphoblastic lymphoma/leukemia	T lymphoblastic leukemia/lymphoma	modified_disease	24
3916	7824	DISEASE	predisposition to invasive fungal disease due to CARD9 deficiency	predisposition to invasive fungal disease due to card9 deficiency	Predisposition to invasive fungal disease due to CARD9 deficiency	Orphanet	49
3917	5557	DISEASE	preeclampsia	preeclampsia	Pre-Eclampsia	standard	48
3918	7809	DISEASE	preeclampsia/eclampsia 1	preeclampsia/eclampsia 1	Preeclampsia/eclampsia 1	MedGen	176
3919	5558	DISEASE	premature aging syndrome	premature aging syndrome	premature aging syndrome	standard	12
3920	5559	DISEASE	premature labor	premature labor	Obstetric Labor, Premature	standard	43
3921	5560	DISEASE	premature ovarian failure 1	premature ovarian failure 1	Primary Ovarian Insufficiency	standard	80
3922	5561	DISEASE	premature ventricular contraction	premature ventricular contraction	Ventricular Premature Complexes	standard	56
3923	5562	DISEASE	premenopausal breast cancer	premenopausal breast cancer	breast cancer	standard	35
3924	5563	DISEASE	premenstrual cramps	premenstrual cramps	premenstrual tension	standard	45
3925	5564	DISEASE	premenstrual dysphoric disorder	premenstrual dysphoric disorder	Premenstrual Dysphoric Disorder	standard	59
3926	5565	DISEASE	premenstrual syndrome	premenstrual syndrome	Premenstrual Syndrome	standard	45
3927	5566	DISEASE	preoperative sedation	preoperative sedation	Preoperative IV Sedation was Administered	standard	9
3928	5567	DISEASE	presbyopia	presbyopia	Presbyopia	standard	14
3929	5568	DISEASE	pressure	pressure	Pressure	standard	27
3930	5569	DISEASE	presumed ocular histoplasmosis syndrome	presumed ocular histoplasmosis syndrome	Presumed ocular histoplasmosis syndrome	corrected_overlay	20
3931	5570	DISEASE	preterm birth	preterm birth	Premature Birth	standard	23
3932	9271	DISEASE	preterm premature rupture of the membranes	preterm premature rupture of the membranes	preterm premature rupture of the membranes	MONDO	16
3933	5571	DISEASE	prevent pregnancy	prevent pregnancy	Contraception	corrected_overlay	9
3934	5572	DISEASE	prevent pregnancy,	prevent pregnancy,	Contraception	corrected_overlay	9
3935	5573	DISEASE	prevent premature ovulation	prevent premature ovulation	Ovulation	MeSH	23
3936	7497	DISEASE	prevention of bone marrow transplant rejection	prevention of bone marrow transplant rejection	transplant rejection	modified_disease	32
3937	5574	DISEASE	prevention of pregnancy	prevention of pregnancy	Contraception	corrected_overlay	9
3938	7498	DISEASE	prevention of renal transplant rejection	prevention of renal transplant rejection	transplant rejection	modified_disease	31
3939	5575	DISEASE	priapism	priapism	Priapism	standard	32
3940	5576	DISEASE	primary adrenocortical insufficiency	primary adrenocortical insufficiency	Addison Disease	standard	47
3941	5577	DISEASE	primary biliary cholangitis	primary biliary cholangitis	Liver Cirrhosis, Biliary	standard	60
3942	5578	DISEASE	primary biliary cholangitis 1	primary biliary cholangitis 1	primary biliary cholangitis 1	standard	14
3943	5579	DISEASE	primary biliary cirrhosis	primary biliary cirrhosis	Liver Cirrhosis, Biliary	standard	60
3944	5580	DISEASE	primary brain neoplasm	primary brain neoplasm	Brain Neoplasms	standard	66
3945	5581	DISEASE	primary breast cancer	primary breast cancer	breast cancer	standard	35
3946	5582	DISEASE	primary central nervous system lymphoma	primary central nervous system lymphoma	primary central nervous system lymphoma	standard	33
3947	5583	DISEASE	primary cutaneous anaplastic large cell lymphoma	primary cutaneous anaplastic large cell lymphoma	Lymphoma, Primary Cutaneous Anaplastic Large Cell	standard	24
3948	5584	DISEASE	primary cutaneous t-cell lymphoma	primary cutaneous t-cell lymphoma	Primary cutaneous T-cell lymphoma	manual_final7_review	34
3949	5585	DISEASE	primary dysmenorrhea	primary dysmenorrhea	primary dysmenorrhea	standard	28
3950	8453	DISEASE	primary erythermalgia	primary erythermalgia	Small fiber neuropathy	MedGen	242
3951	5586	DISEASE	primary gout	primary gout	gout	standard	17
3952	6429	DISEASE	primary hemophagocytic lymphohistiocytosis (hlh)	primary hemophagocytic lymphohistiocytosis (hlh)	hemophagocytic lymphohistiocytosis	corrected_overlay	17
3953	5587	DISEASE	primary hypercholesterolemia	primary hypercholesterolemia	primary hypercholesterolemia	corrected_overlay	21
3954	5588	DISEASE	primary hypergonadotropic hypogonadism-partial alopecia syndrome	primary hypergonadotropic hypogonadism-partial alopecia syndrome	primary hypergonadotropic hypogonadism-partial alopecia syndrome	standard	11
3955	5589	DISEASE	primary hyperlipidemia	primary hyperlipidemia	familial hyperlipidemia	standard	16
3956	7499	DISEASE	primary hyperoxaluria type 1	primary hyperoxaluria type 1	primary hyperoxaluria type 1	modified_disease	58
3957	7500	DISEASE	primary hyperoxaluria type 1 (ph1)	primary hyperoxaluria type 1 (ph1)	primary hyperoxaluria type 1	modified_disease	34
3958	5590	DISEASE	primary hyperparathyroidism	primary hyperparathyroidism	Hyperparathyroidism, Primary	standard	34
3959	5591	DISEASE	primary hypogonadism	primary hypogonadism	Hypogonadism	standard	51
3960	5592	DISEASE	primary hypothyroidism	primary hypothyroidism	Hypothyroidism	standard	55
3961	9534	DISEASE	primary immune thrombocytopenia	primary immune thrombocytopenia	Primary Immune Thrombocytopenia	NCI Thesaurus	55
3962	9535	DISEASE	primary immunoglobulin a nephropathy	primary immunoglobulin a nephropathy	Primary Immunoglobulin A Nephropathy	curated_standard_definition	29
3963	5593	DISEASE	primary mediastinal large b-cell lymphoma	primary mediastinal large b-cell lymphoma	primary mediastinal large B-cell lymphoma	standard	36
3964	5594	DISEASE	primary myelofibrosis	primary myelofibrosis	Primary Myelofibrosis	standard	34
3965	5595	DISEASE	primary nocturnal enuresis	primary nocturnal enuresis	primary nocturnal enuresis	corrected_overlay	22
3966	5596	DISEASE	primary osteoporosis	primary osteoporosis	Osteoporosis	standard	31
3967	5597	DISEASE	primary ovarian failure	primary ovarian failure	primary ovarian failure	standard	16
3968	5598	DISEASE	primary peritoneal cancer	primary peritoneal cancer	primary peritoneal carcinoma	standard	82
3969	5599	DISEASE	primary peritoneal carcinoma	primary peritoneal carcinoma	primary peritoneal carcinoma	standard	82
3970	5600	DISEASE	primary pheochromocytoma	primary pheochromocytoma	adrenal gland pheochromocytoma	standard	57
3971	7501	DISEASE	primary progressive dementia	primary progressive dementia	primary progressive aphasia	modified_disease	38
3972	5601	DISEASE	primary superficial basal cell carcinoma	primary superficial basal cell carcinoma	superficial multifocal basal cell carcinoma	standard	28
3973	5602	DISEASE	primary syphilis	primary syphilis	primary syphilis	standard	49
3974	5603	DISEASE	primary systemic amyloidosis	primary systemic amyloidosis	Immunoglobulin Light-chain Amyloidosis	standard	40
3975	7865	DISEASE	Primrose syndrome	primrose syndrome	Primrose syndrome	MONDO	68
3976	5604	DISEASE	prinzmetal angina	prinzmetal angina	Angina Pectoris, Variant	standard	26
3977	5605	DISEASE	proctitis	proctitis	Proctitis	standard	17
3978	5606	DISEASE	proctosigmoiditis	proctosigmoiditis	Proctocolitis	standard	11
3979	5607	DISEASE	progeria	progeria	Progeria	standard	67
3980	5608	DISEASE	progesterone deficiency	progesterone deficiency	Hypoprogesteronism	standard	5
3981	9045	DISEASE	progesterone resistance	progesterone resistance	progesterone resistance	MONDO	13
3982	8957	DISEASE	progressive bulbar palsy of childhood	progressive bulbar palsy of childhood	progressive bulbar palsy of childhood	MONDO	10
3983	7502	DISEASE	progressive cgvhd	progressive cgvhd	Progressive cGVHD	modified_disease	17
3984	7503	DISEASE	progressive chronic lymphocytic leukemia	progressive chronic lymphocytic leukemia	chronic lymphocytic leukemia, mule	modified_disease	15
3985	9381	DISEASE	progressive demyelinating neuropathy with bilateral striatal necrosis	progressive demyelinating neuropathy with bilateral striatal necrosis	progressive demyelinating neuropathy with bilateral striatal necrosis	MONDO	49
3986	7504	DISEASE	progressive familial intrahepatic cholestasis	progressive familial intrahepatic cholestasis	progressive familial intrahepatic cholestasis	modified_disease	35
3987	8515	DISEASE	progressive familial intrahepatic cholestasis type 1	progressive familial intrahepatic cholestasis type 1	Progressive familial intrahepatic cholestasis type 1	MedGen	109
3988	9156	DISEASE	progressive familial intrahepatic cholestasis type 2	progressive familial intrahepatic cholestasis type 2	progressive familial intrahepatic cholestasis type 2	MONDO	44
3989	9160	DISEASE	progressive familial intrahepatic cholestasis type 3	progressive familial intrahepatic cholestasis type 3	progressive familial intrahepatic cholestasis type 3	MONDO	36
3990	7505	DISEASE	progressive familiar intrahepatic cholestasis (pfic)	progressive familiar intrahepatic cholestasis (pfic)	Cholestasis	modified_disease	28
3991	7819	DISEASE	progressive pseudorheumatoid arthropathy of childhood	progressive pseudorheumatoid arthropathy of childhood	progressive pseudorheumatoid arthropathy of childhood	MONDO	28
3992	7506	DISEASE	progressive relapsing multiple sclerosis	progressive relapsing multiple sclerosis	Multiple Sclerosis	modified_disease	25
3993	7507	DISEASE	progressive supranuclear palsy	progressive supranuclear palsy	Supranuclear Palsy, Progressive	modified_disease	30
3994	7508	DISEASE	progressive vaccinia	progressive vaccinia	vaccinia	modified_disease	19
3995	7950	DISEASE	prolactin deficiency with obesity and enlarged testes	prolactin deficiency with obesity and enlarged testes	Prolactin deficiency with obesity and enlarged testes	MedGen	15
3996	5609	DISEASE	prolactin-induced amenorrhea	prolactin-induced amenorrhea	amenorrhea	standard	12
3997	7900	DISEASE	prolactin-producing pituitary gland adenoma	prolactin-producing pituitary gland adenoma	prolactin-producing pituitary gland adenoma	MONDO	33
3998	5610	DISEASE	prolactinoma	prolactinoma	Prolactinoma	standard	22
3999	5611	DISEASE	proliferative diabetic retinopathy	proliferative diabetic retinopathy	proliferative diabetic retinopathy	standard	40
4000	7948	DISEASE	pronation-supination of the forearm, impairment of	pronation-supination of the forearm, impairment of	Pronation-supination of the forearm, impairment of	MedGen	14
4001	7509	DISEASE	prophylaxis of heart transplant rejection	prophylaxis of heart transplant rejection	transplant rejection	modified_disease	31
4002	7510	DISEASE	prophylaxis of kidney transplant rejection	prophylaxis of kidney transplant rejection	transplant rejection	modified_disease	31
4003	7511	DISEASE	prophylaxis of liver transplant rejection	prophylaxis of liver transplant rejection	transplant rejection	modified_disease	31
4004	7512	DISEASE	prophylaxis of the disease caused by bordetella pertussis	prophylaxis of the disease caused by bordetella pertussis	pertussis	modified_disease	21
4005	5612	DISEASE	propionic acidemia	propionic acidemia	Propionic Acidemia	standard	77
4006	5613	DISEASE	prostate adenocarcinoma	prostate adenocarcinoma	prostate adenocarcinoma	standard	12
4007	5614	DISEASE	prostate cancer	prostate cancer	Prostatic Neoplasms	standard	6
4008	5615	DISEASE	prostate cancer with bone metastasis	prostate cancer with bone metastasis	prostate cancer	standard	15
4009	7799	DISEASE	prostate cancer, hereditary	prostate cancer, hereditary	prostate cancer, hereditary	MONDO	61
4010	7906	DISEASE	prostate cancer, hereditary, 1	prostate cancer, hereditary, 1	prostate cancer, hereditary, 1	MONDO	18
4011	5616	DISEASE	prostate carcinoma	prostate carcinoma	prostate carcinoma	standard	11
4012	7513	DISEASE	prostate-specific membrane antigen (psma)-positive metastatic castration-resistant prostate cancer (mcrpc)	prostate-specific membrane antigen (psma)-positive metastatic castration-resistant prostate cancer (mcrpc)	Prostatic Neoplasms	modified_disease	15
4013	5617	DISEASE	prostatic neoplasms	prostatic neoplasms	Prostatic Neoplasms	standard	6
4014	5618	DISEASE	prostatitis	prostatitis	Prostatitis	standard	24
4015	5619	DISEASE	prosthetic valve endocarditis	prosthetic valve endocarditis	Prosthetic Valve Endocarditis	standard	24
4016	5620	DISEASE	protein catabolism	protein catabolism	protein catabolic process	corrected_overlay	23
4017	8974	DISEASE	protein-losing enteropathy	protein-losing enteropathy	protein-losing enteropathy	MONDO	51
4018	5621	DISEASE	proteinuria	proteinuria	Proteinuria	standard	12
4019	5622	DISEASE	proteus infections	proteus infections	Proteus Infections	standard	7
4020	5623	DISEASE	proteus infectious disease	proteus infectious disease	Proteus infectious disease	standard	7
4021	5624	DISEASE	proteus mirabilis infection	proteus mirabilis infection	Proteus mirabilis infection	corrected_overlay	12
4022	5625	DISEASE	prothrombin deficiency	prothrombin deficiency	Hypoprothrombinemias	standard	9
4023	8916	DISEASE	protoporphyria, erythropoietic, 1	protoporphyria, erythropoietic, 1	protoporphyria, erythropoietic, 1	MONDO	81
4024	5626	DISEASE	protozoal infections	protozoal infections	Central Nervous System Protozoal Infections	standard	45
4025	7802	DISEASE	proximal renal tubular acidosis	proximal renal tubular acidosis	proximal renal tubular acidosis	MONDO	30
4026	5627	DISEASE	proximal spinal muscular atrophy	proximal spinal muscular atrophy	proximal spinal muscular atrophy	standard	35
4027	5628	DISEASE	prurigo nodularis	prurigo nodularis	prurigo nodularis	standard	213
4028	5629	DISEASE	pruritis of skin of anogenital region	pruritis of skin of anogenital region	Pruritus Ani	MeSH	22
4029	5630	DISEASE	pruritus	pruritus	Pruritus	standard	17
4030	5631	DISEASE	pruritus ani	pruritus ani	Pruritus Ani	standard	7
4031	5632	DISEASE	pruritus vulvae	pruritus vulvae	Pruritus Vulvae	standard	7
4032	5633	DISEASE	pruritusdermatosis	pruritusdermatosis	pruritic dermatosis	corrected_overlay	22
4033	8917	DISEASE	pseudoachondroplasia	pseudoachondroplasia	pseudoachondroplasia	MONDO	15
4034	5634	DISEASE	pseudobulbar affect	pseudobulbar affect	Pseudobulbar Affect	standard	33
4035	5635	DISEASE	pseudofolliculitis barbae	pseudofolliculitis barbae	pseudofolliculitis barbae	standard	4
4036	8458	DISEASE	pseudohypoaldosteronism type 2A	pseudohypoaldosteronism type 2a	Pseudohypoaldosteronism type 2A	MedGen	62
4037	8544	DISEASE	pseudohypoaldosteronism, type IB1, autosomal recessive	pseudohypoaldosteronism, type ib1, autosomal recessive	Pseudohypoaldosteronism, type IB1, autosomal recessive	MedGen	162
4038	5636	DISEASE	pseudohypoparathyroidism	pseudohypoparathyroidism	Pseudohypoparathyroidism	standard	59
4039	8586	DISEASE	pseudohypoparathyroidism type 1B	pseudohypoparathyroidism type 1b	Pseudohypoparathyroidism type 1B	MedGen	188
4040	5637	DISEASE	pseudomembranous enterocolitis	pseudomembranous enterocolitis	Enterocolitis, Pseudomembranous	standard	40
4041	5638	DISEASE	pseudomonas aeruginosa infection	pseudomonas aeruginosa infection	Pseudomonas Infections	standard	7
4042	5639	DISEASE	pseudomonas aeruginosa infections	pseudomonas aeruginosa infections	Pseudomonas Infections	standard	7
4043	5640	DISEASE	pseudomonas aeruginosa infectious disease	pseudomonas aeruginosa infectious disease	infectious disease	standard	27
4044	5641	DISEASE	pseudomonas infection	pseudomonas infection	Pseudomonas Infections	standard	7
4045	5642	DISEASE	pseudopregnancy	pseudopregnancy	Pseudopregnancy	standard	36
4046	9325	DISEASE	pseudopseudohypoparathyroidism	pseudopseudohypoparathyroidism	pseudopseudohypoparathyroidism	MONDO	33
4047	8488	DISEASE	pseudoxanthoma elasticum, forme fruste	pseudoxanthoma elasticum, forme fruste	Pseudoxanthoma elasticum, forme fruste	MedGen	99
4048	5643	DISEASE	psoriasis	psoriasis	Psoriasis	standard	42
4049	8489	DISEASE	psoriasis 1, susceptibility to	psoriasis 1, susceptibility to	Psoriasis 1, susceptibility to	MedGen	309
4050	8581	DISEASE	psoriasis 2	psoriasis 2	psoriasis 2	MONDO	16
4051	8573	DISEASE	psoriasis 3, susceptibility to	psoriasis 3, susceptibility to	Psoriasis 3, susceptibility to	MedGen	12
4052	8589	DISEASE	psoriasis 4, susceptibility to	psoriasis 4, susceptibility to	psoriasis 4, susceptibility to	MONDO	15
4053	8591	DISEASE	psoriasis 5, susceptibility to	psoriasis 5, susceptibility to	Psoriasis 5, susceptibility to	MedGen	12
4054	8599	DISEASE	psoriasis 6, susceptibility to	psoriasis 6, susceptibility to	Psoriasis 6, susceptibility to	MedGen	12
4055	8603	DISEASE	psoriasis 7, susceptibility to	psoriasis 7, susceptibility to	psoriasis 7, susceptibility to	MONDO	15
4056	8622	DISEASE	psoriasis 9, susceptibility to	psoriasis 9, susceptibility to	Psoriasis 9, susceptibility to	MedGen	12
4057	5644	DISEASE	psoriasis of scalp	psoriasis of scalp	psoriasis	standard	45
4058	5645	DISEASE	psoriasis vulgaris	psoriasis vulgaris	psoriasis	standard	45
4059	7514	DISEASE	psoriasis-related juvenile idiopathic arthritis	psoriasis-related juvenile idiopathic arthritis	psoriasis-related juvenile idiopathic arthritis	modified_disease	20
4060	5646	DISEASE	psoriatic arthritis	psoriatic arthritis	Arthritis, Psoriatic	standard	34
4061	8618	DISEASE	psoriatic arthritis, susceptibility to	psoriatic arthritis, susceptibility to	psoriatic arthritis, susceptibility to	MONDO	9
4062	5647	DISEASE	psoriatic erythroderma	psoriatic erythroderma	Erythrodermic psoriasis	corrected_overlay	19
4063	5648	DISEASE	psychogenic polydipsia	psychogenic polydipsia	Polydipsia, Psychogenic	standard	29
4064	5649	DISEASE	psychomotor agitation	psychomotor agitation	Psychomotor Agitation	standard	23
4065	5650	DISEASE	psychomotor epileptic seizures	psychomotor epileptic seizures	focal impaired awareness seizure / psychomotor seizure	corrected_overlay	20
4066	5651	DISEASE	psychomotor retardation	psychomotor retardation	Psychomotor Retardation	standard	4
4067	5652	DISEASE	psychosis	psychosis	Psychotic Disorders	standard	25
4068	5653	DISEASE	psychotic depression	psychotic depression	Depression, Postpartum	standard	30
4069	5654	DISEASE	psychotic disorders	psychotic disorders	Psychotic Disorders	standard	25
4070	5655	DISEASE	pthirus pubis infestation	pthirus pubis infestation	Pthirus pubis infestation	standard	45
4071	5656	DISEASE	pulmonary arterial hypertension	pulmonary arterial hypertension	Pulmonary Arterial Hypertension	standard	14
4072	7515	DISEASE	pulmonary arterial hypertension associated with congenital heart disease	pulmonary arterial hypertension associated with congenital heart disease	Pulmonary arterial hypertension associated with congenital heart disease	modified_disease	48
4073	7516	DISEASE	pulmonary arterial hypertension associated with connective tissue disease	pulmonary arterial hypertension associated with connective tissue disease	Pulmonary arterial hypertension associated with connective tissue disease	modified_disease	40
4074	5657	DISEASE	pulmonary artery thrombosis	pulmonary artery thrombosis	carotid artery thrombosis	standard	30
4075	5658	DISEASE	pulmonary atresia	pulmonary atresia	Pulmonary Atresia	standard	58
4076	5659	DISEASE	pulmonary atresia-intact ventricular septum syndrome	pulmonary atresia-intact ventricular septum syndrome	pulmonary atresia-intact ventricular septum syndrome	standard	68
4077	5660	DISEASE	pulmonary edema	pulmonary edema	Pulmonary Edema	standard	32
4078	5661	DISEASE	pulmonary embolism	pulmonary embolism	Pulmonary Embolism	standard	13
4079	5662	DISEASE	pulmonary emphysema	pulmonary emphysema	Pulmonary Emphysema	standard	37
4080	5663	DISEASE	pulmonary eosinophilia	pulmonary eosinophilia	Pulmonary Eosinophilia	standard	32
4081	5664	DISEASE	pulmonary fibrosis	pulmonary fibrosis	Pulmonary Fibrosis	standard	38
4082	5665	DISEASE	pulmonary hypertension	pulmonary hypertension	Hypertension, Pulmonary	standard	15
4083	9481	DISEASE	pulmonary hypertension, neonatal, susceptibility to	pulmonary hypertension, neonatal, susceptibility to	pulmonary hypertension, neonatal, susceptibility to	MONDO	16
4084	7800	DISEASE	pulmonary hypertension, primary, 1	pulmonary hypertension, primary, 1	pulmonary hypertension, primary, 1	MONDO	18
4085	9477	DISEASE	pulmonary hypertension, primary, 2	pulmonary hypertension, primary, 2	pulmonary hypertension, primary, 2	MONDO	18
4086	9478	DISEASE	pulmonary hypertension, primary, 3	pulmonary hypertension, primary, 3	pulmonary hypertension, primary, 3	MONDO	18
4087	7998	DISEASE	pulmonary hypertension, primary, 5	pulmonary hypertension, primary, 5	Pulmonary hypertension, primary, 5	MedGen	52
4088	5666	DISEASE	pulmonary hypoplasia	pulmonary hypoplasia	pulmonary hypoplasia	standard	90
4089	5667	DISEASE	pulmonary non-tuberculous mycobacterial infection	pulmonary non-tuberculous mycobacterial infection	Pulmonary non-tuberculous mycobacterial infection	standard	52
4090	5668	DISEASE	pulmonary systemic sclerosis	pulmonary systemic sclerosis	systemic sclerosis	standard	75
4091	5669	DISEASE	pulmonary thromboembolism	pulmonary thromboembolism	Pulmonary Embolism	standard	13
4092	5670	DISEASE	pulmonary tuberculosis	pulmonary tuberculosis	Tuberculosis, Pulmonary	standard	5
4093	9046	DISEASE	pulmonary venoocclusive disease 1	pulmonary venoocclusive disease 1	pulmonary venoocclusive disease 1	MONDO	15
4094	8996	DISEASE	pulmonary venoocclusive disease 2	pulmonary venoocclusive disease 2	pulmonary venoocclusive disease 2	MONDO	34
4095	5671	DISEASE	pulmonic stenosis	pulmonic stenosis	Pulmonary Valve Stenosis	standard	37
4096	5672	DISEASE	pure red-cell aplasia	pure red-cell aplasia	Red-Cell Aplasia, Pure	standard	13
4097	5673	DISEASE	purpura fulminans	purpura fulminans	Purpura Fulminans	standard	37
4098	7517	DISEASE	purulent acute otitis media	purulent acute otitis media	purulent acute otitis media	modified_disease	20
4099	5674	DISEASE	purulent meningitis	purulent meningitis	Meningitis, Pneumococcal	standard	79
4100	5675	DISEASE	pustular acne	pustular acne	Acne Vulgaris	standard	38
4101	5676	DISEASE	pustular psoriasis	pustular psoriasis	Psoriasis	standard	42
4102	5677	DISEASE	pustulosis palmaris et plantaris	pustulosis palmaris et plantaris	Psoriasis	standard	42
4103	9047	DISEASE	pycnodysostosis	pycnodysostosis	pycnodysostosis	MONDO	122
4104	5678	DISEASE	pyelitis	pyelitis	Pyelitis	standard	27
4105	5679	DISEASE	pyelonephritis	pyelonephritis	Pyelonephritis	standard	27
4106	5680	DISEASE	pylorospasm	pylorospasm	Pylorospasm	standard	5
4107	5681	DISEASE	pyoderma	pyoderma	Pyoderma	standard	7
4108	5682	DISEASE	pyoderma gangrenosum	pyoderma gangrenosum	Pyoderma Gangrenosum	standard	52
4109	7912	DISEASE	pyogenic arthritis-pyoderma gangrenosum-acne syndrome	pyogenic arthritis-pyoderma gangrenosum-acne syndrome	pyogenic arthritis-pyoderma gangrenosum-acne syndrome	MONDO	13
4110	5683	DISEASE	pyridoxine deficiency anemia	pyridoxine deficiency anemia	pyridoxine deficiency anemia	standard	31
4111	5684	DISEASE	pyrogenic wounds	pyrogenic wounds	Wound Infection	MeSH	18
4112	9048	DISEASE	pyruvate carboxylase deficiency disease	pyruvate carboxylase deficiency disease	pyruvate carboxylase deficiency disease	MONDO	29
4113	5685	DISEASE	pyruvate kinase deficiency of red cells	pyruvate kinase deficiency of red cells	pyruvate kinase deficiency of red cells	standard	42
4114	5686	DISEASE	q fever	q fever	Q Fever	standard	39
4115	5687	DISEASE	quartan malaria	quartan malaria	Plasmodium malariae malaria	standard	7
4116	7691	DISEASE	quinine-resistant leg cramps	quinine-resistant leg cramps	Muscle Cramp	manual_modified_disease	14
4117	5688	DISEASE	rabies	rabies	Rabies	standard	41
4118	5689	DISEASE	rabies infections	rabies infections	rabies	standard	13
4119	5690	DISEASE	radiation proctitis	radiation proctitis	radiation proctitis	standard	24
4120	5691	DISEASE	radiation-induced disorder	radiation-induced disorder	radiation-induced disorder	standard	32
4121	5692	DISEASE	radiation-induced nausea and vomiting	radiation-induced nausea and vomiting	Radiation-Induced Nausea and Vomiting	EFO	24
4122	8857	DISEASE	Rapp-Hodgkin syndrome	rapp-hodgkin syndrome	Rapp-Hodgkin syndrome	MONDO	76
4123	5693	DISEASE	rat bite fever	rat bite fever	Rat-Bite Fever	standard	27
4124	5694	DISEASE	rat-bite fever	rat-bite fever	Rat-Bite Fever	standard	27
4125	5695	DISEASE	raynaud's disease	raynaud's disease	Raynaud Disease	standard	24
4126	5696	DISEASE	reactive airway disease	reactive airway disease	reactive airway disease	standard	15
4127	5697	DISEASE	reactive rheumatoid arthritis	reactive rheumatoid arthritis	rheumatoid arthritis	standard	41
4128	5698	DISEASE	recent myocardial infarction	recent myocardial infarction	myocardial infarction	standard	21
4129	5699	DISEASE	recessive x-linked ichthyosis	recessive x-linked ichthyosis	recessive X-linked ichthyosis	standard	11
4130	5700	DISEASE	rectal cancer	rectal cancer	Rectal Neoplasms	standard	6
4131	5701	DISEASE	rectal fistula	rectal fistula	Rectal Fistula	standard	18
4132	5702	DISEASE	rectum adenocarcinoma	rectum adenocarcinoma	rectum adenocarcinoma	standard	77
4133	5703	DISEASE	rectum neuroendocrine neoplasm	rectum neuroendocrine neoplasm	rectum neuroendocrine neoplasm	standard	27
4134	5704	DISEASE	recurrence	recurrence	Recurrence	standard	11
4135	5705	DISEASE	recurrence of clostridium difficile infection	recurrence of clostridium difficile infection	Clostridium difficile colitis	standard	60
4136	7518	DISEASE	recurrent cardiac decompensation	recurrent cardiac decompensation	recurrent metabolic encephalomyopathic crises-rhabdomyolysis-cardiac arrhythmia-intellectual disability syndrome	modified_disease	32
4137	7519	DISEASE	recurrent cervical cancer	recurrent cervical cancer	Recurrent Cervical Carcinoma	modified_disease	17
4138	7520	DISEASE	recurrent chronic lymphocytic leukemia	recurrent chronic lymphocytic leukemia	Recurrent Chronic Lymphocytic Leukemia	modified_disease	19
4139	7521	DISEASE	recurrent chronic lymphoid leukemia	recurrent chronic lymphoid leukemia	Recurrent Chronic Lymphocytic Leukemia	modified_disease	19
4140	7522	DISEASE	recurrent clostridium difficile infection	recurrent clostridium difficile infection	Clostridium difficile colitis	modified_disease	21
4141	7523	DISEASE	recurrent corneal erosions	recurrent corneal erosions	Epithelial Recurrent Erosion Dystrophy	modified_disease	21
4142	7524	DISEASE	recurrent deep vein thrombosis	recurrent deep vein thrombosis	Recurrent deep vein thrombosis	modified_disease	21
4143	7525	DISEASE	recurrent depression	recurrent depression	Major Depressive Disorder	modified_disease	49
4144	7526	DISEASE	recurrent endometrial cancer	recurrent endometrial cancer	endometrial cancer	modified_disease	22
4145	7527	DISEASE	recurrent fallopian tube carcinoma	recurrent fallopian tube carcinoma	Recurrent Fallopian Tube Carcinoma	modified_disease	19
4146	7528	DISEASE	recurrent genital herpes	recurrent genital herpes	Recurrent genital herpes	modified_disease	46
4147	7529	DISEASE	recurrent glioblastoma	recurrent glioblastoma	Recurrent Glioblastoma	modified_disease	15
4148	7530	DISEASE	recurrent haemophilus influenzae infections	recurrent haemophilus influenzae infections	Recurrent Haemophilus influenzae infections	modified_disease	24
4149	7531	DISEASE	recurrent herpes labialis	recurrent herpes labialis	herpes labialis	modified_disease	24
4150	7532	DISEASE	recurrent herpes simplex	recurrent herpes simplex	herpes simplex dermatitis	modified_disease	27
4151	7533	DISEASE	recurrent metabolic encephalomyopathic crises-rhabdomyolysis-cardiac arrhythmia-intellectual disability syndrome	recurrent metabolic encephalomyopathic crises-rhabdomyolysis-cardiac arrhythmia-intellectual disability syndrome	recurrent metabolic encephalomyopathic crises-rhabdomyolysis-cardiac arrhythmia-intellectual disability syndrome	modified_disease	36
4152	7534	DISEASE	recurrent miscarriage	recurrent miscarriage	Abortion, Habitual	modified_disease	12
4153	7535	DISEASE	recurrent mucocutaneous herpes simplex infections	recurrent mucocutaneous herpes simplex infections	herpes simplex	modified_disease	38
4154	7536	DISEASE	recurrent non-squamous non-small cell lung cancer	recurrent non-squamous non-small cell lung cancer	Recurrent Lung Non-Squamous Non-Small Cell Carcinoma	modified_disease	23
4155	7537	DISEASE	recurrent or metastatic head and neck squamous cell carcinoma	recurrent or metastatic head and neck squamous cell carcinoma	head and neck squamous cell carcinoma	modified_disease	39
4156	7538	DISEASE	recurrent ovarian cancer	recurrent ovarian cancer	Recurrent Ovarian Carcinoma	modified_disease	17
4157	7539	DISEASE	recurrent pericarditis	recurrent pericarditis	idiopathic recurrent pericarditis	modified_disease	35
4158	7540	DISEASE	recurrent pericarditis (rp)	recurrent pericarditis (rp)	idiopathic recurrent pericarditis	modified_disease	36
4159	7541	DISEASE	recurrent primary peritoneal carcinoma	recurrent primary peritoneal carcinoma	Recurrent Primary Peritoneal Carcinoma	modified_disease	19
4160	7542	DISEASE	recurrent pulmonary embolism	recurrent pulmonary embolism	pulmonary embolism	modified_disease	28
4161	7543	DISEASE	recurrent thromboembolism	recurrent thromboembolism	Recurrent thromboembolism	modified_disease	32
4162	7544	DISEASE	recurrent thyroid cancer	recurrent thyroid cancer	Recurrent Thyroid Gland Carcinoma	modified_disease	18
4163	7545	DISEASE	recurrent urinary tract infections	recurrent urinary tract infections	urinary tract obstruction	modified_disease	19
4164	7546	DISEASE	recurrent ventricular fibrillation	recurrent ventricular fibrillation	ventricular fibrillation	modified_disease	31
4165	7547	DISEASE	recurrent vulvovaginal candidiasis	recurrent vulvovaginal candidiasis	Recurrent Vulvovaginal Candidiasis	modified_disease	17
4166	5706	DISEASE	recurring ventricular fibrillation	recurring ventricular fibrillation	ventricular fibrillation	standard	33
4167	9115	DISEASE	red color blindness	red color blindness	red color blindness	MONDO	114
4168	9114	DISEASE	red-green color blindness	red-green color blindness	red-green color blindness	MONDO	44
4169	5707	DISEASE	reduced left ventricular ejection fraction	reduced left ventricular ejection fraction	left ventricular noncompaction	standard	31
4170	7548	DISEASE	refractory acute leukemia	refractory acute leukemia	Refractory Acute Leukemia	modified_disease	16
4171	7549	DISEASE	refractory acute myeloid leukemia	refractory acute myeloid leukemia	Refractory Acute Myeloid Leukemia	modified_disease	18
4172	7550	DISEASE	refractory anaplastic astrocytoma	refractory anaplastic astrocytoma	Refractory Anaplastic Astrocytoma	modified_disease	15
4173	7551	DISEASE	refractory anemia with excess blasts in transformation	refractory anemia with excess blasts in transformation	refractory anemia with excess blasts in transformation	modified_disease	46
4174	7552	DISEASE	refractory bleeding after cardiac surgery	refractory bleeding after cardiac surgery	bleeding	modified_disease	40
4175	7553	DISEASE	refractory cardiac ischaemia	refractory cardiac ischaemia	treatment-refractory schizophrenia	modified_disease	16
4176	7554	DISEASE	refractory childhood acute lymphocytic leukemia	refractory childhood acute lymphocytic leukemia	T-cell childhood acute lymphocytic leukemia	modified_disease	19
4177	7555	DISEASE	refractory chronic myeloid leukemia (cml)	refractory chronic myeloid leukemia (cml)	Leukemia, Myeloid	modified_disease	34
4178	7556	DISEASE	refractory hairy cell leukemia	refractory hairy cell leukemia	Leukemia, Hairy Cell	MeSH	30
4179	7557	DISEASE	refractory multiple myeloma	refractory multiple myeloma	Refractory Multiple Myeloma	modified_disease	15
4180	7558	DISEASE	refractory neuroblastoma	refractory neuroblastoma	Refractory Neuroblastoma	modified_disease	14
4181	7692	DISEASE	refractory or recurring external condylomata acuminata	refractory or recurring external condylomata acuminata	Condylomata Acuminata	MeSH	49
4182	7559	DISEASE	refractory testicular cancer	refractory testicular cancer	testis refractory cancer	modified_disease	17
4183	5708	DISEASE	regional enteritis	regional enteritis	Crohn Disease	standard	56
4184	9230	DISEASE	Reis-Bucklers corneal dystrophy	reis-bucklers corneal dystrophy	Reis-Bucklers corneal dystrophy	MONDO	35
4185	7560	DISEASE	rejection of pancreas transplant	rejection of pancreas transplant	transplant rejection	modified_disease	30
4186	7561	DISEASE	relapsed follicular lymphoma	relapsed follicular lymphoma	follicular lymphoma	modified_disease	30
4187	7562	DISEASE	relapsed or refractory acute lymphocytic leukemia	relapsed or refractory acute lymphocytic leukemia	B-cell adult acute lymphocytic leukemia	modified_disease	17
4188	7563	DISEASE	relapsed or refractory acute myeloid leukemia	relapsed or refractory acute myeloid leukemia	acute myeloid leukemia	modified_disease	29
4189	7564	DISEASE	relapsed or refractory b-cell non-hodgkin's lymphoma (nhl)	relapsed or refractory b-cell non-hodgkin's lymphoma (nhl)	B-cell non-Hodgkin lymphoma	modified_disease	16
4190	7565	DISEASE	relapsed or refractory chronic lymphocytic leukemia	relapsed or refractory chronic lymphocytic leukemia	chronic lymphocytic leukemia, mule	modified_disease	17
4191	7566	DISEASE	relapsed or refractory diffuse large b-cell lymphoma (dlbcl)	relapsed or refractory diffuse large b-cell lymphoma (dlbcl)	Lymphoma, Large B-Cell, Diffuse	modified_disease	36
4192	7567	DISEASE	relapsed or refractory large b-cell lymphoma	relapsed or refractory large b-cell lymphoma	relapsed/refractory diffuse large B-cell lymphoma	modified_disease	45
4193	7568	DISEASE	relapsed or refractory mantle cell lymphoma (mcl)	relapsed or refractory mantle cell lymphoma (mcl)	Lymphoma, Mantle-Cell	modified_disease	29
4194	7569	DISEASE	relapsed or refractory multiple myeloma	relapsed or refractory multiple myeloma	relapsed/refractory diffuse large B-cell lymphoma	modified_disease	44
4195	7570	DISEASE	relapsed or refractory mycosis fungoides (mf)	relapsed or refractory mycosis fungoides (mf)	Mycosis Fungoides	modified_disease	16
4196	7571	DISEASE	relapsed or refractory peripheral t-cell lymphoma	relapsed or refractory peripheral t-cell lymphoma	relapsed/refractory diffuse large B-cell lymphoma	modified_disease	45
4197	7572	DISEASE	relapsed philadelphia chromosome-negative (ph-) acute lymphocytic leukemia (all)	relapsed philadelphia chromosome-negative (ph-) acute lymphocytic leukemia (all)	Relapsed Philadelphia Chromosome-Negative Acute Lymphoblastic Leukemia	NCI Thesaurus; SNOMED CT	28
4198	7573	DISEASE	relapsed/refractory diffuse large b-cell lymphoma	relapsed/refractory diffuse large b-cell lymphoma	relapsed/refractory diffuse large B-cell lymphoma	modified_disease	79
4199	7574	DISEASE	relapsed/refractory multiple myeloma	relapsed/refractory multiple myeloma	multiple myeloma	corrected_overlay	11
4200	7575	DISEASE	relapsing acute myeloid leukemia	relapsing acute myeloid leukemia	acute myeloid leukemia	modified_disease	27
4201	5709	DISEASE	relapsing fever	relapsing fever	Relapsing Fever	standard	64
4202	5710	DISEASE	relapsing polychondritis	relapsing polychondritis	Polychondritis, Relapsing	standard	45
4203	7576	DISEASE	relapsing remitting multiple sclerosis	relapsing remitting multiple sclerosis	Multiple Sclerosis	modified_disease	46
4204	7577	DISEASE	relapsing-remitting multiple sclerosis	relapsing-remitting multiple sclerosis	Multiple Sclerosis	modified_disease	46
4205	5711	DISEASE	renal anaemia	renal anaemia	renal anemia	corrected_overlay	17
4206	6430	DISEASE	renal angiomyolipoma (aml)	renal angiomyolipoma (aml)	kidney angiomyolipoma	alias_disease	6
4207	5712	DISEASE	renal carcinoma	renal carcinoma	Carcinoma, Renal Cell	standard	37
4208	5713	DISEASE	renal cell carcinoma	renal cell carcinoma	Carcinoma, Renal Cell	standard	37
4209	6431	DISEASE	renal cell carcinoma (rcc)	renal cell carcinoma (rcc)	renal cell carcinoma	alias_disease	11
4210	5714	DISEASE	renal colic	renal colic	Renal Colic	standard	53
4211	8848	DISEASE	renal coloboma syndrome	renal coloboma syndrome	renal coloboma syndrome	MONDO	16
4212	8864	DISEASE	renal cysts and diabetes syndrome	renal cysts and diabetes syndrome	renal cysts and diabetes syndrome	MONDO	43
4213	5715	DISEASE	renal failure	renal failure	Renal Insufficiency	standard	51
4214	8464	DISEASE	renal hypomagnesemia 2	renal hypomagnesemia 2	Renal hypomagnesemia 2	MedGen	64
4215	8529	DISEASE	renal hypomagnesemia 3	renal hypomagnesemia 3	Intestinal hypomagnesemia 1	MedGen	247
4216	9302	DISEASE	renal hypomagnesemia 4	renal hypomagnesemia 4	renal hypomagnesemia 4	MONDO	17
4217	7857	DISEASE	renal hypomagnesemia 5 with ocular involvement	renal hypomagnesemia 5 with ocular involvement	renal hypomagnesemia 5 with ocular involvement	MONDO	37
4218	9402	DISEASE	renal hypomagnesemia 6	renal hypomagnesemia 6	renal hypomagnesemia 6	MONDO	14
4219	5716	DISEASE	renal osteodystrophy	renal osteodystrophy	Chronic Kidney Disease-Mineral and Bone Disorder	standard	39
4220	5717	DISEASE	renal pelvis urothelial carcinoma	renal pelvis urothelial carcinoma	renal pelvis urothelial carcinoma	standard	45
4221	7578	DISEASE	renal pelvis/ureter urothelial carcinoma	renal pelvis/ureter urothelial carcinoma	renal pelvis/ureter urothelial carcinoma	modified_disease	32
4222	5718	DISEASE	renal rickets	renal rickets	Chronic Kidney Disease-Mineral and Bone Disorder	standard	39
4223	7579	DISEASE	renal transplant rejection	renal transplant rejection	transplant rejection	modified_disease	29
4224	5719	DISEASE	renal tubular acidosis	renal tubular acidosis	Acidosis, Renal Tubular	standard	52
4225	9301	DISEASE	renal tubular acidosis, distal, 4, with hemolytic anemia	renal tubular acidosis, distal, 4, with hemolytic anemia	renal tubular acidosis, distal, 4, with hemolytic anemia	MONDO	21
4226	5720	DISEASE	renal tubular acidosis, distal, with nephrocalcinosis, short stature, intellectual disability, and distinctive facies	renal tubular acidosis, distal, with nephrocalcinosis, short stature, intellectual disability, and distinctive facies	distal renal tubular acidosis	standard	38
4227	5721	DISEASE	repeated pneumothoraces	repeated pneumothoraces	recurrent pneumothorax	corrected_overlay	15
4228	5722	DISEASE	reproductive system disorder	reproductive system disorder	reproductive system disorder	standard	6
4229	7580	DISEASE	resectable non-small cell lung cancer	resectable non-small cell lung cancer	non-small cell lung carcinoma	modified_disease	32
4230	5723	DISEASE	residual thyroid cancer	residual thyroid cancer	residual thyroid cancer	corrected_overlay	21
4231	5724	DISEASE	respiratory depression	respiratory depression	Respiratory Insufficiency	standard	21
4232	5725	DISEASE	respiratory distress	respiratory distress	Respiratory distress	standard	42
4233	6432	DISEASE	respiratory distress syndrome (rds)	respiratory distress syndrome (rds)	respiratory distress syndrome in premature infants	alias_disease	51
4234	5726	DISEASE	respiratory distress syndrome in premature infants	respiratory distress syndrome in premature infants	respiratory distress syndrome in premature infants	standard	51
4235	5727	DISEASE	respiratory distress syndrome, newborn	respiratory distress syndrome, newborn	Respiratory Distress Syndrome, Newborn	standard	55
4236	5728	DISEASE	respiratory failure	respiratory failure	Respiratory Insufficiency	standard	21
4237	5729	DISEASE	respiratory insufficiency	respiratory insufficiency	Respiratory Insufficiency	standard	21
4238	5730	DISEASE	respiratory paralysis	respiratory paralysis	Respiratory Paralysis	standard	35
4239	6433	DISEASE	respiratory syncytial virus (rsv)	respiratory syncytial virus (rsv)	respiratory syncytial virus infectious disease	alias_disease	58
4240	5731	DISEASE	respiratory syncytial virus (rsv) respiratory disease	respiratory syncytial virus (rsv) respiratory disease	respiratory syncytial virus bronchiolitis	standard	8
4241	5732	DISEASE	respiratory syncytial virus infectious disease	respiratory syncytial virus infectious disease	respiratory syncytial virus infectious disease	standard	51
4242	5733	DISEASE	respiratory system disorder	respiratory system disorder	respiratory system disorder	standard	27
4243	5734	DISEASE	respiratory tract infections	respiratory tract infections	Respiratory Tract Infections	standard	15
4244	5735	DISEASE	respiratory tract infectious disorder	respiratory tract infectious disorder	respiratory tract infectious disorder	standard	15
4245	5736	DISEASE	restless leg syndrome	restless leg syndrome	Restless Legs Syndrome	standard	28
4246	5737	DISEASE	restless legs	restless legs	Restless Legs Syndrome	standard	28
4247	7711	DISEASE	restless legs syndrome, susceptibility to, 1	restless legs syndrome, susceptibility to, 1	restless legs syndrome	MONDO	33
4248	8641	DISEASE	restless legs syndrome, susceptibility to, 2	restless legs syndrome, susceptibility to, 2	restless legs syndrome, susceptibility to, 2	MONDO	17
4249	5738	DISEASE	restoration of patency to intravenous catheters	restoration of patency to intravenous catheters	intravenous catheter occlusion/patency restoration	corrected_overlay	23
4250	7581	DISEASE	ret fusion-positive non-small cell lung cancer	ret fusion-positive non-small cell lung cancer	non-small cell lung carcinoma	modified_disease	33
4251	7582	DISEASE	ret fusion-positive thyroid cancer	ret fusion-positive thyroid cancer	RET fusion positive cancer	modified_disease	19
4252	5739	DISEASE	ret-mutant medullary thyroid cancer	ret-mutant medullary thyroid cancer	medullary thyroid gland carcinoma	standard	78
4253	9050	DISEASE	reticular dysgenesis	reticular dysgenesis	reticular dysgenesis	MONDO	39
4254	5740	DISEASE	reticular veins	reticular veins	reticular pseudodrusen	standard	24
4255	7874	DISEASE	reticulum cell sarcoma	reticulum cell sarcoma	reticulum cell sarcoma	MONDO	4
4256	8918	DISEASE	retinal arterial tortuosity	retinal arterial tortuosity	retinal arterial tortuosity	MONDO	14
4257	9270	DISEASE	retinal cone dystrophy 4	retinal cone dystrophy 4	retinal cone dystrophy 4	MONDO	17
4258	5741	DISEASE	retinal degeneration	retinal degeneration	Retinal Degeneration	standard	40
4259	7875	DISEASE	retinal degeneration and epilepsy	retinal degeneration and epilepsy	Adult-onset autosomal recessive cerebellar ataxia	Orphanet	77
4260	5742	DISEASE	retinal dystrophy	retinal dystrophy	Retinal Dystrophies	standard	35
4261	5743	DISEASE	retinal vein occlusion	retinal vein occlusion	Retinal Vein Occlusion	standard	23
4262	5744	DISEASE	retinitis	retinitis	Retinitis	standard	27
4263	8547	DISEASE	retinitis pigmentosa	retinitis pigmentosa	Retinitis pigmentosa 100	MedGen	52
4264	9385	DISEASE	retinitis pigmentosa 4	retinitis pigmentosa 4	retinitis pigmentosa 4	MONDO	17
4265	8919	DISEASE	retinitis pigmentosa 9	retinitis pigmentosa 9	retinitis pigmentosa 9	MONDO	17
4266	5745	DISEASE	retinoblastoma	retinoblastoma	Retinoblastoma	standard	100
4267	5746	DISEASE	retinopathy	retinopathy	retinal disorder	standard	7
4268	5747	DISEASE	retinopathy of prematurity	retinopathy of prematurity	Retinopathy of Prematurity	standard	63
4269	6434	DISEASE	retinopathy of prematurity (rop)	retinopathy of prematurity (rop)	retinopathy of prematurity	alias_disease	30
4270	5748	DISEASE	rett syndrome	rett syndrome	Rett Syndrome	standard	61
4271	7583	DISEASE	reverse vitamin k antagonist activity in patients with acute major bleeds	reverse vitamin k antagonist activity in patients with acute major bleeds	Hemorrhage	MeSH	35
4272	5749	DISEASE	reye syndrome	reye syndrome	Reye Syndrome	standard	44
4273	9367	DISEASE	Reynolds syndrome	reynolds syndrome	Reynolds syndrome	MONDO	18
4274	9051	DISEASE	Rh deficiency syndrome	rh deficiency syndrome	Rh deficiency syndrome	MONDO	181
4275	5750	DISEASE	rh isoimmunization	rh isoimmunization	Rh Isoimmunization	standard	45
4276	5751	DISEASE	rh-incompatible pregnancy	rh-incompatible pregnancy	Rh Isoimmunization	corrected_overlay	11
4277	5752	DISEASE	rhabdomyosarcoma	rhabdomyosarcoma	Rhabdomyosarcoma	standard	103
4278	5753	DISEASE	rhabdomyosarcoma with tfcp2 rearrangement	rhabdomyosarcoma with tfcp2 rearrangement	Rhabdomyosarcoma with TFCP2 Rearrangement	standard	56
4279	5754	DISEASE	rheumatic disorder	rheumatic disorder	rheumatic disorder	standard	18
4280	5755	DISEASE	rheumatic fever	rheumatic fever	Rheumatic Fever	standard	49
4281	5756	DISEASE	rheumatic heart disease	rheumatic heart disease	Rheumatic Heart Disease	standard	27
4282	5757	DISEASE	rheumatism	rheumatism	Rheumatic Diseases	standard	17
4283	5758	DISEASE	rheumatoid arthritis	rheumatoid arthritis	Arthritis, Rheumatoid	standard	46
4284	5759	DISEASE	rhinitis	rhinitis	Rhinitis	standard	12
4285	5760	DISEASE	rhinitis seasonal	rhinitis seasonal	Rhinitis, Allergic, Seasonal	standard	30
4286	5761	DISEASE	rhinoscleroma	rhinoscleroma	Rhinoscleroma	standard	39
4287	5762	DISEASE	rhizomelic dysplasia, ain-naz type	rhizomelic dysplasia, ain-naz type	Rhizomelic dysplasia, Ain-Naz type	standard	33
4288	5763	DISEASE	rhizomucor pusillus infection	rhizomucor pusillus infection	Rhizomucor pusillus infection	corrected_overlay	11
4289	7584	DISEASE	rho (d)-negative individuals transfused with rh0(d)-positive red blood cells (rbcs) or blood components containing rh0(d)-positive rbcs	rho (d)-negative individuals transfused with rh0(d)-positive red blood cells (rbcs) or blood components containing rh0(d)-positive rbcs	Red Blood Cells Product	modified_disease	45
4290	5764	DISEASE	rhytide of glabellar skin	rhytide of glabellar skin	Skin Aging	standard	41
4291	5765	DISEASE	rickets	rickets	Rickets	standard	53
4292	5766	DISEASE	rickettsia infections	rickettsia infections	Rickettsia Infections	standard	5
4293	5767	DISEASE	rickettsial infections	rickettsial infections	rickettsial infection	corrected_overlay	14
4294	5768	DISEASE	rickettsialpox	rickettsialpox	Spotted Fever Group Rickettsiosis	standard	23
4295	5769	DISEASE	rickettsiosis	rickettsiosis	Rickettsia Infections	standard	5
4296	7585	DISEASE	rifampicin-resistant tuberculosis	rifampicin-resistant tuberculosis	rifampicin-resistant tuberculosis	modified_disease	42
4297	5770	DISEASE	right ventricular outlet tract obstruction	right ventricular outlet tract obstruction	Right ventricular outlet tract obstruction	standard	16
4298	9166	DISEASE	rigid spine muscular dystrophy 1	rigid spine muscular dystrophy 1	rigid spine muscular dystrophy 1	MONDO	80
4299	5771	DISEASE	rigidity	rigidity	Muscle Rigidity	standard	56
4300	8973	DISEASE	Riley-Day syndrome	riley-day syndrome	Riley-Day syndrome	MONDO	24
4301	9199	DISEASE	rippling muscle disease 2	rippling muscle disease 2	rippling muscle disease 2	MONDO	36
4302	9053	DISEASE	Roberts-SC phocomelia syndrome	roberts-sc phocomelia syndrome	Roberts-SC phocomelia syndrome	MONDO	31
4303	5772	DISEASE	rocky mountain spotted fever	rocky mountain spotted fever	Rocky Mountain Spotted Fever	standard	59
4304	7933	DISEASE	rolandic epilepsy-paroxysmal exercise-induced dystonia-writer's cramp syndrome	rolandic epilepsy-paroxysmal exercise-induced dystonia-writer's cramp syndrome	rolandic epilepsy-paroxysmal exercise-induced dystonia-writer's cramp syndrome	MONDO	42
4305	5773	DISEASE	rosacea	rosacea	Rosacea	standard	72
4306	5774	DISEASE	rotavirus gastroenteritis	rotavirus gastroenteritis	gastroenteritis	standard	35
4307	5775	DISEASE	rotavirus infection	rotavirus infection	Rotavirus Infections	standard	21
4308	7846	DISEASE	Rotor syndrome	rotor syndrome	Rotor syndrome	MONDO	20
4309	5776	DISEASE	round cell sarcoma with ewsr1-nfatc2 gene fusion	round cell sarcoma with ewsr1-nfatc2 gene fusion	round cell sarcoma with EWSR1-NFATC2 gene fusion	standard	17
4310	5777	DISEASE	roundworm infections	roundworm infections	roundworm infection	corrected_overlay	19
4311	8492	DISEASE	Roussy-Levy syndrome	roussy-levy syndrome	Roussy-Lévy syndrome	MedGen	42
4312	5778	DISEASE	rubella	rubella	Rubella	standard	24
4313	5779	DISEASE	salivary gland carcinoma	salivary gland carcinoma	salivary gland carcinoma	standard	25
4314	5780	DISEASE	salmonellosis	salmonellosis	Salmonella Infections	standard	7
4315	5781	DISEASE	salpingitis	salpingitis	Salpingitis	standard	36
4316	5782	DISEASE	salt retention	salt retention	sodium retention / fluid retention	corrected_overlay	12
4317	5783	DISEASE	salt-losing adrenogenital syndrome	salt-losing adrenogenital syndrome	adrenogenital syndrome	standard	54
4318	9055	DISEASE	Sandhoff disease	sandhoff disease	Sandhoff disease	MONDO	32
4319	5784	DISEASE	sarcoidosis	sarcoidosis	Sarcoidosis	standard	38
4320	7803	DISEASE	sarcoidosis, susceptibility to, 1	sarcoidosis, susceptibility to, 1	sarcoidosis, susceptibility to, 1	MONDO	16
4321	5785	DISEASE	sarcoma	sarcoma	Sarcoma	standard	15
4322	9056	DISEASE	sarcosinemia	sarcosinemia	sarcosinemia	MONDO	21
4323	5786	DISEASE	scabies	scabies	Scabies	standard	40
4324	5787	DISEASE	scalp dermatoses	scalp dermatoses	Scalp Dermatoses	standard	5
4325	5788	DISEASE	scalp dermatosis	scalp dermatosis	Scalp Dermatoses	standard	5
4326	5789	DISEASE	scapulohumeral periarthritis	scapulohumeral periarthritis	periarthritis	standard	10
4327	5790	DISEASE	scarlet fever	scarlet fever	Scarlet Fever	standard	18
4328	5791	DISEASE	scedosporium apiospermum infection	scedosporium apiospermum infection	Scedosporium	standard	23
4329	5792	DISEASE	scheie syndrome	scheie syndrome	Mucopolysaccharidosis I	standard	51
4330	9057	DISEASE	Schinzel-Giedion syndrome	schinzel-giedion syndrome	Schinzel-Giedion syndrome	MONDO	27
4331	7804	DISEASE	Schistosoma mansoni infection, susceptibility/resistance to	schistosoma mansoni infection, susceptibility/resistance to	Schistosoma mansoni infection, susceptibility/resistance to	MONDO	12
4332	5793	DISEASE	schistosoma mansoni infectious disease	schistosoma mansoni infectious disease	Schistosoma mansoni infectious disease	standard	8
4333	5794	DISEASE	schistosomiasis	schistosomiasis	Schistosomiasis	standard	66
4334	9058	DISEASE	schizencephaly	schizencephaly	schizencephaly	MONDO	51
4335	5795	DISEASE	schizoaffective disorder	schizoaffective disorder	Psychotic Disorders	standard	25
4336	5796	DISEASE	schizophrenia	schizophrenia	Schizophrenia	standard	23
4337	8493	DISEASE	schizophrenia 1	schizophrenia 1	Schizophrenia 1	MedGen	16
4338	8601	DISEASE	schizophrenia 10	schizophrenia 10	schizophrenia 10	MONDO	16
4339	9406	DISEASE	schizophrenia 15	schizophrenia 15	schizophrenia 15	MONDO	14
4340	9474	DISEASE	schizophrenia 18	schizophrenia 18	schizophrenia 18	MONDO	14
4341	8567	DISEASE	schizophrenia 3	schizophrenia 3	Schizophrenia 3	MedGen	16
4342	8568	DISEASE	schizophrenia 4	schizophrenia 4	Schizophrenia 4	MedGen	16
4343	8583	DISEASE	schizophrenia 5	schizophrenia 5	Schizophrenia 5	MedGen	12
4344	8582	DISEASE	schizophrenia 6	schizophrenia 6	schizophrenia 6	MONDO	16
4345	8584	DISEASE	schizophrenia 7	schizophrenia 7	Schizophrenia 7	MedGen	16
4346	8585	DISEASE	schizophrenia 8	schizophrenia 8	Schizophrenia 8	MedGen	16
4347	8596	DISEASE	schizophrenia 9	schizophrenia 9	Schizophrenia 9	MedGen	14
4348	8849	DISEASE	Schnyder corneal dystrophy	schnyder corneal dystrophy	Schnyder corneal dystrophy	MONDO	29
4349	8539	DISEASE	Schwartz-Jampel syndrome type 1	schwartz-jampel syndrome type 1	Schwartz-Jampel syndrome type 1	MedGen	88
4350	5797	DISEASE	sciatica	sciatica	Sciatica	standard	49
4351	5798	DISEASE	scleral disease	scleral disease	Scleral Diseases	standard	19
4352	5799	DISEASE	scleritis	scleritis	Scleritis	standard	110
4353	5800	DISEASE	scleroderma	scleroderma	scleroderma	standard	49
4354	5801	DISEASE	scorpion envenomation	scorpion envenomation	Scorpion Stings	standard	12
4355	9042	DISEASE	Scott syndrome	scott syndrome	Scott syndrome	MONDO	19
4356	5802	DISEASE	scrapes	scrapes	abrasion	corrected_overlay	23
4357	5803	DISEASE	scrotal pruritus	scrotal pruritus	Pruritus	corrected_overlay	9
4358	5804	DISEASE	scrub typhus	scrub typhus	Scrub Typhus	standard	51
4359	5805	DISEASE	scurvy	scurvy	Scurvy	standard	50
4360	5806	DISEASE	seasonal affective disorder	seasonal affective disorder	Seasonal Affective Disorder	standard	57
4361	5807	DISEASE	seasonal allergic conjunctivitis	seasonal allergic conjunctivitis	seasonal allergic conjunctivitis	corrected_overlay	10
4362	5808	DISEASE	seasonal allergic rhinitis	seasonal allergic rhinitis	Rhinitis, Allergic, Seasonal	standard	30
4363	5809	DISEASE	seborrheic dermatitis	seborrheic dermatitis	Dermatitis, Seborrheic	standard	48
4364	5810	DISEASE	seborrheic keratosis	seborrheic keratosis	Keratosis, Seborrheic	standard	29
4365	5811	DISEASE	second-degree burns	second-degree burns	second-degree atrioventricular block	standard	10
4366	5812	DISEASE	secondarily generalized seizures	secondarily generalized seizures	benign partial epilepsy with secondarily generalized seizures in infancy	standard	59
4367	5813	DISEASE	secondary adrenal insufficiency	secondary adrenal insufficiency	secondary adrenal insufficiency	standard	31
4368	5814	DISEASE	secondary adrenocortical insufficiency	secondary adrenocortical insufficiency	adrenocortical insufficiency	standard	56
4369	5815	DISEASE	secondary amenorrhea	secondary amenorrhea	secondary amenorrhea	standard	40
4370	5816	DISEASE	secondary glaucoma	secondary glaucoma	Glaucoma, Open-Angle	standard	24
4371	5817	DISEASE	secondary headache	secondary headache	Headache Disorders, Secondary	standard	26
4372	5818	DISEASE	secondary hyperparathyroidism	secondary hyperparathyroidism	Hyperparathyroidism, Secondary	standard	37
4373	5819	DISEASE	secondary hyperparathyroidism of renal origin	secondary hyperparathyroidism of renal origin	secondary hyperparathyroidism	standard	13
4374	5820	DISEASE	secondary hypothyroidism	secondary hypothyroidism	Hypothyroidism	standard	55
4375	5821	DISEASE	secondary infections	secondary infections	Coinfection	standard	29
4376	7586	DISEASE	secondary progressive multiple sclerosis	secondary progressive multiple sclerosis	Multiple Sclerosis	modified_disease	24
4377	5822	DISEASE	secondary skin infections	secondary skin infections	secondary syphilis	standard	44
4378	5823	DISEASE	secondary syphilis	secondary syphilis	secondary syphilis	standard	31
4379	5824	DISEASE	secretory diarrhea	secretory diarrhea	secretory diarrhea	standard	14
4380	5825	DISEASE	seizure cluster	seizure cluster	cluster headache syndrome	standard	23
4381	5826	DISEASE	seizures	seizures	Seizures	standard	39
4382	7728	DISEASE	seizures, benign familial neonatal, 1	seizures, benign familial neonatal, 1	seizures, benign familial neonatal, 1	MONDO	18
4383	7729	DISEASE	seizures, benign familial neonatal, 2	seizures, benign familial neonatal, 2	seizures, benign familial neonatal, 2	MONDO	18
4384	7934	DISEASE	seizures, benign familial neonatal, 3	seizures, benign familial neonatal, 3	Seizures	MeSH	39
4385	5827	DISEASE	selenium deficiency	selenium deficiency	Selenium deficiency	corrected_overlay	11
4386	5828	DISEASE	selenium poisoning	selenium poisoning	poisoning / intoxication	corrected_overlay	8
4387	7742	DISEASE	self-limited childhood occipital epilepsy	self-limited childhood occipital epilepsy	self-limited childhood occipital epilepsy	MONDO	79
4388	8444	DISEASE	self-limited epilepsy with centrotemporal spikes	self-limited epilepsy with centrotemporal spikes	Benign Rolandic epilepsy	MedGen	198
4389	8566	DISEASE	semantic dementia	semantic dementia	Frontotemporal dementia with parkinsonism-17	MedGen	18
4390	7827	DISEASE	Sengers syndrome	sengers syndrome	Sengers syndrome	MONDO	25
4391	5829	DISEASE	senile pruritus	senile pruritus	Pruritus	corrected_overlay	13
4392	7919	DISEASE	sensory ataxic neuropathy, dysarthria, and ophthalmoparesis	sensory ataxic neuropathy, dysarthria, and ophthalmoparesis	sensory ataxic neuropathy, dysarthria, and ophthalmoparesis	MONDO	46
4393	5830	DISEASE	sensory peripheral neuropathy	sensory peripheral neuropathy	sensory peripheral neuropathy	standard	7
4394	5831	DISEASE	sepsis	sepsis	Sepsis	standard	44
4395	5832	DISEASE	septic abortion	septic abortion	Abortion, Septic	standard	28
4396	5833	DISEASE	septic arthritis	septic arthritis	Arthritis, Infectious	standard	10
4397	5834	DISEASE	septic shock	septic shock	Shock, Septic	standard	28
4398	5835	DISEASE	septicemic plague	septicemic plague	Plague	standard	38
4399	5836	DISEASE	serious respiratory tract infections	serious respiratory tract infections	respiratory tract infectious disorder	standard	15
4400	5837	DISEASE	serratia infections	serratia infections	Serratia Infections	standard	7
4401	5838	DISEASE	serratia marcescens infection	serratia marcescens infection	Serratia marcescens	standard	22
4402	5839	DISEASE	serum sickness	serum sickness	Serum Sickness	standard	43
4403	7587	DISEASE	severe acne	severe acne	Pyogenic arthritis, pyoderma gangrenosum, and acne	modified_disease	22
4404	7588	DISEASE	severe active rheumatoid arthritis	severe active rheumatoid arthritis	rheumatoid arthritis	modified_disease	23
4405	9536	DISEASE	severe alopecia areata	severe alopecia areata	Severe Alopecia Areata	curated_standard_definition	33
4406	7589	DISEASE	severe anxiety	severe anxiety	anxiety disorder	modified_disease	18
4407	7590	DISEASE	severe aplastic anemia	severe aplastic anemia	Severe Aplastic Anemia	modified_disease	18
4408	7591	DISEASE	severe asthma	severe asthma	asthma	modified_disease	44
4409	7592	DISEASE	severe combined immunodeficiency	severe combined immunodeficiency	Severe Combined Immunodeficiency	modified_disease	28
4410	7593	DISEASE	severe combined immunodeficiency, autosomal recessive, t cell-negative, b cell-negative, nk cell-negative, due to adenosine deaminase deficiency	severe combined immunodeficiency, autosomal recessive, t cell-negative, b cell-negative, nk cell-negative, due to adenosine deaminase deficiency	severe combined immunodeficiency, autosomal recessive, T cell-negative, B cell-negative, NK cell-negative, due to adenosine deaminase deficiency	modified_disease	43
4411	7594	DISEASE	severe congenital neutropenia	severe congenital neutropenia	severe congenital neutropenia	NCI Thesaurus	67
4412	7595	DISEASE	severe congenital protein c deficiency	severe congenital protein c deficiency	hereditary thrombophilia due to congenital protein C deficiency	modified_disease	34
4413	7596	DISEASE	severe dehydration	severe dehydration	dehydration	modified_disease	22
4414	7597	DISEASE	severe dementia	severe dementia	Dementia	MeSH	33
4415	9488	DISEASE	severe dermatitis-multiple allergies-metabolic wasting syndrome	severe dermatitis-multiple allergies-metabolic wasting syndrome	severe dermatitis-multiple allergies-metabolic wasting syndrome	MONDO	16
4416	7598	DISEASE	severe diarrhea	severe diarrhea	secretory diarrhea	modified_disease	20
4417	7599	DISEASE	severe eosinophilic asthma	severe eosinophilic asthma	Asthma	modified_disease	25
4418	7600	DISEASE	severe erythema multiforme (stevens-johnson syndrome)	severe erythema multiforme (stevens-johnson syndrome)	Erythema Multiforme	modified_disease	43
4419	7601	DISEASE	severe hemophilia a (congenital factor viii deficiency)	severe hemophilia a (congenital factor viii deficiency)	Hemophilia A	modified_disease	25
4420	7602	DISEASE	severe hypoglycaemia	severe hypoglycaemia	Hypoglycemia	modified_disease	14
4421	7603	DISEASE	severe hypoglycemia	severe hypoglycemia	Hypoglycemia	modified_disease	14
4422	7693	DISEASE	severe infections caused by susceptible strains of methicillin-resistant staphylococci	severe infections caused by susceptible strains of methicillin-resistant staphylococci	Staphylococcal Infections / Methicillin-Resistant Staphylococcus aureus	manual_modified_disease	26
4423	7604	DISEASE	severe insulin resistance	severe insulin resistance	insulin-resistance syndrome type A	modified_disease	40
4424	7605	DISEASE	severe liver disease	severe liver disease	Severe Liver Disease	modified_disease	22
4425	7606	DISEASE	severe malaria	severe malaria	Severe Malaria	modified_disease	35
4426	7607	DISEASE	severe pain	severe pain	Severe Extremity Pain	modified_disease	28
4427	7608	DISEASE	severe primary insulin-like growth factor deficiency (igf)	severe primary insulin-like growth factor deficiency (igf)	Primary insulin-like growth factor-1 deficiency	corrected_overlay	10
4428	7609	DISEASE	severe recalcitrant nodular acne	severe recalcitrant nodular acne	acne	modified_disease	27
4429	7610	DISEASE	severe recalcitrant plaque psoriasis	severe recalcitrant plaque psoriasis	psoriasis	modified_disease	28
4430	7611	DISEASE	severe seborrheic dermatitis of the scalp	severe seborrheic dermatitis of the scalp	seborrheic infantile dermatitis	modified_disease	21
4431	7612	DISEASE	severe sepsis	severe sepsis	Sepsis	modified_disease	17
4432	7613	DISEASE	severe vision loss	severe vision loss	blindness	modified_disease	18
4433	9102	DISEASE	severe X-linked mitochondrial encephalomyopathy	severe x-linked mitochondrial encephalomyopathy	severe X-linked mitochondrial encephalomyopathy	MONDO	34
4434	5840	DISEASE	severely active ulcerative colitis	severely active ulcerative colitis	ulcerative colitis	standard	43
4435	5841	DISEASE	sexual dysfunction	sexual dysfunction	physiological sexual disorder	standard	13
4436	5842	DISEASE	sezary syndrome	sezary syndrome	Sezary Syndrome	standard	30
4437	5843	DISEASE	sheehan syndrome	sheehan syndrome	Hypopituitarism	standard	46
4438	5844	DISEASE	shift work disorder	shift work disorder	circadian rhythm sleep disorder, shift work type	standard	42
4439	5845	DISEASE	shigellosis	shigellosis	Dysentery, Bacillary	standard	48
4440	5846	DISEASE	shivering	shivering	Shivering	standard	20
4441	5847	DISEASE	shock	shock	Shock	standard	12
4442	5848	DISEASE	short bowel syndrome	short bowel syndrome	Short Bowel Syndrome	standard	19
4443	5849	DISEASE	short stature	short stature	short stature	standard	33
4444	5850	DISEASE	short stature homeobox deficiency	short stature homeobox deficiency	Short Stature Homeobox Deficiency	standard	42
4445	5851	DISEASE	shox-related short stature	shox-related short stature	SHOX-related short stature	standard	115
4446	5852	DISEASE	shunt infection	shunt infection	congenital portosystemic shunt	standard	79
4447	9036	DISEASE	Shwachman-Diamond syndrome 1	shwachman-diamond syndrome 1	Shwachman-Diamond syndrome 1	MONDO	18
4448	5853	DISEASE	sialorrhea	sialorrhea	Sialorrhea	standard	3
4449	9059	DISEASE	sialuria	sialuria	sialuria	MONDO	59
4450	5854	DISEASE	sicca syndrome	sicca syndrome	Sjogren's Syndrome	standard	57
4451	5855	DISEASE	sickle cell anemia	sickle cell anemia	Anemia, Sickle Cell	standard	26
4452	5856	DISEASE	sickle cell disease	sickle cell disease	Anemia, Sickle Cell	standard	26
4453	8948	DISEASE	sideroblastic anemia 2	sideroblastic anemia 2	sideroblastic anemia 2	MONDO	14
4454	5857	DISEASE	silicosis	silicosis	Silicosis	standard	26
4455	5858	DISEASE	simple (nontoxic) goiter	simple (nontoxic) goiter	Euthyroid Goiter	standard	40
4456	5859	DISEASE	simple obesity	simple obesity	Exogenous Obesity	standard	9
4457	5860	DISEASE	sinus tachycardia	sinus tachycardia	Tachycardia, Sinus	standard	44
4458	5861	DISEASE	sinusitis	sinusitis	Sinusitis	standard	13
4459	6435	DISEASE	sinusoidal obstruction syndrome (sos)	sinusoidal obstruction syndrome (sos)	Hepatic Veno-Occlusive Disease	alias_disease	18
4460	5862	DISEASE	sitosterolemia	sitosterolemia	sitosterolemia	standard	52
4461	8514	DISEASE	sitosterolemia 1	sitosterolemia 1	Sitosterolemia 1	MedGen	154
4462	8548	DISEASE	Sjogren syndrome	sjogren syndrome	Sjogren syndrome	MedGen	36
4463	5863	DISEASE	sjogren's syndrome	sjogren's syndrome	Sjogren's Syndrome	standard	57
4464	8549	DISEASE	Sjogren-Larsson syndrome	sjogren-larsson syndrome	Sjögren-Larsson syndrome	MedGen	37
4465	9324	DISEASE	skeletal defects, genital hypoplasia, and intellectual disability	skeletal defects, genital hypoplasia, and intellectual disability	skeletal defects, genital hypoplasia, and intellectual disability	MONDO	18
4466	5864	DISEASE	skeletal muscle relaxation	skeletal muscle relaxation	skeletal muscle relaxation	corrected_overlay	28
4467	5865	DISEASE	skin abscess	skin abscess	dermal abscess	standard	53
4468	5866	DISEASE	skin and skin structure infections	skin and skin structure infections	Skin	standard	21
4469	5867	DISEASE	skin basal cell carcinoma	skin basal cell carcinoma	skin basal cell carcinoma	standard	111
4470	5868	DISEASE	skin cancer	skin cancer	Skin Neoplasms	standard	6
4471	5869	DISEASE	skin carcinoma in situ	skin carcinoma in situ	skin carcinoma in situ	standard	10
4472	5870	DISEASE	skin diseases	skin diseases	Skin Diseases	standard	6
4473	7614	DISEASE	skin diseases, bacterial	skin diseases, bacterial	Skin Diseases, Bacterial	modified_disease	17
4474	5871	DISEASE	skin disorder	skin disorder	skin disorder	standard	25
4475	5872	DISEASE	skin fissure	skin fissure	Skin Fissure	standard	6
4476	5873	DISEASE	skin infection	skin infection	skin infection	standard	55
4477	5874	DISEASE	skin irritation	skin irritation	Skin Irritation	standard	26
4478	5875	DISEASE	skin lesions	skin lesions	skin lesion	corrected_overlay	17
4479	5876	DISEASE	skin melanoma	skin melanoma	cutaneous melanoma	standard	40
4480	5877	DISEASE	skin neoplasm	skin neoplasm	Skin Neoplasms	standard	6
4481	5878	DISEASE	skin pigmentation	skin pigmentation	Skin Pigmentation	standard	4
4482	5879	DISEASE	skin squamous cell carcinoma	skin squamous cell carcinoma	skin squamous cell carcinoma	standard	28
4483	7615	DISEASE	skin squamous cell carcinoma metastatic	skin squamous cell carcinoma metastatic	skin squamous cell carcinoma	corrected_overlay	9
4484	5880	DISEASE	skin ulcer	skin ulcer	Skin Ulcer	standard	8
4485	5881	DISEASE	skin ulcers	skin ulcers	Skin Ulcer	standard	8
4486	5882	DISEASE	skin wrinkling	skin wrinkling	Skin Aging	standard	41
4487	5883	DISEASE	sleep onset insomnia	sleep onset insomnia	Sleep onset insomnia	standard	23
4488	5884	DISEASE	sleep-onset insomnia	sleep-onset insomnia	Sleep onset insomnia	standard	23
4489	5885	DISEASE	sly syndrome	sly syndrome	Mucopolysaccharidosis VII	standard	22
4490	5886	DISEASE	sm-ahnmd	sm-ahnmd	systemic mastocytosis with an associated clonal hematologic non-mast cell lineage disease	standard	26
4491	5887	DISEASE	small bowel bacterial overgrowth syndrome	small bowel bacterial overgrowth syndrome	small intestinal bacterial overgrowth	standard	35
4492	7616	DISEASE	small cell lung cancer (sclc)	small cell lung cancer (sclc)	Carcinoma, Non-Small-Cell Lung	modified_disease	31
4493	7617	DISEASE	small cell lung carcinoma	small cell lung carcinoma	Small Cell Lung Carcinoma	modified_disease	42
4494	5888	DISEASE	small intestinal bacterial overgrowth	small intestinal bacterial overgrowth	small intestinal bacterial overgrowth	standard	35
4495	5889	DISEASE	small intestine cancer	small intestine cancer	small intestine cancer	standard	10
4496	5890	DISEASE	small intestine neuroendocrine neoplasm	small intestine neuroendocrine neoplasm	small intestine neuroendocrine neoplasm	standard	28
4497	6436	DISEASE	small lymphocytic lymphoma (sll)	small lymphocytic lymphoma (sll)	chronic lymphocytic leukemia/small lymphocytic lymphoma	alias_disease	10
4498	5891	DISEASE	smallpox	smallpox	Smallpox	standard	33
4499	5892	DISEASE	smallpox infection	smallpox infection	smallpox	standard	17
4500	9060	DISEASE	Smith-Lemli-Opitz syndrome	smith-lemli-opitz syndrome	Smith-Lemli-Opitz syndrome	MONDO	14
4501	8495	DISEASE	Smith-Magenis syndrome	smith-magenis syndrome	Smith-Magenis syndrome	MedGen	194
4502	5893	DISEASE	smoking cessation behavior	smoking cessation behavior	Smoking cessation behavior	standard	6
4503	5894	DISEASE	smooth muscle spasms	smooth muscle spasms	smooth muscle spasm	corrected_overlay	11
4504	5895	DISEASE	snake bites	snake bites	Snake Bites	standard	51
4505	5896	DISEASE	sneezing	sneezing	Sneezing	standard	24
4506	5897	DISEASE	social anxiety disorder	social anxiety disorder	Phobia, Social	standard	17
4507	5898	DISEASE	social phobia	social phobia	Phobia, Social	standard	17
4508	6437	DISEASE	sodium deficiency (disorder)	sodium deficiency (disorder)	hyponatremia	corrected_overlay	27
4509	5899	DISEASE	sodium retention	sodium retention	urinary retention	standard	21
4510	5900	DISEASE	soft tissue infection	soft tissue infection	Soft Tissue Infections	standard	74
4511	5901	DISEASE	soft tissue infections	soft tissue infections	Soft Tissue Infections	standard	74
4512	5902	DISEASE	soft tissue neoplasm	soft tissue neoplasm	Soft Tissue Neoplasms	standard	34
4513	5903	DISEASE	soft tissue sarcoma	soft tissue sarcoma	Sarcoma	standard	15
4514	5904	DISEASE	solar dermatitis	solar dermatitis	solar urticaria	standard	33
4515	5905	DISEASE	solar lentigines	solar lentigines	solar lentigines	corrected_overlay	21
4516	5906	DISEASE	solar lentigo	solar lentigo	Solar Lentigo	standard	53
4517	5907	DISEASE	solid neoplasm	solid neoplasm	Solid Neoplasm	standard	59
4518	5908	DISEASE	solid tumors	solid tumors	Response Evaluation Criteria in Solid Tumors	standard	54
4519	5909	DISEASE	somnolence	somnolence	Sleepiness	standard	4
4520	5910	DISEASE	sore mouth	sore mouth	oral soreness	corrected_overlay	27
4521	5911	DISEASE	soreness	soreness	Have Vaginal Soreness Question	standard	11
4522	8845	DISEASE	Sotos syndrome	sotos syndrome	Sotos syndrome	MONDO	29
4523	5912	DISEASE	sour stomach	sour stomach	acid indigestion	corrected_overlay	24
4524	5913	DISEASE	spasm	spasm	Spasm	standard	18
4525	8829	DISEASE	spastic ataxia 1	spastic ataxia 1	spastic ataxia 1	MONDO	19
4526	9293	DISEASE	spastic ataxia 2	spastic ataxia 2	spastic ataxia 2	MONDO	71
4527	9296	DISEASE	spastic ataxia 3	spastic ataxia 3	spastic ataxia 3	MONDO	19
4528	9375	DISEASE	spastic ataxia 4	spastic ataxia 4	spastic ataxia 4	MONDO	19
4529	9445	DISEASE	spastic ataxia 5	spastic ataxia 5	spastic ataxia 5	MONDO	64
4530	5914	DISEASE	spastic constipation	spastic constipation	constipation disorder	standard	9
4531	7894	DISEASE	spastic paraparesis-deafness syndrome	spastic paraparesis-deafness syndrome	spastic paraparesis-deafness syndrome	MONDO	22
4532	5915	DISEASE	spastic paraplegia	spastic paraplegia	Paraplegia	standard	45
4533	7954	DISEASE	spastic paraplegia and Evans syndrome	spastic paraplegia and evans syndrome	Spastic paraplegia and Evans syndrome	MedGen	13
4534	7805	DISEASE	spastic paraplegia, optic atrophy, and dementia	spastic paraplegia, optic atrophy, and dementia	Spastic paraplegia	HPO	19
4535	5916	DISEASE	spasticity	spasticity	spasticity	standard	31
4536	5917	DISEASE	spatial memory disorder	spatial memory disorder	Memory Disorders	standard	38
4537	9482	DISEASE	specific language impairment 5	specific language impairment 5	specific language impairment 5	MONDO	10
4538	9206	DISEASE	spermatogenic failure 3	spermatogenic failure 3	spermatogenic failure 3	MONDO	16
4539	7878	DISEASE	spermatogenic failure 4	spermatogenic failure 4	spermatogenic failure 4	MONDO	16
4540	9004	DISEASE	spermatogenic failure 5	spermatogenic failure 5	spermatogenic failure 5	MONDO	50
4541	9340	DISEASE	spermatogenic failure 7	spermatogenic failure 7	spermatogenic failure 7	MONDO	14
4542	9409	DISEASE	spermatogenic failure 8	spermatogenic failure 8	spermatogenic failure 8	MONDO	16
4543	9410	DISEASE	spermatogenic failure 9	spermatogenic failure 9	spermatogenic failure 9	MONDO	16
4544	5918	DISEASE	spina bifida	spina bifida	Spinal Dysraphism	standard	95
4545	5919	DISEASE	spinal cord compression	spinal cord compression	Spinal Cord Compression	standard	51
4546	5920	DISEASE	spinal cord disorder	spinal cord disorder	Spinal Cord Diseases	standard	34
4547	5921	DISEASE	spinal cord injury	spinal cord injury	Spinal Cord Injuries	standard	19
4548	5922	DISEASE	spinal muscular atrophy	spinal muscular atrophy	Muscular Atrophy, Spinal	standard	59
4549	6438	DISEASE	spinal muscular atrophy (sma)	spinal muscular atrophy (sma)	proximal spinal muscular atrophy	alias_disease	35
4550	7618	DISEASE	spinal muscular atrophy, type 1	spinal muscular atrophy, type 1	spinal muscular atrophy, type 1	modified_disease	85
4551	5923	DISEASE	spinal muscular atrophy, type ii	spinal muscular atrophy, type ii	Spinal Muscular Atrophies of Childhood	standard	70
4552	5924	DISEASE	spinal muscular atrophy, type iii	spinal muscular atrophy, type iii	Spinal Muscular Atrophies of Childhood	standard	70
4553	8473	DISEASE	spinocerebellar ataxia 7	spinocerebellar ataxia 7	Spinocerebellar ataxia 7	MedGen	147
4554	8472	DISEASE	spinocerebellar ataxia type 1	spinocerebellar ataxia type 1	Spinocerebellar ataxia 51	MedGen	82
4555	9170	DISEASE	spinocerebellar ataxia type 10	spinocerebellar ataxia type 10	spinocerebellar ataxia type 10	MONDO	37
4556	9182	DISEASE	spinocerebellar ataxia type 11	spinocerebellar ataxia type 11	spinocerebellar ataxia type 11	MONDO	31
4557	9180	DISEASE	spinocerebellar ataxia type 12	spinocerebellar ataxia type 12	spinocerebellar ataxia type 12	MONDO	45
4558	9190	DISEASE	spinocerebellar ataxia type 13	spinocerebellar ataxia type 13	spinocerebellar ataxia type 13	MONDO	41
4559	9192	DISEASE	spinocerebellar ataxia type 14	spinocerebellar ataxia type 14	spinocerebellar ataxia type 14	MONDO	30
4560	8613	DISEASE	spinocerebellar ataxia type 17	spinocerebellar ataxia type 17	Spinocerebellar ataxia type 17	MedGen	98
4561	9215	DISEASE	spinocerebellar ataxia type 19/22	spinocerebellar ataxia type 19/22	spinocerebellar ataxia type 19/22	MONDO	44
4562	8498	DISEASE	spinocerebellar ataxia type 2	spinocerebellar ataxia type 2	Spinocerebellar ataxia type 2	MedGen	57
4563	9218	DISEASE	spinocerebellar ataxia type 21	spinocerebellar ataxia type 21	spinocerebellar ataxia type 21	MONDO	38
4564	9263	DISEASE	spinocerebellar ataxia type 23	spinocerebellar ataxia type 23	spinocerebellar ataxia type 23	MONDO	35
4565	9246	DISEASE	spinocerebellar ataxia type 26	spinocerebellar ataxia type 26	spinocerebellar ataxia type 26	MONDO	34
4566	9247	DISEASE	spinocerebellar ataxia type 27	spinocerebellar ataxia type 27	spinocerebellar ataxia type 27	MONDO	32
4567	9264	DISEASE	spinocerebellar ataxia type 28	spinocerebellar ataxia type 28	spinocerebellar ataxia type 28	MONDO	35
4568	8844	DISEASE	spinocerebellar ataxia type 29	spinocerebellar ataxia type 29	spinocerebellar ataxia type 29	MONDO	33
4569	8842	DISEASE	spinocerebellar ataxia type 31	spinocerebellar ataxia type 31	spinocerebellar ataxia type 31	MONDO	47
4570	9405	DISEASE	spinocerebellar ataxia type 35	spinocerebellar ataxia type 35	spinocerebellar ataxia type 35	MONDO	37
4571	9423	DISEASE	spinocerebellar ataxia type 36	spinocerebellar ataxia type 36	spinocerebellar ataxia type 36	MONDO	34
4572	8564	DISEASE	spinocerebellar ataxia type 4	spinocerebellar ataxia type 4	Spinocerebellar ataxia type 4	MedGen	151
4573	8565	DISEASE	spinocerebellar ataxia type 5	spinocerebellar ataxia type 5	Spinocerebellar ataxia type 5	MedGen	13
4574	8497	DISEASE	spinocerebellar ataxia type 6	spinocerebellar ataxia type 6	Spinocerebellar ataxia type 6	MedGen	110
4575	5925	DISEASE	spirochaetales infections	spirochaetales infections	Spirochaetales Infections	standard	7
4576	5926	DISEASE	splenomegaly	splenomegaly	Splenomegaly	standard	4
4577	8436	DISEASE	spondyloarthropathy, susceptibility to, 1	spondyloarthropathy, susceptibility to, 1	spondyloarthropathy, susceptibility to, 1	MONDO	18
4578	7885	DISEASE	spondyloepimetaphyseal dysplasia, Bieganski type	spondyloepimetaphyseal dysplasia, bieganski type	spondyloepimetaphyseal dysplasia, Bieganski type	MONDO	67
4579	8563	DISEASE	spondyloepiphyseal dysplasia tarda, X-linked	spondyloepiphyseal dysplasia tarda, x-linked	Spondyloepiphyseal dysplasia tarda, X-linked	MedGen	64
4580	9061	DISEASE	spondyloperipheral dysplasia	spondyloperipheral dysplasia	spondyloperipheral dysplasia	MONDO	41
4581	9205	DISEASE	spongiform encephalopathy with neuropsychiatric features	spongiform encephalopathy with neuropsychiatric features	spongiform encephalopathy with neuropsychiatric features	MONDO	16
4582	5927	DISEASE	sporotrichosis	sporotrichosis	Sporotrichosis	standard	35
4583	5928	DISEASE	sprain	sprain	Sprains and Strains	standard	51
4584	5929	DISEASE	sprue	sprue	Celiac Disease	standard	37
4585	5930	DISEASE	squamous cell carcinoma	squamous cell carcinoma	Carcinoma, Squamous Cell	standard	26
4586	5931	DISEASE	squamous cell carcinoma of buccal mucosa	squamous cell carcinoma of buccal mucosa	squamous cell carcinoma of buccal mucosa	standard	9
4587	5932	DISEASE	squamous cell carcinoma of lip	squamous cell carcinoma of lip	squamous cell carcinoma of lip	standard	8
4588	5933	DISEASE	squamous cell carcinoma of penis	squamous cell carcinoma of penis	squamous cell carcinoma of penis	standard	95
4589	5934	DISEASE	squamous cell carcinoma, vulva	squamous cell carcinoma, vulva	vulvar squamous cell carcinoma	standard	107
4590	5935	DISEASE	squamous cell lung carcinoma	squamous cell lung carcinoma	squamous cell lung carcinoma	standard	22
4591	5936	DISEASE	st-elevation myocardial infarction	st-elevation myocardial infarction	ST Elevation Myocardial Infarction	standard	48
4592	5937	DISEASE	stable angina	stable angina	Angina, Stable	standard	26
4593	5938	DISEASE	stable coronary artery disease	stable coronary artery disease	nonobstructive coronary artery disease	standard	33
4594	7619	DISEASE	stage 1 chronic kidney disease	stage 1 chronic kidney disease	Renal Insufficiency, Chronic	modified_disease	24
4595	7620	DISEASE	stage 2 chronic kidney disease	stage 2 chronic kidney disease	Renal Insufficiency, Chronic	modified_disease	24
4596	7621	DISEASE	stage 3 chronic kidney disease	stage 3 chronic kidney disease	Renal Insufficiency, Chronic	modified_disease	24
4597	7622	DISEASE	stage 4 chronic kidney disease	stage 4 chronic kidney disease	Renal Insufficiency, Chronic	modified_disease	24
4598	7623	DISEASE	stage d2 metastatic carcinoma of the prostate	stage d2 metastatic carcinoma of the prostate	prostate cancer	corrected_overlay	11
4599	7624	DISEASE	stage iii colon cancer	stage iii colon cancer	Stage III Colon Cancer AJCC v8	modified_disease	38
4600	7625	DISEASE	stage iv kidney wilms tumor	stage iv kidney wilms tumor	Stage IV Kidney Wilms Tumor	modified_disease	41
4601	7626	DISEASE	stage iv ovarian carcinoma	stage iv ovarian carcinoma	Stage IV Ovarian Cancer AJCC v6 and v7	modified_disease	16
4602	5939	DISEASE	staphylococcal dermatitis	staphylococcal dermatitis	staphylococcal pneumonia	standard	14
4603	5940	DISEASE	staphylococcal endocarditis	staphylococcal endocarditis	staphylococcal endocarditis	corrected_overlay	21
4604	5941	DISEASE	staphylococcal enterocolitis	staphylococcal enterocolitis	Staphylococcal enterocolitis	standard	8
4605	5942	DISEASE	staphylococcal infection	staphylococcal infection	Staphylococcal Infections	standard	7
4606	5943	DISEASE	staphylococcal infections	staphylococcal infections	Staphylococcal Infections	standard	7
4607	5944	DISEASE	staphylococcal meningitis	staphylococcal meningitis	meningitis	standard	15
4608	5945	DISEASE	staphylococcal pneumonia	staphylococcal pneumonia	Pneumonia, Staphylococcal	standard	14
4609	5946	DISEASE	staphylococcal skin infections	staphylococcal skin infections	Staphylococcal Skin Infections	standard	11
4610	5947	DISEASE	staphylococcus aureus	staphylococcus aureus	Staphylococcus aureus	standard	25
4611	5948	DISEASE	staphylococcus aureus bloodstream infections	staphylococcus aureus bloodstream infections	staphylococcus aureus infection	standard	11
4612	5949	DISEASE	staphylococcus aureus infection	staphylococcus aureus infection	Staphylococcal Infections; Staphylococcus aureus infection	corrected_overlay	12
4613	5950	DISEASE	staphylococcus epidermidis	staphylococcus epidermidis	Staphylococcus epidermidis	standard	32
4614	5951	DISEASE	staphylococcus epidermidis infection	staphylococcus epidermidis infection	staphylococcus aureus infection	standard	11
4615	5952	DISEASE	staphylococcus haemolyticus or staphylococcus lugdunensis	staphylococcus haemolyticus or staphylococcus lugdunensis	Staphylococcus lugdunensis	standard	28
4616	5953	DISEASE	staphylococcus saprophyticus infection	staphylococcus saprophyticus infection	staphylococcus aureus infection	standard	11
4617	5954	DISEASE	stasis dermatitis	stasis dermatitis	Stasis dermatitis	standard	71
4618	5955	DISEASE	status asthmaticus	status asthmaticus	Status Asthmaticus	standard	29
4619	5956	DISEASE	status epilepticus	status epilepticus	Status Epilepticus	standard	116
4620	5957	DISEASE	steatorrhea	steatorrhea	Steatorrhea	standard	19
4621	5958	DISEASE	stent thrombosis	stent thrombosis	Stent Thrombosis	standard	21
4622	5959	DISEASE	steroid dependent nephrotic syndrome	steroid dependent nephrotic syndrome	Nephrotic Syndrome	standard	43
4623	5960	DISEASE	stevens-johnson syndrome	stevens-johnson syndrome	Stevens-Johnson Syndrome	standard	42
4624	8828	DISEASE	Stickler syndrome type 1	stickler syndrome type 1	Stickler syndrome type 1	MONDO	15
4625	9186	DISEASE	Stickler syndrome type 2	stickler syndrome type 2	Stickler syndrome type 2	MONDO	43
4626	9422	DISEASE	Stickler syndrome, type 4	stickler syndrome, type 4	Stickler syndrome, type 4	MONDO	19
4627	9433	DISEASE	Stickler syndrome, type 5	stickler syndrome, type 5	Stickler syndrome, type 5	MONDO	19
4628	8922	DISEASE	stiff skin syndrome	stiff skin syndrome	stiff skin syndrome	MONDO	139
4629	5961	DISEASE	stiff-person syndrome	stiff-person syndrome	Stiff-Person Syndrome	standard	80
4630	5962	DISEASE	stiffness	stiffness	Vascular Stiffness	standard	25
4631	5963	DISEASE	still disease	still disease	systemic-onset juvenile idiopathic arthritis	standard	22
4632	5964	DISEASE	stinging sensation	stinging sensation	Pain Felt Stinging Question	standard	9
4633	5965	DISEASE	stomach cancer	stomach cancer	Stomach Neoplasms	standard	6
4634	5966	DISEASE	stomach carcinoma in situ	stomach carcinoma in situ	stomach carcinoma in situ	standard	8
4635	5967	DISEASE	stomach neoplasms	stomach neoplasms	Stomach Neoplasms	standard	6
4636	5968	DISEASE	stomatitis	stomatitis	Stomatitis	standard	15
4637	5969	DISEASE	stomatitis, aphthous	stomatitis, aphthous	Stomatitis, Aphthous	standard	51
4638	5970	DISEASE	strabismus	strabismus	Strabismus	standard	54
4639	8499	DISEASE	strabismus, susceptibility to	strabismus, susceptibility to	Strabismus, susceptibility to	MedGen	71
4640	5971	DISEASE	strains and sprains	strains and sprains	Sprains and Strains	standard	51
4641	5972	DISEASE	streptococcal infection	streptococcal infection	Streptococcal Infections	standard	7
4642	5973	DISEASE	streptococcal infections	streptococcal infections	Streptococcal Infections	standard	7
4643	5974	DISEASE	streptococcal sore throat	streptococcal sore throat	streptococcal sore throat	standard	8
4644	5975	DISEASE	streptococcus mitis or streptococcus oralis	streptococcus mitis or streptococcus oralis	Streptococcus mitis	standard	11
4645	7627	DISEASE	streptococcus pneumoniae type 1	streptococcus pneumoniae type 1	type 3 capsular polysaccharide, Streptococcus pneumoniae	modified_disease	14
4646	7628	DISEASE	streptococcus pneumoniae type 10a	streptococcus pneumoniae type 10a	capsular polysaccharide 10A	modified_disease	13
4647	7629	DISEASE	streptococcus pneumoniae type 11a	streptococcus pneumoniae type 11a	streptococcus pneumoniae discitis	modified_disease	15
4648	7630	DISEASE	streptococcus pneumoniae type 12f	streptococcus pneumoniae type 12f	Pneumococcal Infections; Streptococcus pneumoniae serotype 12F	MeSH; PubMed Central	54
4649	7631	DISEASE	streptococcus pneumoniae type 14	streptococcus pneumoniae type 14	streptococcus pneumoniae discitis	modified_disease	15
4650	7632	DISEASE	streptococcus pneumoniae type 15b	streptococcus pneumoniae type 15b	capsular polysaccharide, Streptococcus pneumoniae type 15B	modified_disease	23
4651	7633	DISEASE	streptococcus pneumoniae type 19a	streptococcus pneumoniae type 19a	streptococcus pneumoniae discitis	modified_disease	15
4652	7634	DISEASE	streptococcus pneumoniae type 19f	streptococcus pneumoniae type 19f	streptococcus pneumoniae discitis	modified_disease	15
4653	7635	DISEASE	streptococcus pneumoniae type 22f	streptococcus pneumoniae type 22f	capsular polysaccharide, Streptococcus pneumoniae type 15B	modified_disease	23
4654	7636	DISEASE	streptococcus pneumoniae type 23f	streptococcus pneumoniae type 23f	streptococcus pneumoniae discitis	modified_disease	15
4655	7637	DISEASE	streptococcus pneumoniae type 3	streptococcus pneumoniae type 3	type 3 capsular polysaccharide, Streptococcus pneumoniae	modified_disease	14
4656	7638	DISEASE	streptococcus pneumoniae type 33f	streptococcus pneumoniae type 33f	capsular polysaccharide 33F	modified_disease	13
4657	7639	DISEASE	streptococcus pneumoniae type 5	streptococcus pneumoniae type 5	streptococcus pneumoniae discitis	modified_disease	15
4658	7640	DISEASE	streptococcus pneumoniae type 6a	streptococcus pneumoniae type 6a	streptococcus pneumoniae discitis	modified_disease	15
4659	7641	DISEASE	streptococcus pneumoniae type 6b	streptococcus pneumoniae type 6b	streptococcus pneumoniae discitis	modified_disease	15
4660	7642	DISEASE	streptococcus pneumoniae type 7f	streptococcus pneumoniae type 7f	streptococcus pneumoniae discitis	modified_disease	15
4661	7643	DISEASE	streptococcus pneumoniae type 8	streptococcus pneumoniae type 8	streptococcus pneumoniae discitis	modified_disease	15
4662	7644	DISEASE	streptococcus pneumoniae type 9v	streptococcus pneumoniae type 9v	streptococcus pneumoniae discitis	modified_disease	15
4663	5976	DISEASE	stroke	stroke	Stroke	standard	57
4664	5977	DISEASE	stroke disorder	stroke disorder	stroke disorder	MeSH	68
4665	8611	DISEASE	stroke, susceptibility to, 1	stroke, susceptibility to, 1	stroke, susceptibility to, 1	MONDO	15
4666	5978	DISEASE	stroke-like episode	stroke-like episode	Stroke-like episode	standard	35
4667	5979	DISEASE	strongyloidiasis	strongyloidiasis	Strongyloidiasis	standard	30
4668	8500	DISEASE	Sturge-Weber syndrome	sturge-weber syndrome	Sturge-Weber syndrome	MedGen	77
4669	5980	DISEASE	subacute bursitis	subacute bursitis	bursitis	standard	24
4670	5981	DISEASE	subacute lymphocytic thyroiditis	subacute lymphocytic thyroiditis	subacute lymphocytic thyroiditis	standard	33
4671	5982	DISEASE	subacute sclerosing panencephalitis	subacute sclerosing panencephalitis	Subacute Sclerosing Panencephalitis	standard	96
4672	5983	DISEASE	subacute thyroiditis	subacute thyroiditis	Thyroiditis, Subacute	standard	33
4673	5984	DISEASE	subarachnoid hemorrhage	subarachnoid hemorrhage	Subarachnoid Hemorrhage	standard	38
4674	5985	DISEASE	subarachnoid intracranial hemorrhage	subarachnoid intracranial hemorrhage	Subarachnoid Hemorrhage	standard	38
4675	5986	DISEASE	subendocardial myocardial infarction	subendocardial myocardial infarction	subendocardial myocardial infarction	standard	23
4676	5987	DISEASE	subependymal giant cell astrocytoma	subependymal giant cell astrocytoma	Astrocytoma	standard	93
4677	6439	DISEASE	subependymal giant cell astrocytoma (sega)	subependymal giant cell astrocytoma (sega)	subependymal giant cell astrocytoma	alias_disease	47
4678	5988	DISEASE	subinvolution of uterus in puerperium	subinvolution of uterus in puerperium	chronic subinvolution of uterus	standard	20
4679	5989	DISEASE	subjective cognitive decline	subjective cognitive decline	subjective cognitive decline	standard	15
4680	5990	DISEASE	submucous uterine fibroid	submucous uterine fibroid	submucous uterine fibroid	standard	13
4681	5991	DISEASE	substance abuse	substance abuse	Substance-Related Disorders	standard	7
4682	5992	DISEASE	substance withdrawal syndrome	substance withdrawal syndrome	Substance Withdrawal Syndrome	standard	34
4683	5993	DISEASE	sudden cardiac arrest	sudden cardiac arrest	Death, Sudden, Cardiac	standard	66
4684	9237	DISEASE	sudden infant death-dysgenesis of the testes syndrome	sudden infant death-dysgenesis of the testes syndrome	sudden infant death-dysgenesis of the testes syndrome	MONDO	20
4685	5994	DISEASE	suicidal ideation, ctcae	suicidal ideation, ctcae	Suicidal Ideation, CTCAE	standard	10
4686	7645	DISEASE	sulfite oxidase deficiency due to molybdenum cofactor deficiency type a	sulfite oxidase deficiency due to molybdenum cofactor deficiency type a	Sulfite oxidase deficiency due to molybdenum cofactor deficiency type A	modified_disease	50
4687	5995	DISEASE	sunburn	sunburn	Sunburn	standard	29
4688	8874	DISEASE	superficial epidermolytic ichthyosis	superficial epidermolytic ichthyosis	superficial epidermolytic ichthyosis	MONDO	21
4689	5996	DISEASE	superficial folliculitis	superficial folliculitis	folliculitis	standard	14
4690	5997	DISEASE	superficial keratitis	superficial keratitis	Keratitis, Herpetic	standard	34
4691	5998	DISEASE	superficial multifocal basal cell carcinoma	superficial multifocal basal cell carcinoma	superficial multifocal basal cell carcinoma	standard	28
4692	5999	DISEASE	superficial punctate keratitis	superficial punctate keratitis	superficial punctate keratitis	corrected_overlay	19
4693	6000	DISEASE	superficial urinary bladder carcinoma	superficial urinary bladder carcinoma	superficial urinary bladder carcinoma	standard	31
4694	6001	DISEASE	suppression of rhesus (rh) isoimmunization	suppression of rhesus (rh) isoimmunization	Rh isoimmunization	standard	21
4695	6002	DISEASE	suppurative thyroiditis	suppurative thyroiditis	Thyroiditis, Suppurative	standard	25
4696	8571	DISEASE	supranuclear palsy, progressive, 1	supranuclear palsy, progressive, 1	Supranuclear palsy, progressive, 1	MedGen	155
4697	6003	DISEASE	supraspinatus tendinitis	supraspinatus tendinitis	tendinitis	standard	33
4698	8923	DISEASE	supravalvular aortic stenosis	supravalvular aortic stenosis	supravalvular aortic stenosis	MONDO	65
4699	6004	DISEASE	supraventricular and ventricular arrhythmias	supraventricular and ventricular arrhythmias	Arrhythmias, Cardiac	standard	32
4700	6005	DISEASE	supraventricular arrhythmia	supraventricular arrhythmia	Supraventricular Arrhythmia by ECG Finding	standard	15
4701	6006	DISEASE	supraventricular tachycardia	supraventricular tachycardia	Tachycardia, Supraventricular	standard	13
4702	6007	DISEASE	surface wounds	surface wounds	Wounds and Injuries	standard	22
4703	6008	DISEASE	surgical wound	surgical wound	Surgical Wound	standard	7
4704	6009	DISEASE	surgical wound infection	surgical wound infection	Surgical Wound Infection	standard	9
4705	8629	DISEASE	susceptibility to visceral leishmaniasis, 1	susceptibility to visceral leishmaniasis, 1	susceptibility to visceral leishmaniasis, 1	MONDO	16
4706	6010	DISEASE	sustained ventricular tachycardia	sustained ventricular tachycardia	Sustained Ventricular Tachycardia by ECG Finding	standard	12
4707	6011	DISEASE	swelling	swelling	Swelling	standard	7
4708	7694	DISEASE	swelling due to pregnancy	swelling due to pregnancy	Edema	manual_modified_disease	17
4709	6012	DISEASE	swine influenza	swine influenza	Swine Influenza	MONDO; Disease Ontology	34
4710	6013	DISEASE	sycosis barbae	sycosis barbae	sycosis barbae	standard	17
4711	6014	DISEASE	sympathetic ophthalmia	sympathetic ophthalmia	Ophthalmia, Sympathetic	standard	35
4712	6015	DISEASE	sympathetic uveitis	sympathetic uveitis	Ophthalmia, Sympathetic	standard	35
4713	6016	DISEASE	symptomatic heart failure	symptomatic heart failure	Symptomatic heart failure	manual_final7_review	30
4714	6017	DISEASE	symptomatic premature ventricular beats	symptomatic premature ventricular beats	symptomatic premature ventricular contractions	corrected_overlay	21
4715	6018	DISEASE	symptomatic sarcoidosis	symptomatic sarcoidosis	symptomatic sarcoidosis	corrected_overlay	22
4716	6019	DISEASE	symptomatic vitreomacular adhesion	symptomatic vitreomacular adhesion	symptomatic vitreomacular adhesion	corrected_overlay	15
4717	6020	DISEASE	syncope	syncope	Syncope	standard	50
4718	6021	DISEASE	syndromic dyslipidemia	syndromic dyslipidemia	syndromic dyslipidemia	standard	12
4719	6022	DISEASE	synovial sarcoma	synovial sarcoma	Sarcoma, Synovial	standard	102
4720	6023	DISEASE	synovitis	synovitis	Synovitis	standard	5
4721	6024	DISEASE	syphilis	syphilis	Syphilis	standard	10
4722	6025	DISEASE	systemic anaplastic large cell lymphoma	systemic anaplastic large cell lymphoma	Lymphoma, Large-Cell, Anaplastic	standard	37
4723	6026	DISEASE	systemic candidiasis	systemic candidiasis	candidiasis	standard	5
4724	6027	DISEASE	systemic embolism	systemic embolism	Embolism, Paradoxical	standard	95
4725	7646	DISEASE	systemic embolism in patients with non-valvular atrial fibrillation	systemic embolism in patients with non-valvular atrial fibrillation	atrial fibrillation	modified_disease	50
4726	6028	DISEASE	systemic inflammatory response syndrome	systemic inflammatory response syndrome	Systemic Inflammatory Response Syndrome	standard	73
4727	7647	DISEASE	systemic juvenile idiopathic arthritis	systemic juvenile idiopathic arthritis	systemic-onset juvenile idiopathic arthritis	modified_disease	30
4728	6029	DISEASE	systemic lupus erythematosus	systemic lupus erythematosus	Lupus Erythematosus, Systemic	standard	72
4729	6440	DISEASE	systemic lupus erythematosus (sle)	systemic lupus erythematosus (sle)	systemic lupus erythematosus	alias_disease	26
4730	8013	DISEASE	systemic lupus erythematosus, susceptibility to, 1	systemic lupus erythematosus, susceptibility to, 1	Systemic lupus erythematosus, susceptibility to, 1	MedGen	403
4731	8023	DISEASE	systemic lupus erythematosus, susceptibility to, 2	systemic lupus erythematosus, susceptibility to, 2	systemic lupus erythematosus, susceptibility to, 2	MONDO	17
4732	8024	DISEASE	systemic lupus erythematosus, susceptibility to, 3	systemic lupus erythematosus, susceptibility to, 3	systemic lupus erythematosus, susceptibility to, 3	MONDO	17
4733	8041	DISEASE	systemic lupus erythematosus, susceptibility to, 4	systemic lupus erythematosus, susceptibility to, 4	systemic lupus erythematosus, susceptibility to, 4	MONDO	17
4734	6030	DISEASE	systemic mastocytosis	systemic mastocytosis	Mastocytosis, Systemic	standard	49
4735	6031	DISEASE	systemic mycosis	systemic mycosis	systemic mycosis	standard	14
4736	6032	DISEASE	systemic primary carnitine deficiency	systemic primary carnitine deficiency	Primary Carnitine Deficiency	standard	65
4737	6033	DISEASE	systemic primary carnitine deficiency disease	systemic primary carnitine deficiency disease	systemic primary carnitine deficiency disease	standard	36
4738	6034	DISEASE	systemic sclerosis	systemic sclerosis	Scleroderma, Systemic	standard	64
4739	6035	DISEASE	systemic sclerosis-associated interstitial lung disease	systemic sclerosis-associated interstitial lung disease	interstitial lung disease	standard	48
4740	6036	DISEASE	systemic vasculitis	systemic vasculitis	Systemic Vasculitis	standard	15
4741	6037	DISEASE	systolic heart failure	systolic heart failure	Heart Failure, Systolic	standard	14
4742	7648	DISEASE	t-cell acute lymphoblastic leukemia	t-cell acute lymphoblastic leukemia	T-cell acute lymphoblastic leukemia	modified_disease	20
4743	7649	DISEASE	t-cell acute lymphocytic leukemia	t-cell acute lymphocytic leukemia	Precursor T-Cell Lymphoblastic Leukemia-Lymphoma	modified_disease	24
4744	6038	DISEASE	t-cell non-hodgkin's lymphoma	t-cell non-hodgkin's lymphoma	T-cell non-Hodgkin lymphoma	standard	21
4745	6441	DISEASE	t-cell/histiocyte rich large b-cell lymphoma (lbcl)	t-cell/histiocyte rich large b-cell lymphoma (lbcl)	T-cell/histiocyte rich large B cell lymphoma	alias_disease	27
4746	6039	DISEASE	tabagism	tabagism	tobacco use disorder	corrected_overlay	26
4747	6040	DISEASE	tachyarrhythmia	tachyarrhythmia	Tachycardia	standard	28
4748	6041	DISEASE	tachycardia	tachycardia	Tachycardia	standard	28
4749	6042	DISEASE	tachycardia, atrioventricular nodal reentry	tachycardia, atrioventricular nodal reentry	Tachycardia, Atrioventricular Nodal Reentry	standard	59
4750	6043	DISEASE	tachycardia, reciprocating	tachycardia, reciprocating	Tachycardia, Reciprocating	standard	56
4751	6044	DISEASE	takayasu arteritis	takayasu arteritis	Takayasu Arteritis	standard	48
4752	6045	DISEASE	tapeworm infections	tapeworm infections	Cestode Infections	standard	9
4753	6046	DISEASE	tardive dyskinesia	tardive dyskinesia	Tardive Dyskinesia	standard	23
4754	9065	DISEASE	Tay-Sachs disease	tay-sachs disease	Tay-Sachs disease	MONDO	19
4755	6047	DISEASE	telangiectasis	telangiectasis	Telangiectasis	standard	36
4756	6048	DISEASE	temporal arteritis	temporal arteritis	Giant Cell Arteritis	standard	70
4757	6049	DISEASE	temporal lobe epilepsy	temporal lobe epilepsy	Epilepsy, Temporal Lobe	standard	79
4758	6050	DISEASE	tendinitis	tendinitis	Tendinopathy	standard	19
4759	6051	DISEASE	tendonitis	tendonitis	Tendinopathy	standard	19
4760	6052	DISEASE	tennis elbow	tennis elbow	Tennis Elbow	standard	39
4761	6053	DISEASE	tenosynovial giant cell tumor	tenosynovial giant cell tumor	Giant Cell Tumor of Tendon Sheath	standard	36
4762	6054	DISEASE	tenosynovitis	tenosynovitis	Tenosynovitis	standard	52
4763	6055	DISEASE	tension	tension	Tension	standard	9
4764	6056	DISEASE	tension headaches	tension headaches	Tension-Type Headache	standard	63
4765	6057	DISEASE	tension-type headache	tension-type headache	Tension-Type Headache	standard	63
4766	6058	DISEASE	teratocarcinoma	teratocarcinoma	Teratocarcinoma	standard	27
4767	6059	DISEASE	tertiary hypothyroidism	tertiary hypothyroidism	isolated thyrotropin-releasing hormone deficiency	standard	17
4768	6060	DISEASE	tertiary syphilis	tertiary syphilis	tertiary syphilis	standard	27
4769	6061	DISEASE	testicular cancer	testicular cancer	Testicular Neoplasms	standard	19
4770	6062	DISEASE	testicular embryonal carcinoma	testicular embryonal carcinoma	testicular embryonal carcinoma	standard	57
4771	6063	DISEASE	testicular germ cell tumor	testicular germ cell tumor	testicular germ cell tumor	standard	19
4772	6064	DISEASE	testicular neoplasms	testicular neoplasms	Testicular Neoplasms	standard	19
4773	6065	DISEASE	testosterone deficiency	testosterone deficiency	Testosterone Deficiency, CTCAE	standard	6
4774	6066	DISEASE	testotoxicosis	testotoxicosis	Puberty, Precocious	standard	53
4775	6067	DISEASE	tetanus	tetanus	Tetanus	standard	64
4776	6068	DISEASE	tetany	tetany	Tetany	standard	65
4777	7650	DISEASE	tetany, neonatal	tetany, neonatal	Tetany	modified_disease	22
4778	7651	DISEASE	tetrahydrobiopterin-responsive hyperphenylalaninemia/phenylketonuria	tetrahydrobiopterin-responsive hyperphenylalaninemia/phenylketonuria	tetrahydrobiopterin-responsive hyperphenylalaninemia/phenylketonuria	modified_disease	62
4779	6069	DISEASE	tetralogy of fallot	tetralogy of fallot	Tetralogy of Fallot	standard	42
4780	8600	DISEASE	TH-deficient dopa-responsive dystonia	th-deficient dopa-responsive dystonia	TH-deficient dopa-responsive dystonia	MONDO	29
4781	6070	DISEASE	thalassemia	thalassemia	Thalassemia	standard	38
4782	6071	DISEASE	thalassemia syndrome	thalassemia syndrome	Thalassemia	standard	38
4783	6072	DISEASE	thallium poisoning	thallium poisoning	poisoning / intoxication	corrected_overlay	8
4784	7652	DISEASE	therapy related acute myeloid leukemia and myelodysplastic syndrome	therapy related acute myeloid leukemia and myelodysplastic syndrome	therapy related acute myeloid leukemia and myelodysplastic syndrome	modified_disease	34
4785	6073	DISEASE	thermal burn	thermal burn	Thermal Burn	standard	8
4786	6074	DISEASE	thermal burns containing intact dermal elements	thermal burns containing intact dermal elements	partial-thickness thermal burn	corrected_overlay	25
4787	6075	DISEASE	thiamine deficiency	thiamine deficiency	Thiamine Deficiency	standard	80
4788	6076	DISEASE	thickened skin	thickened skin	Thickened skin	corrected_overlay	12
4789	6077	DISEASE	thioridazine poisoning	thioridazine poisoning	poisoning / intoxication	corrected_overlay	8
4790	6078	DISEASE	third-degree atrioventricular block	third-degree atrioventricular block	third-degree atrioventricular block	standard	42
4791	6079	DISEASE	third-degree burns	third-degree burns	third-degree atrioventricular block	standard	42
4792	6080	DISEASE	thoracic diseases	thoracic diseases	Thoracic Diseases	standard	7
4793	6081	DISEASE	thrombasthenia	thrombasthenia	Thrombasthenia	standard	44
4794	6082	DISEASE	thromboangiitis obliterans	thromboangiitis obliterans	Thromboangiitis Obliterans	standard	45
4795	6083	DISEASE	thromboangitis obliterans	thromboangitis obliterans	Thromboangiitis Obliterans	standard	45
4796	6084	DISEASE	thrombocythemia	thrombocythemia	Thrombocytosis	standard	11
4797	6085	DISEASE	thrombocythemia 1	thrombocythemia 1	Thrombocythemia 1	standard	131
4798	8578	DISEASE	thrombocythemia 2	thrombocythemia 2	Thrombocythemia 2	MedGen	16
4799	6086	DISEASE	thrombocytopenia	thrombocytopenia	Thrombocytopenia	standard	6
4800	9132	DISEASE	thrombocytopenia 1	thrombocytopenia 1	thrombocytopenia 1	MONDO	13
4801	8924	DISEASE	thrombocytopenia 2	thrombocytopenia 2	thrombocytopenia 2	MONDO	40
4802	9066	DISEASE	thrombocytopenia 3	thrombocytopenia 3	thrombocytopenia 3	MONDO	13
4803	9312	DISEASE	thrombocytopenia 4	thrombocytopenia 4	thrombocytopenia 4	MONDO	16
4804	7653	DISEASE	thrombocytopenia due to immune destruction	thrombocytopenia due to immune destruction	thrombocytopenia due to immune destruction	modified_disease	20
4805	6087	DISEASE	thromboembolism	thromboembolism	Thromboembolism	standard	15
4806	6088	DISEASE	thrombophilia	thrombophilia	Thrombophilia	standard	15
4807	7806	DISEASE	thrombophilia due to thrombin defect	thrombophilia due to thrombin defect	thrombophilia due to thrombin defect	MONDO	13
4808	6089	DISEASE	thrombosis	thrombosis	Thrombosis	standard	12
4809	6090	DISEASE	thrombotic stroke	thrombotic stroke	Thrombotic Stroke	standard	42
4810	6091	DISEASE	thrombotic thrombocytopenic purpura	thrombotic thrombocytopenic purpura	Purpura, Thrombotic Thrombocytopenic	standard	54
4811	6092	DISEASE	thygeson superficial punctate keratopathy	thygeson superficial punctate keratopathy	thygeson superficial punctate keratopathy	standard	51
4812	6093	DISEASE	thymus neoplasm	thymus neoplasm	Thymus Neoplasms	standard	7
4813	6094	DISEASE	thyroid cancer	thyroid cancer	Thyroid Neoplasms	standard	7
4814	8501	DISEASE	thyroid cancer, nonmedullary, 1	thyroid cancer, nonmedullary, 1	Thyroid cancer, nonmedullary, 1	MedGen	254
4815	7807	DISEASE	thyroid cancer, nonmedullary, 2	thyroid cancer, nonmedullary, 2	thyroid cancer	MONDO	7
4816	6095	DISEASE	thyroid disease	thyroid disease	Thyroid Diseases	standard	6
4817	9067	DISEASE	thyroid dyshormonogenesis 1	thyroid dyshormonogenesis 1	thyroid dyshormonogenesis 1	MONDO	14
4818	9069	DISEASE	thyroid dyshormonogenesis 3	thyroid dyshormonogenesis 3	thyroid dyshormonogenesis 3	MONDO	18
4819	9070	DISEASE	thyroid dyshormonogenesis 4	thyroid dyshormonogenesis 4	thyroid dyshormonogenesis 4	MONDO	18
4820	9071	DISEASE	thyroid dyshormonogenesis 5	thyroid dyshormonogenesis 5	thyroid dyshormonogenesis 5	MONDO	18
4821	9212	DISEASE	thyroid dyshormonogenesis 6	thyroid dyshormonogenesis 6	thyroid dyshormonogenesis 6	MONDO	18
4822	6096	DISEASE	thyroid eye disease	thyroid eye disease	Graves Ophthalmopathy	standard	33
4823	6097	DISEASE	thyroid gland autonomy	thyroid gland autonomy	thyroid gland angiosarcoma	standard	19
4824	6098	DISEASE	thyroid gland carcinoma	thyroid gland carcinoma	thyroid gland carcinoma	standard	25
4825	6099	DISEASE	thyroid gland undifferentiated (anaplastic) carcinoma	thyroid gland undifferentiated (anaplastic) carcinoma	thyroid gland undifferentiated (anaplastic) carcinoma	standard	61
4826	9254	DISEASE	thyroid hormone metabolism, abnormal 1	thyroid hormone metabolism, abnormal 1	thyroid hormone metabolism, abnormal 1	MONDO	58
4827	9219	DISEASE	thyroid Hurthle cell carcinoma	thyroid hurthle cell carcinoma	thyroid Hurthle cell carcinoma	MONDO	15
4828	6100	DISEASE	thyroid nodule	thyroid nodule	Thyroid Nodule	standard	46
4829	6101	DISEASE	thyroiditis	thyroiditis	Thyroiditis	standard	33
4830	6102	DISEASE	thyroiod cancer	thyroiod cancer	thyroid cancer	corrected_overlay	24
4831	6103	DISEASE	thyrotoxic crisis	thyrotoxic crisis	Thyroid Crisis	standard	20
4832	6104	DISEASE	thyrotoxicosis	thyrotoxicosis	Thyrotoxicosis	standard	45
4833	9138	DISEASE	tibial muscular dystrophy	tibial muscular dystrophy	tibial muscular dystrophy	MONDO	25
4834	7654	DISEASE	tibial torsion, bilateral medial	tibial torsion, bilateral medial	Tibial torsion, bilateral medial	modified_disease	50
4835	6105	DISEASE	tick-borne encephalitis	tick-borne encephalitis	Encephalitis, Tick-Borne	standard	82
4836	6442	DISEASE	tick-borne encephalitis (tbe)	tick-borne encephalitis (tbe)	tick-borne encephalitis	alias_disease	58
4837	6106	DISEASE	tick-borne infectious disease	tick-borne infectious disease	tick-borne infectious disease	standard	59
4838	9148	DISEASE	Timothy syndrome	timothy syndrome	Timothy syndrome	MONDO	42
4839	6107	DISEASE	tinea barbae	tinea barbae	tinea barbae	standard	6
4840	7655	DISEASE	tinea barbae caused by microsporum canis	tinea barbae caused by microsporum canis	tinea barbae	modified_disease	16
4841	6108	DISEASE	tinea capitis	tinea capitis	Tinea Capitis	standard	24
4842	6109	DISEASE	tinea corporis	tinea corporis	Tinea	standard	20
4843	6443	DISEASE	tinea corporis (ringworm)	tinea corporis (ringworm)	tinea corporis	corrected_overlay	18
4844	6110	DISEASE	tinea cruris	tinea cruris	Tinea Cruris	standard	11
4845	6111	DISEASE	tinea cruris (jock itch)	tinea cruris (jock itch)	Tinea Cruris	standard	11
4846	6112	DISEASE	tinea infection	tinea infection	Tinea Infection	NCI Thesaurus	7
4847	6113	DISEASE	tinea manuum	tinea manuum	tinea manuum	standard	6
4848	6114	DISEASE	tinea pedis	tinea pedis	Tinea Pedis	standard	15
4849	6115	DISEASE	tinea pedis (athlete's foot)	tinea pedis (athlete's foot)	tinea pedis	standard	15
4850	6116	DISEASE	tinea unguium	tinea unguium	Onychomycosis	standard	14
4851	6117	DISEASE	tinea versicolor	tinea versicolor	Tinea Versicolor	standard	49
4852	7981	DISEASE	tobacco addiction, susceptibility to	tobacco addiction, susceptibility to	Tobacco addiction, susceptibility to	MedGen	9
4853	6118	DISEASE	tongue cancer	tongue cancer	Tongue Neoplasms	standard	6
4854	6119	DISEASE	tongue squamous cell carcinoma	tongue squamous cell carcinoma	tongue squamous cell carcinoma	standard	39
4855	6120	DISEASE	tonic seizure	tonic seizure	Seizures	standard	39
4856	6121	DISEASE	tonic-clonic epilepsy	tonic-clonic epilepsy	Epilepsy, Tonic-Clonic	standard	97
4857	6122	DISEASE	tonsil cancer	tonsil cancer	Tonsillar Neoplasms	standard	7
4858	6123	DISEASE	tonsillar squamous cell carcinoma	tonsillar squamous cell carcinoma	tonsillar squamous cell carcinoma	standard	57
4859	6124	DISEASE	tonsillitis	tonsillitis	Tonsillitis	standard	34
4860	8925	DISEASE	tooth and nail syndrome	tooth and nail syndrome	tooth and nail syndrome	MONDO	9
4861	7783	DISEASE	tooth ankylosis	tooth ankylosis	tooth ankylosis	MONDO	22
4862	6125	DISEASE	toothache	toothache	Toothache	standard	8
4863	6126	DISEASE	torsade-de-pointes syndrome with short coupling interval	torsade-de-pointes syndrome with short coupling interval	torsade-de-pointes syndrome with short coupling interval	standard	64
4864	6127	DISEASE	torsades de pointes	torsades de pointes	Torsades de Pointes	standard	63
4865	7738	DISEASE	torsion dystonia 4	torsion dystonia 4	torsion dystonia 4	MONDO	20
4866	6128	DISEASE	torticollis	torticollis	torticollis	corrected_overlay	26
4867	6129	DISEASE	total blindness	total blindness	Blindness	standard	39
4868	6130	DISEASE	tourette syndrome	tourette syndrome	Tourette Syndrome	standard	92
4869	6131	DISEASE	tourette's syndrome	tourette's syndrome	Tourette Syndrome	standard	92
4870	6132	DISEASE	toxemia of pregnancy	toxemia of pregnancy	Pre-Eclampsia	standard	48
4871	6133	DISEASE	toxic effect of methyl alcohol	toxic effect of methyl alcohol	methanol poisoning	corrected_overlay	13
4872	7656	DISEASE	toxic encephalopathy caused by lead	toxic encephalopathy caused by lead	toxic encephalopathy	modified_disease	29
4873	6134	DISEASE	toxic epidermal necrolysis	toxic epidermal necrolysis	Toxic Epidermal Necrolysis	NCI Thesaurus; MONDO	43
4874	6135	DISEASE	toxic methemoglobinemia with cyanosis	toxic methemoglobinemia with cyanosis	Toxic Methemoglobinemia with Cyanosis	standard	38
4875	6136	DISEASE	toxocariasis	toxocariasis	Toxocariasis	standard	33
4876	6137	DISEASE	toxoplasmosis	toxoplasmosis	Toxoplasmosis	standard	12
4877	6138	DISEASE	toxoplasmosis encephalitis	toxoplasmosis encephalitis	Toxoplasmosis, Cerebral	standard	55
4878	6139	DISEASE	tracheobronchitis	tracheobronchitis	tracheobronchitis	standard	5
4879	6140	DISEASE	trachoma	trachoma	Trachoma	standard	12
4880	6141	DISEASE	transfusion reaction	transfusion reaction	Transfusion Reaction	standard	33
4881	6142	DISEASE	transfusional hemosiderosis	transfusional hemosiderosis	Transfusion Hemosiderosis	standard	12
4882	7657	DISEASE	transient erythroblastopenia of childhood	transient erythroblastopenia of childhood	transient erythroblastopenia of childhood	modified_disease	26
4883	6143	DISEASE	transient hypogammaglobulinemia	transient hypogammaglobulinemia	transient hypogammaglobulinemia	standard	44
4884	6144	DISEASE	transient hypothyroidism	transient hypothyroidism	transient congenital hypothyroidism	standard	30
4885	6145	DISEASE	transient insomnia	transient insomnia	Sleep Initiation and Maintenance Disorders	standard	28
4886	6146	DISEASE	transient ischemic attack	transient ischemic attack	Ischemic Attack, Transient	standard	61
4887	6147	DISEASE	transient ischemic attacks	transient ischemic attacks	Ischemic Attack, Transient	standard	61
4888	7658	DISEASE	transient neonatal diabetes mellitus	transient neonatal diabetes mellitus	transient neonatal diabetes mellitus	modified_disease	76
4889	6148	DISEASE	transitional cell carcinoma	transitional cell carcinoma	Carcinoma, Transitional Cell	standard	18
4890	6149	DISEASE	transplanted organ rejection	transplanted organ rejection	transplant rejection	standard	22
4891	6150	DISEASE	transposition of the great arteries	transposition of the great arteries	transposition of the great arteries	standard	12
4892	9537	DISEASE	transthyretin amyloid cardiomyopathy	transthyretin amyloid cardiomyopathy	Transthyretin Amyloid Cardiomyopathy	curated_standard_definition	32
4893	6151	DISEASE	transthyretin cardiac amyloidosis	transthyretin cardiac amyloidosis	Amyloidosis, Hereditary, Transthyretin-Related	standard	38
4894	6152	DISEASE	trauma	trauma	Wounds and Injuries	standard	22
4895	6153	DISEASE	traumatic brain injuries	traumatic brain injuries	Brain Injuries, Traumatic	standard	17
4896	6154	DISEASE	traumatic wounds	traumatic wounds	traumatic glaucoma	standard	71
4897	6155	DISEASE	traveler's diarrhea	traveler's diarrhea	traveler's diarrhea	corrected_overlay	18
4898	6156	DISEASE	travelers' diarrhea	travelers' diarrhea	travelers' diarrhea	corrected_overlay	18
4899	8882	DISEASE	Treacher Collins syndrome 1	treacher collins syndrome 1	Treacher Collins syndrome 1	MONDO	17
4900	9012	DISEASE	Treacher Collins syndrome 3	treacher collins syndrome 3	Treacher Collins syndrome 3	MONDO	17
4901	7659	DISEASE	treatment-refractory schizophrenia	treatment-refractory schizophrenia	treatment-refractory schizophrenia	modified_disease	24
4902	7660	DISEASE	treatment-resistant depression	treatment-resistant depression	Depressive Disorder, Treatment-Resistant	modified_disease	30
4903	7661	DISEASE	treatment-resistant schizophrenia	treatment-resistant schizophrenia	Schizophrenia, Treatment-Resistant	modified_disease	42
4904	6157	DISEASE	tremor	tremor	Tremor	standard	56
4905	7662	DISEASE	tremor, hereditary essential, 1	tremor, hereditary essential, 1	tremor, hereditary essential, 1	modified_disease	42
4906	8019	DISEASE	tremor, hereditary essential, 2	tremor, hereditary essential, 2	tremor, hereditary essential, 2	MONDO	15
4907	7810	DISEASE	tremor-nystagmus-duodenal ulcer syndrome	tremor-nystagmus-duodenal ulcer syndrome	Tremor-nystagmus-duodenal ulcer syndrome	Orphanet	52
4908	6158	DISEASE	trichinellosis	trichinellosis	Trichinellosis	standard	65
4909	6159	DISEASE	trichinosis	trichinosis	Trichinellosis	standard	65
4910	8926	DISEASE	tricho-dento-osseous syndrome	tricho-dento-osseous syndrome	tricho-dento-osseous syndrome	MONDO	39
4911	6160	DISEASE	trichomonal vulvovaginitis	trichomonal vulvovaginitis	trichomonal vulvovaginitis	standard	8
4912	6161	DISEASE	trichomonas infections	trichomonas infections	Trichomonas Infections	standard	11
4913	6162	DISEASE	trichomonas vaginitis urogenital infection	trichomonas vaginitis urogenital infection	Trichomonas vaginitis urogenital infection	standard	21
4914	6163	DISEASE	trichomoniasis	trichomoniasis	Trichomonas Infections	standard	11
4915	6164	DISEASE	trichophyton mentagrophytes or trichophyton rubrum	trichophyton mentagrophytes or trichophyton rubrum	Trichophyton infection / dermatophytosis	corrected_overlay	13
4916	9352	DISEASE	trichotillomania	trichotillomania	trichotillomania	MONDO	41
4917	6165	DISEASE	trichuriasis	trichuriasis	Trichuriasis	standard	10
4918	6166	DISEASE	tricuspid atresia	tricuspid atresia	Tricuspid Atresia	standard	49
4919	6167	DISEASE	trigeminal neuralgia	trigeminal neuralgia	Trigeminal Neuralgia	standard	64
4920	9489	DISEASE	triosephosphate isomerase deficiency	triosephosphate isomerase deficiency	triosephosphate isomerase deficiency	MONDO	21
4921	7663	DISEASE	triple-negative breast cancer (tnbc)	triple-negative breast cancer (tnbc)	Breast Neoplasms	modified_disease	14
4922	7664	DISEASE	triple-negative breast carcinoma	triple-negative breast carcinoma	triple-negative breast carcinoma	modified_disease	55
4923	9227	DISEASE	tropical pancreatitis	tropical pancreatitis	tropical pancreatitis	MONDO	55
4924	6168	DISEASE	tropical pulmonary eosinophilia	tropical pulmonary eosinophilia	Eosinophilia	standard	10
4925	8468	DISEASE	tropical spastic paraparesis	tropical spastic paraparesis	HTLV-1-associated myelopathy-tropical spastic paraparesis	MedGen	45
4926	6169	DISEASE	tropical sprue	tropical sprue	Sprue, Tropical	standard	38
4927	9072	DISEASE	Troyer syndrome	troyer syndrome	Troyer syndrome	MONDO	70
4928	6170	DISEASE	trypanosomiasis	trypanosomiasis	Trypanosomiasis	standard	7
4929	9416	DISEASE	trypsinogen deficiency	trypsinogen deficiency	trypsinogen deficiency	MONDO	13
4930	6171	DISEASE	tsh producing pituitary tumor	tsh producing pituitary tumor	TSH producing pituitary tumor	standard	15
4931	6172	DISEASE	tuberculosis	tuberculosis	Tuberculosis	standard	16
4932	6173	DISEASE	tuberculosis, meningeal	tuberculosis, meningeal	Tuberculosis, Meningeal	standard	91
4933	6174	DISEASE	tuberculous meningitis	tuberculous meningitis	Tuberculosis, Meningeal	standard	91
4934	6175	DISEASE	tuberous sclerosis	tuberous sclerosis	Tuberous Sclerosis	standard	65
4935	7982	DISEASE	tuberous sclerosis 1	tuberous sclerosis 1	Tuberous sclerosis 1	MedGen	81
4936	9354	DISEASE	tuberous sclerosis 2	tuberous sclerosis 2	tuberous sclerosis 2	MONDO	39
4937	6176	DISEASE	tuberous sclerosis complex	tuberous sclerosis complex	Tuberous Sclerosis	standard	65
4938	6177	DISEASE	tubo-ovarian abscess	tubo-ovarian abscess	Tubo-Ovarian Abscess	standard	19
4939	6178	DISEASE	tularemia	tularemia	Tularemia	standard	24
4940	6179	DISEASE	tumor lysis syndrome	tumor lysis syndrome	Tumor Lysis Syndrome	standard	27
4941	7665	DISEASE	tumor mutational burden-high (tmb-h) cancer	tumor mutational burden-high (tmb-h) cancer	tumor mutational burden-high cancer	corrected_overlay	9
4942	6180	DISEASE	tumors	tumors	Neoplasms	standard	25
4943	6181	DISEASE	tympanic membrane perforation	tympanic membrane perforation	Tympanic Membrane Perforation	standard	21
4944	7666	DISEASE	type 1 diabetes mellitus	type 1 diabetes mellitus	Diabetes Mellitus, Type 1	modified_disease	19
4945	8017	DISEASE	type 1 diabetes mellitus 10	type 1 diabetes mellitus 10	type 1 diabetes mellitus 10	MONDO	25
4946	8010	DISEASE	type 1 diabetes mellitus 11	type 1 diabetes mellitus 11	type 1 diabetes mellitus 11	MONDO	23
4947	8011	DISEASE	type 1 diabetes mellitus 13	type 1 diabetes mellitus 13	Type 1 diabetes mellitus 13	MedGen	23
4948	8012	DISEASE	type 1 diabetes mellitus 15	type 1 diabetes mellitus 15	type 1 diabetes mellitus 15	MONDO	23
4949	8021	DISEASE	type 1 diabetes mellitus 17	type 1 diabetes mellitus 17	type 1 diabetes mellitus 17	MONDO	23
4950	7734	DISEASE	type 1 diabetes mellitus 2	type 1 diabetes mellitus 2	type 1 diabetes mellitus 2	MONDO	25
4951	8008	DISEASE	type 1 diabetes mellitus 4	type 1 diabetes mellitus 4	Type 1 diabetes mellitus 4	MedGen	23
4952	8016	DISEASE	type 1 diabetes mellitus 6	type 1 diabetes mellitus 6	type 1 diabetes mellitus 6	MONDO	23
4953	7667	DISEASE	type 2 diabetes mellitus	type 2 diabetes mellitus	Diabetes Mellitus, Type 2	modified_disease	20
4954	6182	DISEASE	typhoid fever	typhoid fever	Typhoid Fever	standard	14
4955	6183	DISEASE	typhus	typhus	Typhus, Epidemic Louse-Borne	standard	51
4956	6184	DISEASE	typhus fever	typhus fever	typhus	standard	14
4957	6185	DISEASE	typical absence seizure	typical absence seizure	Epilepsy, Absence	standard	84
4958	6186	DISEASE	tyrosinemia	tyrosinemia	Tyrosinemias	standard	98
4959	6187	DISEASE	tyrosinemia type i	tyrosinemia type i	tyrosinemia type I	standard	41
4960	8550	DISEASE	tyrosinemia type II	tyrosinemia type ii	Tyrosinemia type II	MedGen	49
4961	8551	DISEASE	tyrosinemia type III	tyrosinemia type iii	Tyrosinemia type III	MedGen	58
4962	6188	DISEASE	ulcer disease	ulcer disease	ulcer disease	standard	20
4963	6189	DISEASE	ulcerative colitis	ulcerative colitis	Colitis, Ulcerative	standard	25
4964	6190	DISEASE	ulcerative esophagitis	ulcerative esophagitis	Barrett's esophagus	standard	18
4965	6444	DISEASE	ulcerative proctitis (disorder)	ulcerative proctitis (disorder)	ulcerative proctitis	corrected_overlay	20
4966	6191	DISEASE	ulcerative proctosigmoiditis	ulcerative proctosigmoiditis	ulcerative proctosigmoiditis	standard	11
4967	6192	DISEASE	ulcers	ulcers	Ulcer	standard	20
4968	6193	DISEASE	uncomplicated allergic skin manifestations of angioedema	uncomplicated allergic skin manifestations of angioedema	angioedema	standard	22
4969	6194	DISEASE	uncomplicated gonorrhea	uncomplicated gonorrhea	gonorrhea	standard	65
4970	6195	DISEASE	uncomplicated malaria	uncomplicated malaria	malaria	standard	106
4971	6196	DISEASE	uncomplicated malignant hypertension	uncomplicated malignant hypertension	malignant hypertension	standard	17
4972	6197	DISEASE	uncomplicated skin and skin structure infections	uncomplicated skin and skin structure infections	Skin	standard	19
4973	6198	DISEASE	uncomplicated urinary tract infections	uncomplicated urinary tract infections	urinary tract obstruction	standard	11
4974	6199	DISEASE	uncontrolled bleeding	uncontrolled bleeding	bleeding	standard	31
4975	6200	DISEASE	unexplained infertility	unexplained infertility	unexplained infertility	corrected_overlay	14
4976	7668	DISEASE	unilateral inguinal hernia	unilateral inguinal hernia	Hernia, Inguinal	MeSH	29
4977	7669	DISEASE	unresectable hepatocellular carcinoma	unresectable hepatocellular carcinoma	Unresectable Hepatocellular Carcinoma	modified_disease	17
4978	7670	DISEASE	unresectable hepatocellular carcinoma (hcc)	unresectable hepatocellular carcinoma (hcc)	Unresectable Hepatocellular Carcinoma	modified_disease	18
4979	7671	DISEASE	unresectable liposarcoma	unresectable liposarcoma	Unresectable Liposarcoma	modified_disease	15
4980	7672	DISEASE	unresectable melanoma	unresectable melanoma	Unresectable Melanoma	modified_disease	15
4981	7673	DISEASE	unresectable non-squamous non-small cell lung cancer	unresectable non-squamous non-small cell lung cancer	non-small cell squamous lung carcinoma	modified_disease	19
4982	7674	DISEASE	unresectable or metastatic melanoma with a braf v600e or v600k mutation	unresectable or metastatic melanoma with a braf v600e or v600k mutation	Melanoma	modified_disease	57
4983	7675	DISEASE	unresectable or metastatic uveal melanoma	unresectable or metastatic uveal melanoma	Melanoma	modified_disease	49
4984	7676	DISEASE	unresectable stage iii non-small cell lung cancer (nsclc)	unresectable stage iii non-small cell lung cancer (nsclc)	Carcinoma, Non-Small-Cell Lung	modified_disease	34
4985	7677	DISEASE	unresectable thymic carcinoma	unresectable thymic carcinoma	Unresectable Thymus Carcinoma	modified_disease	17
4986	6201	DISEASE	unstable angina	unstable angina	Angina, Unstable	standard	10
4987	7861	DISEASE	Unverricht-Lundborg syndrome	unverricht-lundborg syndrome	Unverricht-Lundborg syndrome	MONDO	30
4988	6202	DISEASE	upper gastrointestinal hemorrhage	upper gastrointestinal hemorrhage	Upper Gastrointestinal Hemorrhage	standard	13
4989	6203	DISEASE	upper limb spasticity	upper limb spasticity	upper limb mononeuronitis	standard	11
4990	6204	DISEASE	upper respiratory infections	upper respiratory infections	Respiratory Tract Infections	standard	15
4991	6205	DISEASE	upper respiratory tract disorder	upper respiratory tract disorder	upper respiratory tract disorder	standard	7
4992	6206	DISEASE	upper respiratory tract infections	upper respiratory tract infections	Respiratory Tract Infections	standard	15
4993	6207	DISEASE	urate tophus	urate tophus	Urate tophus	standard	30
4994	6208	DISEASE	urea cycle disorder	urea cycle disorder	Urea Cycle Disorders, Inborn	standard	77
4995	6209	DISEASE	urea cycle disorders, inborn	urea cycle disorders, inborn	Urea Cycle Disorders, Inborn	standard	77
4996	6210	DISEASE	urea cycle enzyme deficiencies	urea cycle enzyme deficiencies	urea cycle disorder	standard	28
4997	6211	DISEASE	uremia	uremia	Uremia	standard	54
4998	6212	DISEASE	ureteritis	ureteritis	ureteritis	standard	9
4999	6213	DISEASE	ureterolithiasis	ureterolithiasis	Ureterolithiasis	standard	6
5000	6214	DISEASE	urethral infections and inflammations	urethral infections and inflammations	Urethritis	corrected_overlay	16
5001	6215	DISEASE	urethritis	urethritis	Urethritis	standard	21
5002	6216	DISEASE	urge incontinence	urge incontinence	Urinary Incontinence, Urge	standard	35
5003	6217	DISEASE	urgency urinary incontinence	urgency urinary incontinence	urinary urgency	standard	42
5004	7695	DISEASE	urgent surgery/invasive procedures	urgent surgery/invasive procedures	Surgical Procedures, Operative	manual_modified_disease	17
5005	6218	DISEASE	urinary bladder cancer	urinary bladder cancer	Urinary Bladder Neoplasms	standard	7
5006	6219	DISEASE	urinary bladder carcinoma	urinary bladder carcinoma	urinary bladder carcinoma	standard	11
5007	7812	DISEASE	urinary bladder, atony of	urinary bladder, atony of	urinary bladder	HPO	18
5008	6220	DISEASE	urinary incontinence	urinary incontinence	Urinary Incontinence	standard	30
5009	6221	DISEASE	urinary incontinence, urge	urinary incontinence, urge	Urinary Incontinence, Urge	standard	35
5010	6222	DISEASE	urinary leakage	urinary leakage	Urinary Leakage	standard	8
5011	6223	DISEASE	urinary retention	urinary retention	Urinary Retention	standard	9
5012	6224	DISEASE	urinary schistosomiasis	urinary schistosomiasis	Schistosomiasis haematobia	standard	36
5013	6225	DISEASE	urinary system disorder	urinary system disorder	urinary system disorder	standard	6
5014	6226	DISEASE	urinary tract infection	urinary tract infection	Urinary Tract Infections	standard	22
5015	6227	DISEASE	urinary tract infections	urinary tract infections	Urinary Tract Infections	standard	22
5016	6445	DISEASE	urinary tract infections (cystitis)	urinary tract infections (cystitis)	Urinary Tract Infections	alias_disease	22
5017	6228	DISEASE	urinary urgency	urinary urgency	urinary urgency	standard	42
5018	6229	DISEASE	urinary urgency, ctcae	urinary urgency, ctcae	Urinary Urgency, CTCAE	standard	10
5019	9073	DISEASE	urocanic aciduria	urocanic aciduria	urocanic aciduria	MONDO	33
5020	9470	DISEASE	urofacial syndrome 2	urofacial syndrome 2	urofacial syndrome 2	MONDO	17
5021	6230	DISEASE	urogenital infections	urogenital infections	Urogenital infections	corrected_overlay	9
5022	6231	DISEASE	urogenital tuberculosis	urogenital tuberculosis	Tuberculosis, Urogenital	standard	20
5023	6232	DISEASE	urolithiasis	urolithiasis	Urolithiasis	standard	19
5024	6233	DISEASE	urolithiasis, uric acid, autosomal dominant	urolithiasis, uric acid, autosomal dominant	urolithiasis	standard	19
5025	6234	DISEASE	urothelial carcinoma	urothelial carcinoma	urothelial carcinoma	standard	23
5026	7678	DISEASE	urothelial carcinoma recurrent	urothelial carcinoma recurrent	urothelial carcinoma	corrected_overlay	7
5027	6235	DISEASE	urticaria	urticaria	Urticaria	standard	28
5028	6236	DISEASE	urticarial reaction to blood product	urticarial reaction to blood product	Urticaria; Transfusion Reaction	corrected_overlay	17
5029	7813	DISEASE	uterine anomalies	uterine anomalies	Congenital uterine anomaly	MedGen	5
5030	6237	DISEASE	uterine atony	uterine atony	Uterine Inertia	standard	22
5031	6238	DISEASE	uterine cancer	uterine cancer	Uterine Neoplasms	standard	6
5032	6239	DISEASE	uterine cervical cancer	uterine cervical cancer	Uterine Cervical Neoplasms	standard	7
5033	6240	DISEASE	uterine cervix carcinoma in situ	uterine cervix carcinoma in situ	uterine cervix carcinoma in situ	standard	25
5034	6241	DISEASE	uterine corpus cancer	uterine corpus cancer	Malignant Uterine Corpus Neoplasm	NCI Thesaurus	31
5035	7775	DISEASE	uterine corpus leiomyoma	uterine corpus leiomyoma	uterine corpus leiomyoma	MONDO	30
5036	6242	DISEASE	uterine fibroid	uterine fibroid	Leiomyoma	standard	47
5037	6243	DISEASE	uterine fibroids	uterine fibroids	Leiomyoma	standard	47
5038	6244	DISEASE	uterine hemorrhage	uterine hemorrhage	Uterine Hemorrhage	standard	12
5039	8466	DISEASE	uveal melanoma	uveal melanoma	Uveal melanoma	MedGen	63
5040	6245	DISEASE	uveitis	uveitis	Uveitis	standard	30
5041	6246	DISEASE	vaccinia	vaccinia	Vaccinia	standard	13
5042	6247	DISEASE	vaginal atrophy	vaginal atrophy	Vaginal Atrophy	standard	20
5043	6248	DISEASE	vaginal cancer	vaginal cancer	Vaginal Neoplasms	standard	6
5044	6249	DISEASE	vaginal disease	vaginal disease	Vaginal Diseases	standard	5
5045	6250	DISEASE	vaginal dryness	vaginal dryness	Vaginal Dryness	standard	33
5046	6251	DISEASE	vaginal intraepithelial neoplasia	vaginal intraepithelial neoplasia	Vaginal Intraepithelial Neoplasia	standard	24
5047	7679	DISEASE	vaginal intraepithelial neoplasia grade 1	vaginal intraepithelial neoplasia grade 1	Low Grade Vaginal Intraepithelial Neoplasia	modified_disease	26
5048	6252	DISEASE	vaginal ulcer	vaginal ulcer	Lipschütz ulcer	standard	13
5049	6253	DISEASE	vaginitis	vaginitis	Vaginitis	standard	11
5050	7680	DISEASE	vaginitis caused by gardnerella vaginalis	vaginitis caused by gardnerella vaginalis	vaginitis	modified_disease	18
5051	7681	DISEASE	vancomycin-resistant enterococcus faecium infections	vancomycin-resistant enterococcus faecium infections	Vancomycin-resistant Enterococcus Measurement	modified_disease	38
5052	7682	DISEASE	variant angina	variant angina	Prinzmetal angina	modified_disease	21
5053	6254	DISEASE	varicella	varicella	Chickenpox	standard	75
5054	7814	DISEASE	varicose disease	varicose disease	varicose disease	MONDO	12
5055	6255	DISEASE	varicose ulcer	varicose ulcer	Varicose Ulcer	standard	16
5056	6256	DISEASE	varicose veins	varicose veins	Varicose Veins	standard	4
5057	8914	DISEASE	variegate porphyria	variegate porphyria	variegate porphyria	MONDO	24
5058	6257	DISEASE	vascular dementia	vascular dementia	Dementia, Vascular	standard	36
5059	6258	DISEASE	vascular diseases	vascular diseases	Vascular Diseases	standard	29
5060	6259	DISEASE	vascular headache	vascular headache	Vascular Headaches	standard	25
5061	6260	DISEASE	vascular headaches	vascular headaches	Vascular Headaches	standard	25
5062	6261	DISEASE	vascular parkinsonism	vascular parkinsonism	vascular parkinsonism	standard	19
5063	6262	DISEASE	vasculitis	vasculitis	Vasculitis	standard	21
5064	6263	DISEASE	vaso-occlusive crisis	vaso-occlusive crisis	Vaso-Occlusive Crises	standard	30
5065	6264	DISEASE	vasodilatory shock	vasodilatory shock	shock	standard	56
5066	6265	DISEASE	vasomotor menopausal symptoms	vasomotor menopausal symptoms	Menopausal Symptoms Attenuation	standard	22
5067	6266	DISEASE	vasomotor rhinitis	vasomotor rhinitis	Rhinitis, Vasomotor	standard	15
5068	6267	DISEASE	vasomotor symptoms	vasomotor symptoms	vasomotor symptoms	corrected_overlay	22
5069	6268	DISEASE	vasospasm, intracranial	vasospasm, intracranial	Vasospasm, Intracranial	standard	45
5070	6269	DISEASE	vasospastic angina	vasospastic angina	Prinzmetal angina	standard	76
5071	6270	DISEASE	vein disorder	vein disorder	vein disorder	standard	5
5072	6271	DISEASE	venom allergy	venom allergy	Venom Hypersensitivity	standard	19
5073	6272	DISEASE	venom-induced anaphylaxis	venom-induced anaphylaxis	Venom-induced anaphylaxis	standard	11
5074	6273	DISEASE	venous insufficiency	venous insufficiency	Venous Insufficiency	standard	36
5075	6274	DISEASE	venous thromboembolism	venous thromboembolism	Venous Thromboembolism	standard	16
5076	6275	DISEASE	ventricular arrhythmia	ventricular arrhythmia	Ventricular Arrhythmia	standard	21
5077	7683	DISEASE	ventricular arrhythmias associated with digitalis toxicity	ventricular arrhythmias associated with digitalis toxicity	Digitalis Toxicity	modified_disease	29
5078	7940	DISEASE	ventricular arrhythmias due to cardiac ryanodine receptor calcium release deficiency syndrome	ventricular arrhythmias due to cardiac ryanodine receptor calcium release deficiency syndrome	Ventricular arrhythmias due to cardiac ryanodine receptor calcium release deficiency syndrome	MedGen	78
5079	6276	DISEASE	ventricular fibrillation	ventricular fibrillation	Ventricular Fibrillation	standard	48
5080	6277	DISEASE	ventricular premature beats	ventricular premature beats	Ventricular Premature Complexes	standard	56
5081	9440	DISEASE	ventricular septal defect 3	ventricular septal defect 3	ventricular septal defect 3	MONDO	18
5082	6278	DISEASE	ventricular standstill	ventricular standstill	atrial standstill	standard	48
5083	6279	DISEASE	ventricular tachycardia	ventricular tachycardia	Tachycardia, Ventricular	standard	69
5084	6280	DISEASE	ventriculitis	ventriculitis	Ventriculitis	standard	5
5085	6281	DISEASE	vernal conjunctivitis	vernal conjunctivitis	Conjunctivitis, Allergic	standard	7
5086	6282	DISEASE	vernal keratoconjunctivitis	vernal keratoconjunctivitis	Conjunctivitis, Allergic	standard	7
5087	6283	DISEASE	verruca	verruca	Warts	standard	10
5088	6284	DISEASE	vertebral compression fracture	vertebral compression fracture	spinal fracture	standard	26
5089	6285	DISEASE	vertical disease transmission	vertical disease transmission	Maternal Transmission	standard	16
5090	6286	DISEASE	vertigo	vertigo	Vertigo	standard	70
5091	8505	DISEASE	very long chain acyl-CoA dehydrogenase deficiency	very long chain acyl-coa dehydrogenase deficiency	Very long chain acyl-CoA dehydrogenase deficiency	MedGen	115
5092	6287	DISEASE	vesicoureteral reflux	vesicoureteral reflux	Vesico-Ureteral Reflux	standard	21
5093	6288	DISEASE	vestibular disorder	vestibular disorder	Vestibular Diseases	standard	26
5094	6289	DISEASE	vestibular vertigo	vestibular vertigo	Vertigo	standard	70
5095	6290	DISEASE	vincent angina	vincent angina	Gingivitis, Necrotizing Ulcerative	standard	59
5096	6291	DISEASE	vincent's gingivitis	vincent's gingivitis	Gingivitis, Necrotizing Ulcerative	standard	59
5097	6292	DISEASE	vipoma	vipoma	Vipoma	standard	52
5098	6293	DISEASE	viral disease	viral disease	Virus Diseases	standard	8
5099	6294	DISEASE	viral induced lung injury	viral induced lung injury	acute lung injury	standard	44
5100	6295	DISEASE	viral pneumonia	viral pneumonia	Pneumonia, Viral	standard	12
5101	6296	DISEASE	viral respiratory tract infection	viral respiratory tract infection	viral respiratory tract infection	standard	32
5102	6297	DISEASE	viral rhinitis	viral rhinitis	rhinitis	standard	14
5103	6298	DISEASE	viremia	viremia	Viremia	standard	7
5104	6299	DISEASE	visceral larva migrans	visceral larva migrans	Larva Migrans, Visceral	standard	35
5105	6300	DISEASE	visceral leishmaniasis	visceral leishmaniasis	Leishmaniasis, Visceral	standard	59
5106	6301	DISEASE	visceral pain	visceral pain	Visceral Pain	standard	21
5107	6302	DISEASE	visceral spasms	visceral spasms	visceral spasm	corrected_overlay	16
5108	6303	DISEASE	vitamin a deficiency	vitamin a deficiency	Vitamin A Deficiency	standard	83
5109	6304	DISEASE	vitamin b 12 deficiency	vitamin b 12 deficiency	Vitamin B 12 Deficiency	standard	83
5110	6305	DISEASE	vitamin b deficiency	vitamin b deficiency	Vitamin B Deficiency	standard	45
5111	6306	DISEASE	vitamin b12 deficiency	vitamin b12 deficiency	Vitamin B 12 Deficiency	standard	83
5112	6307	DISEASE	vitamin b2 deficiency	vitamin b2 deficiency	ariboflavinosis	standard	35
5113	6308	DISEASE	vitamin b6 deficiency	vitamin b6 deficiency	Vitamin B 6 Deficiency	standard	53
5114	6309	DISEASE	vitamin c deficiency	vitamin c deficiency	Ascorbic Acid Deficiency	standard	66
5115	6310	DISEASE	vitamin d deficiency	vitamin d deficiency	Vitamin D Deficiency	standard	59
5116	8006	DISEASE	vitamin D hydroxylation-deficient rickets, type 1B	vitamin d hydroxylation-deficient rickets, type 1b	Vitamin D hydroxylation-deficient rickets, type 1B	MedGen	227
5117	7997	DISEASE	vitamin D-dependent rickets, type 1A	vitamin d-dependent rickets, type 1a	Vitamin D-dependent rickets, type 1	MedGen	297
5118	7882	DISEASE	vitamin D-dependent rickets, type 2A	vitamin d-dependent rickets, type 2a	vitamin D-dependent rickets, type 2A	MONDO	33
5119	6311	DISEASE	vitamin deficiency	vitamin deficiency	Avitaminosis	standard	15
5120	6312	DISEASE	vitamin e deficiency	vitamin e deficiency	Vitamin E Deficiency	standard	79
5121	6313	DISEASE	vitamin k deficiency bleeding	vitamin k deficiency bleeding	Vitamin K Deficiency Bleeding	standard	6
5122	6314	DISEASE	vitamin k deficiency hemorrhagic disease	vitamin k deficiency hemorrhagic disease	vitamin K deficiency hemorrhagic disease	standard	29
5123	6315	DISEASE	vitiligo	vitiligo	Vitiligo	standard	49
5124	7983	DISEASE	vitiligo-associated multiple autoimmune disease susceptibility 6	vitiligo-associated multiple autoimmune disease susceptibility 6	Vitiligo-associated multiple autoimmune disease susceptibility 6	MedGen	14
5125	6316	DISEASE	vitreomacular traction	vitreomacular traction	Vitreomacular traction	standard	66
5126	6317	DISEASE	vivax malaria	vivax malaria	Malaria, Vivax	standard	32
5127	6318	DISEASE	vomiting	vomiting	Vomiting	standard	12
5128	7684	DISEASE	vomiting associated with radiotherapy	vomiting associated with radiotherapy	vomiting	modified_disease	21
5129	6319	DISEASE	vomiting induced by cytotoxic therapy	vomiting induced by cytotoxic therapy	vomiting	standard	13
5130	6320	DISEASE	vomiting, postoperative	vomiting, postoperative	Postoperative Nausea and Vomiting	standard	6
5131	6321	DISEASE	von hippel-lindau (vhl) disease	von hippel-lindau (vhl) disease	von Hippel-Lindau Disease	standard	58
5132	6322	DISEASE	von hippel-lindau disease	von hippel-lindau disease	von Hippel-Lindau Disease	standard	58
5133	6323	DISEASE	von willebrand disease	von willebrand disease	von Willebrand Diseases	standard	53
5134	7685	DISEASE	von willebrand disease (hereditary or acquired)	von willebrand disease (hereditary or acquired)	von Willebrand Diseases	modified_disease	29
5135	7984	DISEASE	von Willebrand disease 1	von willebrand disease 1	von Willebrand disease type 1	MedGen	97
5136	6324	DISEASE	von willebrand disease 3	von willebrand disease 3	von Willebrand disease 3	standard	51
5137	7686	DISEASE	von willebrand disease type 2b	von willebrand disease type 2b	von Willebrand disease type 2B	modified_disease	65
5138	6325	DISEASE	von willebrand disorder	von willebrand disorder	von Willebrand Diseases	standard	53
5139	6326	DISEASE	von willebrand's disease (type i)	von willebrand's disease (type i)	von Willebrand Diseases	standard	53
5140	6327	DISEASE	vulva cancer	vulva cancer	Vulvar Neoplasms	standard	6
5141	7687	DISEASE	vulval intraepithelial neoplasia grade 2	vulval intraepithelial neoplasia grade 2	grade III prostatic intraepithelial neoplasia	modified_disease	24
5142	6328	DISEASE	vulvar dystrophy	vulvar dystrophy	vulvar dystrophy	standard	19
5143	6329	DISEASE	vulvar intraepithelial neoplasia	vulvar intraepithelial neoplasia	vulvar intraepithelial neoplasia	standard	28
5144	6330	DISEASE	vulvar lichen sclerosus	vulvar lichen sclerosus	Vulvar Lichen Sclerosus	standard	21
5145	6331	DISEASE	vulvar squamous cell carcinoma	vulvar squamous cell carcinoma	vulvar squamous cell carcinoma	standard	107
5146	6332	DISEASE	vulvovaginal atrophy	vulvovaginal atrophy	Vulvovaginal Atrophy	standard	28
5147	6333	DISEASE	vulvovaginal candidiasis	vulvovaginal candidiasis	Candidiasis, Vulvovaginal	standard	13
5148	6334	DISEASE	vulvovaginitis	vulvovaginitis	Vulvovaginitis	standard	13
5149	8933	DISEASE	WAGR syndrome	wagr syndrome	WAGR syndrome	MONDO	39
5150	6335	DISEASE	waldenstrom macroglobulinemia	waldenstrom macroglobulinemia	Waldenstrom Macroglobulinemia	standard	42
5151	6336	DISEASE	waldenstrom's macroglobulinemia	waldenstrom's macroglobulinemia	Waldenstrom Macroglobulinemia	standard	42
5152	6337	DISEASE	warfarin related intracerebral hemorrhage	warfarin related intracerebral hemorrhage	intracerebral hemorrhage	standard	29
5153	6338	DISEASE	warts	warts	Warts	standard	10
5154	6339	DISEASE	wasting syndrome	wasting syndrome	Wasting Syndrome	standard	43
5155	8930	DISEASE	Watson syndrome	watson syndrome	Watson syndrome	MONDO	90
5156	6340	DISEASE	wearing off effect	wearing off effect	Off-resonance Effect	standard	17
5157	9074	DISEASE	Weaver syndrome	weaver syndrome	Weaver syndrome	MONDO	37
5158	6341	DISEASE	weight loss	weight loss	Weight Loss	standard	5
5159	8552	DISEASE	Werner syndrome	werner syndrome	Werner syndrome	MedGen	106
5160	6342	DISEASE	wernicke encephalopathy	wernicke encephalopathy	Wernicke Encephalopathy	standard	78
5161	7999	DISEASE	Wernicke-Korsakoff syndrome	wernicke-korsakoff syndrome	Wernicke-Korsakoff syndrome	MedGen	28
5162	6343	DISEASE	west syndrome	west syndrome	Spasms, Infantile	standard	87
5163	6344	DISEASE	wet beriberi	wet beriberi	wet beriberi	standard	21
5164	6345	DISEASE	wet macular degeneration	wet macular degeneration	Wet Macular Degeneration	standard	41
5165	6346	DISEASE	whim syndrome 1	whim syndrome 1	WHIM syndrome 1	standard	46
5166	6347	DISEASE	whipworm infections	whipworm infections	Trichuriasis	standard	10
5167	9189	DISEASE	Wiedemann-Steiner syndrome	wiedemann-steiner syndrome	Wiedemann-Steiner syndrome	MONDO	88
5168	6348	DISEASE	wild type attr amyloidosis	wild type attr amyloidosis	wild-type amyloidosis	standard	18
5169	8932	DISEASE	Williams syndrome	williams syndrome	Williams syndrome	MONDO	31
5170	6349	DISEASE	wilms tumor	wilms tumor	Wilms Tumor	standard	57
5171	7815	DISEASE	Wilms tumor 1	wilms tumor 1	Wilms tumor 1	MONDO	27
5172	6350	DISEASE	wilms' tumor	wilms' tumor	Wilms Tumor	standard	57
5173	6351	DISEASE	wilson disease	wilson disease	Hepatolenticular Degeneration	standard	71
5174	6352	DISEASE	wilson's disease	wilson's disease	Hepatolenticular Degeneration	standard	71
5175	9125	DISEASE	Wilson-Turner syndrome	wilson-turner syndrome	Wilson-Turner syndrome	MONDO	19
5176	9075	DISEASE	Winchester syndrome	winchester syndrome	Winchester syndrome	MONDO	13
5177	9108	DISEASE	Wiskott-Aldrich syndrome	wiskott-aldrich syndrome	Wiskott-Aldrich syndrome	MONDO	22
5178	9446	DISEASE	Wiskott-Aldrich syndrome 2	wiskott-aldrich syndrome 2	Wiskott-Aldrich syndrome 2	MONDO	17
5179	8934	DISEASE	Wolf-Hirschhorn syndrome	wolf-hirschhorn syndrome	Wolf-Hirschhorn syndrome	MONDO	26
5180	6353	DISEASE	wolff-parkinson-white syndrome	wolff-parkinson-white syndrome	Wolff-Parkinson-White Syndrome	standard	79
5181	8969	DISEASE	Wolfram syndrome 1	wolfram syndrome 1	Wolfram syndrome 1	MONDO	17
5182	9187	DISEASE	Wolfram syndrome 2	wolfram syndrome 2	Wolfram syndrome 2	MONDO	17
5183	9001	DISEASE	Woodhouse-Sakati syndrome	woodhouse-sakati syndrome	Woodhouse-Sakati syndrome	MONDO	22
5184	7951	DISEASE	wooly hair-hypotrichosis-everted lower lip-outstanding ears syndrome	wooly hair-hypotrichosis-everted lower lip-outstanding ears syndrome	Wooly hair-hypotrichosis-everted lower lip-outstanding ears syndrome	MedGen	14
5185	6354	DISEASE	wound infection	wound infection	Wound Infection	standard	7
5186	6355	DISEASE	wound sepsis	wound sepsis	neonatal sepsis	standard	13
5187	6356	DISEASE	wounds	wounds	Wounds and Injuries	standard	22
5188	6357	DISEASE	wounds, stab	wounds, stab	Wounds, Stab	standard	7
5189	9077	DISEASE	wrinkly skin syndrome	wrinkly skin syndrome	wrinkly skin syndrome	MONDO	67
5190	6358	DISEASE	wrist fracture	wrist fracture	Wrist Fractures	standard	13
5191	6359	DISEASE	x-linked adrenoleukodystrophy	x-linked adrenoleukodystrophy	Adrenoleukodystrophy	standard	79
5192	9109	DISEASE	X-linked Alport syndrome	x-linked alport syndrome	X-linked Alport syndrome	MONDO	5
5193	6360	DISEASE	x-linked dominant hypophosphatemic rickets	x-linked dominant hypophosphatemic rickets	X-linked dominant hypophosphatemic rickets	standard	18
5194	9101	DISEASE	X-linked erythropoietic protoporphyria	x-linked erythropoietic protoporphyria	X-linked erythropoietic protoporphyria	MONDO	94
5195	6361	DISEASE	x-linked hypophosphatemic rickets	x-linked hypophosphatemic rickets	Familial Hypophosphatemic Rickets	standard	30
5196	8559	DISEASE	X-linked lymphoproliferative disease due to SH2D1A deficiency	x-linked lymphoproliferative disease due to sh2d1a deficiency	X-linked lymphoproliferative disease due to SH2D1A deficiency	MONDO	93
5197	9128	DISEASE	X-linked myopathy with excessive autophagy	x-linked myopathy with excessive autophagy	X-linked myopathy with excessive autophagy	MONDO	21
5198	9099	DISEASE	X-linked myopathy with postural muscle atrophy	x-linked myopathy with postural muscle atrophy	X-linked myopathy with postural muscle atrophy	MONDO	54
5199	9127	DISEASE	X-linked myotubular myopathy	x-linked myotubular myopathy	X-linked myotubular myopathy	MONDO	26
5200	9112	DISEASE	X-linked progressive cerebellar ataxia	x-linked progressive cerebellar ataxia	X-linked progressive cerebellar ataxia	MONDO	15
5201	9089	DISEASE	X-linked recessive ocular albinism	x-linked recessive ocular albinism	X-linked recessive ocular albinism	MONDO	23
5202	9130	DISEASE	X-linked retinoschisis	x-linked retinoschisis	X-linked retinoschisis	MONDO	18
5203	9098	DISEASE	X-linked scapuloperoneal muscular dystrophy	x-linked scapuloperoneal muscular dystrophy	X-linked scapuloperoneal muscular dystrophy	MONDO	25
5204	9100	DISEASE	X-linked sideroblastic anemia 1	x-linked sideroblastic anemia 1	X-linked sideroblastic anemia 1	MONDO	15
5205	9110	DISEASE	X-linked sideroblastic anemia with ataxia	x-linked sideroblastic anemia with ataxia	X-linked sideroblastic anemia with ataxia	MONDO	42
5206	9082	DISEASE	X-linked spondyloepimetaphyseal dysplasia	x-linked spondyloepimetaphyseal dysplasia	X-linked spondyloepimetaphyseal dysplasia	MONDO	5
5207	9078	DISEASE	xanthinuria type I	xanthinuria type i	xanthinuria type I	MONDO	56
5208	6362	DISEASE	xanthomatosis, cerebrotendinous	xanthomatosis, cerebrotendinous	Xanthomatosis, Cerebrotendinous	standard	42
5209	8554	DISEASE	xeroderma pigmentosum group A	xeroderma pigmentosum group a	Xeroderma pigmentosum group A	MedGen	134
5210	6363	DISEASE	xerostomia	xerostomia	Xerostomia	standard	3
5211	6364	DISEASE	yaws	yaws	Yaws	standard	13
5212	6365	DISEASE	yellow fever	yellow fever	Yellow Fever	standard	36
5213	6366	DISEASE	zellweger spectrum disorders	zellweger spectrum disorders	Zellweger spectrum disorders	MONDO	52
5214	6367	DISEASE	zinc deficiency	zinc deficiency	Zinc Deficiency Disorder	corrected_overlay	12
5215	6368	DISEASE	zollinger-ellison syndrome	zollinger-ellison syndrome	Zollinger-Ellison Syndrome	standard	40
5216	6369	DISEASE	zygomycosis	zygomycosis	Zygomycosis	standard	50
