row_index	source_line	entity_type	entity	norm_entity	standard_name	description_source	description_words
0	1	DRUG	(-)-nebivolol	(-)-nebivolol	(-)-Nebivolol	standard	22
1	2	DRUG	(2s,3r)-glycopyrronium bromide	(2s,3r)-glycopyrronium bromide	Pyrrolidinium, 3-(((2S)-cyclopentylhydroxyphenylacetyl)oxy)-1,1-dimethyl-, bromide, (3R)-	standard	30
2	3	DRUG	(r)-irinotecan hydrochloride trihydrate	(r)-irinotecan hydrochloride trihydrate	IRINOTECAN HYDROCHLORIDE	standard	4
3	8788	DRUG	(R)-methylmalonyl-CoA	(r)-methylmalonyl-coa	(R)-methylmalonyl-CoA	PubChem	30
4	8741	DRUG	(S)-acetoin	(s)-acetoin	(S)-acetoin	PubChem	4
5	8758	DRUG	(S)-Mandelic acid	(s)-mandelic acid	(S)-Mandelic acid	PubChem	27
6	6446	DRUG	0.5 ml respiratory syncytial virus pre-fusion f protein, a, recombinant, stabilized 0.12 mg/ml / respiratory syncytial virus pre-fusion f protein, b, recombinant, stabilized 0.12 mg/ml injection	0.5 ml respiratory syncytial virus pre-fusion f protein, a, recombinant, stabilized 0.12 mg/ml / respiratory syncytial virus pre-fusion f protein, b, recombinant, stabilized 0.12 mg/ml injection	RESPIRATORY SYNCYTIAL VIRUS PRE-FUSION GLYCOPROTEIN F; RESPIRATORY SYNCYTIAL VIRUS PRE-FUSION GLYCOPROTEIN F	modified_drug	48
7	6447	DRUG	1 ml hepatitis a vaccine (inactivated) strain hm175 720 unt/ml / hepatitis b surface antigen vaccine 0.02 mg/ml prefilled syringe	1 ml hepatitis a vaccine (inactivated) strain hm175 720 unt/ml / hepatitis b surface antigen vaccine 0.02 mg/ml prefilled syringe	Hepatitis A Vaccine; Hepatitis B Vaccine	NCI Thesaurus	90
8	8323	DRUG	1,2-Benzodiazepine	1,2-benzodiazepine	BENZODIAZEPINE	ChEMBL	19
9	8688	DRUG	1,2-Dichloro-Propane	1,2-dichloro-propane	1,2-Dichloro-Propane	PubChem	15
10	8814	DRUG	1-benzylimidazole	1-benzylimidazole	BENZYLIMIDAZOLE	ChEMBL	12
11	8311	DRUG	10-hydroxycamptothecin	10-hydroxycamptothecin	10-hydroxycamptothecin	PubChem	4
12	4	DRUG	16-fluoroestradiol	16-fluoroestradiol	16-Fluoroestradiol	standard	1
13	5	DRUG	177lu-psma-617	177lu-psma-617	LUTETIUM LU-177 VIPIVOTIDE TETRAXETAN	standard	5
14	8780	DRUG	2'-Deoxycytidine-5'-Monophosphate	2'-deoxycytidine-5'-monophosphate	2'-Deoxycytidine-5'-Monophosphate	PubChem	51
15	8728	DRUG	2,4,6-Tribromophenol	2,4,6-tribromophenol	2,4,6-Tribromophenol	PubChem	50
16	8074	DRUG	2-Aminophenol	2-aminophenol	2-aminophenol	ChEBI	15
17	8736	DRUG	2-Butanol	2-butanol	2-Butanol	PubChem	24
18	8209	DRUG	2-deoxyglucose	2-deoxyglucose	CHEMBL4303562	ChEMBL	12
19	8720	DRUG	2-Ethoxyethanol	2-ethoxyethanol	2-Ethoxyethanol	PubChem	22
20	8081	DRUG	2-Methoxyestradiol	2-methoxyestradiol	2-Methoxyestradiol	NCI Thesaurus	56
21	8742	DRUG	2-Methoxyethanol	2-methoxyethanol	2-Methoxyethanol	PubChem	22
22	6	DRUG	2-phenylbutyric acid	2-phenylbutyric acid	2-Phenylbutyric Acid	standard	45
23	7	DRUG	21s-argatroban	21s-argatroban	21s-argatroban	standard	1
24	6448	DRUG	3 ml insulin degludec 100 unt/ml / liraglutide 3.6 mg/ml pen injector	3 ml insulin degludec 100 unt/ml / liraglutide 3.6 mg/ml pen injector	Insulin Degludec; Liraglutide	NCI Thesaurus;standard drug terminology	71
25	8273	DRUG	3,3'-diindolylmethane	3,3'-diindolylmethane	3,3'-diindolylmethane	PubChem	18
26	8076	DRUG	3,4-Dihydroxycinnamic Acid	3,4-dihydroxycinnamic acid	CHEMBL1235981	ChEMBL	12
27	8747	DRUG	3,4-dimethylaniline	3,4-dimethylaniline	3,4-dimethylaniline	PubChem	48
28	8705	DRUG	3-Bromo-7-Nitroindazole	3-bromo-7-nitroindazole	CHEMBL479014	ChEMBL	12
29	8704	DRUG	3-Chlorophenol	3-chlorophenol	3-Chlorophenol	PubChem	11
30	8762	DRUG	3-methyl-benzene-1,2-diol	3-methyl-benzene-1,2-diol	3-methyl-benzene-1,2-diol	PubChem	39
31	8107	DRUG	3-Methyladenine	3-methyladenine	3-methyladenine	ChEBI	13
32	8707	DRUG	3-phenylpropionic acid	3-phenylpropionic acid	3-phenylpropionic acid	PubChem	59
33	6449	DRUG	30 actuat fluticasone furoate 0.2 mg/actuat / vilanterol 0.025 mg/actuat dry powder inhaler	30 actuat fluticasone furoate 0.2 mg/actuat / vilanterol 0.025 mg/actuat dry powder inhaler	fluticasone furoate; vilanterol	corrected_overlay	26
34	8678	DRUG	4-Bromo-2,5-dimethoxyphenethylamine	4-bromo-2,5-dimethoxyphenethylamine	4-Bromo-2,5-dimethoxyphenethylamine	PubChem	11
35	8	DRUG	4-hydroxybutyrate	4-hydroxybutyrate	4-Hydroxybutanoate	standard	67
36	9	DRUG	4-hydroxycyclophosphamide	4-hydroxycyclophosphamide	4-Hydroxycyclophosphamide	standard	40
37	8673	DRUG	4-Methoxyamphetamine	4-methoxyamphetamine	CHEMBL1927027	ChEMBL	12
38	8760	DRUG	4-Nitrocatechol	4-nitrocatechol	4-Nitrocatechol	PubChem	59
39	8800	DRUG	4-Phenylbutylamine	4-phenylbutylamine	4-Phenylbutylamine	PubChem	32
40	10	DRUG	5-fluorouracil glucuronide	5-fluorouracil glucuronide	5-Fluorouracil glucuronide	standard	1
41	8682	DRUG	5-fluorouridine	5-fluorouridine	5-fluorouridine	PubChem	36
42	8123	DRUG	5-methyltetrahydrofolic acid	5-methyltetrahydrofolic acid	5-methyltetrahydrofolic acid	ChEBI	15
43	8276	DRUG	6-O-benzylguanine	6-o-benzylguanine	6-O-BENZYLGUANINE	ChEMBL	19
44	11	DRUG	64cu-dotatate	64cu-dotatate	Copper Cu 64 Dotatate	NCI Thesaurus	115
45	8077	DRUG	7-Hydroxystaurosporine	7-hydroxystaurosporine	7-Hydroxystaurosporine	NCI Thesaurus	52
46	8719	DRUG	7-Nitroindazole	7-nitroindazole	7-Nitroindazole	PubChem	62
47	8684	DRUG	8-azaguanine	8-azaguanine	8-azaguanine	PubChem	46
48	12	DRUG	8-chlorotheophylline	8-chlorotheophylline	8-Chlorotheophylline	standard	42
49	8306	DRUG	9CUAB30	9cuab30	UAB-30	ChEMBL	19
50	13	DRUG	[2-[(8s,9r,10s,11s,13s,14s,16r,17r)-17-(cyclopropanecarbonyloxy)-9-luoro-11-hydroxy-10,13,16-trimethyl-3-oxo-6,7,8,11,12,14,15,16-octahydrocyclopenta[a]phenanthren-17-yl]-2-oxoethyl] cyclohexanecarboxylate	[2-[(8s,9r,10s,11s,13s,14s,16r,17r)-17-(cyclopropanecarbonyloxy)-9-luoro-11-hydroxy-10,13,16-trimethyl-3-oxo-6,7,8,11,12,14,15,16-octahydrocyclopenta[a]phenanthren-17-yl]-2-oxoethyl] cyclohexanecarboxylate	Dexamethasone Cipecilate	standard	6
51	14	DRUG	abacavir	abacavir	Abacavir	standard	66
52	6450	DRUG	abacavir / dolutegravir / lamivudine oral product	abacavir / dolutegravir / lamivudine oral product	Abacavir; Dolutegravir; Lamivudine	modified_drug	76
53	6451	DRUG	abacavir 600 mg / lamivudine 300 mg oral tablet	abacavir 600 mg / lamivudine 300 mg oral tablet	Abacavir; Lamivudine	modified_drug	56
54	15	DRUG	abaloparatide	abaloparatide	Abaloparatide	NCI Thesaurus	94
55	16	DRUG	abametapir	abametapir	5,5'-Dimethyl-2,2'-bipyridyl	standard	6
56	17	DRUG	abarelix	abarelix	Abarelix	standard	30
57	18	DRUG	abatacept	abatacept	Abatacept	standard	65
58	19	DRUG	abciximab	abciximab	Abciximab	standard	51
59	20	DRUG	abemaciclib	abemaciclib	Abemaciclib	standard	21
60	21	DRUG	abiraterone	abiraterone	Abiraterone	standard	63
61	6452	DRUG	abiraterone / niraparib oral tablet	abiraterone / niraparib oral tablet	Abiraterone; Niraparib	modified_drug	37
62	22	DRUG	abiraterone acetate	abiraterone acetate	Abiraterone Acetate	standard	74
63	6370	DRUG	abp-980	abp-980	trastuzumab	alias_drug	6
64	23	DRUG	abrocitinib	abrocitinib	Abrocitinib	DailyMed	120
65	8152	DRUG	ABT-510	abt-510	ABT-510	ChEMBL	18
66	8131	DRUG	Acadesine	acadesine	Acadesine	NCI Thesaurus	121
67	24	DRUG	acalabrutinib	acalabrutinib	Acalabrutinib	standard	106
68	25	DRUG	acamprosate	acamprosate	Acamprosate	standard	41
69	26	DRUG	acarbose	acarbose	Acarbose	ChEBI	19
70	27	DRUG	accuretic	accuretic	quinapril; hydrochlorothiazide	corrected_overlay	12
71	6371	DRUG	ace-011	ace-011	WINREVAIR (SOTATERCEPT-CSRK) KIT [MERCK SHARP & DOHME LLC]	alias_drug	180
72	28	DRUG	acebutolol	acebutolol	Acebutolol	standard	64
73	29	DRUG	aceclidine	aceclidine	Aceclidine	standard	9
74	30	DRUG	aceclofenac	aceclofenac	Aceclofenac	standard	76
75	6453	DRUG	acellular pertussis vaccine, inactivated / diphtheria toxoid vaccine, inactivated / haemophilus influenzae b (ross strain) capsular polysaccharide meningococcal protein conjugate vaccine / hepatitis b surface antigen vaccine / poliovirus vaccine inactivated, type 1 (mahoney) / poliovirus vaccine inactivated, type 2 (mef-1) / poliovirus vaccine inactivated, type 3 (saukett) / tetanus toxoid vaccine, inactivated injectable product	acellular pertussis vaccine, inactivated / diphtheria toxoid vaccine, inactivated / haemophilus influenzae b (ross strain) capsular polysaccharide meningococcal protein conjugate vaccine / hepatitis b surface antigen vaccine / poliovirus vaccine inactivated, type 1 (mahoney) / poliovirus vaccine inactivated, type 2 (mef-1) / poliovirus vaccine inactivated, type 3 (saukett) / tetanus toxoid vaccine, inactivated injectable product	acellular pertussis vaccine; diphtheria toxoid vaccine; Haemophilus influenzae type b capsular polysaccharide conjugate vaccine; hepatitis B surface antigen vaccine; inactivated poliovirus vaccine type 1 (Mahoney); inactivated poliovirus vaccine type 2 (MEF-1); inactivated poliovirus vaccine type 3 (Saukett); tetanus toxoid vaccine	corrected_overlay	31
76	6454	DRUG	acellular pertussis vaccine, inactivated / diphtheria toxoid vaccine, inactivated / poliovirus vaccine inactivated, type 1 (mahoney) / poliovirus vaccine inactivated, type 2 (mef-1) / poliovirus vaccine inactivated, type 3 (saukett) / tetanus toxoid vaccine, inactivated injectable product	acellular pertussis vaccine, inactivated / diphtheria toxoid vaccine, inactivated / poliovirus vaccine inactivated, type 1 (mahoney) / poliovirus vaccine inactivated, type 2 (mef-1) / poliovirus vaccine inactivated, type 3 (saukett) / tetanus toxoid vaccine, inactivated injectable product	PERTUSSIS VACCINE; DIPHTHERIA TOXOID; POLIOVIRUS VACCINE INACTIVATED; POLIOVIRUS VACCINE INACTIVATED; POLIOVIRUS VACCINE INACTIVATED; TETANUS ANTITOXIN	DailyMed	363
77	31	DRUG	acemetacin	acemetacin	Acemetacin	standard	97
78	32	DRUG	aceneuramic acid	aceneuramic acid	Aceneuramic Acid	standard	58
79	33	DRUG	acenocoumarol	acenocoumarol	Acenocoumarol	standard	50
80	34	DRUG	acepromazine	acepromazine	Acepromazine	standard	53
81	35	DRUG	acetaminophen	acetaminophen	Acetaminophen	standard	93
82	6455	DRUG	acetaminophen / butalbital / caffeine / codeine pill	acetaminophen / butalbital / caffeine / codeine pill	Acetaminophen; Butalbital; Caffeine; Codeine	modified_drug	107
83	6456	DRUG	acetaminophen / codeine oral capsule	acetaminophen / codeine oral capsule	Acetaminophen; Codeine	modified_drug	58
84	6457	DRUG	acetaminophen / hydrocodone oral capsule	acetaminophen / hydrocodone oral capsule	Acetaminophen; Hydrocodone	modified_drug	58
85	6458	DRUG	acetaminophen / hydrocodone oral product	acetaminophen / hydrocodone oral product	Acetaminophen; Hydrocodone	modified_drug	58
86	6459	DRUG	acetaminophen / hydrocodone pill	acetaminophen / hydrocodone pill	Acetaminophen; Hydrocodone	modified_drug	57
87	6460	DRUG	acetaminophen / ibuprofen oral tablet	acetaminophen / ibuprofen oral tablet	Acetaminophen; Ibuprofen, (+-)-	modified_drug	69
88	6461	DRUG	acetaminophen / oxycodone oral capsule	acetaminophen / oxycodone oral capsule	Acetaminophen; Oxycodone	modified_drug	58
89	6462	DRUG	acetaminophen / phenyltoloxamine pill	acetaminophen / phenyltoloxamine pill	Acetaminophen; Phenyltoloxamine	modified_drug	48
90	6463	DRUG	acetaminophen / propoxyphene oral tablet	acetaminophen / propoxyphene oral tablet	Acetaminophen; Propoxyphene	modified_drug	51
91	6464	DRUG	acetaminophen / tramadol pill	acetaminophen / tramadol pill	Acetaminophen; Tramadol	modified_drug	71
92	6465	DRUG	acetaminophen 250 mg / aspirin 250 mg / caffeine 65 mg oral tablet [excedrin]	acetaminophen 250 mg / aspirin 250 mg / caffeine 65 mg oral tablet [excedrin]	Acetaminophen; Aspirin; Caffeine	modified_drug	105
93	6466	DRUG	acetaminophen 325 mg / benzhydrocodone 4.08 mg oral tablet	acetaminophen 325 mg / benzhydrocodone 4.08 mg oral tablet	Acetaminophen; Benzhydrocodone	DailyMed	207
94	6467	DRUG	acetaminophen/caffeine/dihydrocodeine	acetaminophen/caffeine/dihydrocodeine	Acetaminophen; Caffeine; Dihydrocodeine	modified_drug	65
95	6468	DRUG	acetaminophen/pentazocine	acetaminophen/pentazocine	Acetaminophen; Pentazocine	modified_drug	45
96	36	DRUG	acetazolamide	acetazolamide	Acetazolamide	standard	45
97	37	DRUG	acetic acid	acetic acid	Acetic Acid	standard	39
98	8690	DRUG	Acetoacetic acid	acetoacetic acid	Acetoacetic acid	PubChem	56
99	38	DRUG	acetohexamide	acetohexamide	Acetohexamide	standard	58
100	39	DRUG	acetohydroxamic acid	acetohydroxamic acid	Acetohydroxamic Acid	standard	57
101	40	DRUG	acetophenazine	acetophenazine	Acetophenazine	standard	55
102	8815	DRUG	Acetophenone	acetophenone	Acetophenone	PubChem	36
103	41	DRUG	acetyl sulfisoxazole	acetyl sulfisoxazole	Sulfisoxazole Acetyl	standard	10
104	42	DRUG	acetylcarnitine	acetylcarnitine	Acetyl-L-Carnitine	standard	64
105	43	DRUG	acetylcholine	acetylcholine	Acetylcholine	standard	46
106	44	DRUG	acetylcysteine	acetylcysteine	N-Acetyl-L-Cysteine	standard	69
107	8407	DRUG	Acetylcysteine zinc	acetylcysteine zinc	ACETYLCYSTEINE ZIDRIMER	ChEMBL	20
108	45	DRUG	acetyldigitoxin	acetyldigitoxin	Acetyldigitoxin	standard	46
109	46	DRUG	acetylmethadol	acetylmethadol	Methadyl Acetate	standard	4
110	47	DRUG	acetylsalicylic acid	acetylsalicylic acid	Aspirin	standard	124
111	8198	DRUG	Acifluorfen	acifluorfen	Acifluorfen	PubChem	82
112	48	DRUG	acipimox	acipimox	Acipimox	standard	6
113	8058	DRUG	Acitretin	acitretin	Acitretin	NCI Thesaurus	52
114	8256	DRUG	Aclarubicin	aclarubicin	Aclarubicin	PubChem	91
115	49	DRUG	aclidinium	aclidinium	Aclidinium	standard	77
116	6469	DRUG	aclidinium / formoterol dry powder inhaler	aclidinium / formoterol dry powder inhaler	Aclidinium; Formoterol	modified_drug	55
117	50	DRUG	acoltremon	acoltremon	Acoltremon	DailyMed	128
118	51	DRUG	acoramidis hydrochloride	acoramidis hydrochloride	Acoramidis Hydrochloride	NCI Thesaurus	103
119	52	DRUG	acotiamide	acotiamide	Acotiamide	standard	6
120	6372	DRUG	acp-001	acp-001	LONAPEGSOMATROPIN-TCGD	alias_drug	437
121	53	DRUG	acrivastine	acrivastine	Acrivastine	standard	58
122	6470	DRUG	acrivastine / pseudoephedrine oral capsule	acrivastine / pseudoephedrine oral capsule	Acrivastine; Pseudoephedrine	modified_drug	65
123	8735	DRUG	Acrylic Acid	acrylic acid	Acrylic Acid	PubChem	30
124	8147	DRUG	Actelion-1	actelion-1	BRYOSTATIN 1	ChEMBL	20
125	54	DRUG	acyclovir	acyclovir	Acyclovir	standard	49
126	6471	DRUG	acyclovir 50 mg/ml / hydrocortisone 10 mg/ml topical cream	acyclovir 50 mg/ml / hydrocortisone 10 mg/ml topical cream	Acyclovir; hydrocortisone	ChEBI;PubChem	138
127	6373	DRUG	ad26covs1	ad26covs1	Janssen COVID-19 Vaccine	alias_drug	17
128	55	DRUG	adagrasib	adagrasib	Adagrasib	standard	29
129	56	DRUG	adalimumab	adalimumab	Adalimumab	standard	49
130	57	DRUG	adapalene	adapalene	Adapalene	standard	60
131	6472	DRUG	adapalene / benzoyl peroxide / clindamycin topical gel	adapalene / benzoyl peroxide / clindamycin topical gel	Adapalene; Benzoyl Peroxide; Clindamycin	Composite standard-source core descriptions	101
132	6473	DRUG	adapalene / benzoyl peroxide topical gel	adapalene / benzoyl peroxide topical gel	Adapalene; Benzoyl Peroxide	modified_drug	44
133	58	DRUG	adcetris	adcetris	brentuximab vedotin	corrected_overlay	12
134	59	DRUG	adderall	adderall	amphetamine; dextroamphetamine	corrected_overlay	16
135	60	DRUG	adefovir	adefovir	Adefovir	standard	102
136	61	DRUG	adefovir dipivoxil	adefovir dipivoxil	Adefovir Dipivoxil	standard	78
137	62	DRUG	ademetionine	ademetionine	S-Adenosylmethionine	standard	43
138	8651	DRUG	Adenine	adenine	Adenine	PubChem	60
139	63	DRUG	adenosine	adenosine	Adenosine	standard	56
140	7698	DRUG	Adenosine phosphate	adenosine phosphate	Adenosine phosphate	PubChem	71
141	8060	DRUG	Adinazolam	adinazolam	ADINAZOLAM MESYLATE	ChEMBL	20
142	64	DRUG	adiphenine	adiphenine	Adiphenine	standard	7
143	65	DRUG	ado-trastuzumab-emtansine cas nr	ado-trastuzumab-emtansine cas nr	TRASTUZUMAB EMTANSINE	standard	6
144	8162	DRUG	Adomiparin	adomiparin	Adomiparin	DrugBank	14
145	66	DRUG	advicor	advicor	lovastatin; niacin	corrected_overlay	12
146	8166	DRUG	AEG35156	aeg35156	AEG-35156	ChEMBL	18
147	67	DRUG	afamelanotide	afamelanotide	Afamelanotide	ChEBI	33
148	68	DRUG	afatinib	afatinib	Afatinib	standard	85
149	8810	DRUG	Afimoxifene	afimoxifene	Afimoxifene	PubChem	70
150	69	DRUG	aflibercept	aflibercept	Ziv-Aflibercept	standard	78
151	8257	DRUG	Afuresertib	afuresertib	Afuresertib	PubChem	6
152	70	DRUG	agalsidase alfa	agalsidase alfa	Agalsidase Alfa	standard	1
153	71	DRUG	agalsidase beta	agalsidase beta	Agalsidase Beta	DailyMed	268
154	72	DRUG	aggrenox	aggrenox	Aspirin/Dipyridamole	standard	76
155	73	DRUG	agkistrodon piscivorus antivenin	agkistrodon piscivorus antivenin	ANTIVENIN (CROTALIDAE) POLYVALENT	standard	1
156	8210	DRUG	Agmatine	agmatine	Agmatine	PubChem	32
157	74	DRUG	agomelatine	agomelatine	Agomelatine	standard	6
158	75	DRUG	ajmaline	ajmaline	(+)-Ajmaline	standard	15
159	76	DRUG	akynzeo	akynzeo	netupitant; palonosetron	corrected_overlay	24
160	7699	DRUG	Alanine	alanine	Alanine	PubChem	69
161	6474	DRUG	alanine / arginine / aspartate / glutamate / glycine / histidine / isoleucine / leucine / lysine / methionine / phenylalanine / proline / serine / threonine / tryptophan / tyrosine / valine injectable solution	alanine / arginine / aspartate / glutamate / glycine / histidine / isoleucine / leucine / lysine / methionine / phenylalanine / proline / serine / threonine / tryptophan / tyrosine / valine injectable solution	L-Alanine; L-Arginine; L-Aspartic Acid; L-Glutamic Acid; Glycine; L-Histidine; L-Isoleucine; L-Leucine; L-Lysine; L-Methionine; L-Phenylalanine; L-Proline; L-Serine; L-Threonine; L-Tryptophan; L-Tyrosine; L-Valine	modified_drug	185
162	77	DRUG	alatrofloxacin	alatrofloxacin	Alatrofloxacin	standard	4
163	78	DRUG	albendazole	albendazole	Albendazole	standard	59
164	79	DRUG	albiglutide	albiglutide	Albiglutide	standard	4
165	80	DRUG	albumin human	albumin human	Albumin (Human)	standard	34
166	81	DRUG	albuterol	albuterol	Salbutamol	standard	71
167	6475	DRUG	albuterol / budesonide inhalant product	albuterol / budesonide inhalant product	albuterol; Budesonide	PubChem	115
168	82	DRUG	albutrepenonacog alfa	albutrepenonacog alfa	Albutrepenonacog Alfa	standard	1
169	83	DRUG	alcaftadine	alcaftadine	Alcaftadine	standard	58
170	84	DRUG	alclofenac	alclofenac	Alclofenac	standard	71
171	85	DRUG	alclometasone	alclometasone	Alclometasone	standard	68
172	86	DRUG	aldactazide	aldactazide	spironolactone; hydrochlorothiazide	corrected_overlay	13
173	87	DRUG	aldesleukin	aldesleukin	Aldesleukin	standard	126
174	88	DRUG	alectinib	alectinib	Alectinib	standard	86
175	89	DRUG	alefacept	alefacept	Alefacept	standard	114
176	90	DRUG	alemtuzumab	alemtuzumab	Alemtuzumab	standard	94
177	6476	DRUG	alendronate / cholecalciferol oral product	alendronate / cholecalciferol oral product	alendronate; cholecalciferol	ChEBI;PubChem	114
178	91	DRUG	alendronic acid	alendronic acid	Alendronic Acid	standard	57
179	92	DRUG	alfacalcidol	alfacalcidol	Alfacalcidol	standard	79
180	93	DRUG	alfaxalone	alfaxalone	Alphaxalone	standard	5
181	94	DRUG	alfentanil	alfentanil	Alfentanil	standard	78
182	95	DRUG	alfuzosin	alfuzosin	Alfuzosin	standard	28
183	96	DRUG	alginic acid	alginic acid	alginic acid	standard	24
184	97	DRUG	alglucerase	alglucerase	Lysosomal Acid Glucosylceramidase	standard	27
185	98	DRUG	alglucosidase alfa	alglucosidase alfa	Alglucosidase Alfa	DailyMed	215
186	99	DRUG	alimemazine	alimemazine	(+-)-Trimeprazine	standard	6
187	100	DRUG	alirocumab	alirocumab	Alirocumab	standard	92
188	8143	DRUG	Alisertib	alisertib	Alisertib	NCI Thesaurus	89
189	101	DRUG	aliskiren	aliskiren	Aliskiren	standard	38
190	6477	DRUG	aliskiren/hydrochlorothiazide	aliskiren/hydrochlorothiazide	Aliskiren; Hydrochlorothiazide	modified_drug	53
191	102	DRUG	alitretinoin	alitretinoin	9-cis-retinoic acid	standard	12
192	8068	DRUG	Alizapride	alizapride	Alizapride	NCI Thesaurus	13
193	103	DRUG	allantoin	allantoin	Allantoin	standard	60
194	104	DRUG	allegra-d	allegra-d	fexofenadine; pseudoephedrine	corrected_overlay	12
195	105	DRUG	allergenic extract- beef liver	allergenic extract- beef liver	beef liver allergenic extract	corrected_overlay	11
196	6478	DRUG	allogeneic cultured keratinocytes and dermal fibroblasts in murine collagen	allogeneic cultured keratinocytes and dermal fibroblasts in murine collagen	allogeneic cultured keratinocytes; allogeneic dermal fibroblasts	corrected_overlay	20
197	106	DRUG	allopurinol	allopurinol	Allopurinol	standard	53
198	8670	DRUG	Allylestrenol	allylestrenol	Allylestrenol	PubChem	12
199	107	DRUG	almasilate	almasilate	Almasilate	standard	1
200	108	DRUG	almitrine	almitrine	Almitrine	standard	39
201	109	DRUG	almotriptan	almotriptan	Almotriptan	standard	47
202	110	DRUG	alogliptin	alogliptin	Alogliptin	standard	75
203	6479	DRUG	alogliptin / metformin oral tablet	alogliptin / metformin oral tablet	Alogliptin; Metformin	modified_drug	56
204	6480	DRUG	alogliptin / pioglitazone oral product	alogliptin / pioglitazone oral product	Alogliptin; Pioglitazone	modified_drug	72
205	6481	DRUG	alogliptin/metformin	alogliptin/metformin	Alogliptin; Metformin	modified_drug	52
206	111	DRUG	alosetron	alosetron	Alosetron	standard	35
207	112	DRUG	alpelisib	alpelisib	Alpelisib	NCI Thesaurus	75
208	6482	DRUG	alpha tocopherol / ascorbic acid / biotin / cholecalciferol / dexpanthenol / folic acid / niacinamide / pyridoxine / riboflavin / thiamine / vitamin a / vitamin b12 / vitamin k1 injectable solution	alpha tocopherol / ascorbic acid / biotin / cholecalciferol / dexpanthenol / folic acid / niacinamide / pyridoxine / riboflavin / thiamine / vitamin a / vitamin b12 / vitamin k1 injectable solution	alpha tocopherol; ascorbic acid; biotin; cholecalciferol; dexpanthenol; folic acid; niacinamide; Pyridoxine; Riboflavin; Thiamine; vitamin a; Vitamin B12; vitamin k1	ChEBI;Disease Ontology;PubChem	595
209	113	DRUG	alpha-1-proteinase inhibitor	alpha-1-proteinase inhibitor	alpha-1-proteinase inhibitor	DailyMed	377
210	8648	DRUG	alpha-Linolenic acid	alpha-linolenic acid	alpha-Linolenic acid	PubChem	55
211	8391	DRUG	alpha-Tocopherol acetate	alpha-tocopherol acetate	alpha-Tocopherol acetate	PubChem	5
212	8390	DRUG	alpha-Tocopherol succinate	alpha-tocopherol succinate	alpha-Tocopherol succinate	PubChem	8
213	8071	DRUG	Alphacetylmethadol	alphacetylmethadol	ALPHACETYLMETHADOL	ChEMBL	19
214	114	DRUG	alprazolam	alprazolam	Alprazolam	standard	65
215	8062	DRUG	Alprenolol	alprenolol	ALPRENOLOL HYDROCHLORIDE	ChEMBL	20
216	115	DRUG	alprostadil	alprostadil	Alprostadil	standard	33
217	116	DRUG	alteplase	alteplase	Alteplase	standard	48
218	117	DRUG	altretamine	altretamine	Altretamine	standard	4
219	8665	DRUG	Aluminium	aluminium	Aluminium	PubChem	5
220	8381	DRUG	Aluminium clofibrate	aluminium clofibrate	ALUMINIUM OXIDE	ChEMBL	20
221	8666	DRUG	Aluminium monostearate	aluminium monostearate	SORBITAN MONOSTEARATE	ChEMBL	20
222	118	DRUG	aluminum acetate	aluminum acetate	Aluminum Acetate	standard	150
223	119	DRUG	aluminum cation	aluminum cation	Aluminum Cation	standard	23
224	120	DRUG	aluminum hydroxide	aluminum hydroxide	Aluminum Hydroxide	NCI Thesaurus	44
225	6483	DRUG	aluminum hydroxide, magnesium hydroxide, simethicone drug combination	aluminum hydroxide, magnesium hydroxide, simethicone drug combination	aluminum hydroxide; magnesium hydroxide; simethicone	corrected_overlay	14
226	121	DRUG	aluminum sesquichlorohydrate	aluminum sesquichlorohydrate	Aluminum Sesquichlorohydrate	standard	25
227	122	DRUG	aluminum subacetate	aluminum subacetate	aluminum subacetate	corrected_overlay	14
228	123	DRUG	aluminum sulfate	aluminum sulfate	Aluminum Sulfate	standard	13
229	124	DRUG	alverine	alverine	Alverine	standard	58
230	8315	DRUG	Alvespimycin	alvespimycin	Alvespimycin	PubChem	60
231	125	DRUG	alvimopan	alvimopan	Alvimopan	standard	4
232	8100	DRUG	Alvocidib	alvocidib	Alvocidib	NCI Thesaurus	56
233	126	DRUG	amantadine	amantadine	Amantadine	standard	69
234	127	DRUG	ambenonium	ambenonium	Ambenonium	standard	27
235	128	DRUG	ambrisentan	ambrisentan	Ambrisentan	standard	4
236	129	DRUG	ambrosia artemisiifolia pollen	ambrosia artemisiifolia pollen	Ambrosia artemisiifolia Pollen	DailyMed	116
237	130	DRUG	ambroxol	ambroxol	Ambroxol	standard	5
238	131	DRUG	amcinonide	amcinonide	Amcinonide	standard	37
239	132	DRUG	amdinocillin	amdinocillin	Amdinocillin	standard	46
240	133	DRUG	amenamevir	amenamevir	Amenamevir	NCI Thesaurus	47
241	134	DRUG	american chestnut	american chestnut	American chestnut (Castanea dentata)	corrected_overlay	11
242	135	DRUG	amifampridine	amifampridine	3,4-Diaminopyridine	standard	4
243	136	DRUG	amifostine	amifostine	Amifostine	standard	59
244	137	DRUG	amikacin	amikacin	Amikacin	standard	63
245	138	DRUG	amiloride	amiloride	Amiloride	standard	60
246	6484	DRUG	amiloride / hydrochlorothiazide oral tablet	amiloride / hydrochlorothiazide oral tablet	Amiloride; Hydrochlorothiazide	modified_drug	59
247	139	DRUG	amineptine	amineptine	Amineptine	standard	91
248	140	DRUG	aminobenzoic acid	aminobenzoic acid	4-Aminobenzoic Acid	standard	63
249	141	DRUG	aminocaproic acid	aminocaproic acid	6-Aminohexanoic Acid	standard	84
250	142	DRUG	aminoglutethimide	aminoglutethimide	Aminoglutethimide	standard	56
251	143	DRUG	aminolevulinic acid	aminolevulinic acid	5-Aminolevulinic Acid	standard	139
252	144	DRUG	aminophenazone	aminophenazone	Aminopyrine	standard	65
253	145	DRUG	aminophylline	aminophylline	Aminophylline	standard	32
254	8070	DRUG	Aminorex	aminorex	AMINOREX	ChEMBL	19
255	146	DRUG	aminosalicylic acid	aminosalicylic acid	4-Aminosalicylic Acid	standard	52
256	147	DRUG	amiodarone	amiodarone	Amiodarone	standard	64
257	148	DRUG	amisulpride	amisulpride	Amisulpride	standard	84
258	149	DRUG	amitriptyline	amitriptyline	Amitriptyline	standard	57
259	6485	DRUG	amitriptyline / chlordiazepoxide oral tablet	amitriptyline / chlordiazepoxide oral tablet	Amitriptyline; chlordiazepoxide	modified_drug	59
260	6486	DRUG	amitriptyline / perphenazine oral tablet	amitriptyline / perphenazine oral tablet	Amitriptyline; Perphenazine	modified_drug	55
261	150	DRUG	amitriptylinoxide	amitriptylinoxide	Amitriptylinoxide	standard	6
262	151	DRUG	amivantamab	amivantamab	Amivantamab	standard	111
263	152	DRUG	amlexanox	amlexanox	Amlexanox	standard	50
264	153	DRUG	amlodipine	amlodipine	Amlodipine	standard	60
265	6487	DRUG	amlodipine / benazepril oral product	amlodipine / benazepril oral product	Amlodipine; Benazepril	modified_drug	65
266	6488	DRUG	amlodipine / benazepril pill	amlodipine / benazepril pill	Amlodipine; Benazepril	modified_drug	64
267	6489	DRUG	amlodipine / olmesartan pill	amlodipine / olmesartan pill	Amlodipine; Olmesartan	modified_drug	43
268	6490	DRUG	amlodipine / valsartan oral tablet	amlodipine / valsartan oral tablet	Amlodipine; Valsartan	modified_drug	64
269	6491	DRUG	amlodipine 10 mg / hydrochlorothiazide 25 mg / valsartan 160 mg oral tablet	amlodipine 10 mg / hydrochlorothiazide 25 mg / valsartan 160 mg oral tablet	Amlodipine; Hydrochlorothiazide; Valsartan	modified_drug	92
270	6492	DRUG	amlodipine 5 mg / hydrochlorothiazide 25 mg / valsartan 160 mg oral tablet	amlodipine 5 mg / hydrochlorothiazide 25 mg / valsartan 160 mg oral tablet	Amlodipine; Hydrochlorothiazide; Valsartan	modified_drug	92
271	154	DRUG	ammonia	ammonia	Ammonia	standard	75
272	155	DRUG	ammonia n-13	ammonia n-13	Ammonia N-13	standard	47
273	8195	DRUG	Ammonium chloride	ammonium chloride	Ammonium chloride	PubChem	28
274	156	DRUG	ammonium lactate	ammonium lactate	Ammonium Lactate	NCI Thesaurus	42
275	157	DRUG	amobarbital	amobarbital	Amobarbital	standard	33
276	158	DRUG	amodiaquine	amodiaquine	Amodiaquine	standard	73
277	159	DRUG	amorolfine	amorolfine	Amorolfine	standard	105
278	160	DRUG	amoxapine	amoxapine	Amoxapine	standard	40
279	161	DRUG	amoxicillin	amoxicillin	Amoxicillin	standard	43
280	162	DRUG	amphetamine	amphetamine	Amphetamine	standard	26
281	163	DRUG	amphomycin	amphomycin	amphomycin	standard	38
282	164	DRUG	amphotericin b	amphotericin b	Amphotericin B	standard	41
283	165	DRUG	ampicillin	ampicillin	Ampicillin	standard	46
284	166	DRUG	amprenavir	amprenavir	Amprenavir	standard	24
285	167	DRUG	amrinone	amrinone	Amrinone	standard	55
286	168	DRUG	amsacrine	amsacrine	Amsacrine	standard	54
287	169	DRUG	amyl nitrite	amyl nitrite	Isoamyl Nitrite	standard	31
288	170	DRUG	amylocaine	amylocaine	Amylocaine	standard	5
289	171	DRUG	anacaulase	anacaulase	STEM BROMELAIN	standard	22
290	172	DRUG	anagliptin	anagliptin	Anagliptin	standard	6
291	173	DRUG	anagrelide	anagrelide	Anagrelide	standard	37
292	174	DRUG	anagrelide hydrochloride	anagrelide hydrochloride	Anagrelide Hydrochloride	standard	25
293	175	DRUG	anakinra	anakinra	Anakinra	standard	212
294	176	DRUG	anamorelin hydrochloride	anamorelin hydrochloride	Anamorelin Hydrochloride	NCI Thesaurus	64
295	177	DRUG	anastrozole	anastrozole	Anastrozole	standard	35
296	8141	DRUG	Ancrod	ancrod	Ancrod	NCI Thesaurus	47
297	178	DRUG	andexanet alfa	andexanet alfa	Andexanet Alfa	standard	69
298	8159	DRUG	Andrographolide	andrographolide	Andrographolide	PubChem	55
299	8677	DRUG	Androstenedione	androstenedione	Androstenedione	PubChem	10
300	8385	DRUG	Anethole trithione	anethole trithione	Anethole trithione	PubChem	6
301	179	DRUG	angiotensin ii	angiotensin ii	Angiotensin Ii	standard	33
302	180	DRUG	anidulafungin	anidulafungin	Anidulafungin	standard	42
303	181	DRUG	anifrolumab	anifrolumab	Anifrolumab	DailyMed	166
304	182	DRUG	anileridine	anileridine	Anileridine	standard	82
305	8117	DRUG	Aniracetam	aniracetam	ANIRACETAM	ChEMBL	19
306	183	DRUG	anisindione	anisindione	Anisindione	standard	43
307	8268	DRUG	Anisodamine	anisodamine	CHEMBL5483037	ChEMBL	8
308	8200	DRUG	Anisomycin	anisomycin	Anisomycin	PubChem	63
309	184	DRUG	anisotropine methylbromide	anisotropine methylbromide	anisotropine methylbromide	standard	17
310	185	DRUG	anistreplase	anistreplase	Anistreplase	MeSH	91
311	186	DRUG	ansuvimab	ansuvimab	Ansuvimab	DailyMed	120
312	187	DRUG	antazoline	antazoline	Antazoline	standard	64
313	188	DRUG	anthralin	anthralin	Anthralin	standard	46
314	8794	DRUG	Anthranilic acid	anthranilic acid	Anthranilic acid	PubChem	52
315	189	DRUG	anthrax immune globulin human	anthrax immune globulin human	anthrax immune globulin human	corrected_overlay	12
316	190	DRUG	anthrax vaccine	anthrax vaccine	ANTHRAX VACCINE ABSORBED	standard	6
317	191	DRUG	anti-inhibitor coagulant complex	anti-inhibitor coagulant complex	Anti-Inhibitor Coagulant Complex	standard	99
318	192	DRUG	antihemophilic factor (recombinant), pegylated	antihemophilic factor (recombinant), pegylated	ANTIHEMOPHILIC FACTOR, PEGYLATED (MW 20000) HUMAN SEQUENCE RECOMBINANT	standard	5
319	193	DRUG	antihemophilic factor human	antihemophilic factor human	Antihemophilic Factor Human	standard	39
320	194	DRUG	antihemophilic factor, human recombinant	antihemophilic factor, human recombinant	Antihemophilic Factor, Human Recombinant	standard	58
321	6493	DRUG	antihemophilic factor, human recombinant injectable solution	antihemophilic factor, human recombinant injectable solution	Antihemophilic Factor Human	modified_drug	30
322	195	DRUG	antilymphocyte immunoglobulin (horse)	antilymphocyte immunoglobulin (horse)	ANTILYMPHOCYTE IMMUNOGLOBULIN (HORSE)	standard	1
323	8359	DRUG	Antimony	antimony	Antimony	PubChem	5
324	196	DRUG	antipyrine	antipyrine	Antipyrine	standard	47
325	6494	DRUG	antipyrine mixture with benzocaine	antipyrine mixture with benzocaine	antipyrine; benzocaine	corrected_overlay	10
326	197	DRUG	antithrombin alfa	antithrombin alfa	Antithrombin Alfa	standard	26
327	198	DRUG	antithrombin iii human	antithrombin iii human	Therapeutic Human Antithrombin-III	standard	33
328	199	DRUG	antithymocyte immunoglobulin (rabbit)	antithymocyte immunoglobulin (rabbit)	Antithymocyte globulin (rabbit)	manual_final7_review	34
329	8066	DRUG	Antrafenine	antrafenine	ANTRAFENINE	ChEMBL	19
330	8307	DRUG	Antroquinonol	antroquinonol	Antroquinonol	PubChem	110
331	200	DRUG	apadamtase alfa	apadamtase alfa	Apadamtase Alfa	standard	108
332	201	DRUG	apalutamide	apalutamide	Apalutamide	NCI Thesaurus	73
333	8199	DRUG	Apigenin	apigenin	Apigenin	PubChem	42
334	202	DRUG	apixaban	apixaban	Apixaban	standard	63
335	8327	DRUG	Apocynin	apocynin	Apocynin	PubChem	67
336	203	DRUG	apomorphine	apomorphine	Apomorphine	standard	36
337	204	DRUG	apomorphine hydrochloride hydrate	apomorphine hydrochloride hydrate	Apomorphine Hydrochloride	NCI Thesaurus	93
338	8064	DRUG	Apraclonidine	apraclonidine	Apraclonidine	NCI Thesaurus	29
339	205	DRUG	apramycin	apramycin	Apramycin	standard	44
340	206	DRUG	apremilast	apremilast	Apremilast	standard	62
341	207	DRUG	aprepitant	aprepitant	Aprepitant	standard	83
342	8069	DRUG	Aprindine	aprindine	APRINDINE HYDROCHLORIDE	ChEMBL	20
343	208	DRUG	aprocitentan	aprocitentan	Aprocitentan	standard	88
344	209	DRUG	aprotinin	aprotinin	Aprotinin	standard	72
345	210	DRUG	arabica coffee bean	arabica coffee bean	Coffea arabica coffee bean / coffee allergenic material	corrected_overlay	8
346	8116	DRUG	Arachidonic Acid	arachidonic acid	Arachidonic Acid	NCI Thesaurus	53
347	211	DRUG	aranidipine	aranidipine	Aranidipine	standard	6
348	212	DRUG	arbekacin	arbekacin	Arbekacin	standard	52
349	213	DRUG	arbutamine	arbutamine	Arbutamine	standard	16
350	214	DRUG	arbutin	arbutin	Arbutin	standard	49
351	215	DRUG	ardeparin	ardeparin	Ardeparin	standard	1
352	8113	DRUG	Arecoline	arecoline	ARECOLINE HYDROBROMIDE	ChEMBL	20
353	216	DRUG	arformoterol	arformoterol	Arformoterol	standard	90
354	217	DRUG	arformoterol maleate	arformoterol maleate	ARFORMOTEROL	NCI Thesaurus	77
355	218	DRUG	argatroban	argatroban	Argatroban	standard	5
356	219	DRUG	arginine	arginine	L-Arginine	standard	70
357	220	DRUG	argipressin	argipressin	Argipressin	standard	52
358	221	DRUG	arimoclomol citrate	arimoclomol citrate	Arimoclomol Citrate	DailyMed	150
359	222	DRUG	aripiprazole	aripiprazole	Aripiprazole	standard	73
360	223	DRUG	aripiprazole lauroxil	aripiprazole lauroxil	Aripiprazole Lauroxil	standard	71
361	224	DRUG	armodafinil	armodafinil	Armodafinil	standard	87
362	225	DRUG	arsenic trioxide	arsenic trioxide	Arsenic Trioxide	ChEBI	15
363	226	DRUG	arsenic(3+)	arsenic(3+)	Arsenic Cation (3+)	standard	5
364	227	DRUG	artemether	artemether	Artemether	standard	65
365	228	DRUG	artemisia douglasiana pollen	artemisia douglasiana pollen	Artemisia douglasiana pollen	corrected_overlay	7
366	229	DRUG	artemisinin	artemisinin	Artemisinin	standard	47
367	230	DRUG	artemotil	artemotil	Arteether	standard	5
368	231	DRUG	artenimol	artenimol	Artenimol	standard	5
369	232	DRUG	artesunate	artesunate	Artesunate	standard	71
370	233	DRUG	articaine	articaine	Articaine	standard	8
371	234	DRUG	arzoxifene	arzoxifene	Arzoxifene	NCI Thesaurus	65
372	235	DRUG	asciminib	asciminib	Asciminib	NCI Thesaurus	89
373	236	DRUG	asciminib hydrochloride	asciminib hydrochloride	Asciminib Hydrochloride	NCI Thesaurus	95
374	237	DRUG	ascorbic acid	ascorbic acid	L-Ascorbic Acid	standard	69
375	6495	DRUG	ascorbic acid / biotin / folic acid / niacin / pantothenate / pyridoxine / riboflavin / thiamine / vitamin b12 oral capsule	ascorbic acid / biotin / folic acid / niacin / pantothenate / pyridoxine / riboflavin / thiamine / vitamin b12 oral capsule	L-Ascorbic Acid; Biotin; Folic Acid; nicotinamide; Pantothenate; Pyridoxine; Riboflavin; Thiamine; Vitamin B12	Composite standard-source core descriptions	606
376	6496	DRUG	ascorbic acid / cholecalciferol / cuprous oxide / folic acid / magnesium oxide / niacin / polysaccharide iron complex / potassium iodide / pyridoxine / riboflavin / thiamine / vitamin a / vitamin b12 / vitamin e / zinc oxide oral capsule	ascorbic acid / cholecalciferol / cuprous oxide / folic acid / magnesium oxide / niacin / polysaccharide iron complex / potassium iodide / pyridoxine / riboflavin / thiamine / vitamin a / vitamin b12 / vitamin e / zinc oxide oral capsule	ascorbic acid; cholecalciferol; cuprous oxide; folic acid; oxide; Magnesium Oxide; niacin; Polysaccharide Iron Complex; iodide; Potassium Iodide; Pyridoxine; Riboflavin; Thiamine; vitamin a; Vitamin B12; Vitamin E; Zinc Oxide	ChEBI;Disease Ontology;PubChem;standard drug terminology	564
377	6497	DRUG	ascorbic acid / cholecalciferol / niacinamide / pyridoxine / riboflavin / thiamine / vitamin a / vitamin b12 / vitamin e oral solution	ascorbic acid / cholecalciferol / niacinamide / pyridoxine / riboflavin / thiamine / vitamin a / vitamin b12 / vitamin e oral solution	L-Ascorbic Acid; calciol; Nicotinamide; Pyridoxine; Riboflavin; Thiamine; Retinol; Vitamin B12; Vitamin E	Composite standard-source core descriptions	648
378	6498	DRUG	ascorbic acid / ferrous fumarate / folic acid / vitamin b12 oral capsule	ascorbic acid / ferrous fumarate / folic acid / vitamin b12 oral capsule	L-Ascorbic Acid; Ferrous cation; Folic Acid; Vitamin B12	Composite standard-source core descriptions	259
379	238	DRUG	asenapine	asenapine	Asenapine	standard	28
380	239	DRUG	asfotase alfa	asfotase alfa	Asfotase Alfa	DailyMed	209
381	8395	DRUG	Asiaticoside	asiaticoside	Asiaticoside	PubChem	74
382	240	DRUG	asparaginase	asparaginase	Asparaginase	standard	96
383	241	DRUG	asparaginase erwinia chrysanthemi	asparaginase erwinia chrysanthemi	Asparaginase Erwinia chrysanthemi	standard	93
384	242	DRUG	asparaginase escherichia coli	asparaginase escherichia coli	Escherichia coli-derived asparaginase	corrected_overlay	25
385	8052	DRUG	Aspartame	aspartame	ASPARTAME	ChEMBL	19
386	243	DRUG	aspartic acid	aspartic acid	L-Aspartic Acid	standard	57
387	244	DRUG	aspergillus niger var. niger	aspergillus niger var. niger	Aspergillus niger var. niger	corrected_overlay	10
388	245	DRUG	aspirin	aspirin	Aspirin	standard	124
389	6499	DRUG	aspirin / butalbital / caffeine / codeine pill	aspirin / butalbital / caffeine / codeine pill	Aspirin; Butalbital; Caffeine; Codeine	modified_drug	111
390	6500	DRUG	aspirin / hydrocodone pill	aspirin / hydrocodone pill	Aspirin; Hydrocodone	modified_drug	61
391	6501	DRUG	aspirin / omeprazole oral product	aspirin / omeprazole oral product	Aspirin; omeprazole	modified_drug	58
392	6502	DRUG	aspirin / oxycodone pill	aspirin / oxycodone pill	Aspirin; Oxycodone	modified_drug	61
393	6503	DRUG	aspirin mixture with clopidogrel sulfate	aspirin mixture with clopidogrel sulfate	aspirin; clopidogrel	corrected_overlay	11
394	6504	DRUG	aspirin, butalbital and caffeine drug combination	aspirin, butalbital and caffeine drug combination	aspirin; butalbital; caffeine	corrected_overlay	12
395	8176	DRUG	Astaxanthin	astaxanthin	Astaxanthin	PubChem	87
396	246	DRUG	astemizole	astemizole	Astemizole	standard	45
397	247	DRUG	astrazeneca covid-19 vaccine	astrazeneca covid-19 vaccine	ChAdOx1 nCoV-19 Vaccine	standard	73
398	248	DRUG	asunaprevir	asunaprevir	Asunaprevir	standard	4
399	249	DRUG	ataluren	ataluren	Ataluren	standard	9
400	250	DRUG	atazanavir	atazanavir	Atazanavir	standard	39
401	6505	DRUG	atazanavir / cobicistat oral product	atazanavir / cobicistat oral product	Atazanavir; Cobicistat	modified_drug	65
402	251	DRUG	atenolol	atenolol	Atenolol	standard	52
403	252	DRUG	atezolizumab	atezolizumab	Atezolizumab	standard	166
404	253	DRUG	atogepant	atogepant	Atogepant	standard	75
405	254	DRUG	atoltivimab	atoltivimab	Atoltivimab	DailyMed	227
406	255	DRUG	atomoxetine	atomoxetine	Atomoxetine	standard	42
407	256	DRUG	atorvastatin	atorvastatin	Atorvastatin	standard	76
408	6506	DRUG	atorvastatin / ezetimibe oral product	atorvastatin / ezetimibe oral product	Atorvastatin; Ezetimibe	modified_drug	68
409	257	DRUG	atorvastatin(1-)	atorvastatin(1-)	Atorvastatin(1-)	standard	14
410	258	DRUG	atosiban	atosiban	Atosiban	standard	4
411	259	DRUG	atovaquone	atovaquone	3-(4-(4-Chlorophenyl)cyclohexyl)-4-hydroxynaphthalene-1,2-dione	standard	59
412	6507	DRUG	atovaquone / proguanil pill	atovaquone / proguanil pill	3-(4-(4-Chlorophenyl)cyclohexyl)-4-hydroxynaphthalene-1,2-dione; Proguanil	modified_drug	49
413	8054	DRUG	ATP	atp	ATP	ChEBI	23
414	260	DRUG	atracurium	atracurium	Atracurium	standard	35
415	261	DRUG	atracurium besylate	atracurium besylate	Atracurium Besylate	standard	34
416	262	DRUG	atrasentan	atrasentan	Atrasentan	standard	90
417	263	DRUG	atropine	atropine	Npc209773	standard	67
418	6508	DRUG	atropine / diphenoxylate oral solution	atropine / diphenoxylate oral solution	atropine; Diphenoxylate	PubChem	115
419	6509	DRUG	atropine sulfate / benzoic acid / hyoscyamine sulfate / methenamine / methylene blue / phenyl salicylate oral tablet	atropine sulfate / benzoic acid / hyoscyamine sulfate / methenamine / methylene blue / phenyl salicylate oral tablet	atropine; Benzoic Acid; Hyoscyamine; methenamine; Methylene Blue; phenyl salicylate	ChEBI;PubChem;standard drug terminology	263
420	264	DRUG	attapulgite	attapulgite	Attapulgite	standard	40
421	265	DRUG	augmentin	augmentin	amoxicillin; clavulanic acid	corrected_overlay	21
422	266	DRUG	auranofin	auranofin	Auranofin	standard	13
423	267	DRUG	aurothioglucose	aurothioglucose	Aurothioglucose	standard	6
424	268	DRUG	autologous cultured chondrocytes	autologous cultured chondrocytes	Autologous Cultured Chondrocytes	DailyMed	233
425	269	DRUG	avacincaptad pegol	avacincaptad pegol	Avacincaptad Pegol	DailyMed	156
426	270	DRUG	avacopan	avacopan	Avacopan	DailyMed	159
427	8275	DRUG	Avagacestat	avagacestat	Avagacestat	PubChem	8
428	271	DRUG	avalglucosidase alfa	avalglucosidase alfa	Avalglucosidase Alfa	DailyMed	124
429	272	DRUG	avalide	avalide	irbesartan; hydrochlorothiazide	corrected_overlay	12
430	273	DRUG	avanafil	avanafil	Avanafil	standard	66
431	274	DRUG	avapritinib	avapritinib	Avapritinib	NCI Thesaurus	109
432	275	DRUG	avatrombopag	avatrombopag	Avatrombopag	NCI Thesaurus	61
433	276	DRUG	avatrombopag maleate	avatrombopag maleate	Avatrombopag Maleate	NCI Thesaurus	67
434	277	DRUG	avelumab	avelumab	Avelumab	standard	144
435	278	DRUG	avibactam	avibactam	Avibactam	standard	91
436	6510	DRUG	avibactam / ceftazidime injectable product	avibactam / ceftazidime injectable product	Avibactam; Ceftazidime	modified_drug	63
437	279	DRUG	avobenzone	avobenzone	Avobenzone	standard	6
438	6511	DRUG	avobenzone 3 g in 100 g / homosalate 8 g in 100 g / octisalate 4 g in 100 g / octocrylene 5 g in 100 g topical cream [olay total effects whip active moisturizer broad spectrum spf 25 sunscreen]	avobenzone 3 g in 100 g / homosalate 8 g in 100 g / octisalate 4 g in 100 g / octocrylene 5 g in 100 g topical cream [olay total effects whip active moisturizer broad spectrum spf 25 sunscreen]	Avobenzone	PubChem;corrected_overlay	127
439	280	DRUG	axatilimab	axatilimab	Axatilimab	standard	208
440	281	DRUG	axicabtagene ciloleucel	axicabtagene ciloleucel	Axicabtagene Ciloleucel	standard	135
441	282	DRUG	axitinib	axitinib	Axitinib	standard	75
442	283	DRUG	azacitidine	azacitidine	Azacytidine	standard	51
443	284	DRUG	azapropazone	azapropazone	Azapropazone	standard	67
444	285	DRUG	azatadine	azatadine	Azatadine	standard	31
445	286	DRUG	azathioprine	azathioprine	Azathioprine	standard	91
446	287	DRUG	azelaic acid	azelaic acid	Azelaic Acid	standard	57
447	288	DRUG	azelastine	azelastine	Azelastine	standard	68
448	6512	DRUG	azelastine / fluticasone inhalant product	azelastine / fluticasone inhalant product	Azelastine; Fluticasone	modified_drug	59
449	289	DRUG	azelnidipine	azelnidipine	Azelnidipine	standard	5
450	290	DRUG	azficel-t	azficel-t	Azficel-T	standard	1
451	291	DRUG	azidocillin	azidocillin	Azidocillin	standard	12
452	6513	DRUG	azilsartan / chlorthalidone pill	azilsartan / chlorthalidone pill	Azilsartan; Chlorthalidone	modified_drug	52
453	292	DRUG	azilsartan medoxomil	azilsartan medoxomil	Azilsartan Medoxomil	standard	85
454	8132	DRUG	Azimilide	azimilide	AZIMILIDE DIHYDROCHLORIDE	ChEMBL	20
455	293	DRUG	azithromycin	azithromycin	Azithromycin	standard	34
456	294	DRUG	azlocillin	azlocillin	Azlocillin	standard	53
457	295	DRUG	azosemide	azosemide	Azosemide	standard	63
458	296	DRUG	aztreonam	aztreonam	Aztreonam	ChEBI	28
459	297	DRUG	bacampicillin	bacampicillin	Bacampicillin	standard	36
460	6514	DRUG	bacillus calmette-guerin substrain russian bcg-i live antigen	bacillus calmette-guerin substrain russian bcg-i live antigen	BCG Vaccine	modified_drug	29
461	6515	DRUG	bacillus calmette-guerin substrain tice live antigen	bacillus calmette-guerin substrain tice live antigen	BCG Vaccine	modified_drug	29
462	298	DRUG	bacitracin	bacitracin	Bacitracin	standard	74
463	6516	DRUG	bacitracin / lidocaine / neomycin / polymyxin b topical product	bacitracin / lidocaine / neomycin / polymyxin b topical product	Bacitracin; Lidocaine; Neomycin; polymyxin	modified_drug	88
464	6517	DRUG	bacitracin / neomycin / polymyxin b ophthalmic ointment	bacitracin / neomycin / polymyxin b ophthalmic ointment	Bacitracin; Neomycin; polymyxin	modified_drug	72
465	299	DRUG	baclofen	baclofen	Baclofen	standard	79
466	300	DRUG	bactrim	bactrim	sulfamethoxazole; trimethoprim	corrected_overlay	13
467	301	DRUG	baloxavir marboxil	baloxavir marboxil	Baloxavir Marboxil	NCI Thesaurus	82
468	302	DRUG	balsalazide	balsalazide	5-((4-((2-Carboxyethyl)carbamoyl)phenyl)diazenyl)-2-hydroxybenzoic acid	standard	43
469	8065	DRUG	Bambuterol	bambuterol	bambuterol 10 MG Oral Tablet	RxNorm	15
470	303	DRUG	bamlanivimab	bamlanivimab	Bamlanivimab	standard	77
471	8674	DRUG	Barbital	barbital	Barbital	PubChem	41
472	8161	DRUG	Bardoxolone methyl	bardoxolone methyl	Bardoxolone methyl	PubChem	7
473	304	DRUG	baricitinib	baricitinib	Baricitinib	standard	79
474	305	DRUG	barium sulfate	barium sulfate	Barium Sulfate	standard	56
475	306	DRUG	basiliximab	basiliximab	Basiliximab	standard	46
476	8304	DRUG	Bavisant	bavisant	BAVISANT	ChEMBL	19
477	307	DRUG	bax 855	bax 855	rurioctocog alfa pegol	corrected_overlay	16
478	6518	DRUG	bax2398 + 5-fu/calcium levofolinate	bax2398 + 5-fu/calcium levofolinate	Irinotecan; Fluorouracil; Levoleucovorin Calcium	NCI Thesaurus;standard drug terminology	84
479	308	DRUG	bazedoxifene	bazedoxifene	Bazedoxifene	standard	4
480	309	DRUG	becaplermin	becaplermin	Becaplermin	standard	65
481	310	DRUG	beclabuvir	beclabuvir	Beclabuvir	NCI Thesaurus	81
482	311	DRUG	beclometasone dipropionate	beclometasone dipropionate	Beclomethasone Dipropionate	standard	66
483	312	DRUG	beclomethasone	beclomethasone	Beclomethasone	standard	87
484	313	DRUG	beclomethasone 17-monopropionate	beclomethasone 17-monopropionate	Beclomethasone 17-Monopropionate	standard	4
485	314	DRUG	beclomethasone dipropionate	beclomethasone dipropionate	Beclomethasone Dipropionate	standard	66
486	315	DRUG	bedaquiline	bedaquiline	Bedaquiline	standard	78
487	316	DRUG	befunolol	befunolol	Befunolol	standard	6
488	317	DRUG	belantamab	belantamab	Belantamab	DailyMed	195
489	318	DRUG	belantamab mafodotin	belantamab mafodotin	Belantamab Mafodotin	standard	153
490	319	DRUG	belatacept	belatacept	Belatacept	DailyMed	193
491	320	DRUG	belimumab	belimumab	Belimumab	standard	80
492	321	DRUG	belinostat	belinostat	Belinostat	standard	38
493	8331	DRUG	Beloranib	beloranib	Beloranib	NCI Thesaurus	131
494	322	DRUG	belotecan	belotecan	Belotecan	standard	4
495	323	DRUG	belumosudil	belumosudil	Belumosudil	standard	99
496	324	DRUG	belzutifan	belzutifan	Belzutifan	NCI Thesaurus	84
497	325	DRUG	bemiparin	bemiparin	heparin	standard	30
498	326	DRUG	bempedoic acid	bempedoic acid	Bempedoic Acid	standard	68
499	9538	DRUG	bempedoic acid / ezetimibe	bempedoic acid / ezetimibe	ezetimibe	standard	51
500	6519	DRUG	bempedoic acid / ezetimibe oral product	bempedoic acid / ezetimibe oral product	Bempedoic Acid; Ezetimibe	modified_drug	71
501	327	DRUG	benazepril	benazepril	Benazepril	standard	93
502	328	DRUG	bendamustine	bendamustine	Bendamustine	standard	6
503	329	DRUG	bendazac	bendazac	Bendazac	standard	88
504	330	DRUG	bendroflumethiazide	bendroflumethiazide	Bendroflumethiazide	standard	50
505	331	DRUG	benfotiamine	benfotiamine	Benfotiamine	standard	61
506	8227	DRUG	Benidipine	benidipine	BENIDIPINE	ChEMBL	19
507	332	DRUG	benorilate	benorilate	Benorylate	standard	5
508	333	DRUG	benoxaprofen	benoxaprofen	Benoxaprofen	standard	102
509	334	DRUG	benperidol	benperidol	Benperidol	standard	5
510	335	DRUG	benralizumab	benralizumab	Benralizumab	standard	58
511	336	DRUG	benserazide	benserazide	Benserazide	standard	136
512	337	DRUG	bentoquatam	bentoquatam	Bentoquatam	standard	1
513	8748	DRUG	Benzamidine	benzamidine	Benzamidine	PubChem	45
514	338	DRUG	benzamycin	benzamycin	benzoyl peroxide; erythromycin	corrected_overlay	19
515	339	DRUG	benzatropine	benzatropine	med.21724, Compound Benztropine	standard	65
516	340	DRUG	benzbromarone	benzbromarone	Benzbromarone	standard	53
517	341	DRUG	benzhydrocodone	benzhydrocodone	Benzhydrocodone	DailyMed	207
518	8702	DRUG	Benzhydroxamic Acid	benzhydroxamic acid	CHEMBL5181507	ChEMBL	8
519	8746	DRUG	Benzimidazole	benzimidazole	Benzimidazole	PubChem	34
520	342	DRUG	benziodarone	benziodarone	Benziodarone	standard	5
521	343	DRUG	benznidazole	benznidazole	Benznidazole	standard	52
522	6520	DRUG	benzoate / hyoscyamine / methenamine / methylene blue / phenyl salicylate oral tablet	benzoate / hyoscyamine / methenamine / methylene blue / phenyl salicylate oral tablet	benzoate; Hyoscyamine; methenamine; Methylene Blue; phenyl salicylate	ChEBI;PubChem;standard drug terminology	223
523	344	DRUG	benzocaine	benzocaine	Benzocaine	standard	75
524	8796	DRUG	Benzofuran	benzofuran	Benzofuran	PubChem	10
525	345	DRUG	benzoic acid	benzoic acid	Benzoic Acid	standard	58
526	346	DRUG	benzoin resin	benzoin resin	Benzoin	standard	44
527	347	DRUG	benzonatate	benzonatate	Benzonatate	standard	79
528	8698	DRUG	Benzophenone	benzophenone	Benzophenone	PubChem	9
529	348	DRUG	benzoyl peroxide	benzoyl peroxide	Benzoyl Peroxide	standard	6
530	6521	DRUG	benzoyl peroxide / tretinoin topical product	benzoyl peroxide / tretinoin topical product	Benzoyl Peroxide; all-trans-retinoic acid	modified_drug	37
531	6522	DRUG	benzoyl peroxide 0.05 mg/mg / clindamycin 0.01 mg/mg topical gel [benzaclin]	benzoyl peroxide 0.05 mg/mg / clindamycin 0.01 mg/mg topical gel [benzaclin]	Benzoyl Peroxide; Clindamycin	PubChem;standard drug terminology	64
532	8723	DRUG	Benzoylformic Acid	benzoylformic acid	Benzoylformic Acid	PubChem	50
533	349	DRUG	benzphetamine	benzphetamine	Benzphetamine	standard	72
534	350	DRUG	benzquinamide	benzquinamide	Benzquinamide	standard	25
535	351	DRUG	benzthiazide	benzthiazide	Benzthiazide	standard	54
536	352	DRUG	benzydamine	benzydamine	Benzydamine	standard	77
537	353	DRUG	benzyl alcohol	benzyl alcohol	Benzyl Alcohol	standard	29
538	354	DRUG	benzyl benzoate	benzyl benzoate	Benzyl Benzoate	standard	59
539	355	DRUG	benzylpenicillin	benzylpenicillin	Penicillin G	standard	49
540	356	DRUG	benzylpenicilloyl polylysine	benzylpenicilloyl polylysine	benzylpenicilloyl polylysine	standard	36
541	357	DRUG	bepotastine	bepotastine	Bepotastine	standard	80
542	358	DRUG	bepridil	bepridil	Bepridil	standard	45
543	359	DRUG	beractant	beractant	Beractant	DailyMed	171
544	8144	DRUG	Beraprost	beraprost	BERAPROST	ChEMBL	19
545	360	DRUG	beraprost sodium	beraprost sodium	Beraprost Sodium	standard	53
546	361	DRUG	berberine	berberine	Berberine	standard	118
547	362	DRUG	beremagene geperpavec	beremagene geperpavec	Beremagene Geperpavec	standard	104
548	8297	DRUG	Bergapten	bergapten	Bergapten	PubChem	18
549	363	DRUG	beroctocog alfa	beroctocog alfa	Beroctocog Alfa	standard	1
550	364	DRUG	berotralstat	berotralstat	Berotralstat	DailyMed	218
551	365	DRUG	berotralstat hydrochloride	berotralstat hydrochloride	Berotralstat Hydrochloride	DailyMed	218
552	366	DRUG	besifloxacin	besifloxacin	Besifloxacin	standard	6
553	367	DRUG	besilesomab	besilesomab	Besilesomab	standard	1
554	8193	DRUG	Beta carotene	beta carotene	Beta carotene	PubChem	66
555	8414	DRUG	beta-Isosparteine	beta-isosparteine	GENISTEIN	ChEMBL	19
556	8189	DRUG	beta-Naphthoflavone	beta-naphthoflavone	beta-Naphthoflavone	PubChem	42
557	368	DRUG	betahistine	betahistine	Betahistine	standard	84
558	369	DRUG	betaine	betaine	Betaine	standard	35
559	370	DRUG	betamethasone	betamethasone	Betamethasone	standard	53
560	6523	DRUG	betamethasone / calcipotriene topical ointment	betamethasone / calcipotriene topical ointment	Betamethasone; Calcipotriol	modified_drug	63
561	6524	DRUG	betamethasone 0.5 mg/ml / clotrimazole 10 mg/ml topical cream	betamethasone 0.5 mg/ml / clotrimazole 10 mg/ml topical cream	Betamethasone; Clotrimazole	modified_drug	80
562	371	DRUG	betamethasone 17 valerate	betamethasone 17 valerate	Betamethasone Valerate	standard	65
563	372	DRUG	betamethasone dipropionate and clotrimazole	betamethasone dipropionate and clotrimazole	betamethasone dipropionate; clotrimazole	corrected_overlay	12
564	373	DRUG	betamethasone phosphate	betamethasone phosphate	Betamethasone Dihydrogen Phosphate	standard	65
565	374	DRUG	betaxolol	betaxolol	Betaxolol	standard	87
566	6525	DRUG	betaxolol / pilocarpine hydrochloride ophthalmic suspension	betaxolol / pilocarpine hydrochloride ophthalmic suspension	Betaxolol; Pilocarpine	modified_drug	57
567	375	DRUG	bethanechol	bethanechol	Bethanechol	standard	73
568	376	DRUG	bethanidine	bethanidine	Bethanidine	standard	18
569	377	DRUG	betibeglogene autotemcel	betibeglogene autotemcel	Betibeglogene Autotemcel	standard	149
570	378	DRUG	betrixaban	betrixaban	Betrixaban	standard	68
571	379	DRUG	betulinic acid	betulinic acid	Betulinic Acid	standard	94
572	380	DRUG	bevacizumab	bevacizumab	Bevacizumab	standard	35
573	381	DRUG	bevacizumab-tnjn	bevacizumab-tnjn	Bevacizumab	standard	35
574	382	DRUG	bexagliflozin	bexagliflozin	Bexagliflozin	standard	84
575	383	DRUG	bexarotene	bexarotene	Bexarotene	standard	22
576	384	DRUG	bezafibrate	bezafibrate	Bezafibrate	standard	74
577	385	DRUG	bezlotoxumab	bezlotoxumab	Bezlotoxumab	standard	72
578	386	DRUG	bicalutamide	bicalutamide	Bicalutamide	standard	47
579	387	DRUG	bicarbonates	bicarbonates	Bicarbonate Ion	standard	54
580	388	DRUG	bicisate dihydrochloride	bicisate dihydrochloride	TECHNETIUM TC 99M BICISATE	DailyMed	208
581	389	DRUG	bictegravir	bictegravir	Bictegravir	standard	76
582	6526	DRUG	bictegravir / emtricitabine / tenofovir alafenamide oral product	bictegravir / emtricitabine / tenofovir alafenamide oral product	Bictegravir; Emtricitabine; Tenofovir Alafenamide	modified_drug	81
583	6527	DRUG	bictegravir 50 mg / emtricitabine 200 mg / tenofovir alafenamide 25 mg oral tablet	bictegravir 50 mg / emtricitabine 200 mg / tenofovir alafenamide 25 mg oral tablet	Bictegravir; Emtricitabine; Tenofovir Alafenamide	modified_drug	87
584	8127	DRUG	Bifeprunox	bifeprunox	BIFEPRUNOX	ChEMBL	19
585	390	DRUG	bifonazole	bifonazole	Bifonazole	standard	27
586	391	DRUG	bilastine	bilastine	Bilastine	standard	6
587	8711	DRUG	Biliverdine IX Alpha	biliverdine ix alpha	Biliverdine IX Alpha	PubChem	41
588	392	DRUG	bimatoprost	bimatoprost	Bimatoprost	standard	18
589	393	DRUG	bimekizumab	bimekizumab	Bimekizumab	DailyMed	141
590	9539	DRUG	bimekizumab-bkzx	bimekizumab-bkzx	bimekizumab	DailyMed	141
591	394	DRUG	binimetinib	binimetinib	Binimetinib	standard	105
592	395	DRUG	bioallethrin	bioallethrin	Bioallethrin	standard	51
593	8423	DRUG	Biochanin A	biochanin a	Biochanin A	PubChem	87
594	8784	DRUG	Biopterin	biopterin	Biopterin	PubChem	21
595	8646	DRUG	Biotin	biotin	Biotin	PubChem	77
596	396	DRUG	biperiden	biperiden	Biperiden	standard	85
597	397	DRUG	birch bark extract	birch bark extract	birch triterpenes / birch bark extract	corrected_overlay	8
598	6528	DRUG	birch triterpenes 0.1 mg/mg	birch triterpenes 0.1 mg/mg	Birch Triterpenes	DailyMed	145
599	398	DRUG	bisacodyl	bisacodyl	Bisacodyl	standard	4
600	6529	DRUG	bismuth subcitrate / metronidazole / tetracycline oral capsule	bismuth subcitrate / metronidazole / tetracycline oral capsule	Bismuth Subcitrate; Metronidazole; Tetracycline	modified_drug	71
601	399	DRUG	bismuth subcitrate potassium	bismuth subcitrate potassium	Bismuth Subcitrate Potassium	DailyMed	277
602	7709	DRUG	Bismuth subsalicylate	bismuth subsalicylate	Bismuth Subsalicylate	NCI Thesaurus	43
603	400	DRUG	bisoprolol	bisoprolol	Bisoprolol	standard	27
604	6530	DRUG	bisoprolol / hydrochlorothiazide pill	bisoprolol / hydrochlorothiazide pill	Bisoprolol; Hydrochlorothiazide	modified_drug	44
605	401	DRUG	bisoxatin	bisoxatin	Bisoxatin	standard	4
606	8818	DRUG	Bithionol	bithionol	Bithionol	PubChem	99
607	402	DRUG	bitolterol	bitolterol	Bitolterol	standard	72
608	403	DRUG	bivalirudin	bivalirudin	Bivalirudin	standard	76
609	404	DRUG	bixalomer	bixalomer	Bixalomer	standard	1
610	8158	DRUG	BL-1020	bl-1020	CHEMBL5797081	ChEMBL	8
611	405	DRUG	black widow spider antivenin (equine)	black widow spider antivenin (equine)	black widow spider antivenin, equine	corrected_overlay	19
612	406	DRUG	bleomycin	bleomycin	Bleomycin	ChEBI	34
613	407	DRUG	blephamide	blephamide	sulfacetamide; prednisolone	corrected_overlay	18
614	408	DRUG	blinatumomab	blinatumomab	Blinatumomab	standard	85
615	409	DRUG	blonanserin	blonanserin	Blonanserin	standard	6
616	410	DRUG	bms 747158-02	bms 747158-02	flurpiridaz F 18	corrected_overlay	19
617	8260	DRUG	BMS-690514	bms-690514	BMS-690514	ChEMBL	19
618	411	DRUG	boceprevir	boceprevir	Boceprevir	standard	53
619	6531	DRUG	bordetella pertussis fimbriae 2/3 antigen	bordetella pertussis fimbriae 2/3 antigen	Bordetella pertussis fimbriae 2/3 antigen	corrected_overlay	9
620	412	DRUG	borofalan (10b)	borofalan (10b)	Borofalan (10B)	standard	74
621	413	DRUG	bortezomib	bortezomib	Bortezomib	standard	71
622	414	DRUG	bortezomib d-mannitol	bortezomib d-mannitol	Bortezomib D-mannitol	NCI Thesaurus; ChEBI	26
623	415	DRUG	bosentan	bosentan	Bosentan	standard	25
624	416	DRUG	bosentan monohydrate	bosentan monohydrate	Bosentan Monohydrate	standard	9
625	417	DRUG	bosutinib	bosutinib	Bosutinib	standard	50
626	418	DRUG	botulinum toxin type a	botulinum toxin type a	Botulinum Toxin Type A	standard	136
627	419	DRUG	botulinum toxin type b	botulinum toxin type b	Botulinum Toxin Type B	DailyMed	206
628	8283	DRUG	BQ-123	bq-123	BQ-123	PubChem	6
629	420	DRUG	bremelanotide	bremelanotide	Bremelanotide	standard	4
630	421	DRUG	brentuximab vedotin	brentuximab vedotin	Brentuximab Vedotin	standard	125
631	422	DRUG	bretylium	bretylium	Bretylium	standard	62
632	423	DRUG	brexanolone	brexanolone	Allopregnanolone	standard	52
633	424	DRUG	brexpiprazole	brexpiprazole	Brexpiprazole	curated_drug_definition	30
634	425	DRUG	brexucabtagene autoleucel	brexucabtagene autoleucel	Brexucabtagene Autoleucel	standard	166
635	426	DRUG	brigatinib	brigatinib	Brigatinib	standard	19
636	427	DRUG	brimonidine	brimonidine	Brimonidine	standard	28
637	6532	DRUG	brimonidine / brinzolamide ophthalmic product	brimonidine / brinzolamide ophthalmic product	Brimonidine; Brinzolamide	modified_drug	36
638	6533	DRUG	brimonidine / timolol ophthalmic product	brimonidine / timolol ophthalmic product	Brimonidine; Timolol	modified_drug	39
639	6534	DRUG	brimonidine tartrate 2 mg/ml / timolol 5 mg/ml ophthalmic solution	brimonidine tartrate 2 mg/ml / timolol 5 mg/ml ophthalmic solution	Brimonidine; Timolol	modified_drug	47
640	6535	DRUG	brimonidine/brinzolamide	brimonidine/brinzolamide	Brimonidine; Brinzolamide	modified_drug	31
641	428	DRUG	brincidofovir	brincidofovir	Brincidofovir	standard	4
642	429	DRUG	brinzolamide	brinzolamide	Brinzolamide	standard	22
643	430	DRUG	brivaracetam	brivaracetam	Brivaracetam	standard	58
644	431	DRUG	brivudine	brivudine	Brivudine	ChEBI	36
645	432	DRUG	brodalumab	brodalumab	Brodalumab	DailyMed	115
646	8386	DRUG	Brofaromine	brofaromine	BROFAROMINE	ChEMBL	19
647	433	DRUG	brolucizumab	brolucizumab	Brolucizumab	DailyMed	113
648	434	DRUG	bromazepam	bromazepam	Bromazepam	standard	6
649	435	DRUG	bromazine	bromazine	Bromodiphenhydramine	standard	57
650	436	DRUG	bromelains	bromelains	Bromelains	standard	45
651	437	DRUG	bromfenac	bromfenac	Bromfenac	standard	103
652	438	DRUG	bromhexine	bromhexine	Bromhexine	standard	75
653	439	DRUG	bromocriptine	bromocriptine	Bromocriptine	standard	31
654	440	DRUG	bromodiphenhydramine	bromodiphenhydramine	Bromodiphenhydramine	standard	57
655	441	DRUG	bromperidol	bromperidol	Bromperidol	standard	5
656	442	DRUG	brompheniramine	brompheniramine	Brompheniramine	standard	64
657	6536	DRUG	brompheniramine / dextromethorphan / pseudoephedrine oral product	brompheniramine / dextromethorphan / pseudoephedrine oral product	Brompheniramine; Dextromethorphan; Pseudoephedrine	modified_drug	79
658	8266	DRUG	Bryostatin 1	bryostatin 1	Bryostatin 1	PubChem	131
659	8294	DRUG	Bucillamine	bucillamine	Bucillamine	PubChem	6
660	443	DRUG	buclizine	buclizine	Buclizine	standard	48
661	444	DRUG	budesonide	budesonide	Budesonide	standard	77
662	6537	DRUG	budesonide / formoterol / glycopyrronium metered dose inhaler	budesonide / formoterol / glycopyrronium metered dose inhaler	Budesonide; Formoterol; Glycopyrronium	modified_drug	54
663	6538	DRUG	budesonide / formoterol inhalant product	budesonide / formoterol inhalant product	Budesonide; Formoterol	modified_drug	44
664	6539	DRUG	budesonide, formoterol fumarate drug combination	budesonide, formoterol fumarate drug combination	budesonide; formoterol	corrected_overlay	12
665	445	DRUG	bufexamac	bufexamac	Bufexamac	standard	52
666	446	DRUG	buformin	buformin	Buformin	standard	56
667	447	DRUG	bulevirtide	bulevirtide	Bulevirtide	openFDA	171
668	448	DRUG	bumadizone	bumadizone	Bumadizone	standard	69
669	449	DRUG	bumetanide	bumetanide	Bumetanide	standard	77
670	450	DRUG	bunamidine	bunamidine	Bunamidine	standard	10
671	8300	DRUG	Bunazosin	bunazosin	Bunazosin	PubChem	6
672	451	DRUG	bupivacaine	bupivacaine	Bupivacaine (USAN:INN:BAN)	standard	41
673	452	DRUG	bupranolol	bupranolol	Bupranolol	standard	5
674	453	DRUG	buprenorphine	buprenorphine	Buprenorphine	standard	90
675	454	DRUG	bupropion	bupropion	Bupropion	standard	53
676	6540	DRUG	bupropion / dextromethorphan pill	bupropion / dextromethorphan pill	Bupropion; Dextromethorphan	modified_drug	56
677	6541	DRUG	bupropion / naltrexone extended release oral tablet	bupropion / naltrexone extended release oral tablet	Bupropion; INSULIN ZINC, EXTENDED	modified_drug	46
678	6542	DRUG	bupropion+naltrexone	bupropion+naltrexone	Bupropion; Naltrexone	modified_drug	62
679	455	DRUG	burosumab	burosumab	Burosumab	standard	116
680	456	DRUG	buserelin	buserelin	Buserelin	standard	4
681	457	DRUG	buspirone	buspirone	Buspirone	standard	80
682	458	DRUG	busulfan	busulfan	Busulfan	standard	80
683	459	DRUG	butabarbital	butabarbital	Butabarbital	standard	6
684	460	DRUG	butalbital	butalbital	Butalbital	standard	68
685	461	DRUG	butamben	butamben	Butyl 4-aminobenzoate	standard	95
686	462	DRUG	butenafine	butenafine	Butenafine	standard	77
687	8342	DRUG	Buthionine sulfoximine	buthionine sulfoximine	Buthionine sulfoximine	PubChem	46
688	463	DRUG	butobarbital	butobarbital	Butobarbital	standard	6
689	464	DRUG	butoconazole	butoconazole	Butoconazole	standard	82
690	465	DRUG	butorphanol	butorphanol	Butorphanol	standard	70
691	466	DRUG	butriptyline	butriptyline	Butriptyline	standard	6
692	8716	DRUG	Butyl alcohol	butyl alcohol	Butyl alcohol	PubChem	65
693	467	DRUG	butylene glycol	butylene glycol	1,3-Butanediol	standard	21
694	8335	DRUG	Butylphthalide	butylphthalide	Butylphthalide	PubChem	6
695	8101	DRUG	Butyric Acid	butyric acid	Butyric Acid	NCI Thesaurus	23
696	468	DRUG	c.i. food yellow 3 (free acid)	c.i. food yellow 3 (free acid)	c.i. food yellow 3 (free acid)	standard	1
697	469	DRUG	cabazitaxel	cabazitaxel	Cabazitaxel	standard	63
698	470	DRUG	cabergoline	cabergoline	Cabergoline	standard	77
699	471	DRUG	cabotegravir	cabotegravir	Cabotegravir	standard	65
700	472	DRUG	cabozantinib	cabozantinib	Cabozantinib	standard	74
701	473	DRUG	caduet	caduet	amlodipine; atorvastatin	corrected_overlay	12
702	474	DRUG	caffeine	caffeine	Caffeine	standard	108
703	6543	DRUG	caffeine / ergotamine pill	caffeine / ergotamine pill	Caffeine; Ergotamine	modified_drug	55
704	6544	DRUG	caffeine, codeine, acetaminophen, propyphenazone drug combination	caffeine, codeine, acetaminophen, propyphenazone drug combination	caffeine; codeine; acetaminophen; propyphenazone	corrected_overlay	13
705	475	DRUG	calaspargase pegol	calaspargase pegol	Calaspargase Pegol	standard	118
706	476	DRUG	calcifediol	calcifediol	calcidiol	standard	46
707	477	DRUG	calcipotriol	calcipotriol	Calcipotriol	standard	68
708	478	DRUG	calcitonin, salmon, gly(8)-	calcitonin, salmon, gly(8)-	calcitonin, salmon, gly(8)-	PubChem	51
709	479	DRUG	calcitriol	calcitriol	Calcitriol	standard	99
710	480	DRUG	calcium	calcium	Calcium	standard	15
711	481	DRUG	calcium acetate	calcium acetate	Calcium Acetate	standard	58
712	482	DRUG	calcium alginate	calcium alginate	calcium alginate	corrected_overlay	29
713	483	DRUG	calcium carbimide	calcium carbimide	Calcium Cyanamide	standard	26
714	484	DRUG	calcium carbonate	calcium carbonate	Calcium Carbonate	standard	42
715	6545	DRUG	calcium carbonate 1250 mg / cholecalciferol 0.01 mg oral tablet	calcium carbonate 1250 mg / cholecalciferol 0.01 mg oral tablet	carbonate; cholecalciferol	ChEBI;PubChem	93
716	485	DRUG	calcium cation	calcium cation	Calcium Cation	standard	24
717	486	DRUG	calcium chloride	calcium chloride	Calcium Chloride	standard	28
718	487	DRUG	calcium citrate	calcium citrate	Tricalcium Citrate	standard	39
719	488	DRUG	calcium glubionate	calcium glubionate	Calcium Glubionate	standard	1
720	489	DRUG	calcium gluconate	calcium gluconate	Calcium Gluconate	standard	20
721	490	DRUG	calcium phosphate dihydrate	calcium phosphate dihydrate	calcium phosphate, dibasic, dihydrate	corrected_overlay	27
722	491	DRUG	calcium polycarbophil	calcium polycarbophil	Calcium Polycarbophil	standard	39
723	492	DRUG	calcium saccharate	calcium saccharate	Calcium Saccharate	standard	3
724	493	DRUG	calcium threonate	calcium threonate	Calcium l-threonate	standard	7
725	494	DRUG	calfactant	calfactant	Calfactant	standard	69
726	8744	DRUG	Calyculin A	calyculin a	calyculin A	ChEBI	28
727	495	DRUG	cambendazole	cambendazole	Cambendazole	standard	14
728	496	DRUG	camphor	camphor	Camphor	standard	38
729	8119	DRUG	Camptothecin	camptothecin	Camptothecin	NCI Thesaurus	51
730	497	DRUG	canagliflozin	canagliflozin	Canagliflozin	standard	55
731	6546	DRUG	canagliflozin / metformin pill	canagliflozin / metformin pill	Canagliflozin; Metformin	modified_drug	60
732	498	DRUG	canakinumab	canakinumab	Canakinumab	standard	49
733	499	DRUG	candesartan	candesartan	Candesartan	standard	70
734	6547	DRUG	candesartan / hydrochlorothiazide pill	candesartan / hydrochlorothiazide pill	Candesartan; Hydrochlorothiazide	modified_drug	59
735	500	DRUG	candesartan cilexetil	candesartan cilexetil	Candesartan Cilexetil	standard	7
736	501	DRUG	candicidin	candicidin	Candicidin	standard	103
737	8151	DRUG	Canertinib	canertinib	CANERTINIB	ChEMBL	19
738	8134	DRUG	Canfosfamide	canfosfamide	Canfosfamide	NCI Thesaurus	62
739	502	DRUG	cangrelor	cangrelor	Cangrelor	standard	90
740	503	DRUG	cannabidiol	cannabidiol	Cannabidiol	standard	54
741	504	DRUG	canrenoic acid	canrenoic acid	Canrenoic Acid	standard	21
742	505	DRUG	cantharidin	cantharidin	Cantharidin	standard	59
743	506	DRUG	capecitabine	capecitabine	Capecitabine	standard	72
744	507	DRUG	capivasertib	capivasertib	Capivasertib	standard	96
745	508	DRUG	caplacizumab	caplacizumab	Caplacizumab	standard	154
746	509	DRUG	capmatinib	capmatinib	Capmatinib	standard	87
747	510	DRUG	capreomycin	capreomycin	Capreomycin	NCI Thesaurus	74
748	8769	DRUG	Capric acid	capric acid	Capric acid	PubChem	62
749	511	DRUG	capsaicin	capsaicin	Capsaicin	standard	21
750	6548	DRUG	capsaicin / lidocaine / menthol / methyl salicylate topical product	capsaicin / lidocaine / menthol / methyl salicylate topical product	Capsaicin; Lidocaine; Menthol; Methyl Salicylate	modified_drug	67
751	6549	DRUG	capsaicin / lidocaine topical product	capsaicin / lidocaine topical product	Capsaicin; Lidocaine	modified_drug	35
752	512	DRUG	capsicum oleoresin	capsicum oleoresin	Capsicum Oleoresin	DailyMed	23
753	513	DRUG	captodiame	captodiame	Captodiame	standard	4
754	514	DRUG	captopril	captopril	Captopril	standard	53
755	6550	DRUG	captopril / hydrochlorothiazide pill	captopril / hydrochlorothiazide pill	Captopril; Hydrochlorothiazide	modified_drug	51
756	515	DRUG	caramiphen	caramiphen	Caramiphen	standard	6
757	516	DRUG	carbamazepine	carbamazepine	Carbamazepine	standard	68
758	517	DRUG	carbamide	carbamide	Urea	standard	76
759	518	DRUG	carbarsone	carbarsone	Carbarsone	standard	7
760	519	DRUG	carbenicillin	carbenicillin	Carbenicillin	standard	33
761	520	DRUG	carbenoxolone	carbenoxolone	Carbenoxolone	MeSH	33
762	521	DRUG	carbetocin	carbetocin	Carbetocin	standard	69
763	522	DRUG	carbidopa	carbidopa	Carbidopa	standard	94
764	523	DRUG	carbimazole	carbimazole	Carbimazole	standard	58
765	524	DRUG	carbinoxamine	carbinoxamine	Carbinoxamine	standard	75
766	525	DRUG	carbocisteine	carbocisteine	Carbocysteine	standard	48
767	526	DRUG	carbocromen	carbocromen	Chromonar	standard	6
768	527	DRUG	carbomycin	carbomycin	Carbomycin	standard	45
769	528	DRUG	carboplatin	carboplatin	Carboplatin	ChEBI	22
770	529	DRUG	carboprost tromethamine	carboprost tromethamine	Carboprost Tromethamine	ChEBI	24
771	530	DRUG	carboxymethylcellulose	carboxymethylcellulose	carboxymethylcellulose	standard	22
772	531	DRUG	carfilzomib	carfilzomib	Carfilzomib	standard	62
773	532	DRUG	carglumic acid	carglumic acid	Carglumic Acid	standard	63
774	533	DRUG	carindacillin	carindacillin	Carindacillin	standard	12
775	534	DRUG	cariprazine	cariprazine	Cariprazine	standard	68
776	535	DRUG	carisoprodol	carisoprodol	Carisoprodol	standard	63
777	8218	DRUG	Carmofur	carmofur	Carmofur	PubChem	10
778	536	DRUG	carmustine	carmustine	Carmustine	standard	46
779	8263	DRUG	Carnosine	carnosine	Carnosine	PubChem	55
780	537	DRUG	carotegrast	carotegrast	carotegrast	standard	54
781	538	DRUG	caroxazone	caroxazone	Caroxazone	standard	4
782	539	DRUG	carprofen	carprofen	Carprofen	standard	69
783	540	DRUG	carteolol	carteolol	Carteolol	standard	37
784	541	DRUG	carvedilol	carvedilol	Carvedilol	standard	66
785	542	DRUG	casimersen	casimersen	Casimersen	DailyMed	245
786	543	DRUG	casirivimab	casirivimab	Casirivimab	standard	80
787	6551	DRUG	casirivimab / imdevimab injectable product	casirivimab / imdevimab injectable product	Casirivimab; Imdevimab	modified_drug	78
788	8183	DRUG	Casopitant	casopitant	Casopitant	PubChem	6
789	544	DRUG	caspofungin	caspofungin	Caspofungin	ChEBI	24
790	545	DRUG	caspofungin acetate	caspofungin acetate	Caspofungin Acetate	ChEBI	28
791	8680	DRUG	Cathinone	cathinone	Cathinone	PubChem	29
792	546	DRUG	catridecacog	catridecacog	Catridecacog	standard	1
793	547	DRUG	catumaxomab	catumaxomab	Catumaxomab	standard	121
794	548	DRUG	cedazuridine	cedazuridine	Cedazuridine	NCI Thesaurus	98
795	549	DRUG	cefacetrile	cefacetrile	Cefacetrile	standard	4
796	550	DRUG	cefaclor	cefaclor	Cefaclor	standard	31
797	551	DRUG	cefadroxil	cefadroxil	Cefadroxil	standard	35
798	552	DRUG	cefalexin	cefalexin	Cephalexin	standard	74
799	553	DRUG	cefalonium	cefalonium	Cefalonium	standard	4
800	554	DRUG	cefalotin	cefalotin	Cephalothin	standard	76
801	555	DRUG	cefamandole	cefamandole	Cefamandole	standard	34
802	556	DRUG	cefapirin	cefapirin	Cephapirin	standard	52
803	557	DRUG	cefazolin	cefazolin	Cefazolin	standard	50
804	558	DRUG	cefdinir	cefdinir	Cefdinir	standard	26
805	559	DRUG	cefditoren	cefditoren	Cefditoren	standard	81
806	560	DRUG	cefepime	cefepime	Cefepime	standard	43
807	561	DRUG	cefiderocol	cefiderocol	Cefiderocol	ChEBI	31
808	562	DRUG	cefixime	cefixime	Cefixime	standard	48
809	563	DRUG	cefixime anhydrous disodium	cefixime anhydrous disodium	Cefixime anhydrous disodium	manual_final7_review	25
810	564	DRUG	cefmenoxime	cefmenoxime	Cefmenoxime	standard	36
811	565	DRUG	cefmetazole	cefmetazole	Cefmetazole	standard	41
812	566	DRUG	cefonicid	cefonicid	Cefonicid	standard	35
813	567	DRUG	cefoperazone	cefoperazone	Cefoperazone	standard	22
814	568	DRUG	ceforanide	ceforanide	Ceforanide	standard	53
815	569	DRUG	cefotaxime	cefotaxime	Cefotaxime	standard	43
816	570	DRUG	cefotetan	cefotetan	Cefotetan	standard	65
817	571	DRUG	cefotiam	cefotiam	Cefotiam	standard	60
818	572	DRUG	cefoxitin	cefoxitin	Cefoxitin	standard	57
819	573	DRUG	cefpiramide	cefpiramide	Cefpiramide	standard	53
820	574	DRUG	cefpirome	cefpirome	Cefpirome	standard	26
821	575	DRUG	cefpodoxime	cefpodoxime	Cefpodoxime	standard	56
822	576	DRUG	cefprozil	cefprozil	Cefprozil	ChEBI	34
823	577	DRUG	cefradine	cefradine	Cephradine	standard	41
824	578	DRUG	ceftaroline fosamil	ceftaroline fosamil	Pyridinium, 4-(2-(((6R,7R)-2-carboxy-7-(((2Z)-2-(ethoxyimino)-2-(5-(phosphonoamino)-1,2,4-thiadiazol-3-yl)acetyl)amino)-8-oxo-5-thia-1-azabicyclo(4.2.0)oct-2-en-3-yl)thio)-4-thiazolyl)-1-methyl-, inner salt	standard	91
825	579	DRUG	ceftazidime	ceftazidime	Ceftazidime	standard	55
826	580	DRUG	ceftibuten	ceftibuten	Ceftibuten	standard	49
827	581	DRUG	ceftizoxime	ceftizoxime	Ceftizoxime	standard	29
828	582	DRUG	ceftobiprole	ceftobiprole	Ceftobiprole	standard	52
829	583	DRUG	ceftolozane	ceftolozane	Ceftolozane	standard	44
830	6552	DRUG	ceftolozane / tazobactam injectable product	ceftolozane / tazobactam injectable product	Ceftolozane; Tazobactam	modified_drug	72
831	584	DRUG	ceftolozane-tazobactam mixt.	ceftolozane-tazobactam mixt.	ceftolozane; tazobactam	corrected_overlay	11
832	585	DRUG	ceftriaxone	ceftriaxone	Ceftriaxone	standard	52
833	586	DRUG	cefuroxime	cefuroxime	Cefuroxime	standard	30
834	587	DRUG	ceiba pentandra fiber	ceiba pentandra fiber	Ceiba pentandra fiber	corrected_overlay	8
835	588	DRUG	celecoxib	celecoxib	Celecoxib	standard	74
836	589	DRUG	celiprolol	celiprolol	Celiprolol	standard	5
837	590	DRUG	cemiplimab	cemiplimab	Cemiplimab	standard	102
838	591	DRUG	cenegermin	cenegermin	NGF	standard	39
839	592	DRUG	cenobamate	cenobamate	Cenobamate	standard	13
840	593	DRUG	cephalexin	cephalexin	Cephalexin	standard	74
841	594	DRUG	cephaloglycin	cephaloglycin	Cephaloglycin	standard	33
842	595	DRUG	ceritinib	ceritinib	Ceritinib	standard	77
843	596	DRUG	cerivastatin	cerivastatin	Cerivastatin	standard	67
844	597	DRUG	cerliponase alfa	cerliponase alfa	CERLIPONASE ALFA	standard	21
845	598	DRUG	certolizumab	certolizumab	Certolizumab	standard	58
846	599	DRUG	certolizumab pegol	certolizumab pegol	Certolizumab Pegol	standard	74
847	6553	DRUG	certolizumab pegol 200 mg/ml solution for injection	certolizumab pegol 200 mg/ml solution for injection	certolizumab pegol	corrected_overlay	12
848	600	DRUG	certoparin	certoparin	heparin	standard	30
849	8657	DRUG	Cerulenin	cerulenin	Cerulenin	PubChem	59
850	601	DRUG	cetilistat	cetilistat	Cetilistat	standard	4
851	602	DRUG	cetirizine	cetirizine	Cetirizine	standard	62
852	603	DRUG	cetrorelix	cetrorelix	Cetrorelix	standard	55
853	604	DRUG	cetuximab	cetuximab	Cetuximab	standard	73
854	605	DRUG	cevimeline	cevimeline	Cevimeline	standard	17
855	606	DRUG	chadox1 ncov-19	chadox1 ncov-19	ChAdOx1 nCoV-19 Vaccine	standard	73
856	607	DRUG	chenodeoxycholic acid	chenodeoxycholic acid	Chenodeoxycholic Acid	standard	51
857	608	DRUG	chenodiol	chenodiol	Chenodeoxycholic Acid	standard	51
858	609	DRUG	chloral	chloral	Chloral	standard	42
859	610	DRUG	chloral hydrate	chloral hydrate	Chloral Hydrate	standard	39
860	611	DRUG	chlorambucil	chlorambucil	Chlorambucil	standard	77
861	612	DRUG	chloramphenicol	chloramphenicol	Chloramphenicol	standard	59
862	613	DRUG	chloramphenicol succinate	chloramphenicol succinate	Chloramphenicol succinate	standard	10
863	614	DRUG	chlorcyclizine	chlorcyclizine	Chlorcyclizine	standard	4
864	615	DRUG	chlordiazepoxide	chlordiazepoxide	chlordiazepoxide	standard	27
865	616	DRUG	chlorhexidine	chlorhexidine	Chlorhexidine	standard	48
866	617	DRUG	chloride ion	chloride ion	Chloride	standard	50
867	618	DRUG	chlormerodrin	chlormerodrin	Chlormerodrin	standard	69
868	619	DRUG	chlormezanone	chlormezanone	Chlormezanone	standard	95
869	620	DRUG	chlorobutanol	chlorobutanol	Chlorobutanol	standard	5
870	8280	DRUG	Chlorogenic Acid	chlorogenic acid	Chlorogenic Acid	PubChem	74
871	621	DRUG	chloroprocaine	chloroprocaine	Chloroprocaine	standard	87
872	7963	DRUG	Chloropyramine	chloropyramine	CHLOROPYRAMINE	ChEMBL	19
873	622	DRUG	chloroquine	chloroquine	Chloroquine	standard	85
874	623	DRUG	chlorothiazide	chlorothiazide	Chlorothiazide	standard	47
875	8055	DRUG	Chlorotrianisene	chlorotrianisene	Chlorotrianisene	NCI Thesaurus	89
876	624	DRUG	chloroxine	chloroxine	Chloroxine	standard	72
877	625	DRUG	chloroxylenol	chloroxylenol	4-chloro-3,5-dimethylphenol	standard	45
878	626	DRUG	chlorphenamine	chlorphenamine	(+-)-Chlorpheniramine	standard	94
879	627	DRUG	chlorphenesin	chlorphenesin	Chlorphenesin	standard	80
880	628	DRUG	chlorphenesin carbamate	chlorphenesin carbamate	Chlorphenesin Carbamate	standard	62
881	629	DRUG	chlorpheniramine	chlorpheniramine	(+-)-Chlorpheniramine	standard	94
882	6554	DRUG	chlorpheniramine / codeine oral product	chlorpheniramine / codeine oral product	(+-)-Chlorpheniramine; Codeine	modified_drug	65
883	6555	DRUG	chlorpheniramine / dextromethorphan / phenylephrine pill	chlorpheniramine / dextromethorphan / phenylephrine pill	(+-)-Chlorpheniramine; Dextromethorphan; Phenylephrine	modified_drug	95
884	6556	DRUG	chlorpheniramine / dextromethorphan / pseudoephedrine oral product	chlorpheniramine / dextromethorphan / pseudoephedrine oral product	(+-)-Chlorpheniramine; Dextromethorphan; Pseudoephedrine	modified_drug	98
885	6557	DRUG	chlorpheniramine / hydrocodone oral product	chlorpheniramine / hydrocodone oral product	(+-)-Chlorpheniramine; Hydrocodone	modified_drug	65
886	630	DRUG	chlorphentermine	chlorphentermine	Chlorphentermine	standard	6
887	631	DRUG	chlorpromazine	chlorpromazine	Chlorpromazine	standard	58
888	632	DRUG	chlorpropamide	chlorpropamide	Chlorpropamide	standard	76
889	633	DRUG	chlorprothixene	chlorprothixene	Chlorprothixene	standard	19
890	634	DRUG	chlortalidone	chlortalidone	Chlorthalidone	standard	13
891	635	DRUG	chlortetracycline	chlortetracycline	Chlortetracycline	standard	68
892	636	DRUG	chlorthalidone	chlorthalidone	Chlorthalidone	standard	13
893	637	DRUG	chlorzoxazone	chlorzoxazone	Chlorzoxazone	standard	68
894	7702	DRUG	Cholecalciferol	cholecalciferol	Cholecalciferol	PubChem	86
895	6558	DRUG	cholecalciferol / folic acid oral product	cholecalciferol / folic acid oral product	cholecalciferol; folic acid	ChEBI;Disease Ontology	100
896	8813	DRUG	Cholesterol	cholesterol	Cholesterol	PubChem	50
897	8712	DRUG	Cholesteryl Linoleate	cholesteryl linoleate	Cholesteryl Linoleate	PubChem	36
898	638	DRUG	cholestyramine	cholestyramine	Cholestyramine	standard	56
899	639	DRUG	cholic acid	cholic acid	Cholic Acid	standard	60
900	640	DRUG	choline	choline	Choline	standard	58
901	641	DRUG	choline c 11	choline c 11	Choline C-11	standard	69
902	642	DRUG	choline c-11	choline c-11	Choline C-11	standard	69
903	643	DRUG	choline magnesium trisalicylate	choline magnesium trisalicylate	Choline Magnesium Trisalicylate	NCI Thesaurus	47
904	644	DRUG	choline salicylate	choline salicylate	Choline Salicylate	standard	14
905	645	DRUG	chondroitin sulfate	chondroitin sulfate	Chondroitin Sulfate	ChEBI	18
906	646	DRUG	choriogonadotropin alfa	choriogonadotropin alfa	CHORIOGONADOTROPIN ALFA	standard	4
907	647	DRUG	chorionic gonadotropin	chorionic gonadotropin	Recombinant Human Chorionic Gonadotropin	standard	40
908	648	DRUG	chorionic gonadotropin (human)	chorionic gonadotropin (human)	GONADOTROPIN, CHORIONIC	standard	4
909	649	DRUG	chorionic gonadotropin, beta subunit, human	chorionic gonadotropin, beta subunit, human	GONADOTROPIN, CHORIONIC	standard	4
910	650	DRUG	chromic cation	chromic cation	Chromic Cation	standard	17
911	651	DRUG	chromic chloride	chromic chloride	Chromium chloride (crcl3)	ChEBI	12
912	8242	DRUG	Chromium	chromium	Chromium	PubChem	33
913	6559	DRUG	chromium cr 51 edetate [usan:usp]	chromium cr 51 edetate [usan:usp]	Chromium Cr 51 Edetate [USAN:USP]	KEGG DRUG; PubChem; ANSTO Consumer Medicine Information	46
914	652	DRUG	chromium gluconate	chromium gluconate	Chromium gluconate	standard	1
915	653	DRUG	chymopapain	chymopapain	CHYMOPAPAIN	standard	22
916	8686	DRUG	Chymostatin	chymostatin	CHEMBL4171814	ChEMBL	12
917	8314	DRUG	CI-1040	ci-1040	CI-1040	PubChem	5
918	8396	DRUG	Cianidanol	cianidanol	Cianidanol	PubChem	30
919	8365	DRUG	Cibenzoline	cibenzoline	Cibenzoline	PubChem	4
920	654	DRUG	ciclesonide	ciclesonide	Ciclesonide	standard	6
921	8337	DRUG	Cicletanine	cicletanine	Cicletanine	PubChem	5
922	655	DRUG	ciclopirox	ciclopirox	Ciclopirox	standard	83
923	656	DRUG	ciclosporin	ciclosporin	Cyclosporin A	standard	89
924	657	DRUG	cid 86278347	cid 86278347	cid 86278347	standard	1
925	658	DRUG	cid 86278348	cid 86278348	cid 86278348	standard	1
926	659	DRUG	cidofovir	cidofovir	Cidofovir	standard	73
927	8225	DRUG	Ciglitazone	ciglitazone	Ciglitazone	PubChem	41
928	660	DRUG	cilastatin	cilastatin	Cilastatin	standard	139
929	6560	DRUG	cilastatin / imipenem / relebactam injectable product	cilastatin / imipenem / relebactam injectable product	Cilastatin; Imipenem; Relebactam	PubChem;standard drug terminology	124
930	6561	DRUG	cilastatin, imipenem drug combination	cilastatin, imipenem drug combination	Cilastatin, Imipenem Drug Combination	modified_drug	37
931	661	DRUG	cilazapril	cilazapril	Cilazapril	standard	66
932	8274	DRUG	Cilengitide	cilengitide	Cilengitide	PubChem	4
933	662	DRUG	cilgavimab	cilgavimab	Cilgavimab	standard	105
934	8103	DRUG	Cilomilast	cilomilast	CHEMBL32854	ChEMBL	12
935	663	DRUG	cilostazol	cilostazol	Cilostazol	standard	60
936	664	DRUG	ciltacabtagene autoleucel	ciltacabtagene autoleucel	Ciltacabtagene Autoleucel	standard	141
937	665	DRUG	cimetidine	cimetidine	Cimetidine	standard	81
938	666	DRUG	cinacalcet	cinacalcet	Cinacalcet	standard	51
939	667	DRUG	cinchocaine	cinchocaine	Dibucaine	standard	86
940	8208	DRUG	Cinitapride	cinitapride	Cinitapride	PubChem	9
941	8402	DRUG	Cinnamaldehyde	cinnamaldehyde	Cinnamaldehyde	PubChem	53
942	668	DRUG	cinnarizine	cinnarizine	Cinnarizine	standard	36
943	669	DRUG	cinoxacin	cinoxacin	Cinoxacin	standard	73
944	8146	DRUG	Cintredekin besudotox	cintredekin besudotox	Cintredekin Besudotox	NCI Thesaurus	101
945	670	DRUG	cipaglucosidase alfa	cipaglucosidase alfa	CIPAGLUCOSIDASE ALFA	standard	8
946	671	DRUG	ciprodex	ciprodex	ciprofloxacin; dexamethasone	corrected_overlay	18
947	672	DRUG	ciprofibrate	ciprofibrate	Ciprofibrate	standard	21
948	673	DRUG	ciprofloxacin	ciprofloxacin	Ciprofloxacin	standard	96
949	674	DRUG	cisapride	cisapride	Cisapride	standard	98
950	675	DRUG	cisatracurium	cisatracurium	Cisatracurium	standard	55
951	676	DRUG	cisplatin	cisplatin	Cisplatin	ChEBI	74
952	677	DRUG	citalopram	citalopram	Citalopram	standard	58
953	678	DRUG	citicoline	citicoline	Citicoline	standard	80
954	679	DRUG	citric acid	citric acid	Citric Acid	standard	62
955	680	DRUG	cladribine	cladribine	Cladribine	standard	74
956	681	DRUG	clarithromycin	clarithromycin	Clarithromycin	standard	67
957	682	DRUG	clascoterone	clascoterone	Clascoterone	DailyMed	104
958	683	DRUG	clavulanic acid	clavulanic acid	Clavulanic Acid	standard	46
959	684	DRUG	clazosentan	clazosentan	Clazosentan	standard	1
960	685	DRUG	clemastine	clemastine	Clemastine	standard	80
961	686	DRUG	clenbuterol	clenbuterol	Clenbuterol	standard	67
962	687	DRUG	clesrovimab	clesrovimab	CLESROVIMAB	standard	4
963	688	DRUG	clevidipine	clevidipine	3,5-Pyridinedicarboxylic acid, 4-(2,3-dichlorophenyl)-1,4-dihydro-2,6-dimethyl-, 3-methyl 5-((1-oxobutoxy)methyl) ester	standard	4
964	689	DRUG	clidinium	clidinium	Clidinium	standard	87
965	690	DRUG	clindamycin	clindamycin	Clindamycin	ChEBI	13
966	6562	DRUG	clindamycin / tretinoin topical product	clindamycin / tretinoin topical product	Clindamycin; tretinoin	ChEBI;standard drug terminology	60
967	691	DRUG	clioquinol	clioquinol	Clioquinol	standard	97
968	692	DRUG	clobazam	clobazam	Clobazam	standard	79
969	693	DRUG	clobetasol	clobetasol	Clobetasol	standard	82
970	694	DRUG	clobetasol propionate	clobetasol propionate	Clobetasol Propionate	standard	61
971	695	DRUG	clobetasone	clobetasone	Clobetasone	standard	5
972	8217	DRUG	Clocapramine	clocapramine	Clocapramine	PubChem	4
973	696	DRUG	clocortolone	clocortolone	Clocortolone	standard	82
974	697	DRUG	clodronic acid	clodronic acid	Clodronate	standard	97
975	698	DRUG	clofarabine	clofarabine	Clofarabine	standard	78
976	699	DRUG	clofazimine	clofazimine	Clofazimine	standard	95
977	700	DRUG	clofedanol	clofedanol	Chlophedianol	standard	66
978	701	DRUG	clofibrate	clofibrate	Clofibrate	standard	46
979	702	DRUG	clomifene	clomifene	clomifene	corrected_overlay	25
980	703	DRUG	clomipramine	clomipramine	Clomipramine	standard	98
981	704	DRUG	clonazepam	clonazepam	Clonazepam	standard	81
982	705	DRUG	clonidine	clonidine	Clonidine	standard	15
983	706	DRUG	clopidogrel	clopidogrel	Clopidogrel	standard	85
984	8371	DRUG	Cloranolol	cloranolol	Cloranolol	PubChem	4
985	707	DRUG	clorazepic acid	clorazepic acid	Clorazepate	standard	57
986	8105	DRUG	Clorgiline	clorgiline	CLORGILINE	ChEMBL	19
987	708	DRUG	clothiapine	clothiapine	Clotiapine	standard	4
988	709	DRUG	clotiazepam	clotiazepam	Clotiazepam	standard	6
989	710	DRUG	clotrimazole	clotrimazole	Clotrimazole	standard	59
990	711	DRUG	cloxacillin	cloxacillin	Cloxacillin	standard	51
991	8679	DRUG	Cloxazolam	cloxazolam	Cloxazolam	PubChem	8
992	712	DRUG	clozapine	clozapine	Clozapine	standard	88
993	713	DRUG	coagulation factor ix (recombinant)	coagulation factor ix (recombinant)	COAGULATION FACTOR IX RECOMBINANT HUMAN	standard	5
994	714	DRUG	coagulation factor ix human	coagulation factor ix human	Coagulation Factor IX Human	standard	58
995	715	DRUG	coagulation factor vii human	coagulation factor vii human	COAGULATION FACTOR VII HUMAN	standard	5
996	716	DRUG	coagulation factor viia recombinant human	coagulation factor viia recombinant human	Eptacog Alfa	standard	106
997	717	DRUG	coagulation factor x human	coagulation factor x human	Coagulation Factor X Human	standard	162
998	718	DRUG	coal tar	coal tar	Coal Tar	standard	103
999	719	DRUG	coartem	coartem	artemether; lumefantrine	corrected_overlay	17
1000	8398	DRUG	Cobalamin	cobalamin	Cobalamin	NCI Thesaurus	77
1001	8403	DRUG	Cobalt chloride	cobalt chloride	COBALTOUS CHLORIDE	ChEMBL	20
1002	720	DRUG	cobicistat	cobicistat	Cobicistat	standard	70
1003	6563	DRUG	cobicistat / elvitegravir / emtricitabine / tenofovir disoproxil pill	cobicistat / elvitegravir / emtricitabine / tenofovir disoproxil pill	Cobicistat; Elvitegravir; Emtricitabine; Tenofovir Disoproxil	modified_drug	100
1004	6564	DRUG	cobicistat 150 mg / darunavir 800 mg oral tablet	cobicistat 150 mg / darunavir 800 mg oral tablet	Cobicistat; Darunavir	modified_drug	63
1005	721	DRUG	cobicistat, elvitegravir, emtricitabine and tenofovir alafenamide	cobicistat, elvitegravir, emtricitabine and tenofovir alafenamide	Genvoya	standard	20
1006	6565	DRUG	cobicistat/darunavir	cobicistat/darunavir	Cobicistat; Darunavir	modified_drug	55
1007	722	DRUG	cobimetinib	cobimetinib	Cobimetinib	standard	107
1008	7705	DRUG	Cocaine	cocaine	Cocaine	PubChem	19
1009	723	DRUG	cocarboxylase	cocarboxylase	Cocarboxylase (INN:DCF:JAN)	standard	26
1010	724	DRUG	coccidioides immitis spherule	coccidioides immitis spherule	SPHERUSOL (COCCIDIOIDES IMMITIS SPHERULE-DERIVED SKIN TEST ANTIGEN) INJECTION, SOLUTION [NIELSEN BIOSCIENCES, INC.]	standard	72
1011	725	DRUG	codeine	codeine	Codeine	standard	70
1012	6566	DRUG	codeine / phenylephrine / promethazine oral product	codeine / phenylephrine / promethazine oral product	Codeine; Phenylephrine; Promethazine	modified_drug	82
1013	6567	DRUG	codeine / phenylephrine / promethazine oral solution	codeine / phenylephrine / promethazine oral solution	Codeine; Phenylephrine; Promethazine	modified_drug	82
1014	6568	DRUG	codeine / promethazine oral solution	codeine / promethazine oral solution	Codeine; Promethazine	modified_drug	54
1015	6569	DRUG	codeine phosphate / pseudoephedrine hydrochloride / triprolidine hydrochloride oral solution	codeine phosphate / pseudoephedrine hydrochloride / triprolidine hydrochloride oral solution	Codeine; Pseudoephedrine; Triprolidine	modified_drug	76
1016	726	DRUG	coenzyme m	coenzyme m	Mercaptoethanesulfonic acid	standard	41
1017	727	DRUG	colazal	colazal	Colazal	standard	68
1018	728	DRUG	colchiceine	colchiceine	Colchiceine	standard	5
1019	729	DRUG	colchicine	colchicine	Colchicine	standard	59
1020	730	DRUG	colecalciferol	colecalciferol	calciol	standard	54
1021	731	DRUG	colesevelam	colesevelam	colesevelam	standard	38
1022	732	DRUG	colestipol	colestipol	colestipol	standard	65
1023	8086	DRUG	Colforsin	colforsin	CHEMBL4303178	ChEMBL	12
1024	733	DRUG	colfosceril palmitate	colfosceril palmitate	Colfosceril Palmitate	standard	74
1025	734	DRUG	colistimethate	colistimethate	colistimethate	standard	66
1026	735	DRUG	colistin	colistin	Colistin	ChEBI	74
1027	736	DRUG	collagenase	collagenase	Collagenase	standard	12
1028	737	DRUG	collagenase (clostridium histolyticum gene colh isoenzyme aux-ii)	collagenase (clostridium histolyticum gene colh isoenzyme aux-ii)	COLLAGENASE CLOSTRIDIUM HISTOLYTICUM	standard	3
1029	738	DRUG	collagenase clostridium histolyticum	collagenase clostridium histolyticum	Collagenase Clostridium histolyticum	standard	65
1030	739	DRUG	combivent	combivent	albuterol/salbutamol; ipratropium	corrected_overlay	13
1031	740	DRUG	combivir	combivir	lamivudine; zidovudine	corrected_overlay	13
1032	8413	DRUG	Combretastatin A4	combretastatin a4	Combretastatin A4	PubChem	5
1033	741	DRUG	concizumab	concizumab	Concizumab	standard	89
1034	742	DRUG	condoliase	condoliase	Condoliase	standard	1
1035	743	DRUG	conestat alfa	conestat alfa	Conestat Alfa	standard	92
1036	744	DRUG	conivaptan	conivaptan	Conivaptan	standard	72
1037	745	DRUG	conjugated estrogens	conjugated estrogens	Estrogens, Conjugated	standard	23
1038	746	DRUG	copanlisib	copanlisib	Copanlisib	standard	91
1039	8221	DRUG	Copper	copper	Copper	PubChem	24
1040	747	DRUG	copper gluconate	copper gluconate	Bis(D-gluconato-kappaO1,kappaO2)copper	standard	7
1041	748	DRUG	coral snake (micrurus fulvius) immune globulin antivenin (equine)	coral snake (micrurus fulvius) immune globulin antivenin (equine)	ANTIVENIN (MICRURUS FULVIUS)	DailyMed	47
1042	749	DRUG	corifollitropin alfa	corifollitropin alfa	Corifollitropin Alfa	standard	1
1043	750	DRUG	corticorelin ovine triflutate	corticorelin ovine triflutate	Corticorelin Ovine Triflutate	NCI Thesaurus	74
1044	751	DRUG	corticotropin	corticotropin	Corticotropin	standard	99
1045	752	DRUG	cortisone	cortisone	Cortisone	standard	75
1046	753	DRUG	cortisone acetate	cortisone acetate	Cortisone Acetate	standard	6
1047	754	DRUG	cortisporin	cortisporin	neomycin; polymyxin B; hydrocortisone	corrected_overlay	24
1048	755	DRUG	cortisporin-tc	cortisporin-tc	colistin; neomycin; thonzonium; hydrocortisone	corrected_overlay	20
1049	756	DRUG	corynebacterium diphtheriae	corynebacterium diphtheriae	Corynebacterium diphtheriae	standard	85
1050	757	DRUG	cosyntropin, 7-metrp(9)-	cosyntropin, 7-metrp(9)-	COSYNTROPIN	standard	4
1051	758	DRUG	coumaphos	coumaphos	Coumaphos	standard	39
1052	8118	DRUG	Coumarin	coumarin	Coumarin	NCI Thesaurus	22
1053	759	DRUG	cow milk	cow milk	Cow Milk	standard	21
1054	8049	DRUG	Creatine	creatine	Creatine	NCI Thesaurus	62
1055	760	DRUG	crinecerfont	crinecerfont	Crinecerfont	DailyMed	150
1056	761	DRUG	crisaborole	crisaborole	Crisaborole	standard	69
1057	762	DRUG	crizanlizumab	crizanlizumab	Crizanlizumab	standard	91
1058	763	DRUG	crizotinib	crizotinib	Crizotinib	standard	64
1059	8272	DRUG	Crocin	crocin	Crocin	PubChem	97
1060	764	DRUG	crofelemer	crofelemer	Crofelemer	standard	90
1061	765	DRUG	cromoglicic acid	cromoglicic acid	Cromolyn	standard	52
1062	766	DRUG	cromolyn	cromolyn	Cromolyn	standard	52
1063	767	DRUG	crotalus adamanteus antivenin	crotalus adamanteus antivenin	ANTIVENIN (CROTALIDAE) POLYVALENT	standard	1
1064	768	DRUG	crotalus atrox antivenin	crotalus atrox antivenin	ANTIVENIN (CROTALIDAE) POLYVALENT	DailyMed	263
1065	769	DRUG	crotalus scutulatus antivenin	crotalus scutulatus antivenin	ANTIVENIN (CROTALIDAE) POLYVALENT	standard	1
1066	770	DRUG	crotamiton	crotamiton	Crotamiton	ChEBI	70
1067	8807	DRUG	Crotonaldehyde	crotonaldehyde	Crotonaldehyde	PubChem	14
1068	771	DRUG	crovalimab	crovalimab	Crovalimab	standard	120
1069	772	DRUG	cryptenamine	cryptenamine	CRYPTENAMINE ACETATES	standard	1
1070	773	DRUG	cupric cation	cupric cation	Cupric cation	standard	31
1071	774	DRUG	cupric sulfate	cupric sulfate	Copper Sulfate	standard	29
1072	8261	DRUG	Curcumin	curcumin	Curcumin	PubChem	148
1073	8170	DRUG	CX516	cx516	CX516	PubChem	4
1074	8089	DRUG	Cyanamide	cyanamide	CYANAMIDE	ChEMBL	12
1075	775	DRUG	cyanocobalamin	cyanocobalamin	Cyanocobalamin	NCI Thesaurus	80
1076	776	DRUG	cyanocobalamin co-57	cyanocobalamin co-57	Cyanocobalamin Co-57	standard	19
1077	777	DRUG	cyclacillin	cyclacillin	Cyclacillin	standard	12
1078	778	DRUG	cyclandelate	cyclandelate	Cyclandelate	standard	53
1079	8085	DRUG	Cyclic adenosine monophosphate	cyclic adenosine monophosphate	CHEMBL1363683	ChEMBL	12
1080	8725	DRUG	Cyclic GMP	cyclic gmp	Cyclic GMP	PubChem	58
1081	779	DRUG	cyclizine	cyclizine	Cyclizine	standard	49
1082	780	DRUG	cyclobenzaprine	cyclobenzaprine	Cyclobenzaprine	standard	62
1083	8775	DRUG	Cyclohexanol	cyclohexanol	Cyclohexanol	PubChem	37
1084	8710	DRUG	Cyclohexanone	cyclohexanone	Cyclohexanone	PubChem	23
1085	781	DRUG	cyclopenthiazide	cyclopenthiazide	Cyclopenthiazide	standard	4
1086	782	DRUG	cyclopentolate	cyclopentolate	Cyclopentolate	standard	107
1087	783	DRUG	cyclophosphamide	cyclophosphamide	Cyclophosphamide	standard	58
1088	784	DRUG	cycloserine	cycloserine	Cycloserine	standard	142
1089	785	DRUG	cyclosporine	cyclosporine	Cyclosporin A	standard	89
1090	786	DRUG	cyclothiazide	cyclothiazide	Cyclothiazide	standard	46
1091	787	DRUG	cycrimine	cycrimine	Cycrimine	standard	80
1092	788	DRUG	cyproheptadine	cyproheptadine	Cyproheptadine	standard	126
1093	789	DRUG	cyproterone acetate	cyproterone acetate	Cyproterone Acetate	standard	81
1094	790	DRUG	cysteamine	cysteamine	Cysteamine	standard	63
1095	791	DRUG	cysteine	cysteine	L-(+)-Cysteine	standard	77
1096	8649	DRUG	Cystine	cystine	Cystine	PubChem	72
1097	792	DRUG	cytarabine	cytarabine	Cytarabine	standard	81
1098	8713	DRUG	Cytidine	cytidine	Cytidine	PubChem	43
1099	8730	DRUG	Cytidine-5'-Triphosphate	cytidine-5'-triphosphate	Cytidine-5'-Triphosphate	PubChem	34
1100	793	DRUG	d-glucose	d-glucose	D-Glucose	standard	33
1101	8732	DRUG	D-glyceraldehyde	d-glyceraldehyde	D-glyceraldehyde	PubChem	33
1102	8094	DRUG	D-Lactic acid	d-lactic acid	LACTIC ACID	ChEMBL	20
1103	794	DRUG	dabigatran	dabigatran	Dabigatran	standard	86
1104	795	DRUG	dabigatran etexilate	dabigatran etexilate	Dabigatran Etexilate	ChEBI	42
1105	796	DRUG	dabrafenib	dabrafenib	Dabrafenib	standard	47
1106	797	DRUG	dacarbazine	dacarbazine	Dacarbazine	standard	13
1107	798	DRUG	daclatasvir	daclatasvir	Daclatasvir	standard	71
1108	799	DRUG	daclatasvir hydrochloride	daclatasvir hydrochloride	Daclatasvir Dihydrochloride	standard	51
1109	800	DRUG	dacomitinib	dacomitinib	Dacomitinib	standard	86
1110	801	DRUG	dactinomycin	dactinomycin	Dactinomycin	standard	12
1111	8258	DRUG	Dactolisib	dactolisib	Dactolisib	PubChem	67
1112	8212	DRUG	DADLE	dadle	DADLE	PubChem	72
1113	8362	DRUG	Daidzein	daidzein	Daidzein	PubChem	55
1114	8079	DRUG	Daidzin	daidzin	DAIDZIN	ChEMBL	12
1115	802	DRUG	dalbavancin	dalbavancin	Dalbavancin	standard	59
1116	8296	DRUG	Dalcetrapib	dalcetrapib	Dalcetrapib	PubChem	7
1117	8184	DRUG	Dalfampridine	dalfampridine	Dalfampridine	PubChem	56
1118	803	DRUG	dalfopristin	dalfopristin	Dalfopristin	standard	109
1119	804	DRUG	dalteparin	dalteparin	Dalteparin	standard	40
1120	805	DRUG	damoctocog alfa pegol	damoctocog alfa pegol	Damoctocog Alfa Pegol	standard	1
1121	806	DRUG	danaparoid	danaparoid	Danaparoid	standard	64
1122	807	DRUG	danazol	danazol	Danazol	standard	31
1123	808	DRUG	danicopan	danicopan	Danicopan	standard	6
1124	809	DRUG	dantrolene	dantrolene	Dantrolene	ChEBI	26
1125	8819	DRUG	Dantron	dantron	Dantron	PubChem	19
1126	8267	DRUG	Danusertib	danusertib	Danusertib	PubChem	6
1127	810	DRUG	dapagliflozin	dapagliflozin	Dapagliflozin	standard	70
1128	6570	DRUG	dapagliflozin / metformin oral product	dapagliflozin / metformin oral product	Dapagliflozin; Metformin	modified_drug	53
1129	6571	DRUG	dapagliflozin / saxagliptin oral product	dapagliflozin / saxagliptin oral product	Dapagliflozin; Saxagliptin	modified_drug	56
1130	811	DRUG	dapiprazole	dapiprazole	Dapiprazole	standard	28
1131	812	DRUG	daprodustat	daprodustat	Daprodustat	standard	88
1132	813	DRUG	dapsone	dapsone	Dapsone	standard	95
1133	814	DRUG	daptomycin	daptomycin	Daptomycin	ChEBI	48
1134	815	DRUG	daratumumab	daratumumab	Daratumumab	standard	89
1135	6572	DRUG	daratumumab / hyaluronidase injection	daratumumab / hyaluronidase injection	Daratumumab; Hyaluronidase	modified_drug	37
1136	816	DRUG	daridorexant	daridorexant	Daridorexant	DailyMed	144
1137	817	DRUG	darifenacin	darifenacin	Darifenacin	standard	81
1138	8165	DRUG	Darinaparsin	darinaparsin	Darinaparsin	PubChem	5
1139	818	DRUG	darolutamide	darolutamide	Darolutamide	ChEBI	25
1140	819	DRUG	darunavir	darunavir	Darunavir	standard	77
1141	820	DRUG	darvadstrocel	darvadstrocel	Darvadstrocel	standard	1
1142	821	DRUG	dasabuvir	dasabuvir	Dasabuvir	standard	85
1143	822	DRUG	dasatinib	dasatinib	Dasatinib	standard	146
1144	823	DRUG	dasiglucagon	dasiglucagon	Dasiglucagon	DailyMed	132
1145	824	DRUG	datopotamab deruxtecan	datopotamab deruxtecan	Datopotamab Deruxtecan	standard	166
1146	825	DRUG	daunorubicin	daunorubicin	Daunorubicin	standard	53
1147	826	DRUG	davesomeran	davesomeran	Davesomeran	standard	93
1148	8092	DRUG	Dazoxiben	dazoxiben	DAZOXIBEN	ChEMBL	19
1149	827	DRUG	debrisoquine	debrisoquine	Debrisoquine	standard	27
1150	828	DRUG	decamethonium	decamethonium	Decamethonium	standard	49
1151	829	DRUG	decitabine	decitabine	Decitabine	standard	28
1152	6573	DRUG	decitabine and cedazuridine drug combination	decitabine and cedazuridine drug combination	Decitabine; CEDAZURIDINE	modified_drug	33
1153	830	DRUG	deferasirox	deferasirox	Deferasirox	standard	82
1154	831	DRUG	deferiprone	deferiprone	Deferiprone	standard	49
1155	832	DRUG	deferoxamine	deferoxamine	Deferoxamine	standard	96
1156	833	DRUG	defibrotide	defibrotide	Defibrotide	standard	108
1157	834	DRUG	deflazacort	deflazacort	Deflazacort	standard	5
1158	835	DRUG	degarelix	degarelix	Degarelix	standard	4
1159	836	DRUG	dehydrocholic acid	dehydrocholic acid	Dehydrocholic Acid	standard	54
1160	837	DRUG	delafloxacin	delafloxacin	Delafloxacin	DailyMed	102
1161	838	DRUG	delafloxacin meglumine	delafloxacin meglumine	Delafloxacin Meglumine	DailyMed	102
1162	839	DRUG	delamanid	delamanid	Delamanid	standard	6
1163	840	DRUG	delandistrogene moxeparvovec	delandistrogene moxeparvovec	Delandistrogene moxeparvovec-rokl	DailyMed; manual_final7_review	33
1164	841	DRUG	delavirdine	delavirdine	Delavirdine	standard	82
1165	842	DRUG	delgocitinib	delgocitinib	Delgocitinib	standard	72
1166	843	DRUG	demecarium	demecarium	Demecarium	standard	65
1167	844	DRUG	demeclocycline	demeclocycline	Demeclocycline	standard	98
1168	845	DRUG	demexiptiline	demexiptiline	Demexiptiline	standard	6
1169	846	DRUG	dengue tetravalent vaccine, live	dengue tetravalent vaccine, live	Dengue Tetravalent Vaccine, Live	corrected_overlay	9
1170	847	DRUG	denileukin diftitox	denileukin diftitox	Denileukin Diftitox	standard	105
1171	848	DRUG	denosumab	denosumab	Denosumab	standard	75
1172	8770	DRUG	Deoxycholic acid	deoxycholic acid	Deoxycholic acid	PubChem	49
1173	849	DRUG	dequalinium	dequalinium	Dequalinium	standard	45
1174	850	DRUG	dermatophagoides farinae	dermatophagoides farinae	Dermatophagoides farinae allergenic extract	corrected_overlay	13
1175	851	DRUG	deserpidine	deserpidine	Deserpidine	standard	27
1176	852	DRUG	desflurane	desflurane	Desflurane	standard	20
1177	853	DRUG	desipramine	desipramine	Desipramine	standard	63
1178	854	DRUG	desirudin	desirudin	Desirudin	ChEBI	59
1179	855	DRUG	deslanoside	deslanoside	Deslanoside	standard	53
1180	856	DRUG	desloratadine	desloratadine	Desloratadine	standard	73
1181	6574	DRUG	desloratadine / pseudoephedrine pill	desloratadine / pseudoephedrine pill	Desloratadine; Pseudoephedrine	modified_drug	60
1182	857	DRUG	desmopressin	desmopressin	Desmopressin	standard	100
1183	858	DRUG	desmopressin acetate hydrate	desmopressin acetate hydrate	Desmopressin acetate trihydrate	standard	68
1184	859	DRUG	desogestrel	desogestrel	Desogestrel	standard	25
1185	860	DRUG	desonide	desonide	Desonide	standard	65
1186	861	DRUG	desoximetasone	desoximetasone	Desoximetasone	standard	77
1187	862	DRUG	desoxycorticosterone acetate	desoxycorticosterone acetate	Deoxycorticosterone acetate	standard	6
1188	863	DRUG	desoxycorticosterone pivalate	desoxycorticosterone pivalate	Desoxycorticosterone Pivalate	standard	16
1189	864	DRUG	desvenlafaxine	desvenlafaxine	Desvenlafaxine	standard	57
1190	865	DRUG	detomidine	detomidine	Detomidine	ChEBI	10
1191	866	DRUG	deucravacitinib	deucravacitinib	Deucravacitinib	DailyMed	129
1192	867	DRUG	deuruxolitinib	deuruxolitinib	Deuruxolitinib	DailyMed	142
1193	868	DRUG	deutetrabenazine	deutetrabenazine	Deutetrabenazine	DailyMed	18
1194	869	DRUG	deutetrabenazine, (r,s)-rel-	deutetrabenazine, (r,s)-rel-	DEUTETRABENAZINE	standard	5
1195	870	DRUG	dexamethasone	dexamethasone	Dexamethasone	standard	97
1196	871	DRUG	dexamethasone acetate	dexamethasone acetate	Dexamethasone Acetate	standard	6
1197	872	DRUG	dexamethasone isonicotinate	dexamethasone isonicotinate	Dexamethasone Isonicotinate	standard	6
1198	873	DRUG	dexamethasone metasulfobenzoate	dexamethasone metasulfobenzoate	Dexamethasone Metasulfobenzoate	PubChem	108
1199	874	DRUG	dexamethasone phosphate(2-)	dexamethasone phosphate(2-)	Dexamethasone phosphate(2-)	standard	27
1200	875	DRUG	dexamethasone sodium phosphate	dexamethasone sodium phosphate	Dexamethasone Sodium Phosphate	standard	30
1201	876	DRUG	dexamfetamine	dexamfetamine	Dextroamphetamine	standard	40
1202	8172	DRUG	Dexanabinol	dexanabinol	Dexanabinol	PubChem	4
1203	877	DRUG	dexbrompheniramine	dexbrompheniramine	Dexbrompheniramine	standard	44
1204	878	DRUG	dexchlorpheniramine	dexchlorpheniramine	Dexchlorpheniramine	standard	11
1205	879	DRUG	dexchlorpheniramine maleate	dexchlorpheniramine maleate	Dexchlorpheniramine Maleate	standard	7
1206	8216	DRUG	Dexetimide	dexetimide	Dexetimide	PubChem	6
1207	880	DRUG	dexfenfluramine	dexfenfluramine	Dexfenfluramine	standard	76
1208	881	DRUG	dexibuprofen	dexibuprofen	Dexibuprofen	standard	24
1209	882	DRUG	dexketoprofen	dexketoprofen	Dexketoprofen	standard	78
1210	883	DRUG	dexlansoprazole	dexlansoprazole	Dexlansoprazole	standard	9
1211	884	DRUG	dexmedetomidine	dexmedetomidine	Dexmedetomidine	standard	27
1212	885	DRUG	dexmethylphenidate	dexmethylphenidate	Dexmethylphenidate	standard	38
1213	6575	DRUG	dexmethylphenidate / serdexmethylphenidate oral product	dexmethylphenidate / serdexmethylphenidate oral product	Dexmethylphenidate; Serdexmethylphenidate	DailyMed	316
1214	886	DRUG	dexmethylphenidate hydrochloride	dexmethylphenidate hydrochloride	Dexmethylphenidate Hydrochloride	standard	92
1215	8418	DRUG	Dexpramipexole	dexpramipexole	Dexpramipexole	PubChem	5
1216	8096	DRUG	Dexpropranolol	dexpropranolol	(S)-PROPRANOLOL HYDROCHLORIDE	ChEMBL	13
1217	8380	DRUG	Dexrabeprazole	dexrabeprazole	Dexrabeprazole	PubChem	9
1218	887	DRUG	dexrazoxane	dexrazoxane	Dexrazoxane	standard	21
1219	8228	DRUG	Dextran	dextran	dextran	ChEBI	15
1220	888	DRUG	dextroamphetamine	dextroamphetamine	Dextroamphetamine	standard	40
1221	889	DRUG	dextromethorphan	dextromethorphan	Dextromethorphan	standard	68
1222	9540	DRUG	dextromethorphan / bupropion	dextromethorphan / bupropion	dextromethorphan	standard	68
1223	6576	DRUG	dextromethorphan / promethazine oral solution	dextromethorphan / promethazine oral solution	Dextromethorphan; Promethazine	modified_drug	57
1224	6577	DRUG	dextromethorphan / quinidine oral capsule	dextromethorphan / quinidine oral capsule	Dextromethorphan; Quinidine	modified_drug	52
1225	890	DRUG	dextropropoxyphene	dextropropoxyphene	Propoxyphene	standard	26
1226	891	DRUG	dextrose, unspecified form	dextrose, unspecified form	D-Glucose	standard	33
1227	892	DRUG	dextrothyroxine	dextrothyroxine	D-Thyroxine	standard	21
1228	8393	DRUG	Dexverapamil	dexverapamil	Dexverapamil	PubChem	75
1229	893	DRUG	dezocine	dezocine	Dezocine	standard	90
1230	894	DRUG	diacerein	diacerein	Diacerein	standard	5
1231	895	DRUG	diamorphine	diamorphine	Heroin	standard	98
1232	7959	DRUG	Diatrizoate	diatrizoate	DIATRIZOATE SODIUM	ChEMBL	20
1233	896	DRUG	diazepam	diazepam	Diazepam	standard	54
1234	897	DRUG	diazoxide	diazoxide	Diazoxide	standard	113
1235	898	DRUG	dibekacin	dibekacin	Dibekacin	standard	39
1236	899	DRUG	dibenzepin	dibenzepin	Dibenzepin	standard	4
1237	900	DRUG	dibotermin alfa	dibotermin alfa	Dibotermin Alfa	standard	66
1238	901	DRUG	dichloralphenazone	dichloralphenazone	Dichloralphenazone	standard	31
1239	902	DRUG	dichloroacetic acid	dichloroacetic acid	Dichloroacetic Acid	standard	60
1240	903	DRUG	dichlorphenamide	dichlorphenamide	Dichlorphenamide	standard	75
1241	904	DRUG	dichlorphenamide (disodium)	dichlorphenamide (disodium)	DICHLORPHENAMIDE	standard	4
1242	905	DRUG	dichlorvos	dichlorvos	Dichlorvos	standard	53
1243	906	DRUG	diclofenac	diclofenac	Diclofenac	standard	82
1244	6578	DRUG	diclofenac / misoprostol pill	diclofenac / misoprostol pill	Diclofenac; Misoprostol	modified_drug	37
1245	907	DRUG	diclofenac etalhyaluronate sodium	diclofenac etalhyaluronate sodium	Diclofenac Etalhyaluronate	PubChem	93
1246	908	DRUG	diclofenamide	diclofenamide	Dichlorphenamide	standard	75
1247	909	DRUG	dicloxacillin	dicloxacillin	Dicloxacillin	standard	44
1248	910	DRUG	dicloxacillin(1-)	dicloxacillin(1-)	Dicloxacillin(1-)	standard	13
1249	911	DRUG	dicoumarol	dicoumarol	Dicoumarol	standard	51
1250	912	DRUG	dicyclomine	dicyclomine	Dicyclomine	standard	75
1251	913	DRUG	dicycloverine	dicycloverine	Dicyclomine	standard	75
1252	914	DRUG	didanosine	didanosine	Didanosine	standard	66
1253	8349	DRUG	Didox	didox	Didox	PubChem	7
1254	915	DRUG	dienestrol	dienestrol	Dienestrol	standard	35
1255	916	DRUG	dienogest	dienogest	Dienogest	standard	60
1256	6579	DRUG	dienogest / estradiol pill	dienogest / estradiol pill	Dienogest; Estradiol	modified_drug	36
1257	917	DRUG	diethylcarbamazine	diethylcarbamazine	Diethylcarbamazine	standard	7
1258	918	DRUG	diethylpropion	diethylpropion	Diethylpropion	standard	75
1259	919	DRUG	diethylstilbestrol	diethylstilbestrol	Diethylstilbestrol	standard	70
1260	920	DRUG	difamilast	difamilast	Difamilast	DailyMed	111
1261	921	DRUG	difelikefalin acetate	difelikefalin acetate	Difelikefalin acetate	DailyMed	175
1262	922	DRUG	difenoxin	difenoxin	Difenoxin	standard	43
1263	923	DRUG	diflorasone	diflorasone	Diflorasone	standard	71
1264	924	DRUG	diflunisal	diflunisal	Diflunisal	standard	48
1265	925	DRUG	difluocortolone	difluocortolone	Diflucortolone	standard	5
1266	926	DRUG	difluprednate	difluprednate	Difluprednate	standard	9
1267	927	DRUG	digitoxin	digitoxin	Digitoxin	standard	43
1268	928	DRUG	digoxin	digoxin	Digoxin	standard	89
1269	929	DRUG	digoxin immune fab (ovine)	digoxin immune fab (ovine)	Digoxin immune Fab (ovine)	manual_final7_review	35
1270	930	DRUG	dihydralazine	dihydralazine	Dihydralazine	standard	6
1271	8346	DRUG	Dihydrexidine	dihydrexidine	DIHYDREXIDINE HYDROCHLORIDE	ChEMBL	13
1272	931	DRUG	dihydro-alpha-ergocryptine	dihydro-alpha-ergocryptine	Dihydroergocryptine	standard	32
1273	8429	DRUG	Dihydrocapsiate	dihydrocapsiate	Dihydrocapsiate	PubChem	11
1274	7710	DRUG	Dihydrocodeine	dihydrocodeine	Dihydrocodeine	PubChem	5
1275	932	DRUG	dihydroergocornine	dihydroergocornine	Dihydroergocornine	standard	32
1276	933	DRUG	dihydroergocristine	dihydroergocristine	Dihydroergocristine	standard	67
1277	934	DRUG	dihydroergotamine	dihydroergotamine	Dihydroergotamine	standard	77
1278	8706	DRUG	Dihydrofolic Acid	dihydrofolic acid	Dihydrofolic Acid	PubChem	55
1279	935	DRUG	dihydrostreptomycin	dihydrostreptomycin	Dihydrostreptomycin	standard	6
1280	936	DRUG	dihydrotachysterol	dihydrotachysterol	Dihydrotachysterol	standard	50
1281	8691	DRUG	Dihydroxyacetone	dihydroxyacetone	Dihydroxyacetone	PubChem	65
1282	937	DRUG	diiodohydroxyquinoline	diiodohydroxyquinoline	5,7-Diiodo-8-hydroxyquinoline	standard	61
1283	8292	DRUG	Dilmapimod	dilmapimod	DILMAPIMOD	ChEMBL	19
1284	938	DRUG	diloxanide	diloxanide	Diloxanide	standard	1
1285	939	DRUG	diloxanide furoate	diloxanide furoate	Diloxanide furoate	standard	62
1286	940	DRUG	diltiazem	diltiazem	Diltiazem	standard	62
1287	941	DRUG	dimazole	dimazole	Diamthazole	standard	6
1288	8383	DRUG	Dimemorfan	dimemorfan	Dimemorfan	PubChem	5
1289	942	DRUG	dimenhydrinate	dimenhydrinate	Dimenhydrinate	standard	5
1290	943	DRUG	dimercaprol	dimercaprol	Dimercaprol	standard	154
1291	8397	DRUG	Dimercaptosuccinic acid	dimercaptosuccinic acid	SUCCIMER	ChEMBL	19
1292	944	DRUG	dimethicone	dimethicone	dimethicone macromolecule	standard	8
1293	945	DRUG	dimethyl fumarate	dimethyl fumarate	Dimethyl Fumarate	standard	63
1294	946	DRUG	dimethyl sulfoxide	dimethyl sulfoxide	Dimethyl Sulfoxide	standard	55
1295	8693	DRUG	Dimethylallyl Diphosphate	dimethylallyl diphosphate	Dimethylallyl Diphosphate	PubChem	41
1296	8675	DRUG	Dimethyltryptamine	dimethyltryptamine	Dimethyltryptamine	PubChem	37
1297	947	DRUG	dimetindene	dimetindene	(+-)-Dimethindene	standard	4
1298	948	DRUG	dimetotiazine	dimetotiazine	10-(2-(Dimethylamino)propyl)-N,N-dimethyl-10H-phenothiazine-2-sulfonamide	standard	6
1299	949	DRUG	dinoprost	dinoprost	Dinoprost	standard	60
1300	950	DRUG	dinoprost tromethamine	dinoprost tromethamine	Dinoprost Tromethamine	standard	7
1301	951	DRUG	dinoprostone	dinoprostone	prostaglandin E2	standard	30
1302	952	DRUG	dinutuximab	dinutuximab	Dinutuximab	standard	42
1303	953	DRUG	diosmin	diosmin	Diosmin	standard	53
1304	954	DRUG	diovan hct	diovan hct	valsartan; hydrochlorothiazide	corrected_overlay	13
1305	955	DRUG	diphemanil	diphemanil	Diphemanil	standard	4
1306	956	DRUG	diphenhydramine	diphenhydramine	Diphenhydramine	standard	67
1307	957	DRUG	diphenidol	diphenidol	Diphenidol	standard	44
1308	958	DRUG	diphenoxylate	diphenoxylate	Diphenoxylate	standard	41
1309	959	DRUG	diphenylpyraline	diphenylpyraline	Diphenylpyraline	standard	90
1310	6580	DRUG	diphtheria-tetanus-five component acellular pertussis-inactivated poliomyelitis -haemophilus influenzae type b conjugate vaccine	diphtheria-tetanus-five component acellular pertussis-inactivated poliomyelitis -haemophilus influenzae type b conjugate vaccine	Diphtheria Toxoid; Tetanus Toxoid; Pertussis Vaccine; Inactivated Poliovirus Vaccine; Haemophilus influenzae type b conjugate vaccine	standard vaccine terminology	117
1311	960	DRUG	dipivefrin	dipivefrin	Dipivefrin	standard	78
1312	961	DRUG	diprophylline	diprophylline	Diprophylline	standard	77
1313	962	DRUG	dipyridamole	dipyridamole	Dipyridamole	standard	65
1314	963	DRUG	dirithromycin	dirithromycin	Dirithromycin	standard	78
1315	964	DRUG	dirlotapide	dirlotapide	Dirlotapide	standard	1
1316	965	DRUG	diroximel fumarate	diroximel fumarate	Diroximel Fumarate	DailyMed	122
1317	966	DRUG	disopyramide	disopyramide	Disopyramide	standard	60
1318	967	DRUG	disulfiram	disulfiram	Disulfiram	standard	85
1319	8084	DRUG	Ditiocarb	ditiocarb	Ditiocarb	NCI Thesaurus	64
1320	968	DRUG	dl-alpha tocopheryl acetate	dl-alpha tocopheryl acetate	Dl-alpha-tocopherol acetate	standard	5
1321	969	DRUG	dl-alpha-tocopherol	dl-alpha-tocopherol	DL-alpha-Tocopherol	standard	4
1322	970	DRUG	dl-methylephedrine	dl-methylephedrine	Methylephedrine	standard	4
1323	971	DRUG	dobutamine	dobutamine	Dobutamine	standard	80
1324	972	DRUG	docetaxel	docetaxel	Docetaxel	standard	60
1325	973	DRUG	docusate	docusate	Docusate	standard	9
1326	974	DRUG	dofetilide	dofetilide	Dofetilide	standard	55
1327	975	DRUG	dolasetron	dolasetron	Dolasetron	standard	73
1328	976	DRUG	dolutegravir	dolutegravir	Dolutegravir	standard	65
1329	6581	DRUG	dolutegravir / rilpivirine oral product	dolutegravir / rilpivirine oral product	Dolutegravir; Rilpivirine	modified_drug	63
1330	6582	DRUG	dolutegravir 50 mg / lamivudine 300 mg oral tablet	dolutegravir 50 mg / lamivudine 300 mg oral tablet	Dolutegravir; Lamivudine	modified_drug	58
1331	977	DRUG	domiphen	domiphen	N,N-Dimethyl-N-(2-phenoxyethyl)-1-dodecanaminium	standard	5
1332	978	DRUG	domperidone	domperidone	Domperidone	standard	85
1333	979	DRUG	donanemab	donanemab	Donanemab	DailyMed	111
1334	980	DRUG	donepezil	donepezil	Donepezil	standard	71
1335	981	DRUG	donnatal	donnatal	phenobarbital; hyoscyamine; atropine; scopolamine	corrected_overlay	18
1336	982	DRUG	dopamine	dopamine	Dopamine	standard	52
1337	983	DRUG	dopexamine	dopexamine	Dopexamine	standard	4
1338	8252	DRUG	Doramectin	doramectin	doramectin 5 MG/ML Topical Solution [Dectomax]	RxNorm	16
1339	984	DRUG	doravirine	doravirine	Doravirine	NCI Thesaurus	36
1340	6583	DRUG	doravirine / lamivudine / tenofovir disoproxil pill	doravirine / lamivudine / tenofovir disoproxil pill	Doravirine; Lamivudine; Tenofovir Disoproxil	Composite standard-source core descriptions	205
1341	985	DRUG	doripenem	doripenem	Doripenem	standard	6
1342	986	DRUG	dornase alfa	dornase alfa	Dornase Alfa	standard	45
1343	987	DRUG	dorzolamide	dorzolamide	Dorzolamide	standard	77
1344	6584	DRUG	dorzolamide 20 mg/ml / timolol 5 mg/ml ophthalmic solution	dorzolamide 20 mg/ml / timolol 5 mg/ml ophthalmic solution	Dorzolamide; Timolol	modified_drug	57
1345	988	DRUG	dorzolamide-timolol combination	dorzolamide-timolol combination	dorzolamide; timolol	corrected_overlay	11
1346	989	DRUG	dostarlimab	dostarlimab	Dostarlimab	standard	103
1347	990	DRUG	dosulepin	dosulepin	Dosulepin	standard	4
1348	991	DRUG	dotinurad	dotinurad	Dotinurad	standard	1
1349	992	DRUG	doxacurium	doxacurium	Doxacurium	ChEBI	62
1350	993	DRUG	doxapram	doxapram	Doxapram	standard	121
1351	994	DRUG	doxazosin	doxazosin	Doxazosin	standard	100
1352	995	DRUG	doxepin	doxepin	Doxepin	ChEBI	20
1353	996	DRUG	doxercalciferol	doxercalciferol	Doxercalciferol	standard	92
1354	8348	DRUG	Doxifluridine	doxifluridine	Doxifluridine	PubChem	81
1355	8230	DRUG	Doxofylline	doxofylline	Doxofylline	PubChem	49
1356	997	DRUG	doxorubicin	doxorubicin	Doxorubicin	standard	61
1357	998	DRUG	doxycycline	doxycycline	4-(Dimethylamino)-1,5,10,11,12a-pentahydroxy-6-methyl-3,12-dioxo-3,4,4a,5,5a,6,12,12a-octahydrotetracene-2-carboximidic acid	standard	71
1358	999	DRUG	doxylamine	doxylamine	Doxylamine	standard	34
1359	6585	DRUG	doxylamine / pyridoxine delayed release oral tablet	doxylamine / pyridoxine delayed release oral tablet	Doxylamine; PYRIDOXINE	DailyMed	229
1360	1000	DRUG	dronabinol	dronabinol	Delta(9)-tetrahydrocannabinol	standard	57
1361	1001	DRUG	dronedarone	dronedarone	Dronedarone	standard	49
1362	1002	DRUG	droperidol	droperidol	Droperidol	standard	112
1363	1003	DRUG	drospirenone	drospirenone	Drospirenone	standard	23
1364	6586	DRUG	drospirenone / ethinyl estradiol / levomefolate pill	drospirenone / ethinyl estradiol / levomefolate pill	Drospirenone; ethinyl estradiol; levomefolate	PubChem	143
1365	6587	DRUG	drospirenone 3 mg / estetrol 14.2 mg oral tablet	drospirenone 3 mg / estetrol 14.2 mg oral tablet	Drospirenone; Estetrol	modified_drug	51
1366	1004	DRUG	drostanolone	drostanolone	Dromostanolone	standard	24
1367	1005	DRUG	drostanolone propionate	drostanolone propionate	Dromostanolone Propionate	standard	24
1368	1006	DRUG	drotaverine	drotaverine	Drotaverine	standard	6
1369	1007	DRUG	drotrecogin alfa	drotrecogin alfa	drotrecogin alfa	standard	12
1370	1008	DRUG	droxidopa	droxidopa	Droxidopa	standard	53
1371	1009	DRUG	duetact	duetact	pioglitazone; glimepiride	corrected_overlay	17
1372	1010	DRUG	dulaglutide	dulaglutide	Dulaglutide	standard	108
1373	1011	DRUG	duloxetine	duloxetine	Duloxetine	standard	11
1374	1012	DRUG	duodote	duodote	atropine; pralidoxime	corrected_overlay	13
1375	1013	DRUG	dupilumab	dupilumab	Dupilumab	standard	165
1376	1014	DRUG	durvalumab	durvalumab	Durvalumab	standard	72
1377	1015	DRUG	dutasteride	dutasteride	Dutasteride	standard	99
1378	6588	DRUG	dutasteride + tamsulosin	dutasteride + tamsulosin	Dutasteride; Tamsulosin	modified_drug	36
1379	1016	DRUG	duvelisib	duvelisib	Duvelisib	standard	6
1380	1017	DRUG	dyazide	dyazide	triamterene; hydrochlorothiazide	corrected_overlay	17
1381	1018	DRUG	dyclonine	dyclonine	Dyclonine	standard	38
1382	1019	DRUG	dydrogesterone	dydrogesterone	Dydrogesterone	standard	16
1383	1020	DRUG	dyphylline	dyphylline	Diprophylline	standard	77
1384	1021	DRUG	ebastine	ebastine	Ebastine	standard	6
1385	6589	DRUG	ebola zaire vaccine (live, attenuated)	ebola zaire vaccine (live, attenuated)	Ebola Zaire Vaccine, Live	DailyMed	43
1386	1022	DRUG	ecabet	ecabet	Ecabet	standard	4
1387	1023	DRUG	ecallantide	ecallantide	Ecallantide	DailyMed	110
1388	1024	DRUG	echothiophate	echothiophate	Echothiophate	standard	65
1389	1025	DRUG	econazole	econazole	Econazole	standard	38
1390	1026	DRUG	eculizumab	eculizumab	Eculizumab	standard	38
1391	1027	DRUG	edaravone	edaravone	Mci-186	standard	32
1392	1028	DRUG	edetate dipotassium anhydrous	edetate dipotassium anhydrous	Edetate Dipotassium Anhydrous	NCI Thesaurus; SNOMED CT	19
1393	1029	DRUG	edetate disodium anhydrous	edetate disodium anhydrous	Edetate Disodium	ChEBI	17
1394	1030	DRUG	edetic acid	edetic acid	Ethylenediaminetetraacetic Acid	standard	40
1395	1031	DRUG	edotreotide	edotreotide	Edotreotide	NCI Thesaurus	62
1396	1032	DRUG	edoxaban	edoxaban	Edoxaban	standard	65
1397	1033	DRUG	edoxudine	edoxudine	Edoxudin	standard	5
1398	1034	DRUG	edrophonium	edrophonium	Edrophonium	standard	126
1399	1035	DRUG	efalizumab	efalizumab	Efalizumab	standard	97
1400	1036	DRUG	efavirenz	efavirenz	Efavirenz	standard	75
1401	6590	DRUG	efavirenz / emtricitabine / tenofovir disoproxil pill	efavirenz / emtricitabine / tenofovir disoproxil pill	Efavirenz; Emtricitabine; Tenofovir Disoproxil	modified_drug	70
1402	6591	DRUG	efavirenz, lamivudine, tenofovir disoproxil fumarate drug combination	efavirenz, lamivudine, tenofovir disoproxil fumarate drug combination	efavirenz; lamivudine; tenofovir disoproxil	corrected_overlay	14
1403	1037	DRUG	efbemalenograstim alfa	efbemalenograstim alfa	Efbemalenograstim alfa	standard	82
1404	1038	DRUG	efgartigimod alfa	efgartigimod alfa	Efgartigimod Alfa	standard	90
1405	6592	DRUG	efgartigimod alfa / hyaluronidase injection	efgartigimod alfa / hyaluronidase injection	Efgartigimod Alfa; Hyaluronidase	modified_drug	38
1406	9541	DRUG	efgartigimod alfa and hyaluronidase-qvfc	efgartigimod alfa and hyaluronidase-qvfc	efgartigimod alfa	standard	90
1407	1039	DRUG	efinaconazole	efinaconazole	Efinaconazole	standard	89
1408	1040	DRUG	eflapegrastim	eflapegrastim	Eflapegrastim	standard	69
1409	1041	DRUG	eflornithine	eflornithine	Eflornithine	standard	40
1410	1042	DRUG	eflornithine hydrochloride monohydrate	eflornithine hydrochloride monohydrate	Ornithine, 2-(difluoromethyl)-, hydrochloride, hydrate (1:1:1)	standard	24
1411	1043	DRUG	efmoroctocog alfa	efmoroctocog alfa	Efmoroctocog Alfa	standard	1
1412	1044	DRUG	efonidipine	efonidipine	Efonidipine	standard	39
1413	1045	DRUG	eftrenonacog alfa	eftrenonacog alfa	Eftrenonacog Alfa	standard	135
1414	1046	DRUG	elacestrant	elacestrant	Elacestrant	standard	106
1415	1047	DRUG	eladocagene exuparvovec	eladocagene exuparvovec	Eladocagene Exuparvovec	DailyMed	184
1416	1048	DRUG	elafibranor	elafibranor	Elafibranor	standard	90
1417	1049	DRUG	elagolix	elagolix	Elagolix	standard	17
1418	1050	DRUG	elapegademase	elapegademase	Elapegademase	NCI Thesaurus	168
1419	1051	DRUG	elasomeran	elasomeran	Elasomeran	standard	80
1420	1052	DRUG	elbasvir	elbasvir	Elbasvir	standard	81
1421	6593	DRUG	elbasvir / grazoprevir oral product	elbasvir / grazoprevir oral product	Elbasvir; Grazoprevir	modified_drug	88
1422	1053	DRUG	eldecalcitol	eldecalcitol	Eldecalcitol	standard	41
1423	1054	DRUG	eletriptan	eletriptan	Eletriptan	standard	56
1424	1055	DRUG	elexacaftor	elexacaftor	Elexacaftor	standard	30
1425	1056	DRUG	eliglustat	eliglustat	N-((1R,2R)-2-(2,3-Dihydro-1,4-benzodioxin-6-yl)-2-hydroxy-1-(1-pyrrolidinylmethyl)ethyl)octanamide	standard	67
1426	1057	DRUG	elivaldogene autotemcel	elivaldogene autotemcel	Elivaldogene Autotemcel	standard	122
1427	8211	DRUG	Ellagic acid	ellagic acid	Ellagic acid	PubChem	164
1428	1058	DRUG	elobixibat	elobixibat	Elobixibat	standard	1
1429	1059	DRUG	elosulfase alfa	elosulfase alfa	Elosulfase Alfa	DailyMed	225
1430	1060	DRUG	elotuzumab	elotuzumab	Elotuzumab	standard	66
1431	1061	DRUG	elranatamab	elranatamab	Elranatamab	standard	95
1432	8305	DRUG	Eltanolone	eltanolone	Eltanolone	PubChem	28
1433	1062	DRUG	eltrombopag	eltrombopag	Eltrombopag	standard	84
1434	1063	DRUG	eluxadoline	eluxadoline	Eluxadoline	standard	84
1435	1064	DRUG	elvitegravir	elvitegravir	Elvitegravir	standard	66
1436	1065	DRUG	emapalumab	emapalumab	Emapalumab	standard	70
1437	9542	DRUG	emapalumab-lzsg	emapalumab-lzsg	emapalumab	standard	70
1438	1066	DRUG	emedastine	emedastine	Emedastine	standard	66
1439	1067	DRUG	emicizumab	emicizumab	Emicizumab	standard	77
1440	1068	DRUG	emodepside	emodepside	Emodepside	standard	60
1441	8201	DRUG	Emodin	emodin	Emodin	PubChem	88
1442	1069	DRUG	empagliflozin	empagliflozin	Empagliflozin	standard	74
1443	6594	DRUG	empagliflozin / linagliptin / metformin pill	empagliflozin / linagliptin / metformin pill	Empagliflozin; Linagliptin; Metformin	modified_drug	77
1444	6595	DRUG	empagliflozin / linagliptin oral product	empagliflozin / linagliptin oral product	Empagliflozin; Linagliptin	modified_drug	57
1445	6596	DRUG	empagliflozin / metformin pill	empagliflozin / metformin pill	Empagliflozin; Metformin	modified_drug	52
1446	1070	DRUG	emtricitabine	emtricitabine	Emtricitabine	standard	58
1447	6597	DRUG	emtricitabine / rilpivirine / tenofovir alafenamide oral product	emtricitabine / rilpivirine / tenofovir alafenamide oral product	Emtricitabine; Rilpivirine; Tenofovir Alafenamide	modified_drug	84
1448	6598	DRUG	emtricitabine / rilpivirine / tenofovir disoproxil oral tablet	emtricitabine / rilpivirine / tenofovir disoproxil oral tablet	Emtricitabine; Rilpivirine; Tenofovir Disoproxil	modified_drug	74
1449	6599	DRUG	emtricitabine, tenofovir disoproxil fumarate drug combination	emtricitabine, tenofovir disoproxil fumarate drug combination	emtricitabine; tenofovir disoproxil	corrected_overlay	13
1450	1071	DRUG	enalapril	enalapril	Enalapril	standard	64
1451	6600	DRUG	enalapril / hydrochlorothiazide pill	enalapril / hydrochlorothiazide pill	Enalapril; Hydrochlorothiazide	modified_drug	63
1452	1072	DRUG	enalaprilat	enalaprilat	Enalaprilat	standard	110
1453	1073	DRUG	enarodustat	enarodustat	Jtz-951	standard	1
1454	1074	DRUG	enasidenib	enasidenib	Enasidenib	standard	80
1455	8309	DRUG	Enbucrilate	enbucrilate	Enbucrilate	PubChem	9
1456	1075	DRUG	encainide	encainide	Encainide	standard	89
1457	1076	DRUG	encorafenib	encorafenib	Encorafenib	NCI Thesaurus	84
1458	1077	DRUG	enflurane	enflurane	Enflurane	standard	41
1459	1078	DRUG	enfortumab vedotin	enfortumab vedotin	Enfortumab Vedotin	standard	99
1460	1079	DRUG	enfuvirtide	enfuvirtide	Enfuvirtide	standard	111
1461	1080	DRUG	engerix-b	engerix-b	Hepatitis B Vaccine	standard	36
1462	1081	DRUG	enlon-plus	enlon-plus	edrophonium; atropine	corrected_overlay	12
1463	1082	DRUG	enoxacin	enoxacin	Enoxacin	standard	88
1464	1083	DRUG	enoxaparin	enoxaparin	heparin	standard	30
1465	1084	DRUG	enoximone	enoximone	Enoximone	standard	5
1466	8358	DRUG	Enoxolone	enoxolone	Enoxolone	PubChem	71
1467	1085	DRUG	enprofylline	enprofylline	Enprofylline	standard	58
1468	1086	DRUG	enrofloxacin	enrofloxacin	Enrofloxacin	standard	82
1469	1087	DRUG	ensartinib	ensartinib	Ensartinib	NCI Thesaurus	136
1470	1088	DRUG	ensifentrine	ensifentrine	Ensifentrine	standard	116
1471	1089	DRUG	ensitrelvir	ensitrelvir	Ensitrelvir	standard	1
1472	1090	DRUG	enstilar	enstilar	betamethasone; calcipotriol	corrected_overlay	25
1473	1091	DRUG	entacapone	entacapone	Entacapone	standard	75
1474	1092	DRUG	entecavir	entecavir	Entecavir	standard	111
1475	8269	DRUG	Entinostat	entinostat	Entinostat	PubChem	94
1476	1093	DRUG	entrectinib	entrectinib	Entrectinib	standard	105
1477	1094	DRUG	enviomycin	enviomycin	Enviomycin	standard	1
1478	1095	DRUG	enzalutamide	enzalutamide	Enzalutamide	standard	61
1479	1096	DRUG	epcoritamab	epcoritamab	Epcoritamab	standard	79
1480	1097	DRUG	eperisone	eperisone	Eperisone	standard	35
1481	1098	DRUG	ephedrine	ephedrine	Ephedrine	standard	74
1482	8281	DRUG	Epicatechin	epicatechin	Epicatechin	PubChem	27
1483	1099	DRUG	epicriptine	epicriptine	Epicriptine	standard	6
1484	8782	DRUG	Epigallocatechin	epigallocatechin	Epigallocatechin	PubChem	34
1485	8289	DRUG	Epigallocatechin gallate	epigallocatechin gallate	Epigallocatechin gallate	PubChem	64
1486	1100	DRUG	epinastine	epinastine	Epinastine	standard	47
1487	1101	DRUG	epinephrine	epinephrine	Epinephrine	standard	70
1488	1102	DRUG	epirubicin	epirubicin	Epirubicin	standard	72
1489	1103	DRUG	eplerenone	eplerenone	Eplerenone	standard	45
1490	1104	DRUG	eplontersen	eplontersen	Eplontersen	standard	136
1491	1105	DRUG	epoetin alfa	epoetin alfa	Epoetin Alfa	NCI Thesaurus	60
1492	1106	DRUG	epoetin beta	epoetin beta	Epoetin Beta	standard	60
1493	1107	DRUG	epoetin theta	epoetin theta	EPOETIN THETA	standard	25
1494	1108	DRUG	epoetin zeta	epoetin zeta	Epoetin Zeta	standard	86
1495	1109	DRUG	epoprostenol	epoprostenol	Epoprostenol	standard	74
1496	1110	DRUG	eprosartan	eprosartan	Eprosartan	standard	58
1497	6601	DRUG	eprosartan/hydrochlorothiazide	eprosartan/hydrochlorothiazide	Eprosartan; Hydrochlorothiazide	modified_drug	58
1498	1111	DRUG	eptifibatide	eptifibatide	Eptifibatide	standard	112
1499	1112	DRUG	eptinezumab	eptinezumab	Eptinezumab	DailyMed	97
1500	8262	DRUG	Equol	equol	Equol	PubChem	6
1501	1113	DRUG	equus caballus skin	equus caballus skin	Equus caballus skin allergenic extract	corrected_overlay	18
1502	1114	DRUG	eravacycline	eravacycline	Tp-434	standard	6
1503	1115	DRUG	erdafitinib	erdafitinib	Erdafitinib	standard	38
1504	1116	DRUG	erdosteine	erdosteine	Erdosteine	standard	5
1505	1117	DRUG	erenumab	erenumab	Erenumab	standard	42
1506	1118	DRUG	ergocalciferol	ergocalciferol	Ergocalciferol	standard	42
1507	1119	DRUG	ergoloid mesylate	ergoloid mesylate	Dihydroergotoxine Mesylate	standard	6
1508	1120	DRUG	ergometrine	ergometrine	Ergometrine	standard	137
1509	8787	DRUG	Ergosterol	ergosterol	Ergosterol	PubChem	48
1510	1121	DRUG	ergotamine	ergotamine	Ergotamine	standard	53
1511	1122	DRUG	eribulin	eribulin	Eribulin	standard	81
1512	1123	DRUG	erlotinib	erlotinib	Erlotinib	standard	58
1513	1124	DRUG	ertapenem	ertapenem	Ertapenem	standard	85
1514	1125	DRUG	ertugliflozin	ertugliflozin	Ertugliflozin	standard	4
1515	6602	DRUG	ertugliflozin / metformin oral tablet	ertugliflozin / metformin oral tablet	Ertugliflozin; Metformin	modified_drug	39
1516	6603	DRUG	ertugliflozin / sitagliptin oral product	ertugliflozin / sitagliptin oral product	Ertugliflozin; Sitagliptin	modified_drug	27
1517	1126	DRUG	erythrityl tetranitrate	erythrityl tetranitrate	Erythrityl Tetranitrate	standard	77
1518	1127	DRUG	erythromycin	erythromycin	Erythromycin	standard	47
1519	6604	DRUG	erythromycin ethylsuccinate / sulfisoxazole oral suspension	erythromycin ethylsuccinate / sulfisoxazole oral suspension	Erythromycin ethyl succinate; Sulfisoxazole	modified_drug	49
1520	1128	DRUG	erythropoietin	erythropoietin	Epoetin Alfa	NCI Thesaurus	28
1521	1129	DRUG	esaxerenone	esaxerenone	Esaxerenone	standard	27
1522	1130	DRUG	escitalopram	escitalopram	Escitalopram	standard	47
1523	1131	DRUG	esflurbiprofen	esflurbiprofen	Esflurbiprofen	standard	11
1524	1132	DRUG	esketamine	esketamine	Esketamine	standard	31
1525	1133	DRUG	eslicarbazepine	eslicarbazepine	Eslicarbazepine	standard	4
1526	1134	DRUG	eslicarbazepine acetate	eslicarbazepine acetate	Eslicarbazepine Acetate	standard	62
1527	8186	DRUG	Esmirtazapine	esmirtazapine	ESMIRTAZAPINE	ChEMBL	19
1528	1135	DRUG	esmolol	esmolol	Esmolol	standard	54
1529	1136	DRUG	esomeprazole	esomeprazole	Esomeprazole	standard	81
1530	1137	DRUG	estazolam	estazolam	Estazolam	standard	64
1531	1138	DRUG	esterified estrogens	esterified estrogens	Esterified Estrogens	standard	70
1532	1139	DRUG	estetrol	estetrol	Estetrol	standard	84
1533	1140	DRUG	estradiol	estradiol	Estradiol	standard	40
1534	6605	DRUG	estradiol / norethindrone / relugolix pill	estradiol / norethindrone / relugolix pill	Estradiol; Norethindrone; Relugolix	NCI Thesaurus;PubChem	130
1535	6606	DRUG	estradiol / norethindrone pill	estradiol / norethindrone pill	Estradiol; Norethindrone	modified_drug	55
1536	6607	DRUG	estradiol / norethindrone transdermal product	estradiol / norethindrone transdermal product	Estradiol; Norethindrone	modified_drug	57
1537	1141	DRUG	estradiol acetate	estradiol acetate	Estradiol Acetate	standard	6
1538	1142	DRUG	estradiol benzoate	estradiol benzoate	Estradiol Benzoate	standard	49
1539	1143	DRUG	estradiol cypionate	estradiol cypionate	Estradiol Cypionate	standard	6
1540	1144	DRUG	estradiol dienanthate	estradiol dienanthate	Estradiol, diheptanoate	PubChem	51
1541	1145	DRUG	estradiol valerate	estradiol valerate	Estradiol Valerate	standard	6
1542	1146	DRUG	estradiol-drospirenone combination	estradiol-drospirenone combination	estradiol; drospirenone	corrected_overlay	10
1543	1147	DRUG	estramustine	estramustine	Estramustine	standard	58
1544	1148	DRUG	estramustine phosphate	estramustine phosphate	Estramustine Phosphate	standard	41
1545	1149	DRUG	estratest	estratest	Methyltestosterone	standard	48
1546	1150	DRUG	estriol	estriol	Estriol	standard	57
1547	6608	DRUG	estrogens, conjugated (usp) / medroxyprogesterone oral tablet	estrogens, conjugated (usp) / medroxyprogesterone oral tablet	Estrogens, Conjugated; Medroxyprogesterone	modified_drug	50
1548	1151	DRUG	estrone	estrone	Estrone	standard	69
1549	1152	DRUG	estrone sulfate	estrone sulfate	Estrone Sulfate	standard	57
1550	1153	DRUG	estropipate	estropipate	Ogen	standard	16
1551	8057	DRUG	Eszopiclone	eszopiclone	Eszopiclone	NCI Thesaurus	98
1552	1154	DRUG	etacrynic acid	etacrynic acid	Ethacrynic Acid	standard	106
1553	1155	DRUG	etafedrine	etafedrine	Etafedrine	standard	1
1554	1156	DRUG	etanercept	etanercept	Etanercept	standard	67
1555	8334	DRUG	Etanidazole	etanidazole	Etanidazole	PubChem	70
1556	1157	DRUG	etelcalcetide	etelcalcetide	Etelcalcetide	standard	4
1557	1158	DRUG	eteplirsen	eteplirsen	Eteplirsen	DailyMed	236
1558	1159	DRUG	ethambutol	ethambutol	Ethambutol	standard	97
1559	1160	DRUG	ethanol	ethanol	Ethanol	standard	92
1560	1161	DRUG	ethanolamine	ethanolamine	Ethanolamine	standard	71
1561	1162	DRUG	ethanolamine oleate	ethanolamine oleate	Monoethanolamine Oleate	standard	7
1562	1163	DRUG	ethchlorvynol	ethchlorvynol	Ethchlorvynol	standard	63
1563	1164	DRUG	ethinamate	ethinamate	Ethinamate	standard	40
1564	6609	DRUG	ethinyl estradiol / norethindrone pill	ethinyl estradiol / norethindrone pill	ethinyl estradiol; Norethindrone	PubChem	126
1565	1165	DRUG	ethinylestradiol	ethinylestradiol	Ethinylestradiol	standard	65
1566	1166	DRUG	ethionamide	ethionamide	Ethionamide	standard	58
1567	1167	DRUG	ethosuximide	ethosuximide	Ethosuximide	standard	69
1568	1168	DRUG	ethotoin	ethotoin	Ethotoin	standard	37
1569	8056	DRUG	Ethoxzolamide	ethoxzolamide	Ethoxzolamide	NCI Thesaurus	49
1570	1169	DRUG	ethyl	ethyl	Ethyl	standard	16
1571	1170	DRUG	ethyl chloride	ethyl chloride	chloroethane	standard	73
1572	1171	DRUG	ethyl loflazepate	ethyl loflazepate	Ethyl Loflazepate	standard	7
1573	1172	DRUG	ethyl salicylate	ethyl salicylate	Ethyl Salicylate	standard	6
1574	8676	DRUG	Ethylestrenol	ethylestrenol	Ethylestrenol	PubChem	79
1575	1173	DRUG	ethynodiol diacetate	ethynodiol diacetate	Ethynodiol Diacetate	standard	35
1576	1174	DRUG	etidocaine	etidocaine	Etidocaine	standard	58
1577	1175	DRUG	etidronic acid	etidronic acid	Etidronic Acid	standard	58
1578	1176	DRUG	etilefrine	etilefrine	Etilefrine	standard	6
1579	8270	DRUG	Etiracetam	etiracetam	Etiracetam	PubChem	5
1580	8223	DRUG	Etizolam	etizolam	Etizolam	PubChem	6
1581	1177	DRUG	etodolac	etodolac	Etodolac	standard	87
1582	1178	DRUG	etofenamate	etofenamate	Etofenamate	standard	8
1583	1179	DRUG	etomidate	etomidate	Etomidate	standard	47
1584	1180	DRUG	etonogestrel	etonogestrel	Etonogestrel	standard	28
1585	1181	DRUG	etoposide	etoposide	Etoposide	standard	34
1586	1182	DRUG	etoricoxib	etoricoxib	Etoricoxib	standard	55
1587	1183	DRUG	etranacogene dezaparvovec	etranacogene dezaparvovec	Etranacogene Dezaparvovec	standard	83
1588	1184	DRUG	etrasimod	etrasimod	Etrasimod	standard	89
1589	1185	DRUG	etravirine	etravirine	Etravirine	standard	73
1590	8063	DRUG	Etretinate	etretinate	Etretinate	NCI Thesaurus	55
1591	8104	DRUG	Eucalyptol	eucalyptol	eucalyptol 0.92 MG/ML / menthol 0.42 MG/ML / methyl salicylate 0.6 MG/ML / thymol 0.64 MG/ML Mouthwash [Listerine Antiseptic]	RxNorm	29
1592	8219	DRUG	Eugenol	eugenol	Eugenol	PubChem	121
1593	1186	DRUG	everolimus	everolimus	Everolimus	standard	82
1594	1187	DRUG	evinacumab	evinacumab	Evinacumab	DailyMed	106
1595	1188	DRUG	evocalcet	evocalcet	Evocalcet	standard	45
1596	1189	DRUG	evoclin (tn)	evoclin (tn)	Evoclin (TN)	standard	14
1597	8163	DRUG	Evofosfamide	evofosfamide	Evofosfamide	PubChem	105
1598	1190	DRUG	evogliptin	evogliptin	Evogliptin	standard	1
1599	1191	DRUG	evolocumab	evolocumab	Evolocumab	standard	91
1600	1192	DRUG	exemestane	exemestane	Exemestane	standard	79
1601	1193	DRUG	exenatide	exenatide	Exenatide	NCI Thesaurus	49
1602	8169	DRUG	Exisulind	exisulind	Exisulind	PubChem	71
1603	1194	DRUG	ezetimibe	ezetimibe	Ezetimibe	standard	51
1604	6610	DRUG	ezetimibe / rosuvastatin oral product	ezetimibe / rosuvastatin oral product	Ezetimibe; Rosuvastatin	modified_drug	62
1605	6611	DRUG	ezetimibe / simvastatin oral tablet	ezetimibe / simvastatin oral tablet	Ezetimibe; Simvastatin	modified_drug	66
1606	1195	DRUG	ezogabine	ezogabine	Ezogabine	standard	65
1607	1196	DRUG	factor ix complex (human)	factor ix complex (human)	factor IX complex human	corrected_overlay	31
1608	6612	DRUG	factor viii / von willebrand factor injection	factor viii / von willebrand factor injection	Antihemophilic Factor, Human Recombinant; von Willebrand Factor	modified_drug	45
1609	1197	DRUG	factor xiii (human)	factor xiii (human)	coagulation factor XIII human	corrected_overlay	24
1610	1198	DRUG	famciclovir	famciclovir	Famciclovir	standard	80
1611	1199	DRUG	famotidine	famotidine	Famotidine	NCI Thesaurus	52
1612	6613	DRUG	famotidine / ibuprofen oral tablet	famotidine / ibuprofen oral tablet	Famotidine; ibuprofen	PubChem;standard drug terminology	84
1613	1200	DRUG	famphur	famphur	Famphur	standard	32
1614	1201	DRUG	fampridine	fampridine	4-Aminopyridine	standard	56
1615	1202	DRUG	famtozinameran	famtozinameran	Famtozinameran	standard	103
1616	1203	DRUG	faricimab	faricimab	Faricimab	standard	107
1617	9543	DRUG	faricimab-svoa	faricimab-svoa	faricimab	standard	107
1618	8083	DRUG	Farnesol	farnesol	farnesol	ChEBI	23
1619	1204	DRUG	faropenem	faropenem	Faropenem	standard	13
1620	1205	DRUG	faropenem medoxil	faropenem medoxil	Faropenem Medoxomil	standard	18
1621	8320	DRUG	Fasiglifam	fasiglifam	Fasiglifam	PubChem	6
1622	1206	DRUG	fasudil	fasudil	Fasudil	standard	82
1623	1207	DRUG	favipiravir	favipiravir	Favipiravir	standard	80
1624	1208	DRUG	febantel	febantel	Febantel	standard	5
1625	1209	DRUG	febuxostat	febuxostat	Febuxostat	standard	62
1626	1210	DRUG	fecal microbiota	fecal microbiota	fecal microbiota preparation	corrected_overlay	14
1627	6614	DRUG	fecal microbiota spores, live-brpk 30000000 unt	fecal microbiota spores, live-brpk 30000000 unt	fecal microbiota spores, live-brpk	FDA/DailyMed/RxNorm terminology	64
1628	1211	DRUG	fedratinib	fedratinib	Fedratinib	standard	4
1629	1212	DRUG	felbamate	felbamate	Felbamate	standard	28
1630	1213	DRUG	felbinac	felbinac	Felbinac	standard	68
1631	1214	DRUG	felis catus hair	felis catus hair	Felis catus Hair	DailyMed	61
1632	1215	DRUG	felodipine	felodipine	Felodipine	standard	77
1633	1216	DRUG	fenbufen	fenbufen	Fenbufen	standard	20
1634	1217	DRUG	fendiline	fendiline	Fendiline	standard	4
1635	1218	DRUG	fenfluramine	fenfluramine	Fenfluramine	standard	139
1636	1219	DRUG	fenofibrate	fenofibrate	Fenofibrate	standard	57
1637	1220	DRUG	fenofibrate acid	fenofibrate acid	FENOFIBRATE	standard	5
1638	1221	DRUG	fenofibric acid	fenofibric acid	Fenofibric Acid	standard	50
1639	1222	DRUG	fenoldopam	fenoldopam	Fenoldopam	standard	25
1640	1223	DRUG	fenoprofen	fenoprofen	Fenoprofen	standard	104
1641	1224	DRUG	fenoterol	fenoterol	Fenoterol	standard	76
1642	1225	DRUG	fenpropidin	fenpropidin	Fenpropidin	standard	38
1643	1226	DRUG	fenproporex	fenproporex	Fenproporex	standard	6
1644	8139	DRUG	Fenretinide	fenretinide	Fenretinide	NCI Thesaurus	56
1645	1227	DRUG	fentanyl	fentanyl	Fentanyl	standard	57
1646	1228	DRUG	fentanyl citrate	fentanyl citrate	Fentanyl Citrate	standard	70
1647	1229	DRUG	fenthion	fenthion	Fenthion	standard	62
1648	1230	DRUG	ferric carboxymaltose	ferric carboxymaltose	Ferric Carboxymaltose	standard	68
1649	1231	DRUG	ferric cation	ferric cation	Ferric cation	standard	27
1650	1232	DRUG	ferric chloride	ferric chloride	Iron chloride (FeCl3)	standard	18
1651	1233	DRUG	ferric derisomaltose	ferric derisomaltose	Ferric Derisomaltose	standard	49
1652	1234	DRUG	ferric maltol	ferric maltol	Ferric Maltol	DailyMed	126
1653	1235	DRUG	ferric oxyhydroxide	ferric oxyhydroxide	ferrihydrite	standard	50
1654	1236	DRUG	ferric pyrophosphate citrate	ferric pyrophosphate citrate	Ferric Pyrophosphate Citrate	DailyMed	233
1655	1237	DRUG	ferric subsulfate	ferric subsulfate	Ferric Subsulfate	standard	31
1656	1238	DRUG	ferric sulfate	ferric sulfate	Ferric Sulfate	standard	46
1657	8410	DRUG	Ferrous ascorbate	ferrous ascorbate	FERROUS ASCORBATE	ChEMBL	20
1658	8202	DRUG	Ferulic acid	ferulic acid	Ferulic acid	PubChem	46
1659	1239	DRUG	ferumoxytol	ferumoxytol	Ferumoxytol	NCI Thesaurus	90
1660	1240	DRUG	fesoterodine	fesoterodine	Fesoterodine	standard	4
1661	8733	DRUG	Fexaramine	fexaramine	Fexaramine	PubChem	6
1662	1241	DRUG	fexinidazole	fexinidazole	Fexinidazole	DailyMed	96
1663	1242	DRUG	fexofenadine	fexofenadine	Fexofenadine	standard	36
1664	6615	DRUG	fexofenadine / pseudoephedrine pill	fexofenadine / pseudoephedrine pill	Fexofenadine; Pseudoephedrine	modified_drug	49
1665	1243	DRUG	fibrinogen human	fibrinogen human	Fibrinogen Human	DailyMed	347
1666	1244	DRUG	fidaxomicin	fidaxomicin	Fidaxomicin	ChEBI	25
1667	1245	DRUG	filgotinib	filgotinib	Filgotinib	NCI Thesaurus	110
1668	1246	DRUG	filgrastim	filgrastim	Filgrastim	standard	54
1669	1247	DRUG	fimasartan	fimasartan	Fimasartan	standard	6
1670	1248	DRUG	finafloxacin	finafloxacin	Finafloxacin	standard	83
1671	1249	DRUG	finasteride	finasteride	Finasteride	standard	53
1672	6616	DRUG	finasteride / tadalafil oral product	finasteride / tadalafil oral product	Finasteride; Tadalafil	modified_drug	56
1673	1250	DRUG	finerenone	finerenone	Finerenone	ChEBI	26
1674	1251	DRUG	fingolimod	fingolimod	Fingolimod	standard	88
1675	1252	DRUG	fingolimod hydrochloride	fingolimod hydrochloride	Fingolimod Hydrochloride	standard	29
1676	1253	DRUG	fioricet	fioricet	acetaminophen; butalbital; caffeine	corrected_overlay	13
1677	1254	DRUG	firocoxib	firocoxib	Firocoxib	standard	71
1678	8203	DRUG	Fisetin	fisetin	Fisetin	PubChem	56
1679	8388	DRUG	Fish oil	fish oil	Fish Oil	NCI Thesaurus	47
1680	1255	DRUG	fitusiran	fitusiran	Fitusiran	standard	71
1681	1256	DRUG	flavin adenine dinucleotide	flavin adenine dinucleotide	Flavin Adenine Dinucleotide	standard	60
1682	1257	DRUG	flavin mononucleotide	flavin mononucleotide	Flavin Mononucleotide	standard	60
1683	7706	DRUG	Flavoxate	flavoxate	Flavoxate	PubChem	66
1684	1258	DRUG	flax seed	flax seed	Flaxseed	standard	30
1685	1259	DRUG	flecainide	flecainide	Flecainide	standard	79
1686	1260	DRUG	flibanserin	flibanserin	Flibanserin	standard	67
1687	1261	DRUG	floctafenine	floctafenine	Floctafenine	standard	6
1688	1262	DRUG	florbetaben (18f)	florbetaben (18f)	Florbetaben (18F)	standard	68
1689	1263	DRUG	florbetaben f18	florbetaben f18	Florbetaben (18F)	standard	68
1690	1264	DRUG	florbetapir	florbetapir	Florbetapir F-18	standard	71
1691	1265	DRUG	florbetapir (18f)	florbetapir (18f)	Florbetapir F-18	standard	71
1692	6617	DRUG	florfenicol / mometasone / terbinafine otic solution	florfenicol / mometasone / terbinafine otic solution	Florfenicol; Mometasone; TERBINAFINE HYDROCHLORIDE	modified_drug	51
1693	1266	DRUG	flortaucipir f-18	flortaucipir f-18	Flortaucipir F-18	NCI Thesaurus	87
1694	1267	DRUG	flosequinan	flosequinan	Flosequinan	standard	6
1695	1268	DRUG	flotufolastat f-18	flotufolastat f-18	Flotufolastat F-18	standard	37
1696	1269	DRUG	floxuridine	floxuridine	Floxuridine	standard	60
1697	1270	DRUG	fluciclovine (18f)	fluciclovine (18f)	Fluciclovine (18F)	standard	74
1698	1271	DRUG	flucloxacillin	flucloxacillin	Flucloxacillin	standard	33
1699	1272	DRUG	fluconazole	fluconazole	Fluconazole	standard	96
1700	1273	DRUG	flucytosine	flucytosine	Flucytosine	standard	64
1701	1274	DRUG	fludarabine	fludarabine	Fludarabine	standard	5
1702	1275	DRUG	fludeoxyglucose	fludeoxyglucose	2-Fluoro-2-deoxy-D-glucose	standard	14
1703	1276	DRUG	fludeoxyglucose (18f)	fludeoxyglucose (18f)	alpha-D-Glucopyranose, 2-deoxy-2-(fluoro-18F)-	standard	7
1704	1277	DRUG	fludrocortisone	fludrocortisone	Fludrocortisone	standard	45
1705	1278	DRUG	flufenamic acid	flufenamic acid	Flufenamic Acid	standard	77
1706	1279	DRUG	fluindione	fluindione	Fluindione	standard	10
1707	1280	DRUG	flumazenil	flumazenil	Flumazenil	standard	61
1708	1281	DRUG	flumetasone	flumetasone	Flumethasone	standard	46
1709	1282	DRUG	flumethasone	flumethasone	Flumethasone	standard	46
1710	1283	DRUG	flunarizine	flunarizine	Flunarizine	standard	4
1711	1284	DRUG	flunisolide	flunisolide	Flunisolide	standard	39
1712	1285	DRUG	flunitrazepam	flunitrazepam	Flunitrazepam	standard	64
1713	1286	DRUG	fluocinolone	fluocinolone	Fluocinolone	standard	5
1714	1287	DRUG	fluocinolone acetonide	fluocinolone acetonide	Fluocinolone Acetonide	standard	91
1715	1288	DRUG	fluocinonide	fluocinonide	Fluocinonide	standard	6
1716	1289	DRUG	fluocortolone	fluocortolone	Fluocortolone	standard	5
1717	1290	DRUG	fluorescein	fluorescein	Fluorescein	standard	80
1718	1291	DRUG	fluoride ion	fluoride ion	Fluoride Ion	standard	18
1719	1292	DRUG	fluorodopa (18f)	fluorodopa (18f)	6-(18F)fluoro-L-DOPA	standard	8
1720	1293	DRUG	fluorodopa f 18	fluorodopa f 18	Fluorodopa F 18	standard	71
1721	1294	DRUG	fluoroestradiol f-18	fluoroestradiol f-18	Fluoroestradiol F-18	NCI Thesaurus	53
1722	1295	DRUG	fluorometholone	fluorometholone	Fluorometholone	standard	94
1723	1296	DRUG	fluorometholone and sulfacetamide sodium	fluorometholone and sulfacetamide sodium	Fluorometholone; sulfacetamide sodium	manual_final7_review	21
1724	1297	DRUG	fluorouracil	fluorouracil	5-Fluorouracil	standard	99
1725	1298	DRUG	fluoxetine	fluoxetine	Fluoxetine	standard	37
1726	1299	DRUG	fluoxymesterone	fluoxymesterone	Fluoxymesterone	standard	31
1727	1300	DRUG	flupentixol	flupentixol	Flupentixol	standard	28
1728	1301	DRUG	fluphenazine	fluphenazine	Fluphenazine	standard	63
1729	1302	DRUG	fluprednisolone	fluprednisolone	Fluprednisolone	standard	5
1730	1303	DRUG	flurandrenolide	flurandrenolide	Flurandrenolide	standard	5
1731	1304	DRUG	flurazepam	flurazepam	Flurazepam	standard	72
1732	1305	DRUG	flurbiprofen	flurbiprofen	Flurbiprofen	standard	83
1733	1306	DRUG	fluspirilene	fluspirilene	Fluspirilene	standard	4
1734	1307	DRUG	flutamide	flutamide	Flutamide	standard	23
1735	1308	DRUG	flutemetamol	flutemetamol	Flutemetamol	ChEBI	38
1736	1309	DRUG	fluticasone	fluticasone	Fluticasone	standard	57
1737	6618	DRUG	fluticasone / salmeterol inhalant product	fluticasone / salmeterol inhalant product	Fluticasone; Salmeterol	modified_drug	53
1738	6619	DRUG	fluticasone / umeclidinium / vilanterol dry powder inhaler	fluticasone / umeclidinium / vilanterol dry powder inhaler	Fluticasone; Umeclidinium; Vilanterol	modified_drug	78
1739	6620	DRUG	fluticasone / vilanterol dry powder inhaler	fluticasone / vilanterol dry powder inhaler	Fluticasone; Vilanterol	modified_drug	56
1740	1310	DRUG	fluticasone furoate	fluticasone furoate	Fluticasone Furoate	standard	83
1741	1311	DRUG	fluticasone propionate	fluticasone propionate	Fluticasone Propionate	standard	83
1742	6621	DRUG	fluticasone propionate/salmeterol	fluticasone propionate/salmeterol	Fluticasone Propionate; Salmeterol	modified_drug	50
1743	1312	DRUG	flutiform	flutiform	fluticasone propionate; formoterol	corrected_overlay	20
1744	1313	DRUG	fluvastatin	fluvastatin	Fluvastatin	standard	69
1745	1314	DRUG	fluvoxamine	fluvoxamine	Fluvoxamine	standard	71
1746	1315	DRUG	folic acid	folic acid	Folic Acid	standard	71
1747	1316	DRUG	follitropin	follitropin	Follicle Stimulating Hormone	standard	13
1748	1317	DRUG	fomepizole	fomepizole	4-Methylpyrazole	standard	45
1749	1318	DRUG	fomivirsen	fomivirsen	Fomivirsen	standard	1
1750	1319	DRUG	fondaparinux	fondaparinux	Heparin Pentasaccharide	standard	86
1751	1320	DRUG	foreskin fibroblast (neonatal)	foreskin fibroblast (neonatal)	neonatal foreskin fibroblast	corrected_overlay	9
1752	1321	DRUG	foreskin keratinocyte (neonatal)	foreskin keratinocyte (neonatal)	neonatal foreskin keratinocyte	corrected_overlay	9
1753	6622	DRUG	formaldehyde	formaldehyde	Formaldehyde	modified_drug	11
1754	1322	DRUG	formestane	formestane	Formestane	standard	136
1755	8703	DRUG	Formic acid	formic acid	Formic acid	PubChem	78
1756	8424	DRUG	Formononetin	formononetin	Formononetin	PubChem	57
1757	1323	DRUG	formoterol	formoterol	Formoterol	standard	39
1758	6623	DRUG	formoterol / glycopyrronium metered dose inhaler	formoterol / glycopyrronium metered dose inhaler	Formoterol; Glycopyrronium	modified_drug	42
1759	6624	DRUG	formoterol / mometasone metered dose inhaler	formoterol / mometasone metered dose inhaler	Formoterol; Mometasone	modified_drug	54
1760	8724	DRUG	Formycin	formycin	Formycin	PubChem	13
1761	1324	DRUG	fosamprenavir	fosamprenavir	Fosamprenavir	standard	48
1762	1325	DRUG	fosaprepitant	fosaprepitant	Fosaprepitant	standard	55
1763	8325	DRUG	Fosbretabulin	fosbretabulin	Fosbretabulin	NCI Thesaurus	64
1764	1326	DRUG	foscarbidopa dihydrate	foscarbidopa dihydrate	FOSCARBIDOPA	standard	3
1765	1327	DRUG	foscarnet	foscarnet	Foscarnet	standard	129
1766	1328	DRUG	fosdenopterin	fosdenopterin	Fosdenopterin	standard	63
1767	1329	DRUG	fosfomycin	fosfomycin	Fosfomycin	standard	53
1768	1330	DRUG	fosinopril	fosinopril	Fosinopril	ChEBI	36
1769	6625	DRUG	fosinopril / hydrochlorothiazide oral product	fosinopril / hydrochlorothiazide oral product	Fosinopril; Hydrochlorothiazide	Composite standard-source core descriptions	120
1770	1331	DRUG	fosinoprilat	fosinoprilat	Fosinoprilat	standard	59
1771	1332	DRUG	fosnetupitant	fosnetupitant	Fosnetupitant	NCI Thesaurus	76
1772	1333	DRUG	fosnetupitant chloride hydrochloride	fosnetupitant chloride hydrochloride	Fosnetupitant Chloride Hydrochloride	NCI Thesaurus	83
1773	1334	DRUG	fosphenytoin	fosphenytoin	Fosphenytoin	standard	4
1774	1335	DRUG	fospropofol	fospropofol	Fospropofol	standard	4
1775	1336	DRUG	fosravuconazole	fosravuconazole	Fosravuconazole	standard	1
1776	1337	DRUG	fostamatinib	fostamatinib	Fostamatinib	NCI Thesaurus	73
1777	1338	DRUG	fostemsavir	fostemsavir	Fostemsavir	DailyMed	142
1778	8108	DRUG	Fotemustine	fotemustine	Fotemustine	NCI Thesaurus	45
1779	1339	DRUG	framycetin	framycetin	Neomycin	standard	41
1780	1340	DRUG	fremanezumab	fremanezumab	Fremanezumab	DailyMed	124
1781	1341	DRUG	frovatriptan	frovatriptan	Frovatriptan	standard	6
1782	8795	DRUG	Fructose	fructose	Fructose	PubChem	24
1783	1342	DRUG	fruquintinib	fruquintinib	Fruquintinib	standard	95
1784	1343	DRUG	fulvestrant	fulvestrant	Fulvestrant	standard	88
1785	8087	DRUG	Fumagillin	fumagillin	CHEMBL1522710	ChEMBL	12
1786	1344	DRUG	fumaric acid	fumaric acid	Fumaric Acid	standard	48
1787	1345	DRUG	furazolidone	furazolidone	Furazolidone	standard	73
1788	1346	DRUG	furosemide	furosemide	Furosemide	standard	61
1789	1347	DRUG	fursultiamine	fursultiamine	Fursultiamine	standard	6
1790	1348	DRUG	fusafungine	fusafungine	Fusafungine	standard	16
1791	1349	DRUG	fusidic acid	fusidic acid	Fusidic Acid	standard	74
1792	1350	DRUG	futibatinib	futibatinib	Futibatinib	NCI Thesaurus	73
1793	6374	DRUG	fx-1006a	fx-1006a	tafamidis meglumine	alias_drug	21
1794	6375	DRUG	ga-68-dotatoc	ga-68-dotatoc	Ga 68 DOTATOC / Edotreotide gallium Ga-68	openFDA	148
1795	1351	DRUG	gabapentin	gabapentin	Gabapentin	standard	52
1796	1352	DRUG	gabapentin enacarbil	gabapentin enacarbil	Gabapentin Enacarbil	standard	67
1797	1353	DRUG	gadofosveset trisodium	gadofosveset trisodium	Gadofosveset Trisodium	NCI Thesaurus	96
1798	1354	DRUG	gadolinium(3+)	gadolinium(3+)	Gadolinium Cation (3+)	standard	12
1799	1355	DRUG	galantamine	galantamine	(-)-Galantamine	standard	65
1800	1356	DRUG	galcanezumab	galcanezumab	Galcanezumab	standard	53
1801	8312	DRUG	Galeterone	galeterone	Galeterone	PubChem	12
1802	1357	DRUG	gallamine triethiodide	gallamine triethiodide	Gallamine Triethiodide	MeSH	63
1803	1358	DRUG	gallium (ga) gozetotide	gallium (ga) gozetotide	GALLIUM GA 68 GOZETOTIDE	standard	25
1804	1359	DRUG	gallium cation	gallium cation	Gallium Cation	standard	21
1805	1360	DRUG	gallium ga-67	gallium ga-67	gallium citrate Ga-67	corrected_overlay	21
1806	1361	DRUG	gallium ga-68 gozetotide	gallium ga-68 gozetotide	Gallium Ga-68 gozetotide	NCI Thesaurus	99
1807	8150	DRUG	Gallium maltolate	gallium maltolate	Gallium Maltolate	NCI Thesaurus	205
1808	8145	DRUG	Gallium nitrate	gallium nitrate	Gallium Nitrate	NCI Thesaurus	60
1809	8347	DRUG	Gallopamil	gallopamil	Gallopamil	PubChem	11
1810	1362	DRUG	galsulfase	galsulfase	Galsulfase	DailyMed	250
1811	1363	DRUG	gamma-hydroxybutyric acid	gamma-hydroxybutyric acid	4-Hydroxybutyric Acid	standard	69
1812	8428	DRUG	gamma-Tocopherol	gamma-tocopherol	gamma-Tocopherol	PubChem	55
1813	1364	DRUG	gamolenic acid	gamolenic acid	Gamma-Linolenic acid	standard	56
1814	1365	DRUG	ganaxolone	ganaxolone	Ganaxolone	standard	5
1815	1366	DRUG	ganciclovir	ganciclovir	Ganciclovir	standard	56
1816	1367	DRUG	ganirelix	ganirelix	Ganirelix	standard	4
1817	1368	DRUG	garadacimab	garadacimab	Garadacimab	standard	100
1818	1369	DRUG	gardasil	gardasil	Quadrivalent Human Papillomavirus (types 6, 11, 16, 18) Recombinant Vaccine	standard	108
1819	1370	DRUG	garenoxacin	garenoxacin	Garenoxacin	standard	74
1820	1371	DRUG	gatifloxacin	gatifloxacin	Gatifloxacin	standard	90
1821	1372	DRUG	gaxilose	gaxilose	Gaxilose	standard	5
1822	1373	DRUG	gefitinib	gefitinib	Gefitinib	standard	89
1823	8729	DRUG	Geldanamycin	geldanamycin	Geldanamycin	PubChem	66
1824	1374	DRUG	gemcitabine	gemcitabine	Gemcitabine	standard	86
1825	1375	DRUG	gemeprost	gemeprost	Gemeprost	standard	5
1826	1376	DRUG	gemfibrozil	gemfibrozil	Gemfibrozil	standard	21
1827	1377	DRUG	gemifloxacin	gemifloxacin	Gemifloxacin	standard	62
1828	1378	DRUG	gemigliptin	gemigliptin	Gemigliptin	standard	17
1829	1379	DRUG	gemtuzumab	gemtuzumab	Gemtuzumab Ozogamicin	standard	71
1830	1380	DRUG	gemtuzumab ozogamicin	gemtuzumab ozogamicin	Gemtuzumab Ozogamicin	standard	71
1831	1381	DRUG	gemtuzumab ozogamicin only product	gemtuzumab ozogamicin only product	GEMTUZUMAB OZOGAMICIN	standard	4
1832	8073	DRUG	Genistein	genistein	Genistein	NCI Thesaurus	48
1833	1382	DRUG	gentamicin	gentamicin	Gentamicin	NCI Thesaurus	86
1834	8817	DRUG	Gentamicin C1a	gentamicin c1a	Gentamicin C1a	PubChem	15
1835	1383	DRUG	gentaved	gentaved	gentamicin; betamethasone	corrected_overlay	19
1836	1384	DRUG	gentian violet cation	gentian violet cation	Gentian violet cation	standard	43
1837	1385	DRUG	gepirone	gepirone	Gepirone	standard	62
1838	1386	DRUG	gepotidacin	gepotidacin	gepotidacin	standard	26
1839	8401	DRUG	Geraniol	geraniol	Geraniol	PubChem	48
1840	1387	DRUG	gestonorone caproate	gestonorone caproate	Gestonorone Caproate	standard	7
1841	1388	DRUG	gestrinone	gestrinone	Gestrinone	standard	5
1842	1389	DRUG	gilteritinib	gilteritinib	Gilteritinib	standard	114
1843	1390	DRUG	gimeracil	gimeracil	Gimeracil	standard	6
1844	8415	DRUG	Ginsenoside B2	ginsenoside b2	Ginsenoside B2	PubChem	112
1845	8191	DRUG	Ginsenoside Rb1	ginsenoside rb1	Ginsenoside Rb1	PubChem	74
1846	8192	DRUG	Ginsenoside Rg1	ginsenoside rg1	Ginsenoside Rg1	PubChem	97
1847	1391	DRUG	givosiran	givosiran	Givosiran	standard	189
1848	1392	DRUG	glasdegib	glasdegib	Glasdegib	standard	115
1849	1393	DRUG	glatiramer	glatiramer	Glatiramer	DailyMed	205
1850	1394	DRUG	glecaprevir	glecaprevir	Glecaprevir	DailyMed	336
1851	6626	DRUG	glecaprevir / pibrentasvir oral product	glecaprevir / pibrentasvir oral product	Glecaprevir; Pibrentasvir	DailyMed	336
1852	1395	DRUG	glibenclamide	glibenclamide	Glibenclamide	standard	51
1853	1396	DRUG	glibornuride	glibornuride	Glibornuride	standard	4
1854	1397	DRUG	gliclazide	gliclazide	Gliclazide	standard	19
1855	1398	DRUG	glimepiride	glimepiride	1H-Pyrrole-1-carboxamide, 3-ethyl-2,5-dihydro-4-methyl-N-2-4-(trans-4-methylcyclohexyl)aminocarbonylaminosulfonylphenylethyl-2-oxo-	standard	21
1856	1399	DRUG	glipizide	glipizide	Glipizide	standard	67
1857	6627	DRUG	glipizide / metformin oral tablet	glipizide / metformin oral tablet	Glipizide; Metformin	modified_drug	53
1858	1400	DRUG	gliquidone	gliquidone	Gliquidone	standard	6
1859	1401	DRUG	glisoxepide	glisoxepide	Glisoxepide	standard	4
1860	1402	DRUG	glofitamab	glofitamab	Glofitamab	standard	78
1861	1403	DRUG	glucagon	glucagon	Glucagon	standard	43
1862	1404	DRUG	glucarpidase	glucarpidase	Glucarpidase	standard	65
1863	1405	DRUG	gluconic acid	gluconic acid	Gluconic Acid	standard	35
1864	1406	DRUG	gluconolactone	gluconolactone	delta-Gluconolactone	standard	35
1865	1407	DRUG	glucosamine	glucosamine	D-Glucosamine	standard	45
1866	8737	DRUG	Glucosamine 6-Phosphate	glucosamine 6-phosphate	Glucosamine 6-Phosphate	PubChem	43
1867	8768	DRUG	Glucose-6-Phosphate	glucose-6-phosphate	Glucose-6-Phosphate	PubChem	18
1868	1408	DRUG	glulisine a	glulisine a	Glulisine A	standard	11
1869	1409	DRUG	glutamine	glutamine	L-Glutamine	standard	89
1870	8755	DRUG	Glutaral	glutaral	Glutaral	PubChem	27
1871	8766	DRUG	Glutaric Acid	glutaric acid	Glutaric Acid	PubChem	47
1872	8048	DRUG	Glutathione	glutathione	Glutathione	NCI Thesaurus	120
1873	1410	DRUG	glutathione disulfide	glutathione disulfide	Glutathione Disulfide	standard	32
1874	1411	DRUG	glutethimide	glutethimide	Glutethimide	standard	6
1875	1412	DRUG	glyburide	glyburide	Glibenclamide	standard	51
1876	6628	DRUG	glyburide / metformin pill	glyburide / metformin pill	glyburide; Metformin	PubChem	115
1877	8237	DRUG	Glycerin	glycerin	Glycerin	PubChem	57
1878	1413	DRUG	glycerol phenylbutyrate	glycerol phenylbutyrate	Glycerol Phenylbutyrate	standard	5
1879	1414	DRUG	glyceryl trinitrate	glyceryl trinitrate	Nitroglycerin	standard	64
1880	1415	DRUG	glycine	glycine	Glycine	standard	86
1881	8714	DRUG	Glycochenodeoxycholic Acid	glycochenodeoxycholic acid	Glycochenodeoxycholic Acid	PubChem	39
1882	1416	DRUG	glycol salicylate	glycol salicylate	Glycol Salicylate	standard	52
1883	1417	DRUG	glycolic acid	glycolic acid	Glycolic Acid	standard	55
1884	1418	DRUG	glycopyrrolate	glycopyrrolate	Glycopyrrolate	standard	28
1885	1419	DRUG	glycopyrronium	glycopyrronium	Glycopyrronium	standard	9
1886	6629	DRUG	glycopyrronium / neostigmine prefilled syringe	glycopyrronium / neostigmine prefilled syringe	Glycopyrronium; Neostigmine	modified_drug	50
1887	1420	DRUG	glycopyrronium, threo-	glycopyrronium, threo-	GLYCOPYRRONIUM BROMIDE	standard	8
1888	1421	DRUG	glymidine	glymidine	Glymidine	standard	60
1889	8812	DRUG	Glyphosate	glyphosate	Glyphosate	PubChem	21
1890	8400	DRUG	Gold	gold	Gold	PubChem	5
1891	1422	DRUG	golimumab	golimumab	Golimumab	standard	36
1892	1423	DRUG	golodirsen	golodirsen	Golodirsen	DailyMed	245
1893	1424	DRUG	golytely	golytely	polyethylene glycol 3350; sodium sulfate; sodium bicarbonate; sodium chloride; potassium chloride	corrected_overlay	28
1894	7704	DRUG	Gonadorelin	gonadorelin	Gonadorelin	PubChem	40
1895	1425	DRUG	goserelin	goserelin	Goserelin	standard	6
1896	1426	DRUG	gramicidin d	gramicidin d	Gramicidin D	MeSH	35
1897	1427	DRUG	granisetron	granisetron	Granisetron (JAN/USAN/INN)	standard	84
1898	1428	DRUG	grapiprant	grapiprant	Grapiprant	NCI Thesaurus	127
1899	1429	DRUG	grazoprevir	grazoprevir	Grazoprevir	standard	73
1900	1430	DRUG	grepafloxacin	grepafloxacin	Grepafloxacin	standard	13
1901	1431	DRUG	griseofulvin	griseofulvin	Griseofulvin	standard	67
1902	1432	DRUG	guaiacol	guaiacol	Guaiacol	standard	42
1903	1433	DRUG	guaifenesin	guaifenesin	Guaifenesin	standard	6
1904	6630	DRUG	guaifenesin / hydrocodone oral product	guaifenesin / hydrocodone oral product	Guaifenesin; Hydrocodone	modified_drug	34
1905	1434	DRUG	guanabenz	guanabenz	Guanabenz	standard	4
1906	1435	DRUG	guanadrel	guanadrel	Guanadrel	standard	88
1907	1436	DRUG	guanethidine	guanethidine	Guanethidine	standard	67
1908	1437	DRUG	guanfacine	guanfacine	Guanfacine	standard	6
1909	1438	DRUG	guanidine	guanidine	Guanidine	standard	30
1910	8743	DRUG	Guanosine	guanosine	Guanosine	PubChem	41
1911	8791	DRUG	Guanosine-5'-Triphosphate	guanosine-5'-triphosphate	Guanosine-5'-Triphosphate	PubChem	35
1912	1439	DRUG	guanoxan	guanoxan	Guanoxan	standard	4
1913	1440	DRUG	guselkumab	guselkumab	Guselkumab	standard	115
1914	6631	DRUG	haemophilus influenzae type b strain 1482 capsular polysaccharide tetanus toxoid conjugate antigen	haemophilus influenzae type b strain 1482 capsular polysaccharide tetanus toxoid conjugate antigen	HAEMOPHILUS INFLUENZAE TYPE B STRAIN 20752 CAPSULAR POLYSACCHARIDE TETANUS TOXOID CONJUGATE ANTIGEN	DailyMed	236
1915	1441	DRUG	halazepam	halazepam	Halazepam	standard	6
1916	1442	DRUG	halcinonide	halcinonide	Halcinonide	standard	15
1917	6632	DRUG	halobetasol / tazarotene topical product	halobetasol / tazarotene topical product	Halobetasol; Tazarotene	modified_drug	29
1918	1443	DRUG	halofantrine	halofantrine	Halofantrine	standard	6
1919	1444	DRUG	halofuginone	halofuginone	Halofuginone	NCI Thesaurus	48
1920	1445	DRUG	haloperidol	haloperidol	Haloperidol	standard	62
1921	1446	DRUG	haloprogin	haloprogin	Haloprogin	standard	5
1922	1447	DRUG	halothane	halothane	Halothane	standard	45
1923	1448	DRUG	haloxon	haloxon	HALOXON	standard	1
1924	1449	DRUG	havrix	havrix	Hepatitis A Vaccine	standard	31
1925	1450	DRUG	helium	helium	Helium	standard	23
1926	1451	DRUG	hematin	hematin	Hematein	standard	22
1927	1452	DRUG	hemin	hemin	hemin	standard	23
1928	1453	DRUG	hemoglobin	hemoglobin	Hemoglobin	standard	38
1929	1454	DRUG	heparin	heparin	heparin	standard	30
1930	6633	DRUG	heparin / taurolidine injection	heparin / taurolidine injection	heparin; Taurolidine	modified_drug	48
1931	8430	DRUG	Heparin, bovine	heparin, bovine	PEGADEMASE BOVINE	ChEMBL	19
1932	1455	DRUG	hepatitis a vaccine	hepatitis a vaccine	Hepatitis A Vaccine	standard	31
1933	1456	DRUG	hepatitis b immune globulin	hepatitis b immune globulin	hepatitis B immune globulin	corrected_overlay	31
1934	1457	DRUG	hepatitis b vaccine (recombinant)	hepatitis b vaccine (recombinant)	hepatitis B surface antigen vaccine	corrected_overlay	11
1935	1458	DRUG	heplisav-b	heplisav-b	hepatitis B vaccine recombinant adjuvanted	corrected_overlay	8
1936	8660	DRUG	Hesperetin	hesperetin	Hesperetin	PubChem	61
1937	8120	DRUG	Hesperidin	hesperidin	diosmin 900 MG / hesperidin methylchalcone 100 MG Oral Tablet [Vasoflex D1]	RxNorm	22
1938	1459	DRUG	hetacillin	hetacillin	Hetacillin	standard	20
1939	1460	DRUG	hetastarch	hetastarch	Hydroxyethyl Starch	NCI Thesaurus	44
1940	1461	DRUG	hexachlorophene	hexachlorophene	Hexachlorophene	standard	105
1941	1462	DRUG	hexafluronium	hexafluronium	Hexafluorenium	standard	6
1942	1463	DRUG	hexamidine	hexamidine	Hexamidine	standard	42
1943	1464	DRUG	hexaminolevulinate	hexaminolevulinate	5-Aminolevulinic acid hexyl ester	standard	20
1944	1465	DRUG	hexetidine	hexetidine	Hexetidine	standard	11
1945	8663	DRUG	Hexobarbital	hexobarbital	Hexobarbital	PubChem	34
1946	1466	DRUG	hexobendine	hexobendine	Hexobendine	standard	5
1947	1467	DRUG	hexocyclium	hexocyclium	Hexocyclium	standard	4
1948	1468	DRUG	hexylcaine	hexylcaine	Hexylcaine	standard	5
1949	1469	DRUG	hexylresorcinol	hexylresorcinol	Hexylresorcinol	standard	6
1950	1470	DRUG	hiberix	hiberix	Haemophilus influenzae type b conjugate vaccine	corrected_overlay	21
1951	1471	DRUG	histamine	histamine	Histamine	standard	52
1952	1472	DRUG	histamine dihydrochloride	histamine dihydrochloride	Histamine Dihydrochloride	NCI Thesaurus	71
1953	8102	DRUG	Histidinol	histidinol	histidinol	ChEBI	22
1954	1473	DRUG	histrelin	histrelin	Histrelin	standard	76
1955	1474	DRUG	homatropine	homatropine	Npc13206	standard	5
1956	1475	DRUG	homatropine methylbromide	homatropine methylbromide	Homatropine Methylbromide	standard	25
1957	1476	DRUG	house dust	house dust	house dust allergenic extract	corrected_overlay	8
1958	1477	DRUG	humalog mix	humalog mix	Insulin Lispro	ChEBI	20
1959	6634	DRUG	human botulinum neurotoxin a/b immune globulin	human botulinum neurotoxin a/b immune globulin	human botulinum neurotoxin a; immune globulin	ChEMBL;NCI Thesaurus	65
1960	1478	DRUG	human c1-esterase inhibitor	human c1-esterase inhibitor	Human C1-Esterase Inhibitor	DailyMed	383
1961	1479	DRUG	human calcitonin	human calcitonin	Calcitonin Human	standard	6
1962	1480	DRUG	human cytomegalovirus immune globulin	human cytomegalovirus immune globulin	Human Cytomegalovirus Immune Globulin	standard	43
1963	1481	DRUG	human immunoglobulin g	human immunoglobulin g	Human Immunoglobulin G	standard	71
1964	1482	DRUG	human interferon beta	human interferon beta	Recombinant Interferon Beta	standard	104
1965	6635	DRUG	human papillomavirus type 11 l1 capsid protein antigen	human papillomavirus type 11 l1 capsid protein antigen	Human Papilloma Virus Vaccine	modified_drug	29
1966	6636	DRUG	human papillomavirus type 16 l1 capsid protein antigen	human papillomavirus type 16 l1 capsid protein antigen	Human Papilloma Virus Vaccine	modified_drug	29
1967	6637	DRUG	human papillomavirus type 18 l1 capsid protein antigen	human papillomavirus type 18 l1 capsid protein antigen	Human Papilloma Virus Vaccine	modified_drug	29
1968	6638	DRUG	human papillomavirus type 31 l1 capsid protein antigen	human papillomavirus type 31 l1 capsid protein antigen	Human Papilloma Virus Vaccine	modified_drug	29
1969	6639	DRUG	human papillomavirus type 33 l1 capsid protein antigen	human papillomavirus type 33 l1 capsid protein antigen	Human Papilloma Virus Vaccine	modified_drug	29
1970	6640	DRUG	human papillomavirus type 45 l1 capsid protein antigen	human papillomavirus type 45 l1 capsid protein antigen	Human Papilloma Virus Vaccine	modified_drug	29
1971	6641	DRUG	human papillomavirus type 52 l1 capsid protein antigen	human papillomavirus type 52 l1 capsid protein antigen	Human Papilloma Virus Vaccine	modified_drug	29
1972	6642	DRUG	human papillomavirus type 58 l1 capsid protein antigen	human papillomavirus type 58 l1 capsid protein antigen	Human Papilloma Virus Vaccine	modified_drug	29
1973	6643	DRUG	human papillomavirus type 6 l1 capsid protein antigen	human papillomavirus type 6 l1 capsid protein antigen	Human Papilloma Virus Vaccine	modified_drug	29
1974	1483	DRUG	human rho(d) immune globulin	human rho(d) immune globulin	RHO (D) IMMUNE GLOBULIN	DailyMed	375
1975	1484	DRUG	human vaccinia virus immune globulin	human vaccinia virus immune globulin	Human Vaccinia Virus Immune Globulin	DailyMed	399
1976	1485	DRUG	human varicella-zoster immune globulin	human varicella-zoster immune globulin	Human Varicella Zoster Immune Globulin	standard	68
1977	1486	DRUG	huperzine a	huperzine a	Huperzine A	standard	85
1978	1487	DRUG	hyaluronic acid	hyaluronic acid	hyaluronic acid	standard	35
1979	6644	DRUG	hyaluronidase / pertuzumab / trastuzumab injection	hyaluronidase / pertuzumab / trastuzumab injection	Hyaluronidase; Pertuzumab; trastuzumab	modified_drug	42
1980	1488	DRUG	hydralazine	hydralazine	Hydralazine	standard	45
1981	6645	DRUG	hydralazine / isosorbide dinitrate pill	hydralazine / isosorbide dinitrate pill	Hydralazine; Isosorbide Dinitrate	modified_drug	42
1982	1489	DRUG	hydrochlorothiazide	hydrochlorothiazide	Hydrochlorothiazide	standard	60
1983	6646	DRUG	hydrochlorothiazide / losartan pill	hydrochlorothiazide / losartan pill	Hydrochlorothiazide; Losartan	modified_drug	58
1984	6647	DRUG	hydrochlorothiazide / metoprolol extended release oral tablet	hydrochlorothiazide / metoprolol extended release oral tablet	Hydrochlorothiazide; METOPROLOL SUCCINATE	modified_drug	42
1985	6648	DRUG	hydrochlorothiazide / olmesartan oral product	hydrochlorothiazide / olmesartan oral product	Hydrochlorothiazide; Olmesartan	modified_drug	40
1986	6649	DRUG	hydrochlorothiazide, losartan drug combination	hydrochlorothiazide, losartan drug combination	hydrochlorothiazide; losartan	corrected_overlay	11
1987	1490	DRUG	hydrocodone	hydrocodone	Hydrocodone	standard	46
1988	6650	DRUG	hydrocodone / ibuprofen pill	hydrocodone / ibuprofen pill	Hydrocodone; Ibuprofen, (+-)-	modified_drug	51
1989	1491	DRUG	hydrocortisone	hydrocortisone	cortisol	standard	81
1990	6651	DRUG	hydrocortisone / lidocaine rectal cream	hydrocortisone / lidocaine rectal cream	hydrocortisone; Lidocaine	ChEBI;PubChem	120
1991	6652	DRUG	hydrocortisone / lidocaine topical product	hydrocortisone / lidocaine topical product	hydrocortisone; Lidocaine	ChEBI;PubChem	120
1992	6653	DRUG	hydrocortisone / neomycin / polymyxin b topical product	hydrocortisone / neomycin / polymyxin b topical product	hydrocortisone; Neomycin; polymyxin	ChEBI;PubChem	165
1993	6654	DRUG	hydrocortisone / pramoxine topical product	hydrocortisone / pramoxine topical product	hydrocortisone; Pramoxine	ChEBI;PubChem	117
1994	6655	DRUG	hydrocortisone / tolnaftate topical product	hydrocortisone / tolnaftate topical product	hydrocortisone; Tolnaftate	ChEBI;PubChem	118
1995	6656	DRUG	hydrocortisone 10 mg/ml / iodoquinol 10 mg/ml topical cream	hydrocortisone 10 mg/ml / iodoquinol 10 mg/ml topical cream	hydrocortisone; iodoquinol	ChEBI;PubChem	133
1996	1492	DRUG	hydrocortisone aceponate	hydrocortisone aceponate	Hydrocortisone Aceponate	standard	6
1997	1493	DRUG	hydrocortisone acetate	hydrocortisone acetate	Hydrocortisone Acetate	standard	11
1998	1494	DRUG	hydrocortisone butyrate	hydrocortisone butyrate	Hydrocortisone Butyrate	standard	37
1999	1495	DRUG	hydrocortisone cypionate	hydrocortisone cypionate	Hydrocortisone Cypionate	standard	6
2000	1496	DRUG	hydrocortisone phosphate	hydrocortisone phosphate	Hydrocortisone Phosphate	standard	44
2001	1497	DRUG	hydrocortisone probutate	hydrocortisone probutate	Hydrocortisone buteprate	standard	11
2002	1498	DRUG	hydrocortisone succinate	hydrocortisone succinate	Hydrocortisone Succinate	standard	45
2003	1499	DRUG	hydrocortisone valerate	hydrocortisone valerate	Hydrocortisone Valerate	standard	16
2004	6657	DRUG	hydrocortisone/acetic acid	hydrocortisone/acetic acid	hydrocortisone; Acetic Acid	ChEBI;PubChem	110
2005	1500	DRUG	hydroflumethiazide	hydroflumethiazide	Hydroflumethiazide	standard	54
2006	1501	DRUG	hydrogen fluoride	hydrogen fluoride	Hydrofluoric Acid	standard	12
2007	1502	DRUG	hydrogen peroxide	hydrogen peroxide	Hydrogen Peroxide	standard	19
2008	1503	DRUG	hydromet	hydromet	hydrocodone; homatropine	corrected_overlay	18
2009	1504	DRUG	hydromorphone	hydromorphone	Hydromorphone	standard	58
2010	8422	DRUG	Hydroquinidine	hydroquinidine	HYDROQUINIDINE	ChEMBL	19
2011	8376	DRUG	Hydroquinine	hydroquinine	Hydroquinine	PubChem	5
2012	1505	DRUG	hydroquinone	hydroquinone	Hydroquinone	standard	52
2013	1506	DRUG	hydrotalcite	hydrotalcite	Hydrotalcite	standard	23
2014	1507	DRUG	hydroxocobalamin	hydroxocobalamin	Hydroxocobalamin	NCI Thesaurus	43
2015	1508	DRUG	hydroxocobalamin sulfate	hydroxocobalamin sulfate	HYDROXOCOBALAMIN	standard	3
2016	1509	DRUG	hydroxyamphetamine	hydroxyamphetamine	Hydroxyamfetamine	standard	6
2017	1510	DRUG	hydroxycarbamide	hydroxycarbamide	Hydroxyurea	standard	83
2018	1511	DRUG	hydroxychloroquine	hydroxychloroquine	Hydroxychloroquine	standard	105
2019	1512	DRUG	hydroxyethyl ethylcellulose	hydroxyethyl ethylcellulose	ETHYLCELLULOSE	ChEBI	22
2020	1513	DRUG	hydroxyethyl starch	hydroxyethyl starch	Hydroxyethyl Starch	NCI Thesaurus	44
2021	1514	DRUG	hydroxyprogesterone	hydroxyprogesterone	17-Hydroxyprogesterone	standard	47
2022	1515	DRUG	hydroxyprogesterone caproate	hydroxyprogesterone caproate	Hydroxyprogesterone Caproate	standard	6
2023	1516	DRUG	hydroxypropyl cellulose	hydroxypropyl cellulose	HYDROXYPROPYL CELLULOSE	standard	1
2024	1517	DRUG	hydroxystilbamidine	hydroxystilbamidine	Hydroxystilbamidine	standard	4
2025	1518	DRUG	hydroxyurea	hydroxyurea	Hydroxyurea	standard	83
2026	1519	DRUG	hydroxyzine	hydroxyzine	Hydroxyzine	standard	52
2027	8745	DRUG	Hymenialdisine	hymenialdisine	CHEMBL5276637	ChEMBL	8
2028	1520	DRUG	hyoscyamine	hyoscyamine	1-Hyoscyamine	standard	15
2029	6658	DRUG	hyoscyamine / methenamine / methylene blue / phenyl salicylate / sodium phosphate, monobasic pill	hyoscyamine / methenamine / methylene blue / phenyl salicylate / sodium phosphate, monobasic pill	Hyoscyamine; methenamine; Methylene Blue; phenyl salicylate; Sodium Phosphate, Monobasic	ChEBI;PubChem;standard drug terminology	188
2030	1521	DRUG	hypochlorite	hypochlorite	Hypochlorite	standard	22
2031	8789	DRUG	Hypoxanthine	hypoxanthine	Hypoxanthine	PubChem	42
2032	1522	DRUG	ibalizumab	ibalizumab	Ibalizumab	standard	36
2033	1523	DRUG	ibandronate	ibandronate	Ibandronate	NCI Thesaurus	50
2034	1524	DRUG	ibandronic acid	ibandronic acid	Ibandronic Acid	standard	96
2035	1525	DRUG	ibrexafungerp	ibrexafungerp	Ibrexafungerp	NCI Thesaurus	46
2036	1526	DRUG	ibritumomab	ibritumomab	IBRITUMOMAB TIUXETAN	ChEMBL	5
2037	1527	DRUG	ibritumomab tiuxetan	ibritumomab tiuxetan	Ibritumomab Tiuxetan	standard	77
2038	1528	DRUG	ibrutinib	ibrutinib	Ibrutinib	standard	78
2039	1529	DRUG	ibudilast	ibudilast	Ibudilast	standard	4
2040	1530	DRUG	ibuprofen	ibuprofen	Ibuprofen, (+-)-	standard	76
2041	1531	DRUG	ibutilide	ibutilide	Ibutilide	standard	11
2042	8282	DRUG	Icariin	icariin	Icariin	PubChem	108
2043	1532	DRUG	icatibant	icatibant	Icatibant	ChEBI	42
2044	1533	DRUG	icodextrin	icodextrin	Icodextrin	DailyMed	222
2045	1534	DRUG	icosapent	icosapent	Icosapent	standard	64
2046	1535	DRUG	idarubicin	idarubicin	Idarubicin	standard	20
2047	8324	DRUG	Idazoxan	idazoxan	Idazoxan	PubChem	40
2048	1536	DRUG	idebenone	idebenone	Idebenone	standard	82
2049	1537	DRUG	idecabtagene vicleucel	idecabtagene vicleucel	Idecabtagene Vicleucel	standard	96
2050	1538	DRUG	idelalisib	idelalisib	Idelalisib	standard	79
2051	1539	DRUG	idoxuridine	idoxuridine	Idoxuridine	standard	38
2052	1540	DRUG	idursulfase	idursulfase	Iduronate 2-Sulfatase	standard	22
2053	8215	DRUG	Ifenprodil	ifenprodil	Ifenprodil	PubChem	6
2054	1541	DRUG	ifosfamide	ifosfamide	Ifosfamide	standard	59
2055	1542	DRUG	iguratimod	iguratimod	Iguratimod	standard	6
2056	1543	DRUG	ilaprazole	ilaprazole	Ilaprazole	standard	9
2057	8180	DRUG	Ilepatril	ilepatril	ILEPATRIL	ChEMBL	19
2058	1544	DRUG	iloperidone	iloperidone	Iloperidone	standard	98
2059	1545	DRUG	iloprost	iloprost	Iloprost	standard	84
2060	1546	DRUG	imatinib	imatinib	Imatinib	standard	81
2061	1547	DRUG	imdevimab	imdevimab	Imdevimab	standard	80
2062	1548	DRUG	imeglimin	imeglimin	Imeglimin	standard	1
2063	1549	DRUG	imetelstat	imetelstat	Imetelstat	NCI Thesaurus	81
2064	8137	DRUG	Imexon	imexon	Imexon	NCI Thesaurus	57
2065	1550	DRUG	imidafenacin	imidafenacin	Imidafenacin	standard	4
2066	1551	DRUG	imidapril	imidapril	Imidapril	standard	83
2067	8759	DRUG	Imidazole	imidazole	Imidazole	PubChem	37
2068	1552	DRUG	imiglucerase	imiglucerase	Lysosomal Acid Glucosylceramidase	standard	27
2069	1553	DRUG	imipenem	imipenem	Imipenem	standard	38
2070	1554	DRUG	imipramine	imipramine	Imipramine	standard	42
2071	1555	DRUG	imiquimod	imiquimod	Imiquimod	standard	52
2072	1556	DRUG	imlifidase	imlifidase	Imlifidase	standard	1
2073	1557	DRUG	imolamine	imolamine	Imolamine	standard	8
2074	1558	DRUG	imrecoxib	imrecoxib	Imrecoxib	standard	1
2075	1559	DRUG	inavolisib	inavolisib	Inavolisib	NCI Thesaurus	112
2076	1560	DRUG	incadronic acid	incadronic acid	Incadronic Acid	standard	6
2077	1561	DRUG	inclisiran	inclisiran	inclisiran	standard	29
2078	1562	DRUG	indacaterol	indacaterol	Indacaterol	standard	67
2079	1563	DRUG	indacaterol-glycopyrronium combination	indacaterol-glycopyrronium combination	indacaterol; glycopyrronium/glycopyrrolate	corrected_overlay	12
2080	6659	DRUG	indacaterol/mometasone furoate	indacaterol/mometasone furoate	Indacaterol; Mometasone Furoate	modified_drug	50
2081	1564	DRUG	indapamide	indapamide	Indapamide	standard	50
2082	1565	DRUG	indigo carmine	indigo carmine	Indigo carmine	standard	55
2083	1566	DRUG	indinavir	indinavir	Indinavir	standard	20
2084	1567	DRUG	indium in-111	indium in-111	Indium-111	standard	18
2085	1568	DRUG	indocyanine green	indocyanine green	Indocyanine Green	standard	12
2086	8343	DRUG	Indole-3-carbinol	indole-3-carbinol	Indole-3-carbinol	PubChem	36
2087	1569	DRUG	indomethacin	indomethacin	Indomethacin	standard	106
2088	8671	DRUG	Indopan	indopan	Indopan	PubChem	12
2089	8214	DRUG	Indoprofen	indoprofen	Indoprofen	PubChem	96
2090	1570	DRUG	indoramin	indoramin	Indoramin	standard	6
2091	1571	DRUG	inebilizumab	inebilizumab	Inebilizumab	standard	80
2092	9544	DRUG	inebilizumab-cdon	inebilizumab-cdon	inebilizumab	standard	80
2093	1572	DRUG	infigratinib	infigratinib	Infigratinib	standard	87
2094	1573	DRUG	infliximab	infliximab	Infliximab	standard	34
2095	6660	DRUG	influenza a virus (h1n1) antigen / influenza a virus (h3n2) antigen / influenza b virus antigen nasal product	influenza a virus (h1n1) antigen / influenza a virus (h3n2) antigen / influenza b virus antigen nasal product	Influenza A Virus Antigen; Influenza B Virus Antigen	MeSH	94
2096	6661	DRUG	influenza a virus a/brisbane/59/2007(h1n1) antigen (propiolactone inactivated)	influenza a virus a/brisbane/59/2007(h1n1) antigen (propiolactone inactivated)	Influenza A Virus Antigen	MeSH	58
2097	6662	DRUG	influenza a virus a/brisbane/59/2007(h1n1) hemagglutinin antigen (propiolactone inactivated)	influenza a virus a/brisbane/59/2007(h1n1) hemagglutinin antigen (propiolactone inactivated)	Influenza A Virus Antigen	MeSH	59
2098	6663	DRUG	influenza a virus a/california/122/2022 san-022 (h3n2) antigen (formaldehyde inactivated)	influenza a virus a/california/122/2022 san-022 (h3n2) antigen (formaldehyde inactivated)	Influenza A Virus Antigen	MeSH	60
2099	6664	DRUG	influenza a virus a/california/7/2009 (h1n1) live (attenuated) antigen	influenza a virus a/california/7/2009 (h1n1) live (attenuated) antigen	Influenza A Virus Antigen	MeSH	58
2100	6665	DRUG	influenza a virus a/california/7/2009 x-181 (h1n1) antigen (propiolactone inactivated)	influenza a virus a/california/7/2009 x-181 (h1n1) antigen (propiolactone inactivated)	Influenza A Virus Antigen	MeSH	60
2101	6666	DRUG	influenza a virus a/california/7/2009 x-181 (h1n1) hemagglutinin antigen (propiolactone inactivated)	influenza a virus a/california/7/2009 x-181 (h1n1) hemagglutinin antigen (propiolactone inactivated)	Influenza A Virus Antigen	MeSH	61
2102	6667	DRUG	influenza a virus a/cambodia/e0826360/2020 ivr-224 (h3n2) antigen (formaldehyde inactivated)	influenza a virus a/cambodia/e0826360/2020 ivr-224 (h3n2) antigen (formaldehyde inactivated)	Influenza A Virus Antigen	MeSH	60
2103	6668	DRUG	influenza a virus a/cambodia/e0826360/2020 ivr-224 (h3n2) antigen (propiolactone inactivated)	influenza a virus a/cambodia/e0826360/2020 ivr-224 (h3n2) antigen (propiolactone inactivated)	Influenza A Virus Antigen	MeSH	60
2104	6669	DRUG	influenza a virus a/christchurch/16/2010 nib-74 (h1n1) antigen (propiolactone inactivated)	influenza a virus a/christchurch/16/2010 nib-74 (h1n1) antigen (propiolactone inactivated)	Influenza A Virus Antigen	MeSH	60
2105	6670	DRUG	influenza a virus a/darwin/11/2021 (h3n2) antigen (mdck cell derived, propiolactone inactivated)	influenza a virus a/darwin/11/2021 (h3n2) antigen (mdck cell derived, propiolactone inactivated)	Influenza A Virus Antigen	MeSH	65
2106	6671	DRUG	influenza a virus a/darwin/6/2021 (h3n2) recombinant hemagglutinin antigen	influenza a virus a/darwin/6/2021 (h3n2) recombinant hemagglutinin antigen	Influenza A Virus Antigen	DailyMed	255
2107	6672	DRUG	influenza a virus a/darwin/6/2021 ivr-227 (h3n2) antigen (formaldehyde inactivated)	influenza a virus a/darwin/6/2021 ivr-227 (h3n2) antigen (formaldehyde inactivated)	Influenza A Virus Antigen	MeSH	60
2108	6673	DRUG	influenza a virus a/darwin/6/2021 ivr-227 (h3n2) antigen (propiolactone inactivated)	influenza a virus a/darwin/6/2021 ivr-227 (h3n2) antigen (propiolactone inactivated)	Influenza A Virus Antigen	MeSH	60
2109	6674	DRUG	influenza a virus a/darwin/9/2021 san-010 (h3n2) antigen (formaldehyde inactivated)	influenza a virus a/darwin/9/2021 san-010 (h3n2) antigen (formaldehyde inactivated)	Influenza A Virus Antigen	MeSH	60
2110	6675	DRUG	influenza a virus a/delaware/55/2019 cvr-45 (h1n1) antigen (mdck cell derived, propiolactone inactivated)	influenza a virus a/delaware/55/2019 cvr-45 (h1n1) antigen (mdck cell derived, propiolactone inactivated)	Influenza A Virus Antigen	MeSH	66
2111	6676	DRUG	influenza a virus a/hong kong/2671/2019 (h3n2) antigen 0.03 mg/ml / influenza a virus a/victoria/2454/2019 (h1n1) antigen 0.03 mg/ml / influenza b virus b/phuket/3073/2013 antigen 0.03 mg/ml / influenza b virus b/victoria/705/2018 antigen 0.03 mg/ml [fluad quadrivalent 2020-2021]	influenza a virus a/hong kong/2671/2019 (h3n2) antigen 0.03 mg/ml / influenza a virus a/victoria/2454/2019 (h1n1) antigen 0.03 mg/ml / influenza b virus b/phuket/3073/2013 antigen 0.03 mg/ml / influenza b virus b/victoria/705/2018 antigen 0.03 mg/ml [fluad quadrivalent 2020-2021]	FLUAD Quadrivalent 2020-2021 influenza A and B virus antigens	FDA; manual_final7_review	54
2112	6677	DRUG	influenza a virus a/indonesia/05/2005 (h5n1) antigen	influenza a virus a/indonesia/05/2005 (h5n1) antigen	Influenza A Virus Antigen	MeSH	54
2113	6678	DRUG	influenza a virus a/norway/16606/2021 (h3n2) live (attenuated) antigen	influenza a virus a/norway/16606/2021 (h3n2) live (attenuated) antigen	Influenza A Virus Antigen	MeSH	58
2114	6679	DRUG	influenza a virus a/perth/16/2009 (h3n2) live (attenuated) antigen	influenza a virus a/perth/16/2009 (h3n2) live (attenuated) antigen	Influenza A Virus Antigen	MeSH	58
2115	6680	DRUG	influenza a virus a/tasmania/503/2020 (h3n2) antigen (mdck cell derived, propiolactone inactivated)	influenza a virus a/tasmania/503/2020 (h3n2) antigen (mdck cell derived, propiolactone inactivated)	Influenza A Virus Antigen	MeSH	65
2116	6681	DRUG	influenza a virus a/tasmania/503/2020 (h3n2) live (attenuated) antigen	influenza a virus a/tasmania/503/2020 (h3n2) live (attenuated) antigen	Influenza A Virus Antigen	MeSH	58
2117	6682	DRUG	influenza a virus a/tasmania/503/2020 ivr-221 (h3n2) antigen (formaldehyde inactivated)	influenza a virus a/tasmania/503/2020 ivr-221 (h3n2) antigen (formaldehyde inactivated)	Influenza A Virus Antigen	MeSH	60
2118	6683	DRUG	influenza a virus a/tasmania/503/2020 ivr-221 (h3n2) antigen (uv, formaldehyde inactivated)	influenza a virus a/tasmania/503/2020 ivr-221 (h3n2) antigen (uv, formaldehyde inactivated)	Influenza A Virus Antigen	MeSH	62
2119	6684	DRUG	influenza a virus a/uruguay/716/2007(h3n2) antigen (propiolactone inactivated)	influenza a virus a/uruguay/716/2007(h3n2) antigen (propiolactone inactivated)	Influenza A Virus Antigen	MeSH	58
2120	6685	DRUG	influenza a virus a/victoria/210/2009 x-187 (h3n2) antigen (formaldehyde inactivated)	influenza a virus a/victoria/210/2009 x-187 (h3n2) antigen (formaldehyde inactivated)	Influenza A Virus Antigen	MeSH	60
2121	6686	DRUG	influenza a virus a/victoria/210/2009 x-187 (h3n2) hemagglutinin antigen (formaldehyde inactivated)	influenza a virus a/victoria/210/2009 x-187 (h3n2) hemagglutinin antigen (formaldehyde inactivated)	Influenza A Virus Antigen	MeSH	61
2122	6687	DRUG	influenza a virus a/victoria/2570/2019 ivr-215 (h1n1) antigen (propiolactone inactivated)	influenza a virus a/victoria/2570/2019 ivr-215 (h1n1) antigen (propiolactone inactivated)	Influenza A Virus Antigen	MeSH	60
2123	6688	DRUG	influenza a virus a/wisconsin/588/2019 (h1n1) recombinant hemagglutinin antigen	influenza a virus a/wisconsin/588/2019 (h1n1) recombinant hemagglutinin antigen	Influenza A Virus Antigen	DailyMed	255
2124	6689	DRUG	influenza b virus b/austria/1359417/2021 bvr-26 antigen (propiolactone inactivated)	influenza b virus b/austria/1359417/2021 bvr-26 antigen (propiolactone inactivated)	Influenza B Virus Antigen	DailyMed	347
2125	6690	DRUG	influenza b virus b/austria/1359417/2021 bvr-26 antigen (uv, formaldehyde inactivated)	influenza b virus b/austria/1359417/2021 bvr-26 antigen (uv, formaldehyde inactivated)	Influenza B Virus Antigen	DailyMed	321
2126	6691	DRUG	influenza b virus b/austria/1359417/2021 bvr-26 hemagglutinin antigen (formaldehyde inactivated)	influenza b virus b/austria/1359417/2021 bvr-26 hemagglutinin antigen (formaldehyde inactivated)	Influenza B Virus Antigen	DailyMed	321
2127	6692	DRUG	influenza b virus b/austria/1359417/2021 live (attenuated) antigen	influenza b virus b/austria/1359417/2021 live (attenuated) antigen	Influenza B Virus Antigen	MeSH	56
2128	6693	DRUG	influenza b virus b/austria/1359417/2021 recombinant hemagglutinin antigen	influenza b virus b/austria/1359417/2021 recombinant hemagglutinin antigen	Influenza B Virus Antigen	DailyMed	253
2129	6694	DRUG	influenza b virus b/brisbane/60/2008 antigen (formaldehyde inactivated)	influenza b virus b/brisbane/60/2008 antigen (formaldehyde inactivated)	Influenza B Virus Antigen	DailyMed	321
2130	6695	DRUG	influenza b virus b/brisbane/60/2008 antigen (propiolactone inactivated)	influenza b virus b/brisbane/60/2008 antigen (propiolactone inactivated)	Influenza B Virus Antigen	MeSH	57
2131	6696	DRUG	influenza b virus b/brisbane/60/2008 hemagglutinin antigen (formaldehyde inactivated)	influenza b virus b/brisbane/60/2008 hemagglutinin antigen (formaldehyde inactivated)	Influenza B Virus Antigen	DailyMed	321
2132	6697	DRUG	influenza b virus b/phuket/3073/2013 antigen (formaldehyde inactivated)	influenza b virus b/phuket/3073/2013 antigen (formaldehyde inactivated)	Influenza B Virus Antigen	DailyMed	344
2133	6698	DRUG	influenza b virus b/singapore/inftt-16-0610/2016 antigen (mdck cell derived, propiolactone inactivated)	influenza b virus b/singapore/inftt-16-0610/2016 antigen (mdck cell derived, propiolactone inactivated)	Influenza B Virus Antigen	MeSH	63
2134	6699	DRUG	influenza b virus b/singapore/wuh4618/2021 antigen (mdck cell derived, propiolactone inactivated)	influenza b virus b/singapore/wuh4618/2021 antigen (mdck cell derived, propiolactone inactivated)	Influenza B Virus Antigen	DailyMed	266
2135	6700	DRUG	influenza b virus b/washington/02/2019 recombinant hemagglutinin antigen	influenza b virus b/washington/02/2019 recombinant hemagglutinin antigen	Influenza B Virus Antigen	DailyMed	321
2136	1574	DRUG	ingenol mebutate	ingenol mebutate	Ingenol Mebutate	standard	65
2137	8804	DRUG	Inosine	inosine	Inosine	PubChem	56
2138	1575	DRUG	inosine pranobex	inosine pranobex	Inosine Pranobex	NCI Thesaurus	49
2139	1576	DRUG	inositol	inositol	An inositol	standard	45
2140	1577	DRUG	inositol nicotinate	inositol nicotinate	Inositol Hexanicotinate	standard	14
2141	1578	DRUG	inotersen	inotersen	Inotersen	standard	113
2142	1579	DRUG	inotuzumab ozogamicin	inotuzumab ozogamicin	Inotuzumab Ozogamicin	standard	80
2143	1580	DRUG	inotuzumab ozogamicin only product	inotuzumab ozogamicin only product	INOTUZUMAB OZOGAMICIN	standard	26
2144	1581	DRUG	insulin aspart	insulin aspart	Insulin Aspart	NCI Thesaurus	81
2145	6701	DRUG	insulin aspart protamine, human / insulin aspart, human injectable suspension	insulin aspart protamine, human / insulin aspart, human injectable suspension	INSULIN ASPART PROTAMINE RECOMBINANT; INSULIN ASPART	modified_drug	27
2146	6702	DRUG	insulin aspart, human / insulin degludec injectable product	insulin aspart, human / insulin degludec injectable product	Insulin Aspart; Insulin Degludec	NCI Thesaurus	60
2147	1582	DRUG	insulin degludec	insulin degludec	Insulin Degludec	NCI Thesaurus	143
2148	1583	DRUG	insulin detemir	insulin detemir	Insulin Detemir	NCI Thesaurus	27
2149	1584	DRUG	insulin glargine	insulin glargine	Insulin Glargine	NCI Thesaurus	81
2150	6703	DRUG	insulin glargine / lixisenatide injectable product	insulin glargine / lixisenatide injectable product	Insulin Glargine; Lixisenatide	NCI Thesaurus;standard drug terminology	57
2151	1585	DRUG	insulin glulisine	insulin glulisine	INSULIN GLULISINE	standard	3
2152	1586	DRUG	insulin human	insulin human	Insulin Human	standard	102
2153	6704	DRUG	insulin lispro protamine, human 50 unt/ml	insulin lispro protamine, human 50 unt/ml	INSULIN LISPRO PROTAMINE RECOMBINANT	modified_drug	15
2154	1587	DRUG	insulin pork	insulin pork	Insulin Pork	DailyMed	52
2155	1588	DRUG	interferon alfa	interferon alfa	Interferon Alfa-N1	standard	67
2156	1589	DRUG	interferon alfa-2a	interferon alfa-2a	Recombinant Interferon Alfa-2a	standard	42
2157	1590	DRUG	interferon alfa-2b	interferon alfa-2b	Interferon Alfa-2B	NCI Thesaurus	34
2158	1591	DRUG	interferon alfa-n1	interferon alfa-n1	Interferon Alfa-N1	standard	67
2159	1592	DRUG	interferon alfa-n3	interferon alfa-n3	Interferon Alfa-N3	standard	92
2160	1593	DRUG	interferon alfacon-1	interferon alfacon-1	Interferon Alfacon-1	standard	68
2161	1594	DRUG	interferon beta	interferon beta	Interferon Beta	standard	24
2162	1595	DRUG	interferon beta-1a	interferon beta-1a	Interferon Beta-1A	standard	129
2163	1596	DRUG	interferon beta-1b	interferon beta-1b	Interferon Beta-1B	standard	131
2164	1597	DRUG	interferon gamma-1a	interferon gamma-1a	Interferon Gamma-1a	standard	34
2165	1598	DRUG	interferon gamma-1b	interferon gamma-1b	Interferon Gamma-1b	standard	56
2166	1599	DRUG	interferon-beta	interferon-beta	Recombinant Interferon Beta	standard	104
2167	7960	DRUG	Inulin	inulin	Inulin	NCI Thesaurus	90
2168	1600	DRUG	invanz	invanz	Invanz	standard	74
2169	1601	DRUG	iobenguane	iobenguane	3-Iodobenzylguanidine	standard	5
2170	1602	DRUG	iodide	iodide	Iodide Ion	standard	26
2171	1603	DRUG	iodide i-131	iodide i-131	Iodide Ion I-131	openFDA	455
2172	1604	DRUG	iodine	iodine	Iodine	standard	20
2173	1605	DRUG	iodohippurate sodium i-123	iodohippurate sodium i-123	Iodohippurate Sodium I-123	NCI Thesaurus; SNOMED CT	17
2174	1606	DRUG	iodoquinol	iodoquinol	5,7-Diiodo-8-hydroxyquinoline	standard	61
2175	1607	DRUG	iofetamine i-123	iofetamine i-123	Iofetamine I-123	standard	9
2176	1608	DRUG	ioflupane i-123	ioflupane i-123	Ioflupane I-123	standard	74
2177	8664	DRUG	Iohexol	iohexol	Iohexol	PubChem	50
2178	1609	DRUG	iomazenil	iomazenil	Iomazenil	PubChem	5
2179	1610	DRUG	iopamidol	iopamidol	Iopamidol	standard	53
2180	1611	DRUG	iopromide	iopromide	Iopromide	standard	81
2181	1612	DRUG	iothalamate sodium i 125	iothalamate sodium i 125	Iothalamate Sodium I-125	standard	50
2182	8351	DRUG	IPI-493	ipi-493	IPI-493	PubChem	7
2183	1613	DRUG	ipilimumab	ipilimumab	ipilimumab	standard	18
2184	1614	DRUG	ipragliflozin	ipragliflozin	Ipragliflozin	standard	4
2185	1615	DRUG	ipratropium	ipratropium	Ipratropium	standard	13
2186	1616	DRUG	iproclozide	iproclozide	Iproclozide	standard	5
2187	1617	DRUG	iproniazid	iproniazid	Iproniazid	standard	9
2188	1618	DRUG	iptacopan	iptacopan	Iptacopan	standard	90
2189	1619	DRUG	irbesartan	irbesartan	Irbesartan	standard	44
2190	1620	DRUG	irinotecan	irinotecan	Irinotecan	standard	142
2191	1621	DRUG	irinotecan hydrochloride (anhydrous)	irinotecan hydrochloride (anhydrous)	Irinotecan Hydrochloride	standard	91
2192	1622	DRUG	irinotecan hydrochloride hydrate	irinotecan hydrochloride hydrate	Camptosar	standard	86
2193	8072	DRUG	Iron	iron	Iron	NCI Thesaurus	13
2194	1623	DRUG	iron dextran	iron dextran	iron dextran	standard	11
2195	1624	DRUG	iron isomaltoside 1000	iron isomaltoside 1000	Iron Isomaltoside 1000	standard	98
2196	1625	DRUG	iron sucrose	iron sucrose	Iron Sucrose	standard	81
2197	1626	DRUG	isatuximab	isatuximab	Isatuximab	standard	71
2198	1627	DRUG	isavuconazole	isavuconazole	Isavuconazole	standard	79
2199	1628	DRUG	isavuconazonium	isavuconazonium	Isavuconazonium	standard	51
2200	1629	DRUG	isoaminile	isoaminile	Isoaminile	standard	4
2201	1630	DRUG	isoamyl nitrite	isoamyl nitrite	Isoamyl Nitrite	standard	31
2202	8731	DRUG	Isobutyric acid	isobutyric acid	Isobutyric acid	PubChem	57
2203	1631	DRUG	isocarboxazid	isocarboxazid	Isocarboxazid	standard	6
2204	1632	DRUG	isoconazole	isoconazole	Isoconazole	standard	28
2205	1633	DRUG	isoetharine	isoetharine	Isoetharine	standard	4
2206	1634	DRUG	isoflurane	isoflurane	Isoflurane	standard	20
2207	1635	DRUG	isoflurophate	isoflurophate	Isoflurophate	standard	38
2208	7701	DRUG	Isoleucine	isoleucine	Isoleucine	PubChem	80
2209	1636	DRUG	isometheptene	isometheptene	Isometheptene	standard	6
2210	1637	DRUG	isoniazid	isoniazid	Isoniazid	standard	33
2211	8816	DRUG	ISOPENTENYL PYROPHOSPHATE	isopentenyl pyrophosphate	ISOPENTENYL PYROPHOSPHATE	PubChem	42
2212	1638	DRUG	isoprenaline	isoprenaline	Isoproterenol	standard	88
2213	1639	DRUG	isopropamide	isopropamide	Isopropamide	standard	4
2214	1640	DRUG	isopropanol	isopropanol	Isopropanol	standard	43
2215	8726	DRUG	Isopropyl alcohol	isopropyl alcohol	Isopropyl alcohol	PubChem	43
2216	1641	DRUG	isopto cetamide	isopto cetamide	Sulfacetamide Sodium Ophthalmic Product	NCI Thesaurus; DailyMed	30
2217	1642	DRUG	isosorbide	isosorbide	Isosorbide	standard	6
2218	1643	DRUG	isosorbide dinitrate	isosorbide dinitrate	Isosorbide Dinitrate	standard	23
2219	6705	DRUG	isosorbide dinitrate/hydralazine	isosorbide dinitrate/hydralazine	Isosorbide Dinitrate; Hydralazine	modified_drug	39
2220	1644	DRUG	isosorbide mononitrate	isosorbide mononitrate	Isosorbide Mononitrate	standard	23
2221	1645	DRUG	isosulfan blue	isosulfan blue	Isosulfan Blue	NCI Thesaurus	35
2222	1646	DRUG	isosulfan blue inner salt	isosulfan blue inner salt	isosulfan blue	corrected_overlay	31
2223	7964	DRUG	Isothipendyl	isothipendyl	ISOTHIPENDYL	ChEMBL	19
2224	1647	DRUG	isotretinoin	isotretinoin	Isotretinoin	standard	67
2225	8776	DRUG	Isovaleric Acid	isovaleric acid	Isovaleric Acid	PubChem	44
2226	1648	DRUG	isoxaflutole	isoxaflutole	Isoxaflutole	standard	82
2227	1649	DRUG	isoxsuprine	isoxsuprine	Isoxsuprine	NCI Thesaurus	75
2228	1650	DRUG	isradipine	isradipine	Isradipine	standard	13
2229	1651	DRUG	istradefylline	istradefylline	Istradefylline	standard	4
2230	1652	DRUG	itraconazole	itraconazole	Itraconazole	standard	112
2231	1653	DRUG	ivabradine	ivabradine	Ivabradine	standard	73
2232	7966	DRUG	Ivacaftor	ivacaftor	{28 (ivacaftor 150 MG / tezacaftor 100 MG Oral Tablet) / 28 (ivacaftor 150 MG Oral Tablet) } Pack [Symdeko (100 MG / 150 MG; 150 MG)]	RxNorm	37
2233	6706	DRUG	ivacaftor / lumacaftor oral product	ivacaftor / lumacaftor oral product	Ivacaftor; Lumacaftor	modified_drug	61
2234	6707	DRUG	ivacaftor / tezacaftor pill	ivacaftor / tezacaftor pill	Ivacaftor; tezacaftor	PubChem	90
2235	1654	DRUG	ivermectin	ivermectin	ivermectin	standard	48
2236	1655	DRUG	ivosidenib	ivosidenib	Ivosidenib	standard	83
2237	1656	DRUG	ixabepilone	ixabepilone	Ixabepilone	standard	53
2238	1657	DRUG	ixazomib	ixazomib	Ixazomib	standard	81
2239	1658	DRUG	ixazomib citrate	ixazomib citrate	Ixazomib citrate	standard	87
2240	1659	DRUG	ixekizumab	ixekizumab	Ixekizumab	DailyMed	350
2241	1660	DRUG	janssen covid-19 vaccine	janssen covid-19 vaccine	ADENOVIRUS TYPE 26 ENCODING SARS-COV-2 SPIKE GLYCOPROTEIN	standard	4
2242	6708	DRUG	japanese encephalitis vaccine, inactivated, adsorbed	japanese encephalitis vaccine, inactivated, adsorbed	JAPANESE ENCEPHALITIS VIRUS, INACTIVATED	modified_drug	17
2243	6709	DRUG	japanese encephalitis virus strain sa 14-14-2 antigen (formaldehyde inactivated)	japanese encephalitis virus strain sa 14-14-2 antigen (formaldehyde inactivated)	JAPANESE ENCEPHALITIS VIRUS, INACTIVATED	modified_drug	23
2244	8326	DRUG	JNJ-37822681	jnj-37822681	JNJ-37822681	ChEMBL	19
2245	8662	DRUG	Josamycin	josamycin	Josamycin	PubChem	48
2246	8075	DRUG	Kaempherol	kaempherol	KAEMPFEROL	ChEMBL	19
2247	1661	DRUG	kaletra	kaletra	Kaletra	standard	60
2248	1662	DRUG	kanamycin	kanamycin	Kanamycin	standard	24
2249	8681	DRUG	Kaolin	kaolin	kaolin 100 MG/ML Oral Suspension [Pet Pectillin]	RxNorm	17
2250	1663	DRUG	karaya gum	karaya gum	Karaya Gum	DailyMed	169
2251	6710	DRUG	kcentra injectable product	kcentra injectable product	four-factor prothrombin complex concentrate	corrected_overlay	22
2252	7707	DRUG	Ketamine	ketamine	Ketamine	PubChem	77
2253	1664	DRUG	ketanserin	ketanserin	Ketanserin	standard	71
2254	1665	DRUG	ketoconazole	ketoconazole	Ketoconazole	standard	16
2255	1666	DRUG	ketoprofen	ketoprofen	Ketoprofen	standard	64
2256	1667	DRUG	ketorolac	ketorolac	Ketorolac	standard	122
2257	1668	DRUG	ketotifen	ketotifen	Ketotifen	standard	102
2258	1669	DRUG	keyhole limpet hemocyanin	keyhole limpet hemocyanin	Keyhole limpet hemocyanin	NCI Thesaurus	36
2259	1670	DRUG	khuskia oryzae	khuskia oryzae	Khuskia oryzae allergenic extract	corrected_overlay	13
2260	1671	DRUG	kinetin	kinetin	Kinetin	standard	42
2261	1672	DRUG	kinrix	kinrix	diphtheria toxoid; tetanus toxoid; acellular pertussis vaccine; inactivated poliovirus vaccine	corrected_overlay	26
2262	1673	DRUG	l 084	l 084	l 084	standard	1
2263	1674	DRUG	l-acetylleucine	l-acetylleucine	N-Acetyl-L-leucine	standard	38
2264	1675	DRUG	l-glutamine	l-glutamine	L-Glutamine	standard	89
2265	8406	DRUG	L-Lactic acid	l-lactic acid	L-Lactic acid	PubChem	51
2266	6711	DRUG	l1 protein, human papillomavirus type 11 vaccine / l1 protein, human papillomavirus type 16 vaccine / l1 protein, human papillomavirus type 18 vaccine / l1 protein, human papillomavirus type 31 vaccine / l1 protein, human papillomavirus type 33 vaccine / l1 protein, human papillomavirus type 45 vaccine / l1 protein, human papillomavirus type 52 vaccine / l1 protein, human papillomavirus type 58 vaccine / l1 protein, human papillomavirus type 6 vaccine injectable product	l1 protein, human papillomavirus type 11 vaccine / l1 protein, human papillomavirus type 16 vaccine / l1 protein, human papillomavirus type 18 vaccine / l1 protein, human papillomavirus type 31 vaccine / l1 protein, human papillomavirus type 33 vaccine / l1 protein, human papillomavirus type 45 vaccine / l1 protein, human papillomavirus type 52 vaccine / l1 protein, human papillomavirus type 58 vaccine / l1 protein, human papillomavirus type 6 vaccine injectable product	human papillomavirus 9-valent L1 vaccine	NCI Thesaurus	130
2267	6712	DRUG	l1 protein, human papillomavirus type 16 vaccine / l1 protein, human papillomavirus type 18 vaccine prefilled syringe	l1 protein, human papillomavirus type 16 vaccine / l1 protein, human papillomavirus type 18 vaccine prefilled syringe	human papillomavirus L1 vaccine	NCI Thesaurus	75
2268	1676	DRUG	labetalol	labetalol	Labetalol	standard	59
2269	1677	DRUG	labetalol hydrochloride	labetalol hydrochloride	Labetalol Hydrochloride	standard	7
2270	8177	DRUG	Labradimil	labradimil	Labradimil	NCI Thesaurus	54
2271	1678	DRUG	lacidipine	lacidipine	Lacidipine	standard	9
2272	1679	DRUG	lacosamide	lacosamide	Lacosamide	standard	5
2273	1680	DRUG	lactic acid	lactic acid	Lactic Acid	standard	52
2274	1681	DRUG	lactose, anhydrous	lactose, anhydrous	(+)-Lactose	standard	53
2275	1682	DRUG	lactulose	lactulose	Lactulose	standard	26
2276	1683	DRUG	lafutidine	lafutidine	Lafutidine	standard	6
2277	1684	DRUG	lamivudine	lamivudine	Lamivudine	standard	84
2278	6713	DRUG	lamivudine 300 mg / tenofovir disoproxil fumarate 300 mg oral tablet	lamivudine 300 mg / tenofovir disoproxil fumarate 300 mg oral tablet	Lamivudine; Tenofovir Disoproxil	modified_drug	49
2279	1685	DRUG	lamotrigine	lamotrigine	Lamotrigine	standard	82
2280	1686	DRUG	lanadelumab	lanadelumab	Lanadelumab	standard	91
2281	1687	DRUG	landiolol	landiolol	Landiolol	standard	6
2282	1688	DRUG	laninamivir	laninamivir	Laninamivir	standard	6
2283	8772	DRUG	Lanosterol	lanosterol	Lanosterol	PubChem	68
2284	8168	DRUG	Lanoteplase	lanoteplase	LANOTEPLASE	ChEMBL	18
2285	1689	DRUG	lanreotide	lanreotide	Lanreotide	NCI Thesaurus	85
2286	1690	DRUG	lansoprazole	lansoprazole	Lansoprazole	standard	28
2287	1691	DRUG	lansoprazole, amoxicillin and clarithromycin	lansoprazole, amoxicillin and clarithromycin	lansoprazole/amoxicillin/clarithromycin	corrected_overlay	31
2288	1692	DRUG	lanthanum carbonate	lanthanum carbonate	Lanthanum carbonate anhydrous	NCI Thesaurus	55
2289	1693	DRUG	lanthanum carbonate hydrate	lanthanum carbonate hydrate	LANTHANUM CARBONATE	standard	3
2290	1694	DRUG	lanthanum(3+)	lanthanum(3+)	Lanthanum cation (3+)	standard	20
2291	1695	DRUG	lapatinib	lapatinib	Lapatinib	standard	37
2292	1696	DRUG	lapyrium	lapyrium	1-(2-Oxo-2-((2-((1-oxododecyl)oxy)ethyl)amino)ethyl)pyridinium	standard	6
2293	8160	DRUG	Laromustine	laromustine	Laromustine	NCI Thesaurus	59
2294	1697	DRUG	laronidase	laronidase	Laronidase	DailyMed	221
2295	1698	DRUG	laropiprant	laropiprant	Laropiprant	standard	6
2296	1699	DRUG	larotrectinib	larotrectinib	Larotrectinib	NCI Thesaurus	73
2297	1700	DRUG	lascufloxacin	lascufloxacin	Lascufloxacin	standard	1
2298	1701	DRUG	lasmiditan	lasmiditan	Lasmiditan	DailyMed	192
2299	1702	DRUG	lasofoxifene	lasofoxifene	Lasofoxifene	standard	90
2300	1703	DRUG	latamoxef	latamoxef	Moxalactam	standard	41
2301	1704	DRUG	latanoprost	latanoprost	Latanoprost	standard	65
2302	6714	DRUG	latanoprost / netarsudil ophthalmic product	latanoprost / netarsudil ophthalmic product	Latanoprost; Netarsudil	DailyMed	215
2303	1705	DRUG	latanoprost acid	latanoprost acid	Latanoprost acid	standard	78
2304	1706	DRUG	latanoprostene bunod	latanoprostene bunod	Latanoprostene Bunod	standard	5
2305	1707	DRUG	lauric acid	lauric acid	Lauric Acid	standard	68
2306	8344	DRUG	Lavoltidine	lavoltidine	Lavoltidine	PubChem	60
2307	1708	DRUG	lazertinib	lazertinib	Lazertinib	NCI Thesaurus	161
2308	1709	DRUG	lebrikizumab	lebrikizumab	Lebrikizumab	standard	42
2309	1710	DRUG	lecanemab	lecanemab	Lecanemab	DailyMed	204
2310	1711	DRUG	ledipasvir	ledipasvir	Ledipasvir	standard	75
2311	6715	DRUG	ledipasvir / sofosbuvir oral product	ledipasvir / sofosbuvir oral product	Ledipasvir; Sofosbuvir	modified_drug	69
2312	6716	DRUG	ledipasvir, sofosbuvir drug combination	ledipasvir, sofosbuvir drug combination	ledipasvir; sofosbuvir	corrected_overlay	11
2313	1712	DRUG	lefamulin	lefamulin	Lefamulin	DailyMed	282
2314	1713	DRUG	leflunomide	leflunomide	Leflunomide	standard	87
2315	1714	DRUG	lemborexant	lemborexant	Lemborexant	DailyMed	131
2316	9545	DRUG	lenacapavir	lenacapavir	Lenacapavir	curated_drug_definition	28
2317	1715	DRUG	lenacapavir sodium	lenacapavir sodium	Lenacapavir Sodium	NCI Thesaurus	60
2318	1716	DRUG	lenalidomide	lenalidomide	Lenalidomide	standard	57
2319	1717	DRUG	leniolisib	leniolisib	Leniolisib	standard	59
2320	1718	DRUG	lenograstim	lenograstim	Lenograstim	standard	50
2321	1719	DRUG	lenvatinib	lenvatinib	Lenvatinib	standard	111
2322	1720	DRUG	lepirudin	lepirudin	Lepirudin	standard	70
2323	1721	DRUG	lercanidipine	lercanidipine	Lercanidipine	standard	4
2324	1722	DRUG	lesinurad	lesinurad	Lesinurad	standard	62
2325	8173	DRUG	Lestaurtinib	lestaurtinib	Lestaurtinib	PubChem	4
2326	1723	DRUG	letermovir	letermovir	Letermovir	NCI Thesaurus	78
2327	1724	DRUG	letibotulinumtoxina	letibotulinumtoxina	Letibotulinumtoxina	DailyMed	80
2328	1725	DRUG	letrozole	letrozole	Letrozole	standard	23
2329	1726	DRUG	leucovorin	leucovorin	Leucovorin	standard	37
2330	9546	DRUG	leucovorin calcium	leucovorin calcium	leucovorin	PubChem	37
2331	1727	DRUG	leuprolide	leuprolide	Leuprolide	standard	78
2332	1728	DRUG	leuprorelin	leuprorelin	Leuprolide	standard	78
2333	1729	DRUG	leuprorelin acetate	leuprorelin acetate	Leuprolide Acetate	standard	78
2334	1730	DRUG	levacetylmethadol	levacetylmethadol	Levomethadyl Acetate	standard	23
2335	1731	DRUG	levallorphan	levallorphan	Levallorphan	standard	5
2336	1732	DRUG	levamisole	levamisole	Levamisole	standard	83
2337	1733	DRUG	levamlodipine	levamlodipine	Levamlodipine	standard	13
2338	1734	DRUG	levetiracetam	levetiracetam	Levetiracetam	standard	62
2339	1735	DRUG	levobetaxolol	levobetaxolol	Levobetaxolol	standard	13
2340	1736	DRUG	levobunolol	levobunolol	Levobunolol	standard	70
2341	1737	DRUG	levobupivacaine	levobupivacaine	Levobupivacaine	standard	46
2342	1738	DRUG	levocabastine	levocabastine	Levocabastine	standard	6
2343	1739	DRUG	levocarnitine	levocarnitine	(-)-Carnitine	standard	43
2344	1740	DRUG	levocetirizine	levocetirizine	Levocetirizine	standard	5
2345	1741	DRUG	levodopa	levodopa	Levodopa	standard	95
2346	1742	DRUG	levofloxacin	levofloxacin	Levofloxacin	standard	70
2347	1743	DRUG	levofolinic acid	levofolinic acid	L-Folinic acid	standard	29
2348	1744	DRUG	levoketoconazole	levoketoconazole	Ketoconazole	standard	16
2349	1745	DRUG	levoleucovorin	levoleucovorin	(6S)-5-formyltetrahydrofolic acid	standard	7
2350	1746	DRUG	levoleucovorin calcium pentahydrate	levoleucovorin calcium pentahydrate	Levoleucovorin calcium pentahydrate	standard	125
2351	1747	DRUG	levomefolic acid	levomefolic acid	L-Methylfolate	standard	42
2352	8360	DRUG	Levomenol	levomenol	Levomenol	PubChem	4
2353	1748	DRUG	levomenthol	levomenthol	(-)-Menthol	standard	36
2354	1749	DRUG	levomilnacipran	levomilnacipran	Levomilnacipran	standard	6
2355	1750	DRUG	levonorgestrel	levonorgestrel	Levonorgestrel	standard	37
2356	1751	DRUG	levorphanol	levorphanol	Levorphanol	standard	5
2357	1752	DRUG	levosalbutamol	levosalbutamol	(-)-Salbutamol	standard	4
2358	1753	DRUG	levosimendan	levosimendan	Levosimendan	standard	30
2359	1754	DRUG	levothyroxine	levothyroxine	Thyroxine	standard	63
2360	6717	DRUG	levothyroxine / liothyronine pill	levothyroxine / liothyronine pill	Thyroxine; Liothyronine	modified_drug	34
2361	8355	DRUG	Liarozole	liarozole	Liarozole	PubChem	6
2362	1755	DRUG	librax	librax	chlordiazepoxide; clidinium	corrected_overlay	12
2363	8121	DRUG	Licofelone	licofelone	LICOFELONE	ChEMBL	19
2364	1756	DRUG	lidocaine	lidocaine	Lidocaine	standard	57
2365	6718	DRUG	lidocaine / menthol / methyl salicylate topical product	lidocaine / menthol / methyl salicylate topical product	Lidocaine; Menthol; Methyl Salicylate	modified_drug	62
2366	6719	DRUG	lidocaine / menthol topical solution	lidocaine / menthol topical solution	Lidocaine; Menthol	modified_drug	46
2367	6720	DRUG	lidocaine / phenylephrine rectal product	lidocaine / phenylephrine rectal product	Lidocaine; Phenylephrine	modified_drug	58
2368	1757	DRUG	lidoflazine	lidoflazine	Lidoflazine	standard	4
2369	1758	DRUG	lifitegrast	lifitegrast	Lifitegrast	standard	64
2370	1759	DRUG	limaprost	limaprost	Limaprost	standard	6
2371	1760	DRUG	linaclotide	linaclotide	Linaclotide	standard	67
2372	1761	DRUG	linagliptin	linagliptin	Linagliptin	standard	62
2373	6721	DRUG	linagliptin / metformin pill	linagliptin / metformin pill	Linagliptin; Metformin	modified_drug	58
2374	1762	DRUG	lincomycin	lincomycin	Lincomycin	standard	41
2375	1763	DRUG	lindane	lindane	Lindane	standard	92
2376	1764	DRUG	linezolid	linezolid	Linezolid	standard	83
2377	1765	DRUG	linoleic acid	linoleic acid	Linoleic Acid	standard	57
2378	8250	DRUG	Linseed oil	linseed oil	Linseed Oil	NCI Thesaurus	22
2379	1766	DRUG	linzagolix	linzagolix	Linzagolix	NCI Thesaurus	115
2380	1767	DRUG	linzagolix choline	linzagolix choline	Linzagolix Choline	NCI Thesaurus	126
2381	1768	DRUG	liothyronine	liothyronine	Liothyronine	standard	100
2382	1769	DRUG	liotrix	liotrix	Liotrix	standard	5
2383	1770	DRUG	lipegfilgrastim	lipegfilgrastim	Lipegfilgrastim	standard	55
2384	8051	DRUG	Lipoic acid	lipoic acid	lipoic acid	ChEBI	15
2385	1771	DRUG	liraglutide	liraglutide	Liraglutide	standard	77
2386	1772	DRUG	lisdexamfetamine	lisdexamfetamine	Lisdexamfetamine	standard	6
2387	1773	DRUG	lisinopril	lisinopril	Lisinopril	standard	24
2388	1774	DRUG	lisocabtagene maraleucel	lisocabtagene maraleucel	Lisocabtagene Maraleucel	standard	148
2389	1775	DRUG	lisuride	lisuride	Lisuride	standard	32
2390	1776	DRUG	lithium carbonate	lithium carbonate	Lithium Carbonate	standard	18
2391	1777	DRUG	lithium cation	lithium cation	Lithium ion	standard	14
2392	1778	DRUG	lithium citrate	lithium citrate	Lithium Citrate	standard	43
2393	1779	DRUG	lithium hydroxide	lithium hydroxide	Lithium Hydroxide	standard	7
2394	1780	DRUG	lixisenatide	lixisenatide	Lixisenatide	standard	99
2395	1781	DRUG	lobeglitazone	lobeglitazone	Lobeglitazone	standard	5
2396	1782	DRUG	lodoxamide	lodoxamide	Lodoxamide	standard	17
2397	1783	DRUG	lofexidine	lofexidine	Lofexidine	standard	26
2398	1784	DRUG	lomefloxacin	lomefloxacin	Lomefloxacin	standard	64
2399	8338	DRUG	Lometrexol	lometrexol	Lometrexol	NCI Thesaurus	71
2400	1785	DRUG	lomitapide	lomitapide	Lomitapide	standard	88
2401	1786	DRUG	lomustine	lomustine	Lomustine	standard	77
2402	1787	DRUG	lonafarnib	lonafarnib	Lonafarnib	standard	30
2403	1788	DRUG	lonapegsomatropin	lonapegsomatropin	Lonapegsomatropin	DailyMed	353
2404	1789	DRUG	loncastuximab	loncastuximab	Loncastuximab	standard	53
2405	1790	DRUG	loncastuximab tesirine	loncastuximab tesirine	Loncastuximab Tesirine	standard	125
2406	1791	DRUG	lonoctocog alfa	lonoctocog alfa	Lonoctocog Alfa	standard	1
2407	1792	DRUG	lonsurf	lonsurf	trifluridine; tipiracil	corrected_overlay	18
2408	1793	DRUG	loperamide	loperamide	Loperamide	standard	58
2409	1794	DRUG	lopinavir	lopinavir	Lopinavir	standard	77
2410	1795	DRUG	loracarbef	loracarbef	Loracarbef	standard	59
2411	1796	DRUG	loratadine	loratadine	Loratadine	standard	75
2412	1797	DRUG	lorazepam	lorazepam	Lorazepam	standard	4
2413	8125	DRUG	Lorcaserin	lorcaserin	LORCASERIN	ChEMBL	19
2414	1798	DRUG	lorlatinib	lorlatinib	Lorlatinib	standard	101
2415	1799	DRUG	lormetazepam	lormetazepam	Lormetazepam	standard	46
2416	1800	DRUG	lornoxicam	lornoxicam	Lornoxicam	standard	80
2417	1801	DRUG	lorpiprazole	lorpiprazole	Lorpiprazole	standard	1
2418	1802	DRUG	losartan	losartan	Losartan	standard	60
2419	8302	DRUG	Losmapimod	losmapimod	Losmapimod	PubChem	104
2420	1803	DRUG	loteprednol	loteprednol	Loteprednol	standard	28
2421	1804	DRUG	loteprednol etabonate	loteprednol etabonate	Loteprednol Etabonate	standard	37
2422	6722	DRUG	loteprednol etabonate/tobramycin	loteprednol etabonate/tobramycin	Loteprednol Etabonate; Tobramycin	modified_drug	52
2423	1805	DRUG	lotilaner	lotilaner	Lotilaner	standard	82
2424	1806	DRUG	lovastatin	lovastatin	Lovastatin	standard	89
2425	1807	DRUG	loxapine	loxapine	Loxapine	standard	16
2426	1808	DRUG	loxoprofen	loxoprofen	Loxoprofen	standard	87
2427	1809	DRUG	lubiprostone	lubiprostone	Lubiprostone	NCI Thesaurus	68
2428	8416	DRUG	Lucerastat	lucerastat	LUCERASTAT	ChEMBL	19
2429	1810	DRUG	lucinactant	lucinactant	Lucinactant	NCI Thesaurus	56
2430	1811	DRUG	lufenuron	lufenuron	Lufenuron	standard	16
2431	1812	DRUG	luliconazole	luliconazole	Luliconazole	standard	4
2432	1813	DRUG	lumacaftor	lumacaftor	Lumacaftor	standard	69
2433	1814	DRUG	lumasiran	lumasiran	Lumasiran	DailyMed	106
2434	1815	DRUG	lumateperone	lumateperone	Lumateperone	DailyMed	146
2435	1816	DRUG	lumefantrine	lumefantrine	Lumefantrine	standard	72
2436	7962	DRUG	Lumiracoxib	lumiracoxib	LUMIRACOXIB	ChEMBL	19
2437	8328	DRUG	Lupeol	lupeol	Lupeol	PubChem	82
2438	1817	DRUG	lurasidone	lurasidone	Lurasidone	standard	84
2439	1818	DRUG	lurbinectedin	lurbinectedin	Lurbinectedin	ChEBI	10
2440	1819	DRUG	luseogliflozin	luseogliflozin	Luseogliflozin	standard	4
2441	1820	DRUG	luspatercept	luspatercept	Luspatercept	standard	95
2442	1821	DRUG	lusutrombopag	lusutrombopag	Lusutrombopag	standard	7
2443	1822	DRUG	lutein	lutein	Lutein A	standard	24
2444	1823	DRUG	lutetium (177lu) oxodotreotide	lutetium (177lu) oxodotreotide	Lutetium Lu 177 Dotatate	NCI Thesaurus	130
2445	1824	DRUG	lutetium lu 177 dotatate	lutetium lu 177 dotatate	Lutetium Lu 177 Dotatate	NCI Thesaurus	130
2446	1825	DRUG	lutetium lu-177 vipivotide tetraxetan	lutetium lu-177 vipivotide tetraxetan	Lutetium Lu 177 Vipivotide Tetraxetan	standard	88
2447	1826	DRUG	lutetium lu177 edotreotide	lutetium lu177 edotreotide	Edotreotide Lutetium Lu-177	standard	96
2448	1827	DRUG	lutropin alfa	lutropin alfa	Lutropin Alfa	standard	1
2449	8088	DRUG	LY-294002	ly-294002	LY-294002	ChEMBL	19
2450	1828	DRUG	ly2963016 insulin glargine	ly2963016 insulin glargine	INSULIN GLARGINE	standard	3
2451	8244	DRUG	Lycopene	lycopene	Lycopene	PubChem	30
2452	1829	DRUG	lymecycline	lymecycline	Lymecycline	standard	65
2453	1830	DRUG	lynestrenol	lynestrenol	Lynestrenol	standard	12
2454	1831	DRUG	lypressin	lypressin	Lypressin	standard	5
2455	1832	DRUG	lysine	lysine	L-Lysine	standard	93
2456	1833	DRUG	lysine (pegulicianine)-	lysine (pegulicianine)-	PEGULICIANINE ACETATE	standard	36
2457	8288	DRUG	m-Chlorophenylpiperazine	m-chlorophenylpiperazine	m-Chlorophenylpiperazine	PubChem	49
2458	8692	DRUG	M-Cresol	m-cresol	M-Cresol	PubChem	28
2459	1834	DRUG	macimorelin	macimorelin	Macimorelin	NCI Thesaurus	87
2460	1835	DRUG	macitentan	macitentan	Macitentan	standard	82
2461	6723	DRUG	macitentan / tadalafil oral product	macitentan / tadalafil oral product	Macitentan; Tadalafil	modified_drug	64
2462	1836	DRUG	macrogol	macrogol	poly(ethylene glycol)	standard	7
2463	1837	DRUG	mafenide	mafenide	Mafenide	standard	5
2464	1838	DRUG	maftivimab	maftivimab	Maftivimab	DailyMed	227
2465	1839	DRUG	magaldrate	magaldrate	Magaldrate	standard	59
2466	8412	DRUG	Magnesium	magnesium	Magnesium	PubChem	15
2467	1840	DRUG	magnesium acetate tetrahydrate	magnesium acetate tetrahydrate	Magnesium Acetate Tetrahydrate	NCI Thesaurus	56
2468	1841	DRUG	magnesium aluminum silicate	magnesium aluminum silicate	Magnesium Aluminum Silicate	standard	1
2469	8409	DRUG	Magnesium ascorbate	magnesium ascorbate	SODIUM ASCORBATE	ChEMBL	20
2470	1842	DRUG	magnesium carbonate	magnesium carbonate	Magnesium Carbonate	standard	47
2471	7708	DRUG	Magnesium cation	magnesium cation	Magnesium cation	PubChem	23
2472	8234	DRUG	Magnesium chloride	magnesium chloride	Magnesium chloride	PubChem	40
2473	8379	DRUG	Magnesium gluconate	magnesium gluconate	magnesium gluconate 500 MG Oral Tablet [Mag-G]	RxNorm	17
2474	1843	DRUG	magnesium glycinate	magnesium glycinate	Magnesium Glycinate	standard	28
2475	1844	DRUG	magnesium hydroxide	magnesium hydroxide	Magnesium Hydroxide	standard	28
2476	6724	DRUG	magnesium hydroxide / omeprazole / sodium bicarbonate pill	magnesium hydroxide / omeprazole / sodium bicarbonate pill	Hydroxide; omeprazole; Bicarbonate Ion	modified_drug	44
2477	8667	DRUG	Magnesium oxide	magnesium oxide	Magnesium Oxide	NCI Thesaurus	77
2478	1845	DRUG	magnesium salicylate	magnesium salicylate	(T-4)-Bis(2-(hydroxy-kappaO)benzoato-kappaO)magnesium	PubChem	81
2479	1846	DRUG	magnesium sulfate	magnesium sulfate	Sulfuric acid magnesium salt (1:1)	standard	51
2480	1847	DRUG	magnesium trisilicate	magnesium trisilicate	Magnesium Trisilicate	standard	1
2481	1848	DRUG	magnesium(2+)	magnesium(2+)	Magnesium ion	standard	23
2482	8785	DRUG	Malachite Green	malachite green	Malachite Green	PubChem	65
2483	1849	DRUG	malathion	malathion	Malathion	standard	38
2484	8799	DRUG	Maleic acid	maleic acid	Maleic acid	PubChem	40
2485	8093	DRUG	Malonaldehyde	malonaldehyde	malonaldehyde	ChEBI	35
2486	8717	DRUG	Malonic acid	malonic acid	Malonic acid	PubChem	35
2487	8811	DRUG	Malonyl-CoA	malonyl-coa	Malonyl-CoA	PubChem	45
2488	8756	DRUG	Maltose	maltose	Maltose	PubChem	43
2489	8155	DRUG	Managlinat dialanetil	managlinat dialanetil	Managlinat dialanetil	DrugBank	15
2490	8194	DRUG	Manganese cation	manganese cation	Manganese cation	PubChem	32
2491	8243	DRUG	Manganese gluconate	manganese gluconate	chromium, chelated 0.2 MG / manganese gluconate 5 MG / zinc citrate 25 MG Oral Tablet	RxNorm	26
2492	8404	DRUG	Mangostin	mangostin	Mangostin	PubChem	87
2493	1850	DRUG	manidipine	manidipine	Manidipine	standard	4
2494	1851	DRUG	mannitol	mannitol	Mannitol	standard	54
2495	1852	DRUG	mannitol busulfan	mannitol busulfan	Mannitol myleran	standard	17
2496	1853	DRUG	maprotiline	maprotiline	Maprotiline	standard	6
2497	1854	DRUG	maralixibat	maralixibat	Maralixibat	DailyMed	173
2498	1855	DRUG	maralixibat chloride	maralixibat chloride	Maralixibat Chloride	DailyMed	173
2499	1856	DRUG	maraviroc	maraviroc	(3H)maraviroc	standard	80
2500	1857	DRUG	marbofloxacin	marbofloxacin	Marbofloxacin	standard	6
2501	1858	DRUG	margetuximab	margetuximab	Margetuximab	standard	109
2502	1859	DRUG	maribavir	maribavir	Maribavir	NCI Thesaurus	59
2503	1860	DRUG	maropitant	maropitant	Maropitant	standard	49
2504	1861	DRUG	marstacimab	marstacimab	Marstacimab	DailyMed	140
2505	1862	DRUG	masitinib	masitinib	Masitinib	standard	74
2506	1863	DRUG	masoprocol	masoprocol	Masoprocol	standard	58
2507	1864	DRUG	mavacamten	mavacamten	Mavacamten	DailyMed	143
2508	1865	DRUG	mavorixafor	mavorixafor	Mavorixafor	standard	5
2509	1866	DRUG	maxacalcitol	maxacalcitol	Maxacalcitol	standard	6
2510	1867	DRUG	maxitrol	maxitrol	neomycin; polymyxin B; dexamethasone	corrected_overlay	20
2511	1868	DRUG	mazindol	mazindol	Mazindol	standard	6
2512	6725	DRUG	measles virus vaccine live attenuated	measles virus vaccine live attenuated	MEASLES VIRUS VACCINE LIVE	DailyMed	199
2513	1869	DRUG	measles, mumps, rubella, varicella vaccine	measles, mumps, rubella, varicella vaccine	measles virus vaccine live; mumps virus vaccine live; rubella virus vaccine live; varicella virus vaccine live	corrected_overlay	16
2514	1870	DRUG	measles-mumps-rubella vaccine	measles-mumps-rubella vaccine	measles virus vaccine live; mumps virus vaccine live; rubella virus vaccine live	corrected_overlay	15
2515	1871	DRUG	mebanazine	mebanazine	Mebanazine	standard	6
2516	1872	DRUG	mebendazole	mebendazole	Mebendazole	standard	53
2517	1873	DRUG	mebeverine	mebeverine	Mebeverine	standard	8
2518	1874	DRUG	mebutamate	mebutamate	Mebutamate	standard	6
2519	1875	DRUG	mecamylamine	mecamylamine	Mecamylamine	standard	6
2520	1876	DRUG	mecasermin	mecasermin	Mecasermin	standard	19
2521	1877	DRUG	mecasermin rinfabate	mecasermin rinfabate	Mecasermin Rinfabate	standard	1
2522	1878	DRUG	mechlorethamine	mechlorethamine	Mechlorethamine	standard	17
2523	1879	DRUG	meclizine	meclizine	Meclizine	standard	4
2524	1880	DRUG	meclocycline	meclocycline	Meclocycline	standard	6
2525	1881	DRUG	meclofenamic acid	meclofenamic acid	Meclofenamic Acid	standard	104
2526	1882	DRUG	meclozine	meclozine	Meclizine	standard	4
2527	1883	DRUG	mecobalamin	mecobalamin	MECOBALAMIN	NCI Thesaurus	92
2528	8367	DRUG	Medazepam	medazepam	Medazepam	PubChem	6
2529	1884	DRUG	medetomidine	medetomidine	Medetomidine	standard	6
2530	1885	DRUG	medifoxamine	medifoxamine	Medifoxamine	standard	5
2531	1886	DRUG	medrogestone	medrogestone	Medrogestone	standard	5
2532	1887	DRUG	medroxyprogesterone	medroxyprogesterone	Medroxyprogesterone	standard	54
2533	1888	DRUG	medroxyprogesterone acetate	medroxyprogesterone acetate	Medroxyprogesterone Acetate	standard	88
2534	1889	DRUG	medrysone	medrysone	Medrysone	standard	5
2535	1890	DRUG	mefenamic acid	mefenamic acid	Mefenamic Acid	standard	96
2536	1891	DRUG	mefloquine	mefloquine	Mefloquine	standard	43
2537	1892	DRUG	megestrol	megestrol	Megestrol	standard	60
2538	1893	DRUG	megestrol acetate	megestrol acetate	Megestrol Acetate	standard	92
2539	8378	DRUG	Meglumine antimoniate	meglumine antimoniate	meglumine antimoniate 300 MG/ML Injectable Solution	RxNorm	16
2540	1894	DRUG	melarsoprol	melarsoprol	Melarsoprol	standard	6
2541	1895	DRUG	melatonin	melatonin	Melatonin	standard	87
2542	8364	DRUG	Melevodopa	melevodopa	Melevodopa	PubChem	5
2543	1896	DRUG	meloxicam	meloxicam	Meloxicam	standard	69
2544	1897	DRUG	melphalan	melphalan	Melphalan	standard	54
2545	1898	DRUG	melphalan flufenamide	melphalan flufenamide	Melphalan Flufenamide	NCI Thesaurus	126
2546	1899	DRUG	memantine	memantine	Memantine	standard	80
2547	1900	DRUG	memogain	memogain	BENZGALANTAMINE	DailyMed	200
2548	8053	DRUG	Menadione	menadione	MENADIONE	ChEMBL	19
2549	8427	DRUG	Menaquinone	menaquinone	vitamin K2 0.04 MG Oral Tablet	RxNorm	16
2550	1901	DRUG	menatetrenone	menatetrenone	Menatetrenone	standard	35
2551	6726	DRUG	meningococcal (groups a, c, y and w-135) oligosaccharide diphtheria crm197 conjugate vaccine	meningococcal (groups a, c, y and w-135) oligosaccharide diphtheria crm197 conjugate vaccine	Meningococcal Vaccine	modified_drug	32
2552	6727	DRUG	meningococcal group b vaccine / neisseria meningitidis serogroup a capsular polysaccharide tetanus toxoid protein conjugate vaccine / neisseria meningitidis serogroup c capsular polysaccharide tetanus toxoid protein conjugate vaccine / neisseria meningitidis serogroup w-135 capsular polysaccharide tetanus toxoid protein conjugate vaccine / neisseria meningitidis serogroup y capsular polysaccharide tetanus toxoid protein conjugate vaccine injection	meningococcal group b vaccine / neisseria meningitidis serogroup a capsular polysaccharide tetanus toxoid protein conjugate vaccine / neisseria meningitidis serogroup c capsular polysaccharide tetanus toxoid protein conjugate vaccine / neisseria meningitidis serogroup w-135 capsular polysaccharide tetanus toxoid protein conjugate vaccine / neisseria meningitidis serogroup y capsular polysaccharide tetanus toxoid protein conjugate vaccine injection	Meningococcal Group B Vaccine; Meningococcal Vaccine	modified_drug	68
2553	6728	DRUG	meningococcal polysaccharide vaccine group c	meningococcal polysaccharide vaccine group c	Meningococcal Vaccine	modified_drug	6
2554	6729	DRUG	meningococcal polysaccharide vaccine group w-135	meningococcal polysaccharide vaccine group w-135	Meningococcal Vaccine	modified_drug	23
2555	6730	DRUG	meningococcal polysaccharide vaccine group y	meningococcal polysaccharide vaccine group y	Meningococcal Vaccine	modified_drug	23
2556	1902	DRUG	menotropins	menotropins	Human Menopausal Gonadotropin	standard	12
2557	1903	DRUG	menthol	menthol	Menthol	standard	33
2558	1904	DRUG	menthyl salicylate	menthyl salicylate	Menthyl Salicylate	standard	19
2559	1905	DRUG	mepacrine	mepacrine	(+-)-Quinacrine	standard	72
2560	1906	DRUG	mepenzolate	mepenzolate	Mepenzolate	standard	7
2561	1907	DRUG	meperidine	meperidine	Meperidine	standard	89
2562	1908	DRUG	mephenesin	mephenesin	Mephenesin	standard	38
2563	1909	DRUG	mephentermine	mephentermine	Mephentermine	standard	6
2564	1910	DRUG	mephenytoin	mephenytoin	Mephenytoin	standard	55
2565	1911	DRUG	mepivacaine	mepivacaine	Mepivacaine	standard	37
2566	1912	DRUG	mepolizumab	mepolizumab	Mepolizumab	standard	81
2567	1913	DRUG	meprobamate	meprobamate	Meprobamate	standard	6
2568	1914	DRUG	mepyramine	mepyramine	Pyrilamine	standard	52
2569	1915	DRUG	mequinol	mequinol	Mequinol	standard	46
2570	7961	DRUG	Mequitazine	mequitazine	MEQUITAZINE	ChEMBL	19
2571	1916	DRUG	mercaptamine	mercaptamine	Cysteamine	standard	63
2572	8757	DRUG	Mercaptoethanol	mercaptoethanol	Mercaptoethanol	PubChem	15
2573	1917	DRUG	mercaptopurine	mercaptopurine	6-Mercaptopurine	standard	36
2574	1918	DRUG	meropenem	meropenem	Meropenem	standard	58
2575	6731	DRUG	meropenem / vaborbactam injectable product	meropenem / vaborbactam injectable product	Meropenem; Vaborbactam	PubChem;standard drug terminology	82
2576	1919	DRUG	mesalazine	mesalazine	5-Aminosalicylic Acid	standard	61
2577	1920	DRUG	mesna	mesna	Mesna	standard	5
2578	1921	DRUG	mesoridazine	mesoridazine	Mesoridazine	standard	51
2579	1922	DRUG	mestranol	mestranol	Mestranol	standard	54
2580	1923	DRUG	metacycline	metacycline	Methacycline	standard	40
2581	1924	DRUG	metamfetamine	metamfetamine	Methamphetamine	standard	66
2582	1925	DRUG	metamizole	metamizole	Metamizole	standard	102
2583	8375	DRUG	Metandienone	metandienone	Metandienone	PubChem	6
2584	1926	DRUG	metaraminol	metaraminol	Metaraminol	standard	55
2585	1927	DRUG	metaxalone	metaxalone	Metaxalone	standard	5
2586	1928	DRUG	metergoline	metergoline	Metergoline	standard	54
2587	1929	DRUG	metformin	metformin	Metformin	standard	51
2588	6732	DRUG	metformin / pioglitazone oral tablet	metformin / pioglitazone oral tablet	Metformin; Pioglitazone	modified_drug	71
2589	6733	DRUG	metformin / rosiglitazone oral tablet	metformin / rosiglitazone oral tablet	Metformin; Rosiglitazone	modified_drug	44
2590	6734	DRUG	metformin / saxagliptin extended release oral tablet	metformin / saxagliptin extended release oral tablet	Metformin; SAXAGLIPTIN	DailyMed	332
2591	6735	DRUG	metformin / sitagliptin oral tablet	metformin / sitagliptin oral tablet	Metformin; Sitagliptin	modified_drug	43
2592	6736	DRUG	metformin / sitagliptin oral tablet [janumet]	metformin / sitagliptin oral tablet [janumet]	Metformin; Sitagliptin	modified_drug	44
2593	8685	DRUG	Methacrylyl-Coenzyme A	methacrylyl-coenzyme a	Methacrylyl-Coenzyme A	PubChem	56
2594	1930	DRUG	methadone	methadone	Methadone	standard	67
2595	1931	DRUG	methamphetamine	methamphetamine	Methamphetamine	standard	66
2596	1932	DRUG	methantheline	methantheline	Methantheline	standard	6
2597	1933	DRUG	methanthelinium	methanthelinium	Methantheline	standard	6
2598	1934	DRUG	methapyrilene	methapyrilene	Methapyrilene	standard	56
2599	1935	DRUG	metharbital	metharbital	Metharbital	standard	6
2600	1936	DRUG	methazolamide	methazolamide	Methazolamide	standard	9
2601	1937	DRUG	methdilazine	methdilazine	Methdilazine	standard	41
2602	1938	DRUG	methenamine	methenamine	hexamethylenetetramine	standard	23
2603	1939	DRUG	methimazole	methimazole	Methimazole	standard	34
2604	8047	DRUG	Methionine	methionine	Methionine	NCI Thesaurus	90
2605	1940	DRUG	methocarbamol	methocarbamol	Methocarbamol	standard	47
2606	1941	DRUG	methohexital	methohexital	Methohexital	standard	58
2607	1942	DRUG	methotrexate	methotrexate	Methotrexate	standard	62
2608	1943	DRUG	methotrimeprazine	methotrimeprazine	Levomepromazine	standard	76
2609	1944	DRUG	methoxamine	methoxamine	Methoxamine	standard	64
2610	1945	DRUG	methoxsalen	methoxsalen	8-Methoxypsoralen	standard	98
2611	1946	DRUG	methoxy polyethylene glycol-epoetin beta	methoxy polyethylene glycol-epoetin beta	Pegzerepoetin Alfa	standard	35
2612	1947	DRUG	methoxyflurane	methoxyflurane	Methoxyflurane	standard	48
2613	1948	DRUG	methoxyphenamine	methoxyphenamine	Methoxyphenamine	standard	37
2614	1949	DRUG	methscopolamine	methscopolamine	N-Methylscopolamine	standard	6
2615	1950	DRUG	methscopolamine bromide	methscopolamine bromide	Methscopolamine bromide	standard	53
2616	1951	DRUG	methsuximide	methsuximide	Methsuximide	standard	6
2617	1952	DRUG	methyclothiazide	methyclothiazide	Methyclothiazide	standard	4
2618	1953	DRUG	methyl aminolevulinate	methyl aminolevulinate	Methyl Aminolevulinate	standard	107
2619	1954	DRUG	methyl nicotinate	methyl nicotinate	Methyl Nicotinate	standard	12
2620	1955	DRUG	methyl salicylate	methyl salicylate	Methyl Salicylate	standard	49
2621	8696	DRUG	Methylamine	methylamine	Methylamine	PubChem	45
2622	8806	DRUG	Methyldiazene	methyldiazene	CHEMBL4214817	ChEMBL	12
2623	1956	DRUG	methyldopa	methyldopa	Methyldopa	standard	57
2624	1957	DRUG	methylergometrine	methylergometrine	Methylergometrine	standard	5
2625	1958	DRUG	methylergonovine maleate	methylergonovine maleate	Methergine	standard	13
2626	1959	DRUG	methylhomatropine	methylhomatropine	METHYLHOMATROPINE	standard	1
2627	8797	DRUG	Methylmalonic Acid	methylmalonic acid	Methylmalonic Acid	PubChem	47
2628	1960	DRUG	methylnaltrexone	methylnaltrexone	Methylnaltrexone	standard	6
2629	1961	DRUG	methylphenidate	methylphenidate	Methylphenidate	standard	42
2630	1962	DRUG	methylphenobarbital	methylphenobarbital	Mephobarbital	standard	40
2631	1963	DRUG	methylprednisolone	methylprednisolone	Methylprednisolone	standard	41
2632	1964	DRUG	methylprednisolone aceponate	methylprednisolone aceponate	Methylprednisolone Aceponate	standard	6
2633	1965	DRUG	methylprednisolone hemisuccinate	methylprednisolone hemisuccinate	Methylprednisolone Succinate	standard	9
2634	1966	DRUG	methylprednisone	methylprednisone	6-Methylprednisone	standard	23
2635	1967	DRUG	methyltestosterone	methyltestosterone	Methyltestosterone	standard	48
2636	1968	DRUG	methylthioninium	methylthioninium	Methylene blue cation	standard	34
2637	1969	DRUG	methylthioninium chloride	methylthioninium chloride	Methylene Blue	standard	78
2638	1970	DRUG	methyprylon	methyprylon	Methyprylon	standard	6
2639	1971	DRUG	methysergide	methysergide	Methysergide	standard	5
2640	1972	DRUG	meticillin	meticillin	Methicillin	standard	45
2641	1973	DRUG	meticrane	meticrane	Meticrane	standard	4
2642	1974	DRUG	metipranolol	metipranolol	Metipranolol	standard	67
2643	1975	DRUG	metirosine	metirosine	Metyrosine	standard	71
2644	1976	DRUG	metirosine, (r)-	metirosine, (r)-	METYROSINE	standard	3
2645	1977	DRUG	metixene	metixene	Metixene	standard	26
2646	1978	DRUG	metoclopramide	metoclopramide	Metoclopramide	standard	69
2647	1979	DRUG	metocurine	metocurine	Metocurine	standard	6
2648	1980	DRUG	metocurine iodide	metocurine iodide	Metocurine Iodide	standard	6
2649	1981	DRUG	metolazone	metolazone	Metolazone	standard	60
2650	1982	DRUG	metoprolol	metoprolol	Metoprolol	standard	49
2651	1983	DRUG	metreleptin	metreleptin	Metreleptin	standard	63
2652	1984	DRUG	metrifonate	metrifonate	Trichlorfon	standard	59
2653	1985	DRUG	metronidazole	metronidazole	Metronidazole	standard	168
2654	1986	DRUG	metyrapone	metyrapone	Metyrapone	standard	55
2655	1987	DRUG	metyrosine	metyrosine	Metyrosine	standard	71
2656	8765	DRUG	Mevalonic acid	mevalonic acid	Mevalonic acid	PubChem	44
2657	1988	DRUG	mexiletine	mexiletine	Mexiletine	standard	29
2658	1989	DRUG	mezlocillin	mezlocillin	Mezlocillin	standard	43
2659	1990	DRUG	mianserin	mianserin	Mianserin	standard	70
2660	1991	DRUG	mibefradil	mibefradil	Mibefradil	standard	16
2661	1992	DRUG	micafungin	micafungin	Micafungin	standard	66
2662	1993	DRUG	micardis hct	micardis hct	telmisartan; hydrochlorothiazide	corrected_overlay	13
2663	1994	DRUG	micardis-hct	micardis-hct	telmisartan; hydrochlorothiazide	corrected_overlay	12
2664	1995	DRUG	miconazole	miconazole	Miconazole	standard	34
2665	1996	DRUG	micronomicin	micronomicin	Micronomicin	standard	5
2666	1997	DRUG	midazolam	midazolam	Midazolam	standard	70
2667	1998	DRUG	midodrine	midodrine	Midodrine	standard	102
2668	8672	DRUG	Midomafetamine	midomafetamine	Midomafetamine	PubChem	38
2669	1999	DRUG	midostaurin	midostaurin	Midostaurin	standard	51
2670	2000	DRUG	mifamurtide	mifamurtide	Mifamurtide anhydrous	NCI Thesaurus	65
2671	2001	DRUG	mifepristone	mifepristone	Mifepristone	standard	39
2672	2002	DRUG	migalastat	migalastat	Migalastat	standard	6
2673	2003	DRUG	miglitol	miglitol	Miglitol	standard	6
2674	2004	DRUG	miglustat	miglustat	Miglustat	standard	51
2675	8128	DRUG	Milnacipran	milnacipran	{5 (milnacipran hydrochloride 12.5 MG Oral Tablet [Savella]) / 8 (milnacipran hydrochloride 25 MG Oral Tablet [Savella]) / 42 (milnacipran hydrochloride 50 MG Oral Tablet [Savella]) } Pack [Savella 4-Week Titration]	RxNorm	41
2676	2005	DRUG	milnacipran hydrochloride	milnacipran hydrochloride	Milnacipran Hydrochloride	standard	7
2677	2006	DRUG	milrinone	milrinone	Milrinone	standard	77
2678	2007	DRUG	miltefosine	miltefosine	Miltefosine	standard	50
2679	8658	DRUG	Mimosine	mimosine	Mimosine	PubChem	85
2680	2008	DRUG	minaprine	minaprine	Minaprine	standard	36
2681	2009	DRUG	minocycline	minocycline	Minocycline	standard	66
2682	2010	DRUG	minodronic acid	minodronic acid	Minodronic Acid	standard	1
2683	2011	DRUG	minoxidil	minoxidil	Minoxidil	standard	41
2684	2012	DRUG	miocamycin	miocamycin	Miocamycin	standard	1
2685	2013	DRUG	mipomersen	mipomersen	Mipomersen	standard	1
2686	2014	DRUG	mirabegron	mirabegron	Mirabegron	standard	57
2687	2015	DRUG	mirdametinib	mirdametinib	Mirdametinib	standard	70
2688	2016	DRUG	mirikizumab	mirikizumab	Mirikizumab	DailyMed	62
2689	9547	DRUG	mirikizumab-mrkz	mirikizumab-mrkz	mirikizumab	DailyMed	62
2690	2017	DRUG	miriplatin	miriplatin	Miriplatin	standard	75
2691	2018	DRUG	mirodenafil	mirodenafil	Mirodenafil	standard	77
2692	2019	DRUG	mirogabalin	mirogabalin	Mirogabalin	standard	1
2693	2020	DRUG	mirtazapine	mirtazapine	Mirtazapine	standard	31
2694	2021	DRUG	mirvetuximab soravtansine	mirvetuximab soravtansine	Mirvetuximab Soravtansine	standard	112
2695	8265	DRUG	Misonidazole	misonidazole	Misonidazole	PubChem	6
2696	2022	DRUG	misoprostol	misoprostol	Misoprostol	standard	7
2697	2023	DRUG	mitapivat	mitapivat	Mitapivat	NCI Thesaurus	84
2698	2024	DRUG	mitiglinide	mitiglinide	Mitiglinide	standard	10
2699	2025	DRUG	mitomycin	mitomycin	Mitomycin C	standard	26
2700	2026	DRUG	mitotane	mitotane	Mitotane	standard	4
2701	2027	DRUG	mitoxantrone	mitoxantrone	Mitoxantrone	standard	29
2702	2028	DRUG	mivacurium	mivacurium	Mivacurium	standard	6
2703	2029	DRUG	mizolastine	mizolastine	Mizolastine	standard	6
2704	2030	DRUG	mobocertinib	mobocertinib	Mobocertinib	NCI Thesaurus	106
2705	2031	DRUG	moclobemide	moclobemide	Moclobemide	standard	72
2706	2032	DRUG	modafinil	modafinil	Modafinil	standard	48
2707	2033	DRUG	moderna covid-19 vaccine	moderna covid-19 vaccine	Elasomeran	standard	80
2708	2034	DRUG	modified vaccinia ankara	modified vaccinia ankara	VACCINIA VIRUS, LIVE MODIFIED	standard	6
2709	2035	DRUG	moexipril	moexipril	Moexipril	standard	4
2710	2036	DRUG	moexiprilat	moexiprilat	Moexiprilat	standard	7
2711	2037	DRUG	mogamulizumab	mogamulizumab	Mogamulizumab	standard	111
2712	2038	DRUG	molidustat	molidustat	Molidustat	DailyMed	67
2713	2039	DRUG	molindone	molindone	Molindone	standard	6
2714	2040	DRUG	molsidomine	molsidomine	Molsidomine	standard	6
2715	2041	DRUG	momelotinib	momelotinib	Momelotinib	standard	93
2716	2042	DRUG	mometasone	mometasone	Mometasone	standard	46
2717	6737	DRUG	mometasone / olopatadine nasal product	mometasone / olopatadine nasal product	Mometasone; Olopatadine	modified_drug	43
2718	2043	DRUG	mometasone furoate	mometasone furoate	Mometasone Furoate	standard	40
2719	8803	DRUG	Monastrol	monastrol	Monastrol	PubChem	16
2720	8253	DRUG	Monensin	monensin	Monensin	PubChem	76
2721	2044	DRUG	monobenzone	monobenzone	Monobenzone	standard	39
2722	2045	DRUG	monomethyl fumarate	monomethyl fumarate	Monomethyl Fumarate	standard	89
2723	2046	DRUG	monopotassium phosphate	monopotassium phosphate	Monobasic potassium phosphate	standard	30
2724	8783	DRUG	Monothioglycerol	monothioglycerol	Monothioglycerol	PubChem	41
2725	2047	DRUG	montelukast	montelukast	Montelukast	standard	36
2726	2048	DRUG	monteplase	monteplase	Monteplase	standard	1
2727	2049	DRUG	moricizine	moricizine	Moricizine	standard	42
2728	2050	DRUG	moroctocog alfa	moroctocog alfa	Moroctocog Alfa	standard	122
2729	2051	DRUG	morphine	morphine	Morphine	standard	117
2730	6738	DRUG	morphine/naltrexone	morphine/naltrexone	Morphine; Naltrexone	modified_drug	50
2731	2052	DRUG	mosunetuzumab	mosunetuzumab	Mosunetuzumab	standard	81
2732	2053	DRUG	motixafortide	motixafortide	Motixafortide	standard	80
2733	2054	DRUG	motofen	motofen	difenoxin; atropine	corrected_overlay	12
2734	2055	DRUG	moxetumomab pasudotox	moxetumomab pasudotox	Moxetumomab Pasudotox	standard	112
2735	2056	DRUG	moxidectin	moxidectin	Moxidectin	standard	4
2736	2057	DRUG	moxifloxacin	moxifloxacin	Moxifloxacin	standard	83
2737	2058	DRUG	moxisylyte	moxisylyte	Moxisylyte	standard	7
2738	2059	DRUG	moxonidine	moxonidine	Moxonidine	standard	10
2739	2060	DRUG	mozavaptan	mozavaptan	Mozavaptan	standard	13
2740	6739	DRUG	mumps virus strain b level jeryl lynn live antigen	mumps virus strain b level jeryl lynn live antigen	MUMPS VIRUS VACCINE LIVE	DailyMed	199
2741	2061	DRUG	mupirocin	mupirocin	Mupirocin	standard	115
2742	2062	DRUG	muromonab	muromonab	MUROMONAB-CD3	standard	6
2743	8318	DRUG	Muscimol	muscimol	Muscimol	PubChem	60
2744	2063	DRUG	mycophenolate mofetil	mycophenolate mofetil	Mycophenolate Mofetil	standard	112
2745	2064	DRUG	mycophenolic acid	mycophenolic acid	Mycophenolic Acid	standard	146
2746	6740	DRUG	myfembree pill	myfembree pill	Relugolix; Estradiol; Norethindrone	NCI Thesaurus;PubChem	122
2747	2065	DRUG	myrcludex b	myrcludex b	MYRCLUDEX B	standard	4
2748	8082	DRUG	Myricetin	myricetin	MYRICETIN	ChEMBL	12
2749	8122	DRUG	Myxothiazol	myxothiazol	myxothiazol	ChEBI	43
2750	8697	DRUG	N,N-dimethylformamide	n,n-dimethylformamide	N,N-dimethylformamide	PubChem	21
2751	8771	DRUG	N-(2-Aminoethyl)-5-Chloroisoquinoline-8-Sulfonamide	n-(2-aminoethyl)-5-chloroisoquinoline-8-sulfonamide	N-(2-Aminoethyl)-5-Chloroisoquinoline-8-Sulfonamide	PubChem	69
2752	8115	DRUG	N-(6-Aminohexyl)-5-Chloro-1-Naphthalenesulfonamide	n-(6-aminohexyl)-5-chloro-1-naphthalenesulfonamide	N-AMINOHEXYL-5-CHLORO-1-NAPTHALENESULFONAMIDE HYDROCHLORIDE	ChEMBL	13
2753	2066	DRUG	n-acetylglucosamine	n-acetylglucosamine	Acetylglucosamine	standard	15
2754	2067	DRUG	nabilone	nabilone	Nabilone	NCI Thesaurus	71
2755	2068	DRUG	nabumetone	nabumetone	Nabumetone	standard	84
2756	8050	DRUG	NADH	nadh	NADH	ChEBI	28
2757	8399	DRUG	Nadide	nadide	Nadide	PubChem	28
2758	2069	DRUG	nadifloxacin	nadifloxacin	Nadifloxacin	standard	20
2759	2070	DRUG	nadofaragene firadenovec	nadofaragene firadenovec	Nadofaragene Firadenovec	standard	43
2760	2071	DRUG	nadolol	nadolol	Nadolol	ChEBI	16
2761	2072	DRUG	nadolol and bendroflumethiazide	nadolol and bendroflumethiazide	Nadolol; bendroflumethiazide	manual_final7_review	22
2762	2073	DRUG	nadroparin	nadroparin	Nadroparin	standard	64
2763	2074	DRUG	nafamostat	nafamostat	Nafamostat	standard	12
2764	2075	DRUG	nafarelin	nafarelin	Nafarelin	standard	14
2765	2076	DRUG	nafcillin	nafcillin	Nafcillin	standard	43
2766	2077	DRUG	naftifine	naftifine	Naftifine	standard	62
2767	2078	DRUG	naftopidil	naftopidil	Naftopidil	standard	6
2768	2079	DRUG	nalbuphine	nalbuphine	Nalbuphine	standard	27
2769	2080	DRUG	naldemedine	naldemedine	Naldemedine	DailyMed	108
2770	2081	DRUG	naldemedine tosylate	naldemedine tosylate	Naldemedine Tosylate	NCI Thesaurus; DailyMed	20
2771	2082	DRUG	nalfurafine	nalfurafine	Nalfurafine	standard	6
2772	2083	DRUG	nalfurafine hydrochloride	nalfurafine hydrochloride	Nalfurafine Hydrochloride	NCI Thesaurus; ChEBI	19
2773	2084	DRUG	nalidixic acid	nalidixic acid	Nalidixic Acid	standard	90
2774	2085	DRUG	nalmefene	nalmefene	Nalmefene	standard	5
2775	2086	DRUG	nalorphine	nalorphine	Nalorphine	standard	5
2776	2087	DRUG	naloxegol	naloxegol	Naloxegol	standard	72
2777	2088	DRUG	naloxone	naloxone	Naloxone	standard	133
2778	6741	DRUG	naloxone / pentazocine pill	naloxone / pentazocine pill	Naloxone; Pentazocine	modified_drug	64
2779	2089	DRUG	naltrexone	naltrexone	Naltrexone	standard	83
2780	8345	DRUG	Namodenoson	namodenoson	Namodenoson	NCI Thesaurus	73
2781	2090	DRUG	namzaric	namzaric	memantine; donepezil	corrected_overlay	19
2782	2091	DRUG	nandrolone	nandrolone	Nandrolone	standard	45
2783	2092	DRUG	nandrolone decanoate	nandrolone decanoate	Nandrolone Decanoate	standard	6
2784	2093	DRUG	nandrolone phenpropionate	nandrolone phenpropionate	Nandrolone Phenylpropionate	standard	24
2785	2094	DRUG	naphazoline	naphazoline	Naphazoline	standard	6
2786	2095	DRUG	naproxen	naproxen	Naproxen	standard	119
2787	6742	DRUG	naproxen / sumatriptan pill	naproxen / sumatriptan pill	Naproxen; Sumatriptan	modified_drug	46
2788	2096	DRUG	naratriptan	naratriptan	Naratriptan	standard	23
2789	8099	DRUG	Naringenin	naringenin	NARINGENIN	ChEMBL	12
2790	2097	DRUG	natalizumab	natalizumab	Natalizumab	standard	116
2791	2098	DRUG	natamycin	natamycin	Natamycin	ChEBI	43
2792	2099	DRUG	nateglinide	nateglinide	Nateglinide	standard	54
2793	2100	DRUG	naxitamab	naxitamab	Naxitamab	standard	84
2794	8809	DRUG	Nebularine	nebularine	Nebularine	PubChem	45
2795	2101	DRUG	necitumumab	necitumumab	Necitumumab	standard	84
2796	2102	DRUG	nedaplatin	nedaplatin	Nedaplatin	NCI Thesaurus	62
2797	2103	DRUG	nedocromil	nedocromil	Nedocromil	standard	34
2798	2104	DRUG	nedosiran	nedosiran	Nedosiran	DailyMed	191
2799	2105	DRUG	nefazodone	nefazodone	Nefazodone	standard	38
2800	2106	DRUG	nefopam	nefopam	Nefopam	standard	33
2801	6743	DRUG	neisseria meningitidis group a capsular oligosaccharide diphtheria crm197 protein conjugate antigen	neisseria meningitidis group a capsular oligosaccharide diphtheria crm197 protein conjugate antigen	Meningococcal Vaccine	modified_drug	27
2802	6744	DRUG	neisseria meningitidis group a capsular polysaccharide diphtheria toxoid conjugate antigen	neisseria meningitidis group a capsular polysaccharide diphtheria toxoid conjugate antigen	Meningococcal Vaccine	modified_drug	28
2803	6745	DRUG	neisseria meningitidis group c capsular oligosaccharide diphtheria crm197 protein conjugate antigen	neisseria meningitidis group c capsular oligosaccharide diphtheria crm197 protein conjugate antigen	Meningococcal Vaccine	modified_drug	27
2804	6746	DRUG	neisseria meningitidis group c capsular polysaccharide diphtheria toxoid conjugate antigen	neisseria meningitidis group c capsular polysaccharide diphtheria toxoid conjugate antigen	Meningococcal Vaccine	modified_drug	28
2805	6747	DRUG	neisseria meningitidis group w-135 capsular oligosaccharide diphtheria crm197 protein conjugate antigen	neisseria meningitidis group w-135 capsular oligosaccharide diphtheria crm197 protein conjugate antigen	Meningococcal Vaccine	modified_drug	27
2806	6748	DRUG	neisseria meningitidis group w-135 capsular polysaccharide diphtheria toxoid conjugate antigen	neisseria meningitidis group w-135 capsular polysaccharide diphtheria toxoid conjugate antigen	Meningococcal Vaccine	modified_drug	28
2807	6749	DRUG	neisseria meningitidis group y capsular polysaccharide diphtheria toxoid conjugate antigen	neisseria meningitidis group y capsular polysaccharide diphtheria toxoid conjugate antigen	Meningococcal Vaccine	modified_drug	28
2808	6750	DRUG	neisseria meningitidis serogroup a capsular polysaccharide tetanus toxoid protein conjugate vaccine / neisseria meningitidis serogroup c capsular polysaccharide tetanus toxoid protein conjugate vaccine / neisseria meningitidis serogroup w-135 capsular polysaccharide tetanus toxoid protein conjugate vaccine / neisseria meningitidis serogroup y capsular polysaccharide tetanus toxoid protein conjugate vaccine injectable product	neisseria meningitidis serogroup a capsular polysaccharide tetanus toxoid protein conjugate vaccine / neisseria meningitidis serogroup c capsular polysaccharide tetanus toxoid protein conjugate vaccine / neisseria meningitidis serogroup w-135 capsular polysaccharide tetanus toxoid protein conjugate vaccine / neisseria meningitidis serogroup y capsular polysaccharide tetanus toxoid protein conjugate vaccine injectable product	Meningococcal Vaccine	modified_drug	28
2809	6751	DRUG	neisseria meningitidis serogroup b recombinant lp2086 a05 protein variant antigen	neisseria meningitidis serogroup b recombinant lp2086 a05 protein variant antigen	Meningococcal Group B Vaccine	modified_drug	45
2810	2107	DRUG	nelarabine	nelarabine	Nelarabine	standard	64
2811	2108	DRUG	nelfinavir	nelfinavir	Nelfinavir	standard	68
2812	2109	DRUG	nemolizumab	nemolizumab	Nemolizumab	DailyMed	114
2813	2110	DRUG	neomycin	neomycin	Neomycin	standard	41
2814	2111	DRUG	neostigmine	neostigmine	Neostigmine	standard	53
2815	2112	DRUG	nepafenac	nepafenac	Nepafenac	standard	63
2816	8130	DRUG	Neramexane	neramexane	NERAMEXANE	ChEMBL	19
2817	2113	DRUG	neratinib	neratinib	Neratinib	standard	53
2818	2114	DRUG	neridronic acid	neridronic acid	Neridronate	standard	6
2819	2115	DRUG	nesiritide	nesiritide	Nesiritide	standard	4
2820	2116	DRUG	netarsudil	netarsudil	Netarsudil	NCI Thesaurus	63
2821	2117	DRUG	netarsudil dimesylate	netarsudil dimesylate	Netarsudil Mesylate	DailyMed	215
2822	8308	DRUG	Netazepide	netazepide	Netazepide	NCI Thesaurus	72
2823	2118	DRUG	netilmicin	netilmicin	Netilmicin	standard	14
2824	8224	DRUG	Netoglitazone	netoglitazone	Netoglitazone	NCI Thesaurus	36
2825	2119	DRUG	netupitant	netupitant	Netupitant	standard	79
2826	6752	DRUG	netupitant / palonosetron oral product	netupitant / palonosetron oral product	Netupitant; Palonosetron	modified_drug	73
2827	2120	DRUG	neuropeptide y	neuropeptide y	Neuropeptide Y	standard	14
2828	2121	DRUG	nevirapine	nevirapine	Nevirapine	standard	69
2829	2122	DRUG	niacin	niacin	nicotinamide	standard	18
2830	6753	DRUG	niacin / simvastatin pill	niacin / simvastatin pill	niacin; Simvastatin	ChEBI;PubChem	89
2831	2123	DRUG	nialamide	nialamide	Nialamide	standard	17
2832	2124	DRUG	nicardipine	nicardipine	Nicardipine	standard	49
2833	2125	DRUG	nicardipine hydrochloride	nicardipine hydrochloride	Nicardipine Hydrochloride	standard	12
2834	2126	DRUG	nicergoline	nicergoline	Nicergoline	standard	11
2835	2127	DRUG	niclosamide	niclosamide	Niclosamide	standard	89
2836	2128	DRUG	nicoboxil	nicoboxil	Nicoboxil	standard	1
2837	2129	DRUG	nicorandil	nicorandil	Nicorandil	standard	73
2838	2130	DRUG	nicotinamide	nicotinamide	Nicotinamide	standard	89
2839	8754	DRUG	Nicotinamide Mononucleotide	nicotinamide mononucleotide	Nicotinamide Mononucleotide	PubChem	35
2840	2131	DRUG	nicotine	nicotine	Nicotine	standard	80
2841	2132	DRUG	nicotinic acid	nicotinic acid	Nicotinic Acid	standard	77
2842	2133	DRUG	nicotinyl alcohol	nicotinyl alcohol	3-pyridinemethanol	standard	21
2843	2134	DRUG	nifedipine	nifedipine	Nifedipine	standard	30
2844	2135	DRUG	nifurtimox	nifurtimox	Nifurtimox	standard	5
2845	2136	DRUG	nilotinib	nilotinib	Nilotinib	standard	42
2846	2137	DRUG	nilutamide	nilutamide	Nilutamide	standard	24
2847	2138	DRUG	nilvadipine	nilvadipine	Nilvadipine	standard	13
2848	2139	DRUG	nimesulide	nimesulide	Nimesulide	standard	46
2849	2140	DRUG	nimodipine	nimodipine	Nimodipine	standard	110
2850	8356	DRUG	Nimustine	nimustine	Nimustine	PubChem	81
2851	2141	DRUG	nintedanib	nintedanib	Nintedanib	standard	94
2852	2142	DRUG	nipocalimab	nipocalimab	Nipocalimab	standard	78
2853	2143	DRUG	niraparib	niraparib	Niraparib	standard	62
2854	2144	DRUG	nirmatrelvir	nirmatrelvir	Nirmatrelvir	standard	87
2855	2145	DRUG	nirogacestat	nirogacestat	Nirogacestat	standard	89
2856	2146	DRUG	nirsevimab	nirsevimab	Nirsevimab	standard	134
2857	2147	DRUG	nisoldipine	nisoldipine	Nisoldipine	standard	76
2858	2148	DRUG	nitazoxanide	nitazoxanide	Nitazoxanide	standard	20
2859	2149	DRUG	nitisinone	nitisinone	Nitisinone	standard	53
2860	2150	DRUG	nitrazepam	nitrazepam	Nitrazepam	standard	71
2861	2151	DRUG	nitrendipine	nitrendipine	Nitrendipine	standard	88
2862	2152	DRUG	nitric oxide	nitric oxide	Nitric Oxide	standard	68
2863	2153	DRUG	nitrite	nitrite	Nitrite	standard	47
2864	8316	DRUG	Nitroaspirin	nitroaspirin	Nitroaspirin	PubChem	8
2865	8654	DRUG	Nitrofural	nitrofural	Nitrofural	PubChem	11
2866	2154	DRUG	nitrofurantoin	nitrofurantoin	Nitrofurantoin	standard	59
2867	2155	DRUG	nitrogen	nitrogen	Nitrogen	standard	47
2868	2156	DRUG	nitroglycerin	nitroglycerin	Nitroglycerin	standard	64
2869	2157	DRUG	nitroprusside	nitroprusside	Nitroprusside	DailyMed	142
2870	2158	DRUG	nitrous oxide	nitrous oxide	Nitrous Oxide	standard	112
2871	8067	DRUG	Nitroxoline	nitroxoline	Nitroxoline	NCI Thesaurus	91
2872	2159	DRUG	nivolumab	nivolumab	Nivolumab	standard	20
2873	6754	DRUG	nivolumab / relatlimab injection	nivolumab / relatlimab injection	Nivolumab; Relatlimab	modified_drug	43
2874	2160	DRUG	nizatidine	nizatidine	Nizatidine	ChEBI	21
2875	6755	DRUG	nogapendekin alfa inbakicept-pmln 1 mg/ml	nogapendekin alfa inbakicept-pmln 1 mg/ml	Nogapendekin Alfa Inbakicept	modified_drug	47
2876	2161	DRUG	nomegestrol	nomegestrol	Nomegestrol	standard	5
2877	2162	DRUG	nomegestrol acetate	nomegestrol acetate	Nomegestrol Acetate	standard	6
2878	2163	DRUG	nomifensine	nomifensine	Nomifensine	standard	25
2879	2164	DRUG	nonacog beta pegol	nonacog beta pegol	Nonacog Beta Pegol	openFDA	403
2880	6376	DRUG	nonoxynol-9	nonoxynol-9	VCF CONTRACEPTIVE PRE-FILLED APPLICATORS (NONOXYNOL-9) GEL, METERED [APOTHECUS PHARMACEUTICAL CORP]	MeSH	44
2881	2165	DRUG	norelgestromin	norelgestromin	Norelgestromin	DailyMed	324
2882	2166	DRUG	norepinephrine	norepinephrine	Norepinephrine	standard	41
2883	2167	DRUG	norethisterone	norethisterone	Norethindrone	standard	71
2884	2168	DRUG	norethynodrel	norethynodrel	Norethynodrel	standard	5
2885	2169	DRUG	norfloxacin	norfloxacin	Norfloxacin	standard	73
2886	2170	DRUG	norgestimate	norgestimate	Norgestimate	standard	27
2887	2171	DRUG	norgestimate and ethinyl estradiol	norgestimate and ethinyl estradiol	norgestimate; ethinyl estradiol	corrected_overlay	11
2888	2172	DRUG	norgestrel	norgestrel	Levonorgestrel	standard	37
2889	2173	DRUG	normethadone	normethadone	Normethadone	standard	4
2890	2174	DRUG	nortriptyline	nortriptyline	Nortriptyline	standard	72
2891	2175	DRUG	noscapine	noscapine	Noscapine	standard	103
2892	2176	DRUG	novobiocin	novobiocin	Novobiocin	standard	66
2893	2177	DRUG	noxytiolin	noxytiolin	Noxytiolin	standard	6
2894	8392	DRUG	NS-398	ns-398	NS-398	PubChem	47
2895	2178	DRUG	nusinersen	nusinersen	Nusinersen	DailyMed	338
2896	2179	DRUG	nuvaxovid	nuvaxovid	SARS-CoV-2 rS Nanoparticle Vaccine NVX-CoV2373	standard	55
2897	2180	DRUG	nylidrin	nylidrin	Nylidrin	standard	4
2898	2181	DRUG	nystatin	nystatin	Nystatin [USP:INN:BAN:JAN]	PubChem	43
2899	2182	DRUG	nystatin and triamcinolone acetonide	nystatin and triamcinolone acetonide	nystatin; triamcinolone acetonide	corrected_overlay	12
2900	2183	DRUG	obeticholic acid	obeticholic acid	Obeticholic Acid	standard	73
2901	2184	DRUG	obiltoxaximab	obiltoxaximab	Obiltoxaximab	DailyMed	86
2902	2185	DRUG	obinutuzumab	obinutuzumab	Obinutuzumab	standard	100
2903	8384	DRUG	Oblimersen	oblimersen	Oblimersen	NCI Thesaurus	53
2904	2186	DRUG	oclacitinib	oclacitinib	oclacitinib	standard	94
2905	2187	DRUG	ocrelizumab	ocrelizumab	Ocrelizumab	standard	79
2906	2188	DRUG	ocriplasmin	ocriplasmin	Ocriplasmin	standard	1
2907	2189	DRUG	octasulfur	octasulfur	Cyclooctasulfur	standard	45
2908	2190	DRUG	octatropine methylbromide	octatropine methylbromide	anisotropine methylbromide	standard	17
2909	2191	DRUG	octinoxate	octinoxate	Octinoxate	standard	7
2910	2192	DRUG	octreotide	octreotide	Octreotide	NCI Thesaurus	66
2911	2193	DRUG	odesivimab	odesivimab	Odesivimab	DailyMed	227
2912	2194	DRUG	odevixibat	odevixibat	Odevixibat	DailyMed	171
2913	2195	DRUG	ofatumumab	ofatumumab	Ofatumumab	standard	97
2914	2196	DRUG	ofloxacin	ofloxacin	Ofloxacin	standard	75
2915	2197	DRUG	olanzapine	olanzapine	Olanzapine	standard	59
2916	6756	DRUG	olanzapine 5 mg / samidorphan 10 mg oral tablet	olanzapine 5 mg / samidorphan 10 mg oral tablet	Olanzapine; Samidorphan	modified_drug	47
2917	2198	DRUG	olanzapine-fluoxetine combination	olanzapine-fluoxetine combination	olanzapine; fluoxetine	corrected_overlay	11
2918	2199	DRUG	olaparib	olaparib	Olaparib	standard	68
2919	2200	DRUG	olaratumab	olaratumab	olaratumab	standard	25
2920	2201	DRUG	oleandomycin	oleandomycin	Oleandomycin	standard	21
2921	8110	DRUG	Oleic Acid	oleic acid	OLEIC ACID	ChEMBL	20
2922	8124	DRUG	Oleoyl-estrone	oleoyl-estrone	ESTRONE SULFURIC ACID	ChEMBL	21
2923	2202	DRUG	olezarsen	olezarsen	Olezarsen	DailyMed	223
2924	2203	DRUG	oliceridine	oliceridine	Oliceridine	ChEBI	34
2925	2204	DRUG	olipudase alfa	olipudase alfa	Olipudase Alfa	DailyMed	173
2926	8238	DRUG	Olive oil	olive oil	Olive Oil	NCI Thesaurus	84
2927	2205	DRUG	olmesartan	olmesartan	Olmesartan	standard	17
2928	2206	DRUG	olmutinib	olmutinib	Olmutinib	NCI Thesaurus	65
2929	2207	DRUG	olodaterol	olodaterol	Olodaterol	standard	87
2930	2208	DRUG	olopatadine	olopatadine	Olopatadine	standard	6
2931	2209	DRUG	olopatadine hydrochloride	olopatadine hydrochloride	Olopatadine Hydrochloride	standard	5
2932	2210	DRUG	olsalazine	olsalazine	Olsalazine	standard	76
2933	2211	DRUG	olutasidenib	olutasidenib	Olutasidenib	NCI Thesaurus	95
2934	2212	DRUG	omacetaxine mepesuccinate	omacetaxine mepesuccinate	Omacetaxine Mepesuccinate	standard	65
2935	2213	DRUG	omacor	omacor	Lovaza	DailyMed	154
2936	2214	DRUG	omadacycline	omadacycline	Omadacycline	standard	6
2937	2215	DRUG	omalizumab	omalizumab	Omalizumab	standard	30
2938	2216	DRUG	omarigliptin	omarigliptin	Omarigliptin	standard	4
2939	2217	DRUG	omaveloxolone	omaveloxolone	N-(2-Cyano-3,12-dioxo-28-noroleana-1,9(11)-dien-17-yl)-2,2-difluoropropanamide	standard	72
2940	2218	DRUG	ombitasvir	ombitasvir	Ombitasvir	standard	81
2941	6757	DRUG	ombitasvir / paritaprevir / ritonavir oral tablet	ombitasvir / paritaprevir / ritonavir oral tablet	Ombitasvir; Paritaprevir; Ritonavir	PubChem	138
2942	6758	DRUG	ombitasvir / paritaprevir / ritonavir pill	ombitasvir / paritaprevir / ritonavir pill	Ombitasvir; Paritaprevir; Ritonavir	PubChem;standard drug terminology	126
2943	2219	DRUG	omega-3 fatty acids	omega-3 fatty acids	omega-3 fatty acid	standard	31
2944	2220	DRUG	omega-3-carboxylic acids	omega-3-carboxylic acids	Omega-3-carboxylic Acids	standard	1
2945	8361	DRUG	Omega-6 fatty acids	omega-6 fatty acids	OMEGA-3 FATTY ACIDS	ChEMBL	20
2946	2221	DRUG	omeprazole	omeprazole	omeprazole	standard	9
2947	6759	DRUG	omeprazole / sodium bicarbonate oral capsule	omeprazole / sodium bicarbonate oral capsule	omeprazole; Bicarbonate Ion	modified_drug	39
2948	2222	DRUG	omidenepag isopropyl	omidenepag isopropyl	Omidenepag Isopropyl	DailyMed	149
2949	2223	DRUG	omidria	omidria	phenylephrine; ketorolac	corrected_overlay	26
2950	2224	DRUG	onasemnogene abeparvovec	onasemnogene abeparvovec	Onasemnogene Abeparvovec	DailyMed	100
2951	2225	DRUG	ondansetron	ondansetron	Ondansetron	standard	6
2952	8336	DRUG	Opaganib	opaganib	Opaganib	PubChem	5
2953	2226	DRUG	opicapone	opicapone	Opicapone	standard	8
2954	2227	DRUG	opipramol	opipramol	Opipramol	standard	4
2955	2228	DRUG	oprelvekin	oprelvekin	Oprelvekin	standard	76
2956	8286	DRUG	Orantinib	orantinib	Orantinib	NCI Thesaurus	61
2957	2229	DRUG	orbifloxacin	orbifloxacin	Orbifloxacin	standard	6
2958	2230	DRUG	orciprenaline	orciprenaline	Metaproterenol	standard	6
2959	8298	DRUG	ORG-25935	org-25935	ORG-25935	ChEMBL	19
2960	2231	DRUG	oritavancin	oritavancin	Oritavancin	standard	67
2961	2232	DRUG	orkambi	orkambi	lumacaftor; ivacaftor	corrected_overlay	21
2962	2233	DRUG	orlistat	orlistat	Orlistat	standard	73
2963	2234	DRUG	ornithine	ornithine	L-(-)-Ornithine	standard	57
2964	2235	DRUG	orphenadrine	orphenadrine	Orphenadrine	standard	49
2965	8285	DRUG	Orteronel	orteronel	Orteronel	PubChem	81
2966	2236	DRUG	oseltamivir	oseltamivir	Oseltamivir	standard	75
2967	2237	DRUG	oseltamivir acid	oseltamivir acid	Ro 64-0802	standard	82
2968	2238	DRUG	osilodrostat	osilodrostat	Osilodrostat	NCI Thesaurus	100
2969	2239	DRUG	osimertinib	osimertinib	Osimertinib	standard	95
2970	2240	DRUG	ospemifene	ospemifene	Ospemifene	standard	53
2971	2241	DRUG	oteracil	oteracil	Oteracil	standard	11
2972	2242	DRUG	oteseconazole	oteseconazole	Oteseconazole	standard	6
2973	6377	DRUG	otl-103	otl-103	etuvetidigene autotemcel	alias_drug	16
2974	2243	DRUG	ouabain	ouabain	Ouabain	standard	100
2975	2244	DRUG	oxacillin	oxacillin	Oxacillin	standard	32
2976	2245	DRUG	oxaliplatin	oxaliplatin	Oxaliplatin	ChEBI	16
2977	2246	DRUG	oxamniquine	oxamniquine	Oxamniquine	standard	46
2978	2247	DRUG	oxandrolone	oxandrolone	Oxandrolone	standard	26
2979	2248	DRUG	oxaprozin	oxaprozin	Oxaprozin	standard	68
2980	2249	DRUG	oxatomide	oxatomide	Oxatomide	standard	56
2981	2250	DRUG	oxazepam	oxazepam	Oxazepam	standard	49
2982	2251	DRUG	oxcarbazepine	oxcarbazepine	Oxcarbazepine	standard	72
2983	2252	DRUG	oxeladin	oxeladin	Oxeladin	standard	4
2984	2253	DRUG	oxetacaine	oxetacaine	Oxethazaine	standard	6
2985	2254	DRUG	oxfendazole	oxfendazole	Oxfendazole	standard	50
2986	2255	DRUG	oxibendazole	oxibendazole	Oxibendazole	standard	13
2987	2256	DRUG	oxiconazole	oxiconazole	Oxiconazole	standard	115
2988	2257	DRUG	oxitriptan	oxitriptan	Oxitriptan	standard	47
2989	2258	DRUG	oxitropium	oxitropium	Oxitropium	standard	6
2990	8299	DRUG	Oxothiazolidinecarboxylic acid	oxothiazolidinecarboxylic acid	PROCYSTEINE	ChEMBL	19
2991	2259	DRUG	oxprenolol	oxprenolol	Oxprenolol	standard	5
2992	2260	DRUG	oxtriphylline	oxtriphylline	OXTRIPHYLLINE	standard	3
2993	8669	DRUG	Oxybenzone	oxybenzone	Oxybenzone	PubChem	54
2994	2261	DRUG	oxybuprocaine	oxybuprocaine	Oxybuprocaine	standard	68
2995	2262	DRUG	oxybutynin	oxybutynin	Oxybutynin	standard	60
2996	2263	DRUG	oxycodone	oxycodone	Oxycodone	standard	77
2997	8222	DRUG	Oxygen	oxygen	Oxygen	PubChem	52
2998	2264	DRUG	oxymetazoline	oxymetazoline	Oxymetazoline	standard	88
2999	2265	DRUG	oxymetholone	oxymetholone	Oxymetholone	standard	81
3000	2266	DRUG	oxymorphone	oxymorphone	Oxymorphone	standard	5
3001	2267	DRUG	oxyphenbutazone	oxyphenbutazone	Oxazolidin	standard	97
3002	2268	DRUG	oxyphencyclimine	oxyphencyclimine	Oxyphencyclimine	standard	5
3003	2269	DRUG	oxyphenisatin acetate	oxyphenisatin acetate	Oxyphenisatin Acetate	standard	11
3004	2270	DRUG	oxyphenonium	oxyphenonium	Oxyphenonium	standard	4
3005	2271	DRUG	oxytetracycline	oxytetracycline	Terramycin	standard	64
3006	6760	DRUG	oxytetracycline / phenazopyridine / sulfamethizole oral capsule	oxytetracycline / phenazopyridine / sulfamethizole oral capsule	oxytetracycline; Phenazopyridine; Sulfamethizole	PubChem	157
3007	2272	DRUG	oxytetracycline hydrochloride and hydrocortisone acetate	oxytetracycline hydrochloride and hydrocortisone acetate	Oxytetracycline hydrochloride; hydrocortisone acetate	manual_final7_review	21
3008	2273	DRUG	oxytetracycline monostearyl fumarate	oxytetracycline monostearyl fumarate	OXYTETRACYCLINE	standard	4
3009	8046	DRUG	Oxytocin	oxytocin	Oxytocin	NCI Thesaurus	45
3010	2274	DRUG	ozagrel	ozagrel	Ozagrel	standard	7
3011	2275	DRUG	ozanimod	ozanimod	Ozanimod	standard	19
3012	2276	DRUG	ozenoxacin	ozenoxacin	Ozenoxacin	standard	6
3013	8321	DRUG	Ozone	ozone	Ozone	PubChem	108
3014	2277	DRUG	ozoralizumab	ozoralizumab	Ozoralizumab	standard	1
3015	8106	DRUG	p-Coumaric acid	p-coumaric acid	CHEMBL1800225	ChEMBL	12
3016	8687	DRUG	P-Cresol	p-cresol	P-Cresol	PubChem	49
3017	8808	DRUG	P-Nitrophenol	p-nitrophenol	P-Nitrophenol	PubChem	51
3018	2278	DRUG	pabinafusp alfa	pabinafusp alfa	Pabinafusp Alfa	standard	1
3019	2279	DRUG	paclitaxel	paclitaxel	Paclitaxel	standard	80
3020	8264	DRUG	Pacritinib	pacritinib	Pacritinib	PubChem	77
3021	2280	DRUG	padeliporfin	padeliporfin	Padeliporfin	NCI Thesaurus	70
3022	2281	DRUG	pafolacianine	pafolacianine	Pafolacianine	NCI Thesaurus	91
3023	2282	DRUG	palbociclib	palbociclib	Palbociclib	standard	81
3024	2283	DRUG	palifermin	palifermin	Palifermin	standard	61
3025	2284	DRUG	paliperidone	paliperidone	Paliperidone	standard	37
3026	2285	DRUG	palivizumab	palivizumab	Palivizumab	standard	75
3027	8405	DRUG	Palm oil	palm oil	Palm Oil	NCI Thesaurus	29
3028	2286	DRUG	palmitic acid	palmitic acid	Palmitic Acid	standard	52
3029	8798	DRUG	Palmitoleic Acid	palmitoleic acid	Palmitoleic Acid	PubChem	52
3030	8340	DRUG	Palomid 529	palomid 529	PALOMID-529	ChEMBL	19
3031	2287	DRUG	palonosetron	palonosetron	Palonosetron	standard	64
3032	2288	DRUG	palonosetron hydrochloride	palonosetron hydrochloride	Palonosetron Hydrochloride	standard	53
3033	2289	DRUG	palovarotene	palovarotene	Palovarotene	standard	101
3034	2290	DRUG	pamidronate disodium	pamidronate disodium	Pamidronate Disodium Anhydrous	NCI Thesaurus	44
3035	2291	DRUG	pamidronic acid	pamidronic acid	Pamidronic Acid	standard	5
3036	2292	DRUG	pancrelipase	pancrelipase	Pancrelipase	standard	53
3037	2293	DRUG	pancrelipase amylase	pancrelipase amylase	pancrelipase	corrected_overlay	14
3038	2294	DRUG	pancrelipase protease	pancrelipase protease	Peptidase	standard	7
3039	2295	DRUG	pancuronium	pancuronium	Pancuronium	standard	55
3040	2296	DRUG	panitumumab	panitumumab	Panitumumab	standard	45
3041	2297	DRUG	panobinostat	panobinostat	Panobinostat	standard	86
3042	2298	DRUG	pantethine	pantethine	Pantethine	standard	41
3043	2299	DRUG	pantoprazole	pantoprazole	Pantoprazole	standard	74
3044	2300	DRUG	pantothenic acid	pantothenic acid	Pantothenic Acid	standard	43
3045	2301	DRUG	papaverine	papaverine	Papaverine	standard	55
3046	2302	DRUG	paracetamol	paracetamol	Acetaminophen	standard	93
3047	2303	DRUG	parachlorophenol	parachlorophenol	4-Chlorophenol	standard	13
3048	2304	DRUG	paraldehyde	paraldehyde	Paraldehyde	standard	24
3049	2305	DRUG	paramethadione	paramethadione	Paramethadione	standard	18
3050	2306	DRUG	paramethasone acetate	paramethasone acetate	Paramethasone Acetate	standard	6
3051	8370	DRUG	Paraoxon	paraoxon	Paraoxon	PubChem	43
3052	2307	DRUG	parathyroid hormone	parathyroid hormone	Parathyroid Hormone	standard	29
3053	8284	DRUG	Pardoprunox	pardoprunox	PARDOPRUNOX	ChEMBL	19
3054	2308	DRUG	parecoxib	parecoxib	Parecoxib	standard	55
3055	2309	DRUG	pargyline	pargyline	Pargyline	standard	5
3056	2310	DRUG	paricalcitol	paricalcitol	Paricalcitol	standard	24
3057	2311	DRUG	paritaprevir	paritaprevir	Paritaprevir	ChEBI	39
3058	2312	DRUG	parnaparin	parnaparin	heparin	standard	30
3059	2313	DRUG	paromomycin	paromomycin	Paromomycin	standard	107
3060	2314	DRUG	paroxetine	paroxetine	Paroxetine	standard	141
3061	8354	DRUG	Parthenolide	parthenolide	Parthenolide	PubChem	4
3062	2315	DRUG	pasireotide	pasireotide	Pasireotide	standard	70
3063	2316	DRUG	paspalum notatum pollen	paspalum notatum pollen	Paspalum notatum Pollen	standard	1
3064	2317	DRUG	patisiran	patisiran	Patisiran	standard	93
3065	8091	DRUG	Patupilone	patupilone	Patupilone	NCI Thesaurus	53
3066	2318	DRUG	pazopanib	pazopanib	Pazopanib	standard	68
3067	2319	DRUG	pazufloxacin	pazufloxacin	Pazufloxacin	standard	6
3068	2320	DRUG	peanut	peanut	Peanut	standard	1
3069	2321	DRUG	pefloxacin	pefloxacin	Pefloxacin	standard	59
3070	6378	DRUG	peg-uricase	peg-uricase	pegloticase	corrected_overlay	26
3071	2322	DRUG	pegademase	pegademase	PEGADEMASE BOVINE	standard	12
3072	2323	DRUG	pegaptanib	pegaptanib	Pegaptanib	standard	64
3073	2324	DRUG	pegaspargase	pegaspargase	Pegaspargase	standard	77
3074	2325	DRUG	pegcetacoplan	pegcetacoplan	Pegcetacoplan	standard	110
3075	2326	DRUG	pegfilgrastim	pegfilgrastim	Pegfilgrastim	standard	68
3076	2327	DRUG	peginterferon alfa-2a	peginterferon alfa-2a	Peginterferon Alfa-2a	standard	87
3077	2328	DRUG	peginterferon alfa-2b	peginterferon alfa-2b	Peginterferon Alfa-2b	standard	88
3078	2329	DRUG	peginterferon beta-1a	peginterferon beta-1a	Peginterferon Beta-1A	DailyMed	161
3079	2330	DRUG	pegloticase	pegloticase	Pegloticase	standard	54
3080	2331	DRUG	pegunigalsidase alfa	pegunigalsidase alfa	PEGUNIGALSIDASE ALFA	standard	3
3081	2332	DRUG	pegvaliase	pegvaliase	Pegvaliase	standard	5
3082	2333	DRUG	pegvisomant	pegvisomant	Pegvisomant	standard	99
3083	8156	DRUG	Pelitinib	pelitinib	Pelitinib	NCI Thesaurus	46
3084	2334	DRUG	pemafibrate	pemafibrate	Pemafibrate	standard	77
3085	2335	DRUG	pembrolizumab	pembrolizumab	Pembrolizumab	standard	117
3086	2336	DRUG	pemetrexed	pemetrexed	Pemetrexed	standard	72
3087	2337	DRUG	pemigatinib	pemigatinib	Pemigatinib	NCI Thesaurus	68
3088	2338	DRUG	pemirolast	pemirolast	Pemirolast	standard	4
3089	2339	DRUG	pemivibart	pemivibart	Pemivibart	DailyMed	83
3090	2340	DRUG	pemoline	pemoline	Pemoline	standard	63
3091	2341	DRUG	penbutolol	penbutolol	Penbutolol	standard	6
3092	2342	DRUG	penciclovir	penciclovir	Penciclovir	standard	71
3093	8382	DRUG	Penfluridol	penfluridol	Penfluridol	PubChem	4
3094	2343	DRUG	penicillamine	penicillamine	Penicillamine	standard	57
3095	2344	DRUG	penicillin g	penicillin g	Penicillin G	standard	49
3096	2345	DRUG	penicillin v	penicillin v	Penicillin V	standard	25
3097	2346	DRUG	penpulimab	penpulimab	Penpulimab	standard	108
3098	8749	DRUG	Pentabromophenol	pentabromophenol	PENTABROMOPHENOL	ChEMBL	12
3099	2347	DRUG	pentaerythritol tetranitrate	pentaerythritol tetranitrate	Pentaerythritol Tetranitrate	standard	83
3100	2348	DRUG	pentagastrin	pentagastrin	Pentagastrin	standard	6
3101	2349	DRUG	pentamidine	pentamidine	Pentamidine	standard	91
3102	8701	DRUG	Pentanal	pentanal	Pentanal	PubChem	22
3103	8220	DRUG	Pentastarch	pentastarch	pentastarch 100 MG/ML Injectable Solution	RxNorm	15
3104	2350	DRUG	pentazocine	pentazocine	Pentazocine	standard	4
3105	2351	DRUG	pentobarbital	pentobarbital	Pentobarbital	standard	35
3106	2352	DRUG	pentolinium	pentolinium	Pentolinium	standard	31
3107	2353	DRUG	pentosan polysulfate	pentosan polysulfate	Pentosan Polysulfate	standard	72
3108	2354	DRUG	pentostatin	pentostatin	Pentostatin	standard	68
3109	2355	DRUG	pentoxifylline	pentoxifylline	Pentoxifylline	standard	4
3110	2356	DRUG	pentoxyverine	pentoxyverine	Carbetapentane	standard	9
3111	2357	DRUG	pepsin	pepsin	pepsin	corrected_overlay	9
3112	2358	DRUG	peramivir	peramivir	Peramivir	standard	76
3113	2359	DRUG	perampanel	perampanel	Perampanel	standard	69
3114	2360	DRUG	perazine	perazine	Perazine	standard	47
3115	2361	DRUG	perfluorohexyloctane	perfluorohexyloctane	Perfluorohexyloctane	standard	72
3116	2362	DRUG	pergolide	pergolide	Pergolide	standard	115
3117	2363	DRUG	perhexiline	perhexiline	Perhexiline	standard	14
3118	2364	DRUG	periciazine	periciazine	Periciazine	standard	68
3119	8421	DRUG	Perillyl alcohol	perillyl alcohol	Perillyl alcohol	PubChem	50
3120	2365	DRUG	perindopril	perindopril	Perindopril	standard	54
3121	2366	DRUG	perindoprilat	perindoprilat	Perindoprilat	standard	62
3122	2367	DRUG	permanganate	permanganate	Permanganate	standard	19
3123	2368	DRUG	permethrin	permethrin	Permethrin	standard	65
3124	2369	DRUG	perospirone	perospirone	Perospirone	standard	4
3125	2370	DRUG	perphenazine	perphenazine	Perphenazine	standard	60
3126	8420	DRUG	Pertussis vaccine	pertussis vaccine	PERTUSSIS VACCINE	ChEMBL	20
3127	2371	DRUG	pertuzumab	pertuzumab	Pertuzumab	standard	74
3128	2372	DRUG	pethidine	pethidine	Meperidine	standard	89
3129	2373	DRUG	pexidartinib	pexidartinib	Pexidartinib	standard	91
3130	8291	DRUG	PF-03715455	pf-03715455	PF-03715455	ChEMBL	19
3131	8278	DRUG	PF-04691502	pf-04691502	PF-04691502	PubChem	30
3132	8204	DRUG	PH-797804	ph-797804	PH-797804	PubChem	61
3133	2374	DRUG	phenacemide	phenacemide	Phenacemide	standard	6
3134	8779	DRUG	Phenacetin	phenacetin	Phenacetin	PubChem	9
3135	2375	DRUG	phenazopyridine	phenazopyridine	Phenazopyridine	standard	78
3136	2376	DRUG	phenazopyridine hydrochloride	phenazopyridine hydrochloride	Phenazopyridine hydrochloride	standard	63
3137	8767	DRUG	Phencyclidine	phencyclidine	Phencyclidine	PubChem	71
3138	2377	DRUG	phendimetrazine	phendimetrazine	Phendimetrazine	standard	6
3139	2378	DRUG	phenelzine	phenelzine	Phenelzine	standard	5
3140	8333	DRUG	Phenethyl Isothiocyanate	phenethyl isothiocyanate	Phenethyl Isothiocyanate	PubChem	51
3141	8801	DRUG	Phenethylamine	phenethylamine	Phenethylamine	PubChem	44
3142	2379	DRUG	pheneticillin	pheneticillin	Phenethicillin	standard	35
3143	2380	DRUG	phenformin	phenformin	Phenformin	standard	68
3144	2381	DRUG	phenindamine	phenindamine	Phenindamine	standard	4
3145	2382	DRUG	phenindione	phenindione	Phenindione	standard	23
3146	2383	DRUG	pheniramine	pheniramine	Pheniramine	standard	11
3147	2384	DRUG	phenmetrazine	phenmetrazine	Phenmetrazine	standard	45
3148	2385	DRUG	phenobarbital	phenobarbital	Phenobarbital	standard	44
3149	2386	DRUG	phenol	phenol	Phenol	standard	48
3150	2387	DRUG	phenolphthalein	phenolphthalein	Phenolphthalein	standard	13
3151	2388	DRUG	phenolsulfonic acid	phenolsulfonic acid	4-Hydroxybenzenesulfonic acid	standard	23
3152	2389	DRUG	phenothiazine	phenothiazine	Phenothiazine	standard	33
3153	2390	DRUG	phenothrin	phenothrin	Phenothrin	standard	22
3154	2391	DRUG	phenoxybenzamine	phenoxybenzamine	Phenoxybenzamine	standard	5
3155	2392	DRUG	phenoxymethylpenicillin	phenoxymethylpenicillin	Penicillin V	standard	25
3156	2393	DRUG	phenprocoumon	phenprocoumon	Phenprocoumon	standard	32
3157	2394	DRUG	phensuximide	phensuximide	Phensuximide	standard	6
3158	2395	DRUG	phentermine	phentermine	Phentermine	standard	41
3159	6761	DRUG	phentermine/topiramate	phentermine/topiramate	Phentermine; Topiramate	modified_drug	37
3160	2396	DRUG	phentolamine	phentolamine	Phentolamine	standard	65
3161	2397	DRUG	phenyl aminosalicylate	phenyl aminosalicylate	Phenyl 4-aminosalicylate	standard	8
3162	8718	DRUG	Phenylacetaldehyde	phenylacetaldehyde	Phenylacetaldehyde	PubChem	51
3163	2398	DRUG	phenylacetic acid	phenylacetic acid	Phenylacetic Acid	standard	96
3164	2399	DRUG	phenylalanine	phenylalanine	L-Phenylalanine	standard	92
3165	2400	DRUG	phenylbutazone	phenylbutazone	Phenylbutazone	standard	49
3166	2401	DRUG	phenylbutyrates	phenylbutyrates	SODIUM PHENYLBUTYRATE	standard	7
3167	8196	DRUG	Phenylbutyric acid	phenylbutyric acid	Phenylbutyric acid	PubChem	105
3168	2402	DRUG	phenylephrine	phenylephrine	Phenylephrine	standard	77
3169	6762	DRUG	phenylephrine / promethazine oral solution	phenylephrine / promethazine oral solution	Phenylephrine; Promethazine	modified_drug	68
3170	2403	DRUG	phenylpropanolamine	phenylpropanolamine	Phenylpropanolamine	standard	48
3171	2404	DRUG	phenyltoloxamine	phenyltoloxamine	Phenyltoloxamine	standard	4
3172	2405	DRUG	phenytoin	phenytoin	Phenytoin	standard	40
3173	2406	DRUG	phleum pratense pollen	phleum pratense pollen	Phleum pratense Pollen	DailyMed	103
3174	2407	DRUG	pholcodine	pholcodine	Pholcodine	standard	46
3175	2408	DRUG	phosmet	phosmet	Phosmet	standard	35
3176	2409	DRUG	phosphate ion	phosphate ion	Phosphate	standard	30
3177	8650	DRUG	Phosphatidyl serine	phosphatidyl serine	phosphatidylserine 100 MG Oral Capsule	RxNorm	15
3178	8802	DRUG	Phosphatidylethanolamine	phosphatidylethanolamine	PHOSPHATIDYLETHANOLAMINE	ChEMBL	12
3179	8695	DRUG	Phosphoenolpyruvate	phosphoenolpyruvate	Phosphoenolpyruvate	PubChem	65
3180	8734	DRUG	Phosphoramidon	phosphoramidon	Phosphoramidon	PubChem	40
3181	2410	DRUG	phosphorus p-32	phosphorus p-32	Phosphorus P-32	standard	48
3182	8738	DRUG	Phthalic Acid	phthalic acid	Phthalic Acid	PubChem	31
3183	2411	DRUG	phthalylsulfathiazole	phthalylsulfathiazole	Phthalylsulfathiazole	standard	49
3184	2412	DRUG	phylloquinone	phylloquinone	Phylloquinone	standard	55
3185	2413	DRUG	physostigmine	physostigmine	Physostigmine	standard	27
3186	8417	DRUG	Phytic acid	phytic acid	Phytic acid	PubChem	48
3187	2414	DRUG	phytomenadione	phytomenadione	Phylloquinone	standard	55
3188	2415	DRUG	pibrentasvir	pibrentasvir	Pibrentasvir	DailyMed	336
3189	8206	DRUG	Piceatannol	piceatannol	Piceatannol	PubChem	90
3190	8694	DRUG	Piclamilast	piclamilast	Piclamilast	PubChem	60
3191	2416	DRUG	picosulfuric acid	picosulfuric acid	Picosulfuric acid	PubChem	23
3192	8339	DRUG	Picropodophyllin	picropodophyllin	Picropodophyllin	PubChem	50
3193	8059	DRUG	Picrotoxin	picrotoxin	picrotoxin	ChEBI	18
3194	8259	DRUG	Pictilisib	pictilisib	Pictilisib	PubChem	47
3195	2417	DRUG	piflufolastat f 18	piflufolastat f 18	Piflufolastat F-18	NCI Thesaurus	82
3196	2418	DRUG	pilocarpine	pilocarpine	Pilocarpine	standard	21
3197	2419	DRUG	pilsicainide	pilsicainide	Pilsicainide	standard	67
3198	8148	DRUG	Pimagedine	pimagedine	PIMAGEDINE HYDROCHLORIDE	ChEMBL	20
3199	2420	DRUG	pimavanserin	pimavanserin	Pimavanserin	standard	95
3200	2421	DRUG	pimecrolimus	pimecrolimus	Pimecrolimus	standard	7
3201	2422	DRUG	pimethixene	pimethixene	Pimethixene	standard	6
3202	2423	DRUG	pimobendan	pimobendan	Pimobendan	standard	28
3203	2424	DRUG	pimozide	pimozide	Pimozide	standard	70
3204	2425	DRUG	pinacidil	pinacidil	Pinacidil	standard	6
3205	2426	DRUG	pinaverium	pinaverium	Pinaverium	standard	4
3206	2427	DRUG	pindolol	pindolol	Pindolol	standard	48
3207	2428	DRUG	pioglitazone	pioglitazone	Pioglitazone	standard	93
3208	2429	DRUG	pipecuronium	pipecuronium	Pipecuronium	standard	5
3209	2430	DRUG	piperacillin	piperacillin	Piperacillin	standard	43
3210	2431	DRUG	piperacillin-tazobactam combination	piperacillin-tazobactam combination	piperacillin; tazobactam	corrected_overlay	12
3211	2432	DRUG	piperaquine	piperaquine	Piperaquine	standard	43
3212	2433	DRUG	piperazine	piperazine	Piperazine	standard	47
3213	2434	DRUG	piperonyl butoxide	piperonyl butoxide	Piperonyl Butoxide	standard	15
3214	2435	DRUG	pipobroman	pipobroman	Pipobroman	standard	46
3215	2436	DRUG	pipotiazine	pipotiazine	Pipotiazine	standard	1
3216	2437	DRUG	piracetam	piracetam	Piracetam	standard	17
3217	8255	DRUG	Pirarubicin	pirarubicin	Pirarubicin	PubChem	73
3218	2438	DRUG	pirbuterol	pirbuterol	Pirbuterol	standard	6
3219	2439	DRUG	pirenzepine	pirenzepine	Pirenzepine	standard	19
3220	2440	DRUG	piretanide	piretanide	Piretanide	standard	5
3221	2441	DRUG	pirfenidone	pirfenidone	Pirfenidone	standard	48
3222	2442	DRUG	piribedil	piribedil	Piribedil	standard	4
3223	2443	DRUG	piritramide	piritramide	Piritramide	standard	4
3224	2444	DRUG	pirlindole	pirlindole	Pirlindole	standard	6
3225	2445	DRUG	piroxicam	piroxicam	Piroxicam	standard	96
3226	8377	DRUG	Pirprofen	pirprofen	Pirprofen	PubChem	4
3227	2446	DRUG	pirtobrutinib	pirtobrutinib	Pirtobrutinib	standard	92
3228	2447	DRUG	pitavastatin	pitavastatin	Pitavastatin	standard	91
3229	2448	DRUG	pitavastatin(1-)	pitavastatin(1-)	(3R,5S,E)-7-(2-cyclopropyl-4-(4-fluorophenyl)quinolin-3-yl)-3,5-dihydroxyhept-6-enoate	standard	29
3230	2449	DRUG	pitolisant	pitolisant	Pitolisant	standard	5
3231	2450	DRUG	pivampicillin	pivampicillin	Pivampicillin	standard	43
3232	2451	DRUG	pivmecillinam	pivmecillinam	Pivmecillinam	standard	48
3233	2452	DRUG	pixantrone	pixantrone	Pixantrone	standard	6
3234	2453	DRUG	pizotifen	pizotifen	Pizotifen	standard	92
3235	2454	DRUG	plant-based virus-like particles, recombinant, adjuvanted covid-19 vaccine	plant-based virus-like particles, recombinant, adjuvanted covid-19 vaccine	SARS-CoV-2 virus-like particle vaccine	corrected_overlay	13
3236	2455	DRUG	plasma protein fraction (human)	plasma protein fraction (human)	PLASMA PROTEIN FRACTION	DailyMed	295
3237	2456	DRUG	plasminogen	plasminogen	Plasminogen	standard	23
3238	8721	DRUG	Platelet Activating Factor	platelet activating factor	Platelet Activating Factor	PubChem	51
3239	8301	DRUG	Platinum	platinum	Platinum	PubChem	13
3240	2457	DRUG	plavix	plavix	Plavix	standard	32
3241	2458	DRUG	plazomicin	plazomicin	Plazomicin	DailyMed	187
3242	2459	DRUG	plecanatide	plecanatide	Plecanatide	NCI Thesaurus	135
3243	2460	DRUG	plerixafor	plerixafor	Plerixafor	standard	111
3244	2461	DRUG	plicamycin	plicamycin	Plicamycin	standard	67
3245	2462	DRUG	podofilox	podofilox	Podophyllotoxin	standard	70
3246	2463	DRUG	podophyllin	podophyllin	Podophyllum (resin)	NCI Thesaurus	46
3247	2464	DRUG	podophyllotoxin	podophyllotoxin	Podophyllotoxin	standard	70
3248	2465	DRUG	polaprezinc	polaprezinc	polaprezinc	corrected_overlay	24
3249	2466	DRUG	polatuzumab vedotin	polatuzumab vedotin	Polatuzumab Vedotin	standard	117
3250	2467	DRUG	polidocanol	polidocanol	Nonaethylene Glycol Monododecyl Ether	standard	46
3251	2468	DRUG	polihexanide	polihexanide	polyhexamethylene biguanide	standard	30
3252	6763	DRUG	poliovirus type 2 antigen (formaldehyde inactivated)	poliovirus type 2 antigen (formaldehyde inactivated)	POLIOVIRUS VACCINE INACTIVATED	modified_drug	21
3253	2469	DRUG	polmacoxib	polmacoxib	Polmacoxib	standard	1
3254	8249	DRUG	Poloxamer 188	poloxamer 188	danthron 37.5 MG / poloxamer 188 500 MG Oral Capsule	RxNorm	20
3255	8247	DRUG	Poloxamer 407	poloxamer 407	poloxamer 407 0.02 MG/MG / simethicone 0.0012 MG/MG Oral Gel	RxNorm	20
3256	2470	DRUG	polydatin	polydatin	trans-piceid	standard	13
3257	8233	DRUG	Polyestradiol phosphate	polyestradiol phosphate	Polyestradiol Phosphate	NCI Thesaurus	66
3258	2471	DRUG	polymyxin b	polymyxin b	Polymyxin B	standard	113
3259	2472	DRUG	polysorbate 80	polysorbate 80	polysorbate 80	standard	35
3260	2473	DRUG	polysporin	polysporin	Bacitracin	standard	74
3261	2474	DRUG	polystyrene sulfonate	polystyrene sulfonate	poly(styrene-4-sulfonate)	standard	7
3262	2475	DRUG	polythiazide	polythiazide	Polythiazide	standard	22
3263	2476	DRUG	polytrim eyedrops	polytrim eyedrops	trimethoprim; polymyxin B	corrected_overlay	12
3264	2477	DRUG	pomalidomide	pomalidomide	Pomalidomide	standard	74
3265	2478	DRUG	ponatinib	ponatinib	Ponatinib	standard	93
3266	2479	DRUG	ponesimod	ponesimod	Ponesimod	standard	20
3267	2480	DRUG	populus fremontii pollen	populus fremontii pollen	Populus fremontii Pollen	standard	1
3268	2481	DRUG	poractant alfa	poractant alfa	Poractant Alfa	standard	102
3269	2482	DRUG	porfimer sodium	porfimer sodium	porfimer sodium	standard	139
3270	8722	DRUG	Porphobilinogen	porphobilinogen	Porphobilinogen	PubChem	57
3271	2483	DRUG	posaconazole	posaconazole	Posaconazole	standard	57
3272	8411	DRUG	Potassium	potassium	Potassium	PubChem	19
3273	2484	DRUG	potassium acetate	potassium acetate	Potassium Acetate	standard	27
3274	2485	DRUG	potassium alum	potassium alum	Potassium Alum	standard	47
3275	2486	DRUG	potassium cation	potassium cation	Potassium Cation	standard	36
3276	2487	DRUG	potassium chloride	potassium chloride	Potassium Chloride	standard	38
3277	2488	DRUG	potassium citrate	potassium citrate	Potassium Citrate	standard	27
3278	2489	DRUG	potassium dichromate	potassium dichromate	Potassium Dichromate	standard	31
3279	2490	DRUG	potassium hydrogencarbonate	potassium hydrogencarbonate	Potassium Bicarbonate	standard	64
3280	8187	DRUG	Potassium Iodide	potassium iodide	Potassium Iodide	PubChem	39
3281	2491	DRUG	potassium nitrate	potassium nitrate	Potassium Nitrate	standard	26
3282	6764	DRUG	potassium nitrate / sodium fluoride toothpaste	potassium nitrate / sodium fluoride toothpaste	Potassium Nitrate; Sodium Fluoride	modified_drug	33
3283	2492	DRUG	potassium perchlorate	potassium perchlorate	Potassium Perchlorate	NCI Thesaurus	88
3284	6765	DRUG	potassium phosphate 155 mg / sodium phosphate, dibasic 852 mg / sodium phosphate, monobasic 130 mg oral tablet	potassium phosphate 155 mg / sodium phosphate, dibasic 852 mg / sodium phosphate, monobasic 130 mg oral tablet	potassium phosphate; sodium phosphate, dibasic; sodium phosphate, monobasic	corrected_overlay	28
3285	2493	DRUG	potassium(1+)	potassium(1+)	Potassium Cation	standard	36
3286	2494	DRUG	povidone	povidone	poly(vinylpyrrolidone)	standard	14
3287	8153	DRUG	Pozanicline	pozanicline	POZANICLINE TARTRATE	ChEMBL	20
3288	2495	DRUG	pozelimab	pozelimab	Pozelimab	standard	65
3289	2496	DRUG	practolol	practolol	Practolol	standard	65
3290	2497	DRUG	pradofloxacin	pradofloxacin	Pradofloxacin	standard	32
3291	8372	DRUG	Prajmaline	prajmaline	Prajmaline	PubChem	5
3292	2498	DRUG	pralatrexate	pralatrexate	Pralatrexate	standard	56
3293	2499	DRUG	pralidoxime	pralidoxime	Pralidoxime	standard	38
3294	2500	DRUG	pralsetinib	pralsetinib	pralsetinib	standard	100
3295	2501	DRUG	pramipexole	pramipexole	Pramipexole	standard	64
3296	2502	DRUG	pramlintide	pramlintide	Pramlintide	standard	4
3297	2503	DRUG	pramocaine	pramocaine	Pramoxine	standard	39
3298	2504	DRUG	pranlukast	pranlukast	Pranlukast	standard	6
3299	2505	DRUG	prasterone	prasterone	dehydroepiandrosterone	standard	32
3300	2506	DRUG	prasterone enantate	prasterone enantate	prasterone enantate	NCI Thesaurus	81
3301	2507	DRUG	prasugrel	prasugrel	Prasugrel	standard	46
3302	2508	DRUG	pravastatin	pravastatin	Pravastatin	standard	132
3303	2509	DRUG	prazepam	prazepam	Prazepam	standard	4
3304	2510	DRUG	praziquantel	praziquantel	Praziquantel	standard	6
3305	2511	DRUG	prazosin	prazosin	Prazosin	standard	67
3306	2512	DRUG	prednicarbate	prednicarbate	Prednicarbate	standard	5
3307	8341	DRUG	Prednimustine	prednimustine	Prednimustine	NCI Thesaurus	44
3308	2513	DRUG	prednisolone	prednisolone	Prednisolone	standard	92
3309	2514	DRUG	prednisolone acetate	prednisolone acetate	Prednisolone Acetate	standard	6
3310	2515	DRUG	prednisolone phosphate	prednisolone phosphate	Prednisolone Phosphate	standard	96
3311	2516	DRUG	prednisolone tebutate	prednisolone tebutate	Prednisolone Tebutate	standard	6
3312	2517	DRUG	prednisone	prednisone	Prednisone	standard	102
3313	2518	DRUG	pregabalin	pregabalin	Pregabalin	standard	59
3314	2519	DRUG	pregnenolone	pregnenolone	Pregnenolone	standard	53
3315	2520	DRUG	pretomanid	pretomanid	Pretomanid	DailyMed	89
3316	2521	DRUG	prilocaine	prilocaine	Prilocaine	standard	45
3317	2522	DRUG	primaquine	primaquine	Primaquine	standard	48
3318	2523	DRUG	primidone	primidone	Primidone	standard	44
3319	2524	DRUG	probenecid	probenecid	Probenecid	standard	35
3320	2525	DRUG	probenecid and colchicine	probenecid and colchicine	Colchicine; probenecid	standard	113
3321	2526	DRUG	probucol	probucol	Probucol	standard	67
3322	2527	DRUG	procainamide	procainamide	Procainamide	standard	47
3323	2528	DRUG	procaine	procaine	Procaine	standard	79
3324	2529	DRUG	procaine benzylpenicillin	procaine benzylpenicillin	Penicillin G Procaine	NCI Thesaurus	72
3325	2530	DRUG	procarbazine	procarbazine	Procarbazine	standard	72
3326	2531	DRUG	procaterol	procaterol	Procaterol	standard	6
3327	2532	DRUG	prochlorperazine	prochlorperazine	Prochlorperazine	standard	81
3328	2533	DRUG	procyclidine	procyclidine	Procyclidine	standard	52
3329	2534	DRUG	profenamine	profenamine	(+-)-Ethopropazine	standard	73
3330	2535	DRUG	proflavine	proflavine	Proflavine	standard	71
3331	8061	DRUG	Progabide	progabide	CHEMBL4796538	ChEMBL	11
3332	2536	DRUG	progesterone	progesterone	Progesterone	standard	83
3333	2537	DRUG	proguanil	proguanil	Proguanil	standard	76
3334	2538	DRUG	proline	proline	L-Proline	standard	142
3335	2539	DRUG	promazine	promazine	Promazine	standard	58
3336	2540	DRUG	promethazine	promethazine	Promethazine	standard	69
3337	2541	DRUG	propafenone	propafenone	Propafenone	standard	78
3338	8778	DRUG	Propanoic acid	propanoic acid	Propanoic acid	PubChem	45
3339	2542	DRUG	propantheline	propantheline	Propantheline	standard	6
3340	2543	DRUG	proparacaine	proparacaine	Proparacaine	standard	5
3341	6766	DRUG	propiolactone	propiolactone	Beta-Propiolactone	modified_drug	4
3342	2544	DRUG	propiomazine	propiomazine	Propiomazine	standard	73
3343	8793	DRUG	Propionamide	propionamide	Propionamide	PubChem	35
3344	2545	DRUG	propiverine	propiverine	Propiverine	standard	4
3345	2546	DRUG	propofol	propofol	Propofol	standard	40
3346	2547	DRUG	propoxycaine	propoxycaine	Propoxycaine	standard	5
3347	2548	DRUG	propoxyphene	propoxyphene	Propoxyphene	standard	26
3348	2549	DRUG	propranolol	propranolol	Propranolol	standard	72
3349	8750	DRUG	Propyl alcohol	propyl alcohol	Propyl alcohol	PubChem	52
3350	2550	DRUG	propylene glycol	propylene glycol	Propylene Glycol	standard	81
3351	2551	DRUG	propylhexedrine	propylhexedrine	Propylhexedrine	standard	6
3352	2552	DRUG	propylthiouracil	propylthiouracil	Propylthiouracil	standard	68
3353	8709	DRUG	Prostaglandin D2	prostaglandin d2	Prostaglandin D2	PubChem	55
3354	2553	DRUG	protamine	protamine	Protamine	DailyMed	179
3355	2554	DRUG	protamine sulfate	protamine sulfate	Protamine Sulfate	standard	60
3356	2555	DRUG	protein c	protein c	Saposin-D	standard	22
3357	2556	DRUG	protein s human	protein s human	Protein S (human)	manual_final7_review	44
3358	2557	DRUG	prothrombin	prothrombin	Prothrombin	standard	24
3359	2558	DRUG	protionamide	protionamide	Prothionamide	standard	6
3360	2559	DRUG	protirelin	protirelin	Protirelin	standard	30
3361	8080	DRUG	Protoporphyrin	protoporphyrin	protoporphyrin	ChEBI	42
3362	2560	DRUG	protriptyline	protriptyline	Protriptyline	standard	20
3363	2561	DRUG	proxibarbal	proxibarbal	Proxibarbal	standard	6
3364	8368	DRUG	Proxyphylline	proxyphylline	Proxyphylline	PubChem	4
3365	2562	DRUG	prucalopride	prucalopride	Prucalopride	standard	6
3366	2563	DRUG	pseudoephedrine	pseudoephedrine	Pseudoephedrine	standard	82
3367	6379	DRUG	purine-6-thiol	purine-6-thiol	6-Mercaptopurine	alias_drug	36
3368	8700	DRUG	Putrescine	putrescine	Putrescine	PubChem	43
3369	2564	DRUG	pyrantel	pyrantel	Pyrantel	standard	80
3370	2565	DRUG	pyrazinamide	pyrazinamide	Pyrazinamide	standard	64
3371	8739	DRUG	Pyrazole	pyrazole	Pyrazole	PubChem	32
3372	2566	DRUG	pyridostigmine	pyridostigmine	Pyridostigmine	standard	5
3373	7697	DRUG	Pyridoxal phosphate	pyridoxal phosphate	Pyridoxal phosphate	PubChem	81
3374	2567	DRUG	pyridoxine	pyridoxine	Pyridoxine	standard	87
3375	2568	DRUG	pyrimethamine	pyrimethamine	Pyrimethamine	standard	68
3376	2569	DRUG	pyrithione	pyrithione	Pyrithione	standard	59
3377	2570	DRUG	pyronaridine	pyronaridine	Pyronaridine	standard	4
3378	8792	DRUG	Pyrophosphoric acid	pyrophosphoric acid	Pyrophosphoric acid	PubChem	45
3379	8752	DRUG	Pyrroloquinoline Quinone	pyrroloquinoline quinone	Pyrroloquinoline Quinone	PubChem	61
3380	8645	DRUG	Pyruvic acid	pyruvic acid	Pyruvic acid	PubChem	49
3381	2571	DRUG	pyrvinium	pyrvinium	Pyrvinium	standard	52
3382	2572	DRUG	quazepam	quazepam	Quazepam	standard	4
3383	8109	DRUG	Quercetin	quercetin	Quercetin	NCI Thesaurus	128
3384	2573	DRUG	quetiapine	quetiapine	Quetiapine	standard	31
3385	2574	DRUG	quinagolide	quinagolide	Quinagolide	standard	11
3386	2575	DRUG	quinapril	quinapril	Quinapril	standard	106
3387	2576	DRUG	quinaprilat	quinaprilat	Quinaprilat	standard	64
3388	2577	DRUG	quinestrol	quinestrol	Quinestrol	standard	24
3389	2578	DRUG	quinethazone	quinethazone	Quinethazone	standard	44
3390	2579	DRUG	quinfamide	quinfamide	Quinfamide	standard	6
3391	2580	DRUG	quinidine	quinidine	Quinidine	standard	72
3392	2581	DRUG	quinine	quinine	Quinine	standard	53
3393	2582	DRUG	quinupramine	quinupramine	Quinupramine	standard	4
3394	2583	DRUG	quinupristin	quinupristin	Quinupristin	NCI Thesaurus	40
3395	2584	DRUG	quizartinib	quizartinib	Quizartinib	standard	93
3396	2585	DRUG	rabeprazole	rabeprazole	Rabeprazole	standard	36
3397	2586	DRUG	rabies immune globulin, human	rabies immune globulin, human	rabies immune globulin human	corrected_overlay	27
3398	6767	DRUG	rabies virus inactivated antigen, a	rabies virus inactivated antigen, a	RABIES IMMUNE GLOBULIN	DailyMed	153
3399	6768	DRUG	rabies virus inactivated antigen, b	rabies virus inactivated antigen, b	RABIES IMMUNE GLOBULIN	DailyMed	357
3400	2587	DRUG	racepinephrine	racepinephrine	Racepinephrine	PubChem	81
3401	8322	DRUG	Raclopride	raclopride	Raclopride	PubChem	6
3402	8777	DRUG	Radicicol	radicicol	Radicicol	PubChem	60
3403	2588	DRUG	radium atom	radium atom	Radium	standard	8
3404	2589	DRUG	radium ra-223 cation	radium ra-223 cation	RADIUM RA 223 DICHLORIDE	standard	16
3405	2590	DRUG	radotinib	radotinib	Radotinib	NCI Thesaurus	94
3406	2591	DRUG	raloxifene	raloxifene	Raloxifene	standard	74
3407	2592	DRUG	raltegravir	raltegravir	Raltegravir	standard	72
3408	2593	DRUG	raltitrexed	raltitrexed	Raltitrexed	standard	6
3409	8353	DRUG	Ramatroban	ramatroban	Ramatroban	PubChem	6
3410	2594	DRUG	ramelteon	ramelteon	Ramelteon	standard	6
3411	2595	DRUG	ramipril	ramipril	Ramipril	standard	86
3412	2596	DRUG	ramiprilat	ramiprilat	Ramiprilat	standard	73
3413	2597	DRUG	ramucirumab	ramucirumab	Ramucirumab	standard	55
3414	2598	DRUG	ranibizumab	ranibizumab	Ranibizumab	standard	100
3415	2599	DRUG	ranimustine	ranimustine	Ranimustine	standard	6
3416	2600	DRUG	ranitidine	ranitidine	Ranitidine	standard	57
3417	2601	DRUG	ranolazine	ranolazine	Ranolazine	standard	39
3418	2602	DRUG	rapacuronium	rapacuronium	Rapacuronium	standard	5
3419	2603	DRUG	rasagiline	rasagiline	Rasagiline	standard	47
3420	2604	DRUG	rasburicase	rasburicase	Rasburicase	standard	53
3421	2605	DRUG	ravulizumab	ravulizumab	Ravulizumab	standard	72
3422	9548	DRUG	ravulizumab-cwvz	ravulizumab-cwvz	ravulizumab	standard	72
3423	2606	DRUG	raxibacumab	raxibacumab	Raxibacumab	DailyMed	98
3424	2607	DRUG	rebamipide	rebamipide	Rebamipide	standard	6
3425	2608	DRUG	reboxetine	reboxetine	Reboxetine	standard	5
3426	2609	DRUG	recombinant stabilized rsv a prefusion f antigen	recombinant stabilized rsv a prefusion f antigen	recombinant stabilized RSV A prefusion F antigen	corrected_overlay	28
3427	2610	DRUG	red snapper	red snapper	Red Snapper	DailyMed	112
3428	2611	DRUG	regdanvimab	regdanvimab	Regdanvimab	standard	108
3429	2612	DRUG	regorafenib	regorafenib	Regorafenib	standard	72
3430	2613	DRUG	relebactam	relebactam	Relebactam	NCI Thesaurus	67
3431	2614	DRUG	relugolix	relugolix	Relugolix	NCI Thesaurus	92
3432	2615	DRUG	remdesivir	remdesivir	Remdesivir	standard	100
3433	2616	DRUG	remestemcel-l	remestemcel-l	Remestemcel-L	standard	126
3434	2617	DRUG	remifentanil	remifentanil	Remifentanil	standard	69
3435	8652	DRUG	Remikiren	remikiren	Remikiren	PubChem	83
3436	2618	DRUG	remoxipride	remoxipride	Remoxipride	standard	4
3437	2619	DRUG	repaglinide	repaglinide	Repaglinide	standard	6
3438	8174	DRUG	Repinotan	repinotan	REPINOTAN	ChEMBL	19
3439	2620	DRUG	repotrectinib	repotrectinib	Repotrectinib	standard	67
3440	2621	DRUG	reproterol	reproterol	Reproterol	standard	4
3441	2622	DRUG	rescinnamine	rescinnamine	Rescinnamine	standard	29
3442	2623	DRUG	reserpine	reserpine	Reserpine	standard	65
3443	8175	DRUG	Resiniferatoxin	resiniferatoxin	Resiniferatoxin	PubChem	72
3444	2624	DRUG	reslizumab	reslizumab	Reslizumab	DailyMed	108
3445	2625	DRUG	resmetirom	resmetirom	Resmetirom	DailyMed	131
3446	2626	DRUG	resorcinol	resorcinol	Resorcinol	standard	36
3447	2627	DRUG	resorcinol monoacetate	resorcinol monoacetate	Acetylresorcinol	standard	72
3448	8090	DRUG	Resveratrol	resveratrol	Resveratrol	NCI Thesaurus	66
3449	8138	DRUG	Resveratrol.1	resveratrol.1	Resveratrol	NCI Thesaurus	66
3450	2628	DRUG	retapamulin	retapamulin	Retapamulin	standard	12
3451	2629	DRUG	reteplase	reteplase	Reteplase	standard	55
3452	2630	DRUG	retinol	retinol	Retinol	standard	38
3453	2631	DRUG	revakinagene taroretcel plasmid	revakinagene taroretcel plasmid	revakinagene taroretcel	corrected_overlay	26
3454	2632	DRUG	revefenacin	revefenacin	Revefenacin	DailyMed	238
3455	2633	DRUG	reviparin	reviparin	heparin	standard	30
3456	2634	DRUG	revumenib	revumenib	revumenib	standard	81
3457	2635	DRUG	rezafungin	rezafungin	Rezafungin	standard	64
3458	2636	DRUG	ribavirin	ribavirin	Ribavirin	standard	80
3459	2637	DRUG	ribociclib	ribociclib	Ribociclib	standard	11
3460	2638	DRUG	riboflavin	riboflavin	Riboflavin	standard	123
3461	8708	DRUG	Ribose-5-phosphate	ribose-5-phosphate	Ribose-5-phosphate	PubChem	18
3462	2639	DRUG	ribostamycin	ribostamycin	Ribostamycin	standard	68
3463	8248	DRUG	Rice bran oil	rice bran oil	STARCH, RICE	ChEMBL	19
3464	8661	DRUG	Ridogrel	ridogrel	Ridogrel	PubChem	6
3465	2640	DRUG	rifabutin	rifabutin	rifabutin	standard	47
3466	2641	DRUG	rifampicin	rifampicin	Rifampicin	standard	103
3467	2642	DRUG	rifampin	rifampin	Rifampicin	standard	103
3468	2643	DRUG	rifamycin	rifamycin	Rifamycin	standard	63
3469	2644	DRUG	rifapentine	rifapentine	Rifapentine	standard	23
3470	2645	DRUG	rifaximin	rifaximin	Rifaximin	standard	69
3471	8293	DRUG	Rigosertib	rigosertib	Rigosertib	PubChem	57
3472	2646	DRUG	rilmenidine	rilmenidine	Rilmenidine	standard	4
3473	2647	DRUG	rilonacept	rilonacept	Rilonacept	DailyMed	164
3474	2648	DRUG	rilpivirine	rilpivirine	Rilpivirine	standard	63
3475	2649	DRUG	rilpivirine hydrochloride	rilpivirine hydrochloride	Rilpivirine Hydrochloride	standard	45
3476	2650	DRUG	riluzole	riluzole	Riluzole	standard	6
3477	2651	DRUG	rimantadine	rimantadine	Rimantadine	standard	4
3478	2652	DRUG	rimantadine hydrochloride	rimantadine hydrochloride	Rimantadine Hydrochloride	standard	7
3479	2653	DRUG	rimegepant	rimegepant	Rimegepant	DailyMed	121
3480	2654	DRUG	rimegepant sulfate	rimegepant sulfate	Rimegepant Sulfate	DailyMed	121
3481	2655	DRUG	rimexolone	rimexolone	Rimexolone	standard	5
3482	2656	DRUG	rimonabant	rimonabant	Rimonabant	standard	121
3483	2657	DRUG	riociguat	riociguat	Riociguat	standard	54
3484	2658	DRUG	ripasudil	ripasudil	Ripasudil	standard	6
3485	2659	DRUG	ripretinib	ripretinib	Ripretinib	NCI Thesaurus	161
3486	2660	DRUG	risankizumab	risankizumab	Risankizumab	standard	89
3487	9549	DRUG	risankizumab-rzaa	risankizumab-rzaa	risankizumab	standard	89
3488	2661	DRUG	risdiplam	risdiplam	Risdiplam	DailyMed	202
3489	2662	DRUG	risedronate sodium	risedronate sodium	Risedronate Sodium	standard	6
3490	2663	DRUG	risedronic acid	risedronic acid	Risedronate	standard	7
3491	2664	DRUG	risperidone	risperidone	Risperidone	standard	65
3492	2665	DRUG	ritiometan	ritiometan	Ritiometan	standard	5
3493	2666	DRUG	ritodrine	ritodrine	Ritodrine	ChEBI	13
3494	2667	DRUG	ritonavir	ritonavir	Ritonavir	standard	138
3495	2668	DRUG	rituximab	rituximab	Rituximab	standard	35
3496	2669	DRUG	rivaroxaban	rivaroxaban	Rivaroxaban	standard	79
3497	2670	DRUG	rivastigmine	rivastigmine	Rivastigmine	standard	62
3498	6769	DRUG	rixubis injectable product	rixubis injectable product	coagulation factor IX recombinant human	corrected_overlay	21
3499	2671	DRUG	rizatriptan	rizatriptan	Rizatriptan	standard	28
3500	2672	DRUG	rizatriptan benzoate	rizatriptan benzoate	Rizatriptan Benzoate	standard	7
3501	2673	DRUG	robenacoxib	robenacoxib	Robenacoxib	standard	84
3502	8374	DRUG	Rociverine	rociverine	Rociverine	PubChem	6
3503	2674	DRUG	rocuronium	rocuronium	Rocuronium	standard	58
3504	2675	DRUG	rofecoxib	rofecoxib	Rofecoxib	standard	78
3505	2676	DRUG	roflumilast	roflumilast	Roflumilast	standard	64
3506	2677	DRUG	rolapitant	rolapitant	Rolapitant	standard	82
3507	8078	DRUG	Rolipram	rolipram	ROLIPRAM	ChEMBL	19
3508	2678	DRUG	rolitetracycline	rolitetracycline	Rolitetracycline	standard	46
3509	2679	DRUG	romidepsin	romidepsin	Romidepsin	standard	50
3510	2680	DRUG	romiplostim	romiplostim	Romiplostim	standard	55
3511	2681	DRUG	romosozumab	romosozumab	Romosozumab	standard	88
3512	2682	DRUG	ropeginterferon alfa-2b	ropeginterferon alfa-2b	ROPEGINTERFERON ALFA-2B	standard	36
3513	2683	DRUG	ropinirole	ropinirole	Ropinirole	standard	30
3514	8653	DRUG	Ropivacaine	ropivacaine	Ropivacaine	PubChem	37
3515	8251	DRUG	Roquinimex	roquinimex	Roquinimex	PubChem	5
3516	2684	DRUG	rose bengal at	rose bengal at	rose bengal	corrected_overlay	29
3517	2685	DRUG	rosiglitazone	rosiglitazone	Rosiglitazone	standard	35
3518	2686	DRUG	rosoxacin	rosoxacin	Rosoxacin	standard	73
3519	2687	DRUG	rosuvastatin	rosuvastatin	Rosuvastatin	standard	81
3520	2688	DRUG	rotarix	rotarix	Rotavirus Vaccine	standard	15
3521	2689	DRUG	rotavirus vaccine	rotavirus vaccine	Rotavirus Vaccine	standard	15
3522	2690	DRUG	rotenone	rotenone	Rotenone	standard	85
3523	2691	DRUG	rotigotine	rotigotine	Rotigotine	standard	6
3524	2692	DRUG	roxadustat	roxadustat	FG 4592	standard	64
3525	2693	DRUG	roxatidine acetate	roxatidine acetate	Roxatidine acetate	standard	6
3526	2694	DRUG	roxithromycin	roxithromycin	Roxithromycin	standard	34
3527	2695	DRUG	rozanolixizumab	rozanolixizumab	Rozanolixizumab	DailyMed	33
3528	2696	DRUG	rubella virus vaccine	rubella virus vaccine	rubella virus vaccine live	corrected_overlay	25
3529	2697	DRUG	rubidium rb-82	rubidium rb-82	Rubidium Rb-82	openFDA	598
3530	8164	DRUG	Rubitecan	rubitecan	Rubitecan	PubChem	60
3531	2698	DRUG	rucaparib	rucaparib	Rucaparib	standard	91
3532	2699	DRUG	rufinamide	rufinamide	Rufinamide	standard	8
3533	2700	DRUG	rupatadine	rupatadine	Rupatadine	standard	4
3534	2701	DRUG	rurioctocog alfa pegol	rurioctocog alfa pegol	Rurioctocog Alfa Pegol	standard	1
3535	2702	DRUG	rutoside	rutoside	Rutin	standard	44
3536	2703	DRUG	ruxolitinib	ruxolitinib	Ruxolitinib	standard	72
3537	2704	DRUG	ruxolitinib phosphate	ruxolitinib phosphate	Jakafi	standard	57
3538	8689	DRUG	S-adenosyl-L-homocysteine	s-adenosyl-l-homocysteine	S-adenosyl-L-homocysteine	PubChem	71
3539	2705	DRUG	saccharin	saccharin	Saccharin	standard	46
3540	2706	DRUG	sacituzumab govitecan	sacituzumab govitecan	Sacituzumab Govitecan	standard	111
3541	2707	DRUG	sacrosidase	sacrosidase	Sacrosidase	DailyMed	240
3542	2708	DRUG	sacubitril	sacubitril	Sacubitril	standard	6
3543	6770	DRUG	sacubitril / valsartan oral product	sacubitril / valsartan oral product	Sacubitril; Valsartan	modified_drug	45
3544	6771	DRUG	sacubitril and valsartan sodium hydrate drug combination	sacubitril and valsartan sodium hydrate drug combination	sacubitril; valsartan	corrected_overlay	13
3545	2709	DRUG	sacubitril valsartan	sacubitril valsartan	Sacubitril valsartan	standard	126
3546	8235	DRUG	Safflower oil	safflower oil	Safflower Oil	NCI Thesaurus	61
3547	2710	DRUG	safinamide	safinamide	Safinamide	standard	6
3548	2711	DRUG	salbutamol	salbutamol	Salbutamol	standard	71
3549	2712	DRUG	salicylamide	salicylamide	Salicylamide	standard	37
3550	8781	DRUG	Salicylhydroxamic Acid	salicylhydroxamic acid	Salicylhydroxamic Acid	PubChem	49
3551	2713	DRUG	salicylic acid	salicylic acid	Salicylic Acid	standard	69
3552	2714	DRUG	salinomycin	salinomycin	Salinomycin	standard	20
3553	8332	DRUG	Salirasib	salirasib	Salirasib	PubChem	4
3554	2715	DRUG	salmeterol	salmeterol	Salmeterol	standard	45
3555	2716	DRUG	salmeterol xinafoate	salmeterol xinafoate	Salmeterol Xinafoate	standard	6
3556	2717	DRUG	salmon calcitonin	salmon calcitonin	Calcitonin Salmon	standard	51
3557	2718	DRUG	salsalate	salsalate	Salsalate	standard	107
3558	2719	DRUG	salsola kali pollen	salsola kali pollen	Salsola kali Pollen	standard	1
3559	8419	DRUG	Salvianolic acid A	salvianolic acid a	Salvianolic acid A	PubChem	6
3560	2720	DRUG	samarium (153sm) lexidronam	samarium (153sm) lexidronam	Samarium Sm-153 Lexidronam	standard	1
3561	2721	DRUG	samidorphan	samidorphan	Samidorphan	standard	6
3562	2722	DRUG	sapropterin	sapropterin	Sapropterin	standard	37
3563	2723	DRUG	sapropterin dihydrochloride	sapropterin dihydrochloride	Sapropterin Dihydrochloride	standard	54
3564	2724	DRUG	saquinavir	saquinavir	Saquinavir	standard	51
3565	2725	DRUG	sarecycline	sarecycline	sarecycline	standard	52
3566	8185	DRUG	Saredutant	saredutant	Saredutant	PubChem	4
3567	2726	DRUG	sargramostim	sargramostim	Sargramostim	standard	74
3568	2727	DRUG	sarilumab	sarilumab	Sarilumab	standard	68
3569	8295	DRUG	Sarpogrelate	sarpogrelate	Sarpogrelate	PubChem	7
3570	2728	DRUG	satralizumab	satralizumab	Satralizumab	DailyMed	131
3571	8136	DRUG	Satraplatin	satraplatin	Satraplatin	NCI Thesaurus	45
3572	2729	DRUG	saxagliptin	saxagliptin	Saxagliptin	standard	68
3573	2730	DRUG	scopolamine	scopolamine	Boro-Scopol	standard	70
3574	2731	DRUG	scorpion (centruroides) immune fab2 antivenin (equine)	scorpion (centruroides) immune fab2 antivenin (equine)	Centruroides immune F(ab')2 antivenom, equine	corrected_overlay	10
3575	2732	DRUG	secnidazole	secnidazole	Secnidazole	standard	66
3576	2733	DRUG	secobarbital	secobarbital	Secobarbital	standard	57
3577	2734	DRUG	secretin human	secretin human	secretin (human)	standard	21
3578	2735	DRUG	secukinumab	secukinumab	Secukinumab	standard	92
3579	2736	DRUG	segesterone acetate	segesterone acetate	Segesterone Acetate	standard	5
3580	2737	DRUG	seladelpar	seladelpar	Seladelpar	NCI Thesaurus	74
3581	2738	DRUG	selegiline	selegiline	Selegiline	standard	24
3582	2739	DRUG	selenium	selenium	Selenium	standard	16
3583	2740	DRUG	selenium sulfide	selenium sulfide	Selenium sulfide (SeS)	standard	10
3584	8727	DRUG	Selenocysteine	selenocysteine	Selenocysteine	NCI Thesaurus	37
3585	2741	DRUG	selenomethionine	selenomethionine	DL-selenomethionine	standard	30
3586	2742	DRUG	selexipag	selexipag	Selexipag	standard	98
3587	8167	DRUG	Seliciclib	seliciclib	Seliciclib	PubChem	45
3588	2743	DRUG	selinexor	selinexor	Selinexor	standard	82
3589	2744	DRUG	selpercatinib	selpercatinib	Selpercatinib	NCI Thesaurus	130
3590	2745	DRUG	selumetinib	selumetinib	Selumetinib	standard	80
3591	8319	DRUG	Semagacestat	semagacestat	Semagacestat	PubChem	4
3592	2746	DRUG	semaglutide	semaglutide	Semaglutide	standard	69
3593	2747	DRUG	sennosides	sennosides	Sennosides	ChEBI	19
3594	8112	DRUG	Seocalcitol	seocalcitol	Seocalcitol	NCI Thesaurus	80
3595	8350	DRUG	Sepranolone	sepranolone	Sepranolone	PubChem	4
3596	8190	DRUG	Seratrodast	seratrodast	Seratrodast	PubChem	6
3597	2748	DRUG	serdexmethylphenidate	serdexmethylphenidate	Serdexmethylphenidate	DailyMed	316
3598	2749	DRUG	serine	serine	L-Serine	standard	77
3599	7696	DRUG	Sermorelin	sermorelin	sermorelin	ChEBI	32
3600	2750	DRUG	sertaconazole	sertaconazole	Sertaconazole	standard	32
3601	2751	DRUG	sertindole	sertindole	Sertindole	standard	75
3602	2752	DRUG	sertraline	sertraline	Sertraline	standard	101
3603	2753	DRUG	setiptiline	setiptiline	Setiptiline	standard	57
3604	2754	DRUG	setmelanotide	setmelanotide	Setmelanotide	DailyMed	166
3605	2755	DRUG	sevelamer	sevelamer	Sevelamer	standard	72
3606	2756	DRUG	sevelamer carbonate	sevelamer carbonate	Sevelamer Carbonate	DailyMed	134
3607	2757	DRUG	sevoflurane	sevoflurane	Sevoflurane	standard	47
3608	2758	DRUG	sibutramine	sibutramine	Sibutramine	standard	40
3609	2759	DRUG	sildenafil	sildenafil	Sildenafil	standard	50
3610	8231	DRUG	Silibinin	silibinin	Silibinin	PubChem	53
3611	2760	DRUG	silicon dioxide	silicon dioxide	Silica	standard	23
3612	2761	DRUG	silodosin	silodosin	Silodosin	standard	4
3613	2762	DRUG	siltuximab	siltuximab	Siltuximab	standard	60
3614	2763	DRUG	silver cation	silver cation	Silver cation	standard	16
3615	2764	DRUG	silver nitrate	silver nitrate	Silver Nitrate	standard	25
3616	2765	DRUG	silver sulfadiazine	silver sulfadiazine	Silver Sulfadiazine	standard	29
3617	8303	DRUG	Simendan	simendan	SIMENDAN	ChEMBL	19
3618	2766	DRUG	simeprevir	simeprevir	Simeprevir	standard	7
3619	2767	DRUG	simethicone	simethicone	Simethicone	NCI Thesaurus	34
3620	2768	DRUG	simoctocog alfa	simoctocog alfa	Simoctocog Alfa	standard	1
3621	2769	DRUG	simvastatin	simvastatin	Simvastatin	standard	87
3622	2770	DRUG	sinapultide	sinapultide	Sinapultide	standard	1
3623	2771	DRUG	sinecatechins	sinecatechins	Sinecatechins	standard	116
3624	2772	DRUG	sinemet	sinemet	carbidopa; levodopa	corrected_overlay	12
3625	2773	DRUG	siponimod	siponimod	Siponimod	NCI Thesaurus	108
3626	2774	DRUG	siponimod fumaric acid	siponimod fumaric acid	Siponimod Fumarate	NCI Thesaurus	114
3627	8178	DRUG	Siramesine	siramesine	SIRAMESINE	ChEMBL	19
3628	2775	DRUG	sirolimus	sirolimus	Sirolimus	standard	83
3629	2776	DRUG	sitafloxacin	sitafloxacin	Sitafloxacin	standard	13
3630	2777	DRUG	sitagliptin	sitagliptin	Sitagliptin	standard	39
3631	2778	DRUG	sitaxentan	sitaxentan	Sitaxentan	standard	6
3632	2779	DRUG	sivelestat	sivelestat	Sivelestat	standard	15
3633	2780	DRUG	smallpox (vaccinia) vaccine, live	smallpox (vaccinia) vaccine, live	SMALLPOX VACCINE	standard	6
3634	8154	DRUG	SN-38	sn-38	SN-38	PubChem	85
3635	2781	DRUG	sodium acetate	sodium acetate	Sodium Acetate	standard	11
3636	8408	DRUG	Sodium ascorbate	sodium ascorbate	Sodium ascorbate	PubChem	67
3637	2782	DRUG	sodium aurothiomalate	sodium aurothiomalate	Gold Sodium Thiomalate	standard	33
3638	2783	DRUG	sodium bicarbonate	sodium bicarbonate	Sodium Bicarbonate	standard	27
3639	8236	DRUG	Sodium carbonate	sodium carbonate	Sodium carbonate	PubChem	11
3640	2784	DRUG	sodium cation	sodium cation	Sodium ion	standard	36
3641	2785	DRUG	sodium cellulose phosphate	sodium cellulose phosphate	CELLULOSE SODIUM PHOSPHATE	standard	3
3642	2786	DRUG	sodium chloride	sodium chloride	Sodium Chloride	standard	39
3643	2787	DRUG	sodium citrate	sodium citrate	Trisodium citrate	standard	24
3644	2788	DRUG	sodium feredetate	sodium feredetate	sodium feredetate	standard	35
3645	2789	DRUG	sodium ferric gluconate complex	sodium ferric gluconate complex	Sodium Ferric Gluconate Complex	standard	65
3646	2790	DRUG	sodium fluoride	sodium fluoride	Sodium Fluoride	standard	18
3647	2791	DRUG	sodium glycerophosphate	sodium glycerophosphate	Sodium Glycerophosphate	NCI Thesaurus	60
3648	8241	DRUG	Sodium iodide	sodium iodide	Sodium iodide	PubChem	21
3649	8656	DRUG	Sodium lauryl sulfate	sodium lauryl sulfate	Sodium lauryl sulfate	PubChem	33
3650	2792	DRUG	sodium lauryl sulfoacetate	sodium lauryl sulfoacetate	Sodium Lauryl Sulfoacetate	standard	1
3651	2793	DRUG	sodium nitroprusside	sodium nitroprusside	Sodium Nitroprusside	PubChem	32
3652	2794	DRUG	sodium oxybate	sodium oxybate	Sodium Oxybate	DailyMed	130
3653	2795	DRUG	sodium stibogluconate	sodium stibogluconate	sodium stibogluconate	standard	29
3654	2796	DRUG	sodium tetradecyl sulfate	sodium tetradecyl sulfate	Sodium Tetradecyl Sulfate	standard	50
3655	9550	DRUG	sodium thiosulfate	sodium thiosulfate	sodium thiosulfate	PubChem	38
3656	2797	DRUG	sodium thiosulfate hexahydrate	sodium thiosulfate hexahydrate	sodium thiosulfate hexahydrate	PubChem	50
3657	2798	DRUG	sodium zirconium cyclosilicate	sodium zirconium cyclosilicate	Sodium Zirconium Cyclosilicate	NCI Thesaurus	62
3658	2799	DRUG	sofalcone	sofalcone	Sofalcone	standard	80
3659	2800	DRUG	sofosbuvir	sofosbuvir	Sofosbuvir	standard	69
3660	6772	DRUG	sofosbuvir / velpatasvir / voxilaprevir oral product	sofosbuvir / velpatasvir / voxilaprevir oral product	Sofosbuvir; Velpatasvir; Voxilaprevir	PubChem;standard drug terminology	141
3661	6773	DRUG	sofosbuvir / velpatasvir oral product	sofosbuvir / velpatasvir oral product	Sofosbuvir; Velpatasvir	modified_drug	82
3662	6774	DRUG	sofosbuvir velpatasvir voxilaprevir drug combination	sofosbuvir velpatasvir voxilaprevir drug combination	sofosbuvir; velpatasvir; voxilaprevir	corrected_overlay	12
3663	2801	DRUG	solenopsis invicta	solenopsis invicta	Solenopsis invicta venom allergenic extract	corrected_overlay	15
3664	2802	DRUG	solifenacin	solifenacin	Solifenacin	standard	6
3665	2803	DRUG	solifenacin succinate	solifenacin succinate	Solifenacin Succinate	standard	7
3666	2804	DRUG	solriamfetol	solriamfetol	Solriamfetol	DailyMed	125
3667	2805	DRUG	somapacitan	somapacitan	Somapacitan	DailyMed	279
3668	2806	DRUG	somatostatin	somatostatin	Somatostatin	standard	36
3669	2807	DRUG	somatotropin	somatotropin	growth hormone	standard	6
3670	2808	DRUG	somatrem	somatrem	Somatrem	standard	1
3671	2809	DRUG	somatrogon	somatrogon	Somatrogon	DailyMed	163
3672	2810	DRUG	sonidegib	sonidegib	Sonidegib	standard	88
3673	2811	DRUG	sorafenib	sorafenib	Sorafenib	standard	96
3674	8683	DRUG	Sorbitol	sorbitol	Sorbitol	PubChem	49
3675	2812	DRUG	sotagliflozin	sotagliflozin	Sotagliflozin	standard	118
3676	2813	DRUG	sotalol	sotalol	Sotalol	standard	99
3677	2814	DRUG	sotorasib	sotorasib	Sotorasib	standard	77
3678	8310	DRUG	Sotrastaurin	sotrastaurin	Sotrastaurin	PubChem	102
3679	2815	DRUG	sotrovimab	sotrovimab	Sotrovimab	standard	107
3680	2816	DRUG	soybean oil	soybean oil	soybean oil	standard	30
3681	7967	DRUG	Spaglumic acid	spaglumic acid	SPAGLUMIC ACID	ChEMBL	20
3682	2817	DRUG	sparfloxacin	sparfloxacin	Sparfloxacin	standard	16
3683	8098	DRUG	Sparfosic acid	sparfosic acid	Sparfosic Acid	NCI Thesaurus	58
3684	2818	DRUG	sparsentan	sparsentan	Sparsentan	standard	91
3685	8188	DRUG	Sparteine	sparteine	Sparteine	PubChem	11
3686	2819	DRUG	spectinomycin	spectinomycin	Spectinomycin	standard	76
3687	8647	DRUG	Spermine	spermine	Spermine	PubChem	58
3688	2820	DRUG	spesolimab	spesolimab	Spesolimab	DailyMed	206
3689	2821	DRUG	spinosad	spinosad	Spinosad	ChEBI	38
3690	2822	DRUG	spiramycin	spiramycin	Spiramycin I	ChEBI	21
3691	2823	DRUG	spirapril	spirapril	Spirapril	standard	83
3692	2824	DRUG	spironolactone	spironolactone	Spironolactone	standard	56
3693	6380	DRUG	sq-28429	sq-28429	SQ-28429	alias_drug	5
3694	2825	DRUG	squalane	squalane	Squalane	standard	10
3695	2826	DRUG	squalene	squalene	Squalene	standard	41
3696	2827	DRUG	stalevo	stalevo	carbidopa; levodopa; entacapone	corrected_overlay	13
3697	2828	DRUG	stannous cation	stannous cation	Stannous cation	standard	13
3698	8239	DRUG	Stannous chloride	stannous chloride	STANNOUS CHLORIDE	ChEMBL	12
3699	2829	DRUG	stannous fluoride	stannous fluoride	Stop	standard	7
3700	2830	DRUG	stanozolol	stanozolol	Stanozolol	standard	90
3701	2831	DRUG	stavudine	stavudine	Stavudine	standard	59
3702	8751	DRUG	Stearic acid	stearic acid	Stearic acid	PubChem	88
3703	2832	DRUG	stem bromelain	stem bromelain	STEM BROMELAIN	standard	22
3704	2833	DRUG	stiolto	stiolto	olodaterol; tiotropium	corrected_overlay	19
3705	2834	DRUG	stiripentol	stiripentol	Stiripentol	standard	6
3706	6775	DRUG	streptococcus pneumoniae serotype 1 capsular antigen diphtheria crm197 protein conjugate vaccine / streptococcus pneumoniae serotype 14 capsular antigen diphtheria crm197 protein conjugate vaccine / streptococcus pneumoniae serotype 18c capsular antigen diphtheria crm197 protein conjugate vaccine / streptococcus pneumoniae serotype 19a capsular antigen diphtheria crm197 protein conjugate vaccine / streptococcus pneumoniae serotype 19f capsular antigen diphtheria crm197 protein conjugate vaccine / streptococcus pneumoniae serotype 22f capsular antigen diphtheria crm197 protein conjugate vaccine / streptococcus pneumoniae serotype 23f capsular antigen diphtheria crm197 protein conjugate vaccine / streptococcus pneumoniae serotype 3 capsular antigen diphtheria crm197 protein conjugate vaccine / streptococcus pneumoniae serotype 33f capsular antigen diphtheria crm197 protein conjugate vaccine / streptococcus pneumoniae serotype 4 capsular antigen diphtheria crm197 protein conjugate vaccine / streptococcus pneumoniae serotype 5 capsular antigen diphtheria crm197 protein conjugate vaccine / streptococcus pneumoniae serotype 6a capsular antigen diphtheria crm197 protein conjugate vaccine / streptococcus pneumoniae serotype 6b capsular antigen diphtheria crm197 protein conjugate vaccine / streptococcus pneumoniae serotype 7f capsular antigen diphtheria crm197 protein conjugate vaccine / streptococcus pneumoniae serotype 9v capsular antigen diphtheria crm197 protein conjugate vaccine injectable product	streptococcus pneumoniae serotype 1 capsular antigen diphtheria crm197 protein conjugate vaccine / streptococcus pneumoniae serotype 14 capsular antigen diphtheria crm197 protein conjugate vaccine / streptococcus pneumoniae serotype 18c capsular antigen diphtheria crm197 protein conjugate vaccine / streptococcus pneumoniae serotype 19a capsular antigen diphtheria crm197 protein conjugate vaccine / streptococcus pneumoniae serotype 19f capsular antigen diphtheria crm197 protein conjugate vaccine / streptococcus pneumoniae serotype 22f capsular antigen diphtheria crm197 protein conjugate vaccine / streptococcus pneumoniae serotype 23f capsular antigen diphtheria crm197 protein conjugate vaccine / streptococcus pneumoniae serotype 3 capsular antigen diphtheria crm197 protein conjugate vaccine / streptococcus pneumoniae serotype 33f capsular antigen diphtheria crm197 protein conjugate vaccine / streptococcus pneumoniae serotype 4 capsular antigen diphtheria crm197 protein conjugate vaccine / streptococcus pneumoniae serotype 5 capsular antigen diphtheria crm197 protein conjugate vaccine / streptococcus pneumoniae serotype 6a capsular antigen diphtheria crm197 protein conjugate vaccine / streptococcus pneumoniae serotype 6b capsular antigen diphtheria crm197 protein conjugate vaccine / streptococcus pneumoniae serotype 7f capsular antigen diphtheria crm197 protein conjugate vaccine / streptococcus pneumoniae serotype 9v capsular antigen diphtheria crm197 protein conjugate vaccine injectable product	Streptococcus pneumoniae Vaccine	modified_drug	22
3707	6776	DRUG	streptococcus pneumoniae serotype 1 capsular antigen diphtheria crm197 protein conjugate vaccine / streptococcus pneumoniae serotype 14 capsular antigen diphtheria crm197 protein conjugate vaccine / streptococcus pneumoniae serotype 18c capsular antigen diphtheria crm197 protein conjugate vaccine / streptococcus pneumoniae serotype 19a capsular antigen diphtheria crm197 protein conjugate vaccine / streptococcus pneumoniae serotype 19f capsular antigen diphtheria crm197 protein conjugate vaccine / streptococcus pneumoniae serotype 23f capsular antigen diphtheria crm197 protein conjugate vaccine / streptococcus pneumoniae serotype 3 capsular antigen diphtheria crm197 protein conjugate vaccine / streptococcus pneumoniae serotype 4 capsular antigen diphtheria crm197 protein conjugate vaccine / streptococcus pneumoniae serotype 5 capsular antigen diphtheria crm197 protein conjugate vaccine / streptococcus pneumoniae serotype 6a capsular antigen diphtheria crm197 protein conjugate vaccine / streptococcus pneumoniae serotype 6b capsular antigen diphtheria crm197 protein conjugate vaccine / streptococcus pneumoniae serotype 7f capsular antigen diphtheria crm197 protein conjugate vaccine / streptococcus pneumoniae serotype 9v capsular antigen diphtheria crm197 protein conjugate vaccine prefilled syringe	streptococcus pneumoniae serotype 1 capsular antigen diphtheria crm197 protein conjugate vaccine / streptococcus pneumoniae serotype 14 capsular antigen diphtheria crm197 protein conjugate vaccine / streptococcus pneumoniae serotype 18c capsular antigen diphtheria crm197 protein conjugate vaccine / streptococcus pneumoniae serotype 19a capsular antigen diphtheria crm197 protein conjugate vaccine / streptococcus pneumoniae serotype 19f capsular antigen diphtheria crm197 protein conjugate vaccine / streptococcus pneumoniae serotype 23f capsular antigen diphtheria crm197 protein conjugate vaccine / streptococcus pneumoniae serotype 3 capsular antigen diphtheria crm197 protein conjugate vaccine / streptococcus pneumoniae serotype 4 capsular antigen diphtheria crm197 protein conjugate vaccine / streptococcus pneumoniae serotype 5 capsular antigen diphtheria crm197 protein conjugate vaccine / streptococcus pneumoniae serotype 6a capsular antigen diphtheria crm197 protein conjugate vaccine / streptococcus pneumoniae serotype 6b capsular antigen diphtheria crm197 protein conjugate vaccine / streptococcus pneumoniae serotype 7f capsular antigen diphtheria crm197 protein conjugate vaccine / streptococcus pneumoniae serotype 9v capsular antigen diphtheria crm197 protein conjugate vaccine prefilled syringe	Streptococcus pneumoniae Vaccine	modified_drug	21
3708	6777	DRUG	streptococcus pneumoniae type 1 capsular polysaccharide antigen	streptococcus pneumoniae type 1 capsular polysaccharide antigen	Streptococcus pneumoniae Vaccine	modified_drug	20
3709	6778	DRUG	streptococcus pneumoniae type 1 capsular polysaccharide diphtheria crm197 protein conjugate antigen	streptococcus pneumoniae type 1 capsular polysaccharide diphtheria crm197 protein conjugate antigen	Streptococcus pneumoniae Vaccine	modified_drug	21
3710	6779	DRUG	streptococcus pneumoniae type 10a capsular polysaccharide antigen	streptococcus pneumoniae type 10a capsular polysaccharide antigen	Streptococcus pneumoniae Vaccine	modified_drug	20
3711	6780	DRUG	streptococcus pneumoniae type 10a capsular polysaccharide diphtheria crm197 protein conjugate antigen	streptococcus pneumoniae type 10a capsular polysaccharide diphtheria crm197 protein conjugate antigen	Streptococcus pneumoniae Vaccine	modified_drug	21
3712	6781	DRUG	streptococcus pneumoniae type 11a capsular polysaccharide antigen	streptococcus pneumoniae type 11a capsular polysaccharide antigen	Streptococcus pneumoniae Vaccine	modified_drug	20
3713	6782	DRUG	streptococcus pneumoniae type 11a capsular polysaccharide diphtheria crm197 protein conjugate antigen	streptococcus pneumoniae type 11a capsular polysaccharide diphtheria crm197 protein conjugate antigen	Streptococcus pneumoniae Vaccine	modified_drug	21
3714	6783	DRUG	streptococcus pneumoniae type 12f capsular polysaccharide antigen	streptococcus pneumoniae type 12f capsular polysaccharide antigen	Streptococcus pneumoniae Vaccine	modified_drug	20
3715	6784	DRUG	streptococcus pneumoniae type 12f capsular polysaccharide diphtheria crm197 protein conjugate antigen	streptococcus pneumoniae type 12f capsular polysaccharide diphtheria crm197 protein conjugate antigen	Streptococcus pneumoniae Vaccine	modified_drug	21
3716	6785	DRUG	streptococcus pneumoniae type 14 capsular polysaccharide antigen	streptococcus pneumoniae type 14 capsular polysaccharide antigen	Streptococcus pneumoniae Vaccine	modified_drug	20
3717	6786	DRUG	streptococcus pneumoniae type 14 capsular polysaccharide diphtheria crm197 protein conjugate antigen	streptococcus pneumoniae type 14 capsular polysaccharide diphtheria crm197 protein conjugate antigen	Streptococcus pneumoniae Vaccine	modified_drug	21
3718	6787	DRUG	streptococcus pneumoniae type 15b capsular polysaccharide antigen	streptococcus pneumoniae type 15b capsular polysaccharide antigen	Streptococcus pneumoniae Vaccine	modified_drug	20
3719	6788	DRUG	streptococcus pneumoniae type 15b capsular polysaccharide diphtheria crm197 protein conjugate antigen	streptococcus pneumoniae type 15b capsular polysaccharide diphtheria crm197 protein conjugate antigen	Streptococcus pneumoniae Vaccine	modified_drug	21
3720	6789	DRUG	streptococcus pneumoniae type 17f capsular polysaccharide antigen	streptococcus pneumoniae type 17f capsular polysaccharide antigen	Streptococcus pneumoniae Vaccine	modified_drug	20
3721	6790	DRUG	streptococcus pneumoniae type 18c capsular polysaccharide antigen	streptococcus pneumoniae type 18c capsular polysaccharide antigen	Streptococcus pneumoniae Vaccine	modified_drug	20
3722	6791	DRUG	streptococcus pneumoniae type 18c capsular polysaccharide diphtheria crm197 protein conjugate antigen	streptococcus pneumoniae type 18c capsular polysaccharide diphtheria crm197 protein conjugate antigen	Streptococcus pneumoniae Vaccine	modified_drug	21
3723	6792	DRUG	streptococcus pneumoniae type 19a capsular polysaccharide antigen	streptococcus pneumoniae type 19a capsular polysaccharide antigen	Streptococcus pneumoniae Vaccine	modified_drug	20
3724	6793	DRUG	streptococcus pneumoniae type 19a capsular polysaccharide diphtheria crm197 protein conjugate antigen	streptococcus pneumoniae type 19a capsular polysaccharide diphtheria crm197 protein conjugate antigen	Streptococcus pneumoniae Vaccine	modified_drug	21
3725	6794	DRUG	streptococcus pneumoniae type 19f capsular polysaccharide antigen	streptococcus pneumoniae type 19f capsular polysaccharide antigen	Streptococcus pneumoniae Vaccine	modified_drug	20
3726	6795	DRUG	streptococcus pneumoniae type 19f capsular polysaccharide diphtheria crm197 protein conjugate antigen	streptococcus pneumoniae type 19f capsular polysaccharide diphtheria crm197 protein conjugate antigen	Streptococcus pneumoniae Vaccine	modified_drug	21
3727	6796	DRUG	streptococcus pneumoniae type 2 capsular polysaccharide antigen	streptococcus pneumoniae type 2 capsular polysaccharide antigen	Streptococcus pneumoniae Vaccine	modified_drug	20
3728	6797	DRUG	streptococcus pneumoniae type 20 capsular polysaccharide antigen	streptococcus pneumoniae type 20 capsular polysaccharide antigen	Streptococcus pneumoniae Vaccine	modified_drug	20
3729	6798	DRUG	streptococcus pneumoniae type 22f capsular polysaccharide antigen	streptococcus pneumoniae type 22f capsular polysaccharide antigen	Streptococcus pneumoniae Vaccine	modified_drug	20
3730	6799	DRUG	streptococcus pneumoniae type 22f capsular polysaccharide diphtheria crm197 protein conjugate antigen	streptococcus pneumoniae type 22f capsular polysaccharide diphtheria crm197 protein conjugate antigen	Streptococcus pneumoniae Vaccine	modified_drug	21
3731	6800	DRUG	streptococcus pneumoniae type 23f capsular polysaccharide antigen	streptococcus pneumoniae type 23f capsular polysaccharide antigen	Streptococcus pneumoniae Vaccine	modified_drug	20
3732	6801	DRUG	streptococcus pneumoniae type 23f capsular polysaccharide diphtheria crm197 protein conjugate antigen	streptococcus pneumoniae type 23f capsular polysaccharide diphtheria crm197 protein conjugate antigen	Streptococcus pneumoniae Vaccine	modified_drug	21
3733	6802	DRUG	streptococcus pneumoniae type 3 capsular polysaccharide antigen	streptococcus pneumoniae type 3 capsular polysaccharide antigen	Streptococcus pneumoniae Vaccine	modified_drug	20
3734	6803	DRUG	streptococcus pneumoniae type 3 capsular polysaccharide diphtheria crm197 protein conjugate antigen	streptococcus pneumoniae type 3 capsular polysaccharide diphtheria crm197 protein conjugate antigen	Streptococcus pneumoniae Vaccine	modified_drug	21
3735	6804	DRUG	streptococcus pneumoniae type 33f capsular polysaccharide antigen	streptococcus pneumoniae type 33f capsular polysaccharide antigen	Streptococcus pneumoniae Vaccine	modified_drug	20
3736	6805	DRUG	streptococcus pneumoniae type 33f capsular polysaccharide diphtheria crm197 protein conjugate antigen	streptococcus pneumoniae type 33f capsular polysaccharide diphtheria crm197 protein conjugate antigen	Streptococcus pneumoniae Vaccine	modified_drug	21
3737	6806	DRUG	streptococcus pneumoniae type 4 capsular polysaccharide antigen	streptococcus pneumoniae type 4 capsular polysaccharide antigen	Streptococcus pneumoniae Vaccine	modified_drug	20
3738	6807	DRUG	streptococcus pneumoniae type 5 capsular polysaccharide antigen	streptococcus pneumoniae type 5 capsular polysaccharide antigen	Streptococcus pneumoniae Vaccine	modified_drug	20
3739	6808	DRUG	streptococcus pneumoniae type 5 capsular polysaccharide diphtheria crm197 protein conjugate antigen	streptococcus pneumoniae type 5 capsular polysaccharide diphtheria crm197 protein conjugate antigen	Streptococcus pneumoniae Vaccine	modified_drug	21
3740	6809	DRUG	streptococcus pneumoniae type 6a capsular polysaccharide diphtheria crm197 protein conjugate antigen	streptococcus pneumoniae type 6a capsular polysaccharide diphtheria crm197 protein conjugate antigen	Streptococcus pneumoniae Vaccine	modified_drug	21
3741	6810	DRUG	streptococcus pneumoniae type 6b capsular polysaccharide antigen	streptococcus pneumoniae type 6b capsular polysaccharide antigen	Streptococcus pneumoniae Vaccine	modified_drug	20
3742	6811	DRUG	streptococcus pneumoniae type 6b capsular polysaccharide diphtheria crm197 protein conjugate antigen	streptococcus pneumoniae type 6b capsular polysaccharide diphtheria crm197 protein conjugate antigen	Streptococcus pneumoniae Vaccine	modified_drug	21
3743	6812	DRUG	streptococcus pneumoniae type 7f capsular polysaccharide antigen	streptococcus pneumoniae type 7f capsular polysaccharide antigen	Streptococcus pneumoniae Vaccine	modified_drug	20
3744	6813	DRUG	streptococcus pneumoniae type 7f capsular polysaccharide diphtheria crm197 protein conjugate antigen	streptococcus pneumoniae type 7f capsular polysaccharide diphtheria crm197 protein conjugate antigen	Streptococcus pneumoniae Vaccine	modified_drug	21
3745	6814	DRUG	streptococcus pneumoniae type 8 capsular polysaccharide antigen	streptococcus pneumoniae type 8 capsular polysaccharide antigen	Streptococcus pneumoniae Vaccine	modified_drug	20
3746	6815	DRUG	streptococcus pneumoniae type 8 capsular polysaccharide diphtheria crm197 protein conjugate antigen	streptococcus pneumoniae type 8 capsular polysaccharide diphtheria crm197 protein conjugate antigen	Streptococcus pneumoniae Vaccine	modified_drug	21
3747	6816	DRUG	streptococcus pneumoniae type 9n capsular polysaccharide antigen	streptococcus pneumoniae type 9n capsular polysaccharide antigen	Streptococcus pneumoniae Vaccine	modified_drug	20
3748	6817	DRUG	streptococcus pneumoniae type 9v capsular polysaccharide antigen	streptococcus pneumoniae type 9v capsular polysaccharide antigen	Streptococcus pneumoniae Vaccine	modified_drug	20
3749	6818	DRUG	streptococcus pneumoniae type 9v capsular polysaccharide diphtheria crm197 protein conjugate antigen	streptococcus pneumoniae type 9v capsular polysaccharide diphtheria crm197 protein conjugate antigen	Streptococcus pneumoniae Vaccine	modified_drug	21
3750	2835	DRUG	streptokinase	streptokinase	Streptokinase	MeSH	39
3751	2836	DRUG	streptomycin	streptomycin	Streptomycin	standard	78
3752	2837	DRUG	streptozocin	streptozocin	Streptozocin	standard	53
3753	2838	DRUG	stribild	stribild	Stribild	standard	43
3754	2839	DRUG	strontium atom	strontium atom	Strontium	standard	8
3755	8229	DRUG	Strontium ranelate	strontium ranelate	Strontium Ranelate	NCI Thesaurus	50
3756	2840	DRUG	suboxone	suboxone	Buprenorphine	standard	90
3757	2841	DRUG	succimer	succimer	Succimer	standard	48
3758	2842	DRUG	succinic acid	succinic acid	Succinic Acid	standard	72
3759	8773	DRUG	Succinyl-Coenzyme A	succinyl-coenzyme a	Succinyl-Coenzyme A	PubChem	41
3760	2843	DRUG	succinylcholine	succinylcholine	Succinylcholine	standard	39
3761	2844	DRUG	sucralfate	sucralfate	Sucralfate	standard	69
3762	2845	DRUG	sucroferric oxyhydroxide only product	sucroferric oxyhydroxide only product	FERRIC OXYHYDROXIDE	standard	21
3763	8740	DRUG	Sucrose	sucrose	Sucrose	PubChem	55
3764	8655	DRUG	Sufentanil	sufentanil	Sufentanil	PubChem	53
3765	2846	DRUG	sugammadex	sugammadex	Sugammadex	standard	71
3766	2847	DRUG	sulbactam	sulbactam	Sulbactam	standard	15
3767	2848	DRUG	sulconazole	sulconazole	Sulconazole	standard	53
3768	2849	DRUG	sulfabenzamide	sulfabenzamide	Sulfabenzamide	standard	52
3769	2850	DRUG	sulfacetamide	sulfacetamide	Sulfacetamide	standard	56
3770	6819	DRUG	sulfacetamide / sulfur topical gel	sulfacetamide / sulfur topical gel	Sulfacetamide; Sulfur	PubChem	83
3771	2851	DRUG	sulfacytine	sulfacytine	Sulfacytine	standard	9
3772	2852	DRUG	sulfadiazine	sulfadiazine	Sulfadiazine	standard	83
3773	2853	DRUG	sulfadiazine silver	sulfadiazine silver	Silver Sulfadiazine	standard	29
3774	2854	DRUG	sulfadimethoxine	sulfadimethoxine	Sulfadimethoxine	standard	67
3775	2855	DRUG	sulfadoxine	sulfadoxine	Sulfadoxine	standard	55
3776	2856	DRUG	sulfaethoxypyridazine	sulfaethoxypyridazine	Sulfaethoxypyridazine	standard	38
3777	2857	DRUG	sulfafurazole	sulfafurazole	Sulfisoxazole	standard	53
3778	2858	DRUG	sulfamerazine	sulfamerazine	Sulfamerazine	standard	52
3779	2859	DRUG	sulfameter	sulfameter	Sulfameter	standard	55
3780	2860	DRUG	sulfamethazine	sulfamethazine	Sulfamethazine	standard	75
3781	2861	DRUG	sulfamethizole	sulfamethizole	Sulfamethizole	standard	54
3782	2862	DRUG	sulfamethoxazole	sulfamethoxazole	Sulfamethoxazole	standard	84
3783	2863	DRUG	sulfametopyrazine	sulfametopyrazine	Sulfalene	standard	12
3784	2864	DRUG	sulfanilamide	sulfanilamide	Sulfanilamide	standard	46
3785	2865	DRUG	sulfaphenazole	sulfaphenazole	Sulfaphenazole	standard	75
3786	2866	DRUG	sulfapyridine	sulfapyridine	Sulfapyridine	standard	56
3787	2867	DRUG	sulfasalazine	sulfasalazine	Sulfasalazine	standard	75
3788	2868	DRUG	sulfathiazole	sulfathiazole	Sulfathiazole	standard	57
3789	2869	DRUG	sulfinpyrazone	sulfinpyrazone	Sulfinpyrazone	standard	17
3790	2870	DRUG	sulfisoxazole	sulfisoxazole	Sulfisoxazole	standard	53
3791	8313	DRUG	Sulforaphane	sulforaphane	Sulforaphane	PubChem	39
3792	2871	DRUG	sulfoxone	sulfoxone	Sulfoxone	standard	4
3793	2872	DRUG	sulfur hexafluoride	sulfur hexafluoride	Sulfur Hexafluoride	standard	72
3794	2873	DRUG	sulindac	sulindac	Sulindac	standard	119
3795	2874	DRUG	sulpiride	sulpiride	Sulpiride	standard	54
3796	2875	DRUG	sultamicillin	sultamicillin	Sultamicillin	standard	16
3797	2876	DRUG	sulthiame	sulthiame	Sulthiame	standard	6
3798	2877	DRUG	sultopride	sultopride	Sultopride	standard	6
3799	2878	DRUG	sumatriptan	sumatriptan	Sumatriptan	standard	87
3800	2879	DRUG	sunitinib	sunitinib	Sunitinib	standard	49
3801	2880	DRUG	suprofen	suprofen	Suprofen	standard	58
3802	2881	DRUG	suramin	suramin	Suramin	standard	132
3803	2882	DRUG	susoctocog alfa	susoctocog alfa	Susoctocog Alfa	standard	1
3804	2883	DRUG	sutilain	sutilain	sutilains	corrected_overlay	18
3805	2884	DRUG	sutimlimab	sutimlimab	Sutimlimab	standard	105
3806	2885	DRUG	suvorexant	suvorexant	Suvorexant	standard	67
3807	2886	DRUG	suzetrigine	suzetrigine	Suzetrigine	standard	91
3808	2887	DRUG	symbicort	symbicort	budesonide; formoterol	corrected_overlay	20
3809	2888	DRUG	symtuza	symtuza	Cobicistat	standard	70
3810	8226	DRUG	Synephrine	synephrine	Synephrine	PubChem	58
3811	2889	DRUG	synthetic conjugated estrogens, a	synthetic conjugated estrogens, a	Estrogens, Conjugated Synthetic A	standard	14
3812	2890	DRUG	synthetic conjugated estrogens, b	synthetic conjugated estrogens, b	Synthetic Conjugated Estrogens, B	DailyMed	202
3813	2891	DRUG	syprine	syprine	Trientine Hydrochloride	standard	7
3814	2892	DRUG	tabelecleucel	tabelecleucel	Tabelecleucel	standard	80
3815	2893	DRUG	tacalcitol	tacalcitol	Tacalcitol	standard	77
3816	6820	DRUG	tachosil topical product	tachosil topical product	Absorbable Fibrin Sealant Patch	modified_drug	34
3817	2894	DRUG	tacrine	tacrine	Tacrine	standard	57
3818	2895	DRUG	tacrolimus	tacrolimus	Tacrolimus	standard	40
3819	2896	DRUG	tadalafil	tadalafil	Tadalafil	standard	79
3820	2897	DRUG	tafamidis	tafamidis	Tafamidis	standard	68
3821	2898	DRUG	tafasitamab	tafasitamab	Tafasitamab	standard	72
3822	2899	DRUG	tafenoquine	tafenoquine	Tafenoquine	standard	67
3823	2900	DRUG	tafluprost	tafluprost	Tafluprost	standard	75
3824	2901	DRUG	tagraxofusp	tagraxofusp	Tagraxofusp-erzs	standard	113
3825	8135	DRUG	Talampanel	talampanel	Talampanel	NCI Thesaurus	46
3826	2902	DRUG	talaporfin	talaporfin	Talaporfin	standard	1
3827	8357	DRUG	Talarozole	talarozole	Talarozole	PubChem	43
3828	2903	DRUG	talazoparib	talazoparib	Talazoparib	standard	59
3829	2904	DRUG	talc	talc	Talc	NCI Thesaurus	49
3830	2905	DRUG	taletrectinib	taletrectinib	Taletrectinib	NCI Thesaurus	97
3831	2906	DRUG	taliglucerase alfa	taliglucerase alfa	Taliglucerase Alfa	DailyMed	212
3832	2907	DRUG	talimogene laherparepvec	talimogene laherparepvec	Talimogene Laherparepvec	standard	154
3833	2908	DRUG	talinolol	talinolol	Talinolol	standard	6
3834	2909	DRUG	talquetamab	talquetamab	Talquetamab	standard	96
3835	2910	DRUG	tamibarotene	tamibarotene	Tamibarotene	standard	65
3836	2911	DRUG	tamoxifen	tamoxifen	Tamoxifen	standard	58
3837	2912	DRUG	tamsulosin	tamsulosin	Tamsulosin	standard	65
3838	2913	DRUG	tandospirone	tandospirone	Tandospirone	standard	66
3839	8142	DRUG	Tanespimycin	tanespimycin	Tanespimycin	NCI Thesaurus	56
3840	2914	DRUG	tannic acid	tannic acid	Tannic Acid	standard	5
3841	2915	DRUG	tannic-12 s	tannic-12 s	Carbetapentane	standard	9
3842	2916	DRUG	tapentadol	tapentadol	Tapentadol	standard	4
3843	2917	DRUG	tapinarof	tapinarof	Tapinarof	standard	4
3844	8181	DRUG	Taranabant	taranabant	Taranabant	PubChem	4
3845	6381	DRUG	tas-116	tas-116	Pimitespib	alias_drug	64
3846	2918	DRUG	tasimelteon	tasimelteon	Tasimelteon	standard	68
3847	2919	DRUG	tasonermin	tasonermin	Tasonermin	standard	1
3848	2920	DRUG	tasosartan	tasosartan	Tasosartan	standard	6
3849	2921	DRUG	taurine	taurine	Taurine	standard	101
3850	8805	DRUG	Taurocholic acid	taurocholic acid	Taurocholic acid	PubChem	58
3851	2922	DRUG	tauroursodeoxycholic acid	tauroursodeoxycholic acid	Tauroursodeoxycholic acid	standard	54
3852	2923	DRUG	tavaborole	tavaborole	Tavaborole	standard	64
3853	2924	DRUG	tazarotene	tazarotene	Tazarotene	standard	64
3854	2925	DRUG	tazemetostat	tazemetostat	Tazemetostat	standard	19
3855	2926	DRUG	tazobactam	tazobactam	Tazobactam	standard	95
3856	8149	DRUG	TBC-3711	tbc-3711	CHEMBL611371	ChEMBL	12
3857	2927	DRUG	tea tree oil	tea tree oil	tea tree oil	standard	57
3858	2928	DRUG	tebentafusp	tebentafusp	Tebentafusp	standard	105
3859	2929	DRUG	teceleukin	teceleukin	Teceleukin	standard	1
3860	2930	DRUG	technetium atom	technetium atom	Technetium	standard	8
3861	2931	DRUG	technetium tc 99m sestamibi	technetium tc 99m sestamibi	TECHNETIUM TC 99M MEBROFENIN	DailyMed	195
3862	2932	DRUG	teclistamab	teclistamab	Teclistamab	standard	96
3863	2933	DRUG	tecovirimat	tecovirimat	Tecovirimat	NCI Thesaurus	29
3864	2934	DRUG	tecovirimat monohydrate	tecovirimat monohydrate	Tecovirimat monohydrate	DailyMed	216
3865	2935	DRUG	tedizolid	tedizolid	Tedizolid	standard	108
3866	2936	DRUG	tedizolid phosphate	tedizolid phosphate	Tedizolid Phosphate	standard	96
3867	2937	DRUG	teduglutide	teduglutide	Teduglutide	standard	75
3868	2938	DRUG	tegafur	tegafur	Tegafur	standard	10
3869	2939	DRUG	tegafur-gimeracil-oteracil	tegafur-gimeracil-oteracil	tegafur; gimeracil; oteracil	corrected_overlay	12
3870	2940	DRUG	tegafur-uracil	tegafur-uracil	Tegafur-Uracil	NCI Thesaurus	106
3871	8659	DRUG	Tegaserod	tegaserod	Tegaserod	PubChem	29
3872	2941	DRUG	teicoplanin	teicoplanin	Teicoplanin	ChEBI	65
3873	2942	DRUG	telaprevir	telaprevir	Telaprevir	standard	57
3874	2943	DRUG	telavancin	telavancin	Telavancin	standard	61
3875	2944	DRUG	telbivudine	telbivudine	Telbivudine	standard	52
3876	2945	DRUG	telisotuzumab vedotin	telisotuzumab vedotin	Telisotuzumab Vedotin	standard	133
3877	2946	DRUG	telithromycin	telithromycin	Telithromycin	standard	5
3878	2947	DRUG	telmisartan	telmisartan	Telmisartan	standard	53
3879	6821	DRUG	telmisartan/amlodipine	telmisartan/amlodipine	Telmisartan; Amlodipine	modified_drug	52
3880	2948	DRUG	telotristat	telotristat	Telotristat	standard	5
3881	2949	DRUG	telotristat ethyl	telotristat ethyl	Telotristat Ethyl	NCI Thesaurus	60
3882	2950	DRUG	temazepam	temazepam	Temazepam	standard	4
3883	2951	DRUG	temocapril	temocapril	Temocapril	standard	4
3884	2952	DRUG	temocillin	temocillin	Temocillin	standard	19
3885	2953	DRUG	temoporfin	temoporfin	Temoporfin	standard	14
3886	2954	DRUG	temozolomide	temozolomide	Temozolomide	standard	86
3887	8317	DRUG	Tempol	tempol	Tempol	PubChem	75
3888	2955	DRUG	temsavir	temsavir	Temsavir	standard	1
3889	2956	DRUG	temsirolimus	temsirolimus	Temsirolimus	NCI Thesaurus	57
3890	2957	DRUG	tenapanor	tenapanor	Tenapanor	DailyMed	176
3891	2958	DRUG	tenapanor hydrochloride	tenapanor hydrochloride	Tenapanor Hydrochloride	DailyMed	132
3892	2959	DRUG	tenecteplase	tenecteplase	Tenecteplase	standard	94
3893	2960	DRUG	teneligliptin	teneligliptin	Teneligliptin	standard	6
3894	8369	DRUG	Tenidap	tenidap	Tenidap	PubChem	34
3895	2961	DRUG	teniposide	teniposide	Teniposide	standard	13
3896	2962	DRUG	tenofovir	tenofovir	Tenofovir	standard	92
3897	2963	DRUG	tenofovir alafenamide	tenofovir alafenamide	Tenofovir Alafenamide	standard	93
3898	2964	DRUG	tenofovir alafenamide fumarate	tenofovir alafenamide fumarate	Tenofovir Alafenamide Fumarate	standard	63
3899	2965	DRUG	tenofovir disoproxil	tenofovir disoproxil	Tenofovir Disoproxil	standard	64
3900	2966	DRUG	tenoretic	tenoretic	atenolol; chlorthalidone	corrected_overlay	18
3901	2967	DRUG	tenoxicam	tenoxicam	Tenoxicam	standard	95
3902	2968	DRUG	teplizumab	teplizumab	Teplizumab	DailyMed	89
3903	2969	DRUG	tepotinib	tepotinib	Tepotinib	NCI Thesaurus	82
3904	2970	DRUG	tepotinib hydrochloride	tepotinib hydrochloride	Tepotinib Hydrochloride	NCI Thesaurus	91
3905	2971	DRUG	tepoxalin	tepoxalin	Tepoxalin	standard	93
3906	2972	DRUG	teprotumumab	teprotumumab	Teprotumumab	standard	86
3907	2973	DRUG	terazosin	terazosin	Terazosin	standard	34
3908	2974	DRUG	terbinafine	terbinafine	Terbinafine	standard	83
3909	2975	DRUG	terbutaline	terbutaline	Terbutaline	standard	60
3910	2976	DRUG	terconazole	terconazole	Terconazole	standard	27
3911	2977	DRUG	terfenadine	terfenadine	Terfenadine	standard	4
3912	8366	DRUG	Terguride	terguride	Terguride	PubChem	6
3913	2978	DRUG	teriflunomide	teriflunomide	Teriflunomide	standard	80
3914	2979	DRUG	teriparatide	teriparatide	Teriparatide	standard	4
3915	2980	DRUG	terizidone	terizidone	4,4'-[1,4-Phenylenebis(methylidynenitrilo)]bis[3-isoxazolidinone]	standard	17
3916	2981	DRUG	terlipressin	terlipressin	Terlipressin	standard	4
3917	2982	DRUG	terpin hydrate	terpin hydrate	Terpin Hydrate	PubChem	16
3918	2983	DRUG	tesamorelin	tesamorelin	Tesamorelin	ChEBI	46
3919	8129	DRUG	Tesmilifene	tesmilifene	TESMILIFENE HYDROCHLORIDE	ChEMBL	20
3920	2984	DRUG	testolactone	testolactone	Testolactone	standard	7
3921	2985	DRUG	testosterone	testosterone	Testosterone	standard	45
3922	2986	DRUG	testosterone cypionate	testosterone cypionate	Testosterone Cypionate	standard	17
3923	2987	DRUG	testosterone enantate benzilic acid hydrazone	testosterone enantate benzilic acid hydrazone	Testosterone Enantate Benzilic Acid Hydrazone	PubChem	36
3924	2988	DRUG	testosterone enanthate	testosterone enanthate	Testosterone Enanthate	standard	24
3925	2989	DRUG	testosterone propionate	testosterone propionate	Testosterone Propionate	standard	6
3926	2990	DRUG	testosterone undecanoate	testosterone undecanoate	Testosterone, undecanoate	standard	6
3927	2991	DRUG	tetanus immune globulin, human	tetanus immune globulin, human	TETANUS IMMUNE GLOBULIN	DailyMed	361
3928	2992	DRUG	tetrabenazine	tetrabenazine	Tetrabenazine	standard	56
3929	2993	DRUG	tetracaine	tetracaine	Tetracaine	standard	48
3930	2994	DRUG	tetrachlorodecaoxide	tetrachlorodecaoxide	Tetrachlorodecaoxide	standard	1
3931	2995	DRUG	tetracycline	tetracycline	Tetracycline	standard	55
3932	2996	DRUG	tetracycline phosphate complex	tetracycline phosphate complex	Tetracycline Phosphate Complex	PubChem	66
3933	2997	DRUG	tetradecyl hydrogen sulfate (ester)	tetradecyl hydrogen sulfate (ester)	Tetradecyl hydrogen sulfate (ester)	standard	24
3934	2998	DRUG	tetraferric tricitrate decahydrate	tetraferric tricitrate decahydrate	Tetraferric Tricitrate Decahydrate	openFDA	94
3935	8644	DRUG	Tetrahydrofolic acid	tetrahydrofolic acid	Tetrahydrofolic acid	PubChem	23
3936	8287	DRUG	Tetrahydropalmatine	tetrahydropalmatine	Tetrahydropalmatine	PubChem	55
3937	2999	DRUG	tetrakis(2-methoxyisobutylisocyanide)copper(i) tetrafluoroborate	tetrakis(2-methoxyisobutylisocyanide)copper(i) tetrafluoroborate	Tetrakis(2-methoxyisobutylisocyanide)copper(I) Tetrafluoroborate	standard	20
3938	8394	DRUG	Tetrandrine	tetrandrine	Tetrandrine	PubChem	10
3939	8140	DRUG	Tetrathiomolybdate	tetrathiomolybdate	Tetrathiomolybdate	NCI Thesaurus	277
3940	3000	DRUG	tetrofosmin	tetrofosmin	Tetrofosmin	standard	4
3941	3001	DRUG	tetryzoline	tetryzoline	(+-)-Tetrahydrozoline	standard	29
3942	3002	DRUG	tezacaftor	tezacaftor	1-(2,2-Difluoro-1,3-benzodioxol-5-yl)-N-(1-((2R)-2,3-dihydroxypropyl)-6-fluoro-2-(2-hydroxy-1,1-dimethylethyl)-1H-indol-5-yl)cyclopropanecarboxamide	standard	20
3943	3003	DRUG	tezepelumab	tezepelumab	Tezepelumab	DailyMed	102
3944	9551	DRUG	tezepelumab-ekko	tezepelumab-ekko	tezepelumab	DailyMed	102
3945	8179	DRUG	Tezosentan	tezosentan	TEZOSENTAN	ChEMBL	19
3946	8157	DRUG	TG100-115	tg100-115	TG100-115	PubChem	6
3947	3004	DRUG	thalidomide	thalidomide	Thalidomide	standard	32
3948	6382	DRUG	thallium-201	thallium-201	Thallium-201	alias_drug	17
3949	3005	DRUG	thenalidine	thenalidine	Thenalidine	standard	9
3950	8668	DRUG	Theobromine	theobromine	Theobromine	PubChem	75
3951	3006	DRUG	theophylline	theophylline	Theophylline	standard	74
3952	3007	DRUG	thiabendazole	thiabendazole	Thiabendazole	standard	68
3953	3008	DRUG	thiamazole	thiamazole	Methimazole	standard	34
3954	3009	DRUG	thiamine	thiamine	Thiamine	standard	59
3955	3010	DRUG	thiamylal	thiamylal	Thiamylal	standard	39
3956	3011	DRUG	thiethylperazine	thiethylperazine	Thiethylperazine	standard	60
3957	3012	DRUG	thioacetazone	thioacetazone	Amithiozone	standard	9
3958	3013	DRUG	thiocolchicoside	thiocolchicoside	Thiocolchicoside	standard	4
3959	3014	DRUG	thioguanine	thioguanine	Thioguanine	standard	37
3960	3015	DRUG	thiopental	thiopental	Thiopental	standard	58
3961	8373	DRUG	Thiopropazate	thiopropazate	Thiopropazate	PubChem	49
3962	3016	DRUG	thioridazine	thioridazine	Thioridazine	standard	70
3963	8254	DRUG	Thiostrepton	thiostrepton	Thiostrepton	NCI Thesaurus	95
3964	3017	DRUG	thiosulfate(2-)	thiosulfate(2-)	Thiosulfate ion	standard	44
3965	3018	DRUG	thiosulfuric acid	thiosulfuric acid	Thiosulfuric acid	standard	30
3966	3019	DRUG	thiotepa	thiotepa	Thiotepa	standard	6
3967	3020	DRUG	thiothixene	thiothixene	Thiothixene	standard	12
3968	8363	DRUG	Thiram	thiram	Thiram	PubChem	51
3969	3021	DRUG	thonzylamine	thonzylamine	Thonzylamine	standard	6
3970	3022	DRUG	threonine	threonine	L-Threonine	standard	88
3971	3023	DRUG	thrombomodulin alfa	thrombomodulin alfa	Thrombomodulin Alfa	standard	56
3972	8114	DRUG	Thymidine	thymidine	Thymidine	NCI Thesaurus	31
3973	8763	DRUG	Thymine	thymine	Thymine	PubChem	45
3974	3024	DRUG	thymoglobulin	thymoglobulin	Lapine T-Lymphocyte Immune Globulin	standard	85
3975	3025	DRUG	thymol	thymol	Thymol	standard	38
3976	3026	DRUG	thyroglobulin	thyroglobulin	Thyroglobulin	standard	20
3977	3027	DRUG	thyroid hormone	thyroid hormone	thyroid hormone	standard	7
3978	3028	DRUG	thyroid hormones	thyroid hormones	thyroid hormone	standard	7
3979	3029	DRUG	thyroid, porcine	thyroid, porcine	Thyroid, Porcine	DailyMed	81
3980	3030	DRUG	thyrotropin	thyrotropin	Recombinant Thyroid-Stimulating Hormone	standard	54
3981	3031	DRUG	thyrotropin alfa	thyrotropin alfa	Recombinant Thyrotropin Alfa	standard	62
3982	3032	DRUG	tiagabine	tiagabine	Tiagabine	standard	86
3983	8352	DRUG	Tiapride	tiapride	Tiapride	PubChem	6
3984	3033	DRUG	tiaprofenic acid	tiaprofenic acid	Tiaprofenic Acid	standard	47
3985	3034	DRUG	tibolone	tibolone	Tibolone	standard	82
3986	3035	DRUG	ticagrelor	ticagrelor	Ticagrelor	standard	76
3987	3036	DRUG	ticarcillin	ticarcillin	Ticarcillin	standard	33
3988	6822	DRUG	tick-borne encephalitis purified antigen 0.0048 mg/ml	tick-borne encephalitis purified antigen 0.0048 mg/ml	tick-borne encephalitis vaccine antigen	corrected_overlay	12
3989	6823	DRUG	tick-borne encephalitis vaccine (whole virus, inactivated)	tick-borne encephalitis vaccine (whole virus, inactivated)	INFLUENZA VIRUS VACCINE	modified_drug	22
3990	3037	DRUG	ticlopidine	ticlopidine	Ticlopidine	standard	53
3991	8290	DRUG	Tideglusib	tideglusib	Tideglusib	PubChem	94
3992	3038	DRUG	tienilic acid	tienilic acid	Tienilic Acid	standard	80
3993	3039	DRUG	tigecycline	tigecycline	Tigecycline	standard	100
3994	3040	DRUG	tilactase	tilactase	TILACTASE	standard	3
3995	3041	DRUG	tilbroquinol	tilbroquinol	Tilbroquinol	standard	10
3996	3042	DRUG	tildrakizumab	tildrakizumab	Tildrakizumab	standard	113
3997	3043	DRUG	tiletamine	tiletamine	Tiletamine	standard	4
3998	3044	DRUG	tilmanocept	tilmanocept	Tilmanocept	DailyMed	369
3999	3045	DRUG	tiludronic acid	tiludronic acid	Tiludronic Acid	standard	6
4000	3046	DRUG	timolol	timolol	Timolol	standard	72
4001	3047	DRUG	tinidazole	tinidazole	Tinidazole	standard	49
4002	3048	DRUG	tinoridine	tinoridine	Tinoridine	standard	4
4003	3049	DRUG	tinzaparin	tinzaparin	Tinzaparin	standard	95
4004	3050	DRUG	tioconazole	tioconazole	Tioconazole	standard	35
4005	3051	DRUG	tioguanine	tioguanine	Thioguanine	standard	37
4006	3052	DRUG	tiopronin	tiopronin	Tiopronin	standard	5
4007	3053	DRUG	tiotropium	tiotropium	(3H)tiotropium	standard	49
4008	3054	DRUG	tiotropium bromide	tiotropium bromide	Olodaterol/tiotropium bromide	standard	55
4009	3055	DRUG	tiotropium bromide hydrate	tiotropium bromide hydrate	Tiotropium Bromide Monohydrate	standard	40
4010	3056	DRUG	tioxidazole	tioxidazole	Tioxidazole	standard	6
4011	8133	DRUG	Tipifarnib	tipifarnib	Tipifarnib	NCI Thesaurus	50
4012	3057	DRUG	tipiracil	tipiracil	Tipiracil	standard	88
4013	6824	DRUG	tipiracil / trifluridine oral product	tipiracil / trifluridine oral product	Tipiracil; Trifluridine	modified_drug	50
4014	3058	DRUG	tipiracil-trifluridine	tipiracil-trifluridine	trifluridine/tipiracil	corrected_overlay	23
4015	3059	DRUG	tipranavir	tipranavir	Tipranavir	standard	40
4016	3060	DRUG	tirabrutinib	tirabrutinib	Tirabrutinib	standard	53
4017	3061	DRUG	tirbanibulin	tirbanibulin	Tirbanibulin	standard	90
4018	3062	DRUG	tirofiban	tirofiban	Tirofiban	standard	73
4019	3063	DRUG	tirzepatide	tirzepatide	CID 163285897	standard	68
4020	3064	DRUG	tisagenlecleucel	tisagenlecleucel	Tisagenlecleucel	standard	139
4021	3065	DRUG	tislelizumab	tislelizumab	Tislelizumab	standard	117
4022	3066	DRUG	tisotumab vedotin	tisotumab vedotin	Tisotumab Vedotin	standard	156
4023	3067	DRUG	titanium dioxide	titanium dioxide	Titanium dioxide	standard	35
4024	3068	DRUG	tivozanib	tivozanib	Tivozanib	standard	87
4025	3069	DRUG	tixagevimab	tixagevimab	Tixagevimab	standard	105
4026	3070	DRUG	tizanidine	tizanidine	Tizanidine	standard	46
4027	3071	DRUG	tizanidine hydrochloride	tizanidine hydrochloride	Tizanidine Hydrochloride	standard	5
4028	8207	DRUG	TNP-470	tnp-470	TNP-470	PubChem	73
4029	3072	DRUG	tobramycin	tobramycin	Tobramycin	standard	48
4030	6825	DRUG	tobramycin, dexamethasone drug combination	tobramycin, dexamethasone drug combination	tobramycin; dexamethasone	corrected_overlay	11
4031	3073	DRUG	tocainide	tocainide	Tocainide	standard	40
4032	3074	DRUG	tocilizumab	tocilizumab	Tocilizumab	standard	76
4033	3075	DRUG	tocofersolan	tocofersolan	Tocophersolan	standard	79
4034	8246	DRUG	Tocopherol	tocopherol	Tocopherol	NCI Thesaurus	22
4035	8329	DRUG	Tocotrienol	tocotrienol	Tocotrienol	PubChem	4
4036	8213	DRUG	Tofacitinib	tofacitinib	Tofacitinib	PubChem	57
4037	3076	DRUG	tofacitinib citrate	tofacitinib citrate	Tofacitinib Citrate	standard	45
4038	3077	DRUG	tofersen	tofersen	Tofersen	DailyMed	212
4039	3078	DRUG	tofogliflozin	tofogliflozin	Tofogliflozin	standard	6
4040	3079	DRUG	tolazamide	tolazamide	Tolazamide	standard	51
4041	3080	DRUG	tolazoline	tolazoline	Tolazoline	standard	32
4042	3081	DRUG	tolbutamide	tolbutamide	Tolbutamide	standard	35
4043	3082	DRUG	tolcapone	tolcapone	Tolcapone	standard	73
4044	3083	DRUG	tolevamer	tolevamer	Tolevamer	standard	1
4045	3084	DRUG	tolfenamic acid	tolfenamic acid	Tolfenamic Acid	standard	88
4046	3085	DRUG	tolmetin	tolmetin	Tolmetin	standard	73
4047	3086	DRUG	tolmetin sodium	tolmetin sodium	Tolmetin Sodium	standard	47
4048	3087	DRUG	tolnaftate	tolnaftate	Tolnaftate	standard	40
4049	3088	DRUG	toloxatone	toloxatone	Toloxatone	standard	32
4050	3089	DRUG	tolrestat	tolrestat	Tolrestat	standard	17
4051	3090	DRUG	tolterodine	tolterodine	Tolterodine	standard	27
4052	3091	DRUG	tolvaptan	tolvaptan	Tolvaptan	standard	71
4053	3092	DRUG	tonzonium	tonzonium	Thonzonium	standard	6
4054	3093	DRUG	topiramate	topiramate	Topiramate	standard	62
4055	3094	DRUG	topiroxostat	topiroxostat	Topiroxostat	standard	1
4056	3095	DRUG	topotecan	topotecan	Topotecan	standard	48
4057	3096	DRUG	torasemide	torasemide	Torasemide	standard	68
4058	3097	DRUG	toremifene	toremifene	Toremifene	standard	41
4059	3098	DRUG	toripalimab	toripalimab	Toripalimab	standard	123
4060	3099	DRUG	torsemide	torsemide	Torasemide	standard	68
4061	3100	DRUG	tositumomab	tositumomab	Tositumomab	standard	36
4062	3101	DRUG	tosufloxacin	tosufloxacin	Tosufloxacin	standard	60
4063	3102	DRUG	tovorafenib	tovorafenib	Tovorafenib	standard	97
4064	3103	DRUG	tozinameran	tozinameran	Tozinameran	standard	115
4065	3104	DRUG	trabectedin	trabectedin	Trabectedin	standard	81
4066	3105	DRUG	trafermin	trafermin	Trafermin	standard	1
4067	3106	DRUG	tralokinumab	tralokinumab	Tralokinumab	DailyMed	182
4068	3107	DRUG	tramadol	tramadol	Tramadol	standard	92
4069	3108	DRUG	tramazoline	tramazoline	Tramazoline	standard	6
4070	3109	DRUG	trametinib	trametinib	Trametinib	standard	84
4071	3110	DRUG	trandolapril	trandolapril	Trandolapril	standard	85
4072	3111	DRUG	trandolapril and verapamil hydrochloride	trandolapril and verapamil hydrochloride	Trandolapril; verapamil hydrochloride	manual_final7_review	23
4073	3112	DRUG	trandolaprilat	trandolaprilat	Trandolaprilat	standard	72
4074	3113	DRUG	tranexamic acid	tranexamic acid	4-(Aminomethyl)cyclohexanecarboxylic acid	standard	26
4075	3114	DRUG	tranilast	tranilast	Tranilast	standard	75
4076	3115	DRUG	tranylcypromine	tranylcypromine	Tranylcypromine	standard	34
4077	3116	DRUG	trastuzumab	trastuzumab	trastuzumab	standard	6
4078	3117	DRUG	trastuzumab deruxtecan	trastuzumab deruxtecan	Trastuzumab Deruxtecan	standard	112
4079	3118	DRUG	trastuzumab emtansine	trastuzumab emtansine	Trastuzumab Emtansine	standard	106
4080	3119	DRUG	travoprost	travoprost	Travoprost	standard	112
4081	3120	DRUG	trazodone	trazodone	Trazodone	standard	59
4082	3121	DRUG	trelagliptin succinate	trelagliptin succinate	Trelagliptin Succinate	NCI Thesaurus; ChEBI	19
4083	3122	DRUG	tremelimumab	tremelimumab	Tremelimumab	standard	66
4084	3123	DRUG	treosulfan	treosulfan	Treosulfan	standard	5
4085	3124	DRUG	treprostinil	treprostinil	Treprostinil	standard	37
4086	8111	DRUG	Tretazicar	tretazicar	Tretazicar	NCI Thesaurus	90
4087	3125	DRUG	tretinoin	tretinoin	all-trans-retinoic acid	standard	14
4088	3126	DRUG	triamcinolone	triamcinolone	Triamcinolone	standard	97
4089	3127	DRUG	triamterene	triamterene	Triamterene	standard	50
4090	3128	DRUG	triazolam	triazolam	Triazolam	standard	11
4091	3129	DRUG	tribenzor	tribenzor	amlodipine; olmesartan; hydrochlorothiazide	corrected_overlay	13
4092	3130	DRUG	tricaine	tricaine	Ethyl 3-aminobenzoate	standard	59
4093	3131	DRUG	trichlormethiazide	trichlormethiazide	Trichlormethiazide	standard	75
4094	3132	DRUG	triclabendazole	triclabendazole	Triclabendazole	standard	5
4095	3133	DRUG	triclocarban	triclocarban	Triclocarban	standard	66
4096	3134	DRUG	triclofos	triclofos	Triclofos	standard	5
4097	3135	DRUG	triclosan	triclosan	Triclosan	standard	112
4098	3136	DRUG	tridihexethyl	tridihexethyl	Tridihexethyl	standard	25
4099	3137	DRUG	trientine	trientine	2,2,2-tetramine	standard	21
4100	3138	DRUG	trientine hydrochloride	trientine hydrochloride	Trientine Hydrochloride	standard	7
4101	3139	DRUG	triethylenetetramine	triethylenetetramine	Triethylenetetramine	standard	38
4102	3140	DRUG	trifarotene	trifarotene	Trifarotene	NCI Thesaurus	45
4103	3141	DRUG	trifluoperazine	trifluoperazine	Trifluoperazine	standard	71
4104	8753	DRUG	Trifluoroethanol	trifluoroethanol	Trifluoroethanol	PubChem	11
4105	3142	DRUG	triflupromazine	triflupromazine	Triflupromazine	standard	66
4106	3143	DRUG	trifluridine	trifluridine	Trifluridine	standard	58
4107	3144	DRUG	triflusal	triflusal	Triflusal	standard	16
4108	3145	DRUG	triheptanoin	triheptanoin	Triheptanoin	DailyMed	64
4109	3146	DRUG	trihexyphenidyl	trihexyphenidyl	Trihexyphenidyl	standard	4
4110	3147	DRUG	trikafta	trikafta	Tezacaftor	standard	18
4111	3148	DRUG	trilaciclib	trilaciclib	Trilaciclib	standard	11
4112	3149	DRUG	trilostane	trilostane	Trilostane	standard	59
4113	3150	DRUG	trimazosin	trimazosin	Trimazosin	standard	4
4114	3151	DRUG	trimebutine	trimebutine	Trimebutine	standard	8
4115	3152	DRUG	trimetaphan	trimetaphan	Trimethaphan	standard	33
4116	3153	DRUG	trimetazidine	trimetazidine	Trimetazidine	standard	5
4117	3154	DRUG	trimethadione	trimethadione	Trimethadione	standard	32
4118	3155	DRUG	trimethaphan	trimethaphan	Trimethaphan	standard	33
4119	3156	DRUG	trimethobenzamide	trimethobenzamide	Trimethobenzamide	standard	41
4120	3157	DRUG	trimethoprim	trimethoprim	Trimethoprim	standard	53
4121	3158	DRUG	trimetrexate	trimetrexate	Trimetrexate	standard	14
4122	3159	DRUG	trimipramine	trimipramine	Trimipramine	standard	51
4123	3160	DRUG	trioxsalen	trioxsalen	Trimethylpsoralen	standard	83
4124	3161	DRUG	tripelennamine	tripelennamine	Tripelennamine	standard	5
4125	3162	DRUG	triprolidine	triprolidine	Triprolidine	standard	73
4126	8279	DRUG	Triptolide	triptolide	Triptolide	PubChem	25
4127	3163	DRUG	triptorelin	triptorelin	Triptorelin	standard	45
4128	3164	DRUG	triumeq	triumeq	Triumeq	standard	141
4129	3165	DRUG	trizivir	trizivir	abacavir; lamivudine; zidovudine	corrected_overlay	14
4130	8171	DRUG	Trodusquemine	trodusquemine	Trodusquemine	PubChem	5
4131	3166	DRUG	trofinetide	trofinetide	Trofinetide	standard	87
4132	3167	DRUG	troglitazone	troglitazone	Troglitazone	standard	43
4133	3168	DRUG	troleandomycin	troleandomycin	Troleandomycin	standard	68
4134	3169	DRUG	tromantadine	tromantadine	Tromantadine	standard	5
4135	3170	DRUG	trometamol	trometamol	tris	standard	48
4136	3171	DRUG	tromethamine	tromethamine	tris	standard	48
4137	3172	DRUG	tropicamide	tropicamide	Tropicamide	standard	6
4138	3173	DRUG	tropisetron	tropisetron	Tropisetron	standard	85
4139	3174	DRUG	trospium	trospium	Trospium	standard	59
4140	3175	DRUG	trospium chloride	trospium chloride	Sanctura	standard	48
4141	3176	DRUG	trovafloxacin	trovafloxacin	1,8-Naphthyridine-3-carboxylic acid, 7-(1alpha,5alpha,6alpha)-6-amino-3-azabicyclo3.1.0hex-3-yl-1-(2,4-difluorophenyl)-6-fluoro-1,4-dihydro-4-oxo-	standard	99
4142	8764	DRUG	Trypanothione	trypanothione	Trypanothione	PubChem	20
4143	3177	DRUG	tryptophan	tryptophan	L-Tryptophan	standard	84
4144	3178	DRUG	tuberculin purified protein derivative	tuberculin purified protein derivative	TUBERCULIN	DailyMed	168
4145	3179	DRUG	tubocurarine	tubocurarine	Tubocurarine	standard	37
4146	3180	DRUG	tucatinib	tucatinib	Tucatinib	NCI Thesaurus	69
4147	3181	DRUG	tulobuterol	tulobuterol	Tulobuterol	standard	5
4148	3182	DRUG	turnbull's blue	turnbull's blue	METHYLENE BLUE	standard	29
4149	3183	DRUG	turoctocog alfa	turoctocog alfa	Turoctocog Alfa	standard	1
4150	3184	DRUG	turoctocog alfa pegol	turoctocog alfa pegol	Turoctocog Alfa Pegol	standard	1
4151	3185	DRUG	twynsta	twynsta	amlodipine; telmisartan	corrected_overlay	12
4152	7965	DRUG	Tymazoline	tymazoline	TYMAZOLINE	ChEMBL	19
4153	3186	DRUG	typhoid vaccine live	typhoid vaccine live	Typhoid Vaccine Live Oral	corrected_overlay	15
4154	6826	DRUG	typhoid vi polysaccharide vaccine	typhoid vi polysaccharide vaccine	TYPHOID VI POLYSACCHARIDE VACCINE	Composite standard-source core descriptions	45
4155	3187	DRUG	tyramine	tyramine	Tyramine	standard	61
4156	3188	DRUG	tyrothricin	tyrothricin	Tyrothricin	MeSH	38
4157	3189	DRUG	tzu 0460	tzu 0460	tzu 0460	standard	1
4158	3190	DRUG	ubidecarenone	ubidecarenone	coenzyme Q10	standard	24
4159	3191	DRUG	ublituximab	ublituximab	Ublituximab	standard	98
4160	3192	DRUG	ubrogepant	ubrogepant	Ubrogepant	standard	22
4161	3193	DRUG	udenafil	udenafil	Udenafil	standard	4
4162	3194	DRUG	ufrenmeran	ufrenmeran	Ufrenmeran	standard	1
4163	3195	DRUG	ulipristal	ulipristal	Ulipristal	standard	5
4164	3196	DRUG	ulobetasol	ulobetasol	Halobetasol	standard	5
4165	3197	DRUG	ulobetasol propionate	ulobetasol propionate	Halobetasol Propionate	standard	6
4166	3198	DRUG	umeclidinium	umeclidinium	Umeclidinium	standard	29
4167	6827	DRUG	umeclidinium / vilanterol inhalant product	umeclidinium / vilanterol inhalant product	Umeclidinium; Vilanterol	modified_drug	59
4168	3199	DRUG	unasyn	unasyn	ampicillin; sulbactam	corrected_overlay	19
4169	8790	DRUG	Undecanal	undecanal	Undecanal	PubChem	67
4170	3200	DRUG	undecylenic acid	undecylenic acid	Undecylenic Acid	standard	48
4171	3201	DRUG	unoprostone	unoprostone	Unoprostone	standard	24
4172	3202	DRUG	upacicalcet sodium hydrate	upacicalcet sodium hydrate	Upacicalcet	NCI Thesaurus	124
4173	3203	DRUG	upadacitinib	upadacitinib	Upadacitinib	DailyMed	325
4174	8277	DRUG	Uprosertib	uprosertib	Uprosertib	NCI Thesaurus	73
4175	8097	DRUG	Uracil	uracil	tegafur 100 MG / uracil 224 MG Oral Capsule	RxNorm	19
4176	3204	DRUG	uracil mustard	uracil mustard	Uracil Mustard	standard	8
4177	8330	DRUG	Urapidil	urapidil	Urapidil	PubChem	6
4178	3205	DRUG	urea	urea	Urea	standard	76
4179	3206	DRUG	urea-13c,15n2	urea-13c,15n2	urea-13C,15N2	corrected_overlay	25
4180	3207	DRUG	urethane	urethane	Carbamic acid, ethyl ester	standard	33
4181	3208	DRUG	uridine	uridine	Uridine	standard	41
4182	8786	DRUG	Uridine 5'-triphosphate	uridine 5'-triphosphate	Uridine 5'-triphosphate	PubChem	45
4183	3209	DRUG	uridine triacetate	uridine triacetate	2',3',5'-tri-O-acetyluridine	standard	64
4184	8761	DRUG	Uridine-5'-Diphosphate	uridine-5'-diphosphate	Uridine-5'-Diphosphate	PubChem	31
4185	3210	DRUG	urochloa mutica pollen	urochloa mutica pollen	para grass pollen extract	corrected_overlay	14
4186	3211	DRUG	urofollitropin	urofollitropin	urofollitropin	corrected_overlay	20
4187	3212	DRUG	urokinase	urokinase	Urokinase-Type Plasminogen Activator	standard	40
4188	8431	DRUG	Urolithin A	urolithin a	CHEMBL1836264	ChEMBL	12
4189	3213	DRUG	ursadiol	ursadiol	Ursadiol	standard	10
4190	3214	DRUG	ursodeoxycholic acid	ursodeoxycholic acid	Ursodeoxycholic Acid	standard	67
4191	3215	DRUG	ursodiol	ursodiol	ursodeoxycholic acid	standard	33
4192	3216	DRUG	ustekinumab	ustekinumab	Ustekinumab	standard	113
4193	6828	DRUG	utibron inhalant product	utibron inhalant product	Indacaterol	PubChem;corrected_overlay	84
4194	3217	DRUG	vaborbactam	vaborbactam	Vaborbactam	DailyMed	244
4195	3218	DRUG	vadadustat	vadadustat	Vadadustat	NCI Thesaurus	128
4196	3219	DRUG	valaciclovir	valaciclovir	Valacyclovir	standard	28
4197	3220	DRUG	valacyclovir hydrochloride	valacyclovir hydrochloride	Valacyclovir Hydrochloride	standard	7
4198	3221	DRUG	valbenazine	valbenazine	Valbenazine	DailyMed	229
4199	3222	DRUG	valbenazine tosylate	valbenazine tosylate	Valbenazine Tosylate	NCI Thesaurus; DailyMed	22
4200	3223	DRUG	valdecoxib	valdecoxib	Valdecoxib	standard	96
4201	3224	DRUG	valganciclovir	valganciclovir	Valganciclovir	standard	56
4202	3225	DRUG	valoctocogene roxaparvovec	valoctocogene roxaparvovec	Valoctocogene Roxaparvovec	DailyMed	159
4203	3226	DRUG	valproate bismuth	valproate bismuth	Valproate bismuth	standard	11
4204	3227	DRUG	valproic acid	valproic acid	Valproic Acid	standard	76
4205	7703	DRUG	Valproic acid.1	valproic acid.1	Valproic acid	PubChem	17
4206	3228	DRUG	valrubicin	valrubicin	Valrubicin	standard	7
4207	3229	DRUG	valsartan	valsartan	Valsartan	standard	58
4208	8271	DRUG	Valspodar	valspodar	Valspodar	PubChem	8
4209	3230	DRUG	vamorolone	vamorolone	Vamorolone	standard	81
4210	8389	DRUG	Vanadium	vanadium	Vanadium	PubChem	15
4211	3231	DRUG	vancomycin	vancomycin	Vancomycin	standard	60
4212	3232	DRUG	vandetanib	vandetanib	Vandetanib	standard	75
4213	3233	DRUG	vaniprevir	vaniprevir	Vaniprevir	ChEBI	26
4214	8774	DRUG	Vanoxerine	vanoxerine	Vanoxerine	PubChem	92
4215	3234	DRUG	vanzacaftor	vanzacaftor	Vanzacaftor	DailyMed	108
4216	3235	DRUG	vardenafil	vardenafil	Vardenafil	standard	47
4217	3236	DRUG	varenicline	varenicline	Varenicline	standard	69
4218	6829	DRUG	varicella zoster vaccine (live/attenuated)	varicella zoster vaccine (live/attenuated)	varicella zoster vaccine	corrected_overlay	9
4219	3237	DRUG	varicella zoster vaccine (recombinant)	varicella zoster vaccine (recombinant)	varicella zoster virus glycoprotein E vaccine antigen	corrected_overlay	15
4220	3238	DRUG	vasopressin	vasopressin	vasopressin	standard	48
4221	8126	DRUG	Vatalanib	vatalanib	Vatalanib	NCI Thesaurus	54
4222	3239	DRUG	vayarin	vayarin	Vayarin	standard	17
4223	3240	DRUG	vecuronium	vecuronium	Vecuronium	standard	50
4224	3241	DRUG	vedolizumab	vedolizumab	Vedolizumab	standard	144
4225	3242	DRUG	velaglucerase alfa	velaglucerase alfa	Velaglucerase Alfa	DailyMed	216
4226	8197	DRUG	Veliparib	veliparib	Veliparib	PubChem	36
4227	3243	DRUG	velmanase alfa	velmanase alfa	Velmanase Alfa	DailyMed	118
4228	3244	DRUG	velpatasvir	velpatasvir	Velpatasvir	standard	81
4229	3245	DRUG	vemurafenib	vemurafenib	Vemurafenib	standard	77
4230	3246	DRUG	venetoclax	venetoclax	Venetoclax	standard	75
4231	3247	DRUG	venlafaxine	venlafaxine	Venlafaxine	standard	62
4232	3248	DRUG	verapamil	verapamil	Verapamil	standard	41
4233	3249	DRUG	vericiguat	vericiguat	Vericiguat	standard	81
4234	3250	DRUG	vernakalant	vernakalant	Vernakalant	standard	9
4235	3251	DRUG	vernakalant hydrochloride	vernakalant hydrochloride	Vernakalant Hydrochloride	NCI Thesaurus; SNOMED CT	18
4236	3252	DRUG	verteporfin	verteporfin	verteporfin	standard	82
4237	3253	DRUG	vestronidase alfa	vestronidase alfa	Vestronidase Alfa	DailyMed	131
4238	3254	DRUG	vibegron	vibegron	Vibegron	standard	69
4239	6830	DRUG	vibrio cholerae cvd 103-hgr strain live antigen	vibrio cholerae cvd 103-hgr strain live antigen	VIBRIO CHOLERAE, LIVE ATTENUATED	modified_drug	18
4240	3255	DRUG	vidarabine	vidarabine	Vidarabine	standard	47
4241	3256	DRUG	vigabatrin	vigabatrin	Vigabatrin	standard	34
4242	3257	DRUG	vilanterol	vilanterol	Vilanterol	standard	62
4243	3258	DRUG	vilazodone	vilazodone	Vilazodone	standard	71
4244	3259	DRUG	vildagliptin	vildagliptin	Vildagliptin	standard	6
4245	3260	DRUG	viloxazine	viloxazine	Viloxazine	standard	5
4246	3261	DRUG	viltolarsen	viltolarsen	Viltolarsen	DailyMed	197
4247	3262	DRUG	vimseltinib	vimseltinib	Vimseltinib	NCI Thesaurus	142
4248	3263	DRUG	vinblastine	vinblastine	Vinblastine	NCI Thesaurus	65
4249	3264	DRUG	vincristine	vincristine	Vincristine	standard	108
4250	3265	DRUG	vindesine	vindesine	Vindesine	standard	42
4251	3266	DRUG	vinflunine	vinflunine	Aspidospermidine-3-carboxylic acid, 4-(acetyloxy)-6,7-didehydro-15-((2R,4R,6S,8S)-4-(1,1-difluoroethyl)-1,3,4,5,6,7,8,9-octahydro-8-(methoxycarbonyl)-2,6-methano-2H-azecino(4,3-b)indol-8-yl)-3-hydroxy-16-methoxy-1-methyl-, methyl ester, (2beta,3beta,4beta,5alpha,12R,19alpha)-	standard	88
4252	3267	DRUG	vinorelbine	vinorelbine	Vinorelbine	standard	44
4253	3268	DRUG	vinpocetine	vinpocetine	Vinpocetine	standard	11
4254	3269	DRUG	viomycin	viomycin	Viomycin	standard	44
4255	3270	DRUG	viper antivenom	viper antivenom	ANTIVENIN (CROTALIDAE) POLYVALENT	standard	1
4256	3271	DRUG	vismodegib	vismodegib	Vismodegib	standard	67
4257	7700	DRUG	Vitamin A	vitamin a	Vitamin A	PubChem	38
4258	8240	DRUG	Vitamin D	vitamin d	vitamin D	ChEBI	45
4259	3272	DRUG	vitamin e	vitamin e	Vitamin E	standard	65
4260	3273	DRUG	voclosporin	voclosporin	Voclosporin	standard	6
4261	3274	DRUG	voglibose	voglibose	Voglibose	standard	6
4262	3275	DRUG	volanesorsen	volanesorsen	Volanesorsen	standard	1
4263	3276	DRUG	von willebrand factor human	von willebrand factor human	Von Willebrand Factor Human	standard	48
4264	3277	DRUG	vonicog alfa	vonicog alfa	Vonicog Alfa	standard	1
4265	3278	DRUG	vonoprazan	vonoprazan	Vonoprazan	standard	6
4266	3279	DRUG	vorapaxar	vorapaxar	Vorapaxar	standard	106
4267	3280	DRUG	vorasidenib	vorasidenib	Vorasidenib	NCI Thesaurus	148
4268	3281	DRUG	voretigene neparvovec	voretigene neparvovec	Voretigene Neparvovec	DailyMed	172
4269	3282	DRUG	voriconazole	voriconazole	Voriconazole	standard	66
4270	3283	DRUG	vorinostat	vorinostat	Vorinostat	standard	76
4271	3284	DRUG	vortioxetine	vortioxetine	Vortioxetine	standard	57
4272	3285	DRUG	vortioxetine hydrobromide	vortioxetine hydrobromide	Vortioxetine Hydrobromide	standard	44
4273	3286	DRUG	vosoritide	vosoritide	Vosoritide	DailyMed	366
4274	3287	DRUG	voxelotor	voxelotor	Voxelotor	NCI Thesaurus	78
4275	3288	DRUG	voxilaprevir	voxilaprevir	Voxilaprevir	NCI Thesaurus	118
4276	3289	DRUG	vutrisiran	vutrisiran	Vutrisiran	standard	95
4277	3290	DRUG	vyxeos	vyxeos	cytarabine; daunorubicin	corrected_overlay	19
4278	3291	DRUG	warfarin	warfarin	Warfarin	standard	34
4279	3292	DRUG	water sodium valproate	water sodium valproate	VALPROATE SODIUM	standard	4
4280	8387	DRUG	WIN 55212-2	win 55212-2	WIN 55212-2	ChEBI	17
4281	3293	DRUG	wine grape	wine grape	wine grape (Vitis vinifera)	corrected_overlay	11
4282	8205	DRUG	Wortmannin	wortmannin	Wortmannin	PubChem	44
4283	3294	DRUG	xamoterol	xamoterol	Xamoterol	standard	6
4284	8425	DRUG	Xanomeline	xanomeline	Xanomeline	PubChem	21
4285	8715	DRUG	Xanthine	xanthine	Xanthine	PubChem	39
4286	8426	DRUG	Xanthohumol	xanthohumol	Xanthohumol	PubChem	93
4287	3295	DRUG	xigduo	xigduo	dapagliflozin; metformin	corrected_overlay	19
4288	3296	DRUG	ximelagatran	ximelagatran	Ximelagatran	standard	131
4289	3297	DRUG	xultophy	xultophy	insulin degludec; liraglutide	corrected_overlay	20
4290	3298	DRUG	xylazine	xylazine	Xylazine	standard	79
4291	8699	DRUG	Xylitol	xylitol	Xylitol	PubChem	43
4292	3299	DRUG	xylometazoline	xylometazoline	Xylometazoline	standard	4
4293	3300	DRUG	yellow fever vaccine	yellow fever vaccine	Yellow Fever Vaccine	standard	17
4294	3301	DRUG	yohimbine	yohimbine	Yohimbine	standard	43
4295	3302	DRUG	zafirlukast	zafirlukast	Zafirlukast	standard	24
4296	3303	DRUG	zalcitabine	zalcitabine	Dideoxycytidine	standard	27
4297	3304	DRUG	zaleplon	zaleplon	Zaleplon	standard	43
4298	3305	DRUG	zanamivir	zanamivir	Zanamivir	standard	20
4299	3306	DRUG	zanidatamab	zanidatamab	Zanidatamab	standard	130
4300	3307	DRUG	zanubrutinib	zanubrutinib	Zanubrutinib	NCI Thesaurus	87
4301	3308	DRUG	zapomeran	zapomeran	Zapomeran	standard	1
4302	3309	DRUG	zavegepant	zavegepant	Zavegepant	standard	87
4303	3310	DRUG	zeaxanthin	zeaxanthin	Zeaxanthin	standard	25
4304	8095	DRUG	Zebularine	zebularine	Zebularine	NCI Thesaurus	59
4305	3311	DRUG	zenocutuzumab	zenocutuzumab	Zenocutuzumab	standard	106
4306	3312	DRUG	zestoretic	zestoretic	lisinopril; hydrochlorothiazide	corrected_overlay	20
4307	8182	DRUG	Zibotentan	zibotentan	Zibotentan	PubChem	74
4308	3313	DRUG	ziconotide	ziconotide	Ziconotide	ChEBI	75
4309	3314	DRUG	zidovudine	zidovudine	Zidovudine	standard	39
4310	3315	DRUG	zileuton	zileuton	Zileuton	standard	93
4311	3316	DRUG	zilucoplan	zilucoplan	Zilucoplan	standard	75
4312	3317	DRUG	zimelidine	zimelidine	Zimelidine	standard	6
4313	3318	DRUG	zinc	zinc	Zinc	standard	15
4314	3319	DRUG	zinc acetate	zinc acetate	Zinc Acetate	standard	30
4315	3320	DRUG	zinc ascorbate	zinc ascorbate	Zinc Ascorbate	standard	34
4316	8245	DRUG	Zinc gluconate	zinc gluconate	Zinc gluconate	PubChem	5
4317	3321	DRUG	zinc histidine	zinc histidine	zinc histidine	corrected_overlay	22
4318	3322	DRUG	zinc oxide	zinc oxide	Zinc Oxide	MeSH	24
4319	8232	DRUG	Zinc sulfate	zinc sulfate	Zinc sulfate	PubChem	33
4320	3323	DRUG	zinc;acetate;hydrate	zinc;acetate;hydrate	Zinc acetate hydrate	manual_final7_review	34
4321	3324	DRUG	ziprasidone	ziprasidone	Ziprasidone	standard	55
4322	3325	DRUG	zofenopril	zofenopril	Zofenopril	standard	70
4323	3326	DRUG	zolbetuximab	zolbetuximab	Zolbetuximab	standard	92
4324	3327	DRUG	zoledronic acid	zoledronic acid	Zoledronic Acid	standard	33
4325	3328	DRUG	zolmitriptan	zolmitriptan	Zolmitriptan	standard	77
4326	3329	DRUG	zolpidem	zolpidem	Zolpidem	standard	41
4327	8820	DRUG	Zomepirac	zomepirac	Zomepirac	PubChem	38
4328	3330	DRUG	zonisamide	zonisamide	Zonisamide	standard	44
4329	3331	DRUG	zopiclone	zopiclone	Zopiclone	standard	44
4330	3332	DRUG	zosyn	zosyn	Zosyn	standard	99
4331	3333	DRUG	zotepine	zotepine	Zotepine	standard	25
4332	3334	DRUG	zucapsaicin	zucapsaicin	Zucapsaicin	standard	11
4333	3335	DRUG	zuclopenthixol	zuclopenthixol	Zuclopenthixol	standard	58
4334	3336	DRUG	zuranolone	zuranolone	Zuranolone	standard	75
