head_name	relation	tail_name
Gramicidin D	TRANSPORTED_BY	ATP-dependent translocase ABCB1
Daidzin	TRANSPORTED_BY	Broad substrate specificity ATP-binding cassette transporter ABCG2
Testosterone cypionate	TRANSPORTED_BY	Broad substrate specificity ATP-binding cassette transporter ABCG2
Testosterone cypionate	TRANSPORTED_BY	ATP-dependent translocase ABCB1
Testosterone cypionate	TRANSPORTED_BY	Hepatic sodium/bile acid cotransporter
Testosterone cypionate	TRANSPORTED_BY	Solute carrier family 22 member 3
Testosterone cypionate	TRANSPORTED_BY	Solute carrier family 22 member 4
Testosterone cypionate	TRANSPORTED_BY	Solute carrier family 22 member 7
Testosterone cypionate	TRANSPORTED_BY	Organic anion transporter 3
Testosterone cypionate	TRANSPORTED_BY	Solute carrier organic anion transporter family member 1A2
Testosterone enanthate	TRANSPORTED_BY	Broad substrate specificity ATP-binding cassette transporter ABCG2
Testosterone enanthate	TRANSPORTED_BY	ATP-dependent translocase ABCB1
Testosterone enanthate	TRANSPORTED_BY	Hepatic sodium/bile acid cotransporter
Testosterone enanthate	TRANSPORTED_BY	Solute carrier family 22 member 3
Testosterone enanthate	TRANSPORTED_BY	Solute carrier family 22 member 4
Testosterone enanthate	TRANSPORTED_BY	Solute carrier family 22 member 7
Testosterone enanthate	TRANSPORTED_BY	Organic anion transporter 3
Testosterone enanthate	TRANSPORTED_BY	Solute carrier organic anion transporter family member 1A2
Testosterone undecanoate	TRANSPORTED_BY	Broad substrate specificity ATP-binding cassette transporter ABCG2
Testosterone undecanoate	TRANSPORTED_BY	ATP-dependent translocase ABCB1
Testosterone undecanoate	TRANSPORTED_BY	Hepatic sodium/bile acid cotransporter
Testosterone undecanoate	TRANSPORTED_BY	Solute carrier family 22 member 2
Testosterone undecanoate	TRANSPORTED_BY	Solute carrier family 22 member 4
Testosterone undecanoate	TRANSPORTED_BY	Solute carrier family 22 member 7
Testosterone undecanoate	TRANSPORTED_BY	Organic anion transporter 3
Testosterone undecanoate	TRANSPORTED_BY	Solute carrier organic anion transporter family member 1A2
Testosterone undecanoate	TRANSPORTED_BY	Solute carrier organic anion transporter family member 1B3
Testosterone undecanoate	TRANSPORTED_BY	Multidrug and toxin extrusion protein 1
Stanolone acetate	TRANSPORTED_BY	ATP-dependent translocase ABCB1
Estradiol acetate	TRANSPORTED_BY	Broad substrate specificity ATP-binding cassette transporter ABCG2
Estradiol acetate	TRANSPORTED_BY	ATP-binding cassette sub-family C member 10
Estradiol acetate	TRANSPORTED_BY	ATP-dependent translocase ABCB1
Estradiol acetate	TRANSPORTED_BY	Solute carrier family 22 member 1
Estradiol acetate	TRANSPORTED_BY	Solute carrier family 22 member 2
Estradiol acetate	TRANSPORTED_BY	Solute carrier family 22 member 3
Estradiol acetate	TRANSPORTED_BY	Organic anion transporter 3
Estradiol acetate	TRANSPORTED_BY	Solute carrier family 22 member 11
Estradiol acetate	TRANSPORTED_BY	Solute carrier organic anion transporter family member 1A2
Estradiol acetate	TRANSPORTED_BY	Solute carrier organic anion transporter family member 1B1
Estradiol acetate	TRANSPORTED_BY	Solute carrier organic anion transporter family member 1B3
Estradiol acetate	TRANSPORTED_BY	Solute carrier organic anion transporter family member 1C1
Estradiol acetate	TRANSPORTED_BY	Solute carrier organic anion transporter family member 2B1
Estradiol acetate	TRANSPORTED_BY	Solute carrier organic anion transporter family member 4A1
Estradiol benzoate	TRANSPORTED_BY	Broad substrate specificity ATP-binding cassette transporter ABCG2
Estradiol benzoate	TRANSPORTED_BY	ATP-binding cassette sub-family C member 10
Estradiol benzoate	TRANSPORTED_BY	ATP-dependent translocase ABCB1
Estradiol benzoate	TRANSPORTED_BY	Solute carrier family 22 member 1
Estradiol benzoate	TRANSPORTED_BY	Solute carrier family 22 member 2
Estradiol benzoate	TRANSPORTED_BY	Solute carrier family 22 member 3
Estradiol benzoate	TRANSPORTED_BY	Organic anion transporter 3
Estradiol benzoate	TRANSPORTED_BY	Solute carrier family 22 member 11
Estradiol benzoate	TRANSPORTED_BY	Solute carrier organic anion transporter family member 1A2
Estradiol benzoate	TRANSPORTED_BY	Solute carrier organic anion transporter family member 1B1
Estradiol benzoate	TRANSPORTED_BY	Solute carrier organic anion transporter family member 1B3
Estradiol benzoate	TRANSPORTED_BY	Solute carrier organic anion transporter family member 1C1
Estradiol benzoate	TRANSPORTED_BY	Solute carrier organic anion transporter family member 2B1
Estradiol benzoate	TRANSPORTED_BY	Solute carrier organic anion transporter family member 4A1
Estradiol cypionate	TRANSPORTED_BY	Broad substrate specificity ATP-binding cassette transporter ABCG2
Estradiol cypionate	TRANSPORTED_BY	ATP-binding cassette sub-family C member 10
Estradiol cypionate	TRANSPORTED_BY	ATP-dependent translocase ABCB1
Estradiol cypionate	TRANSPORTED_BY	Solute carrier family 22 member 1
Estradiol cypionate	TRANSPORTED_BY	Solute carrier family 22 member 2
Estradiol cypionate	TRANSPORTED_BY	Solute carrier family 22 member 3
Estradiol cypionate	TRANSPORTED_BY	Organic anion transporter 3
Estradiol cypionate	TRANSPORTED_BY	Solute carrier family 22 member 11
Estradiol cypionate	TRANSPORTED_BY	Solute carrier organic anion transporter family member 1A2
Estradiol cypionate	TRANSPORTED_BY	Solute carrier organic anion transporter family member 1B1
Estradiol cypionate	TRANSPORTED_BY	Solute carrier organic anion transporter family member 1B3
Estradiol cypionate	TRANSPORTED_BY	Solute carrier organic anion transporter family member 1C1
Estradiol cypionate	TRANSPORTED_BY	Solute carrier organic anion transporter family member 2B1
Estradiol cypionate	TRANSPORTED_BY	Solute carrier organic anion transporter family member 4A1
Estradiol dienanthate	TRANSPORTED_BY	Broad substrate specificity ATP-binding cassette transporter ABCG2
Estradiol dienanthate	TRANSPORTED_BY	ATP-binding cassette sub-family C member 10
Estradiol dienanthate	TRANSPORTED_BY	ATP-dependent translocase ABCB1
Estradiol dienanthate	TRANSPORTED_BY	Solute carrier family 22 member 1
Estradiol dienanthate	TRANSPORTED_BY	Solute carrier family 22 member 2
Estradiol dienanthate	TRANSPORTED_BY	Solute carrier family 22 member 3
Estradiol dienanthate	TRANSPORTED_BY	Organic anion transporter 3
Estradiol dienanthate	TRANSPORTED_BY	Solute carrier family 22 member 11
Estradiol dienanthate	TRANSPORTED_BY	Solute carrier organic anion transporter family member 1A2
Estradiol dienanthate	TRANSPORTED_BY	Solute carrier organic anion transporter family member 1B1
Estradiol dienanthate	TRANSPORTED_BY	Solute carrier organic anion transporter family member 1B3
Estradiol dienanthate	TRANSPORTED_BY	Solute carrier organic anion transporter family member 1C1
Estradiol dienanthate	TRANSPORTED_BY	Solute carrier organic anion transporter family member 2B1
Estradiol dienanthate	TRANSPORTED_BY	Solute carrier organic anion transporter family member 4A1
Estradiol valerate	TRANSPORTED_BY	Broad substrate specificity ATP-binding cassette transporter ABCG2
Estradiol valerate	TRANSPORTED_BY	ATP-binding cassette sub-family C member 10
Estradiol valerate	TRANSPORTED_BY	ATP-dependent translocase ABCB1
Estradiol valerate	TRANSPORTED_BY	Solute carrier family 22 member 1
Estradiol valerate	TRANSPORTED_BY	Solute carrier family 22 member 2
Estradiol valerate	TRANSPORTED_BY	Solute carrier family 22 member 3
Estradiol valerate	TRANSPORTED_BY	Organic anion transporter 3
Estradiol valerate	TRANSPORTED_BY	Solute carrier family 22 member 11
Estradiol valerate	TRANSPORTED_BY	Solute carrier organic anion transporter family member 1A2
Estradiol valerate	TRANSPORTED_BY	Solute carrier organic anion transporter family member 1B1
Estradiol valerate	TRANSPORTED_BY	Solute carrier organic anion transporter family member 1B3
Estradiol valerate	TRANSPORTED_BY	Solute carrier organic anion transporter family member 1C1
Estradiol valerate	TRANSPORTED_BY	Solute carrier organic anion transporter family member 2B1
Estradiol valerate	TRANSPORTED_BY	Solute carrier organic anion transporter family member 4A1
Boceprevir	TRANSPORTED_BY	ATP-dependent translocase ABCB1
Fidaxomicin	TRANSPORTED_BY	ATP-dependent translocase ABCB1
Aminopterin	TRANSPORTED_BY	Proton-coupled folate transporter
Teriflunomide	TRANSPORTED_BY	Broad substrate specificity ATP-binding cassette transporter ABCG2
Teriflunomide	TRANSPORTED_BY	Solute carrier organic anion transporter family member 1B1
Vemurafenib	TRANSPORTED_BY	Broad substrate specificity ATP-binding cassette transporter ABCG2
Vemurafenib	TRANSPORTED_BY	Multidrug resistance-associated protein 1
Vemurafenib	TRANSPORTED_BY	ATP-dependent translocase ABCB1
Vemurafenib	TRANSPORTED_BY	Solute carrier organic anion transporter family member 1B1
Vemurafenib	TRANSPORTED_BY	Solute carrier organic anion transporter family member 1B3
Linagliptin	TRANSPORTED_BY	ATP-dependent translocase ABCB1
Linagliptin	TRANSPORTED_BY	Solute carrier family 22 member 1
Linagliptin	TRANSPORTED_BY	Solute carrier family 22 member 2
Linagliptin	TRANSPORTED_BY	Solute carrier family 22 member 3
Gadoxetic acid	TRANSPORTED_BY	ATP-binding cassette sub-family C member 2
Gadoxetic acid	TRANSPORTED_BY	ATP-binding cassette sub-family C member 3
Gadoxetic acid	TRANSPORTED_BY	ATP-binding cassette sub-family C member 4
Gadoxetic acid	TRANSPORTED_BY	Solute carrier organic anion transporter family member 1B1
Gadoxetic acid	TRANSPORTED_BY	Solute carrier organic anion transporter family member 1B3
Carfilzomib	TRANSPORTED_BY	ATP-dependent translocase ABCB1
Arbaclofen Placarbil	TRANSPORTED_BY	Monocarboxylate transporter 1
Mirabegron	TRANSPORTED_BY	ATP-dependent translocase ABCB1
Mirabegron	TRANSPORTED_BY	Solute carrier family 22 member 1
Mirabegron	TRANSPORTED_BY	Solute carrier family 22 member 2
Mirabegron	TRANSPORTED_BY	Solute carrier family 22 member 3
Mirabegron	TRANSPORTED_BY	Solute carrier organic anion transporter family member 1A2
Regorafenib	TRANSPORTED_BY	Broad substrate specificity ATP-binding cassette transporter ABCG2
Regorafenib	TRANSPORTED_BY	ATP-binding cassette sub-family C member 2
Regorafenib	TRANSPORTED_BY	ATP-dependent translocase ABCB1
Regorafenib	TRANSPORTED_BY	Solute carrier organic anion transporter family member 1B1
Enzalutamide	TRANSPORTED_BY	ATP-dependent translocase ABCB1
Ponatinib	TRANSPORTED_BY	Broad substrate specificity ATP-binding cassette transporter ABCG2
Ponatinib	TRANSPORTED_BY	ATP-dependent translocase ABCB1
Fluticasone furoate	TRANSPORTED_BY	ATP-dependent translocase ABCB1
Fluticasone furoate	TRANSPORTED_BY	Solute carrier organic anion transporter family member 1B1
Canagliflozin	TRANSPORTED_BY	Broad substrate specificity ATP-binding cassette transporter ABCG2
Canagliflozin	TRANSPORTED_BY	ATP-binding cassette sub-family C member 2
Canagliflozin	TRANSPORTED_BY	ATP-dependent translocase ABCB1
Pomalidomide	TRANSPORTED_BY	ATP-dependent translocase ABCB1
Dabrafenib	TRANSPORTED_BY	Broad substrate specificity ATP-binding cassette transporter ABCG2
Dabrafenib	TRANSPORTED_BY	ATP-dependent translocase ABCB1
Dabrafenib	TRANSPORTED_BY	Solute carrier family 22 member 2
Dabrafenib	TRANSPORTED_BY	Solute carrier family 22 member 6
Dabrafenib	TRANSPORTED_BY	Organic anion transporter 3
Dabrafenib	TRANSPORTED_BY	Solute carrier organic anion transporter family member 1A2
Dabrafenib	TRANSPORTED_BY	Solute carrier organic anion transporter family member 1B1
Dabrafenib	TRANSPORTED_BY	Solute carrier organic anion transporter family member 1B3
Geneticin	TRANSPORTED_BY	ATP-dependent translocase ABCB1
Citric acid	TRANSPORTED_BY	Na(+)/citrate cotransporter
Citric acid	TRANSPORTED_BY	Solute carrier organic anion transporter family member 2B1
Sphingosine	TRANSPORTED_BY	ATP-dependent translocase ABCB1
Somatotropin	TRANSPORTED_BY	ATP-dependent translocase ABCB1
Vasopressin	TRANSPORTED_BY	ATP-binding cassette sub-family C member 2
Daptomycin	TRANSPORTED_BY	ATP-dependent translocase ABCB1
Cyclosporine	TRANSPORTED_BY	Bile salt export pump
Cyclosporine	TRANSPORTED_BY	Broad substrate specificity ATP-binding cassette transporter ABCG2
Cyclosporine	TRANSPORTED_BY	ATP-binding cassette sub-family C member 2
Cyclosporine	TRANSPORTED_BY	ATP-binding cassette sub-family C member 10
Cyclosporine	TRANSPORTED_BY	ATP-dependent translocase ABCB1
Cyclosporine	TRANSPORTED_BY	Ileal sodium/bile acid cotransporter
Cyclosporine	TRANSPORTED_BY	Hepatic sodium/bile acid cotransporter
Cyclosporine	TRANSPORTED_BY	Solute carrier family 22 member 6
Cyclosporine	TRANSPORTED_BY	Solute carrier organic anion transporter family member 1B1
Cyclosporine	TRANSPORTED_BY	Solute carrier organic anion transporter family member 1B3
Agalsidase beta	TRANSPORTED_BY	Cation-dependent mannose-6-phosphate receptor
Octreotide	TRANSPORTED_BY	ATP-binding cassette sub-family C member 2
Octreotide	TRANSPORTED_BY	ATP-dependent translocase ABCB1
Oxytocin	TRANSPORTED_BY	Advanced glycosylation end product-specific receptor
Minocycline	TRANSPORTED_BY	Solute carrier family 22 member 6
Minocycline	TRANSPORTED_BY	Solute carrier family 22 member 7
Guanfacine	TRANSPORTED_BY	ATP-dependent translocase ABCB1
Guanfacine	TRANSPORTED_BY	Solute carrier family 22 member 1
Guanfacine	TRANSPORTED_BY	Solute carrier family 22 member 2
Guanfacine	TRANSPORTED_BY	Multidrug and toxin extrusion protein 1
Trichlormethiazide	TRANSPORTED_BY	Organic anion transporter 3
Felodipine	TRANSPORTED_BY	Bile salt export pump
Felodipine	TRANSPORTED_BY	ATP-dependent translocase ABCB1
Ketoconazole	TRANSPORTED_BY	Bile salt export pump
Ketoconazole	TRANSPORTED_BY	ATP-dependent translocase ABCB1
Ketoconazole	TRANSPORTED_BY	Solute carrier organic anion transporter family member 1B1
Irbesartan	TRANSPORTED_BY	Solute carrier family 15 member 1
Topotecan	TRANSPORTED_BY	Broad substrate specificity ATP-binding cassette transporter ABCG2
Topotecan	TRANSPORTED_BY	Multidrug resistance-associated protein 1
Topotecan	TRANSPORTED_BY	ATP-binding cassette sub-family C member 4
Topotecan	TRANSPORTED_BY	ATP-dependent translocase ABCB1
Topotecan	TRANSPORTED_BY	Multidrug and toxin extrusion protein 1
Topotecan	TRANSPORTED_BY	Multidrug and toxin extrusion protein 2
Probenecid	TRANSPORTED_BY	Solute carrier family 2, facilitated glucose transporter member 9
Probenecid	TRANSPORTED_BY	Monocarboxylate transporter 1
Probenecid	TRANSPORTED_BY	Monocarboxylate transporter 2
Probenecid	TRANSPORTED_BY	Monocarboxylate transporter 6
Probenecid	TRANSPORTED_BY	Multidrug resistance-associated protein 1
Probenecid	TRANSPORTED_BY	ATP-binding cassette sub-family C member 2
Probenecid	TRANSPORTED_BY	ATP-binding cassette sub-family C member 3
Probenecid	TRANSPORTED_BY	ATP-binding cassette sub-family C member 4
Probenecid	TRANSPORTED_BY	ATP-binding cassette sub-family C member 5
Probenecid	TRANSPORTED_BY	ATP-binding cassette sub-family C member 6
Probenecid	TRANSPORTED_BY	ATP-binding cassette sub-family C member 11
Probenecid	TRANSPORTED_BY	Hepatic sodium/bile acid cotransporter
Probenecid	TRANSPORTED_BY	Solute carrier family 22 member 1
Probenecid	TRANSPORTED_BY	Solute carrier family 22 member 2
Probenecid	TRANSPORTED_BY	Organic cation/carnitine transporter 2
Probenecid	TRANSPORTED_BY	Solute carrier family 22 member 6
Probenecid	TRANSPORTED_BY	Solute carrier family 22 member 7
Probenecid	TRANSPORTED_BY	Organic anion transporter 3
Probenecid	TRANSPORTED_BY	Solute carrier family 22 member 10
Probenecid	TRANSPORTED_BY	Solute carrier family 22 member 11
Probenecid	TRANSPORTED_BY	Solute carrier family 22 member 12
Probenecid	TRANSPORTED_BY	Solute carrier organic anion transporter family member 1A2
Probenecid	TRANSPORTED_BY	Solute carrier organic anion transporter family member 1C1
Mercaptopurine	TRANSPORTED_BY	Broad substrate specificity ATP-binding cassette transporter ABCG2
Mercaptopurine	TRANSPORTED_BY	ATP-binding cassette sub-family C member 4
Mercaptopurine	TRANSPORTED_BY	ATP-binding cassette sub-family C member 5
Mercaptopurine	TRANSPORTED_BY	Organic anion transporter 3
Mercaptopurine	TRANSPORTED_BY	Sodium/nucleoside cotransporter 2
Mercaptopurine	TRANSPORTED_BY	Solute carrier family 28 member 3
Mercaptopurine	TRANSPORTED_BY	Equilibrative nucleoside transporter 1
Mercaptopurine	TRANSPORTED_BY	Equilibrative nucleoside transporter 2
Mercaptopurine	TRANSPORTED_BY	Equilibrative nucleobase transporter 1
Procainamide	TRANSPORTED_BY	Solute carrier family 22 member 1
Procainamide	TRANSPORTED_BY	Solute carrier family 22 member 2
Procainamide	TRANSPORTED_BY	Solute carrier family 22 member 3
Procainamide	TRANSPORTED_BY	Solute carrier family 22 member 4
Procainamide	TRANSPORTED_BY	Organic cation/carnitine transporter 2
Procainamide	TRANSPORTED_BY	Multidrug and toxin extrusion protein 1
Procainamide	TRANSPORTED_BY	Multidrug and toxin extrusion protein 2
Selegiline	TRANSPORTED_BY	ATP-dependent translocase ABCB1
Fenofibrate	TRANSPORTED_BY	Bile salt export pump
Melphalan	TRANSPORTED_BY	Asc-type amino acid transporter 1
Melphalan	TRANSPORTED_BY	Large neutral amino acids transporter small subunit 1
Melphalan	TRANSPORTED_BY	ATP-dependent translocase ABCB1
Melphalan	TRANSPORTED_BY	Solute carrier family 22 member 3
Memantine	TRANSPORTED_BY	Solute carrier family 22 member 2
Memantine	TRANSPORTED_BY	Solute carrier family 22 member 4
Memantine	TRANSPORTED_BY	Multidrug and toxin extrusion protein 1
Memantine	TRANSPORTED_BY	Sodium/hydrogen exchanger 1
Gatifloxacin	TRANSPORTED_BY	ATP-binding cassette sub-family C member 2
Gatifloxacin	TRANSPORTED_BY	ATP-dependent translocase ABCB1
Gatifloxacin	TRANSPORTED_BY	Solute carrier organic anion transporter family member 1A2
Rifampin	TRANSPORTED_BY	Bile salt export pump
Rifampin	TRANSPORTED_BY	Broad substrate specificity ATP-binding cassette transporter ABCG2
Rifampin	TRANSPORTED_BY	Multidrug resistance-associated protein 1
Rifampin	TRANSPORTED_BY	ATP-binding cassette sub-family C member 2
Rifampin	TRANSPORTED_BY	ATP-binding cassette sub-family C member 3
Rifampin	TRANSPORTED_BY	ATP-binding cassette sub-family C member 5
Rifampin	TRANSPORTED_BY	ATP-dependent translocase ABCB1
Rifampin	TRANSPORTED_BY	Solute carrier family 22 member 6
Rifampin	TRANSPORTED_BY	Solute carrier family 22 member 7
Rifampin	TRANSPORTED_BY	Organic anion transporter 3
Rifampin	TRANSPORTED_BY	Solute carrier organic anion transporter family member 1A2
Rifampin	TRANSPORTED_BY	Solute carrier organic anion transporter family member 1B1
Rifampin	TRANSPORTED_BY	Solute carrier organic anion transporter family member 1B3
Rifampin	TRANSPORTED_BY	Solute carrier organic anion transporter family member 2B1
Abacavir	TRANSPORTED_BY	Broad substrate specificity ATP-binding cassette transporter ABCG2
Abacavir	TRANSPORTED_BY	ATP-binding cassette sub-family C member 4
Abacavir	TRANSPORTED_BY	ATP-dependent translocase ABCB1
Ibuprofen	TRANSPORTED_BY	Monocarboxylate transporter 2
Ibuprofen	TRANSPORTED_BY	Multidrug resistance-associated protein 1
Ibuprofen	TRANSPORTED_BY	ATP-binding cassette sub-family C member 4
Ibuprofen	TRANSPORTED_BY	ATP-dependent translocase ABCB1
Ibuprofen	TRANSPORTED_BY	Probable small intestine urate exporter
Ibuprofen	TRANSPORTED_BY	Solute carrier family 22 member 6
Ibuprofen	TRANSPORTED_BY	Organic anion transporter 3
Ibuprofen	TRANSPORTED_BY	Solute carrier family 22 member 11
Ibuprofen	TRANSPORTED_BY	Solute carrier organic anion transporter family member 1A2
Ibuprofen	TRANSPORTED_BY	Solute carrier organic anion transporter family member 2B1
Novobiocin	TRANSPORTED_BY	Broad substrate specificity ATP-binding cassette transporter ABCG2
Novobiocin	TRANSPORTED_BY	Solute carrier family 22 member 6
Novobiocin	TRANSPORTED_BY	Organic anion transporter 3
Novobiocin	TRANSPORTED_BY	Solute carrier family 22 member 11
Novobiocin	TRANSPORTED_BY	Solute carrier organic anion transporter family member 1B1
Novobiocin	TRANSPORTED_BY	Solute carrier organic anion transporter family member 1B3
Novobiocin	TRANSPORTED_BY	Solute carrier organic anion transporter family member 2B1
Benzylpenicillin	TRANSPORTED_BY	Solute carrier family 15 member 1
Benzylpenicillin	TRANSPORTED_BY	Solute carrier family 15 member 2
Benzylpenicillin	TRANSPORTED_BY	Solute carrier family 22 member 4
Benzylpenicillin	TRANSPORTED_BY	Organic cation/carnitine transporter 2
Benzylpenicillin	TRANSPORTED_BY	Solute carrier family 22 member 6
Benzylpenicillin	TRANSPORTED_BY	Organic anion transporter 3
Benzylpenicillin	TRANSPORTED_BY	Solute carrier family 22 member 11
Benzylpenicillin	TRANSPORTED_BY	Solute carrier organic anion transporter family member 1B1
Benzylpenicillin	TRANSPORTED_BY	Solute carrier organic anion transporter family member 1B3
Benzylpenicillin	TRANSPORTED_BY	Solute carrier organic anion transporter family member 2B1
Benzylpenicillin	TRANSPORTED_BY	Solute carrier organic anion transporter family member 3A1
Benzylpenicillin	TRANSPORTED_BY	Solute carrier organic anion transporter family member 4A1
Nitrendipine	TRANSPORTED_BY	Bile salt export pump
Nitrendipine	TRANSPORTED_BY	ATP-dependent translocase ABCB1
Norfloxacin	TRANSPORTED_BY	Broad substrate specificity ATP-binding cassette transporter ABCG2
Norfloxacin	TRANSPORTED_BY	ATP-dependent translocase ABCB1
Norfloxacin	TRANSPORTED_BY	Organic cation/carnitine transporter 2
Norfloxacin	TRANSPORTED_BY	Solute carrier family 22 member 6
Norfloxacin	TRANSPORTED_BY	Solute carrier organic anion transporter family member 1A2
Amoxicillin	TRANSPORTED_BY	ATP-dependent translocase ABCB1
Amoxicillin	TRANSPORTED_BY	Solute carrier family 15 member 1
Amoxicillin	TRANSPORTED_BY	Solute carrier family 15 member 2
Amoxicillin	TRANSPORTED_BY	Solute carrier family 22 member 6
Melatonin	TRANSPORTED_BY	Organic anion transporter 3
Cefditoren	TRANSPORTED_BY	Solute carrier organic anion transporter family member 1B1
Glipizide	TRANSPORTED_BY	Bile salt export pump
Promethazine	TRANSPORTED_BY	ATP-binding cassette sub-family C member 3
Promethazine	TRANSPORTED_BY	ATP-binding cassette sub-family C member 4
Promethazine	TRANSPORTED_BY	ATP-dependent translocase ABCB1
Mequitazine	TRANSPORTED_BY	ATP-dependent translocase ABCB1
Atazanavir	TRANSPORTED_BY	Bile salt export pump
Atazanavir	TRANSPORTED_BY	Multidrug resistance-associated protein 1
Atazanavir	TRANSPORTED_BY	ATP-dependent translocase ABCB1
Atazanavir	TRANSPORTED_BY	Solute carrier organic anion transporter family member 1B1
Atazanavir	TRANSPORTED_BY	Solute carrier organic anion transporter family member 1B3
Atazanavir	TRANSPORTED_BY	Solute carrier organic anion transporter family member 2B1
Fludarabine	TRANSPORTED_BY	Solute carrier family 28 member 3
Fludarabine	TRANSPORTED_BY	Equilibrative nucleoside transporter 1
Diphenhydramine	TRANSPORTED_BY	Solute carrier family 22 member 2
Diphenhydramine	TRANSPORTED_BY	Organic cation/carnitine transporter 2
Atorvastatin	TRANSPORTED_BY	Bile salt export pump
Atorvastatin	TRANSPORTED_BY	Monocarboxylate transporter 1
Atorvastatin	TRANSPORTED_BY	Monocarboxylate transporter 2
Atorvastatin	TRANSPORTED_BY	Multidrug resistance-associated protein 1
Atorvastatin	TRANSPORTED_BY	ATP-binding cassette sub-family C member 2
Atorvastatin	TRANSPORTED_BY	ATP-binding cassette sub-family C member 4
Atorvastatin	TRANSPORTED_BY	ATP-binding cassette sub-family C member 5
Atorvastatin	TRANSPORTED_BY	ATP-dependent translocase ABCB1
Atorvastatin	TRANSPORTED_BY	Solute carrier organic anion transporter family member 1A2
Atorvastatin	TRANSPORTED_BY	Solute carrier organic anion transporter family member 1B1
Atorvastatin	TRANSPORTED_BY	Solute carrier organic anion transporter family member 1B3
Atorvastatin	TRANSPORTED_BY	Solute carrier organic anion transporter family member 2B1
Tegaserod	TRANSPORTED_BY	Broad substrate specificity ATP-binding cassette transporter ABCG2
Tegaserod	TRANSPORTED_BY	ATP-dependent translocase ABCB1
Tegaserod	TRANSPORTED_BY	Sodium-dependent serotonin transporter
Vigabatrin	TRANSPORTED_BY	Proton-coupled amino acid transporter 1
Benzocaine	TRANSPORTED_BY	ATP-dependent translocase ABCB1
Primaquine	TRANSPORTED_BY	ATP-dependent translocase ABCB1
Iloprost	TRANSPORTED_BY	Solute carrier organic anion transporter family member 2A1
Iloprost	TRANSPORTED_BY	Solute carrier organic anion transporter family member 2B1
Iloprost	TRANSPORTED_BY	Solute carrier organic anion transporter family member 3A1
Ouabain	TRANSPORTED_BY	Organic anion transporter 3
Ouabain	TRANSPORTED_BY	Solute carrier organic anion transporter family member 1A2
Ouabain	TRANSPORTED_BY	Solute carrier organic anion transporter family member 1B1
Ouabain	TRANSPORTED_BY	Solute carrier organic anion transporter family member 1B3
Ouabain	TRANSPORTED_BY	Solute carrier organic anion transporter family member 1C1
Ouabain	TRANSPORTED_BY	Solute carrier organic anion transporter family member 4C1
Hesperetin	TRANSPORTED_BY	Broad substrate specificity ATP-binding cassette transporter ABCG2
Fluvastatin	TRANSPORTED_BY	ATP-binding cassette sub-family C member 2
Fluvastatin	TRANSPORTED_BY	Solute carrier family 15 member 1
Fluvastatin	TRANSPORTED_BY	Solute carrier organic anion transporter family member 1B1
Fluvastatin	TRANSPORTED_BY	Solute carrier organic anion transporter family member 1B3
Fluvastatin	TRANSPORTED_BY	Solute carrier organic anion transporter family member 2B1
Leflunomide	TRANSPORTED_BY	Broad substrate specificity ATP-binding cassette transporter ABCG2
Rosuvastatin	TRANSPORTED_BY	Bile salt export pump
Rosuvastatin	TRANSPORTED_BY	Broad substrate specificity ATP-binding cassette transporter ABCG2
Rosuvastatin	TRANSPORTED_BY	ATP-binding cassette sub-family C member 2
Rosuvastatin	TRANSPORTED_BY	ATP-binding cassette sub-family C member 4
Rosuvastatin	TRANSPORTED_BY	ATP-dependent translocase ABCB1
Rosuvastatin	TRANSPORTED_BY	Hepatic sodium/bile acid cotransporter
Rosuvastatin	TRANSPORTED_BY	Organic anion transporter 3
Rosuvastatin	TRANSPORTED_BY	Solute carrier organic anion transporter family member 1A2
Rosuvastatin	TRANSPORTED_BY	Solute carrier organic anion transporter family member 1B1
Rosuvastatin	TRANSPORTED_BY	Solute carrier organic anion transporter family member 1B3
Rosuvastatin	TRANSPORTED_BY	Solute carrier organic anion transporter family member 2B1
Rosuvastatin	TRANSPORTED_BY	Cystine/glutamate transporter
Pimozide	TRANSPORTED_BY	ATP-dependent translocase ABCB1
Quinacrine	TRANSPORTED_BY	Broad substrate specificity ATP-binding cassette transporter ABCG2
Quinacrine	TRANSPORTED_BY	ATP-dependent translocase ABCB1
Quinacrine	TRANSPORTED_BY	Solute carrier family 22 member 2
Sertraline	TRANSPORTED_BY	ATP-dependent translocase ABCB1
Miconazole	TRANSPORTED_BY	ATP-dependent translocase ABCB1
Cefuroxime	TRANSPORTED_BY	Solute carrier family 15 member 1
Cefuroxime	TRANSPORTED_BY	Solute carrier family 15 member 2
Chlorpheniramine	TRANSPORTED_BY	Multidrug resistance-associated protein 1
Chlorpheniramine	TRANSPORTED_BY	Solute carrier family 22 member 1
Chlorpheniramine	TRANSPORTED_BY	Solute carrier family 22 member 2
Nifedipine	TRANSPORTED_BY	Bile salt export pump
Nifedipine	TRANSPORTED_BY	ATP-binding cassette sub-family C member 2
Nifedipine	TRANSPORTED_BY	ATP-binding cassette sub-family C member 3
Nifedipine	TRANSPORTED_BY	ATP-dependent translocase ABCB1
Nifedipine	TRANSPORTED_BY	Solute carrier organic anion transporter family member 1B1
Atovaquone	TRANSPORTED_BY	ATP-dependent translocase ABCB1
Amiodarone	TRANSPORTED_BY	Bile salt export pump
Amiodarone	TRANSPORTED_BY	ATP-dependent translocase ABCB1
Amiodarone	TRANSPORTED_BY	Solute carrier family 22 member 2
Tolbutamide	TRANSPORTED_BY	ATP-binding cassette sub-family C member 8
Tolbutamide	TRANSPORTED_BY	ATP-binding cassette sub-family C member 9
Tolbutamide	TRANSPORTED_BY	Solute carrier family 15 member 1
Tolbutamide	TRANSPORTED_BY	Solute carrier family 15 member 2
Tolbutamide	TRANSPORTED_BY	Solute carrier family 22 member 6
Tolbutamide	TRANSPORTED_BY	Solute carrier organic anion transporter family member 1A2
Tolbutamide	TRANSPORTED_BY	Solute carrier organic anion transporter family member 2B1
Bicalutamide	TRANSPORTED_BY	Broad substrate specificity ATP-binding cassette transporter ABCG2
Bicalutamide	TRANSPORTED_BY	ATP-dependent translocase ABCB1
Rabeprazole	TRANSPORTED_BY	Broad substrate specificity ATP-binding cassette transporter ABCG2
Pioglitazone	TRANSPORTED_BY	Solute carrier organic anion transporter family member 1B1
Pioglitazone	TRANSPORTED_BY	Solute carrier organic anion transporter family member 1B3
Carvedilol	TRANSPORTED_BY	ATP-dependent translocase ABCB1
Levofloxacin	TRANSPORTED_BY	ATP-dependent translocase ABCB1
Levofloxacin	TRANSPORTED_BY	Solute carrier family 22 member 1
Levofloxacin	TRANSPORTED_BY	Solute carrier family 22 member 2
Levofloxacin	TRANSPORTED_BY	Solute carrier family 22 member 4
Levofloxacin	TRANSPORTED_BY	Solute carrier organic anion transporter family member 1A2
Levofloxacin	TRANSPORTED_BY	Solute carrier organic anion transporter family member 4C1
Levofloxacin	TRANSPORTED_BY	Multidrug and toxin extrusion protein 1
Levofloxacin	TRANSPORTED_BY	Multidrug and toxin extrusion protein 2
Sulfinpyrazone	TRANSPORTED_BY	Bile salt export pump
Sulfinpyrazone	TRANSPORTED_BY	Multidrug resistance-associated protein 1
Sulfinpyrazone	TRANSPORTED_BY	ATP-binding cassette sub-family C member 2
Sulfinpyrazone	TRANSPORTED_BY	ATP-binding cassette sub-family C member 3
Sulfinpyrazone	TRANSPORTED_BY	ATP-binding cassette sub-family C member 4
Sulfinpyrazone	TRANSPORTED_BY	ATP-binding cassette sub-family C member 5
Sulfinpyrazone	TRANSPORTED_BY	ATP-binding cassette sub-family C member 6
Cefadroxil	TRANSPORTED_BY	Multidrug resistance-associated protein 1
Cefadroxil	TRANSPORTED_BY	ATP-binding cassette sub-family C member 2
Cefadroxil	TRANSPORTED_BY	ATP-binding cassette sub-family C member 3
Cefadroxil	TRANSPORTED_BY	ATP-binding cassette sub-family C member 4
Cefadroxil	TRANSPORTED_BY	Solute carrier family 15 member 1
Cefadroxil	TRANSPORTED_BY	Solute carrier family 15 member 2
Cefadroxil	TRANSPORTED_BY	Organic cation/carnitine transporter 2
Cefadroxil	TRANSPORTED_BY	Solute carrier family 22 member 6
Cefadroxil	TRANSPORTED_BY	Organic anion transporter 3
Doxepin	TRANSPORTED_BY	ATP-dependent translocase ABCB1
Cloxacillin	TRANSPORTED_BY	Solute carrier family 15 member 1
Cloxacillin	TRANSPORTED_BY	Solute carrier family 15 member 2
Cloxacillin	TRANSPORTED_BY	Organic anion transporter 3
Cyanocobalamin	TRANSPORTED_BY	Protein amnionless
Cyanocobalamin	TRANSPORTED_BY	Cubilin
Cyanocobalamin	TRANSPORTED_BY	Low-density lipoprotein receptor-related protein 2
Cyanocobalamin	TRANSPORTED_BY	Multidrug resistance-associated protein 1
Cyanocobalamin	TRANSPORTED_BY	Cobalamin binding intrinsic factor
Cyanocobalamin	TRANSPORTED_BY	Transcobalamin-1
Cyanocobalamin	TRANSPORTED_BY	Transcobalamin-2
Tetrahydrofolic acid	TRANSPORTED_BY	ATP-binding cassette sub-family C member 2
Histidine	TRANSPORTED_BY	Monocarboxylate transporter 10
Pyruvic acid	TRANSPORTED_BY	Monocarboxylate transporter 10
Pyruvic acid	TRANSPORTED_BY	Monocarboxylate transporter 1
Pyruvic acid	TRANSPORTED_BY	Monocarboxylate transporter 2
Pyruvic acid	TRANSPORTED_BY	Monocarboxylate transporter 4
Pyruvic acid	TRANSPORTED_BY	Solute carrier organic anion transporter family member 2A1
Phenylalanine	TRANSPORTED_BY	Large neutral amino acids transporter small subunit 2
Phenylalanine	TRANSPORTED_BY	Large neutral amino acids transporter small subunit 3
Phenylalanine	TRANSPORTED_BY	Large neutral amino acids transporter small subunit 4
Phenylalanine	TRANSPORTED_BY	Monocarboxylate transporter 10
Biotin	TRANSPORTED_BY	Monocarboxylate transporter 1
Biotin	TRANSPORTED_BY	ATP-dependent translocase ABCB1
Biotin	TRANSPORTED_BY	Sodium-dependent multivitamin transporter
Biotin	TRANSPORTED_BY	Sodium-coupled monocarboxylate transporter 1
Choline	TRANSPORTED_BY	Choline transporter-like protein 1
Choline	TRANSPORTED_BY	Choline transporter-like protein 2
Choline	TRANSPORTED_BY	Choline transporter-like protein 3
Choline	TRANSPORTED_BY	Choline transporter-like protein 4
Choline	TRANSPORTED_BY	Choline transporter-like protein 5
Choline	TRANSPORTED_BY	Solute carrier family 22 member 1
Choline	TRANSPORTED_BY	Solute carrier family 22 member 2
Choline	TRANSPORTED_BY	Solute carrier family 22 member 3
Choline	TRANSPORTED_BY	Solute carrier family 22 member 4
Choline	TRANSPORTED_BY	Organic cation/carnitine transporter 2
Choline	TRANSPORTED_BY	Sodium- and chloride-dependent betaine transporter
Choline	TRANSPORTED_BY	High affinity choline transporter 1
Lysine	TRANSPORTED_BY	Monocarboxylate transporter 10
Lysine	TRANSPORTED_BY	Solute carrier family 22 member 4
Lysine	TRANSPORTED_BY	Mitochondrial basic amino acids transporter
Arginine	TRANSPORTED_BY	Monocarboxylate transporter 10
Arginine	TRANSPORTED_BY	Mitochondrial ornithine transporter 2
Arginine	TRANSPORTED_BY	Solute carrier family 22 member 4
Arginine	TRANSPORTED_BY	Organic cation/carnitine transporter 2
Arginine	TRANSPORTED_BY	Mitochondrial basic amino acids transporter
Arginine	TRANSPORTED_BY	Neutral amino acid transporter 9
Ascorbic acid	TRANSPORTED_BY	Solute carrier family 2, facilitated glucose transporter member 1
Ascorbic acid	TRANSPORTED_BY	Solute carrier family 2, facilitated glucose transporter member 3
Ascorbic acid	TRANSPORTED_BY	Solute carrier family 2, facilitated glucose transporter member 4
Ascorbic acid	TRANSPORTED_BY	Solute carrier family 23 member 1
Ascorbic acid	TRANSPORTED_BY	Solute carrier family 23 member 2
Spermine	TRANSPORTED_BY	MFS-type transporter SLC18B1
Spermine	TRANSPORTED_BY	Solute carrier family 22 member 1
Spermine	TRANSPORTED_BY	Solute carrier family 22 member 4
Aspartic acid	TRANSPORTED_BY	Monocarboxylate transporter 10
Aspartic acid	TRANSPORTED_BY	Solute carrier family 22 member 13
Aspartic acid	TRANSPORTED_BY	Solute carrier family 38 member 10
Ornithine	TRANSPORTED_BY	Cationic amino acid transporter 2
L-Glutamine	TRANSPORTED_BY	Neutral amino acid transporter B(0)
L-Glutamine	TRANSPORTED_BY	b(0,+)-type amino acid transporter 1
L-Glutamine	TRANSPORTED_BY	Large neutral amino acids transporter small subunit 1
L-Glutamine	TRANSPORTED_BY	Large neutral amino acids transporter small subunit 2
L-Glutamine	TRANSPORTED_BY	Monocarboxylate transporter 10
L-Glutamine	TRANSPORTED_BY	Sodium-coupled neutral amino acid symporter 1
L-Glutamine	TRANSPORTED_BY	Sodium-coupled neutral amino acid symporter 2
L-Glutamine	TRANSPORTED_BY	Sodium-coupled neutral amino acid transporter 3
L-Glutamine	TRANSPORTED_BY	Sodium-coupled neutral amino acid transporter 4
L-Glutamine	TRANSPORTED_BY	Sodium-coupled neutral amino acid transporter 5
L-Glutamine	TRANSPORTED_BY	Sodium-coupled neutral amino acid transporter 7
L-Glutamine	TRANSPORTED_BY	Sodium- and chloride-dependent neutral and basic amino acid transporter B(0+)
L-Glutamine	TRANSPORTED_BY	Y+L amino acid transporter 1
L-Glutamine	TRANSPORTED_BY	Y+L amino acid transporter 2
Adenosine phosphate	TRANSPORTED_BY	Peroxisomal membrane protein PMP34
Serine	TRANSPORTED_BY	Monocarboxylate transporter 10
Methionine	TRANSPORTED_BY	Monocarboxylate transporter 10
Tyrosine	TRANSPORTED_BY	Large neutral amino acids transporter small subunit 2
Tyrosine	TRANSPORTED_BY	Monocarboxylate transporter 10
Tyrosine	TRANSPORTED_BY	Monocarboxylate transporter 8
Cystine	TRANSPORTED_BY	b(0,+)-type amino acid transporter 1
Cystine	TRANSPORTED_BY	Monocarboxylate transporter 10
Cystine	TRANSPORTED_BY	Amino acid transporter heavy chain SLC3A1
Succinic acid	TRANSPORTED_BY	Mitochondrial dicarboxylate carrier
Succinic acid	TRANSPORTED_BY	Solute carrier family 13 member 1
Succinic acid	TRANSPORTED_BY	Solute carrier family 13 member 2
Succinic acid	TRANSPORTED_BY	Na(+)/dicarboxylate cotransporter 3
Succinic acid	TRANSPORTED_BY	Organic anion transporter 3
Riboflavin	TRANSPORTED_BY	Broad substrate specificity ATP-binding cassette transporter ABCG2
Riboflavin	TRANSPORTED_BY	Solute carrier family 22 member 6
Riboflavin	TRANSPORTED_BY	Solute carrier family 52, riboflavin transporter, member 1
Riboflavin	TRANSPORTED_BY	Solute carrier family 52, riboflavin transporter, member 2
Riboflavin	TRANSPORTED_BY	Solute carrier family 52, riboflavin transporter, member 3
Glutamic acid	TRANSPORTED_BY	Excitatory amino acid transporter 1
Glutamic acid	TRANSPORTED_BY	Excitatory amino acid transporter 2
Glutamic acid	TRANSPORTED_BY	Excitatory amino acid transporter 3
Glutamic acid	TRANSPORTED_BY	Excitatory amino acid transporter 4
Glutamic acid	TRANSPORTED_BY	Excitatory amino acid transporter 5
Glutamic acid	TRANSPORTED_BY	Mitochondrial glutamate carrier 1
Glutamic acid	TRANSPORTED_BY	Mitochondrial glutamate carrier 2
Glutamic acid	TRANSPORTED_BY	Monocarboxylate transporter 10
Glutamic acid	TRANSPORTED_BY	Monocarboxylate transporter 1
Glutamic acid	TRANSPORTED_BY	Solute carrier family 22 member 11
Glutamic acid	TRANSPORTED_BY	Solute carrier family 22 member 13
Glutamic acid	TRANSPORTED_BY	Electrogenic aspartate/glutamate antiporter SLC25A12, mitochondrial
Glutamic acid	TRANSPORTED_BY	Electrogenic aspartate/glutamate antiporter SLC25A13, mitochondrial
Glutamic acid	TRANSPORTED_BY	Solute carrier organic anion transporter family member 2B1
Glutamic acid	TRANSPORTED_BY	Solute carrier family 38 member 8
Glutamic acid	TRANSPORTED_BY	Solute carrier family 38 member 10
Glutamic acid	TRANSPORTED_BY	Solute carrier family 7 member 13
Glutamic acid	TRANSPORTED_BY	Vesicular glutamate transporter 1
Glutamic acid	TRANSPORTED_BY	Vesicular glutamate transporter 2
Glutamic acid	TRANSPORTED_BY	Vesicular glutamate transporter 3
Glutamic acid	TRANSPORTED_BY	Cystine/glutamate transporter
Glutathione	TRANSPORTED_BY	Broad substrate specificity ATP-binding cassette transporter ABCG2
Glutathione	TRANSPORTED_BY	Multidrug resistance-associated protein 1
Glutathione	TRANSPORTED_BY	ATP-binding cassette sub-family C member 2
Glutathione	TRANSPORTED_BY	ATP-binding cassette sub-family C member 3
Glutathione	TRANSPORTED_BY	ATP-binding cassette sub-family C member 4
Glutathione	TRANSPORTED_BY	ATP-binding cassette sub-family C member 5
Glutathione	TRANSPORTED_BY	ATP-dependent translocase ABCB1
Glutathione	TRANSPORTED_BY	Solute carrier organic anion transporter family member 1B3
Glycine	TRANSPORTED_BY	Neutral amino acid transporter B(0)
Glycine	TRANSPORTED_BY	Large neutral amino acids transporter small subunit 2
Glycine	TRANSPORTED_BY	Monocarboxylate transporter 10
Glycine	TRANSPORTED_BY	Proton-coupled amino acid transporter 1
Glycine	TRANSPORTED_BY	Sodium- and chloride-dependent betaine transporter
Glycine	TRANSPORTED_BY	Sodium- and chloride-dependent glycine transporter 2
Glycine	TRANSPORTED_BY	Sodium- and chloride-dependent glycine transporter 1
Glycine	TRANSPORTED_BY	Vesicular inhibitory amino acid transporter
Creatine	TRANSPORTED_BY	Monocarboxylate transporter 12
Creatine	TRANSPORTED_BY	Organic cation/carnitine transporter 2
Creatine	TRANSPORTED_BY	Sodium- and chloride-dependent creatine transporter 1
Leucine	TRANSPORTED_BY	Large neutral amino acids transporter small subunit 1
Leucine	TRANSPORTED_BY	Large neutral amino acids transporter small subunit 3
Leucine	TRANSPORTED_BY	Large neutral amino acids transporter small subunit 4
Leucine	TRANSPORTED_BY	Monocarboxylate transporter 10
Leucine	TRANSPORTED_BY	Monocarboxylate transporter 8
Tryptophan	TRANSPORTED_BY	Large neutral amino acids transporter small subunit 2
Tryptophan	TRANSPORTED_BY	Monocarboxylate transporter 10
Tryptophan	TRANSPORTED_BY	Monocarboxylate transporter 8
Tryptophan	TRANSPORTED_BY	ATP-dependent translocase ABCB1
Tryptophan	TRANSPORTED_BY	Organic anion transporter 3
Tryptophan	TRANSPORTED_BY	Neutral amino acid uniporter 4
Cysteine	TRANSPORTED_BY	Monocarboxylate transporter 10
Thiamine	TRANSPORTED_BY	Thiamine transporter 1
Thiamine	TRANSPORTED_BY	Thiamine transporter 2
Thiamine	TRANSPORTED_BY	Solute carrier family 22 member 1
Thiamine	TRANSPORTED_BY	Solute carrier family 22 member 2
Thiamine	TRANSPORTED_BY	Organic cation/carnitine transporter 2
Citrulline	TRANSPORTED_BY	b(0,+)-type amino acid transporter 1
Citrulline	TRANSPORTED_BY	Solute carrier family 22 member 6
Threonine	TRANSPORTED_BY	Neutral amino acid transporter B(0)
Threonine	TRANSPORTED_BY	Monocarboxylate transporter 10
Folic acid	TRANSPORTED_BY	Broad substrate specificity ATP-binding cassette transporter ABCG2
Folic acid	TRANSPORTED_BY	Multidrug resistance-associated protein 1
Folic acid	TRANSPORTED_BY	ATP-binding cassette sub-family C member 2
Folic acid	TRANSPORTED_BY	ATP-binding cassette sub-family C member 3
Folic acid	TRANSPORTED_BY	ATP-binding cassette sub-family C member 4
Folic acid	TRANSPORTED_BY	ATP-binding cassette sub-family C member 5
Folic acid	TRANSPORTED_BY	ATP-binding cassette sub-family C member 11
Folic acid	TRANSPORTED_BY	ATP-dependent translocase ABCB1
Folic acid	TRANSPORTED_BY	Proton-coupled folate transporter
Folic acid	TRANSPORTED_BY	Reduced folate transporter
Folic acid	TRANSPORTED_BY	Solute carrier family 22 member 6
Folic acid	TRANSPORTED_BY	Solute carrier family 25 member 32
Folic acid	TRANSPORTED_BY	Sodium-coupled neutral amino acid transporter 3
Alanine	TRANSPORTED_BY	Large neutral amino acids transporter small subunit 2
Alanine	TRANSPORTED_BY	Monocarboxylate transporter 10
Alanine	TRANSPORTED_BY	Sodium-coupled neutral amino acid symporter 1
Alanine	TRANSPORTED_BY	Sodium-coupled neutral amino acid symporter 2
Alanine	TRANSPORTED_BY	Sodium-coupled neutral amino acid transporter 3
Alanine	TRANSPORTED_BY	Sodium-coupled neutral amino acid transporter 4
Alanine	TRANSPORTED_BY	Sodium-coupled neutral amino acid transporter 5
Alanine	TRANSPORTED_BY	Neutral amino acid transporter A
Valine	TRANSPORTED_BY	Large neutral amino acids transporter small subunit 3
Valine	TRANSPORTED_BY	Large neutral amino acids transporter small subunit 4
Valine	TRANSPORTED_BY	Monocarboxylate transporter 10
Vitamin A	TRANSPORTED_BY	Receptor for retinol uptake STRA6
Vitamin E	TRANSPORTED_BY	Phospholipid-transporting ATPase ABCA1
Vitamin E	TRANSPORTED_BY	ATP-binding cassette sub-family G member 1
Vitamin E	TRANSPORTED_BY	NPC1-like intracellular cholesterol transporter 1
Vitamin E	TRANSPORTED_BY	Scavenger receptor class B member 1
Pyridoxine	TRANSPORTED_BY	Alkaline phosphatase, tissue-nonspecific isozyme
Isoleucine	TRANSPORTED_BY	Large neutral amino acids transporter small subunit 3
Isoleucine	TRANSPORTED_BY	Large neutral amino acids transporter small subunit 4
Isoleucine	TRANSPORTED_BY	Monocarboxylate transporter 10
Aspartame	TRANSPORTED_BY	Solute carrier family 22 member 6
Aspartame	TRANSPORTED_BY	Organic anion transporter 3
Aspartame	TRANSPORTED_BY	Solute carrier family 22 member 11
Menadione	TRANSPORTED_BY	Broad substrate specificity ATP-binding cassette transporter ABCG2
Proline	TRANSPORTED_BY	Large neutral amino acids transporter small subunit 2
Proline	TRANSPORTED_BY	Monocarboxylate transporter 10
Proline	TRANSPORTED_BY	Proton-coupled amino acid transporter 1
Proline	TRANSPORTED_BY	Neutral amino acid uniporter 4
Proline	TRANSPORTED_BY	Sodium- and chloride-dependent betaine transporter
Proline	TRANSPORTED_BY	Sodium-dependent proline transporter
Adenine	TRANSPORTED_BY	ADP/ATP translocase 3
Asparagine	TRANSPORTED_BY	Monocarboxylate transporter 10
Pravastatin	TRANSPORTED_BY	Bile salt export pump
Pravastatin	TRANSPORTED_BY	Broad substrate specificity ATP-binding cassette transporter ABCG2
Pravastatin	TRANSPORTED_BY	Monocarboxylate transporter 1
Pravastatin	TRANSPORTED_BY	ATP-binding cassette sub-family C member 2
Pravastatin	TRANSPORTED_BY	ATP-dependent translocase ABCB1
Pravastatin	TRANSPORTED_BY	Probable small intestine urate exporter
Pravastatin	TRANSPORTED_BY	Solute carrier family 22 member 6
Pravastatin	TRANSPORTED_BY	Solute carrier family 22 member 7
Pravastatin	TRANSPORTED_BY	Organic anion transporter 3
Pravastatin	TRANSPORTED_BY	Organic anion transporter 7
Pravastatin	TRANSPORTED_BY	Solute carrier family 22 member 11
Pravastatin	TRANSPORTED_BY	Solute carrier organic anion transporter family member 1A2
Pravastatin	TRANSPORTED_BY	Solute carrier organic anion transporter family member 1B1
Pravastatin	TRANSPORTED_BY	Solute carrier organic anion transporter family member 1B3
Pravastatin	TRANSPORTED_BY	Solute carrier organic anion transporter family member 2B1
Fluvoxamine	TRANSPORTED_BY	Bile salt export pump
Fluvoxamine	TRANSPORTED_BY	ATP-dependent translocase ABCB1
Valsartan	TRANSPORTED_BY	ATP-binding cassette sub-family C member 2
Valsartan	TRANSPORTED_BY	Solute carrier family 15 member 1
Valsartan	TRANSPORTED_BY	Organic anion transporter 3
Valsartan	TRANSPORTED_BY	Solute carrier organic anion transporter family member 1B1
Valsartan	TRANSPORTED_BY	Solute carrier organic anion transporter family member 1B3
Ramipril	TRANSPORTED_BY	Solute carrier family 15 member 1
Ramipril	TRANSPORTED_BY	Solute carrier family 15 member 2
Amphetamine	TRANSPORTED_BY	Solute carrier family 22 member 3
Amphetamine	TRANSPORTED_BY	Organic cation/carnitine transporter 2
Amphetamine	TRANSPORTED_BY	Sodium-dependent noradrenaline transporter
Amphetamine	TRANSPORTED_BY	Sodium-dependent dopamine transporter
Nicotine	TRANSPORTED_BY	Solute carrier family 22 member 1
Nicotine	TRANSPORTED_BY	Solute carrier family 22 member 2
Nicotine	TRANSPORTED_BY	Solute carrier family 22 member 3
Nicotine	TRANSPORTED_BY	Solute carrier family 22 member 4
Nicotine	TRANSPORTED_BY	Organic cation/carnitine transporter 2
Bortezomib	TRANSPORTED_BY	ATP-dependent translocase ABCB1
Bortezomib	TRANSPORTED_BY	Solute carrier organic anion transporter family member 1B3
Fluconazole	TRANSPORTED_BY	ATP-dependent translocase ABCB1
Troglitazone	TRANSPORTED_BY	Bile salt export pump
Troglitazone	TRANSPORTED_BY	Solute carrier organic anion transporter family member 1B1
Oseltamivir	TRANSPORTED_BY	ATP-binding cassette sub-family C member 4
Oseltamivir	TRANSPORTED_BY	ATP-dependent translocase ABCB1
Oseltamivir	TRANSPORTED_BY	Solute carrier family 15 member 1
Oseltamivir	TRANSPORTED_BY	Solute carrier family 22 member 6
Oseltamivir	TRANSPORTED_BY	Organic anion transporter 3
Erythromycin	TRANSPORTED_BY	Bile salt export pump
Erythromycin	TRANSPORTED_BY	Broad substrate specificity ATP-binding cassette transporter ABCG2
Erythromycin	TRANSPORTED_BY	ATP-binding cassette sub-family C member 2
Erythromycin	TRANSPORTED_BY	ATP-dependent translocase ABCB1
Erythromycin	TRANSPORTED_BY	Solute carrier family 22 member 7
Erythromycin	TRANSPORTED_BY	Solute carrier organic anion transporter family member 1A2
Erythromycin	TRANSPORTED_BY	Solute carrier organic anion transporter family member 1B1
Erythromycin	TRANSPORTED_BY	Solute carrier organic anion transporter family member 1B3
Caffeine	TRANSPORTED_BY	Broad substrate specificity ATP-binding cassette transporter ABCG2
Sildenafil	TRANSPORTED_BY	ATP-binding cassette sub-family C member 4
Sildenafil	TRANSPORTED_BY	ATP-binding cassette sub-family C member 5
Sildenafil	TRANSPORTED_BY	ATP-binding cassette sub-family C member 10
Sildenafil	TRANSPORTED_BY	ATP-dependent translocase ABCB1
Sildenafil	TRANSPORTED_BY	Solute carrier organic anion transporter family member 1B1
Dofetilide	TRANSPORTED_BY	Solute carrier family 22 member 2
Dofetilide	TRANSPORTED_BY	Multidrug and toxin extrusion protein 1
Dofetilide	TRANSPORTED_BY	Multidrug and toxin extrusion protein 2
Pyrimethamine	TRANSPORTED_BY	Broad substrate specificity ATP-binding cassette transporter ABCG2
Pyrimethamine	TRANSPORTED_BY	Multidrug and toxin extrusion protein 1
Pyrimethamine	TRANSPORTED_BY	Multidrug and toxin extrusion protein 2
Reserpine	TRANSPORTED_BY	Bile salt export pump
Reserpine	TRANSPORTED_BY	Broad substrate specificity ATP-binding cassette transporter ABCG2
Reserpine	TRANSPORTED_BY	ATP-binding cassette sub-family C member 2
Reserpine	TRANSPORTED_BY	ATP-dependent translocase ABCB1
Reserpine	TRANSPORTED_BY	Solute carrier family 22 member 1
Reserpine	TRANSPORTED_BY	Solute carrier family 22 member 2
Reserpine	TRANSPORTED_BY	Solute carrier organic anion transporter family member 1B1
Reserpine	TRANSPORTED_BY	Solute carrier organic anion transporter family member 2B1
Azithromycin	TRANSPORTED_BY	ATP-binding cassette sub-family C member 2
Azithromycin	TRANSPORTED_BY	ATP-dependent translocase ABCB1
Midodrine	TRANSPORTED_BY	Solute carrier family 15 member 1
Pantoprazole	TRANSPORTED_BY	Broad substrate specificity ATP-binding cassette transporter ABCG2
Pantoprazole	TRANSPORTED_BY	ATP-dependent translocase ABCB1
Pantoprazole	TRANSPORTED_BY	Organic anion transporter 3
Torasemide	TRANSPORTED_BY	Solute carrier organic anion transporter family member 1B1
Citalopram	TRANSPORTED_BY	Multidrug resistance-associated protein 1
Citalopram	TRANSPORTED_BY	ATP-dependent translocase ABCB1
Citalopram	TRANSPORTED_BY	Solute carrier family 22 member 1
Eletriptan	TRANSPORTED_BY	ATP-dependent translocase ABCB1
Oxyphenonium	TRANSPORTED_BY	Solute carrier family 22 member 1
Nelfinavir	TRANSPORTED_BY	Bile salt export pump
Nelfinavir	TRANSPORTED_BY	Broad substrate specificity ATP-binding cassette transporter ABCG2
Nelfinavir	TRANSPORTED_BY	ATP-binding cassette sub-family C member 2
Nelfinavir	TRANSPORTED_BY	ATP-dependent translocase ABCB1
Nelfinavir	TRANSPORTED_BY	Solute carrier family 22 member 1
Nelfinavir	TRANSPORTED_BY	Solute carrier organic anion transporter family member 1A2
Nelfinavir	TRANSPORTED_BY	Solute carrier organic anion transporter family member 1B1
Nelfinavir	TRANSPORTED_BY	Solute carrier organic anion transporter family member 1B3
Nelfinavir	TRANSPORTED_BY	Solute carrier organic anion transporter family member 2B1
Glimepiride	TRANSPORTED_BY	Bile salt export pump
Indinavir	TRANSPORTED_BY	Bile salt export pump
Indinavir	TRANSPORTED_BY	Multidrug resistance-associated protein 1
Indinavir	TRANSPORTED_BY	ATP-binding cassette sub-family C member 2
Indinavir	TRANSPORTED_BY	ATP-dependent translocase ABCB1
Indinavir	TRANSPORTED_BY	Solute carrier family 22 member 1
Indinavir	TRANSPORTED_BY	Solute carrier organic anion transporter family member 1A2
Indinavir	TRANSPORTED_BY	Solute carrier organic anion transporter family member 1B1
Indinavir	TRANSPORTED_BY	Solute carrier organic anion transporter family member 2B1
Lovastatin	TRANSPORTED_BY	Bile salt export pump
Lovastatin	TRANSPORTED_BY	ATP-binding cassette sub-family C member 2
Lovastatin	TRANSPORTED_BY	ATP-dependent translocase ABCB1
Lovastatin	TRANSPORTED_BY	Solute carrier organic anion transporter family member 1A2
Lovastatin	TRANSPORTED_BY	Solute carrier organic anion transporter family member 1B1
Lovastatin	TRANSPORTED_BY	Solute carrier organic anion transporter family member 1B3
Lovastatin	TRANSPORTED_BY	Solute carrier organic anion transporter family member 2B1
Cefotiam	TRANSPORTED_BY	Solute carrier family 22 member 6
Cefotiam	TRANSPORTED_BY	Organic anion transporter 3
Pregabalin	TRANSPORTED_BY	Excitatory amino acid transporter 3
Pregabalin	TRANSPORTED_BY	Large neutral amino acids transporter small subunit 1
Aminosalicylic acid	TRANSPORTED_BY	Sodium-coupled neutral amino acid transporter 3
Reboxetine	TRANSPORTED_BY	ATP-dependent translocase ABCB1
Butabarbital	TRANSPORTED_BY	Solute carrier family 2, facilitated glucose transporter member 1
Nevirapine	TRANSPORTED_BY	ATP-dependent translocase ABCB1
Nevirapine	TRANSPORTED_BY	Solute carrier family 22 member 1
Cladribine	TRANSPORTED_BY	Broad substrate specificity ATP-binding cassette transporter ABCG2
Cladribine	TRANSPORTED_BY	ATP-binding cassette sub-family C member 4
Cladribine	TRANSPORTED_BY	ATP-dependent translocase ABCB1
Cladribine	TRANSPORTED_BY	Solute carrier family 22 member 1
Cladribine	TRANSPORTED_BY	Solute carrier family 28 member 3
Cladribine	TRANSPORTED_BY	Equilibrative nucleoside transporter 1
Cladribine	TRANSPORTED_BY	Equilibrative nucleoside transporter 3
Glycochenodeoxycholic Acid	TRANSPORTED_BY	Bile salt export pump
Glycochenodeoxycholic Acid	TRANSPORTED_BY	Ileal sodium/bile acid cotransporter
Glycochenodeoxycholic Acid	TRANSPORTED_BY	Hepatic sodium/bile acid cotransporter
Glycochenodeoxycholic Acid	TRANSPORTED_BY	Solute carrier organic anion transporter family member 1A2
9,10-Deepithio-9,10-Didehydroacanthifolicin	TRANSPORTED_BY	ATP-dependent translocase ABCB1
Malonic acid	TRANSPORTED_BY	Solute carrier family 13 member 2
Malonic acid	TRANSPORTED_BY	Na(+)/dicarboxylate cotransporter 3
Ranolazine	TRANSPORTED_BY	Bile salt export pump
Ranolazine	TRANSPORTED_BY	ATP-dependent translocase ABCB1
Ranolazine	TRANSPORTED_BY	Multidrug and toxin extrusion protein 1
Ranolazine	TRANSPORTED_BY	Multidrug and toxin extrusion protein 2
Mesalazine	TRANSPORTED_BY	ATP-binding cassette sub-family C member 2
Mesalazine	TRANSPORTED_BY	Solute carrier organic anion transporter family member 1B1
Mesalazine	TRANSPORTED_BY	Solute carrier organic anion transporter family member 1B3
Mesalazine	TRANSPORTED_BY	Solute carrier organic anion transporter family member 2B1
Ziprasidone	TRANSPORTED_BY	ATP-dependent translocase ABCB1
Cabergoline	TRANSPORTED_BY	ATP-dependent translocase ABCB1
Phenytoin	TRANSPORTED_BY	Multidrug resistance-associated protein 1
Phenytoin	TRANSPORTED_BY	ATP-binding cassette sub-family C member 2
Phenytoin	TRANSPORTED_BY	ATP-dependent translocase ABCB1
Phenytoin	TRANSPORTED_BY	Solute carrier organic anion transporter family member 1C1
Medrysone	TRANSPORTED_BY	ATP-dependent translocase ABCB1
Medrysone	TRANSPORTED_BY	Organic anion transporter 3
Medrysone	TRANSPORTED_BY	Solute carrier organic anion transporter family member 1A2
Doxycycline	TRANSPORTED_BY	ATP-binding cassette sub-family B member 5
Doxycycline	TRANSPORTED_BY	Solute carrier family 22 member 6
Diethylstilbestrol	TRANSPORTED_BY	Bile salt export pump
Diethylstilbestrol	TRANSPORTED_BY	Broad substrate specificity ATP-binding cassette transporter ABCG2
Diethylstilbestrol	TRANSPORTED_BY	ATP-dependent translocase ABCB1
Diethylstilbestrol	TRANSPORTED_BY	Solute carrier organic anion transporter family member 1B1
Diethylstilbestrol	TRANSPORTED_BY	Solute carrier organic anion transporter family member 2B1
Clotrimazole	TRANSPORTED_BY	Bile salt export pump
Clotrimazole	TRANSPORTED_BY	ATP-dependent translocase ABCB1
Clotrimazole	TRANSPORTED_BY	Solute carrier organic anion transporter family member 1B1
Clotrimazole	TRANSPORTED_BY	Solute carrier organic anion transporter family member 1B3
Cycloserine	TRANSPORTED_BY	Proton-coupled amino acid transporter 1
Cycloserine	TRANSPORTED_BY	Proton-coupled amino acid transporter 2
Metoprolol	TRANSPORTED_BY	Solute carrier family 15 member 1
Metoprolol	TRANSPORTED_BY	Solute carrier family 22 member 2
Isradipine	TRANSPORTED_BY	Bile salt export pump
Topiramate	TRANSPORTED_BY	5'-AMP-activated protein kinase subunit beta-1
Topiramate	TRANSPORTED_BY	5'-AMP-activated protein kinase subunit beta-2
Topiramate	TRANSPORTED_BY	5'-AMP-activated protein kinase subunit gamma-1
Topiramate	TRANSPORTED_BY	5'-AMP-activated protein kinase subunit gamma-2
Topiramate	TRANSPORTED_BY	5'-AMP-activated protein kinase subunit gamma-3
Topiramate	TRANSPORTED_BY	5'-AMP-activated protein kinase catalytic subunit alpha-1
Topiramate	TRANSPORTED_BY	5'-AMP-activated protein kinase catalytic subunit alpha-2
Topiramate	TRANSPORTED_BY	ATP-dependent translocase ABCB1
Cefmetazole	TRANSPORTED_BY	Solute carrier family 15 member 1
Cefmetazole	TRANSPORTED_BY	Solute carrier family 15 member 2
Cefmetazole	TRANSPORTED_BY	Solute carrier organic anion transporter family member 1B3
Olmesartan	TRANSPORTED_BY	Bile salt export pump
Olmesartan	TRANSPORTED_BY	ATP-binding cassette sub-family C member 2
Olmesartan	TRANSPORTED_BY	Solute carrier organic anion transporter family member 1B1
Olmesartan	TRANSPORTED_BY	Solute carrier organic anion transporter family member 1B3
Amsacrine	TRANSPORTED_BY	ATP-dependent translocase ABCB1
Theophylline	TRANSPORTED_BY	Solute carrier family 22 member 7
Liothyronine	TRANSPORTED_BY	Large neutral amino acids transporter small subunit 1
Liothyronine	TRANSPORTED_BY	Monocarboxylate transporter 10
Liothyronine	TRANSPORTED_BY	ATP-dependent translocase ABCB1
Liothyronine	TRANSPORTED_BY	Hepatic sodium/bile acid cotransporter
Liothyronine	TRANSPORTED_BY	Organic anion transporter 3
Liothyronine	TRANSPORTED_BY	Solute carrier organic anion transporter family member 1A2
Liothyronine	TRANSPORTED_BY	Solute carrier organic anion transporter family member 1B1
Liothyronine	TRANSPORTED_BY	Solute carrier organic anion transporter family member 1B3
Liothyronine	TRANSPORTED_BY	Solute carrier organic anion transporter family member 1C1
Liothyronine	TRANSPORTED_BY	Solute carrier organic anion transporter family member 4A1
Liothyronine	TRANSPORTED_BY	Solute carrier organic anion transporter family member 4C1
Disopyramide	TRANSPORTED_BY	Solute carrier family 22 member 1
Disopyramide	TRANSPORTED_BY	Solute carrier family 22 member 2
Lidocaine	TRANSPORTED_BY	ATP-dependent translocase ABCB1
Lidocaine	TRANSPORTED_BY	Organic cation/carnitine transporter 2
Venlafaxine	TRANSPORTED_BY	Broad substrate specificity ATP-binding cassette transporter ABCG2
Venlafaxine	TRANSPORTED_BY	ATP-dependent translocase ABCB1
Conjugated estrogens	TRANSPORTED_BY	Broad substrate specificity ATP-binding cassette transporter ABCG2
Conjugated estrogens	TRANSPORTED_BY	Multidrug resistance-associated protein 1
Conjugated estrogens	TRANSPORTED_BY	ATP-binding cassette sub-family C member 2
Conjugated estrogens	TRANSPORTED_BY	ATP-binding cassette sub-family C member 3
Conjugated estrogens	TRANSPORTED_BY	ATP-binding cassette sub-family C member 4
Conjugated estrogens	TRANSPORTED_BY	ATP-binding cassette sub-family C member 11
Conjugated estrogens	TRANSPORTED_BY	ATP-dependent translocase ABCB1
Conjugated estrogens	TRANSPORTED_BY	Organic solute transporter subunit alpha
Conjugated estrogens	TRANSPORTED_BY	Organic solute transporter subunit beta
Conjugated estrogens	TRANSPORTED_BY	Hepatic sodium/bile acid cotransporter
Conjugated estrogens	TRANSPORTED_BY	Solute carrier family 22 member 6
Conjugated estrogens	TRANSPORTED_BY	Organic anion transporter 3
Conjugated estrogens	TRANSPORTED_BY	Solute carrier family 22 member 10
Conjugated estrogens	TRANSPORTED_BY	Solute carrier family 22 member 11
Conjugated estrogens	TRANSPORTED_BY	Solute carrier organic anion transporter family member 1A2
Conjugated estrogens	TRANSPORTED_BY	Solute carrier organic anion transporter family member 1B1
Conjugated estrogens	TRANSPORTED_BY	Solute carrier organic anion transporter family member 1B3
Conjugated estrogens	TRANSPORTED_BY	Solute carrier organic anion transporter family member 1C1
Conjugated estrogens	TRANSPORTED_BY	Solute carrier organic anion transporter family member 2B1
Conjugated estrogens	TRANSPORTED_BY	Solute carrier organic anion transporter family member 3A1
Conjugated estrogens	TRANSPORTED_BY	Solute carrier organic anion transporter family member 4A1
Atomoxetine	TRANSPORTED_BY	ATP-dependent translocase ABCB1
Chlorambucil	TRANSPORTED_BY	ATP-dependent translocase ABCB1
Chlorambucil	TRANSPORTED_BY	Solute carrier organic anion transporter family member 1A2
Raltitrexed	TRANSPORTED_BY	Broad substrate specificity ATP-binding cassette transporter ABCG2
Raltitrexed	TRANSPORTED_BY	ATP-binding cassette sub-family C member 2
Morphine	TRANSPORTED_BY	ATP-binding cassette sub-family C member 3
Morphine	TRANSPORTED_BY	ATP-dependent translocase ABCB1
Penciclovir	TRANSPORTED_BY	Solute carrier family 22 member 7
Tenofovir disoproxil	TRANSPORTED_BY	ATP-binding cassette sub-family C member 2
Tenofovir disoproxil	TRANSPORTED_BY	ATP-binding cassette sub-family C member 4
Tenofovir disoproxil	TRANSPORTED_BY	ATP-binding cassette sub-family C member 10
Tenofovir disoproxil	TRANSPORTED_BY	ATP-dependent translocase ABCB1
Tenofovir disoproxil	TRANSPORTED_BY	Solute carrier family 22 member 6
Tenofovir disoproxil	TRANSPORTED_BY	Organic anion transporter 3
Flucloxacillin	TRANSPORTED_BY	Bile salt export pump
Flucloxacillin	TRANSPORTED_BY	Solute carrier family 15 member 1
Mitomycin	TRANSPORTED_BY	ATP-dependent translocase ABCB1
Ethoxzolamide	TRANSPORTED_BY	Solute carrier family 22 member 6
Valproic acid	TRANSPORTED_BY	Monocarboxylate transporter 1
Valproic acid	TRANSPORTED_BY	Monocarboxylate transporter 2
Valproic acid	TRANSPORTED_BY	ATP-binding cassette sub-family C member 2
Valproic acid	TRANSPORTED_BY	Organic cation/carnitine transporter 2
Valproic acid	TRANSPORTED_BY	Solute carrier family 22 member 6
Valproic acid	TRANSPORTED_BY	Solute carrier family 22 member 7
Valproic acid	TRANSPORTED_BY	Organic anion transporter 3
Valproic acid	TRANSPORTED_BY	Solute carrier organic anion transporter family member 2B1
Zolmitriptan	TRANSPORTED_BY	ATP-dependent translocase ABCB1
Zolmitriptan	TRANSPORTED_BY	Solute carrier family 22 member 1
Acetaminophen	TRANSPORTED_BY	ATP-binding cassette sub-family C member 2
Acetaminophen	TRANSPORTED_BY	ATP-dependent translocase ABCB1
Gefitinib	TRANSPORTED_BY	Broad substrate specificity ATP-binding cassette transporter ABCG2
Gefitinib	TRANSPORTED_BY	ATP-dependent translocase ABCB1
Gefitinib	TRANSPORTED_BY	Solute carrier organic anion transporter family member 1B1
Gefitinib	TRANSPORTED_BY	Solute carrier organic anion transporter family member 1B3
Codeine	TRANSPORTED_BY	Solute carrier family 22 member 1
Piperacillin	TRANSPORTED_BY	Solute carrier family 15 member 1
Piperacillin	TRANSPORTED_BY	Solute carrier family 22 member 6
Piperacillin	TRANSPORTED_BY	Organic anion transporter 3
Dihydroergotamine	TRANSPORTED_BY	ATP-dependent translocase ABCB1
Amitriptyline	TRANSPORTED_BY	ATP-dependent translocase ABCB1
Indomethacin	TRANSPORTED_BY	Bile salt export pump
Indomethacin	TRANSPORTED_BY	Multidrug resistance-associated protein 1
Indomethacin	TRANSPORTED_BY	ATP-binding cassette sub-family C member 2
Indomethacin	TRANSPORTED_BY	ATP-binding cassette sub-family C member 3
Indomethacin	TRANSPORTED_BY	ATP-binding cassette sub-family C member 4
Indomethacin	TRANSPORTED_BY	ATP-binding cassette sub-family C member 6
Indomethacin	TRANSPORTED_BY	ATP-binding cassette sub-family C member 11
Indomethacin	TRANSPORTED_BY	ATP-dependent translocase ABCB1
Indomethacin	TRANSPORTED_BY	Hepatic sodium/bile acid cotransporter
Indomethacin	TRANSPORTED_BY	Solute carrier family 22 member 6
Indomethacin	TRANSPORTED_BY	Solute carrier family 22 member 7
Indomethacin	TRANSPORTED_BY	Organic anion transporter 3
Indomethacin	TRANSPORTED_BY	Solute carrier family 22 member 11
Indomethacin	TRANSPORTED_BY	Solute carrier organic anion transporter family member 1A2
Indomethacin	TRANSPORTED_BY	Solute carrier organic anion transporter family member 1B1
Metformin	TRANSPORTED_BY	Broad substrate specificity ATP-binding cassette transporter ABCG2
Metformin	TRANSPORTED_BY	Thiamine transporter 1
Metformin	TRANSPORTED_BY	Thiamine transporter 2
Metformin	TRANSPORTED_BY	Solute carrier family 22 member 1
Metformin	TRANSPORTED_BY	Solute carrier family 22 member 2
Metformin	TRANSPORTED_BY	Solute carrier family 22 member 3
Metformin	TRANSPORTED_BY	Equilibrative nucleoside transporter 4
Metformin	TRANSPORTED_BY	Multidrug and toxin extrusion protein 1
Metformin	TRANSPORTED_BY	Multidrug and toxin extrusion protein 2
Ipratropium	TRANSPORTED_BY	Solute carrier family 22 member 4
Ipratropium	TRANSPORTED_BY	Organic cation/carnitine transporter 2
Methadone	TRANSPORTED_BY	ATP-dependent translocase ABCB1
Olanzapine	TRANSPORTED_BY	ATP-dependent translocase ABCB1
Atenolol	TRANSPORTED_BY	Bile salt export pump
Atenolol	TRANSPORTED_BY	ATP-dependent translocase ABCB1
Atenolol	TRANSPORTED_BY	Solute carrier family 22 member 1
Atenolol	TRANSPORTED_BY	Solute carrier organic anion transporter family member 1A2
Omeprazole	TRANSPORTED_BY	Broad substrate specificity ATP-binding cassette transporter ABCG2
Omeprazole	TRANSPORTED_BY	ATP-binding cassette sub-family C member 3
Omeprazole	TRANSPORTED_BY	ATP-dependent translocase ABCB1
Cetirizine	TRANSPORTED_BY	ATP-dependent translocase ABCB1
Terfenadine	TRANSPORTED_BY	Bile salt export pump
Terfenadine	TRANSPORTED_BY	ATP-dependent translocase ABCB1
Diltiazem	TRANSPORTED_BY	ATP-dependent translocase ABCB1
Protriptyline	TRANSPORTED_BY	ATP-dependent translocase ABCB1
Aminohippuric acid	TRANSPORTED_BY	ABC-type organic anion transporter ABCA8
Aminohippuric acid	TRANSPORTED_BY	Monocarboxylate transporter 1
Aminohippuric acid	TRANSPORTED_BY	Multidrug resistance-associated protein 1
Aminohippuric acid	TRANSPORTED_BY	ATP-binding cassette sub-family C member 2
Aminohippuric acid	TRANSPORTED_BY	ATP-binding cassette sub-family C member 4
Aminohippuric acid	TRANSPORTED_BY	Sodium-dependent phosphate transport protein 3
Aminohippuric acid	TRANSPORTED_BY	Sodium-dependent phosphate transport protein 4
Aminohippuric acid	TRANSPORTED_BY	Solute carrier family 22 member 2
Aminohippuric acid	TRANSPORTED_BY	Solute carrier family 22 member 4
Aminohippuric acid	TRANSPORTED_BY	Organic cation/carnitine transporter 2
Aminohippuric acid	TRANSPORTED_BY	Solute carrier family 22 member 6
Aminohippuric acid	TRANSPORTED_BY	Solute carrier family 22 member 7
Aminohippuric acid	TRANSPORTED_BY	Organic anion transporter 3
Aminohippuric acid	TRANSPORTED_BY	Solute carrier family 22 member 11
Aminohippuric acid	TRANSPORTED_BY	Solute carrier organic anion transporter family member 1A2
Aminohippuric acid	TRANSPORTED_BY	Solute carrier organic anion transporter family member 3A1
Alfuzosin	TRANSPORTED_BY	Broad substrate specificity ATP-binding cassette transporter ABCG2
Alfuzosin	TRANSPORTED_BY	ATP-dependent translocase ABCB1
Clobazam	TRANSPORTED_BY	ATP-dependent translocase ABCB1
Megestrol acetate	TRANSPORTED_BY	ATP-dependent translocase ABCB1
Tioguanine	TRANSPORTED_BY	Broad substrate specificity ATP-binding cassette transporter ABCG2
Tioguanine	TRANSPORTED_BY	ATP-binding cassette sub-family C member 4
Tioguanine	TRANSPORTED_BY	Solute carrier family 28 member 3
Mefloquine	TRANSPORTED_BY	ATP-dependent translocase ABCB1
Sapropterin	TRANSPORTED_BY	ATP-dependent translocase ABCB1
Vinorelbine	TRANSPORTED_BY	ATP-dependent translocase ABCB1
Clozapine	TRANSPORTED_BY	ATP-dependent translocase ABCB1
Clozapine	TRANSPORTED_BY	Solute carrier family 22 member 1
Clozapine	TRANSPORTED_BY	Solute carrier family 22 member 2
Clozapine	TRANSPORTED_BY	Solute carrier family 22 member 3
Grepafloxacin	TRANSPORTED_BY	Broad substrate specificity ATP-binding cassette transporter ABCG2
Grepafloxacin	TRANSPORTED_BY	Multidrug resistance-associated protein 1
Grepafloxacin	TRANSPORTED_BY	ATP-binding cassette sub-family C member 2
Grepafloxacin	TRANSPORTED_BY	ATP-dependent translocase ABCB1
Grepafloxacin	TRANSPORTED_BY	Solute carrier family 22 member 2
Grepafloxacin	TRANSPORTED_BY	Organic cation/carnitine transporter 2
Grepafloxacin	TRANSPORTED_BY	Solute carrier family 22 member 6
Grepafloxacin	TRANSPORTED_BY	Solute carrier organic anion transporter family member 1A2
Norepinephrine	TRANSPORTED_BY	POU domain, class 5, transcription factor 1
Norepinephrine	TRANSPORTED_BY	Solute carrier family 22 member 1
Norepinephrine	TRANSPORTED_BY	Solute carrier family 22 member 2
Norepinephrine	TRANSPORTED_BY	Solute carrier family 22 member 3
Norepinephrine	TRANSPORTED_BY	Organic cation/carnitine transporter 2
Norepinephrine	TRANSPORTED_BY	Sodium-dependent noradrenaline transporter
Norepinephrine	TRANSPORTED_BY	Sodium- and chloride-dependent glycine transporter 2
Norepinephrine	TRANSPORTED_BY	Chromaffin granule amine transporter
Norepinephrine	TRANSPORTED_BY	Synaptic vesicular amine transporter
Cidofovir	TRANSPORTED_BY	ATP-binding cassette sub-family C member 2
Cidofovir	TRANSPORTED_BY	Solute carrier family 22 member 6
Cidofovir	TRANSPORTED_BY	Organic anion transporter 3
Mirtazapine	TRANSPORTED_BY	Sodium-dependent serotonin transporter
Nefazodone	TRANSPORTED_BY	Bile salt export pump
Nefazodone	TRANSPORTED_BY	ATP-dependent translocase ABCB1
Nefazodone	TRANSPORTED_BY	Solute carrier organic anion transporter family member 1B3
Nefazodone	TRANSPORTED_BY	Solute carrier organic anion transporter family member 2B1
Desipramine	TRANSPORTED_BY	ATP-dependent translocase ABCB1
Desipramine	TRANSPORTED_BY	Solute carrier family 22 member 1
Desipramine	TRANSPORTED_BY	Solute carrier family 22 member 2
Desipramine	TRANSPORTED_BY	Solute carrier family 22 member 3
Desipramine	TRANSPORTED_BY	Solute carrier family 22 member 4
Desipramine	TRANSPORTED_BY	Organic cation/carnitine transporter 2
Gemifloxacin	TRANSPORTED_BY	ATP-binding cassette sub-family C member 2
Bupropion	TRANSPORTED_BY	Broad substrate specificity ATP-binding cassette transporter ABCG2
Bupropion	TRANSPORTED_BY	ATP-dependent translocase ABCB1
Bupropion	TRANSPORTED_BY	Solute carrier family 22 member 2
Trimetrexate	TRANSPORTED_BY	Broad substrate specificity ATP-binding cassette transporter ABCG2
Trimetrexate	TRANSPORTED_BY	Reduced folate transporter
Bretylium	TRANSPORTED_BY	Sodium-dependent dopamine transporter
Dinoprost tromethamine	TRANSPORTED_BY	Solute carrier family 22 member 2
Dinoprost tromethamine	TRANSPORTED_BY	Solute carrier family 22 member 6
Dinoprost tromethamine	TRANSPORTED_BY	Solute carrier family 22 member 7
Dinoprost tromethamine	TRANSPORTED_BY	Organic anion transporter 3
Dinoprost tromethamine	TRANSPORTED_BY	Solute carrier family 22 member 11
Dinoprost tromethamine	TRANSPORTED_BY	Solute carrier organic anion transporter family member 2A1
Dinoprost tromethamine	TRANSPORTED_BY	Solute carrier organic anion transporter family member 3A1
Terazosin	TRANSPORTED_BY	ATP-dependent translocase ABCB1
Ofloxacin	TRANSPORTED_BY	Bile salt export pump
Ofloxacin	TRANSPORTED_BY	Broad substrate specificity ATP-binding cassette transporter ABCG2
Ofloxacin	TRANSPORTED_BY	Multidrug resistance-associated protein 1
Ofloxacin	TRANSPORTED_BY	ATP-binding cassette sub-family C member 2
Ofloxacin	TRANSPORTED_BY	Solute carrier family 22 member 4
Ofloxacin	TRANSPORTED_BY	Organic cation/carnitine transporter 2
Ofloxacin	TRANSPORTED_BY	Solute carrier family 22 member 6
Cilostazol	TRANSPORTED_BY	Organic anion transporter 3
Cilostazol	TRANSPORTED_BY	Solute carrier organic anion transporter family member 1B1
Cilostazol	TRANSPORTED_BY	Solute carrier organic anion transporter family member 1B3
Itraconazole	TRANSPORTED_BY	Broad substrate specificity ATP-binding cassette transporter ABCG2
Itraconazole	TRANSPORTED_BY	ATP-dependent translocase ABCB1
Itraconazole	TRANSPORTED_BY	Solute carrier organic anion transporter family member 2B1
Arsenic trioxide	TRANSPORTED_BY	ATP-binding cassette sub-family C member 2
Arsenic trioxide	TRANSPORTED_BY	ATP-dependent translocase ABCB1
Phenobarbital	TRANSPORTED_BY	Bile salt export pump
Phenobarbital	TRANSPORTED_BY	Multidrug resistance-associated protein 1
Phenobarbital	TRANSPORTED_BY	ATP-binding cassette sub-family C member 2
Phenobarbital	TRANSPORTED_BY	ATP-binding cassette sub-family C member 3
Phenobarbital	TRANSPORTED_BY	ATP-dependent translocase ABCB1
Phenobarbital	TRANSPORTED_BY	Solute carrier organic anion transporter family member 2A1
Escitalopram	TRANSPORTED_BY	ATP-dependent translocase ABCB1
Idarubicin	TRANSPORTED_BY	Broad substrate specificity ATP-binding cassette transporter ABCG2
Idarubicin	TRANSPORTED_BY	Multidrug resistance-associated protein 1
Idarubicin	TRANSPORTED_BY	ATP-dependent translocase ABCB1
Propafenone	TRANSPORTED_BY	ATP-dependent translocase ABCB1
Naloxone	TRANSPORTED_BY	ATP-dependent translocase ABCB1
Naloxone	TRANSPORTED_BY	Solute carrier organic anion transporter family member 1A2
Domperidone	TRANSPORTED_BY	ATP-dependent translocase ABCB1
Clindamycin	TRANSPORTED_BY	ATP-dependent translocase ABCB1
Acebutolol	TRANSPORTED_BY	ATP-dependent translocase ABCB1
Acebutolol	TRANSPORTED_BY	Solute carrier family 22 member 1
Acebutolol	TRANSPORTED_BY	Solute carrier organic anion transporter family member 1A2
Flecainide	TRANSPORTED_BY	ATP-dependent translocase ABCB1
Flecainide	TRANSPORTED_BY	Multidrug and toxin extrusion protein 1
Estramustine	TRANSPORTED_BY	ATP-dependent translocase ABCB1
Captopril	TRANSPORTED_BY	ATP-dependent translocase ABCB1
Captopril	TRANSPORTED_BY	Solute carrier family 15 member 1
Captopril	TRANSPORTED_BY	Solute carrier family 22 member 6
Tubocurarine	TRANSPORTED_BY	Solute carrier family 22 member 1
Tubocurarine	TRANSPORTED_BY	Solute carrier family 22 member 2
Bromocriptine	TRANSPORTED_BY	ATP-dependent translocase ABCB1
Levetiracetam	TRANSPORTED_BY	ATP-dependent translocase ABCB1
Nadolol	TRANSPORTED_BY	ATP-dependent translocase ABCB1
Nadolol	TRANSPORTED_BY	POU domain, class 2, transcription factor 1
Nadolol	TRANSPORTED_BY	POU domain, class 2, transcription factor 2
Nadolol	TRANSPORTED_BY	Solute carrier organic anion transporter family member 1A2
Nadolol	TRANSPORTED_BY	Multidrug and toxin extrusion protein 1
Nadolol	TRANSPORTED_BY	Multidrug and toxin extrusion protein 2
Mitoxantrone	TRANSPORTED_BY	Phospholipid-transporting ATPase ABCA3
Mitoxantrone	TRANSPORTED_BY	Broad substrate specificity ATP-binding cassette transporter ABCG2
Mitoxantrone	TRANSPORTED_BY	Multidrug resistance-associated protein 1
Mitoxantrone	TRANSPORTED_BY	ATP-binding cassette sub-family C member 2
Mitoxantrone	TRANSPORTED_BY	ATP-dependent translocase ABCB1
Sparfloxacin	TRANSPORTED_BY	ATP-binding cassette sub-family C member 2
Sparfloxacin	TRANSPORTED_BY	ATP-dependent translocase ABCB1
Sparfloxacin	TRANSPORTED_BY	Organic cation/carnitine transporter 2
Clarithromycin	TRANSPORTED_BY	Bile salt export pump
Clarithromycin	TRANSPORTED_BY	ATP-dependent translocase ABCB1
Clarithromycin	TRANSPORTED_BY	Solute carrier family 22 member 7
Clarithromycin	TRANSPORTED_BY	Solute carrier organic anion transporter family member 1B1
Clarithromycin	TRANSPORTED_BY	Solute carrier organic anion transporter family member 1B3
Ceftriaxone	TRANSPORTED_BY	ATP-binding cassette sub-family C member 2
Ceftriaxone	TRANSPORTED_BY	ATP-dependent translocase ABCB1
Ceftriaxone	TRANSPORTED_BY	Solute carrier family 15 member 1
Ceftriaxone	TRANSPORTED_BY	Solute carrier family 15 member 2
Ceftriaxone	TRANSPORTED_BY	Solute carrier family 22 member 6
Ceftriaxone	TRANSPORTED_BY	Organic anion transporter 3
Ceftriaxone	TRANSPORTED_BY	Solute carrier family 22 member 11
Ceftriaxone	TRANSPORTED_BY	Solute carrier organic anion transporter family member 1B3
Anastrozole	TRANSPORTED_BY	ATP-dependent translocase ABCB1
Anastrozole	TRANSPORTED_BY	Sodium-coupled neutral amino acid transporter 7
Rifaximin	TRANSPORTED_BY	ATP-dependent translocase ABCB1
Budesonide	TRANSPORTED_BY	Bile salt export pump
Budesonide	TRANSPORTED_BY	ATP-dependent translocase ABCB1
Budesonide	TRANSPORTED_BY	Organic anion transporter 3
Budesonide	TRANSPORTED_BY	Solute carrier organic anion transporter family member 1A2
Quetiapine	TRANSPORTED_BY	ATP-dependent translocase ABCB1
Quetiapine	TRANSPORTED_BY	Solute carrier family 22 member 23
Paclitaxel	TRANSPORTED_BY	ABC-type oligopeptide transporter ABCB9
Paclitaxel	TRANSPORTED_BY	Bile salt export pump
Paclitaxel	TRANSPORTED_BY	Broad substrate specificity ATP-binding cassette transporter ABCG2
Paclitaxel	TRANSPORTED_BY	Multidrug resistance-associated protein 1
Paclitaxel	TRANSPORTED_BY	ATP-binding cassette sub-family C member 2
Paclitaxel	TRANSPORTED_BY	ATP-binding cassette sub-family C member 3
Paclitaxel	TRANSPORTED_BY	ATP-binding cassette sub-family C member 10
Paclitaxel	TRANSPORTED_BY	ATP-dependent translocase ABCB1
Paclitaxel	TRANSPORTED_BY	Phosphatidylcholine translocator ABCB4
Paclitaxel	TRANSPORTED_BY	Solute carrier family 22 member 7
Paclitaxel	TRANSPORTED_BY	Solute carrier organic anion transporter family member 1B1
Paclitaxel	TRANSPORTED_BY	Solute carrier organic anion transporter family member 1B3
Saquinavir	TRANSPORTED_BY	Bile salt export pump
Saquinavir	TRANSPORTED_BY	Broad substrate specificity ATP-binding cassette transporter ABCG2
Saquinavir	TRANSPORTED_BY	Multidrug resistance-associated protein 1
Saquinavir	TRANSPORTED_BY	ATP-binding cassette sub-family C member 2
Saquinavir	TRANSPORTED_BY	ATP-dependent translocase ABCB1
Saquinavir	TRANSPORTED_BY	Solute carrier family 22 member 1
Saquinavir	TRANSPORTED_BY	Solute carrier organic anion transporter family member 1A2
Saquinavir	TRANSPORTED_BY	Solute carrier organic anion transporter family member 1B1
Saquinavir	TRANSPORTED_BY	Solute carrier organic anion transporter family member 2B1
Metoclopramide	TRANSPORTED_BY	ATP-dependent translocase ABCB1
Metoclopramide	TRANSPORTED_BY	Solute carrier family 22 member 1
Dexamethasone	TRANSPORTED_BY	Bile salt export pump
Dexamethasone	TRANSPORTED_BY	Broad substrate specificity ATP-binding cassette transporter ABCG2
Dexamethasone	TRANSPORTED_BY	ATP-binding cassette sub-family C member 2
Dexamethasone	TRANSPORTED_BY	ATP-dependent translocase ABCB1
Dexamethasone	TRANSPORTED_BY	Solute carrier family 15 member 1
Dexamethasone	TRANSPORTED_BY	Organic anion transporter 3
Dexamethasone	TRANSPORTED_BY	Solute carrier organic anion transporter family member 1A2
Levodopa	TRANSPORTED_BY	Large neutral amino acids transporter small subunit 1
Levodopa	TRANSPORTED_BY	Large neutral amino acids transporter small subunit 2
Levodopa	TRANSPORTED_BY	Monocarboxylate transporter 10
Levodopa	TRANSPORTED_BY	ATP-dependent translocase ABCB1
Levodopa	TRANSPORTED_BY	Solute carrier family 15 member 1
Bromodiphenhydramine	TRANSPORTED_BY	Solute carrier family 22 member 6
Aripiprazole	TRANSPORTED_BY	Broad substrate specificity ATP-binding cassette transporter ABCG2
Aripiprazole	TRANSPORTED_BY	ATP-dependent translocase ABCB1
Chlorprothixene	TRANSPORTED_BY	ATP-dependent translocase ABCB1
Clomipramine	TRANSPORTED_BY	ATP-dependent translocase ABCB1
Bepridil	TRANSPORTED_BY	ATP-dependent translocase ABCB1
Docetaxel	TRANSPORTED_BY	ABC-type oligopeptide transporter ABCB9
Docetaxel	TRANSPORTED_BY	Broad substrate specificity ATP-binding cassette transporter ABCG2
Docetaxel	TRANSPORTED_BY	Multidrug resistance-associated protein 1
Docetaxel	TRANSPORTED_BY	ATP-binding cassette sub-family C member 2
Docetaxel	TRANSPORTED_BY	ATP-binding cassette sub-family C member 10
Docetaxel	TRANSPORTED_BY	ATP-dependent translocase ABCB1
Docetaxel	TRANSPORTED_BY	Solute carrier family 22 member 7
Docetaxel	TRANSPORTED_BY	Solute carrier organic anion transporter family member 1B1
Docetaxel	TRANSPORTED_BY	Solute carrier organic anion transporter family member 1B3
Olsalazine	TRANSPORTED_BY	Sodium/potassium-transporting ATPase subunit alpha-1
Olsalazine	TRANSPORTED_BY	Sodium/potassium-transporting ATPase subunit alpha-2
Olsalazine	TRANSPORTED_BY	Sodium/potassium-transporting ATPase subunit alpha-3
Olsalazine	TRANSPORTED_BY	Sodium/potassium-transporting ATPase subunit alpha-4
Olsalazine	TRANSPORTED_BY	Sodium/potassium-transporting ATPase subunit beta-1
Olsalazine	TRANSPORTED_BY	Sodium/potassium-transporting ATPase subunit beta-2
Olsalazine	TRANSPORTED_BY	Sodium/potassium-transporting ATPase subunit beta-3
Olsalazine	TRANSPORTED_BY	Sodium/potassium-transporting ATPase subunit gamma
Olsalazine	TRANSPORTED_BY	Solute carrier family 2, facilitated glucose transporter member 9
Olsalazine	TRANSPORTED_BY	Sodium-dependent phosphate transporter 1
Olsalazine	TRANSPORTED_BY	Solute carrier family 22 member 6
Olsalazine	TRANSPORTED_BY	Organic anion transporter 3
Ergometrine	TRANSPORTED_BY	ATP-dependent translocase ABCB1
Dasatinib	TRANSPORTED_BY	Broad substrate specificity ATP-binding cassette transporter ABCG2
Dasatinib	TRANSPORTED_BY	ATP-dependent translocase ABCB1
Dasatinib	TRANSPORTED_BY	Solute carrier organic anion transporter family member 1B1
Dasatinib	TRANSPORTED_BY	Solute carrier organic anion transporter family member 1B3
Lisdexamfetamine	TRANSPORTED_BY	Solute carrier family 15 member 1
Lapatinib	TRANSPORTED_BY	Broad substrate specificity ATP-binding cassette transporter ABCG2
Lapatinib	TRANSPORTED_BY	ATP-dependent translocase ABCB1
Lapatinib	TRANSPORTED_BY	Antigen peptide transporter 1
Sitagliptin	TRANSPORTED_BY	ATP-dependent translocase ABCB1
Sitagliptin	TRANSPORTED_BY	Solute carrier family 22 member 1
Sitagliptin	TRANSPORTED_BY	Organic anion transporter 3
Decitabine	TRANSPORTED_BY	Sodium/nucleoside cotransporter 1
Posaconazole	TRANSPORTED_BY	ATP-dependent translocase ABCB1
Darunavir	TRANSPORTED_BY	ATP-dependent translocase ABCB1
Darunavir	TRANSPORTED_BY	Solute carrier organic anion transporter family member 1A2
Darunavir	TRANSPORTED_BY	Solute carrier organic anion transporter family member 1B1
Paliperidone	TRANSPORTED_BY	ATP-dependent translocase ABCB1
Sunitinib	TRANSPORTED_BY	Broad substrate specificity ATP-binding cassette transporter ABCG2
Sunitinib	TRANSPORTED_BY	ATP-binding cassette sub-family C member 2
Sunitinib	TRANSPORTED_BY	ATP-binding cassette sub-family C member 4
Sunitinib	TRANSPORTED_BY	ATP-dependent translocase ABCB1
Sunitinib	TRANSPORTED_BY	RalBP1-associated Eps domain-containing protein 2
Sunitinib	TRANSPORTED_BY	Solute carrier organic anion transporter family member 1B1
Sunitinib	TRANSPORTED_BY	Solute carrier organic anion transporter family member 1B3
Varenicline	TRANSPORTED_BY	Solute carrier family 22 member 1
Varenicline	TRANSPORTED_BY	Solute carrier family 22 member 2
Taxifolin	TRANSPORTED_BY	ATP-binding cassette sub-family C member 2
Platelet Activating Factor	TRANSPORTED_BY	ATP-dependent translocase ABCB1
D-glyceraldehyde 3-phosphate	TRANSPORTED_BY	Solute carrier organic anion transporter family member 2A1
Flufenamic acid	TRANSPORTED_BY	Solute carrier family 22 member 6
Cyclic GMP	TRANSPORTED_BY	Solute carrier family 22 member 6
Timolol	TRANSPORTED_BY	ATP-dependent translocase ABCB1
Amlodipine	TRANSPORTED_BY	ATP-dependent translocase ABCB1
Tacrine	TRANSPORTED_BY	ATP-dependent translocase ABCB1
Triamterene	TRANSPORTED_BY	Solute carrier family 22 member 1
Digoxin	TRANSPORTED_BY	Bile salt export pump
Digoxin	TRANSPORTED_BY	ATP-dependent translocase ABCB1
Digoxin	TRANSPORTED_BY	Phosphatidylcholine translocator ABCB4
Digoxin	TRANSPORTED_BY	Organic solute transporter subunit alpha
Digoxin	TRANSPORTED_BY	Organic solute transporter subunit beta
Digoxin	TRANSPORTED_BY	Solute carrier organic anion transporter family member 1A2
Digoxin	TRANSPORTED_BY	Solute carrier organic anion transporter family member 1B1
Digoxin	TRANSPORTED_BY	Solute carrier organic anion transporter family member 1B3
Digoxin	TRANSPORTED_BY	Solute carrier organic anion transporter family member 2B1
Digoxin	TRANSPORTED_BY	Solute carrier organic anion transporter family member 4C1
Sulpiride	TRANSPORTED_BY	Broad substrate specificity ATP-binding cassette transporter ABCG2
Sulpiride	TRANSPORTED_BY	ATP-dependent translocase ABCB1
Sulpiride	TRANSPORTED_BY	Solute carrier family 15 member 1
Sulpiride	TRANSPORTED_BY	Solute carrier family 22 member 1
Sulpiride	TRANSPORTED_BY	Solute carrier family 22 member 2
Sulpiride	TRANSPORTED_BY	Solute carrier family 22 member 3
Sulpiride	TRANSPORTED_BY	Multidrug and toxin extrusion protein 1
Sulpiride	TRANSPORTED_BY	Multidrug and toxin extrusion protein 2
Nimodipine	TRANSPORTED_BY	ATP-dependent translocase ABCB1
Beclomethasone dipropionate	TRANSPORTED_BY	Broad substrate specificity ATP-binding cassette transporter ABCG2
Beclomethasone dipropionate	TRANSPORTED_BY	ATP-dependent translocase ABCB1
Beclomethasone dipropionate	TRANSPORTED_BY	Solute carrier organic anion transporter family member 1B1
Beclomethasone dipropionate	TRANSPORTED_BY	Solute carrier organic anion transporter family member 1B3
Progesterone	TRANSPORTED_BY	Bile salt export pump
Progesterone	TRANSPORTED_BY	Broad substrate specificity ATP-binding cassette transporter ABCG2
Progesterone	TRANSPORTED_BY	Multidrug resistance-associated protein 1
Progesterone	TRANSPORTED_BY	ATP-dependent translocase ABCB1
Progesterone	TRANSPORTED_BY	Hepatic sodium/bile acid cotransporter
Progesterone	TRANSPORTED_BY	Solute carrier family 22 member 1
Progesterone	TRANSPORTED_BY	Solute carrier family 22 member 2
Progesterone	TRANSPORTED_BY	Solute carrier family 22 member 3
Progesterone	TRANSPORTED_BY	Solute carrier organic anion transporter family member 1B1
Progesterone	TRANSPORTED_BY	Solute carrier organic anion transporter family member 1B3
Sorafenib	TRANSPORTED_BY	Broad substrate specificity ATP-binding cassette transporter ABCG2
Sorafenib	TRANSPORTED_BY	ATP-binding cassette sub-family C member 2
Sorafenib	TRANSPORTED_BY	ATP-binding cassette sub-family C member 4
Sorafenib	TRANSPORTED_BY	ATP-dependent translocase ABCB1
Sorafenib	TRANSPORTED_BY	RalA-binding protein 1
Sorafenib	TRANSPORTED_BY	Solute carrier family 22 member 1
Sorafenib	TRANSPORTED_BY	RalBP1-associated Eps domain-containing protein 2
Sorafenib	TRANSPORTED_BY	Solute carrier organic anion transporter family member 1B1
Sorafenib	TRANSPORTED_BY	Solute carrier organic anion transporter family member 1B3
Zoledronic acid	TRANSPORTED_BY	Multidrug resistance-associated protein 1
Nisoldipine	TRANSPORTED_BY	ATP-dependent translocase ABCB1
Gentian violet cation	TRANSPORTED_BY	Solute carrier family 22 member 1
Rosiglitazone	TRANSPORTED_BY	Bile salt export pump
Rosiglitazone	TRANSPORTED_BY	Broad substrate specificity ATP-binding cassette transporter ABCG2
Rosiglitazone	TRANSPORTED_BY	Hepatic sodium/bile acid cotransporter
Rosiglitazone	TRANSPORTED_BY	Solute carrier organic anion transporter family member 1B1
Pramipexole	TRANSPORTED_BY	Solute carrier family 22 member 1
Pramipexole	TRANSPORTED_BY	Solute carrier family 22 member 2
Pramipexole	TRANSPORTED_BY	Solute carrier family 22 member 3
Ampicillin	TRANSPORTED_BY	Monocarboxylate transporter 1
Ampicillin	TRANSPORTED_BY	ATP-binding cassette sub-family C member 2
Ampicillin	TRANSPORTED_BY	Solute carrier family 15 member 1
Ampicillin	TRANSPORTED_BY	Solute carrier family 15 member 2
Ampicillin	TRANSPORTED_BY	Organic cation/carnitine transporter 2
Spironolactone	TRANSPORTED_BY	Bile salt export pump
Spironolactone	TRANSPORTED_BY	ATP-binding cassette sub-family C member 2
Spironolactone	TRANSPORTED_BY	ATP-dependent translocase ABCB1
Spironolactone	TRANSPORTED_BY	Solute carrier organic anion transporter family member 1A2
Methylphenidate	TRANSPORTED_BY	Sodium- and chloride-dependent glycine transporter 2
Famciclovir	TRANSPORTED_BY	ATP-dependent translocase ABCB1
Triprolidine	TRANSPORTED_BY	ATP-dependent translocase ABCB1
Streptozocin	TRANSPORTED_BY	ATP-dependent translocase ABCB1
Trifluridine	TRANSPORTED_BY	Solute carrier family 22 member 6
Trifluridine	TRANSPORTED_BY	Sodium/nucleoside cotransporter 1
Trifluridine	TRANSPORTED_BY	Equilibrative nucleoside transporter 1
Trifluridine	TRANSPORTED_BY	Equilibrative nucleoside transporter 2
Cyproheptadine	TRANSPORTED_BY	Solute carrier family 22 member 1
Nitric Oxide	TRANSPORTED_BY	Neutral amino acid transporter B(0)
Fenoterol	TRANSPORTED_BY	Solute carrier family 22 member 1
Glucosamine	TRANSPORTED_BY	Solute carrier family 2, facilitated glucose transporter member 1
Glucosamine	TRANSPORTED_BY	Solute carrier family 2, facilitated glucose transporter member 2
Glucosamine	TRANSPORTED_BY	Solute carrier family 2, facilitated glucose transporter member 3
Glucosamine	TRANSPORTED_BY	Solute carrier family 2, facilitated glucose transporter member 4
Oxtriphylline	TRANSPORTED_BY	Solute carrier family 22 member 7
Fosamprenavir	TRANSPORTED_BY	ATP-dependent translocase ABCB1
St. John's Wort	TRANSPORTED_BY	ATP-dependent translocase ABCB1
Polythiazide	TRANSPORTED_BY	Solute carrier family 22 member 6
Polythiazide	TRANSPORTED_BY	Organic anion transporter 3
Cefamandole	TRANSPORTED_BY	Solute carrier family 15 member 1
Cefamandole	TRANSPORTED_BY	Solute carrier family 22 member 6
Cefamandole	TRANSPORTED_BY	Solute carrier family 22 member 7
Cefamandole	TRANSPORTED_BY	Organic anion transporter 3
Cefamandole	TRANSPORTED_BY	Solute carrier family 22 member 11
Cefazolin	TRANSPORTED_BY	ATP-binding cassette sub-family C member 4
Cefazolin	TRANSPORTED_BY	Solute carrier family 15 member 1
Cefazolin	TRANSPORTED_BY	Solute carrier family 22 member 6
Cefazolin	TRANSPORTED_BY	Organic anion transporter 3
Cefazolin	TRANSPORTED_BY	Solute carrier family 22 member 11
Cefazolin	TRANSPORTED_BY	Solute carrier organic anion transporter family member 1B1
Cefoperazone	TRANSPORTED_BY	ATP-dependent translocase ABCB1
Cefoperazone	TRANSPORTED_BY	Solute carrier family 22 member 6
Cefoperazone	TRANSPORTED_BY	Solute carrier family 22 member 7
Cefoperazone	TRANSPORTED_BY	Organic anion transporter 3
Cefoperazone	TRANSPORTED_BY	Solute carrier family 22 member 11
Cefoperazone	TRANSPORTED_BY	Solute carrier organic anion transporter family member 1B1
Cefoperazone	TRANSPORTED_BY	Solute carrier organic anion transporter family member 1B3
Ceftizoxime	TRANSPORTED_BY	ATP-binding cassette sub-family C member 4
Ceftizoxime	TRANSPORTED_BY	Solute carrier family 15 member 1
Ceftizoxime	TRANSPORTED_BY	Solute carrier family 22 member 6
Ceftizoxime	TRANSPORTED_BY	Organic anion transporter 3
Cefradine	TRANSPORTED_BY	Solute carrier family 15 member 1
Cefradine	TRANSPORTED_BY	Solute carrier family 15 member 2
Cefradine	TRANSPORTED_BY	Organic cation/carnitine transporter 2
Cefradine	TRANSPORTED_BY	Solute carrier family 22 member 6
Cefradine	TRANSPORTED_BY	Multidrug and toxin extrusion protein 1
Pancuronium	TRANSPORTED_BY	Solute carrier family 22 member 1
Pancuronium	TRANSPORTED_BY	Solute carrier family 22 member 2
Vecuronium	TRANSPORTED_BY	ATP-dependent translocase ABCB1
Cilazapril	TRANSPORTED_BY	ATP-dependent translocase ABCB1
Cilazapril	TRANSPORTED_BY	Solute carrier family 15 member 1
Cilazapril	TRANSPORTED_BY	Solute carrier family 15 member 2
Spirapril	TRANSPORTED_BY	Solute carrier family 15 member 1
Spirapril	TRANSPORTED_BY	Solute carrier family 15 member 2
Ephedrine	TRANSPORTED_BY	Synaptic vesicular amine transporter
D-Tryptophan	TRANSPORTED_BY	Monocarboxylate transporter 10
Myricetin	TRANSPORTED_BY	Multidrug resistance-associated protein 1
Allopurinol	TRANSPORTED_BY	Broad substrate specificity ATP-binding cassette transporter ABCG2
Allopurinol	TRANSPORTED_BY	Solute carrier family 22 member 2
Allopurinol	TRANSPORTED_BY	Solute carrier family 22 member 7
Allopurinol	TRANSPORTED_BY	Organic anion transporter 3
Ceftazidime	TRANSPORTED_BY	Solute carrier family 22 member 6
Cerivastatin	TRANSPORTED_BY	Bile salt export pump
Cerivastatin	TRANSPORTED_BY	Broad substrate specificity ATP-binding cassette transporter ABCG2
Cerivastatin	TRANSPORTED_BY	ATP-binding cassette sub-family C member 2
Cerivastatin	TRANSPORTED_BY	ATP-dependent translocase ABCB1
Cerivastatin	TRANSPORTED_BY	Hepatic sodium/bile acid cotransporter
Cerivastatin	TRANSPORTED_BY	Solute carrier organic anion transporter family member 1B1
Cerivastatin	TRANSPORTED_BY	Solute carrier organic anion transporter family member 1B3
Cerivastatin	TRANSPORTED_BY	Solute carrier organic anion transporter family member 2B1
Trimethoprim	TRANSPORTED_BY	ATP-dependent translocase ABCB1
Trimethoprim	TRANSPORTED_BY	Solute carrier family 22 member 1
Trimethoprim	TRANSPORTED_BY	Multidrug and toxin extrusion protein 1
Trimethoprim	TRANSPORTED_BY	Multidrug and toxin extrusion protein 2
Gemcitabine	TRANSPORTED_BY	ATP-binding cassette sub-family C member 5
Gemcitabine	TRANSPORTED_BY	ATP-binding cassette sub-family C member 10
Gemcitabine	TRANSPORTED_BY	ATP-dependent translocase ABCB1
Gemcitabine	TRANSPORTED_BY	Sodium/nucleoside cotransporter 1
Gemcitabine	TRANSPORTED_BY	Solute carrier family 28 member 3
Gemcitabine	TRANSPORTED_BY	Equilibrative nucleoside transporter 1
Gemcitabine	TRANSPORTED_BY	Equilibrative nucleoside transporter 2
Entecavir	TRANSPORTED_BY	Broad substrate specificity ATP-binding cassette transporter ABCG2
Entecavir	TRANSPORTED_BY	Solute carrier family 15 member 2
Entecavir	TRANSPORTED_BY	Solute carrier family 22 member 3
Entecavir	TRANSPORTED_BY	Organic cation/carnitine transporter 2
Entecavir	TRANSPORTED_BY	Solute carrier family 22 member 7
Entecavir	TRANSPORTED_BY	Sodium/nucleoside cotransporter 2
Entecavir	TRANSPORTED_BY	Solute carrier family 28 member 3
Entecavir	TRANSPORTED_BY	Equilibrative nucleoside transporter 1
Entecavir	TRANSPORTED_BY	Equilibrative nucleoside transporter 2
Betamethasone	TRANSPORTED_BY	ATP-dependent translocase ABCB1
Teniposide	TRANSPORTED_BY	Broad substrate specificity ATP-binding cassette transporter ABCG2
Teniposide	TRANSPORTED_BY	ATP-binding cassette sub-family C member 3
Teniposide	TRANSPORTED_BY	ATP-binding cassette sub-family C member 6
Teniposide	TRANSPORTED_BY	ATP-dependent translocase ABCB1
Epirubicin	TRANSPORTED_BY	Broad substrate specificity ATP-binding cassette transporter ABCG2
Epirubicin	TRANSPORTED_BY	Multidrug resistance-associated protein 1
Epirubicin	TRANSPORTED_BY	ATP-binding cassette sub-family C member 2
Epirubicin	TRANSPORTED_BY	ATP-dependent translocase ABCB1
Chloramphenicol	TRANSPORTED_BY	ATP-dependent translocase ABCB1
Chloramphenicol	TRANSPORTED_BY	Solute carrier family 22 member 6
Loracarbef	TRANSPORTED_BY	Solute carrier family 15 member 1
Loracarbef	TRANSPORTED_BY	Solute carrier family 15 member 2
Lansoprazole	TRANSPORTED_BY	Broad substrate specificity ATP-binding cassette transporter ABCG2
Lansoprazole	TRANSPORTED_BY	ATP-dependent translocase ABCB1
Lansoprazole	TRANSPORTED_BY	Solute carrier family 22 member 1
Lansoprazole	TRANSPORTED_BY	Solute carrier family 22 member 2
Lansoprazole	TRANSPORTED_BY	Solute carrier family 22 member 3
Lansoprazole	TRANSPORTED_BY	Organic anion transporter 3
Levothyroxine	TRANSPORTED_BY	Large neutral amino acids transporter small subunit 1
Levothyroxine	TRANSPORTED_BY	Monocarboxylate transporter 8
Levothyroxine	TRANSPORTED_BY	ATP-dependent translocase ABCB1
Levothyroxine	TRANSPORTED_BY	Solute carrier organic anion transporter family member 1A2
Levothyroxine	TRANSPORTED_BY	Solute carrier organic anion transporter family member 1B1
Levothyroxine	TRANSPORTED_BY	Solute carrier organic anion transporter family member 1C1
Levothyroxine	TRANSPORTED_BY	Solute carrier organic anion transporter family member 2B1
Levothyroxine	TRANSPORTED_BY	Solute carrier organic anion transporter family member 4A1
Meperidine	TRANSPORTED_BY	ATP-dependent translocase ABCB1
Loratadine	TRANSPORTED_BY	Bile salt export pump
Loratadine	TRANSPORTED_BY	ATP-dependent translocase ABCB1
Cefalotin	TRANSPORTED_BY	Solute carrier family 15 member 1
Cefalotin	TRANSPORTED_BY	Solute carrier family 15 member 2
Cefalotin	TRANSPORTED_BY	Organic cation/carnitine transporter 2
Cefalotin	TRANSPORTED_BY	Solute carrier family 22 member 6
Cefalotin	TRANSPORTED_BY	Solute carrier family 22 member 7
Cefalotin	TRANSPORTED_BY	Organic anion transporter 3
Cefalotin	TRANSPORTED_BY	Solute carrier family 22 member 11
Prazosin	TRANSPORTED_BY	Broad substrate specificity ATP-binding cassette transporter ABCG2
Prazosin	TRANSPORTED_BY	ATP-dependent translocase ABCB1
Prazosin	TRANSPORTED_BY	Solute carrier family 22 member 1
Prazosin	TRANSPORTED_BY	Solute carrier family 22 member 3
Imipramine	TRANSPORTED_BY	ATP-dependent translocase ABCB1
Imipramine	TRANSPORTED_BY	Solute carrier family 22 member 2
Imipramine	TRANSPORTED_BY	Solute carrier family 22 member 3
Imipramine	TRANSPORTED_BY	Solute carrier family 22 member 4
Enoxacin	TRANSPORTED_BY	Solute carrier organic anion transporter family member 1A2
Enoxacin	TRANSPORTED_BY	Multidrug and toxin extrusion protein 1
Quinine	TRANSPORTED_BY	ATP-dependent translocase ABCB1
Quinine	TRANSPORTED_BY	Solute carrier family 22 member 1
Quinine	TRANSPORTED_BY	Solute carrier family 22 member 2
Quinine	TRANSPORTED_BY	Solute carrier family 22 member 4
Quinine	TRANSPORTED_BY	Organic cation/carnitine transporter 2
Quinine	TRANSPORTED_BY	Solute carrier organic anion transporter family member 1A2
Quinine	TRANSPORTED_BY	Solute carrier organic anion transporter family member 1B1
Quinine	TRANSPORTED_BY	Sodium- and chloride-dependent betaine transporter
Tenoxicam	TRANSPORTED_BY	ATP-dependent translocase ABCB1
Tenoxicam	TRANSPORTED_BY	Organic anion transporter 3
Dronabinol	TRANSPORTED_BY	Broad substrate specificity ATP-binding cassette transporter ABCG2
Dronabinol	TRANSPORTED_BY	Multidrug resistance-associated protein 1
Dronabinol	TRANSPORTED_BY	ATP-dependent translocase ABCB1
Montelukast	TRANSPORTED_BY	Solute carrier organic anion transporter family member 1A2
Montelukast	TRANSPORTED_BY	Solute carrier organic anion transporter family member 2B1
Fluoxetine	TRANSPORTED_BY	ATP-dependent translocase ABCB1
Duloxetine	TRANSPORTED_BY	ATP-dependent translocase ABCB1
Chlorpromazine	TRANSPORTED_BY	Bile salt export pump
Chlorpromazine	TRANSPORTED_BY	ATP-dependent translocase ABCB1
Lenalidomide	TRANSPORTED_BY	ATP-dependent translocase ABCB1
Raloxifene	TRANSPORTED_BY	Broad substrate specificity ATP-binding cassette transporter ABCG2
Raloxifene	TRANSPORTED_BY	ATP-binding cassette sub-family C member 2
Raloxifene	TRANSPORTED_BY	ATP-binding cassette sub-family C member 3
Raloxifene	TRANSPORTED_BY	ATP-binding cassette sub-family C member 4
Raloxifene	TRANSPORTED_BY	ATP-dependent translocase ABCB1
Raloxifene	TRANSPORTED_BY	Solute carrier organic anion transporter family member 1B1
Raloxifene	TRANSPORTED_BY	Solute carrier organic anion transporter family member 1B3
Celecoxib	TRANSPORTED_BY	Bile salt export pump
Celecoxib	TRANSPORTED_BY	Broad substrate specificity ATP-binding cassette transporter ABCG2
Celecoxib	TRANSPORTED_BY	ATP-binding cassette sub-family C member 4
Celecoxib	TRANSPORTED_BY	ATP-dependent translocase ABCB1
Dicloxacillin	TRANSPORTED_BY	ATP-dependent translocase ABCB1
Dicloxacillin	TRANSPORTED_BY	Solute carrier family 15 member 1
Dicloxacillin	TRANSPORTED_BY	Solute carrier family 15 member 2
Sotalol	TRANSPORTED_BY	Solute carrier organic anion transporter family member 1A2
Buspirone	TRANSPORTED_BY	ATP-dependent translocase ABCB1
Fosinopril	TRANSPORTED_BY	Solute carrier family 15 member 1
Fosinopril	TRANSPORTED_BY	Solute carrier family 15 member 2
Cefotaxime	TRANSPORTED_BY	Solute carrier family 15 member 1
Cefotaxime	TRANSPORTED_BY	Solute carrier family 15 member 2
Cefotaxime	TRANSPORTED_BY	Solute carrier family 22 member 6
Cefotaxime	TRANSPORTED_BY	Solute carrier family 22 member 7
Cefotaxime	TRANSPORTED_BY	Organic anion transporter 3
Cefotaxime	TRANSPORTED_BY	Solute carrier family 22 member 11
Entacapone	TRANSPORTED_BY	Broad substrate specificity ATP-binding cassette transporter ABCG2
Entacapone	TRANSPORTED_BY	Solute carrier organic anion transporter family member 1B1
Zidovudine	TRANSPORTED_BY	Broad substrate specificity ATP-binding cassette transporter ABCG2
Zidovudine	TRANSPORTED_BY	ATP-binding cassette sub-family C member 4
Zidovudine	TRANSPORTED_BY	ATP-binding cassette sub-family C member 5
Zidovudine	TRANSPORTED_BY	ATP-dependent translocase ABCB1
Zidovudine	TRANSPORTED_BY	Solute carrier family 22 member 1
Zidovudine	TRANSPORTED_BY	Solute carrier family 22 member 2
Zidovudine	TRANSPORTED_BY	Solute carrier family 22 member 6
Zidovudine	TRANSPORTED_BY	Solute carrier family 22 member 7
Zidovudine	TRANSPORTED_BY	Organic anion transporter 3
Zidovudine	TRANSPORTED_BY	Solute carrier family 22 member 11
Zidovudine	TRANSPORTED_BY	Sodium/nucleoside cotransporter 1
Zidovudine	TRANSPORTED_BY	Equilibrative nucleoside transporter 2
Flutamide	TRANSPORTED_BY	Multidrug resistance-associated protein 1
Tolmetin	TRANSPORTED_BY	Solute carrier family 22 member 6
Cimetidine	TRANSPORTED_BY	Bile salt export pump
Cimetidine	TRANSPORTED_BY	Broad substrate specificity ATP-binding cassette transporter ABCG2
Cimetidine	TRANSPORTED_BY	ATP-dependent translocase ABCB1
Cimetidine	TRANSPORTED_BY	Solute carrier family 22 member 1
Cimetidine	TRANSPORTED_BY	Solute carrier family 22 member 2
Cimetidine	TRANSPORTED_BY	Solute carrier family 22 member 3
Cimetidine	TRANSPORTED_BY	Solute carrier family 22 member 4
Cimetidine	TRANSPORTED_BY	Organic cation/carnitine transporter 2
Cimetidine	TRANSPORTED_BY	Solute carrier family 22 member 6
Cimetidine	TRANSPORTED_BY	Solute carrier family 22 member 7
Cimetidine	TRANSPORTED_BY	Organic anion transporter 3
Cimetidine	TRANSPORTED_BY	Solute carrier family 22 member 11
Cimetidine	TRANSPORTED_BY	Multidrug and toxin extrusion protein 1
Cimetidine	TRANSPORTED_BY	Multidrug and toxin extrusion protein 2
Haloperidol	TRANSPORTED_BY	ATP-dependent translocase ABCB1
Ritonavir	TRANSPORTED_BY	Bile salt export pump
Ritonavir	TRANSPORTED_BY	Broad substrate specificity ATP-binding cassette transporter ABCG2
Ritonavir	TRANSPORTED_BY	Multidrug resistance-associated protein 1
Ritonavir	TRANSPORTED_BY	ATP-binding cassette sub-family C member 2
Ritonavir	TRANSPORTED_BY	ATP-dependent translocase ABCB1
Ritonavir	TRANSPORTED_BY	Solute carrier organic anion transporter family member 1A2
Ritonavir	TRANSPORTED_BY	Solute carrier organic anion transporter family member 1B1
Ritonavir	TRANSPORTED_BY	Solute carrier organic anion transporter family member 1B3
Ritonavir	TRANSPORTED_BY	Solute carrier organic anion transporter family member 2B1
Triflupromazine	TRANSPORTED_BY	ATP-dependent translocase ABCB1
Dextrothyroxine	TRANSPORTED_BY	Large neutral amino acids transporter small subunit 1
Dextrothyroxine	TRANSPORTED_BY	Solute carrier organic anion transporter family member 1B1
Dextrothyroxine	TRANSPORTED_BY	Solute carrier organic anion transporter family member 1C1
Dextrothyroxine	TRANSPORTED_BY	Solute carrier organic anion transporter family member 4A1
Dextrothyroxine	TRANSPORTED_BY	Solute carrier organic anion transporter family member 4C1
Cisplatin	TRANSPORTED_BY	Broad substrate specificity ATP-binding cassette transporter ABCG2
Cisplatin	TRANSPORTED_BY	Copper-transporting ATPase 1
Cisplatin	TRANSPORTED_BY	Copper-transporting ATPase 2
Cisplatin	TRANSPORTED_BY	High affinity copper uptake protein 1
Cisplatin	TRANSPORTED_BY	Protein SLC31A2
Cisplatin	TRANSPORTED_BY	Multidrug resistance-associated protein 1
Cisplatin	TRANSPORTED_BY	ATP-binding cassette sub-family C member 2
Cisplatin	TRANSPORTED_BY	ATP-binding cassette sub-family C member 3
Cisplatin	TRANSPORTED_BY	ATP-binding cassette sub-family C member 5
Cisplatin	TRANSPORTED_BY	ATP-binding cassette sub-family C member 6
Cisplatin	TRANSPORTED_BY	ATP-dependent translocase ABCB1
Cisplatin	TRANSPORTED_BY	Solute carrier family 22 member 1
Cisplatin	TRANSPORTED_BY	Solute carrier family 22 member 2
Albendazole	TRANSPORTED_BY	ATP-dependent translocase ABCB1
Trandolapril	TRANSPORTED_BY	Solute carrier family 15 member 1
Trandolapril	TRANSPORTED_BY	Solute carrier family 15 member 2
Caspofungin	TRANSPORTED_BY	ATP-dependent translocase ABCB1
Caspofungin	TRANSPORTED_BY	Solute carrier family 22 member 1
Caspofungin	TRANSPORTED_BY	Solute carrier family 22 member 6
Caspofungin	TRANSPORTED_BY	Solute carrier organic anion transporter family member 1B1
Caspofungin	TRANSPORTED_BY	Solute carrier organic anion transporter family member 1B3
Alitretinoin	TRANSPORTED_BY	ATP-dependent translocase ABCB1
Metolazone	TRANSPORTED_BY	Solute carrier family 12 member 3
Oxaliplatin	TRANSPORTED_BY	Broad substrate specificity ATP-binding cassette transporter ABCG2
Oxaliplatin	TRANSPORTED_BY	Copper-transporting ATPase 1
Oxaliplatin	TRANSPORTED_BY	Copper-transporting ATPase 2
Oxaliplatin	TRANSPORTED_BY	High affinity copper uptake protein 1
Oxaliplatin	TRANSPORTED_BY	ATP-binding cassette sub-family C member 2
Oxaliplatin	TRANSPORTED_BY	Solute carrier family 22 member 2
Oxaliplatin	TRANSPORTED_BY	Solute carrier family 22 member 3
Foscarnet	TRANSPORTED_BY	Monocarboxylate transporter 1
Foscarnet	TRANSPORTED_BY	Solute carrier family 22 member 6
Erlotinib	TRANSPORTED_BY	Broad substrate specificity ATP-binding cassette transporter ABCG2
Erlotinib	TRANSPORTED_BY	ATP-dependent translocase ABCB1
Erlotinib	TRANSPORTED_BY	Solute carrier organic anion transporter family member 2B1
Cyclophosphamide	TRANSPORTED_BY	ATP-binding cassette sub-family C member 4
Rofecoxib	TRANSPORTED_BY	ATP-binding cassette sub-family C member 4
Cefdinir	TRANSPORTED_BY	Solute carrier family 15 member 1
Cefdinir	TRANSPORTED_BY	Solute carrier family 15 member 2
Cefdinir	TRANSPORTED_BY	Organic cation/carnitine transporter 2
Cefdinir	TRANSPORTED_BY	Solute carrier family 22 member 6
Cefdinir	TRANSPORTED_BY	Organic anion transporter 3
Guanidine	TRANSPORTED_BY	Solute carrier family 22 member 1
Guanidine	TRANSPORTED_BY	Solute carrier family 22 member 2
Guanidine	TRANSPORTED_BY	Solute carrier family 22 member 3
Guanidine	TRANSPORTED_BY	Solute carrier family 22 member 4
Guanidine	TRANSPORTED_BY	Organic cation/carnitine transporter 2
Guanidine	TRANSPORTED_BY	Organic anion transporter 3
Guanidine	TRANSPORTED_BY	Multidrug and toxin extrusion protein 1
Guanidine	TRANSPORTED_BY	Multidrug and toxin extrusion protein 2
Ciprofloxacin	TRANSPORTED_BY	Broad substrate specificity ATP-binding cassette transporter ABCG2
Ciprofloxacin	TRANSPORTED_BY	ATP-binding cassette sub-family C member 4
Ciprofloxacin	TRANSPORTED_BY	ATP-dependent translocase ABCB1
Ciprofloxacin	TRANSPORTED_BY	Organic anion transporter 3
Ciprofloxacin	TRANSPORTED_BY	Solute carrier organic anion transporter family member 1A2
Ciprofloxacin	TRANSPORTED_BY	Multidrug and toxin extrusion protein 1
Ciprofloxacin	TRANSPORTED_BY	Multidrug and toxin extrusion protein 2
Toremifene	TRANSPORTED_BY	ATP-dependent translocase ABCB1
Nortriptyline	TRANSPORTED_BY	ATP-dependent translocase ABCB1
Nortriptyline	TRANSPORTED_BY	Sodium-dependent noradrenaline transporter
Vincristine	TRANSPORTED_BY	Bile salt export pump
Vincristine	TRANSPORTED_BY	Broad substrate specificity ATP-binding cassette transporter ABCG2
Vincristine	TRANSPORTED_BY	Multidrug resistance-associated protein 1
Vincristine	TRANSPORTED_BY	ATP-binding cassette sub-family C member 2
Vincristine	TRANSPORTED_BY	ATP-binding cassette sub-family C member 3
Vincristine	TRANSPORTED_BY	ATP-binding cassette sub-family C member 10
Vincristine	TRANSPORTED_BY	ATP-dependent translocase ABCB1
Vincristine	TRANSPORTED_BY	RalA-binding protein 1
Vincristine	TRANSPORTED_BY	Solute carrier family 22 member 3
Vincristine	TRANSPORTED_BY	Solute carrier organic anion transporter family member 1B1
Vincristine	TRANSPORTED_BY	Solute carrier organic anion transporter family member 1B3
Benazepril	TRANSPORTED_BY	Solute carrier family 15 member 1
Benazepril	TRANSPORTED_BY	Solute carrier family 15 member 2
Fluorouracil	TRANSPORTED_BY	Broad substrate specificity ATP-binding cassette transporter ABCG2
Fluorouracil	TRANSPORTED_BY	ATP-binding cassette sub-family C member 2
Fluorouracil	TRANSPORTED_BY	ATP-binding cassette sub-family C member 3
Fluorouracil	TRANSPORTED_BY	ATP-binding cassette sub-family C member 4
Fluorouracil	TRANSPORTED_BY	ATP-binding cassette sub-family C member 5
Fluorouracil	TRANSPORTED_BY	ATP-dependent translocase ABCB1
Fluorouracil	TRANSPORTED_BY	Solute carrier family 22 member 7
Fluorouracil	TRANSPORTED_BY	Equilibrative nucleoside transporter 1
Zafirlukast	TRANSPORTED_BY	Broad substrate specificity ATP-binding cassette transporter ABCG2
Zafirlukast	TRANSPORTED_BY	Hepatic sodium/bile acid cotransporter
Piroxicam	TRANSPORTED_BY	Solute carrier family 22 member 6
Piroxicam	TRANSPORTED_BY	Organic anion transporter 3
Piroxicam	TRANSPORTED_BY	Solute carrier family 22 member 11
Piroxicam	TRANSPORTED_BY	Solute carrier organic anion transporter family member 2B1
Lamotrigine	TRANSPORTED_BY	ATP-dependent translocase ABCB1
Lamotrigine	TRANSPORTED_BY	Solute carrier family 22 member 1
Lamotrigine	TRANSPORTED_BY	Solute carrier family 22 member 2
Hydroxyzine	TRANSPORTED_BY	ATP-dependent translocase ABCB1
Bosentan	TRANSPORTED_BY	Bile salt export pump
Bosentan	TRANSPORTED_BY	Solute carrier organic anion transporter family member 1B1
Bosentan	TRANSPORTED_BY	Solute carrier organic anion transporter family member 1B3
Bosentan	TRANSPORTED_BY	Solute carrier organic anion transporter family member 2B1
Methotrexate	TRANSPORTED_BY	Broad substrate specificity ATP-binding cassette transporter ABCG2
Methotrexate	TRANSPORTED_BY	Folate receptor alpha
Methotrexate	TRANSPORTED_BY	Folate receptor beta
Methotrexate	TRANSPORTED_BY	Monocarboxylate transporter 1
Methotrexate	TRANSPORTED_BY	Multidrug resistance-associated protein 1
Methotrexate	TRANSPORTED_BY	ATP-binding cassette sub-family C member 2
Methotrexate	TRANSPORTED_BY	ATP-binding cassette sub-family C member 3
Methotrexate	TRANSPORTED_BY	ATP-binding cassette sub-family C member 4
Methotrexate	TRANSPORTED_BY	ATP-binding cassette sub-family C member 5
Methotrexate	TRANSPORTED_BY	ATP-binding cassette sub-family C member 10
Methotrexate	TRANSPORTED_BY	ATP-binding cassette sub-family C member 11
Methotrexate	TRANSPORTED_BY	ATP-dependent translocase ABCB1
Methotrexate	TRANSPORTED_BY	Proton-coupled folate transporter
Methotrexate	TRANSPORTED_BY	Solute carrier family 15 member 1
Methotrexate	TRANSPORTED_BY	Reduced folate transporter
Methotrexate	TRANSPORTED_BY	Solute carrier family 22 member 6
Methotrexate	TRANSPORTED_BY	Solute carrier family 22 member 7
Methotrexate	TRANSPORTED_BY	Organic anion transporter 3
Methotrexate	TRANSPORTED_BY	Solute carrier family 22 member 11
Methotrexate	TRANSPORTED_BY	Proton-coupled amino acid transporter 1
Methotrexate	TRANSPORTED_BY	Solute carrier organic anion transporter family member 1A2
Methotrexate	TRANSPORTED_BY	Solute carrier organic anion transporter family member 1B1
Methotrexate	TRANSPORTED_BY	Solute carrier organic anion transporter family member 1B3
Methotrexate	TRANSPORTED_BY	Solute carrier organic anion transporter family member 1C1
Methotrexate	TRANSPORTED_BY	Solute carrier organic anion transporter family member 3A1
Methotrexate	TRANSPORTED_BY	Solute carrier organic anion transporter family member 4C1
Carbamazepine	TRANSPORTED_BY	ATP-binding cassette sub-family C member 2
Carbamazepine	TRANSPORTED_BY	ATP-dependent translocase ABCB1
Carbamazepine	TRANSPORTED_BY	RalA-binding protein 1
Succimer	TRANSPORTED_BY	ATP-binding cassette sub-family C member 2
Cytidine-5'-Monophosphate-5-N-Acetylneuraminic Acid	TRANSPORTED_BY	CMP-sialic acid transporter
Cyclic adenosine monophosphate	TRANSPORTED_BY	ATP-binding cassette sub-family C member 4
Cyclic adenosine monophosphate	TRANSPORTED_BY	ATP-binding cassette sub-family C member 5
Cyclic adenosine monophosphate	TRANSPORTED_BY	ATP-binding cassette sub-family C member 11
Cyclic adenosine monophosphate	TRANSPORTED_BY	Solute carrier family 22 member 6
Cyclic adenosine monophosphate	TRANSPORTED_BY	Solute carrier family 22 member 7
Cyclic adenosine monophosphate	TRANSPORTED_BY	Organic anion transporter 3
Cortisone acetate	TRANSPORTED_BY	ATP-dependent translocase ABCB1
Cortisone acetate	TRANSPORTED_BY	Organic anion transporter 3
Cortisone acetate	TRANSPORTED_BY	Solute carrier organic anion transporter family member 1A2
Mibefradil	TRANSPORTED_BY	ATP-dependent translocase ABCB1
Sodium bicarbonate	TRANSPORTED_BY	Anion exchange protein 4
Sodium bicarbonate	TRANSPORTED_BY	Sodium-driven chloride bicarbonate exchanger
Sodium bicarbonate	TRANSPORTED_BY	Electrogenic sodium bicarbonate cotransporter 1
Sodium bicarbonate	TRANSPORTED_BY	Electrogenic sodium bicarbonate cotransporter 4
Sodium bicarbonate	TRANSPORTED_BY	Sodium bicarbonate cotransporter 3
Sodium bicarbonate	TRANSPORTED_BY	Electroneutral sodium bicarbonate exchanger 1
Bezafibrate	TRANSPORTED_BY	Solute carrier organic anion transporter family member 1B1
Colchicine	TRANSPORTED_BY	Multidrug resistance-associated protein 1
Colchicine	TRANSPORTED_BY	ATP-dependent translocase ABCB1
Digitoxin	TRANSPORTED_BY	ATP-dependent translocase ABCB1
Digitoxin	TRANSPORTED_BY	Solute carrier organic anion transporter family member 1A2
Digitoxin	TRANSPORTED_BY	Solute carrier organic anion transporter family member 4C1
Neostigmine	TRANSPORTED_BY	ATP-dependent translocase ABCB1
Methotrimeprazine	TRANSPORTED_BY	ATP-dependent translocase ABCB1
Tiotropium	TRANSPORTED_BY	Solute carrier family 22 member 4
Tiotropium	TRANSPORTED_BY	Organic cation/carnitine transporter 2
Ciclesonide	TRANSPORTED_BY	ATP-dependent translocase ABCB1
Pranlukast	TRANSPORTED_BY	ATP-binding cassette sub-family C member 2
Cefepime	TRANSPORTED_BY	Solute carrier family 15 member 1
Cefepime	TRANSPORTED_BY	Solute carrier family 15 member 2
Cefepime	TRANSPORTED_BY	Organic cation/carnitine transporter 2
Cefacetrile	TRANSPORTED_BY	Solute carrier family 22 member 6
Cefacetrile	TRANSPORTED_BY	Organic anion transporter 3
Ceftibuten	TRANSPORTED_BY	Solute carrier family 15 member 1
Ceftibuten	TRANSPORTED_BY	Solute carrier family 15 member 2
Ceftibuten	TRANSPORTED_BY	Solute carrier family 22 member 6
Ceftibuten	TRANSPORTED_BY	Organic anion transporter 3
Cefpodoxime	TRANSPORTED_BY	Solute carrier family 15 member 1
Acenocoumarol	TRANSPORTED_BY	ATP-dependent translocase ABCB1
Testosterone propionate	TRANSPORTED_BY	ATP-dependent translocase ABCB1
Aminophenazone	TRANSPORTED_BY	Solute carrier family 22 member 6
Antipyrine	TRANSPORTED_BY	Solute carrier family 22 member 6
gamma-Hydroxybutyric acid	TRANSPORTED_BY	Monocarboxylate transporter 1
gamma-Hydroxybutyric acid	TRANSPORTED_BY	Monocarboxylate transporter 2
gamma-Hydroxybutyric acid	TRANSPORTED_BY	Monocarboxylate transporter 4
gamma-Hydroxybutyric acid	TRANSPORTED_BY	Sodium-coupled monocarboxylate transporter 2
Midomafetamine	TRANSPORTED_BY	Sodium-dependent noradrenaline transporter
Midomafetamine	TRANSPORTED_BY	Sodium-dependent dopamine transporter
Midomafetamine	TRANSPORTED_BY	Sodium-dependent serotonin transporter
Glutathione disulfide	TRANSPORTED_BY	Multidrug resistance-associated protein 1
Glutathione disulfide	TRANSPORTED_BY	ATP-binding cassette sub-family C member 2
Glutathione disulfide	TRANSPORTED_BY	ATP-binding cassette sub-family C member 3
Inosine	TRANSPORTED_BY	Solute carrier family 28 member 3
Glyoxylic acid	TRANSPORTED_BY	Monocarboxylate transporter 4
Taurocholic acid	TRANSPORTED_BY	Bile salt export pump
Taurocholic acid	TRANSPORTED_BY	Broad substrate specificity ATP-binding cassette transporter ABCG2
Taurocholic acid	TRANSPORTED_BY	Monocarboxylate transporter 1
Taurocholic acid	TRANSPORTED_BY	Multidrug resistance-associated protein 1
Taurocholic acid	TRANSPORTED_BY	ATP-binding cassette sub-family C member 2
Taurocholic acid	TRANSPORTED_BY	ATP-binding cassette sub-family C member 3
Taurocholic acid	TRANSPORTED_BY	ATP-binding cassette sub-family C member 4
Taurocholic acid	TRANSPORTED_BY	ATP-binding cassette sub-family C member 10
Taurocholic acid	TRANSPORTED_BY	ATP-binding cassette sub-family C member 11
Taurocholic acid	TRANSPORTED_BY	ATP-dependent translocase ABCB1
Taurocholic acid	TRANSPORTED_BY	Organic solute transporter subunit alpha
Taurocholic acid	TRANSPORTED_BY	Organic solute transporter subunit beta
Taurocholic acid	TRANSPORTED_BY	Ileal sodium/bile acid cotransporter
Taurocholic acid	TRANSPORTED_BY	Hepatic sodium/bile acid cotransporter
Taurocholic acid	TRANSPORTED_BY	Solute carrier family 22 member 6
Taurocholic acid	TRANSPORTED_BY	Organic anion transporter 3
Taurocholic acid	TRANSPORTED_BY	Solute carrier organic anion transporter family member 1A2
Taurocholic acid	TRANSPORTED_BY	Solute carrier organic anion transporter family member 1B1
Taurocholic acid	TRANSPORTED_BY	Solute carrier organic anion transporter family member 1B3
Taurocholic acid	TRANSPORTED_BY	Solute carrier organic anion transporter family member 1C1
Taurocholic acid	TRANSPORTED_BY	Solute carrier organic anion transporter family member 2B1
Taurocholic acid	TRANSPORTED_BY	Solute carrier organic anion transporter family member 3A1
Taurocholic acid	TRANSPORTED_BY	Solute carrier organic anion transporter family member 4A1
Taurocholic acid	TRANSPORTED_BY	Cystine/glutamate transporter
Lactic acid	TRANSPORTED_BY	Monocarboxylate transporter 10
Lactic acid	TRANSPORTED_BY	Monocarboxylate transporter 1
Lactic acid	TRANSPORTED_BY	Monocarboxylate transporter 2
Lactic acid	TRANSPORTED_BY	Monocarboxylate transporter 4
Lactic acid	TRANSPORTED_BY	Solute carrier organic anion transporter family member 2A1
Lactic acid	TRANSPORTED_BY	Solute carrier organic anion transporter family member 2B1
gamma-Aminobutyric acid	TRANSPORTED_BY	Proton-coupled amino acid transporter 1
gamma-Aminobutyric acid	TRANSPORTED_BY	Sodium- and chloride-dependent GABA transporter 1
gamma-Aminobutyric acid	TRANSPORTED_BY	Vesicular inhibitory amino acid transporter
D-Phenylalanine	TRANSPORTED_BY	Large neutral amino acids transporter small subunit 1
D-Phenylalanine	TRANSPORTED_BY	Monocarboxylate transporter 10
Colforsin	TRANSPORTED_BY	ATP-dependent translocase ABCB1
Cholic Acid	TRANSPORTED_BY	Bile salt export pump
Cholic Acid	TRANSPORTED_BY	Broad substrate specificity ATP-binding cassette transporter ABCG2
Cholic Acid	TRANSPORTED_BY	Multidrug resistance-associated protein 1
Cholic Acid	TRANSPORTED_BY	ATP-binding cassette sub-family C member 2
Cholic Acid	TRANSPORTED_BY	ATP-binding cassette sub-family C member 3
Cholic Acid	TRANSPORTED_BY	ATP-binding cassette sub-family C member 4
Cholic Acid	TRANSPORTED_BY	ATP-dependent translocase ABCB1
Cholic Acid	TRANSPORTED_BY	Ileal sodium/bile acid cotransporter
Cholic Acid	TRANSPORTED_BY	Hepatic sodium/bile acid cotransporter
Cholic Acid	TRANSPORTED_BY	Solute carrier family 22 member 7
Cholic Acid	TRANSPORTED_BY	Organic anion transporter 3
Cholic Acid	TRANSPORTED_BY	Solute carrier organic anion transporter family member 1A2
Cholic Acid	TRANSPORTED_BY	Solute carrier organic anion transporter family member 1B1
Cholic Acid	TRANSPORTED_BY	Solute carrier organic anion transporter family member 1B3
Dextroamphetamine	TRANSPORTED_BY	Sodium-dependent dopamine transporter
Metamfetamine	TRANSPORTED_BY	Solute carrier family 22 member 3
Metamfetamine	TRANSPORTED_BY	Organic cation/carnitine transporter 2
Metamfetamine	TRANSPORTED_BY	Synaptic vesicular amine transporter
Oxprenolol	TRANSPORTED_BY	Solute carrier family 22 member 2
Ubenimex	TRANSPORTED_BY	Solute carrier family 15 member 1
Ubenimex	TRANSPORTED_BY	Solute carrier family 15 member 2
Naringenin	TRANSPORTED_BY	Broad substrate specificity ATP-binding cassette transporter ABCG2
Naringenin	TRANSPORTED_BY	Multidrug resistance-associated protein 1
Naringenin	TRANSPORTED_BY	ATP-dependent translocase ABCB1
Naringenin	TRANSPORTED_BY	Solute carrier organic anion transporter family member 2B1
Cephalexin	TRANSPORTED_BY	Solute carrier family 15 member 1
Cephalexin	TRANSPORTED_BY	Solute carrier family 15 member 2
Cephalexin	TRANSPORTED_BY	Organic cation/carnitine transporter 2
Cephalexin	TRANSPORTED_BY	Solute carrier family 22 member 6
Cephalexin	TRANSPORTED_BY	Organic anion transporter 3
Cephalexin	TRANSPORTED_BY	Multidrug and toxin extrusion protein 1
Vinblastine	TRANSPORTED_BY	Bile salt export pump
Vinblastine	TRANSPORTED_BY	Broad substrate specificity ATP-binding cassette transporter ABCG2
Vinblastine	TRANSPORTED_BY	Multidrug resistance-associated protein 1
Vinblastine	TRANSPORTED_BY	ATP-binding cassette sub-family C member 2
Vinblastine	TRANSPORTED_BY	ATP-binding cassette sub-family C member 6
Vinblastine	TRANSPORTED_BY	ATP-dependent translocase ABCB1
Vinblastine	TRANSPORTED_BY	Phosphatidylcholine translocator ABCB4
Vinblastine	TRANSPORTED_BY	Solute carrier organic anion transporter family member 1B1
Propranolol	TRANSPORTED_BY	ATP-dependent translocase ABCB1
Propranolol	TRANSPORTED_BY	Solute carrier family 22 member 1
Propranolol	TRANSPORTED_BY	Solute carrier family 22 member 2
Propranolol	TRANSPORTED_BY	Solute carrier family 22 member 3
Atropine	TRANSPORTED_BY	Bile salt export pump
Clonidine	TRANSPORTED_BY	ATP-dependent translocase ABCB1
Clonidine	TRANSPORTED_BY	Solute carrier family 22 member 1
Clonidine	TRANSPORTED_BY	Solute carrier family 22 member 2
Clonidine	TRANSPORTED_BY	Solute carrier family 22 member 3
Clonidine	TRANSPORTED_BY	Solute carrier family 22 member 4
Clonidine	TRANSPORTED_BY	Organic cation/carnitine transporter 2
Valaciclovir	TRANSPORTED_BY	Neutral amino acid transporter B(0)
Valaciclovir	TRANSPORTED_BY	Ileal sodium/bile acid cotransporter
Valaciclovir	TRANSPORTED_BY	Solute carrier family 15 member 1
Valaciclovir	TRANSPORTED_BY	Solute carrier family 15 member 2
Valaciclovir	TRANSPORTED_BY	Solute carrier family 22 member 6
Valaciclovir	TRANSPORTED_BY	Organic anion transporter 3
Valaciclovir	TRANSPORTED_BY	Sodium- and chloride-dependent neutral and basic amino acid transporter B(0+)
Carbenicillin	TRANSPORTED_BY	Solute carrier family 22 member 6
Levocarnitine	TRANSPORTED_BY	Neutral amino acid transporter B(0)
Levocarnitine	TRANSPORTED_BY	Monocarboxylate transporter 9
Levocarnitine	TRANSPORTED_BY	Mitochondrial carnitine/acylcarnitine carrier protein
Levocarnitine	TRANSPORTED_BY	Solute carrier family 22 member 4
Levocarnitine	TRANSPORTED_BY	Organic cation/carnitine transporter 2
Levocarnitine	TRANSPORTED_BY	Organic anion transporter 3
Levocarnitine	TRANSPORTED_BY	Solute carrier family 22 member 16
Levocarnitine	TRANSPORTED_BY	Solute carrier organic anion transporter family member 1B1
Enalapril	TRANSPORTED_BY	ATP-binding cassette sub-family C member 2
Enalapril	TRANSPORTED_BY	ATP-dependent translocase ABCB1
Enalapril	TRANSPORTED_BY	Solute carrier family 15 member 1
Enalapril	TRANSPORTED_BY	Solute carrier family 15 member 2
Enalapril	TRANSPORTED_BY	Solute carrier family 22 member 6
Enalapril	TRANSPORTED_BY	Solute carrier family 22 member 7
Enalapril	TRANSPORTED_BY	Organic anion transporter 3
Enalapril	TRANSPORTED_BY	Solute carrier organic anion transporter family member 1A2
Enalapril	TRANSPORTED_BY	Solute carrier organic anion transporter family member 1B1
Enalapril	TRANSPORTED_BY	Solute carrier organic anion transporter family member 1B3
Nizatidine	TRANSPORTED_BY	ATP-dependent translocase ABCB1
Diclofenac	TRANSPORTED_BY	Bile salt export pump
Diclofenac	TRANSPORTED_BY	Broad substrate specificity ATP-binding cassette transporter ABCG2
Diclofenac	TRANSPORTED_BY	Acid-sensing ion channel 1
Diclofenac	TRANSPORTED_BY	Potassium voltage-gated channel subfamily KQT member 2
Diclofenac	TRANSPORTED_BY	Potassium voltage-gated channel subfamily KQT member 3
Diclofenac	TRANSPORTED_BY	Multidrug resistance-associated protein 1
Diclofenac	TRANSPORTED_BY	ATP-binding cassette sub-family C member 4
Diclofenac	TRANSPORTED_BY	ATP-dependent translocase ABCB1
Diclofenac	TRANSPORTED_BY	Solute carrier family 22 member 6
Diclofenac	TRANSPORTED_BY	Organic anion transporter 3
Diclofenac	TRANSPORTED_BY	Solute carrier family 22 member 11
Diclofenac	TRANSPORTED_BY	Solute carrier organic anion transporter family member 1B1
Diclofenac	TRANSPORTED_BY	Solute carrier organic anion transporter family member 1B3
Diclofenac	TRANSPORTED_BY	Solute carrier organic anion transporter family member 1C1
Diclofenac	TRANSPORTED_BY	Sodium channel protein type 4 subunit alpha
Fluticasone propionate	TRANSPORTED_BY	ATP-dependent translocase ABCB1
Fluticasone propionate	TRANSPORTED_BY	Solute carrier organic anion transporter family member 1B1
Doxazosin	TRANSPORTED_BY	ATP-dependent translocase ABCB1
Doxazosin	TRANSPORTED_BY	Solute carrier family 22 member 1
Amiloride	TRANSPORTED_BY	Solute carrier family 22 member 1
Amiloride	TRANSPORTED_BY	Solute carrier family 22 member 2
Amiloride	TRANSPORTED_BY	Solute carrier family 22 member 4
Oxytetracycline	TRANSPORTED_BY	Solute carrier family 22 member 6
Oxytetracycline	TRANSPORTED_BY	Solute carrier family 22 member 7
Oxytetracycline	TRANSPORTED_BY	Organic anion transporter 3
Oxytetracycline	TRANSPORTED_BY	Solute carrier family 22 member 11
Labetalol	TRANSPORTED_BY	ATP-binding cassette sub-family B member 5
Labetalol	TRANSPORTED_BY	ATP-dependent translocase ABCB1
Labetalol	TRANSPORTED_BY	Solute carrier organic anion transporter family member 1A2
Linezolid	TRANSPORTED_BY	Solute carrier family 22 member 6
Linezolid	TRANSPORTED_BY	Organic anion transporter 3
Ivermectin	TRANSPORTED_BY	Broad substrate specificity ATP-binding cassette transporter ABCG2
Ivermectin	TRANSPORTED_BY	Multidrug resistance-associated protein 1
Ivermectin	TRANSPORTED_BY	ATP-binding cassette sub-family C member 2
Ivermectin	TRANSPORTED_BY	ATP-dependent translocase ABCB1
Ivermectin	TRANSPORTED_BY	Solute carrier organic anion transporter family member 1B1
Ivermectin	TRANSPORTED_BY	Solute carrier organic anion transporter family member 1B3
Medroxyprogesterone acetate	TRANSPORTED_BY	ATP-dependent translocase ABCB1
Sulindac	TRANSPORTED_BY	ATP-binding cassette sub-family C member 4
Sulindac	TRANSPORTED_BY	Solute carrier family 22 member 6
Cyclothiazide	TRANSPORTED_BY	Solute carrier family 22 member 6
Nafcillin	TRANSPORTED_BY	Solute carrier family 22 member 6
Nafcillin	TRANSPORTED_BY	Solute carrier organic anion transporter family member 1B1
Chloroquine	TRANSPORTED_BY	ATP-dependent translocase ABCB1
Chloroquine	TRANSPORTED_BY	Multidrug and toxin extrusion protein 1
Bisoprolol	TRANSPORTED_BY	ATP-dependent translocase ABCB1
Amodiaquine	TRANSPORTED_BY	ATP-dependent translocase ABCB1
Rifabutin	TRANSPORTED_BY	ATP-dependent translocase ABCB1
Imatinib	TRANSPORTED_BY	Phospholipid-transporting ATPase ABCA3
Imatinib	TRANSPORTED_BY	Bile salt export pump
Imatinib	TRANSPORTED_BY	Broad substrate specificity ATP-binding cassette transporter ABCG2
Imatinib	TRANSPORTED_BY	Multidrug resistance-associated protein 1
Imatinib	TRANSPORTED_BY	ATP-binding cassette sub-family C member 2
Imatinib	TRANSPORTED_BY	ATP-binding cassette sub-family C member 4
Imatinib	TRANSPORTED_BY	ATP-dependent translocase ABCB1
Imatinib	TRANSPORTED_BY	Solute carrier family 22 member 1
Imatinib	TRANSPORTED_BY	Solute carrier family 22 member 2
Imatinib	TRANSPORTED_BY	Organic cation/carnitine transporter 2
Imatinib	TRANSPORTED_BY	Solute carrier organic anion transporter family member 1A2
Imatinib	TRANSPORTED_BY	Solute carrier organic anion transporter family member 1B1
Imatinib	TRANSPORTED_BY	Solute carrier organic anion transporter family member 1B3
Nicardipine	TRANSPORTED_BY	Bile salt export pump
Nicardipine	TRANSPORTED_BY	Broad substrate specificity ATP-binding cassette transporter ABCG2
Nicardipine	TRANSPORTED_BY	ATP-dependent translocase ABCB1
Nicardipine	TRANSPORTED_BY	Solute carrier organic anion transporter family member 1B1
Fluphenazine	TRANSPORTED_BY	ATP-dependent translocase ABCB1
Testosterone	TRANSPORTED_BY	Broad substrate specificity ATP-binding cassette transporter ABCG2
Testosterone	TRANSPORTED_BY	ATP-dependent translocase ABCB1
Testosterone	TRANSPORTED_BY	Hepatic sodium/bile acid cotransporter
Testosterone	TRANSPORTED_BY	Solute carrier family 22 member 7
Testosterone	TRANSPORTED_BY	Organic anion transporter 3
Testosterone	TRANSPORTED_BY	Solute carrier organic anion transporter family member 1B3
Efavirenz	TRANSPORTED_BY	Bile salt export pump
Efavirenz	TRANSPORTED_BY	ATP-binding cassette sub-family C member 3
Efavirenz	TRANSPORTED_BY	ATP-dependent translocase ABCB1
Efavirenz	TRANSPORTED_BY	Solute carrier family 22 member 1
Niacin	TRANSPORTED_BY	Monocarboxylate transporter 1
Niacin	TRANSPORTED_BY	Monocarboxylate transporter 4
Niacin	TRANSPORTED_BY	Organic cation/carnitine transporter 2
Niacin	TRANSPORTED_BY	Solute carrier organic anion transporter family member 2B1
Niacin	TRANSPORTED_BY	Sodium-coupled monocarboxylate transporter 1
Guanabenz	TRANSPORTED_BY	ATP-dependent translocase ABCB1
Afimoxifene	TRANSPORTED_BY	ATP-dependent translocase ABCB1
Thymidine	TRANSPORTED_BY	Solute carrier family 28 member 3
Glycocholic acid	TRANSPORTED_BY	Solute carrier organic anion transporter family member 1A2
Glycocholic acid	TRANSPORTED_BY	Solute carrier organic anion transporter family member 1B1
Glycocholic acid	TRANSPORTED_BY	Solute carrier organic anion transporter family member 1B3
Fusidic acid	TRANSPORTED_BY	Bile salt export pump
Fusidic acid	TRANSPORTED_BY	Broad substrate specificity ATP-binding cassette transporter ABCG2
Fusidic acid	TRANSPORTED_BY	ATP-binding cassette sub-family C member 2
Fusidic acid	TRANSPORTED_BY	Solute carrier organic anion transporter family member 1B1
Resveratrol	TRANSPORTED_BY	Broad substrate specificity ATP-binding cassette transporter ABCG2
Resveratrol	TRANSPORTED_BY	Multidrug resistance-associated protein 1
Resveratrol	TRANSPORTED_BY	ATP-binding cassette sub-family C member 4
Liotrix	TRANSPORTED_BY	Monocarboxylate transporter 10
Liotrix	TRANSPORTED_BY	Monocarboxylate transporter 8
Liotrix	TRANSPORTED_BY	ATP-dependent translocase ABCB1
Liotrix	TRANSPORTED_BY	Hepatic sodium/bile acid cotransporter
Liotrix	TRANSPORTED_BY	Organic anion transporter 3
Liotrix	TRANSPORTED_BY	Solute carrier organic anion transporter family member 1A2
Liotrix	TRANSPORTED_BY	Solute carrier organic anion transporter family member 1B1
Liotrix	TRANSPORTED_BY	Solute carrier organic anion transporter family member 1B3
Liotrix	TRANSPORTED_BY	Solute carrier organic anion transporter family member 1C1
Liotrix	TRANSPORTED_BY	Solute carrier organic anion transporter family member 4A1
Liotrix	TRANSPORTED_BY	Solute carrier organic anion transporter family member 4C1
Ursodeoxycholic acid	TRANSPORTED_BY	Bile salt export pump
Ursodeoxycholic acid	TRANSPORTED_BY	ATP-binding cassette sub-family C member 2
Ursodeoxycholic acid	TRANSPORTED_BY	ATP-binding cassette sub-family C member 4
Ursodeoxycholic acid	TRANSPORTED_BY	Ileal sodium/bile acid cotransporter
Ursodeoxycholic acid	TRANSPORTED_BY	Hepatic sodium/bile acid cotransporter
Ursodeoxycholic acid	TRANSPORTED_BY	Chloride anion exchanger
Ursodeoxycholic acid	TRANSPORTED_BY	Solute carrier organic anion transporter family member 1A2
Ursodeoxycholic acid	TRANSPORTED_BY	Solute carrier organic anion transporter family member 1B1
Ketazolam	TRANSPORTED_BY	ATP-dependent translocase ABCB1
Everolimus	TRANSPORTED_BY	ATP-dependent translocase ABCB1
Everolimus	TRANSPORTED_BY	Solute carrier organic anion transporter family member 1A2
Everolimus	TRANSPORTED_BY	Solute carrier organic anion transporter family member 1B1
Everolimus	TRANSPORTED_BY	Solute carrier organic anion transporter family member 1B3
Iron	TRANSPORTED_BY	Natural resistance-associated macrophage protein 2
Iron	TRANSPORTED_BY	Sodium/bile acid cotransporter 7
Cilastatin	TRANSPORTED_BY	Solute carrier family 22 member 6
Cilastatin	TRANSPORTED_BY	Organic anion transporter 3
Lopinavir	TRANSPORTED_BY	Bile salt export pump
Lopinavir	TRANSPORTED_BY	Broad substrate specificity ATP-binding cassette transporter ABCG2
Lopinavir	TRANSPORTED_BY	Multidrug resistance-associated protein 1
Lopinavir	TRANSPORTED_BY	ATP-binding cassette sub-family C member 2
Lopinavir	TRANSPORTED_BY	ATP-dependent translocase ABCB1
Lopinavir	TRANSPORTED_BY	Solute carrier organic anion transporter family member 1B1
Lopinavir	TRANSPORTED_BY	Solute carrier organic anion transporter family member 1B3
Tazobactam	TRANSPORTED_BY	Solute carrier family 22 member 6
Tazobactam	TRANSPORTED_BY	Organic anion transporter 3
Valganciclovir	TRANSPORTED_BY	Neutral amino acid transporter B(0)
Valganciclovir	TRANSPORTED_BY	Solute carrier family 15 member 1
Valganciclovir	TRANSPORTED_BY	Solute carrier family 15 member 2
Valganciclovir	TRANSPORTED_BY	Sodium- and chloride-dependent neutral and basic amino acid transporter B(0+)
Hydroxychloroquine	TRANSPORTED_BY	Broad substrate specificity ATP-binding cassette transporter ABCG2
Hydroxychloroquine	TRANSPORTED_BY	ATP-dependent translocase ABCB1
Hydroxychloroquine	TRANSPORTED_BY	Solute carrier organic anion transporter family member 1A2
Pipotiazine	TRANSPORTED_BY	Solute carrier family 22 member 1
Thiothixene	TRANSPORTED_BY	Solute carrier family 22 member 1
Genistein	TRANSPORTED_BY	Broad substrate specificity ATP-binding cassette transporter ABCG2
Genistein	TRANSPORTED_BY	Multidrug resistance-associated protein 1
Genistein	TRANSPORTED_BY	ATP-dependent translocase ABCB1
Genistein	TRANSPORTED_BY	Solute carrier organic anion transporter family member 1B1
Genistein	TRANSPORTED_BY	Solute carrier organic anion transporter family member 2B1
trans-2-hydroxycinnamic acid	TRANSPORTED_BY	Organic anion transporter 3
Topiroxostat	TRANSPORTED_BY	Broad substrate specificity ATP-binding cassette transporter ABCG2
Topiroxostat	TRANSPORTED_BY	Solute carrier family 22 member 6
Topiroxostat	TRANSPORTED_BY	Organic anion transporter 3
Prasterone	TRANSPORTED_BY	Broad substrate specificity ATP-binding cassette transporter ABCG2
Prasterone	TRANSPORTED_BY	Multidrug resistance-associated protein 1
Prasterone	TRANSPORTED_BY	ATP-binding cassette sub-family C member 4
Prasterone	TRANSPORTED_BY	ATP-binding cassette sub-family C member 11
Prasterone	TRANSPORTED_BY	Organic anion transporter 3
Prasterone	TRANSPORTED_BY	Solute carrier organic anion transporter family member 1A2
Prasterone	TRANSPORTED_BY	Solute carrier organic anion transporter family member 1B1
Prasterone	TRANSPORTED_BY	Solute carrier organic anion transporter family member 1B3
Prasterone	TRANSPORTED_BY	Solute carrier organic anion transporter family member 2B1
UDP-alpha-D-xylose	TRANSPORTED_BY	Nucleotide sugar transporter SLC35B4
Alvocidib	TRANSPORTED_BY	Broad substrate specificity ATP-binding cassette transporter ABCG2
Alvocidib	TRANSPORTED_BY	Solute carrier organic anion transporter family member 1B1
Glutaric Acid	TRANSPORTED_BY	Solute carrier family 22 member 6
Glutaric Acid	TRANSPORTED_BY	Solute carrier family 22 member 7
Glutaric Acid	TRANSPORTED_BY	Organic anion transporter 3
Glutaric Acid	TRANSPORTED_BY	Solute carrier family 22 member 11
Spermidine	TRANSPORTED_BY	MFS-type transporter SLC18B1
Spermidine	TRANSPORTED_BY	Solute carrier family 22 member 1
Spermidine	TRANSPORTED_BY	Solute carrier family 22 member 4
Butyric Acid	TRANSPORTED_BY	Broad substrate specificity ATP-binding cassette transporter ABCG2
Butyric Acid	TRANSPORTED_BY	Monocarboxylate transporter 1
Phencyclidine	TRANSPORTED_BY	Solute carrier family 22 member 1
Glucose-6-Phosphate	TRANSPORTED_BY	Solute carrier organic anion transporter family member 2A1
Oxyphenbutazone	TRANSPORTED_BY	Solute carrier family 22 member 6
Tiratricol	TRANSPORTED_BY	Hepatic sodium/bile acid cotransporter
Deoxycholic acid	TRANSPORTED_BY	Bile salt export pump
Deoxycholic acid	TRANSPORTED_BY	Broad substrate specificity ATP-binding cassette transporter ABCG2
Deoxycholic acid	TRANSPORTED_BY	Ileal sodium/bile acid cotransporter
Deoxycholic acid	TRANSPORTED_BY	Hepatic sodium/bile acid cotransporter
Deoxycholic acid	TRANSPORTED_BY	Solute carrier organic anion transporter family member 1A2
Clofarabine	TRANSPORTED_BY	Broad substrate specificity ATP-binding cassette transporter ABCG2
Clofarabine	TRANSPORTED_BY	Solute carrier family 28 member 3
Clofarabine	TRANSPORTED_BY	Equilibrative nucleoside transporter 1
Clofarabine	TRANSPORTED_BY	Equilibrative nucleoside transporter 2
Prednisone	TRANSPORTED_BY	ATP-dependent translocase ABCB1
Prednisone	TRANSPORTED_BY	Solute carrier organic anion transporter family member 1A2
Astemizole	TRANSPORTED_BY	Bile salt export pump
Astemizole	TRANSPORTED_BY	ATP-dependent translocase ABCB1
Adenosine	TRANSPORTED_BY	Gap junction alpha-1 protein
Adenosine	TRANSPORTED_BY	ATP-binding cassette sub-family C member 5
Adenosine	TRANSPORTED_BY	Sodium/nucleoside cotransporter 1
Adenosine	TRANSPORTED_BY	Sodium/nucleoside cotransporter 2
Adenosine	TRANSPORTED_BY	Solute carrier family 28 member 3
Adenosine	TRANSPORTED_BY	Equilibrative nucleoside transporter 1
Adenosine	TRANSPORTED_BY	Equilibrative nucleoside transporter 2
Adenosine	TRANSPORTED_BY	Equilibrative nucleoside transporter 3
Adenosine	TRANSPORTED_BY	Equilibrative nucleoside transporter 4
Simvastatin	TRANSPORTED_BY	Bile salt export pump
Simvastatin	TRANSPORTED_BY	Broad substrate specificity ATP-binding cassette transporter ABCG2
Simvastatin	TRANSPORTED_BY	ATP-binding cassette sub-family C member 2
Simvastatin	TRANSPORTED_BY	ATP-dependent translocase ABCB1
Simvastatin	TRANSPORTED_BY	Solute carrier organic anion transporter family member 1A2
Simvastatin	TRANSPORTED_BY	Solute carrier organic anion transporter family member 1B1
Simvastatin	TRANSPORTED_BY	Solute carrier organic anion transporter family member 1B3
Simvastatin	TRANSPORTED_BY	Solute carrier organic anion transporter family member 2B1
Pemetrexed	TRANSPORTED_BY	Broad substrate specificity ATP-binding cassette transporter ABCG2
Pemetrexed	TRANSPORTED_BY	ATP-binding cassette sub-family C member 2
Pemetrexed	TRANSPORTED_BY	ATP-binding cassette sub-family C member 5
Pemetrexed	TRANSPORTED_BY	Proton-coupled folate transporter
Pemetrexed	TRANSPORTED_BY	Reduced folate transporter
Pemetrexed	TRANSPORTED_BY	Solute carrier family 22 member 6
Pemetrexed	TRANSPORTED_BY	Organic anion transporter 3
Pemetrexed	TRANSPORTED_BY	Solute carrier family 22 member 11
Pemetrexed	TRANSPORTED_BY	Solute carrier organic anion transporter family member 2B1
Nystatin	TRANSPORTED_BY	Solute carrier organic anion transporter family member 1B1
Nystatin	TRANSPORTED_BY	Solute carrier organic anion transporter family member 1B3
Mitotane	TRANSPORTED_BY	ATP-dependent translocase ABCB1
Stavudine	TRANSPORTED_BY	Solute carrier family 22 member 6
Stavudine	TRANSPORTED_BY	Sodium/nucleoside cotransporter 1
Leucovorin	TRANSPORTED_BY	ATP-binding cassette sub-family C member 2
Leucovorin	TRANSPORTED_BY	ATP-binding cassette sub-family C member 3
Leucovorin	TRANSPORTED_BY	ATP-binding cassette sub-family C member 4
Leucovorin	TRANSPORTED_BY	Organic anion transporter 3
Pentazocine	TRANSPORTED_BY	ATP-dependent translocase ABCB1
Latanoprost	TRANSPORTED_BY	Solute carrier family 22 member 6
Latanoprost	TRANSPORTED_BY	Organic anion transporter 3
Latanoprost	TRANSPORTED_BY	Solute carrier organic anion transporter family member 2A1
Latanoprost	TRANSPORTED_BY	Solute carrier organic anion transporter family member 2B1
Estrone	TRANSPORTED_BY	Broad substrate specificity ATP-binding cassette transporter ABCG2
Estrone	TRANSPORTED_BY	ATP-dependent translocase ABCB1
Estrone	TRANSPORTED_BY	Organic anion transporter 3
Estrone	TRANSPORTED_BY	Solute carrier organic anion transporter family member 1A2
Estrone	TRANSPORTED_BY	Solute carrier organic anion transporter family member 1B1
Estrone	TRANSPORTED_BY	Solute carrier organic anion transporter family member 2B1
Trazodone	TRANSPORTED_BY	ATP-dependent translocase ABCB1
Acamprosate	TRANSPORTED_BY	Solute carrier family 22 member 6
Verapamil	TRANSPORTED_BY	Multidrug resistance-associated protein 1
Verapamil	TRANSPORTED_BY	ATP-binding cassette sub-family C member 3
Verapamil	TRANSPORTED_BY	ATP-binding cassette sub-family C member 4
Verapamil	TRANSPORTED_BY	ATP-binding cassette sub-family C member 10
Verapamil	TRANSPORTED_BY	ATP-dependent translocase ABCB1
Verapamil	TRANSPORTED_BY	Phosphatidylcholine translocator ABCB4
Verapamil	TRANSPORTED_BY	Solute carrier family 22 member 1
Verapamil	TRANSPORTED_BY	Solute carrier family 22 member 4
Verapamil	TRANSPORTED_BY	Organic cation/carnitine transporter 2
Verapamil	TRANSPORTED_BY	Solute carrier organic anion transporter family member 1A2
Verapamil	TRANSPORTED_BY	Solute carrier organic anion transporter family member 1B1
Verapamil	TRANSPORTED_BY	Multidrug and toxin extrusion protein 1
Verapamil	TRANSPORTED_BY	Multidrug and toxin extrusion protein 2
Epinephrine	TRANSPORTED_BY	Solute carrier family 22 member 1
Epinephrine	TRANSPORTED_BY	Solute carrier family 22 member 2
Epinephrine	TRANSPORTED_BY	Solute carrier family 22 member 3
Sumatriptan	TRANSPORTED_BY	Broad substrate specificity ATP-binding cassette transporter ABCG2
Sumatriptan	TRANSPORTED_BY	ATP-dependent translocase ABCB1
Sumatriptan	TRANSPORTED_BY	Solute carrier family 22 member 1
Sumatriptan	TRANSPORTED_BY	Solute carrier organic anion transporter family member 1A2
Sumatriptan	TRANSPORTED_BY	Solute carrier organic anion transporter family member 1B1
Pirenzepine	TRANSPORTED_BY	ATP-dependent translocase ABCB1
Cefixime	TRANSPORTED_BY	Solute carrier family 15 member 1
Cefixime	TRANSPORTED_BY	Solute carrier family 15 member 2
Cefixime	TRANSPORTED_BY	Solute carrier family 22 member 7
Cefixime	TRANSPORTED_BY	Organic anion transporter 3
Chlorpropamide	TRANSPORTED_BY	Solute carrier family 15 member 1
Chlorpropamide	TRANSPORTED_BY	Solute carrier family 15 member 2
Chlorpropamide	TRANSPORTED_BY	Solute carrier family 22 member 6
Aprepitant	TRANSPORTED_BY	ATP-dependent translocase ABCB1
Galantamine	TRANSPORTED_BY	ATP-dependent translocase ABCB1
Tamoxifen	TRANSPORTED_BY	Phospholipid-transporting ATPase ABCA1
Tamoxifen	TRANSPORTED_BY	Bile salt export pump
Tamoxifen	TRANSPORTED_BY	Broad substrate specificity ATP-binding cassette transporter ABCG2
Tamoxifen	TRANSPORTED_BY	ATP-binding cassette sub-family C member 2
Tamoxifen	TRANSPORTED_BY	ATP-binding cassette sub-family C member 10
Tamoxifen	TRANSPORTED_BY	ATP-dependent translocase ABCB1
Losartan	TRANSPORTED_BY	Bile salt export pump
Losartan	TRANSPORTED_BY	Solute carrier family 2, facilitated glucose transporter member 9
Losartan	TRANSPORTED_BY	ATP-dependent translocase ABCB1
Losartan	TRANSPORTED_BY	Solute carrier family 15 member 1
Losartan	TRANSPORTED_BY	Solute carrier family 22 member 6
Losartan	TRANSPORTED_BY	Solute carrier family 22 member 12
Thioridazine	TRANSPORTED_BY	ATP-dependent translocase ABCB1
Amphotericin B	TRANSPORTED_BY	ATP-dependent translocase ABCB1
Warfarin	TRANSPORTED_BY	Solute carrier organic anion transporter family member 1B3
Midazolam	TRANSPORTED_BY	Excitatory amino acid transporter 2
Midazolam	TRANSPORTED_BY	ATP-dependent translocase ABCB1
Mycophenolate mofetil	TRANSPORTED_BY	Broad substrate specificity ATP-binding cassette transporter ABCG2
Mycophenolate mofetil	TRANSPORTED_BY	ATP-binding cassette sub-family C member 2
Mycophenolate mofetil	TRANSPORTED_BY	ATP-dependent translocase ABCB1
Mycophenolate mofetil	TRANSPORTED_BY	Solute carrier organic anion transporter family member 1B1
Mycophenolate mofetil	TRANSPORTED_BY	Solute carrier organic anion transporter family member 1B3
Cephaloglycin	TRANSPORTED_BY	Solute carrier family 15 member 1
Cephaloglycin	TRANSPORTED_BY	Organic cation/carnitine transporter 2
Flurazepam	TRANSPORTED_BY	ATP-dependent translocase ABCB1
Flurazepam	TRANSPORTED_BY	Solute carrier family 22 member 2
Moexipril	TRANSPORTED_BY	Solute carrier family 15 member 1
Moexipril	TRANSPORTED_BY	Solute carrier family 15 member 2
Fluorescein	TRANSPORTED_BY	Bile salt export pump
Fluorescein	TRANSPORTED_BY	Multidrug resistance-associated protein 1
Fluorescein	TRANSPORTED_BY	ATP-binding cassette sub-family C member 2
Fluorescein	TRANSPORTED_BY	ATP-binding cassette sub-family C member 5
Fluorescein	TRANSPORTED_BY	Solute carrier family 22 member 6
Fluorescein	TRANSPORTED_BY	Solute carrier organic anion transporter family member 1B1
Fluorescein	TRANSPORTED_BY	Solute carrier organic anion transporter family member 1B3
Daunorubicin	TRANSPORTED_BY	Broad substrate specificity ATP-binding cassette transporter ABCG2
Daunorubicin	TRANSPORTED_BY	Multidrug resistance-associated protein 1
Daunorubicin	TRANSPORTED_BY	ATP-binding cassette sub-family C member 6
Daunorubicin	TRANSPORTED_BY	ATP-binding cassette sub-family C member 10
Daunorubicin	TRANSPORTED_BY	ATP-dependent translocase ABCB1
Furosemide	TRANSPORTED_BY	ATP-binding cassette sub-family C member 2
Furosemide	TRANSPORTED_BY	Solute carrier family 15 member 1
Furosemide	TRANSPORTED_BY	Organic cation/carnitine transporter 2
Furosemide	TRANSPORTED_BY	Solute carrier family 22 member 6
Furosemide	TRANSPORTED_BY	Organic anion transporter 3
Furosemide	TRANSPORTED_BY	Solute carrier family 22 member 11
Furosemide	TRANSPORTED_BY	Solute carrier organic anion transporter family member 2A1
Ergotamine	TRANSPORTED_BY	ATP-dependent translocase ABCB1
Nitrofurantoin	TRANSPORTED_BY	Bile salt export pump
Nitrofurantoin	TRANSPORTED_BY	Broad substrate specificity ATP-binding cassette transporter ABCG2
Nitrofurantoin	TRANSPORTED_BY	ATP-binding cassette sub-family C member 2
Nitrofurantoin	TRANSPORTED_BY	ATP-dependent translocase ABCB1
Amprenavir	TRANSPORTED_BY	Multidrug resistance-associated protein 1
Amprenavir	TRANSPORTED_BY	ATP-dependent translocase ABCB1
Amprenavir	TRANSPORTED_BY	Solute carrier organic anion transporter family member 1B1
Methazolamide	TRANSPORTED_BY	Solute carrier family 22 member 6
Delavirdine	TRANSPORTED_BY	Broad substrate specificity ATP-binding cassette transporter ABCG2
Delavirdine	TRANSPORTED_BY	ATP-dependent translocase ABCB1
Lamivudine	TRANSPORTED_BY	Broad substrate specificity ATP-binding cassette transporter ABCG2
Lamivudine	TRANSPORTED_BY	Multidrug resistance-associated protein 1
Lamivudine	TRANSPORTED_BY	ATP-binding cassette sub-family C member 2
Lamivudine	TRANSPORTED_BY	ATP-binding cassette sub-family C member 3
Lamivudine	TRANSPORTED_BY	ATP-binding cassette sub-family C member 4
Lamivudine	TRANSPORTED_BY	ATP-dependent translocase ABCB1
Lamivudine	TRANSPORTED_BY	Solute carrier family 22 member 1
Lamivudine	TRANSPORTED_BY	Solute carrier family 22 member 2
Lamivudine	TRANSPORTED_BY	Solute carrier family 22 member 3
Lamivudine	TRANSPORTED_BY	Solute carrier family 22 member 6
Flurbiprofen	TRANSPORTED_BY	ATP-binding cassette sub-family C member 4
Flurbiprofen	TRANSPORTED_BY	Solute carrier family 22 member 6
Oxacillin	TRANSPORTED_BY	Solute carrier family 15 member 1
Oxacillin	TRANSPORTED_BY	Solute carrier family 15 member 2
Apomorphine	TRANSPORTED_BY	Synaptic vesicular amine transporter
Paroxetine	TRANSPORTED_BY	ATP-dependent translocase ABCB1
Norethisterone	TRANSPORTED_BY	ATP-dependent translocase ABCB1
Adefovir dipivoxil	TRANSPORTED_BY	ATP-binding cassette sub-family C member 4
Adefovir dipivoxil	TRANSPORTED_BY	ATP-binding cassette sub-family C member 5
Adefovir dipivoxil	TRANSPORTED_BY	Solute carrier family 22 member 3
Adefovir dipivoxil	TRANSPORTED_BY	Solute carrier family 22 member 6
Procaine	TRANSPORTED_BY	Sodium-dependent noradrenaline transporter
Procaine	TRANSPORTED_BY	Sodium-dependent dopamine transporter
Procaine	TRANSPORTED_BY	Sodium-dependent serotonin transporter
Lisinopril	TRANSPORTED_BY	Solute carrier family 15 member 1
Lisinopril	TRANSPORTED_BY	Solute carrier family 15 member 2
Trimipramine	TRANSPORTED_BY	ATP-dependent translocase ABCB1
Rocuronium	TRANSPORTED_BY	Solute carrier family 22 member 1
Rocuronium	TRANSPORTED_BY	Solute carrier organic anion transporter family member 1A2
Rocuronium	TRANSPORTED_BY	Solute carrier organic anion transporter family member 2B1
Nateglinide	TRANSPORTED_BY	Monocarboxylate transporter 1
Nateglinide	TRANSPORTED_BY	ATP-binding cassette sub-family C member 4
Nateglinide	TRANSPORTED_BY	Solute carrier family 15 member 1
Nateglinide	TRANSPORTED_BY	Solute carrier family 15 member 2
Nateglinide	TRANSPORTED_BY	Solute carrier family 22 member 6
Risperidone	TRANSPORTED_BY	ATP-dependent translocase ABCB1
Esomeprazole	TRANSPORTED_BY	ATP-dependent translocase ABCB1
Esomeprazole	TRANSPORTED_BY	Organic anion transporter 3
Pentamidine	TRANSPORTED_BY	Solute carrier family 22 member 1
Riluzole	TRANSPORTED_BY	Broad substrate specificity ATP-binding cassette transporter ABCG2
Hydrocortisone	TRANSPORTED_BY	ATP-dependent translocase ABCB1
Hydrocortisone	TRANSPORTED_BY	Organic anion transporter 3
Hydrocortisone	TRANSPORTED_BY	Solute carrier organic anion transporter family member 1A2
Gadobenic acid	TRANSPORTED_BY	ATP-binding cassette sub-family C member 2
Etodolac	TRANSPORTED_BY	Solute carrier family 22 member 6
Epinastine	TRANSPORTED_BY	ATP-dependent translocase ABCB1
Tretinoin	TRANSPORTED_BY	ATP-dependent translocase ABCB1
Tretinoin	TRANSPORTED_BY	Cellular retinoic acid-binding protein 1
Tretinoin	TRANSPORTED_BY	Cellular retinoic acid-binding protein 2
Clopidogrel	TRANSPORTED_BY	ATP-dependent translocase ABCB1
Clopidogrel	TRANSPORTED_BY	Solute carrier family 22 member 1
Clopidogrel	TRANSPORTED_BY	Solute carrier family 22 member 2
Tetracycline	TRANSPORTED_BY	Solute carrier family 22 member 6
Tetracycline	TRANSPORTED_BY	Solute carrier family 22 member 7
Tetracycline	TRANSPORTED_BY	Organic anion transporter 3
Tetracycline	TRANSPORTED_BY	Solute carrier family 22 member 11
Tetracycline	TRANSPORTED_BY	Solute carrier organic anion transporter family member 2B1
Meropenem	TRANSPORTED_BY	Solute carrier family 22 member 6
CP-122721	TRANSPORTED_BY	ATP-dependent translocase ABCB1
Palovarotene	TRANSPORTED_BY	Bile salt export pump
Palovarotene	TRANSPORTED_BY	Broad substrate specificity ATP-binding cassette transporter ABCG2
Palovarotene	TRANSPORTED_BY	Solute carrier family 22 member 1
Palovarotene	TRANSPORTED_BY	Solute carrier organic anion transporter family member 1B1
Palovarotene	TRANSPORTED_BY	Solute carrier organic anion transporter family member 1B3
SN-38	TRANSPORTED_BY	Broad substrate specificity ATP-binding cassette transporter ABCG2
SN-38	TRANSPORTED_BY	Multidrug resistance-associated protein 1
SN-38	TRANSPORTED_BY	ATP-binding cassette sub-family C member 2
SN-38	TRANSPORTED_BY	ATP-binding cassette sub-family C member 4
SN-38	TRANSPORTED_BY	Solute carrier organic anion transporter family member 1B1
SN-38	TRANSPORTED_BY	Solute carrier organic anion transporter family member 1B3
Mavorixafor	TRANSPORTED_BY	ATP-dependent translocase ABCB1
Mavorixafor	TRANSPORTED_BY	Solute carrier family 22 member 2
Mavorixafor	TRANSPORTED_BY	Multidrug and toxin extrusion protein 1
Telaprevir	TRANSPORTED_BY	ATP-dependent translocase ABCB1
Alanosine	TRANSPORTED_BY	Cystine/glutamate transporter
Caprylic acid	TRANSPORTED_BY	Solute carrier family 22 member 6
Caprylic acid	TRANSPORTED_BY	Organic anion transporter 3
Caprylic acid	TRANSPORTED_BY	Solute carrier family 22 member 11
Cholesterol	TRANSPORTED_BY	Phospholipid-transporting ATPase ABCA1
Cholesterol	TRANSPORTED_BY	ATP-binding cassette sub-family A member 2
Cholesterol	TRANSPORTED_BY	Cholesterol transporter ABCA5
Cholesterol	TRANSPORTED_BY	Glucosylceramide transporter ABCA12
Cholesterol	TRANSPORTED_BY	ATP-binding cassette sub-family G member 1
Cholesterol	TRANSPORTED_BY	Broad substrate specificity ATP-binding cassette transporter ABCG2
Cholesterol	TRANSPORTED_BY	ATP-dependent translocase ABCB1
Cholesterol	TRANSPORTED_BY	NPC1-like intracellular cholesterol transporter 1
beta-D-fructofuranose 1,6-bisphosphate	TRANSPORTED_BY	Solute carrier organic anion transporter family member 2A1
Niflumic acid	TRANSPORTED_BY	Monocarboxylate transporter 1
Niflumic acid	TRANSPORTED_BY	Monocarboxylate transporter 2
Arachidonic Acid	TRANSPORTED_BY	Solute carrier organic anion transporter family member 2A1
Latamoxef	TRANSPORTED_BY	Solute carrier family 15 member 2
Estriol	TRANSPORTED_BY	ATP-dependent translocase ABCB1
Estriol	TRANSPORTED_BY	Solute carrier organic anion transporter family member 1A2
Estrone sulfate	TRANSPORTED_BY	ABC-type organic anion transporter ABCA8
Estrone sulfate	TRANSPORTED_BY	Broad substrate specificity ATP-binding cassette transporter ABCG2
Estrone sulfate	TRANSPORTED_BY	Multidrug resistance-associated protein 1
Estrone sulfate	TRANSPORTED_BY	ATP-binding cassette sub-family C member 2
Estrone sulfate	TRANSPORTED_BY	ATP-dependent translocase ABCB1
Estrone sulfate	TRANSPORTED_BY	Organic solute transporter subunit alpha
Estrone sulfate	TRANSPORTED_BY	Organic solute transporter subunit beta
Estrone sulfate	TRANSPORTED_BY	Hepatic sodium/bile acid cotransporter
Estrone sulfate	TRANSPORTED_BY	Organic anion transporter 3
Estrone sulfate	TRANSPORTED_BY	Solute carrier family 22 member 11
Estrone sulfate	TRANSPORTED_BY	Solute carrier family 22 member 20
Estrone sulfate	TRANSPORTED_BY	Solute carrier organic anion transporter family member 1A2
Estrone sulfate	TRANSPORTED_BY	Solute carrier organic anion transporter family member 1B1
Estrone sulfate	TRANSPORTED_BY	Solute carrier organic anion transporter family member 1B3
Estrone sulfate	TRANSPORTED_BY	Solute carrier organic anion transporter family member 2B1
Estrone sulfate	TRANSPORTED_BY	Solute carrier organic anion transporter family member 3A1
Estrone sulfate	TRANSPORTED_BY	Solute carrier organic anion transporter family member 4A1
Estrone sulfate	TRANSPORTED_BY	Solute carrier organic anion transporter family member 4C1
Estrone sulfate	TRANSPORTED_BY	Multidrug and toxin extrusion protein 1
Estrone sulfate	TRANSPORTED_BY	Multidrug and toxin extrusion protein 2
Aldosterone	TRANSPORTED_BY	ATP-dependent translocase ABCB1
Aldosterone	TRANSPORTED_BY	Organic cation/carnitine transporter 2
Aldosterone	TRANSPORTED_BY	Solute carrier organic anion transporter family member 1A2
Uridine	TRANSPORTED_BY	Sodium/nucleoside cotransporter 1
Uridine	TRANSPORTED_BY	Sodium/nucleoside cotransporter 2
Uridine	TRANSPORTED_BY	Equilibrative nucleoside transporter 1
Phthalic Acid	TRANSPORTED_BY	Solute carrier organic anion transporter family member 2B1
S-(Methylmercury)-L-Cysteine	TRANSPORTED_BY	Large neutral amino acids transporter small subunit 1
S-(Methylmercury)-L-Cysteine	TRANSPORTED_BY	Large neutral amino acids transporter small subunit 2
Sucrose	TRANSPORTED_BY	Membrane-associated transporter protein
Sucrose	TRANSPORTED_BY	Solute carrier family 45 member 3
Sucrose	TRANSPORTED_BY	Solute carrier family 45 member 4
Pregnenolone	TRANSPORTED_BY	Sodium-dependent organic anion transporter
D-Proline	TRANSPORTED_BY	Proton-coupled amino acid transporter 1
Piritrexim	TRANSPORTED_BY	Broad substrate specificity ATP-binding cassette transporter ABCG2
Doconexent	TRANSPORTED_BY	Sodium-dependent lysophosphatidylcholine symporter 1
D-Leucine	TRANSPORTED_BY	Large neutral amino acids transporter small subunit 1
D-Leucine	TRANSPORTED_BY	Monocarboxylate transporter 10
Acetoacetic acid	TRANSPORTED_BY	Monocarboxylate transporter 1
Acetoacetic acid	TRANSPORTED_BY	Monocarboxylate transporter 2
Acetoacetic acid	TRANSPORTED_BY	Monocarboxylate transporter 4
Acetoacetic acid	TRANSPORTED_BY	Sodium-coupled monocarboxylate transporter 1
D-Alanine	TRANSPORTED_BY	Monocarboxylate transporter 10
Stanolone	TRANSPORTED_BY	ATP-dependent translocase ABCB1
Corticosterone	TRANSPORTED_BY	ATP-dependent translocase ABCB1
Camptothecin	TRANSPORTED_BY	Broad substrate specificity ATP-binding cassette transporter ABCG2
Camptothecin	TRANSPORTED_BY	ATP-binding cassette sub-family C member 2
Camptothecin	TRANSPORTED_BY	ATP-binding cassette sub-family C member 4
Camptothecin	TRANSPORTED_BY	ATP-dependent translocase ABCB1
Mangafodipir	TRANSPORTED_BY	Natural resistance-associated macrophage protein 2
Pralatrexate	TRANSPORTED_BY	Broad substrate specificity ATP-binding cassette transporter ABCG2
Pralatrexate	TRANSPORTED_BY	ATP-binding cassette sub-family C member 2
Pralatrexate	TRANSPORTED_BY	ATP-binding cassette sub-family C member 3
Pralatrexate	TRANSPORTED_BY	Proton-coupled folate transporter
Pralatrexate	TRANSPORTED_BY	Reduced folate transporter
Pralatrexate	TRANSPORTED_BY	Solute carrier organic anion transporter family member 1B3
alpha-D-quinovopyranose	TRANSPORTED_BY	Monocarboxylate transporter 1
alpha-D-quinovopyranose	TRANSPORTED_BY	Monocarboxylate transporter 2
Phenacetin	TRANSPORTED_BY	Solute carrier family 22 member 6
Mevinolinic acid	TRANSPORTED_BY	ATP-dependent translocase ABCB1
Benzoic acid	TRANSPORTED_BY	Monocarboxylate transporter 1
Benzoic acid	TRANSPORTED_BY	Organic anion transporter 3
Benzoic acid	TRANSPORTED_BY	Solute carrier organic anion transporter family member 2B1
Benzoic acid	TRANSPORTED_BY	Sodium-coupled monocarboxylate transporter 2
Rhodamine 6G	TRANSPORTED_BY	Multidrug resistance-associated protein 1
Rhodamine 6G	TRANSPORTED_BY	ATP-dependent translocase ABCB1
Levoketoconazole	TRANSPORTED_BY	ATP-dependent translocase ABCB1
Levoketoconazole	TRANSPORTED_BY	Solute carrier family 22 member 2
Levoketoconazole	TRANSPORTED_BY	Multidrug and toxin extrusion protein 1
Apremilast	TRANSPORTED_BY	ATP-dependent translocase ABCB1
Potassium chloride	TRANSPORTED_BY	Solute carrier family 12 member 1
Potassium chloride	TRANSPORTED_BY	Solute carrier family 12 member 2
Potassium chloride	TRANSPORTED_BY	Solute carrier family 12 member 4
Potassium chloride	TRANSPORTED_BY	Solute carrier family 12 member 5
Potassium chloride	TRANSPORTED_BY	Solute carrier family 12 member 6
Potassium chloride	TRANSPORTED_BY	Solute carrier family 12 member 7
Potassium chloride	TRANSPORTED_BY	Organic cation/carnitine transporter 2
Irinotecan	TRANSPORTED_BY	Broad substrate specificity ATP-binding cassette transporter ABCG2
Irinotecan	TRANSPORTED_BY	Multidrug resistance-associated protein 1
Irinotecan	TRANSPORTED_BY	ATP-binding cassette sub-family C member 2
Irinotecan	TRANSPORTED_BY	ATP-binding cassette sub-family C member 4
Irinotecan	TRANSPORTED_BY	ATP-binding cassette sub-family C member 5
Irinotecan	TRANSPORTED_BY	ATP-dependent translocase ABCB1
Irinotecan	TRANSPORTED_BY	Solute carrier family 22 member 3
Irinotecan	TRANSPORTED_BY	Solute carrier organic anion transporter family member 1B1
Clavulanic acid	TRANSPORTED_BY	Sodium/glucose cotransporter 1
Olopatadine	TRANSPORTED_BY	ATP-dependent translocase ABCB1
Alprostadil	TRANSPORTED_BY	ATP-binding cassette sub-family C member 4
Alprostadil	TRANSPORTED_BY	ATP-binding cassette sub-family C member 5
Alprostadil	TRANSPORTED_BY	Solute carrier family 22 member 6
Alprostadil	TRANSPORTED_BY	Solute carrier organic anion transporter family member 2A1
Alprostadil	TRANSPORTED_BY	Solute carrier organic anion transporter family member 2B1
Alprostadil	TRANSPORTED_BY	Solute carrier organic anion transporter family member 3A1
Etoposide	TRANSPORTED_BY	Broad substrate specificity ATP-binding cassette transporter ABCG2
Etoposide	TRANSPORTED_BY	Multidrug resistance-associated protein 1
Etoposide	TRANSPORTED_BY	ATP-binding cassette sub-family C member 2
Etoposide	TRANSPORTED_BY	ATP-binding cassette sub-family C member 3
Etoposide	TRANSPORTED_BY	ATP-binding cassette sub-family C member 6
Etoposide	TRANSPORTED_BY	ATP-binding cassette sub-family C member 10
Etoposide	TRANSPORTED_BY	ATP-dependent translocase ABCB1
Etoposide	TRANSPORTED_BY	Solute carrier organic anion transporter family member 1B1
Etoposide	TRANSPORTED_BY	Solute carrier organic anion transporter family member 1B3
Etoposide	TRANSPORTED_BY	Solute carrier organic anion transporter family member 2B1
Hydroflumethiazide	TRANSPORTED_BY	Solute carrier family 22 member 6
Hydroflumethiazide	TRANSPORTED_BY	Organic anion transporter 3
Oxcarbazepine	TRANSPORTED_BY	ATP-dependent translocase ABCB1
Roxithromycin	TRANSPORTED_BY	ATP-dependent translocase ABCB1
Nalidixic acid	TRANSPORTED_BY	Solute carrier family 22 member 6
Polymyxin B	TRANSPORTED_BY	Solute carrier family 15 member 2
Estradiol	TRANSPORTED_BY	Broad substrate specificity ATP-binding cassette transporter ABCG2
Estradiol	TRANSPORTED_BY	ATP-binding cassette sub-family C member 10
Estradiol	TRANSPORTED_BY	ATP-dependent translocase ABCB1
Estradiol	TRANSPORTED_BY	Solute carrier family 22 member 2
Estradiol	TRANSPORTED_BY	Solute carrier family 22 member 3
Estradiol	TRANSPORTED_BY	Organic anion transporter 3
Estradiol	TRANSPORTED_BY	Solute carrier family 22 member 11
Estradiol	TRANSPORTED_BY	Solute carrier organic anion transporter family member 1B1
Estradiol	TRANSPORTED_BY	Solute carrier organic anion transporter family member 1B3
Estradiol	TRANSPORTED_BY	Solute carrier organic anion transporter family member 1C1
Acyclovir	TRANSPORTED_BY	Neutral amino acid transporter B(0)
Acyclovir	TRANSPORTED_BY	Broad substrate specificity ATP-binding cassette transporter ABCG2
Acyclovir	TRANSPORTED_BY	ATP-binding cassette sub-family C member 2
Acyclovir	TRANSPORTED_BY	Ileal sodium/bile acid cotransporter
Acyclovir	TRANSPORTED_BY	Solute carrier family 22 member 1
Acyclovir	TRANSPORTED_BY	Solute carrier family 22 member 6
Acyclovir	TRANSPORTED_BY	Solute carrier family 22 member 7
Acyclovir	TRANSPORTED_BY	Organic anion transporter 3
Acyclovir	TRANSPORTED_BY	Multidrug and toxin extrusion protein 1
Acyclovir	TRANSPORTED_BY	Multidrug and toxin extrusion protein 2
Naproxen	TRANSPORTED_BY	Bile salt export pump
Naproxen	TRANSPORTED_BY	ATP-dependent translocase ABCB1
Naproxen	TRANSPORTED_BY	Solute carrier family 22 member 6
Naproxen	TRANSPORTED_BY	Organic anion transporter 3
Naproxen	TRANSPORTED_BY	Solute carrier organic anion transporter family member 1A2
Perindopril	TRANSPORTED_BY	Solute carrier family 15 member 1
Perindopril	TRANSPORTED_BY	Solute carrier family 15 member 2
Primidone	TRANSPORTED_BY	Transient receptor potential cation channel subfamily M member 3
Sulfasalazine	TRANSPORTED_BY	Broad substrate specificity ATP-binding cassette transporter ABCG2
Sulfasalazine	TRANSPORTED_BY	ATP-binding cassette sub-family C member 2
Sulfasalazine	TRANSPORTED_BY	Hepatic sodium/bile acid cotransporter
Sulfasalazine	TRANSPORTED_BY	Proton-coupled folate transporter
Sulfasalazine	TRANSPORTED_BY	Solute carrier organic anion transporter family member 1B1
Sulfasalazine	TRANSPORTED_BY	Solute carrier organic anion transporter family member 1B3
Sulfasalazine	TRANSPORTED_BY	Solute carrier organic anion transporter family member 2B1
Candesartan cilexetil	TRANSPORTED_BY	ATP-dependent translocase ABCB1
Gentamicin	TRANSPORTED_BY	Low-density lipoprotein receptor-related protein 2
Gentamicin	TRANSPORTED_BY	ATP-binding cassette sub-family C member 2
Gentamicin	TRANSPORTED_BY	Solute carrier family 22 member 2
Alfentanil	TRANSPORTED_BY	ATP-dependent translocase ABCB1
Ribavirin	TRANSPORTED_BY	Solute carrier family 15 member 1
Ribavirin	TRANSPORTED_BY	Sodium/nucleoside cotransporter 2
Ribavirin	TRANSPORTED_BY	Solute carrier family 28 member 3
Ribavirin	TRANSPORTED_BY	Equilibrative nucleoside transporter 1
Phenylbutazone	TRANSPORTED_BY	Solute carrier family 22 member 6
Phenylbutazone	TRANSPORTED_BY	Organic anion transporter 3
Phenylbutazone	TRANSPORTED_BY	Solute carrier family 22 member 11
Fentanyl	TRANSPORTED_BY	ATP-dependent translocase ABCB1
Meloxicam	TRANSPORTED_BY	ATP-binding cassette sub-family C member 4
Propofol	TRANSPORTED_BY	ATP-dependent translocase ABCB1
Acetazolamide	TRANSPORTED_BY	Solute carrier family 22 member 6
Tadalafil	TRANSPORTED_BY	ATP-dependent translocase ABCB1
Carprofen	TRANSPORTED_BY	Solute carrier family 22 member 6
Disulfiram	TRANSPORTED_BY	Bile salt export pump
2-aminoisobutyric acid	TRANSPORTED_BY	Monocarboxylate transporter 10
D-Lactic acid	TRANSPORTED_BY	Monocarboxylate transporter 1
D-Lactic acid	TRANSPORTED_BY	Monocarboxylate transporter 2
D-Lactic acid	TRANSPORTED_BY	Monocarboxylate transporter 4
2-Hydroxyquinoline	TRANSPORTED_BY	Solute carrier organic anion transporter family member 1A2
5-methyltetrahydrofolic acid	TRANSPORTED_BY	ATP-binding cassette sub-family C member 2
Phenolphthalein	TRANSPORTED_BY	ATP-binding cassette sub-family C member 2
D-Tyrosine	TRANSPORTED_BY	Monocarboxylate transporter 10
Phenylpyruvic acid	TRANSPORTED_BY	Monocarboxylate transporter 4
Oxalic Acid	TRANSPORTED_BY	Organic anion transporter 3
Oxalic Acid	TRANSPORTED_BY	Solute carrier organic anion transporter family member 2B1
Urea	TRANSPORTED_BY	Solute carrier organic anion transporter family member 1A2
Urea	TRANSPORTED_BY	Urea transporter 1
Urea	TRANSPORTED_BY	Urea transporter 2
D-Serine	TRANSPORTED_BY	Neutral amino acid transporter B(0)
D-Serine	TRANSPORTED_BY	Monocarboxylate transporter 10
D-Serine	TRANSPORTED_BY	Sodium- and chloride-dependent neutral and basic amino acid transporter B(0+)
D-Serine	TRANSPORTED_BY	Neutral amino acid transporter A
Oxamic Acid	TRANSPORTED_BY	Monocarboxylate transporter 4
Glycolic acid	TRANSPORTED_BY	Monocarboxylate transporter 1
Pidolic acid	TRANSPORTED_BY	Monocarboxylate transporter 1
Tetramethylammonium	TRANSPORTED_BY	Solute carrier family 22 member 1
beta-Alanine	TRANSPORTED_BY	Monocarboxylate transporter 10
beta-Alanine	TRANSPORTED_BY	Sodium- and chloride-dependent GABA transporter 3
beta-Alanine	TRANSPORTED_BY	Sodium- and chloride-dependent GABA transporter 2
beta-Alanine	TRANSPORTED_BY	Sodium- and chloride-dependent taurine transporter
Acetylcholine	TRANSPORTED_BY	Choline transporter-like protein 4
Acetylcholine	TRANSPORTED_BY	Solute carrier family 22 member 1
Acetylcholine	TRANSPORTED_BY	Solute carrier family 22 member 3
Acetylcholine	TRANSPORTED_BY	Organic cation/carnitine transporter 2
Acetylcholine	TRANSPORTED_BY	Vesicular acetylcholine transporter
Phosphoenolpyruvate	TRANSPORTED_BY	Solute carrier organic anion transporter family member 2A1
Uridine diphosphate glucose	TRANSPORTED_BY	Nucleotide sugar transporter SLC35D2
Hyperforin	TRANSPORTED_BY	ATP-binding cassette sub-family C member 2
Hyperforin	TRANSPORTED_BY	Solute carrier organic anion transporter family member 1B1
D-glucose	TRANSPORTED_BY	Solute carrier family 2, facilitated glucose transporter member 10
D-glucose	TRANSPORTED_BY	Solute carrier family 2, facilitated glucose transporter member 11
D-glucose	TRANSPORTED_BY	Solute carrier family 2, facilitated glucose transporter member 12
D-glucose	TRANSPORTED_BY	Solute carrier family 2, facilitated glucose transporter member 1
D-glucose	TRANSPORTED_BY	Solute carrier family 2, facilitated glucose transporter member 2
D-glucose	TRANSPORTED_BY	Solute carrier family 2, facilitated glucose transporter member 3
D-glucose	TRANSPORTED_BY	Solute carrier family 2, facilitated glucose transporter member 5
D-glucose	TRANSPORTED_BY	Solute carrier family 2, facilitated glucose transporter member 6
D-glucose	TRANSPORTED_BY	Solute carrier family 2, facilitated glucose transporter member 7
D-glucose	TRANSPORTED_BY	Solute carrier family 2, facilitated glucose transporter member 9
D-glucose	TRANSPORTED_BY	Solute carrier family 2, facilitated glucose transporter member 4
D-glucose	TRANSPORTED_BY	Sodium/glucose cotransporter 1
D-glucose	TRANSPORTED_BY	Sodium/glucose cotransporter 2
D-glucose	TRANSPORTED_BY	Solute carrier family 2, facilitated glucose transporter member 8
Putrescine	TRANSPORTED_BY	Solute carrier family 22 member 4
Cinoxacin	TRANSPORTED_BY	Solute carrier family 22 member 6
Diazepam	TRANSPORTED_BY	ATP-dependent translocase ABCB1
Trifluoperazine	TRANSPORTED_BY	ATP-dependent translocase ABCB1
Cefaclor	TRANSPORTED_BY	Bile salt export pump
Cefaclor	TRANSPORTED_BY	Solute carrier family 15 member 1
Cefaclor	TRANSPORTED_BY	Solute carrier family 15 member 2
Cefaclor	TRANSPORTED_BY	Solute carrier family 22 member 6
Cefaclor	TRANSPORTED_BY	Organic anion transporter 3
Mifepristone	TRANSPORTED_BY	Bile salt export pump
Mifepristone	TRANSPORTED_BY	Multidrug resistance-associated protein 1
Mifepristone	TRANSPORTED_BY	ATP-dependent translocase ABCB1
Mifepristone	TRANSPORTED_BY	Solute carrier organic anion transporter family member 1B1
Mifepristone	TRANSPORTED_BY	Solute carrier organic anion transporter family member 1B3
Loperamide	TRANSPORTED_BY	ATP-dependent translocase ABCB1
Donepezil	TRANSPORTED_BY	Broad substrate specificity ATP-binding cassette transporter ABCG2
Nalbuphine	TRANSPORTED_BY	ATP-dependent translocase ABCB1
Clofazimine	TRANSPORTED_BY	Broad substrate specificity ATP-binding cassette transporter ABCG2
Clofazimine	TRANSPORTED_BY	Multidrug resistance-associated protein 1
Clofazimine	TRANSPORTED_BY	ATP-dependent translocase ABCB1
Perphenazine	TRANSPORTED_BY	ATP-dependent translocase ABCB1
Perphenazine	TRANSPORTED_BY	Solute carrier family 22 member 1
Pseudoephedrine	TRANSPORTED_BY	Sodium-dependent noradrenaline transporter
Pseudoephedrine	TRANSPORTED_BY	Sodium-dependent dopamine transporter
Pseudoephedrine	TRANSPORTED_BY	Sodium-dependent serotonin transporter
Temozolomide	TRANSPORTED_BY	Broad substrate specificity ATP-binding cassette transporter ABCG2
Temozolomide	TRANSPORTED_BY	ATP-dependent translocase ABCB1
Aminolevulinic acid	TRANSPORTED_BY	Solute carrier family 15 member 1
Aminolevulinic acid	TRANSPORTED_BY	Solute carrier family 15 member 2
Aminolevulinic acid	TRANSPORTED_BY	Proton-coupled amino acid transporter 1
Penicillamine	TRANSPORTED_BY	Solute carrier organic anion transporter family member 1B1
Prednisolone	TRANSPORTED_BY	ATP-dependent translocase ABCB1
Prednisolone	TRANSPORTED_BY	Solute carrier organic anion transporter family member 1A2
Diflunisal	TRANSPORTED_BY	Solute carrier family 22 member 6
Vardenafil	TRANSPORTED_BY	ATP-dependent translocase ABCB1
Ranitidine	TRANSPORTED_BY	ATP-dependent translocase ABCB1
Ranitidine	TRANSPORTED_BY	Solute carrier family 22 member 1
Ranitidine	TRANSPORTED_BY	Solute carrier family 22 member 2
Ranitidine	TRANSPORTED_BY	Organic anion transporter 3
Tacrolimus	TRANSPORTED_BY	Cholesterol transporter ABCA5
Tacrolimus	TRANSPORTED_BY	ATP-dependent translocase ABCB1
Tacrolimus	TRANSPORTED_BY	Solute carrier organic anion transporter family member 1B1
Alprenolol	TRANSPORTED_BY	ATP-dependent translocase ABCB1
Suprofen	TRANSPORTED_BY	Solute carrier family 22 member 12
Terbutaline	TRANSPORTED_BY	Solute carrier family 22 member 1
Terbutaline	TRANSPORTED_BY	Solute carrier family 22 member 2
Terbutaline	TRANSPORTED_BY	Organic cation/carnitine transporter 2
Conivaptan	TRANSPORTED_BY	ATP-dependent translocase ABCB1
Flupentixol	TRANSPORTED_BY	ATP-dependent translocase ABCB1
Eprosartan	TRANSPORTED_BY	ATP-binding cassette sub-family C member 2
Eprosartan	TRANSPORTED_BY	Solute carrier family 15 member 1
Sirolimus	TRANSPORTED_BY	ATP-dependent translocase ABCB1
Sirolimus	TRANSPORTED_BY	Solute carrier organic anion transporter family member 1B1
Sirolimus	TRANSPORTED_BY	Multidrug and toxin extrusion protein 1
Emtricitabine	TRANSPORTED_BY	Multidrug and toxin extrusion protein 1
Chlorothiazide	TRANSPORTED_BY	Broad substrate specificity ATP-binding cassette transporter ABCG2
Chlorothiazide	TRANSPORTED_BY	Solute carrier family 22 member 6
Chlorothiazide	TRANSPORTED_BY	Organic anion transporter 3
Quinapril	TRANSPORTED_BY	Solute carrier family 15 member 1
Quinapril	TRANSPORTED_BY	Solute carrier family 15 member 2
Quinapril	TRANSPORTED_BY	Organic anion transporter 3
Clomifene	TRANSPORTED_BY	ATP-dependent translocase ABCB1
Pemirolast	TRANSPORTED_BY	ATP-binding cassette sub-family C member 2
Pemirolast	TRANSPORTED_BY	ATP-dependent translocase ABCB1
Bumetanide	TRANSPORTED_BY	Monocarboxylate transporter 6
Bumetanide	TRANSPORTED_BY	Hepatic sodium/bile acid cotransporter
Bumetanide	TRANSPORTED_BY	Solute carrier family 12 member 3
Bumetanide	TRANSPORTED_BY	Solute carrier family 22 member 6
Bumetanide	TRANSPORTED_BY	Solute carrier family 22 member 7
Bumetanide	TRANSPORTED_BY	Organic anion transporter 3
Bumetanide	TRANSPORTED_BY	Solute carrier family 22 member 11
Bumetanide	TRANSPORTED_BY	Solute carrier organic anion transporter family member 1A2
Didanosine	TRANSPORTED_BY	Solute carrier family 22 member 6
Didanosine	TRANSPORTED_BY	Sodium/nucleoside cotransporter 2
Didanosine	TRANSPORTED_BY	Equilibrative nucleoside transporter 1
Didanosine	TRANSPORTED_BY	Equilibrative nucleoside transporter 2
Etacrynic acid	TRANSPORTED_BY	Multidrug resistance-associated protein 1
Etacrynic acid	TRANSPORTED_BY	Solute carrier family 22 member 6
Ondansetron	TRANSPORTED_BY	ATP-dependent translocase ABCB1
Cocaine	TRANSPORTED_BY	Solute carrier family 22 member 2
Cocaine	TRANSPORTED_BY	Sodium-dependent dopamine transporter
Quinidine	TRANSPORTED_BY	Bile salt export pump
Quinidine	TRANSPORTED_BY	ATP-binding cassette sub-family C member 2
Quinidine	TRANSPORTED_BY	ATP-dependent translocase ABCB1
Quinidine	TRANSPORTED_BY	Solute carrier family 22 member 1
Quinidine	TRANSPORTED_BY	Solute carrier family 22 member 2
Quinidine	TRANSPORTED_BY	Solute carrier family 22 member 4
Quinidine	TRANSPORTED_BY	Organic cation/carnitine transporter 2
Quinidine	TRANSPORTED_BY	Organic anion transporter 3
Quinidine	TRANSPORTED_BY	Solute carrier organic anion transporter family member 1A2
Quinidine	TRANSPORTED_BY	Solute carrier organic anion transporter family member 1B1
Zonisamide	TRANSPORTED_BY	ATP-dependent translocase ABCB1
Tinidazole	TRANSPORTED_BY	Bile salt export pump
Repaglinide	TRANSPORTED_BY	Bile salt export pump
Repaglinide	TRANSPORTED_BY	Solute carrier organic anion transporter family member 1B1
Phenformin	TRANSPORTED_BY	Solute carrier family 22 member 1
Phenformin	TRANSPORTED_BY	Solute carrier family 22 member 2
Amantadine	TRANSPORTED_BY	Solute carrier family 22 member 1
Amantadine	TRANSPORTED_BY	Solute carrier family 22 member 2
Metronidazole	TRANSPORTED_BY	ATP-dependent translocase ABCB1
Dinoprostone	TRANSPORTED_BY	ATP-binding cassette sub-family C member 2
Dinoprostone	TRANSPORTED_BY	ATP-binding cassette sub-family C member 4
Dinoprostone	TRANSPORTED_BY	ATP-binding cassette sub-family C member 5
Dinoprostone	TRANSPORTED_BY	Organic solute transporter subunit alpha
Dinoprostone	TRANSPORTED_BY	Organic solute transporter subunit beta
Dinoprostone	TRANSPORTED_BY	Solute carrier family 22 member 1
Dinoprostone	TRANSPORTED_BY	Solute carrier family 22 member 2
Dinoprostone	TRANSPORTED_BY	Solute carrier family 22 member 6
Dinoprostone	TRANSPORTED_BY	Solute carrier family 22 member 7
Dinoprostone	TRANSPORTED_BY	Organic anion transporter 3
Dinoprostone	TRANSPORTED_BY	Solute carrier family 22 member 11
Dinoprostone	TRANSPORTED_BY	Solute carrier organic anion transporter family member 1A2
Dinoprostone	TRANSPORTED_BY	Solute carrier organic anion transporter family member 1B1
Dinoprostone	TRANSPORTED_BY	Solute carrier organic anion transporter family member 1C1
Dinoprostone	TRANSPORTED_BY	Solute carrier organic anion transporter family member 2A1
Dinoprostone	TRANSPORTED_BY	Solute carrier organic anion transporter family member 2B1
Dinoprostone	TRANSPORTED_BY	Solute carrier organic anion transporter family member 3A1
Dinoprostone	TRANSPORTED_BY	Solute carrier organic anion transporter family member 4A1
Dinoprostone	TRANSPORTED_BY	Solute carrier organic anion transporter family member 5A1
Buprenorphine	TRANSPORTED_BY	Broad substrate specificity ATP-binding cassette transporter ABCG2
Buprenorphine	TRANSPORTED_BY	ATP-dependent translocase ABCB1
Phenoxybenzamine	TRANSPORTED_BY	Solute carrier family 22 member 1
Phenoxybenzamine	TRANSPORTED_BY	Solute carrier family 22 member 2
Phenoxybenzamine	TRANSPORTED_BY	Solute carrier family 22 member 3
Famotidine	TRANSPORTED_BY	Solute carrier family 22 member 2
Famotidine	TRANSPORTED_BY	Solute carrier family 22 member 6
Famotidine	TRANSPORTED_BY	Organic anion transporter 3
Famotidine	TRANSPORTED_BY	Multidrug and toxin extrusion protein 1
Tipranavir	TRANSPORTED_BY	Bile salt export pump
Tipranavir	TRANSPORTED_BY	ATP-dependent translocase ABCB1
Tipranavir	TRANSPORTED_BY	Solute carrier organic anion transporter family member 1B1
Tipranavir	TRANSPORTED_BY	Solute carrier organic anion transporter family member 1B3
Tipranavir	TRANSPORTED_BY	Solute carrier organic anion transporter family member 2B1
Salicylic acid	TRANSPORTED_BY	Monocarboxylate transporter 1
Salicylic acid	TRANSPORTED_BY	Monocarboxylate transporter 2
Salicylic acid	TRANSPORTED_BY	Probable small intestine urate exporter
Salicylic acid	TRANSPORTED_BY	Solute carrier family 22 member 6
Salicylic acid	TRANSPORTED_BY	Solute carrier family 22 member 7
Salicylic acid	TRANSPORTED_BY	Organic anion transporter 3
Salicylic acid	TRANSPORTED_BY	Solute carrier family 22 member 10
Salicylic acid	TRANSPORTED_BY	Solute carrier family 22 member 11
Salicylic acid	TRANSPORTED_BY	Solute carrier organic anion transporter family member 2B1
Salicylic acid	TRANSPORTED_BY	Sodium-coupled monocarboxylate transporter 2
Salmeterol	TRANSPORTED_BY	Solute carrier family 22 member 1
Salmeterol	TRANSPORTED_BY	Solute carrier family 22 member 2
Salmeterol	TRANSPORTED_BY	Solute carrier family 22 member 3
Meclofenamic acid	TRANSPORTED_BY	Solute carrier family 22 member 6
Meclofenamic acid	TRANSPORTED_BY	Solute carrier organic anion transporter family member 1C1
Zalcitabine	TRANSPORTED_BY	ATP-binding cassette sub-family C member 11
Zalcitabine	TRANSPORTED_BY	Solute carrier family 22 member 6
Zalcitabine	TRANSPORTED_BY	Solute carrier family 22 member 7
Zalcitabine	TRANSPORTED_BY	Equilibrative nucleoside transporter 1
Zalcitabine	TRANSPORTED_BY	Equilibrative nucleoside transporter 2
Acetylsalicylic acid	TRANSPORTED_BY	ATP-dependent translocase ABCB1
Acetylsalicylic acid	TRANSPORTED_BY	Sodium-dependent phosphate transport protein 1
Acetylsalicylic acid	TRANSPORTED_BY	Probable small intestine urate exporter
Acetylsalicylic acid	TRANSPORTED_BY	Solute carrier family 22 member 6
Acetylsalicylic acid	TRANSPORTED_BY	Solute carrier family 22 member 7
Acetylsalicylic acid	TRANSPORTED_BY	Organic anion transporter 3
Phenprocoumon	TRANSPORTED_BY	ATP-dependent translocase ABCB1
Fexofenadine	TRANSPORTED_BY	ATP-binding cassette sub-family C member 2
Fexofenadine	TRANSPORTED_BY	ATP-binding cassette sub-family C member 3
Fexofenadine	TRANSPORTED_BY	ATP-dependent translocase ABCB1
Fexofenadine	TRANSPORTED_BY	Solute carrier family 22 member 1
Fexofenadine	TRANSPORTED_BY	Organic anion transporter 3
Fexofenadine	TRANSPORTED_BY	Solute carrier organic anion transporter family member 1A2
Fexofenadine	TRANSPORTED_BY	Solute carrier organic anion transporter family member 1B1
Fexofenadine	TRANSPORTED_BY	Solute carrier organic anion transporter family member 1B3
Fexofenadine	TRANSPORTED_BY	Solute carrier organic anion transporter family member 2B1
Naratriptan	TRANSPORTED_BY	Solute carrier family 22 member 1
Buformin	TRANSPORTED_BY	Solute carrier family 22 member 1
Zimelidine	TRANSPORTED_BY	ATP-dependent translocase ABCB1
Debrisoquine	TRANSPORTED_BY	ATP-dependent translocase ABCB1
Debrisoquine	TRANSPORTED_BY	Solute carrier family 22 member 1
Ixabepilone	TRANSPORTED_BY	ATP-dependent translocase ABCB1
Roxadustat	TRANSPORTED_BY	Broad substrate specificity ATP-binding cassette transporter ABCG2
Roxadustat	TRANSPORTED_BY	Solute carrier family 22 member 6
Roxadustat	TRANSPORTED_BY	Organic anion transporter 3
Roxadustat	TRANSPORTED_BY	Solute carrier organic anion transporter family member 1B1
Posizolid	TRANSPORTED_BY	Solute carrier organic anion transporter family member 1B1
Biricodar	TRANSPORTED_BY	Multidrug resistance-associated protein 1
Biricodar	TRANSPORTED_BY	ATP-dependent translocase ABCB1
Febuxostat	TRANSPORTED_BY	Broad substrate specificity ATP-binding cassette transporter ABCG2
Dronedarone	TRANSPORTED_BY	ATP-dependent translocase ABCB1
Dronedarone	TRANSPORTED_BY	Solute carrier family 22 member 1
Dronedarone	TRANSPORTED_BY	Solute carrier family 22 member 2
Dronedarone	TRANSPORTED_BY	Organic anion transporter 3
Dronedarone	TRANSPORTED_BY	Solute carrier organic anion transporter family member 1B1
Dronedarone	TRANSPORTED_BY	Solute carrier organic anion transporter family member 1B3
Nilotinib	TRANSPORTED_BY	Broad substrate specificity ATP-binding cassette transporter ABCG2
Nilotinib	TRANSPORTED_BY	ATP-binding cassette sub-family C member 2
Nilotinib	TRANSPORTED_BY	ATP-dependent translocase ABCB1
Nilotinib	TRANSPORTED_BY	Solute carrier organic anion transporter family member 1B1
Nilotinib	TRANSPORTED_BY	Solute carrier organic anion transporter family member 1B3
Nilotinib	TRANSPORTED_BY	UDP-glucuronosyltransferase 1A1
Vildagliptin	TRANSPORTED_BY	ATP-dependent translocase ABCB1
Voacamine	TRANSPORTED_BY	ATP-dependent translocase ABCB1
Elacridar	TRANSPORTED_BY	Broad substrate specificity ATP-binding cassette transporter ABCG2
Elacridar	TRANSPORTED_BY	ATP-dependent translocase ABCB1
Edotecarin	TRANSPORTED_BY	Broad substrate specificity ATP-binding cassette transporter ABCG2
L-homoarginine	TRANSPORTED_BY	Mitochondrial basic amino acids transporter
Trastuzumab emtansine	TRANSPORTED_BY	ATP-dependent translocase ABCB1
Prasterone sulfate	TRANSPORTED_BY	Bile salt export pump
Prasterone sulfate	TRANSPORTED_BY	Broad substrate specificity ATP-binding cassette transporter ABCG2
Prasterone sulfate	TRANSPORTED_BY	Multidrug resistance-associated protein 1
Prasterone sulfate	TRANSPORTED_BY	ATP-binding cassette sub-family C member 2
Prasterone sulfate	TRANSPORTED_BY	ATP-binding cassette sub-family C member 3
Prasterone sulfate	TRANSPORTED_BY	ATP-binding cassette sub-family C member 4
Prasterone sulfate	TRANSPORTED_BY	Organic anion transporter 3
Prasterone sulfate	TRANSPORTED_BY	Solute carrier organic anion transporter family member 1A2
Prasterone sulfate	TRANSPORTED_BY	Solute carrier organic anion transporter family member 1B1
Prasterone sulfate	TRANSPORTED_BY	Solute carrier organic anion transporter family member 1B3
Prasterone sulfate	TRANSPORTED_BY	Solute carrier organic anion transporter family member 2B1
Prasterone sulfate	TRANSPORTED_BY	Sodium-dependent organic anion transporter
Cositecan	TRANSPORTED_BY	Broad substrate specificity ATP-binding cassette transporter ABCG2
Cositecan	TRANSPORTED_BY	Solute carrier organic anion transporter family member 1B1
Abiraterone	TRANSPORTED_BY	Multidrug resistance-associated protein 1
Abiraterone	TRANSPORTED_BY	Solute carrier organic anion transporter family member 1B1
7-Hydroxystaurosporine	TRANSPORTED_BY	Broad substrate specificity ATP-binding cassette transporter ABCG2
Formic acid	TRANSPORTED_BY	Monocarboxylate transporter 4
Taurine	TRANSPORTED_BY	Solute carrier family 15 member 1
Taurine	TRANSPORTED_BY	Proton-coupled amino acid transporter 1
Taurine	TRANSPORTED_BY	Sodium- and chloride-dependent taurine transporter
Coenzyme A	TRANSPORTED_BY	Solute carrier family 25 member 16
Coenzyme A	TRANSPORTED_BY	Peroxisomal membrane protein PMP34
Coenzyme A	TRANSPORTED_BY	Mitochondrial coenzyme A transporter SLC25A42
Staurosporine	TRANSPORTED_BY	ATP-dependent translocase ABCB1
Prostaglandin D2	TRANSPORTED_BY	Solute carrier organic anion transporter family member 2A1
alpha-Ketoisovalerate	TRANSPORTED_BY	Monocarboxylate transporter 1
alpha-Ketoisovalerate	TRANSPORTED_BY	Monocarboxylate transporter 2
alpha-Ketoisovalerate	TRANSPORTED_BY	Monocarboxylate transporter 4
Tricarbonyl(1,10-phenanthroline)rhenium(1+)	TRANSPORTED_BY	ATP-binding cassette sub-family C member 2
Berberine	TRANSPORTED_BY	ATP-dependent translocase ABCB1
Berberine	TRANSPORTED_BY	Solute carrier family 22 member 1
Degraded Cephaloridine	TRANSPORTED_BY	Organic cation/carnitine transporter 2
Degraded Cephaloridine	TRANSPORTED_BY	Solute carrier family 22 member 6
Degraded Cephaloridine	TRANSPORTED_BY	Organic anion transporter 3
Degraded Cephaloridine	TRANSPORTED_BY	Solute carrier family 22 member 11
Ximelagatran	TRANSPORTED_BY	ATP-dependent translocase ABCB1
Flibanserin	TRANSPORTED_BY	ATP-dependent translocase ABCB1
Ceftobiprole	TRANSPORTED_BY	Bile salt export pump
Ceftobiprole	TRANSPORTED_BY	ATP-binding cassette sub-family C member 2
Ceftobiprole	TRANSPORTED_BY	Solute carrier organic anion transporter family member 1B1
Ceftobiprole	TRANSPORTED_BY	Solute carrier organic anion transporter family member 1B3
Lofexidine	TRANSPORTED_BY	ATP-binding cassette sub-family B member 5
Lofexidine	TRANSPORTED_BY	Multidrug and toxin extrusion protein 1
Pirfenidone	TRANSPORTED_BY	ATP-dependent translocase ABCB1
Tecadenoson	TRANSPORTED_BY	Equilibrative nucleoside transporter 1
Tipifarnib	TRANSPORTED_BY	ATP-dependent translocase ABCB1
Belinostat	TRANSPORTED_BY	ATP-dependent translocase ABCB1
Migalastat	TRANSPORTED_BY	Sodium/glucose cotransporter 1
Arimoclomol	TRANSPORTED_BY	Solute carrier family 22 member 2
Arimoclomol	TRANSPORTED_BY	Multidrug and toxin extrusion protein 1
Arimoclomol	TRANSPORTED_BY	Multidrug and toxin extrusion protein 2
Indacaterol	TRANSPORTED_BY	ATP-dependent translocase ABCB1
Indacaterol	TRANSPORTED_BY	Solute carrier family 22 member 1
Rizatriptan	TRANSPORTED_BY	Solute carrier family 22 member 1
Dirithromycin	TRANSPORTED_BY	Broad substrate specificity ATP-binding cassette transporter ABCG2
Norgestimate	TRANSPORTED_BY	ATP-binding cassette sub-family C member 2
Norgestimate	TRANSPORTED_BY	ATP-dependent translocase ABCB1
Carboplatin	TRANSPORTED_BY	Broad substrate specificity ATP-binding cassette transporter ABCG2
Carboplatin	TRANSPORTED_BY	Copper-transporting ATPase 1
Carboplatin	TRANSPORTED_BY	Copper-transporting ATPase 2
Carboplatin	TRANSPORTED_BY	High affinity copper uptake protein 1
Carboplatin	TRANSPORTED_BY	Protein SLC31A2
Carboplatin	TRANSPORTED_BY	ATP-binding cassette sub-family C member 2
Methylprednisolone	TRANSPORTED_BY	ATP-dependent translocase ABCB1
Pindolol	TRANSPORTED_BY	Solute carrier family 22 member 2
Bromfenac	TRANSPORTED_BY	Solute carrier organic anion transporter family member 1B1
Telmisartan	TRANSPORTED_BY	Bile salt export pump
Telmisartan	TRANSPORTED_BY	Broad substrate specificity ATP-binding cassette transporter ABCG2
Telmisartan	TRANSPORTED_BY	ATP-binding cassette sub-family C member 2
Telmisartan	TRANSPORTED_BY	ATP-dependent translocase ABCB1
Telmisartan	TRANSPORTED_BY	Solute carrier organic anion transporter family member 1A2
Telmisartan	TRANSPORTED_BY	Solute carrier organic anion transporter family member 1B3
Telmisartan	TRANSPORTED_BY	Solute carrier organic anion transporter family member 2B1
Desloratadine	TRANSPORTED_BY	ATP-dependent translocase ABCB1
Methyldopa	TRANSPORTED_BY	Solute carrier family 15 member 1
Dactinomycin	TRANSPORTED_BY	Broad substrate specificity ATP-binding cassette transporter ABCG2
Dactinomycin	TRANSPORTED_BY	Multidrug resistance-associated protein 1
Dactinomycin	TRANSPORTED_BY	ATP-binding cassette sub-family C member 6
Dactinomycin	TRANSPORTED_BY	ATP-dependent translocase ABCB1
Dactinomycin	TRANSPORTED_BY	Organic cation/carnitine transporter 2
Azelastine	TRANSPORTED_BY	ATP-dependent translocase ABCB1
Ezetimibe	TRANSPORTED_BY	Bile salt export pump
Ezetimibe	TRANSPORTED_BY	Broad substrate specificity ATP-binding cassette transporter ABCG2
Ezetimibe	TRANSPORTED_BY	ATP-binding cassette sub-family C member 2
Ezetimibe	TRANSPORTED_BY	ATP-binding cassette sub-family C member 3
Ezetimibe	TRANSPORTED_BY	ATP-dependent translocase ABCB1
Ezetimibe	TRANSPORTED_BY	Solute carrier organic anion transporter family member 1B1
Dipyridamole	TRANSPORTED_BY	Bile salt export pump
Dipyridamole	TRANSPORTED_BY	Broad substrate specificity ATP-binding cassette transporter ABCG2
Dipyridamole	TRANSPORTED_BY	ATP-binding cassette sub-family C member 4
Dipyridamole	TRANSPORTED_BY	ATP-binding cassette sub-family C member 5
Dipyridamole	TRANSPORTED_BY	ATP-dependent translocase ABCB1
Dipyridamole	TRANSPORTED_BY	Solute carrier organic anion transporter family member 1B1
Dipyridamole	TRANSPORTED_BY	Solute carrier organic anion transporter family member 1B3
Dipyridamole	TRANSPORTED_BY	Solute carrier organic anion transporter family member 2B1
Telithromycin	TRANSPORTED_BY	ATP-binding cassette sub-family C member 2
Telithromycin	TRANSPORTED_BY	ATP-dependent translocase ABCB1
Telithromycin	TRANSPORTED_BY	Solute carrier organic anion transporter family member 1B1
Telithromycin	TRANSPORTED_BY	Solute carrier organic anion transporter family member 1B3
Ethinylestradiol	TRANSPORTED_BY	Bile salt export pump
Ethinylestradiol	TRANSPORTED_BY	ATP-binding cassette sub-family C member 2
Ethinylestradiol	TRANSPORTED_BY	ATP-dependent translocase ABCB1
Ethinylestradiol	TRANSPORTED_BY	Hepatic sodium/bile acid cotransporter
Ethinylestradiol	TRANSPORTED_BY	Solute carrier organic anion transporter family member 1A2
Lomefloxacin	TRANSPORTED_BY	ATP-binding cassette sub-family C member 2
Lomefloxacin	TRANSPORTED_BY	Organic cation/carnitine transporter 2
Lomefloxacin	TRANSPORTED_BY	Solute carrier organic anion transporter family member 1A2
Formoterol	TRANSPORTED_BY	Solute carrier family 22 member 1
Formoterol	TRANSPORTED_BY	Solute carrier family 22 member 3
Formoterol	TRANSPORTED_BY	Solute carrier family 22 member 4
Formoterol	TRANSPORTED_BY	Organic cation/carnitine transporter 2
Glycopyrronium	TRANSPORTED_BY	Solute carrier family 22 member 2
Glycopyrronium	TRANSPORTED_BY	Multidrug and toxin extrusion protein 1
Cytarabine	TRANSPORTED_BY	ATP-binding cassette sub-family C member 10
Cytarabine	TRANSPORTED_BY	ATP-dependent translocase ABCB1
Cytarabine	TRANSPORTED_BY	Solute carrier family 22 member 1
Cytarabine	TRANSPORTED_BY	Solute carrier family 22 member 4
Cytarabine	TRANSPORTED_BY	Sodium/nucleoside cotransporter 1
Cytarabine	TRANSPORTED_BY	Equilibrative nucleoside transporter 1
Cytarabine	TRANSPORTED_BY	Equilibrative nucleoside transporter 2
Dopamine	TRANSPORTED_BY	POU domain, class 5, transcription factor 1
Dopamine	TRANSPORTED_BY	Solute carrier family 22 member 1
Dopamine	TRANSPORTED_BY	Solute carrier family 22 member 2
Dopamine	TRANSPORTED_BY	Solute carrier family 22 member 3
Dopamine	TRANSPORTED_BY	Organic cation/carnitine transporter 2
Dopamine	TRANSPORTED_BY	Sodium-dependent dopamine transporter
Dopamine	TRANSPORTED_BY	Chromaffin granule amine transporter
Dopamine	TRANSPORTED_BY	Synaptic vesicular amine transporter
Dopamine	TRANSPORTED_BY	Synaptic vesicle glycoprotein 2C
Azathioprine	TRANSPORTED_BY	ATP-dependent translocase ABCB1
Azathioprine	TRANSPORTED_BY	Solute carrier family 28 member 3
Azathioprine	TRANSPORTED_BY	Equilibrative nucleoside transporter 2
Azathioprine	TRANSPORTED_BY	Equilibrative nucleobase transporter 1
Gabapentin	TRANSPORTED_BY	Large neutral amino acids transporter small subunit 1
Gabapentin	TRANSPORTED_BY	Solute carrier family 22 member 2
Gabapentin	TRANSPORTED_BY	Solute carrier family 22 member 4
Doxorubicin	TRANSPORTED_BY	ATP-binding cassette sub-family B member 5
Doxorubicin	TRANSPORTED_BY	Bile salt export pump
Doxorubicin	TRANSPORTED_BY	Broad substrate specificity ATP-binding cassette transporter ABCG2
Doxorubicin	TRANSPORTED_BY	Mitochondrial potassium channel ATP-binding subunit
Doxorubicin	TRANSPORTED_BY	Monocarboxylate transporter 1
Doxorubicin	TRANSPORTED_BY	Multidrug resistance-associated protein 1
Doxorubicin	TRANSPORTED_BY	ATP-binding cassette sub-family C member 2
Doxorubicin	TRANSPORTED_BY	ATP-binding cassette sub-family C member 3
Doxorubicin	TRANSPORTED_BY	ATP-binding cassette sub-family C member 6
Doxorubicin	TRANSPORTED_BY	ATP-binding cassette sub-family C member 10
Doxorubicin	TRANSPORTED_BY	ATP-dependent translocase ABCB1
Doxorubicin	TRANSPORTED_BY	RalA-binding protein 1
Doxorubicin	TRANSPORTED_BY	Solute carrier family 22 member 16
Hydrochlorothiazide	TRANSPORTED_BY	ATP-binding cassette sub-family C member 4
Hydrochlorothiazide	TRANSPORTED_BY	Solute carrier family 22 member 6
Hydrochlorothiazide	TRANSPORTED_BY	Organic anion transporter 3
Hydrochlorothiazide	TRANSPORTED_BY	Solute carrier family 22 member 11
Cyclacillin	TRANSPORTED_BY	Solute carrier family 15 member 1
Cyclacillin	TRANSPORTED_BY	Solute carrier family 15 member 2
Cyclacillin	TRANSPORTED_BY	Organic cation/carnitine transporter 2
Albuterol	TRANSPORTED_BY	Solute carrier family 22 member 1
Ganciclovir	TRANSPORTED_BY	Neutral amino acid transporter B(0)
Ganciclovir	TRANSPORTED_BY	Broad substrate specificity ATP-binding cassette transporter ABCG2
Ganciclovir	TRANSPORTED_BY	ATP-binding cassette sub-family C member 4
Ganciclovir	TRANSPORTED_BY	ATP-binding cassette sub-family C member 5
Ganciclovir	TRANSPORTED_BY	Solute carrier family 22 member 1
Ganciclovir	TRANSPORTED_BY	Solute carrier family 22 member 6
Ganciclovir	TRANSPORTED_BY	Solute carrier family 22 member 7
Ganciclovir	TRANSPORTED_BY	Organic anion transporter 3
Ganciclovir	TRANSPORTED_BY	Multidrug and toxin extrusion protein 1
Ganciclovir	TRANSPORTED_BY	Multidrug and toxin extrusion protein 2
Hydroxyurea	TRANSPORTED_BY	ATP-dependent translocase ABCB1
Hydroxyurea	TRANSPORTED_BY	Solute carrier family 22 member 4
Hydroxyurea	TRANSPORTED_BY	Organic cation/carnitine transporter 2
Hydroxyurea	TRANSPORTED_BY	Solute carrier organic anion transporter family member 1A2
Hydroxyurea	TRANSPORTED_BY	Solute carrier organic anion transporter family member 1B1
Hydroxyurea	TRANSPORTED_BY	Solute carrier organic anion transporter family member 1B3
Hydroxyurea	TRANSPORTED_BY	Urea transporter 1
Hydroxyurea	TRANSPORTED_BY	Urea transporter 2
Letrozole	TRANSPORTED_BY	ATP-dependent translocase ABCB1
Ketoprofen	TRANSPORTED_BY	ATP-binding cassette sub-family C member 4
Ketoprofen	TRANSPORTED_BY	Solute carrier family 22 member 6
Ketoprofen	TRANSPORTED_BY	Solute carrier family 22 member 7
Ketoprofen	TRANSPORTED_BY	Organic anion transporter 3
Ketoprofen	TRANSPORTED_BY	Solute carrier family 22 member 11
Ketoprofen	TRANSPORTED_BY	Solute carrier organic anion transporter family member 1A2
Metyrapone	TRANSPORTED_BY	ATP-binding cassette sub-family C member 3
Sulfamethoxazole	TRANSPORTED_BY	Bile salt export pump
Glyburide	TRANSPORTED_BY	Bile salt export pump
Glyburide	TRANSPORTED_BY	Broad substrate specificity ATP-binding cassette transporter ABCG2
Glyburide	TRANSPORTED_BY	Multidrug resistance-associated protein 1
Glyburide	TRANSPORTED_BY	ATP-binding cassette sub-family C member 2
Glyburide	TRANSPORTED_BY	ATP-binding cassette sub-family C member 3
Glyburide	TRANSPORTED_BY	ATP-dependent translocase ABCB1
Glyburide	TRANSPORTED_BY	Solute carrier family 15 member 1
Glyburide	TRANSPORTED_BY	Solute carrier family 15 member 2
Glyburide	TRANSPORTED_BY	Solute carrier family 22 member 6
Glyburide	TRANSPORTED_BY	Solute carrier family 22 member 7
Glyburide	TRANSPORTED_BY	Solute carrier organic anion transporter family member 1A2
Glyburide	TRANSPORTED_BY	Solute carrier organic anion transporter family member 2B1
Inotuzumab ozogamicin	TRANSPORTED_BY	ATP-dependent translocase ABCB1
Dovitinib	TRANSPORTED_BY	Broad substrate specificity ATP-binding cassette transporter ABCG2
Dovitinib	TRANSPORTED_BY	ATP-binding cassette sub-family C member 3
Dovitinib	TRANSPORTED_BY	ATP-dependent translocase ABCB1
Dovitinib	TRANSPORTED_BY	Solute carrier organic anion transporter family member 1B1
Dovitinib	TRANSPORTED_BY	Solute carrier organic anion transporter family member 1B3
Dovitinib	TRANSPORTED_BY	Solute carrier organic anion transporter family member 2B1
SNS-032	TRANSPORTED_BY	ATP-dependent translocase ABCB1
Quercetin	TRANSPORTED_BY	Broad substrate specificity ATP-binding cassette transporter ABCG2
Quercetin	TRANSPORTED_BY	Solute carrier family 2, facilitated glucose transporter member 1
Quercetin	TRANSPORTED_BY	Choline/ethanolamine transporter FLVCR1
Quercetin	TRANSPORTED_BY	Monocarboxylate transporter 1
Quercetin	TRANSPORTED_BY	Monocarboxylate transporter 2
Quercetin	TRANSPORTED_BY	Multidrug resistance-associated protein 1
Quercetin	TRANSPORTED_BY	ATP-binding cassette sub-family C member 2
Quercetin	TRANSPORTED_BY	ATP-binding cassette sub-family C member 4
Quercetin	TRANSPORTED_BY	ATP-dependent translocase ABCB1
Quercetin	TRANSPORTED_BY	Solute carrier organic anion transporter family member 1B1
Quercetin	TRANSPORTED_BY	Solute carrier organic anion transporter family member 2B1
Asimadoline	TRANSPORTED_BY	ATP-dependent translocase ABCB1
Afatinib	TRANSPORTED_BY	Broad substrate specificity ATP-binding cassette transporter ABCG2
Afatinib	TRANSPORTED_BY	ATP-dependent translocase ABCB1
Levomilnacipran	TRANSPORTED_BY	ATP-dependent translocase ABCB1
Dolutegravir	TRANSPORTED_BY	Broad substrate specificity ATP-binding cassette transporter ABCG2
Dolutegravir	TRANSPORTED_BY	ATP-dependent translocase ABCB1
Dolutegravir	TRANSPORTED_BY	Solute carrier family 22 member 2
Dolutegravir	TRANSPORTED_BY	Solute carrier family 22 member 6
Dolutegravir	TRANSPORTED_BY	Organic anion transporter 3
Dolutegravir	TRANSPORTED_BY	Multidrug and toxin extrusion protein 1
Riociguat	TRANSPORTED_BY	Broad substrate specificity ATP-binding cassette transporter ABCG2
Riociguat	TRANSPORTED_BY	ATP-dependent translocase ABCB1
Sofosbuvir	TRANSPORTED_BY	Broad substrate specificity ATP-binding cassette transporter ABCG2
Sofosbuvir	TRANSPORTED_BY	ATP-dependent translocase ABCB1
Chlorcyclizine	TRANSPORTED_BY	Multidrug resistance-associated protein 1
Isoxicam	TRANSPORTED_BY	ATP-dependent translocase ABCB1
Inositol nicotinate	TRANSPORTED_BY	Sodium-coupled monocarboxylate transporter 1
4-(2-Aminoethyl)Benzenesulfonyl Fluoride	TRANSPORTED_BY	ATP-binding cassette sub-family C member 4
Obeticholic acid	TRANSPORTED_BY	Bile salt export pump
Cariprazine	TRANSPORTED_BY	ATP-dependent translocase ABCB1
Trofinetide	TRANSPORTED_BY	Solute carrier organic anion transporter family member 1B1
Trofinetide	TRANSPORTED_BY	Solute carrier organic anion transporter family member 1B3
Tirbanibulin	TRANSPORTED_BY	Solute carrier family 22 member 1
Tirbanibulin	TRANSPORTED_BY	Solute carrier family 22 member 2
Tirbanibulin	TRANSPORTED_BY	Solute carrier organic anion transporter family member 1B1
Tirbanibulin	TRANSPORTED_BY	Solute carrier organic anion transporter family member 1B3
Tirbanibulin	TRANSPORTED_BY	Multidrug and toxin extrusion protein 1
Tirbanibulin	TRANSPORTED_BY	Multidrug and toxin extrusion protein 2
Acetylcysteine	TRANSPORTED_BY	Solute carrier family 22 member 6
Acetylcysteine	TRANSPORTED_BY	Solute carrier organic anion transporter family member 1B1
Rubitecan	TRANSPORTED_BY	ATP-binding cassette sub-family C member 4
Romidepsin	TRANSPORTED_BY	Bile salt export pump
Romidepsin	TRANSPORTED_BY	ATP-dependent translocase ABCB1
Romidepsin	TRANSPORTED_BY	Solute carrier family 22 member 2
Romidepsin	TRANSPORTED_BY	Solute carrier family 22 member 6
Romidepsin	TRANSPORTED_BY	Solute carrier organic anion transporter family member 1B1
Romidepsin	TRANSPORTED_BY	Solute carrier organic anion transporter family member 1B3
Pretomanid	TRANSPORTED_BY	Organic anion transporter 3
Elafibranor	TRANSPORTED_BY	Bile salt export pump
Elafibranor	TRANSPORTED_BY	Broad substrate specificity ATP-binding cassette transporter ABCG2
Elafibranor	TRANSPORTED_BY	ATP-binding cassette sub-family C member 2
Elafibranor	TRANSPORTED_BY	ATP-binding cassette sub-family C member 3
Cobimetinib	TRANSPORTED_BY	Broad substrate specificity ATP-binding cassette transporter ABCG2
Cobimetinib	TRANSPORTED_BY	ATP-dependent translocase ABCB1
Cobimetinib	TRANSPORTED_BY	Solute carrier organic anion transporter family member 1B1
Cobimetinib	TRANSPORTED_BY	Solute carrier organic anion transporter family member 1B3
Oxypurinol	TRANSPORTED_BY	Solute carrier family 22 member 12
Etilefrine	TRANSPORTED_BY	Solute carrier family 22 member 3
Diosmin	TRANSPORTED_BY	ATP-dependent translocase ABCB1
Diosmin	TRANSPORTED_BY	Solute carrier organic anion transporter family member 1B1
Diosmin	TRANSPORTED_BY	Solute carrier organic anion transporter family member 1B3
Diosmin	TRANSPORTED_BY	Solute carrier organic anion transporter family member 2B1
Cefaloridine	TRANSPORTED_BY	Solute carrier family 15 member 1
Cefaloridine	TRANSPORTED_BY	Solute carrier family 22 member 6
Cefaloridine	TRANSPORTED_BY	Organic anion transporter 3
Aliskiren	TRANSPORTED_BY	ATP-dependent translocase ABCB1
Aliskiren	TRANSPORTED_BY	Solute carrier organic anion transporter family member 2B1
Ledipasvir	TRANSPORTED_BY	Broad substrate specificity ATP-binding cassette transporter ABCG2
Ledipasvir	TRANSPORTED_BY	ATP-dependent translocase ABCB1
Vorapaxar	TRANSPORTED_BY	ATP-dependent translocase ABCB1
Suvorexant	TRANSPORTED_BY	ATP-dependent translocase ABCB1
Empagliflozin	TRANSPORTED_BY	Broad substrate specificity ATP-binding cassette transporter ABCG2
Empagliflozin	TRANSPORTED_BY	ATP-dependent translocase ABCB1
Empagliflozin	TRANSPORTED_BY	Organic anion transporter 3
Empagliflozin	TRANSPORTED_BY	Solute carrier organic anion transporter family member 1B1
Empagliflozin	TRANSPORTED_BY	Solute carrier organic anion transporter family member 1B3
Eliglustat	TRANSPORTED_BY	ATP-dependent translocase ABCB1
Netupitant	TRANSPORTED_BY	ATP-dependent translocase ABCB1
Naloxegol	TRANSPORTED_BY	ATP-dependent translocase ABCB1
Ibrutinib	TRANSPORTED_BY	ATP-dependent translocase ABCB1
Idelalisib	TRANSPORTED_BY	Broad substrate specificity ATP-binding cassette transporter ABCG2
Idelalisib	TRANSPORTED_BY	ATP-dependent translocase ABCB1
Idelalisib	TRANSPORTED_BY	Solute carrier organic anion transporter family member 1B1
Idelalisib	TRANSPORTED_BY	Solute carrier organic anion transporter family member 1B3
Avibactam	TRANSPORTED_BY	ATP-binding cassette sub-family C member 2
Avibactam	TRANSPORTED_BY	Organic anion transporter 3
Cannabidiol	TRANSPORTED_BY	Broad substrate specificity ATP-binding cassette transporter ABCG2
Cannabidiol	TRANSPORTED_BY	Multidrug resistance-associated protein 1
Cannabidiol	TRANSPORTED_BY	ATP-dependent translocase ABCB1
Cannabidiol	TRANSPORTED_BY	Equilibrative nucleoside transporter 1
Ceritinib	TRANSPORTED_BY	ATP-dependent translocase ABCB1
Cobicistat	TRANSPORTED_BY	Broad substrate specificity ATP-binding cassette transporter ABCG2
Cobicistat	TRANSPORTED_BY	ATP-dependent translocase ABCB1
Cobicistat	TRANSPORTED_BY	Solute carrier organic anion transporter family member 1B1
Cobicistat	TRANSPORTED_BY	Solute carrier organic anion transporter family member 1B3
Palbociclib	TRANSPORTED_BY	Broad substrate specificity ATP-binding cassette transporter ABCG2
Palbociclib	TRANSPORTED_BY	ATP-dependent translocase ABCB1
Palbociclib	TRANSPORTED_BY	Solute carrier family 22 member 1
Olaparib	TRANSPORTED_BY	Broad substrate specificity ATP-binding cassette transporter ABCG2
Olaparib	TRANSPORTED_BY	ATP-dependent translocase ABCB1
Edoxaban	TRANSPORTED_BY	ATP-dependent translocase ABCB1
Umeclidinium	TRANSPORTED_BY	ATP-dependent translocase ABCB1
Umeclidinium	TRANSPORTED_BY	Solute carrier family 22 member 1
Umeclidinium	TRANSPORTED_BY	Solute carrier family 22 member 2
Lenvatinib	TRANSPORTED_BY	Bile salt export pump
Lenvatinib	TRANSPORTED_BY	Broad substrate specificity ATP-binding cassette transporter ABCG2
Lenvatinib	TRANSPORTED_BY	ATP-dependent translocase ABCB1
Lenvatinib	TRANSPORTED_BY	Solute carrier family 22 member 2
Lenvatinib	TRANSPORTED_BY	Solute carrier family 22 member 6
Lenvatinib	TRANSPORTED_BY	Organic anion transporter 3
Lenvatinib	TRANSPORTED_BY	Solute carrier organic anion transporter family member 1B1
Lenvatinib	TRANSPORTED_BY	Solute carrier organic anion transporter family member 1B3
Nintedanib	TRANSPORTED_BY	Broad substrate specificity ATP-binding cassette transporter ABCG2
Nintedanib	TRANSPORTED_BY	ATP-dependent translocase ABCB1
Nintedanib	TRANSPORTED_BY	Solute carrier family 22 member 1
Vilanterol	TRANSPORTED_BY	ATP-dependent translocase ABCB1
Somatostatin	TRANSPORTED_BY	ATP-dependent translocase ABCB1
Thyroid, porcine	TRANSPORTED_BY	Large neutral amino acids transporter small subunit 1
Thyroid, porcine	TRANSPORTED_BY	Monocarboxylate transporter 8
Thyroid, porcine	TRANSPORTED_BY	Hepatic sodium/bile acid cotransporter
Thyroid, porcine	TRANSPORTED_BY	Solute carrier organic anion transporter family member 1C1
Thyroid, porcine	TRANSPORTED_BY	Solute carrier organic anion transporter family member 3A1
Thyroid, porcine	TRANSPORTED_BY	Solute carrier organic anion transporter family member 4A1
Daclatasvir	TRANSPORTED_BY	Broad substrate specificity ATP-binding cassette transporter ABCG2
Daclatasvir	TRANSPORTED_BY	ATP-dependent translocase ABCB1
Daclatasvir	TRANSPORTED_BY	Solute carrier organic anion transporter family member 1B1
Daclatasvir	TRANSPORTED_BY	Solute carrier organic anion transporter family member 1B3
Seliciclib	TRANSPORTED_BY	ATP-dependent translocase ABCB1
Atrasentan	TRANSPORTED_BY	Solute carrier organic anion transporter family member 1A2
Atrasentan	TRANSPORTED_BY	Solute carrier organic anion transporter family member 1B1
Atrasentan	TRANSPORTED_BY	Solute carrier organic anion transporter family member 1B3
Silodosin	TRANSPORTED_BY	ATP-dependent translocase ABCB1
Silodosin	TRANSPORTED_BY	Phosphatidylcholine translocator ABCB4
Eltrombopag	TRANSPORTED_BY	Broad substrate specificity ATP-binding cassette transporter ABCG2
Eltrombopag	TRANSPORTED_BY	Solute carrier organic anion transporter family member 1B1
Doripenem	TRANSPORTED_BY	Organic anion transporter 3
Tolvaptan	TRANSPORTED_BY	ATP-dependent translocase ABCB1
Rivaroxaban	TRANSPORTED_BY	Broad substrate specificity ATP-binding cassette transporter ABCG2
Rivaroxaban	TRANSPORTED_BY	ATP-dependent translocase ABCB1
Maribavir	TRANSPORTED_BY	Broad substrate specificity ATP-binding cassette transporter ABCG2
Maribavir	TRANSPORTED_BY	ATP-dependent translocase ABCB1
Avanafil	TRANSPORTED_BY	Broad substrate specificity ATP-binding cassette transporter ABCG2
Avanafil	TRANSPORTED_BY	ATP-dependent translocase ABCB1
Tariquidar	TRANSPORTED_BY	ATP-dependent translocase ABCB1
Droxidopa	TRANSPORTED_BY	Monocarboxylate transporter 10
Droxidopa	TRANSPORTED_BY	Sodium-dependent noradrenaline transporter
Amrubicin	TRANSPORTED_BY	ATP-binding cassette sub-family B member 5
Vandetanib	TRANSPORTED_BY	Broad substrate specificity ATP-binding cassette transporter ABCG2
Vandetanib	TRANSPORTED_BY	Multidrug resistance-associated protein 1
Vandetanib	TRANSPORTED_BY	ATP-dependent translocase ABCB1
Vandetanib	TRANSPORTED_BY	Solute carrier family 22 member 2
Vandetanib	TRANSPORTED_BY	Solute carrier organic anion transporter family member 1B1
Vandetanib	TRANSPORTED_BY	Solute carrier organic anion transporter family member 1B3
Dexlansoprazole	TRANSPORTED_BY	ATP-dependent translocase ABCB1
Histamine	TRANSPORTED_BY	Solute carrier family 22 member 1
Histamine	TRANSPORTED_BY	Solute carrier family 22 member 2
Histamine	TRANSPORTED_BY	Solute carrier family 22 member 3
Histamine	TRANSPORTED_BY	Organic cation/carnitine transporter 2
Histamine	TRANSPORTED_BY	Equilibrative nucleoside transporter 4
Histamine	TRANSPORTED_BY	Chromaffin granule amine transporter
Histamine	TRANSPORTED_BY	Synaptic vesicular amine transporter
Iodine	TRANSPORTED_BY	Pendrin
Iodine	TRANSPORTED_BY	Sodium/iodide cotransporter
Pimagedine	TRANSPORTED_BY	Solute carrier family 22 member 2
Levocetirizine	TRANSPORTED_BY	Solute carrier family 22 member 11
Temsirolimus	TRANSPORTED_BY	ATP-dependent translocase ABCB1
Amisulpride	TRANSPORTED_BY	Broad substrate specificity ATP-binding cassette transporter ABCG2
Amisulpride	TRANSPORTED_BY	ATP-dependent translocase ABCB1
Amisulpride	TRANSPORTED_BY	Solute carrier family 22 member 1
Amisulpride	TRANSPORTED_BY	Multidrug and toxin extrusion protein 1
Amisulpride	TRANSPORTED_BY	Multidrug and toxin extrusion protein 2
Simeprevir	TRANSPORTED_BY	Bile salt export pump
Simeprevir	TRANSPORTED_BY	Broad substrate specificity ATP-binding cassette transporter ABCG2
Simeprevir	TRANSPORTED_BY	ATP-binding cassette sub-family C member 2
Simeprevir	TRANSPORTED_BY	ATP-dependent translocase ABCB1
Simeprevir	TRANSPORTED_BY	Hepatic sodium/bile acid cotransporter
Simeprevir	TRANSPORTED_BY	Solute carrier organic anion transporter family member 1B1
Simeprevir	TRANSPORTED_BY	Solute carrier organic anion transporter family member 1B3
Simeprevir	TRANSPORTED_BY	Solute carrier organic anion transporter family member 2B1
Dapagliflozin	TRANSPORTED_BY	ATP-dependent translocase ABCB1
Saxagliptin	TRANSPORTED_BY	Multidrug resistance-associated protein 1
Saxagliptin	TRANSPORTED_BY	ATP-dependent translocase ABCB1
Saxagliptin	TRANSPORTED_BY	Organic anion transporter 3
Saxagliptin	TRANSPORTED_BY	Solute carrier organic anion transporter family member 4C1
Becatecarin	TRANSPORTED_BY	Broad substrate specificity ATP-binding cassette transporter ABCG2
Elacestrant	TRANSPORTED_BY	Broad substrate specificity ATP-binding cassette transporter ABCG2
Elacestrant	TRANSPORTED_BY	ATP-dependent translocase ABCB1
Elacestrant	TRANSPORTED_BY	Solute carrier organic anion transporter family member 2B1
Ambrisentan	TRANSPORTED_BY	ATP-dependent translocase ABCB1
Ambrisentan	TRANSPORTED_BY	Solute carrier organic anion transporter family member 1B1
Ambrisentan	TRANSPORTED_BY	Solute carrier organic anion transporter family member 1B3
Morphine glucuronide	TRANSPORTED_BY	ATP-dependent translocase ABCB1
Etravirine	TRANSPORTED_BY	ATP-binding cassette sub-family C member 3
Etravirine	TRANSPORTED_BY	ATP-dependent translocase ABCB1
Etravirine	TRANSPORTED_BY	Phosphatidylcholine translocator ABCB4
Cethromycin	TRANSPORTED_BY	ATP-dependent translocase ABCB1
Annamycin	TRANSPORTED_BY	ATP-dependent translocase ABCB1
Stiripentol	TRANSPORTED_BY	Broad substrate specificity ATP-binding cassette transporter ABCG2
Stiripentol	TRANSPORTED_BY	ATP-dependent translocase ABCB1
Eslicarbazepine acetate	TRANSPORTED_BY	ATP-dependent translocase ABCB1
Brexpiprazole	TRANSPORTED_BY	Multidrug and toxin extrusion protein 2
Brexpiprazole	TRANSPORTED_BY	Sodium-dependent dopamine transporter
Copper	TRANSPORTED_BY	Copper-transporting ATPase 1
Copper	TRANSPORTED_BY	Copper-transporting ATPase 2
Copper	TRANSPORTED_BY	High affinity copper uptake protein 1
Copper	TRANSPORTED_BY	Protein SLC31A2
Copper	TRANSPORTED_BY	Natural resistance-associated macrophage protein 2
Technetium Tc-99m mebrofenin	TRANSPORTED_BY	Solute carrier organic anion transporter family member 1B1
Technetium Tc-99m mebrofenin	TRANSPORTED_BY	Solute carrier organic anion transporter family member 1B3
Sincalide	TRANSPORTED_BY	Solute carrier organic anion transporter family member 1B3
Sodium chloride	TRANSPORTED_BY	Solute carrier family 12 member 1
Sodium chloride	TRANSPORTED_BY	Solute carrier family 12 member 2
Sodium chloride	TRANSPORTED_BY	Solute carrier family 22 member 3
Sodium citrate	TRANSPORTED_BY	Mitochondrial 2-oxodicarboxylate carrier
Sodium citrate	TRANSPORTED_BY	Solute carrier family 13 member 2
Sodium citrate	TRANSPORTED_BY	Na(+)/citrate cotransporter
Sodium citrate	TRANSPORTED_BY	Tricarboxylate transport protein, mitochondrial
Technetium Tc-99m sestamibi	TRANSPORTED_BY	Multidrug resistance-associated protein 1
Technetium Tc-99m sestamibi	TRANSPORTED_BY	ATP-dependent translocase ABCB1
Dasabuvir	TRANSPORTED_BY	ATP-binding cassette sub-family B member 5
Dasabuvir	TRANSPORTED_BY	Broad substrate specificity ATP-binding cassette transporter ABCG2
Dasabuvir	TRANSPORTED_BY	ATP-dependent translocase ABCB1
Viloxazine	TRANSPORTED_BY	Multidrug and toxin extrusion protein 1
Etoperidone	TRANSPORTED_BY	Sodium-dependent noradrenaline transporter
Etoperidone	TRANSPORTED_BY	Sodium-dependent dopamine transporter
Etoperidone	TRANSPORTED_BY	Sodium-dependent serotonin transporter
Lobeglitazone	TRANSPORTED_BY	ATP-dependent translocase ABCB1
Lobeglitazone	TRANSPORTED_BY	Solute carrier organic anion transporter family member 1B1
Lobeglitazone	TRANSPORTED_BY	Solute carrier organic anion transporter family member 3A1
Dexibuprofen	TRANSPORTED_BY	Multidrug resistance-associated protein 1
Dexibuprofen	TRANSPORTED_BY	ATP-binding cassette sub-family C member 4
Dexibuprofen	TRANSPORTED_BY	ATP-dependent translocase ABCB1
Dexibuprofen	TRANSPORTED_BY	Solute carrier family 22 member 6
Dexibuprofen	TRANSPORTED_BY	Organic anion transporter 3
Dexibuprofen	TRANSPORTED_BY	Solute carrier family 22 member 11
Dexibuprofen	TRANSPORTED_BY	Solute carrier organic anion transporter family member 1A2
Dexibuprofen	TRANSPORTED_BY	Solute carrier organic anion transporter family member 2B1
Levamlodipine	TRANSPORTED_BY	ATP-dependent translocase ABCB1
Levamlodipine	TRANSPORTED_BY	Ileal sodium/bile acid cotransporter
Levamlodipine	TRANSPORTED_BY	Organic cation/carnitine transporter 2
Niguldipine	TRANSPORTED_BY	ATP-dependent translocase ABCB1
Methylene blue	TRANSPORTED_BY	ATP-dependent translocase ABCB1
Methylene blue	TRANSPORTED_BY	Solute carrier family 22 member 2
Methylene blue	TRANSPORTED_BY	Multidrug and toxin extrusion protein 1
Methylene blue	TRANSPORTED_BY	Multidrug and toxin extrusion protein 2
Chloramphenicol succinate	TRANSPORTED_BY	ATP-dependent translocase ABCB1
Acetic acid	TRANSPORTED_BY	Monocarboxylate transporter 1
Acetic acid	TRANSPORTED_BY	Solute carrier organic anion transporter family member 2B1
Tubercidin	TRANSPORTED_BY	Equilibrative nucleoside transporter 3
Valspodar	TRANSPORTED_BY	ATP-dependent translocase ABCB1
Valspodar	TRANSPORTED_BY	Solute carrier organic anion transporter family member 1B1
Valspodar	TRANSPORTED_BY	Solute carrier organic anion transporter family member 1B3
Infigratinib	TRANSPORTED_BY	Bile salt export pump
Infigratinib	TRANSPORTED_BY	Broad substrate specificity ATP-binding cassette transporter ABCG2
Infigratinib	TRANSPORTED_BY	ATP-dependent translocase ABCB1
Infigratinib	TRANSPORTED_BY	Solute carrier family 22 member 1
Infigratinib	TRANSPORTED_BY	Solute carrier family 22 member 2
Infigratinib	TRANSPORTED_BY	Solute carrier organic anion transporter family member 1B1
Infigratinib	TRANSPORTED_BY	Solute carrier organic anion transporter family member 1B3
Infigratinib	TRANSPORTED_BY	Multidrug and toxin extrusion protein 1
Infigratinib	TRANSPORTED_BY	Multidrug and toxin extrusion protein 2
Apalutamide	TRANSPORTED_BY	Broad substrate specificity ATP-binding cassette transporter ABCG2
Apalutamide	TRANSPORTED_BY	ATP-dependent translocase ABCB1
Apalutamide	TRANSPORTED_BY	Solute carrier family 22 member 2
Apalutamide	TRANSPORTED_BY	Organic anion transporter 3
Apalutamide	TRANSPORTED_BY	Solute carrier organic anion transporter family member 1B1
Apalutamide	TRANSPORTED_BY	Multidrug and toxin extrusion protein 1
Apalutamide	TRANSPORTED_BY	Multidrug and toxin extrusion protein 2
Deflazacort	TRANSPORTED_BY	ATP-dependent translocase ABCB1
Bempedoic acid	TRANSPORTED_BY	ATP-binding cassette sub-family C member 3
Bempedoic acid	TRANSPORTED_BY	Solute carrier organic anion transporter family member 1B1
Bempedoic acid	TRANSPORTED_BY	Solute carrier organic anion transporter family member 1B3
Selinexor	TRANSPORTED_BY	Solute carrier organic anion transporter family member 1B3
Delafloxacin	TRANSPORTED_BY	ATP-binding cassette sub-family B member 5
Delafloxacin	TRANSPORTED_BY	Broad substrate specificity ATP-binding cassette transporter ABCG2
Lemborexant	TRANSPORTED_BY	ATP-dependent translocase ABCB1
Duvelisib	TRANSPORTED_BY	Broad substrate specificity ATP-binding cassette transporter ABCG2
Duvelisib	TRANSPORTED_BY	ATP-dependent translocase ABCB1
Dacomitinib	TRANSPORTED_BY	Broad substrate specificity ATP-binding cassette transporter ABCG2
Dacomitinib	TRANSPORTED_BY	ATP-dependent translocase ABCB1
Dacomitinib	TRANSPORTED_BY	Solute carrier family 22 member 1
SJG-136	TRANSPORTED_BY	Broad substrate specificity ATP-binding cassette transporter ABCG2
Phenylacetic acid	TRANSPORTED_BY	Monocarboxylate transporter 3
Ubidecarenone	TRANSPORTED_BY	ATP-dependent translocase ABCB1
Eluxadoline	TRANSPORTED_BY	ATP-binding cassette sub-family C member 2
Eluxadoline	TRANSPORTED_BY	Organic anion transporter 3
Eluxadoline	TRANSPORTED_BY	Solute carrier organic anion transporter family member 1B1
Artesunate	TRANSPORTED_BY	Broad substrate specificity ATP-binding cassette transporter ABCG2
Artesunate	TRANSPORTED_BY	ATP-dependent translocase ABCB1
Artesunate	TRANSPORTED_BY	Organic anion transporter 3
Artesunate	TRANSPORTED_BY	Solute carrier organic anion transporter family member 1B1
Fimasartan	TRANSPORTED_BY	Broad substrate specificity ATP-binding cassette transporter ABCG2
Fimasartan	TRANSPORTED_BY	Solute carrier organic anion transporter family member 1B1
Lumacaftor	TRANSPORTED_BY	ATP-dependent translocase ABCB1
Polyethylene glycol	TRANSPORTED_BY	ATP-dependent translocase ABCB1
Ramosetron	TRANSPORTED_BY	ATP-dependent translocase ABCB1
Rolapitant	TRANSPORTED_BY	Broad substrate specificity ATP-binding cassette transporter ABCG2
Rolapitant	TRANSPORTED_BY	ATP-dependent translocase ABCB1
Sacubitril	TRANSPORTED_BY	Solute carrier organic anion transporter family member 1B1
Sacubitril	TRANSPORTED_BY	Solute carrier organic anion transporter family member 1B3
Ombitasvir	TRANSPORTED_BY	Broad substrate specificity ATP-binding cassette transporter ABCG2
Ombitasvir	TRANSPORTED_BY	ATP-dependent translocase ABCB1
Paritaprevir	TRANSPORTED_BY	Broad substrate specificity ATP-binding cassette transporter ABCG2
Paritaprevir	TRANSPORTED_BY	ATP-dependent translocase ABCB1
Paritaprevir	TRANSPORTED_BY	Solute carrier organic anion transporter family member 1B1
Paritaprevir	TRANSPORTED_BY	Solute carrier organic anion transporter family member 1B3
Silibinin	TRANSPORTED_BY	Solute carrier family 22 member 6
Silibinin	TRANSPORTED_BY	Solute carrier organic anion transporter family member 1B1
Silibinin	TRANSPORTED_BY	Solute carrier organic anion transporter family member 1B3
Silibinin	TRANSPORTED_BY	Solute carrier organic anion transporter family member 2B1
Tenofovir alafenamide	TRANSPORTED_BY	Broad substrate specificity ATP-binding cassette transporter ABCG2
Tenofovir alafenamide	TRANSPORTED_BY	ATP-binding cassette sub-family C member 4
Tenofovir alafenamide	TRANSPORTED_BY	ATP-dependent translocase ABCB1
Tenofovir alafenamide	TRANSPORTED_BY	Solute carrier family 22 member 6
Tenofovir alafenamide	TRANSPORTED_BY	Organic anion transporter 3
Tenofovir alafenamide	TRANSPORTED_BY	Solute carrier organic anion transporter family member 1B1
Tenofovir alafenamide	TRANSPORTED_BY	Solute carrier organic anion transporter family member 1B3
Puromycin	TRANSPORTED_BY	Broad substrate specificity ATP-binding cassette transporter ABCG2
Puromycin	TRANSPORTED_BY	ATP-dependent translocase ABCB1
Binimetinib	TRANSPORTED_BY	Broad substrate specificity ATP-binding cassette transporter ABCG2
Binimetinib	TRANSPORTED_BY	ATP-dependent translocase ABCB1
Glasdegib	TRANSPORTED_BY	Broad substrate specificity ATP-binding cassette transporter ABCG2
Glasdegib	TRANSPORTED_BY	ATP-dependent translocase ABCB1
Glasdegib	TRANSPORTED_BY	Multidrug and toxin extrusion protein 1
Glasdegib	TRANSPORTED_BY	Multidrug and toxin extrusion protein 2
Elagolix	TRANSPORTED_BY	ATP-dependent translocase ABCB1
Elagolix	TRANSPORTED_BY	Solute carrier organic anion transporter family member 1B1
Entrectinib	TRANSPORTED_BY	ATP-dependent translocase ABCB1
Avatrombopag	TRANSPORTED_BY	Broad substrate specificity ATP-binding cassette transporter ABCG2
Avatrombopag	TRANSPORTED_BY	ATP-dependent translocase ABCB1
Avatrombopag	TRANSPORTED_BY	Organic anion transporter 3
Abemaciclib	TRANSPORTED_BY	Broad substrate specificity ATP-binding cassette transporter ABCG2
Abemaciclib	TRANSPORTED_BY	ATP-dependent translocase ABCB1
Abemaciclib	TRANSPORTED_BY	Solute carrier family 22 member 2
Abemaciclib	TRANSPORTED_BY	Multidrug and toxin extrusion protein 1
Abemaciclib	TRANSPORTED_BY	Multidrug and toxin extrusion protein 2
Nirogacestat	TRANSPORTED_BY	ATP-dependent translocase ABCB1
Fostamatinib	TRANSPORTED_BY	ATP-binding cassette sub-family B member 5
Fostamatinib	TRANSPORTED_BY	Broad substrate specificity ATP-binding cassette transporter ABCG2
Alpelisib	TRANSPORTED_BY	Broad substrate specificity ATP-binding cassette transporter ABCG2
Alpelisib	TRANSPORTED_BY	ATP-dependent translocase ABCB1
Tecovirimat	TRANSPORTED_BY	Broad substrate specificity ATP-binding cassette transporter ABCG2
Voxilaprevir	TRANSPORTED_BY	Broad substrate specificity ATP-binding cassette transporter ABCG2
Voxilaprevir	TRANSPORTED_BY	ATP-dependent translocase ABCB1
Voxilaprevir	TRANSPORTED_BY	Solute carrier organic anion transporter family member 1B1
Voxilaprevir	TRANSPORTED_BY	Solute carrier organic anion transporter family member 1B3
Sarecycline	TRANSPORTED_BY	ATP-dependent translocase ABCB1
Epicatechin	TRANSPORTED_BY	ATP-binding cassette sub-family C member 2
BQ-123	TRANSPORTED_BY	ATP-binding cassette sub-family C member 2
BQ-123	TRANSPORTED_BY	Solute carrier organic anion transporter family member 1A2
BQ-123	TRANSPORTED_BY	Solute carrier organic anion transporter family member 1B1
BQ-123	TRANSPORTED_BY	Solute carrier organic anion transporter family member 1B3
Letermovir	TRANSPORTED_BY	Bile salt export pump
Letermovir	TRANSPORTED_BY	Broad substrate specificity ATP-binding cassette transporter ABCG2
Letermovir	TRANSPORTED_BY	ATP-binding cassette sub-family C member 2
Letermovir	TRANSPORTED_BY	ATP-dependent translocase ABCB1
Letermovir	TRANSPORTED_BY	Organic anion transporter 3
Letermovir	TRANSPORTED_BY	Solute carrier organic anion transporter family member 1B1
Letermovir	TRANSPORTED_BY	Solute carrier organic anion transporter family member 1B3
Telotristat ethyl	TRANSPORTED_BY	ATP-dependent translocase ABCB1
Lonafarnib	TRANSPORTED_BY	Broad substrate specificity ATP-binding cassette transporter ABCG2
Lonafarnib	TRANSPORTED_BY	ATP-binding cassette sub-family C member 2
Lonafarnib	TRANSPORTED_BY	ATP-dependent translocase ABCB1
Lonafarnib	TRANSPORTED_BY	Solute carrier organic anion transporter family member 1B1
Lonafarnib	TRANSPORTED_BY	Solute carrier organic anion transporter family member 1B3
Prucalopride	TRANSPORTED_BY	ATP-dependent translocase ABCB1
Gaboxadol	TRANSPORTED_BY	Proton-coupled amino acid transporter 1
Pazopanib	TRANSPORTED_BY	Broad substrate specificity ATP-binding cassette transporter ABCG2
Pazopanib	TRANSPORTED_BY	ATP-dependent translocase ABCB1
Pazopanib	TRANSPORTED_BY	Solute carrier organic anion transporter family member 1B1
Pazopanib	TRANSPORTED_BY	UDP-glucuronosyltransferase 1A1
Midostaurin	TRANSPORTED_BY	ATP-dependent translocase ABCB1
Panobinostat	TRANSPORTED_BY	ATP-dependent translocase ABCB1
Apixaban	TRANSPORTED_BY	Broad substrate specificity ATP-binding cassette transporter ABCG2
Apixaban	TRANSPORTED_BY	ATP-dependent translocase ABCB1
Tafenoquine	TRANSPORTED_BY	Solute carrier family 22 member 2
Tafenoquine	TRANSPORTED_BY	Multidrug and toxin extrusion protein 1
Tafenoquine	TRANSPORTED_BY	Multidrug and toxin extrusion protein 2
Sulbactam	TRANSPORTED_BY	Solute carrier family 22 member 6
Ammonia N-13	TRANSPORTED_BY	Ammonium transporter Rh type C
Tegafur-uracil	TRANSPORTED_BY	Solute carrier family 22 member 7
Tegafur-uracil	TRANSPORTED_BY	Sodium/nucleoside cotransporter 1
Tegafur-uracil	TRANSPORTED_BY	Sodium/nucleoside cotransporter 2
Tegafur-uracil	TRANSPORTED_BY	Solute carrier family 28 member 3
Tegafur-uracil	TRANSPORTED_BY	Equilibrative nucleoside transporter 1
Tegafur-uracil	TRANSPORTED_BY	Equilibrative nucleoside transporter 2
Osimertinib	TRANSPORTED_BY	Broad substrate specificity ATP-binding cassette transporter ABCG2
Osimertinib	TRANSPORTED_BY	ATP-dependent translocase ABCB1
Dextrose, unspecified form	TRANSPORTED_BY	Solute carrier family 2, facilitated glucose transporter member 10
Dextrose, unspecified form	TRANSPORTED_BY	Solute carrier family 2, facilitated glucose transporter member 11
Dextrose, unspecified form	TRANSPORTED_BY	Solute carrier family 2, facilitated glucose transporter member 12
Dextrose, unspecified form	TRANSPORTED_BY	Solute carrier family 2, facilitated glucose transporter member 1
Dextrose, unspecified form	TRANSPORTED_BY	Solute carrier family 2, facilitated glucose transporter member 2
Dextrose, unspecified form	TRANSPORTED_BY	Solute carrier family 2, facilitated glucose transporter member 3
Dextrose, unspecified form	TRANSPORTED_BY	Solute carrier family 2, facilitated glucose transporter member 6
Dextrose, unspecified form	TRANSPORTED_BY	Solute carrier family 2, facilitated glucose transporter member 7
Dextrose, unspecified form	TRANSPORTED_BY	Solute carrier family 2, facilitated glucose transporter member 9
Dextrose, unspecified form	TRANSPORTED_BY	Solute carrier family 2, facilitated glucose transporter member 4
Dextrose, unspecified form	TRANSPORTED_BY	Sodium/glucose cotransporter 1
Dextrose, unspecified form	TRANSPORTED_BY	Solute carrier family 2, facilitated glucose transporter member 8
Tipiracil	TRANSPORTED_BY	Solute carrier family 22 member 2
Tipiracil	TRANSPORTED_BY	Multidrug and toxin extrusion protein 1
Invert sugar	TRANSPORTED_BY	Solute carrier family 2, facilitated glucose transporter member 2
Invert sugar	TRANSPORTED_BY	Solute carrier family 2, facilitated glucose transporter member 5
Rauwolfia serpentina root	TRANSPORTED_BY	Sodium-dependent noradrenaline transporter
Rauwolfia serpentina root	TRANSPORTED_BY	Synaptic vesicular amine transporter
Indocyanine green acid form	TRANSPORTED_BY	Bile salt export pump
Indocyanine green acid form	TRANSPORTED_BY	ATP-binding cassette sub-family C member 2
Technetium Tc-99m succimer	TRANSPORTED_BY	Sodium-dependent phosphate transporter 1
Technetium Tc-99m succimer	TRANSPORTED_BY	Sodium-dependent phosphate transporter 2
Sodium phosphate, monobasic	TRANSPORTED_BY	Sodium-dependent phosphate transport protein 2A
Sodium phosphate, monobasic	TRANSPORTED_BY	Sodium-dependent phosphate transport protein 2B
Sodium phosphate, monobasic	TRANSPORTED_BY	Sodium-dependent phosphate transport protein 2C
Sodium phosphate, monobasic	TRANSPORTED_BY	Sodium-dependent phosphate transporter 1
Sodium phosphate, monobasic	TRANSPORTED_BY	Sodium-dependent phosphate transporter 2
Glycerin	TRANSPORTED_BY	Aquaporin-7
Glycerin	TRANSPORTED_BY	Aquaporin-9
Rubidium Rb-82	TRANSPORTED_BY	Sodium/potassium-transporting ATPase subunit alpha-1
Rubidium Rb-82	TRANSPORTED_BY	Sodium/potassium-transporting ATPase subunit alpha-2
Rubidium Rb-82	TRANSPORTED_BY	Sodium/potassium-transporting ATPase subunit alpha-3
Rubidium Rb-82	TRANSPORTED_BY	Sodium/potassium-transporting ATPase subunit alpha-4
Rubidium Rb-82	TRANSPORTED_BY	Sodium/potassium-transporting ATPase subunit beta-1
Rubidium Rb-82	TRANSPORTED_BY	Sodium/potassium-transporting ATPase subunit beta-2
Rubidium Rb-82	TRANSPORTED_BY	Sodium/potassium-transporting ATPase subunit beta-3
Rubidium Rb-82	TRANSPORTED_BY	Sodium/potassium-transporting ATPase subunit gamma
Magnesium carbonate	TRANSPORTED_BY	Metal transporter CNNM2
Magnesium carbonate	TRANSPORTED_BY	Solute carrier family 41 member 3
Magnesium carbonate	TRANSPORTED_BY	Transient receptor potential cation channel subfamily M member 6
Magnesium carbonate	TRANSPORTED_BY	Transient receptor potential cation channel subfamily M member 7
Acrivastine	TRANSPORTED_BY	ATP-dependent translocase ABCB1
Strontium chloride Sr-89	TRANSPORTED_BY	Voltage-dependent T-type calcium channel subunit alpha-1I
Strontium chloride Sr-89	TRANSPORTED_BY	Sodium/calcium exchanger 1
Thiosulfuric acid	TRANSPORTED_BY	Solute carrier family 13 member 4
Fludeoxyglucose (18F)	TRANSPORTED_BY	Solute carrier family 2, facilitated glucose transporter member 10
Fludeoxyglucose (18F)	TRANSPORTED_BY	Solute carrier family 2, facilitated glucose transporter member 11
Fludeoxyglucose (18F)	TRANSPORTED_BY	Solute carrier family 2, facilitated glucose transporter member 12
Fludeoxyglucose (18F)	TRANSPORTED_BY	Solute carrier family 2, facilitated glucose transporter member 1
Fludeoxyglucose (18F)	TRANSPORTED_BY	Solute carrier family 2, facilitated glucose transporter member 2
Fludeoxyglucose (18F)	TRANSPORTED_BY	Solute carrier family 2, facilitated glucose transporter member 3
Fludeoxyglucose (18F)	TRANSPORTED_BY	Solute carrier family 2, facilitated glucose transporter member 5
Fludeoxyglucose (18F)	TRANSPORTED_BY	Solute carrier family 2, facilitated glucose transporter member 6
Fludeoxyglucose (18F)	TRANSPORTED_BY	Solute carrier family 2, facilitated glucose transporter member 7
Fludeoxyglucose (18F)	TRANSPORTED_BY	Solute carrier family 2, facilitated glucose transporter member 9
Fludeoxyglucose (18F)	TRANSPORTED_BY	Solute carrier family 2, facilitated glucose transporter member 4
Fludeoxyglucose (18F)	TRANSPORTED_BY	Solute carrier family 2, facilitated glucose transporter member 8
Polyethylene glycol 400	TRANSPORTED_BY	ATP-dependent translocase ABCB1
Potassium nitrate	TRANSPORTED_BY	Mucin-1
Calcium citrate	TRANSPORTED_BY	Ryanodine receptor 1
Calcium citrate	TRANSPORTED_BY	Ryanodine receptor 2
Calcium citrate	TRANSPORTED_BY	Ryanodine receptor 3
Calcium citrate	TRANSPORTED_BY	Voltage-dependent P/Q-type calcium channel subunit alpha-1A
Calcium citrate	TRANSPORTED_BY	Voltage-dependent L-type calcium channel subunit alpha-1C
Calcium citrate	TRANSPORTED_BY	Voltage-dependent L-type calcium channel subunit alpha-1D
Calcium citrate	TRANSPORTED_BY	Voltage-dependent R-type calcium channel subunit alpha-1E
Calcium citrate	TRANSPORTED_BY	Voltage-dependent L-type calcium channel subunit alpha-1F
Calcium citrate	TRANSPORTED_BY	Voltage-dependent T-type calcium channel subunit alpha-1G
Calcium citrate	TRANSPORTED_BY	Voltage-dependent T-type calcium channel subunit alpha-1H
Calcium citrate	TRANSPORTED_BY	Voltage-dependent T-type calcium channel subunit alpha-1I
Calcium citrate	TRANSPORTED_BY	Voltage-dependent L-type calcium channel subunit alpha-1S
Calcium citrate	TRANSPORTED_BY	Voltage-dependent L-type calcium channel subunit beta-1
Calcium citrate	TRANSPORTED_BY	Voltage-dependent L-type calcium channel subunit beta-2
Calcium citrate	TRANSPORTED_BY	Voltage-dependent L-type calcium channel subunit beta-3
Calcium citrate	TRANSPORTED_BY	Voltage-dependent L-type calcium channel subunit beta-4
Calcium citrate	TRANSPORTED_BY	Cation channel sperm-associated protein 1
Calcium citrate	TRANSPORTED_BY	Sodium/calcium exchanger 1
Calcium citrate	TRANSPORTED_BY	Polycystin-1-like protein 3
Calcium citrate	TRANSPORTED_BY	Polycystin-2-like protein 1
Calcium citrate	TRANSPORTED_BY	Transient receptor potential cation channel subfamily V member 5
Calcium citrate	TRANSPORTED_BY	Transient receptor potential cation channel subfamily V member 6
Potassium bicarbonate	TRANSPORTED_BY	Solute carrier family 12 member 1
Potassium bicarbonate	TRANSPORTED_BY	Solute carrier family 12 member 2
Selenious acid	TRANSPORTED_BY	Selenoprotein P
Bosutinib	TRANSPORTED_BY	ATP-dependent translocase ABCB1
Axitinib	TRANSPORTED_BY	ATP-dependent translocase ABCB1
Axitinib	TRANSPORTED_BY	Solute carrier organic anion transporter family member 1B1
Isavuconazonium	TRANSPORTED_BY	Broad substrate specificity ATP-binding cassette transporter ABCG2
Isavuconazonium	TRANSPORTED_BY	ATP-dependent translocase ABCB1
Isavuconazonium	TRANSPORTED_BY	Solute carrier family 22 member 2
Dalfampridine	TRANSPORTED_BY	Solute carrier family 22 member 2
Safinamide	TRANSPORTED_BY	Broad substrate specificity ATP-binding cassette transporter ABCG2
Safinamide	TRANSPORTED_BY	Solute carrier organic anion transporter family member 3A1
Arverapamil	TRANSPORTED_BY	ATP-dependent translocase ABCB1
Odanacatib	TRANSPORTED_BY	ATP-dependent translocase ABCB1
Mepyramine	TRANSPORTED_BY	Solute carrier family 22 member 4
Mepyramine	TRANSPORTED_BY	Organic cation/carnitine transporter 2
Dabigatran etexilate	TRANSPORTED_BY	ATP-dependent translocase ABCB1
Gilteritinib	TRANSPORTED_BY	Broad substrate specificity ATP-binding cassette transporter ABCG2
Gilteritinib	TRANSPORTED_BY	ATP-dependent translocase ABCB1
Gilteritinib	TRANSPORTED_BY	Solute carrier family 22 member 1
Gilteritinib	TRANSPORTED_BY	Multidrug and toxin extrusion protein 1
Erdafitinib	TRANSPORTED_BY	ATP-dependent translocase ABCB1
Erdafitinib	TRANSPORTED_BY	Solute carrier family 22 member 2
Brincidofovir	TRANSPORTED_BY	Bile salt export pump
Brincidofovir	TRANSPORTED_BY	Broad substrate specificity ATP-binding cassette transporter ABCG2
Brincidofovir	TRANSPORTED_BY	ATP-binding cassette sub-family C member 2
Brincidofovir	TRANSPORTED_BY	Solute carrier family 22 member 6
Brincidofovir	TRANSPORTED_BY	Organic anion transporter 3
Brincidofovir	TRANSPORTED_BY	Solute carrier organic anion transporter family member 1B1
Brincidofovir	TRANSPORTED_BY	Solute carrier organic anion transporter family member 1B3
Cordycepin	TRANSPORTED_BY	Equilibrative nucleoside transporter 3
Ferulic acid	TRANSPORTED_BY	Monocarboxylate transporter 1
Ferulic acid	TRANSPORTED_BY	Monocarboxylate transporter 4
Nolatrexed	TRANSPORTED_BY	Broad substrate specificity ATP-binding cassette transporter ABCG2
Resmetirom	TRANSPORTED_BY	Bile salt export pump
Resmetirom	TRANSPORTED_BY	Broad substrate specificity ATP-binding cassette transporter ABCG2
Resmetirom	TRANSPORTED_BY	Organic anion transporter 3
Resmetirom	TRANSPORTED_BY	Solute carrier organic anion transporter family member 1B1
Resmetirom	TRANSPORTED_BY	Solute carrier organic anion transporter family member 1B3
Iobenguane sulfate I-123	TRANSPORTED_BY	Sodium-dependent noradrenaline transporter
Ixazomib	TRANSPORTED_BY	ATP-dependent translocase ABCB1
Thiamphenicol	TRANSPORTED_BY	ATP-dependent translocase ABCB1
Tocopherol	TRANSPORTED_BY	Apolipoprotein B receptor
Tocopherol	TRANSPORTED_BY	ATP-dependent translocase ABCB1
Tocopherol	TRANSPORTED_BY	SEC14-like protein 2
Tocopherol	TRANSPORTED_BY	SEC14-like protein 3
Tocopherol	TRANSPORTED_BY	SEC14-like protein 4
Tocopherol	TRANSPORTED_BY	Scavenger receptor class B member 1
Tocopherol	TRANSPORTED_BY	Alpha-tocopherol transfer protein
Levomefolic acid	TRANSPORTED_BY	Proton-coupled folate transporter
Levomefolic acid	TRANSPORTED_BY	Reduced folate transporter
Gallopamil	TRANSPORTED_BY	ATP-dependent translocase ABCB1
Darolutamide	TRANSPORTED_BY	Broad substrate specificity ATP-binding cassette transporter ABCG2
Darolutamide	TRANSPORTED_BY	ATP-dependent translocase ABCB1
Darolutamide	TRANSPORTED_BY	Solute carrier organic anion transporter family member 1B1
Darolutamide	TRANSPORTED_BY	Solute carrier organic anion transporter family member 1B3
Pexidartinib	TRANSPORTED_BY	Solute carrier organic anion transporter family member 1B1
Pexidartinib	TRANSPORTED_BY	Solute carrier organic anion transporter family member 1B3
Pexidartinib	TRANSPORTED_BY	Solute carrier organic anion transporter family member 2B1
Pexidartinib	TRANSPORTED_BY	Multidrug and toxin extrusion protein 1
Pexidartinib	TRANSPORTED_BY	Multidrug and toxin extrusion protein 2
Enfortumab vedotin	TRANSPORTED_BY	ATP-dependent translocase ABCB1
Fesoterodine	TRANSPORTED_BY	ATP-dependent translocase ABCB1
Iobenguane	TRANSPORTED_BY	Sodium-dependent noradrenaline transporter
Methacholine	TRANSPORTED_BY	Organic cation/carnitine transporter 2
Methyltestosterone	TRANSPORTED_BY	Organic anion transporter 3
Methyltestosterone	TRANSPORTED_BY	Solute carrier organic anion transporter family member 1A2
Gimatecan	TRANSPORTED_BY	Broad substrate specificity ATP-binding cassette transporter ABCG2
Gimatecan	TRANSPORTED_BY	Solute carrier organic anion transporter family member 1B1
Enclomiphene	TRANSPORTED_BY	ATP-dependent translocase ABCB1
Beta carotene	TRANSPORTED_BY	ATP-dependent translocase ABCB1
Betaine	TRANSPORTED_BY	Sodium- and chloride-dependent betaine transporter
Manganese cation	TRANSPORTED_BY	Natural resistance-associated macrophage protein 2
Manganese cation	TRANSPORTED_BY	Metal cation symporter ZIP14
Manganese cation	TRANSPORTED_BY	Transient receptor potential cation channel subfamily M member 7
Manganese cation	TRANSPORTED_BY	Calcium/manganese antiporter SLC30A10
Cabazitaxel	TRANSPORTED_BY	Broad substrate specificity ATP-binding cassette transporter ABCG2
Cabazitaxel	TRANSPORTED_BY	ATP-dependent translocase ABCB1
Cabazitaxel	TRANSPORTED_BY	Solute carrier organic anion transporter family member 1B1
Cabazitaxel	TRANSPORTED_BY	Solute carrier organic anion transporter family member 1B3
Cupric sulfate	TRANSPORTED_BY	Albumin
Cupric sulfate	TRANSPORTED_BY	High affinity copper uptake protein 1
Cupric sulfate	TRANSPORTED_BY	Ceruloplasmin
Gepirone	TRANSPORTED_BY	ATP-dependent translocase ABCB1
Exatecan	TRANSPORTED_BY	Broad substrate specificity ATP-binding cassette transporter ABCG2
Capivasertib	TRANSPORTED_BY	Broad substrate specificity ATP-binding cassette transporter ABCG2
Capivasertib	TRANSPORTED_BY	Solute carrier family 22 member 2
Capivasertib	TRANSPORTED_BY	Organic anion transporter 3
Capivasertib	TRANSPORTED_BY	Solute carrier organic anion transporter family member 1B1
Capivasertib	TRANSPORTED_BY	Solute carrier organic anion transporter family member 1B3
Capivasertib	TRANSPORTED_BY	Multidrug and toxin extrusion protein 1
Capivasertib	TRANSPORTED_BY	Multidrug and toxin extrusion protein 2
Lurtotecan	TRANSPORTED_BY	Broad substrate specificity ATP-binding cassette transporter ABCG2
Bexagliflozin	TRANSPORTED_BY	ATP-dependent translocase ABCB1
Polatuzumab vedotin	TRANSPORTED_BY	ATP-dependent translocase ABCB1
Edaravone	TRANSPORTED_BY	Solute carrier family 22 member 6
Edaravone	TRANSPORTED_BY	Organic anion transporter 3
Vadadustat	TRANSPORTED_BY	Broad substrate specificity ATP-binding cassette transporter ABCG2
Vadadustat	TRANSPORTED_BY	Solute carrier family 22 member 6
Vadadustat	TRANSPORTED_BY	Organic anion transporter 3
Fexinidazole	TRANSPORTED_BY	Solute carrier family 22 member 2
Fexinidazole	TRANSPORTED_BY	Solute carrier family 22 member 6
Fexinidazole	TRANSPORTED_BY	Organic anion transporter 3
Fexinidazole	TRANSPORTED_BY	Solute carrier organic anion transporter family member 1B1
Fexinidazole	TRANSPORTED_BY	Solute carrier organic anion transporter family member 1B3
Fexinidazole	TRANSPORTED_BY	Multidrug and toxin extrusion protein 1
Fexinidazole	TRANSPORTED_BY	Multidrug and toxin extrusion protein 2
Brigatinib	TRANSPORTED_BY	ATP-binding cassette sub-family B member 5
Brigatinib	TRANSPORTED_BY	Broad substrate specificity ATP-binding cassette transporter ABCG2
Brigatinib	TRANSPORTED_BY	Solute carrier family 22 member 1
Brigatinib	TRANSPORTED_BY	Multidrug and toxin extrusion protein 1
Brigatinib	TRANSPORTED_BY	Multidrug and toxin extrusion protein 2
Azidocillin	TRANSPORTED_BY	Solute carrier family 15 member 1
Azidocillin	TRANSPORTED_BY	Solute carrier family 15 member 2
Azidocillin	TRANSPORTED_BY	Organic cation/carnitine transporter 2
Ticagrelor	TRANSPORTED_BY	ATP-dependent translocase ABCB1
Hyaluronic acid	TRANSPORTED_BY	ATP-binding cassette sub-family C member 5
Ivacaftor	TRANSPORTED_BY	ATP-dependent translocase ABCB1
Azilsartan medoxomil	TRANSPORTED_BY	ATP-dependent translocase ABCB1
Ioflupane I-123	TRANSPORTED_BY	Sodium-dependent dopamine transporter
Lomitapide	TRANSPORTED_BY	ATP-dependent translocase ABCB1
Vismodegib	TRANSPORTED_BY	Broad substrate specificity ATP-binding cassette transporter ABCG2
Vismodegib	TRANSPORTED_BY	ATP-dependent translocase ABCB1
Dehydroascorbic acid	TRANSPORTED_BY	Solute carrier family 2, facilitated glucose transporter member 14
Dehydroascorbic acid	TRANSPORTED_BY	Solute carrier family 2, facilitated glucose transporter member 1
2-deoxyglucose	TRANSPORTED_BY	Solute carrier family 2, facilitated glucose transporter member 10
2-deoxyglucose	TRANSPORTED_BY	Solute carrier family 2, facilitated glucose transporter member 12
2-deoxyglucose	TRANSPORTED_BY	Solute carrier family 2, facilitated glucose transporter member 14
2-deoxyglucose	TRANSPORTED_BY	Solute carrier family 2, facilitated glucose transporter member 1
2-deoxyglucose	TRANSPORTED_BY	Solute carrier family 2, facilitated glucose transporter member 2
2-deoxyglucose	TRANSPORTED_BY	Solute carrier family 2, facilitated glucose transporter member 3
2-deoxyglucose	TRANSPORTED_BY	Solute carrier family 2, facilitated glucose transporter member 6
2-deoxyglucose	TRANSPORTED_BY	Solute carrier family 2, facilitated glucose transporter member 7
2-deoxyglucose	TRANSPORTED_BY	Solute carrier family 2, facilitated glucose transporter member 4
2-deoxyglucose	TRANSPORTED_BY	Proton-associated sugar transporter A
2-deoxyglucose	TRANSPORTED_BY	Sodium/glucose cotransporter 1
2-deoxyglucose	TRANSPORTED_BY	Probable glucose sensor protein SLC5A4
2-deoxyglucose	TRANSPORTED_BY	Sodium/glucose cotransporter 4
2-deoxyglucose	TRANSPORTED_BY	Sodium/mannose cotransporter SLC5A10
2-deoxyglucose	TRANSPORTED_BY	Solute carrier family 2, facilitated glucose transporter member 8
Taurochenodeoxycholic acid	TRANSPORTED_BY	Solute carrier organic anion transporter family member 1A2
Taurochenodeoxycholic acid	TRANSPORTED_BY	Cystine/glutamate transporter
Tauroursodeoxycholic acid	TRANSPORTED_BY	Bile salt export pump
Tauroursodeoxycholic acid	TRANSPORTED_BY	ATP-binding cassette sub-family G member 5
Tauroursodeoxycholic acid	TRANSPORTED_BY	ATP-binding cassette sub-family G member 8
Tauroursodeoxycholic acid	TRANSPORTED_BY	ATP-binding cassette sub-family C member 2
Tauroursodeoxycholic acid	TRANSPORTED_BY	Solute carrier organic anion transporter family member 1A2
Tauroursodeoxycholic acid	TRANSPORTED_BY	Cystine/glutamate transporter
Spaglumic acid	TRANSPORTED_BY	Proton-coupled amino acid transporter 1
Temocapril	TRANSPORTED_BY	Solute carrier family 15 member 1
Temocapril	TRANSPORTED_BY	Solute carrier organic anion transporter family member 1A2
Temocapril	TRANSPORTED_BY	Solute carrier organic anion transporter family member 1B1
Tetraethylammonium	TRANSPORTED_BY	Solute carrier family 22 member 1
Tetraethylammonium	TRANSPORTED_BY	Solute carrier family 22 member 2
Tetraethylammonium	TRANSPORTED_BY	Solute carrier family 22 member 3
Tetraethylammonium	TRANSPORTED_BY	Solute carrier family 22 member 4
Tetraethylammonium	TRANSPORTED_BY	Organic cation/carnitine transporter 2
Tetraethylammonium	TRANSPORTED_BY	Organic anion transporter 3
Tetraethylammonium	TRANSPORTED_BY	Multidrug and toxin extrusion protein 1
Tetraethylammonium	TRANSPORTED_BY	Multidrug and toxin extrusion protein 2
Agmatine	TRANSPORTED_BY	Solute carrier family 22 member 1
Agmatine	TRANSPORTED_BY	Solute carrier family 22 member 2
Agmatine	TRANSPORTED_BY	Solute carrier family 22 member 3
Agmatine	TRANSPORTED_BY	Y+L amino acid transporter 1
Serotonin	TRANSPORTED_BY	Solute carrier family 22 member 2
Serotonin	TRANSPORTED_BY	Equilibrative nucleoside transporter 4
Serotonin	TRANSPORTED_BY	Sodium-dependent serotonin transporter
Serotonin	TRANSPORTED_BY	Chromaffin granule amine transporter
Serotonin	TRANSPORTED_BY	Synaptic vesicular amine transporter
N-methylnicotinamide	TRANSPORTED_BY	Solute carrier family 22 member 2
N-methylnicotinamide	TRANSPORTED_BY	Multidrug and toxin extrusion protein 1
N-methylnicotinamide	TRANSPORTED_BY	Multidrug and toxin extrusion protein 2
Tyramine	TRANSPORTED_BY	Solute carrier family 22 member 1
Tyramine	TRANSPORTED_BY	Solute carrier family 22 member 3
Acetylcarnitine	TRANSPORTED_BY	Organic cation/carnitine transporter 2
GS 0573	TRANSPORTED_BY	Solute carrier family 22 member 6
Uric acid	TRANSPORTED_BY	Broad substrate specificity ATP-binding cassette transporter ABCG2
Uric acid	TRANSPORTED_BY	Solute carrier family 2, facilitated glucose transporter member 9
Uric acid	TRANSPORTED_BY	Monocarboxylate transporter 9
Uric acid	TRANSPORTED_BY	Solute carrier family 22 member 6
Uric acid	TRANSPORTED_BY	Organic anion transporter 3
Uric acid	TRANSPORTED_BY	Solute carrier family 22 member 11
Uric acid	TRANSPORTED_BY	Solute carrier family 22 member 12
Oxogluric acid	TRANSPORTED_BY	Mitochondrial 2-oxoglutarate/malate carrier protein
Oxogluric acid	TRANSPORTED_BY	Mitochondrial 2-oxodicarboxylate carrier
Oxogluric acid	TRANSPORTED_BY	Na(+)/dicarboxylate cotransporter 3
Oxogluric acid	TRANSPORTED_BY	Na(+)/citrate cotransporter
Ellagic acid	TRANSPORTED_BY	Solute carrier family 22 member 6
Ellagic acid	TRANSPORTED_BY	Solute carrier family 22 member 11
Hydroxyproline	TRANSPORTED_BY	Proton-coupled amino acid transporter 1
Nipecotic acid	TRANSPORTED_BY	Proton-coupled amino acid transporter 1
Leukotriene C4	TRANSPORTED_BY	Solute carrier organic anion transporter family member 1B1
Leukotriene C4	TRANSPORTED_BY	Solute carrier organic anion transporter family member 1B3
DADLE	TRANSPORTED_BY	Solute carrier organic anion transporter family member 1B1
Bamet-UD2	TRANSPORTED_BY	Solute carrier organic anion transporter family member 1B1
cis-Diamminechlorocholylglycinateplatinum(II)	TRANSPORTED_BY	Solute carrier organic anion transporter family member 1B1
Pitavastatin	TRANSPORTED_BY	Bile salt export pump
Pitavastatin	TRANSPORTED_BY	Broad substrate specificity ATP-binding cassette transporter ABCG2
Pitavastatin	TRANSPORTED_BY	ATP-binding cassette sub-family C member 2
Pitavastatin	TRANSPORTED_BY	ATP-dependent translocase ABCB1
Pitavastatin	TRANSPORTED_BY	Hepatic sodium/bile acid cotransporter
Pitavastatin	TRANSPORTED_BY	Solute carrier organic anion transporter family member 1A2
Pitavastatin	TRANSPORTED_BY	Solute carrier organic anion transporter family member 1B1
Pitavastatin	TRANSPORTED_BY	Solute carrier organic anion transporter family member 1B3
Pitavastatin	TRANSPORTED_BY	Solute carrier organic anion transporter family member 2B1
DPDPE	TRANSPORTED_BY	Solute carrier organic anion transporter family member 1B3
Cholecystokinin	TRANSPORTED_BY	Solute carrier organic anion transporter family member 1B1
Cholecystokinin	TRANSPORTED_BY	Solute carrier organic anion transporter family member 1B3
Cholecystokinin	TRANSPORTED_BY	Solute carrier organic anion transporter family member 2B1
Rilpivirine	TRANSPORTED_BY	Broad substrate specificity ATP-binding cassette transporter ABCG2
Rilpivirine	TRANSPORTED_BY	ATP-dependent translocase ABCB1
Rilpivirine	TRANSPORTED_BY	Solute carrier organic anion transporter family member 1B1
Rilpivirine	TRANSPORTED_BY	Solute carrier organic anion transporter family member 1B3
Crizotinib	TRANSPORTED_BY	ATP-dependent translocase ABCB1
Crizotinib	TRANSPORTED_BY	Solute carrier organic anion transporter family member 1B1
Crizotinib	TRANSPORTED_BY	Solute carrier organic anion transporter family member 1B3
Fingolimod	TRANSPORTED_BY	Excitatory amino acid transporter 1
Fingolimod	TRANSPORTED_BY	Excitatory amino acid transporter 2
Fingolimod	TRANSPORTED_BY	Multidrug resistance-associated protein 1
Fingolimod	TRANSPORTED_BY	ATP-dependent translocase ABCB1
Brentuximab vedotin	TRANSPORTED_BY	ATP-binding cassette sub-family B member 5
Gabapentin enacarbil	TRANSPORTED_BY	Monocarboxylate transporter 1
Gabapentin enacarbil	TRANSPORTED_BY	Sodium-dependent multivitamin transporter
Gabapentin enacarbil	TRANSPORTED_BY	Sodium-coupled monocarboxylate transporter 1
Trastuzumab deruxtecan	TRANSPORTED_BY	Broad substrate specificity ATP-binding cassette transporter ABCG2
Trastuzumab deruxtecan	TRANSPORTED_BY	Multidrug resistance-associated protein 1
Trastuzumab deruxtecan	TRANSPORTED_BY	ATP-dependent translocase ABCB1
Trastuzumab deruxtecan	TRANSPORTED_BY	Solute carrier organic anion transporter family member 1B1
Trastuzumab deruxtecan	TRANSPORTED_BY	Solute carrier organic anion transporter family member 1B3
Trastuzumab deruxtecan	TRANSPORTED_BY	Multidrug and toxin extrusion protein 2
Abrocitinib	TRANSPORTED_BY	ATP-dependent translocase ABCB1
Abrocitinib	TRANSPORTED_BY	Solute carrier family 22 member 1
Abrocitinib	TRANSPORTED_BY	Organic anion transporter 3
Calcium Phosphate	TRANSPORTED_BY	Ryanodine receptor 1
Calcium Phosphate	TRANSPORTED_BY	Ryanodine receptor 2
Calcium Phosphate	TRANSPORTED_BY	Ryanodine receptor 3
Calcium Phosphate	TRANSPORTED_BY	Voltage-dependent P/Q-type calcium channel subunit alpha-1A
Calcium Phosphate	TRANSPORTED_BY	Voltage-dependent L-type calcium channel subunit alpha-1C
Calcium Phosphate	TRANSPORTED_BY	Voltage-dependent L-type calcium channel subunit alpha-1D
Calcium Phosphate	TRANSPORTED_BY	Voltage-dependent R-type calcium channel subunit alpha-1E
Calcium Phosphate	TRANSPORTED_BY	Voltage-dependent L-type calcium channel subunit alpha-1F
Calcium Phosphate	TRANSPORTED_BY	Voltage-dependent T-type calcium channel subunit alpha-1G
Calcium Phosphate	TRANSPORTED_BY	Voltage-dependent T-type calcium channel subunit alpha-1H
Calcium Phosphate	TRANSPORTED_BY	Voltage-dependent T-type calcium channel subunit alpha-1I
Calcium Phosphate	TRANSPORTED_BY	Voltage-dependent L-type calcium channel subunit alpha-1S
Calcium Phosphate	TRANSPORTED_BY	Voltage-dependent L-type calcium channel subunit beta-1
Calcium Phosphate	TRANSPORTED_BY	Voltage-dependent L-type calcium channel subunit beta-2
Calcium Phosphate	TRANSPORTED_BY	Voltage-dependent L-type calcium channel subunit beta-3
Calcium Phosphate	TRANSPORTED_BY	Voltage-dependent L-type calcium channel subunit beta-4
Calcium Phosphate	TRANSPORTED_BY	Cation channel sperm-associated protein 1
Calcium Phosphate	TRANSPORTED_BY	Sodium/calcium exchanger 1
Calcium Phosphate	TRANSPORTED_BY	Sodium-dependent phosphate transport protein 2A
Calcium Phosphate	TRANSPORTED_BY	Sodium-dependent phosphate transport protein 2B
Calcium Phosphate	TRANSPORTED_BY	Sodium-dependent phosphate transport protein 2C
Calcium Phosphate	TRANSPORTED_BY	Sodium-dependent phosphate transporter 1
Calcium Phosphate	TRANSPORTED_BY	Sodium-dependent phosphate transporter 2
Calcium Phosphate	TRANSPORTED_BY	Polycystin-1-like protein 3
Calcium Phosphate	TRANSPORTED_BY	Polycystin-2-like protein 1
Calcium Phosphate	TRANSPORTED_BY	Transient receptor potential cation channel subfamily V member 5
Calcium Phosphate	TRANSPORTED_BY	Transient receptor potential cation channel subfamily V member 6
Selexipag	TRANSPORTED_BY	ATP-dependent translocase ABCB1
Selexipag	TRANSPORTED_BY	Solute carrier organic anion transporter family member 1B1
Selexipag	TRANSPORTED_BY	Solute carrier organic anion transporter family member 1B3
Alectinib	TRANSPORTED_BY	Broad substrate specificity ATP-binding cassette transporter ABCG2
Alectinib	TRANSPORTED_BY	ATP-dependent translocase ABCB1
Dichlorophen	TRANSPORTED_BY	Broad substrate specificity ATP-binding cassette transporter ABCG2
Enrofloxacin	TRANSPORTED_BY	Broad substrate specificity ATP-binding cassette transporter ABCG2
Monensin	TRANSPORTED_BY	ATP-dependent translocase ABCB1
Oxfendazole	TRANSPORTED_BY	Broad substrate specificity ATP-binding cassette transporter ABCG2
Oteseconazole	TRANSPORTED_BY	Broad substrate specificity ATP-binding cassette transporter ABCG2
Lusutrombopag	TRANSPORTED_BY	Broad substrate specificity ATP-binding cassette transporter ABCG2
Lusutrombopag	TRANSPORTED_BY	ATP-dependent translocase ABCB1
Levosalbutamol	TRANSPORTED_BY	Solute carrier organic anion transporter family member 1B1
Levosalbutamol	TRANSPORTED_BY	Solute carrier organic anion transporter family member 1B3
Fluciclovine (18F)	TRANSPORTED_BY	ATP-binding cassette sub-family C member 4
Levomenol	TRANSPORTED_BY	Solute carrier organic anion transporter family member 1B1
Levomenol	TRANSPORTED_BY	Solute carrier organic anion transporter family member 1B3
Parachlorophenol	TRANSPORTED_BY	Solute carrier organic anion transporter family member 1B3
Inositol	TRANSPORTED_BY	Sodium/myo-inositol cotransporter
Troleandomycin	TRANSPORTED_BY	ATP-dependent translocase ABCB1
Daidzein	TRANSPORTED_BY	Broad substrate specificity ATP-binding cassette transporter ABCG2
Baloxavir marboxil	TRANSPORTED_BY	Broad substrate specificity ATP-binding cassette transporter ABCG2
Baloxavir marboxil	TRANSPORTED_BY	ATP-dependent translocase ABCB1
alpha-Tocopherol acetate	TRANSPORTED_BY	Apolipoprotein B receptor
alpha-Tocopherol acetate	TRANSPORTED_BY	ATP-dependent translocase ABCB1
alpha-Tocopherol acetate	TRANSPORTED_BY	SEC14-like protein 2
alpha-Tocopherol acetate	TRANSPORTED_BY	SEC14-like protein 3
alpha-Tocopherol acetate	TRANSPORTED_BY	SEC14-like protein 4
alpha-Tocopherol acetate	TRANSPORTED_BY	Scavenger receptor class B member 1
alpha-Tocopherol acetate	TRANSPORTED_BY	Alpha-tocopherol transfer protein
Choline salicylate	TRANSPORTED_BY	Choline transporter-like protein 1
Choline salicylate	TRANSPORTED_BY	Choline transporter-like protein 3
Choline salicylate	TRANSPORTED_BY	Choline transporter-like protein 4
Choline salicylate	TRANSPORTED_BY	Solute carrier family 22 member 1
Choline salicylate	TRANSPORTED_BY	Solute carrier family 22 member 2
Choline salicylate	TRANSPORTED_BY	Solute carrier family 22 member 3
Choline salicylate	TRANSPORTED_BY	Solute carrier family 22 member 4
Choline salicylate	TRANSPORTED_BY	Organic cation/carnitine transporter 2
Choline salicylate	TRANSPORTED_BY	High affinity choline transporter 1
Medical Cannabis	TRANSPORTED_BY	Broad substrate specificity ATP-binding cassette transporter ABCG2
Medical Cannabis	TRANSPORTED_BY	Multidrug resistance-associated protein 1
Medical Cannabis	TRANSPORTED_BY	ATP-dependent translocase ABCB1
Medical Cannabis	TRANSPORTED_BY	Equilibrative nucleoside transporter 1
Nabiximols	TRANSPORTED_BY	Broad substrate specificity ATP-binding cassette transporter ABCG2
Nabiximols	TRANSPORTED_BY	Multidrug resistance-associated protein 1
Nabiximols	TRANSPORTED_BY	Equilibrative nucleoside transporter 1
Nitrate	TRANSPORTED_BY	Sialin
Nitrate	TRANSPORTED_BY	Anion exchange transporter
Nitrate	TRANSPORTED_BY	Sodium/iodide cotransporter
Valinomycin	TRANSPORTED_BY	Bile salt export pump
Valinomycin	TRANSPORTED_BY	ATP-dependent translocase ABCB1
Hycanthone	TRANSPORTED_BY	ATP-dependent translocase ABCB1
Concanamycin A	TRANSPORTED_BY	ATP-dependent translocase ABCB1
Dexverapamil	TRANSPORTED_BY	ATP-dependent translocase ABCB1
Emopamil	TRANSPORTED_BY	ATP-dependent translocase ABCB1
Lomerizine	TRANSPORTED_BY	ATP-dependent translocase ABCB1
Tetrandrine	TRANSPORTED_BY	ATP-dependent translocase ABCB1
Dofequidar	TRANSPORTED_BY	ATP-dependent translocase ABCB1
Dexniguldipine	TRANSPORTED_BY	ATP-dependent translocase ABCB1
ONT-093	TRANSPORTED_BY	ATP-dependent translocase ABCB1
Desmethylsertraline	TRANSPORTED_BY	ATP-dependent translocase ABCB1
Selamectin	TRANSPORTED_BY	ATP-dependent translocase ABCB1
Phenolsulfonphthalein	TRANSPORTED_BY	Organic anion transporter 3
Sulfobromophthalein	TRANSPORTED_BY	Hepatic sodium/bile acid cotransporter
Tenofovir	TRANSPORTED_BY	Broad substrate specificity ATP-binding cassette transporter ABCG2
Tenofovir	TRANSPORTED_BY	ATP-binding cassette sub-family C member 4
Tenofovir	TRANSPORTED_BY	ATP-binding cassette sub-family C member 10
Tenofovir	TRANSPORTED_BY	ATP-binding cassette sub-family C member 11
Tenofovir	TRANSPORTED_BY	ATP-dependent translocase ABCB1
Tenofovir	TRANSPORTED_BY	Solute carrier family 22 member 6
Tenofovir	TRANSPORTED_BY	Organic anion transporter 3
Loxicodegol	TRANSPORTED_BY	ATP-dependent translocase ABCB1
CP-724714	TRANSPORTED_BY	Broad substrate specificity ATP-binding cassette transporter ABCG2
Benzbromarone	TRANSPORTED_BY	Bile salt export pump
Benzbromarone	TRANSPORTED_BY	ATP-binding cassette sub-family C member 6
Benzbromarone	TRANSPORTED_BY	Solute carrier organic anion transporter family member 1B1
Benzbromarone	TRANSPORTED_BY	Solute carrier organic anion transporter family member 2B1
Rucaparib	TRANSPORTED_BY	Broad substrate specificity ATP-binding cassette transporter ABCG2
Rucaparib	TRANSPORTED_BY	ATP-binding cassette sub-family C member 4
Rucaparib	TRANSPORTED_BY	ATP-dependent translocase ABCB1
Rucaparib	TRANSPORTED_BY	Solute carrier family 22 member 1
Rucaparib	TRANSPORTED_BY	Solute carrier family 22 member 6
Rucaparib	TRANSPORTED_BY	Organic anion transporter 3
Rucaparib	TRANSPORTED_BY	Solute carrier organic anion transporter family member 1B1
Rucaparib	TRANSPORTED_BY	Solute carrier organic anion transporter family member 1B3
Rucaparib	TRANSPORTED_BY	Multidrug and toxin extrusion protein 1
Rucaparib	TRANSPORTED_BY	Multidrug and toxin extrusion protein 2
Navitoclax	TRANSPORTED_BY	ATP-dependent translocase ABCB1
Salinomycin	TRANSPORTED_BY	ATP-dependent translocase ABCB1
Elbasvir	TRANSPORTED_BY	ATP-dependent translocase ABCB1
Grazoprevir	TRANSPORTED_BY	ATP-dependent translocase ABCB1
Grazoprevir	TRANSPORTED_BY	Solute carrier organic anion transporter family member 1B1
Grazoprevir	TRANSPORTED_BY	Solute carrier organic anion transporter family member 1B3
Venetoclax	TRANSPORTED_BY	Broad substrate specificity ATP-binding cassette transporter ABCG2
Venetoclax	TRANSPORTED_BY	ATP-dependent translocase ABCB1
Venetoclax	TRANSPORTED_BY	Solute carrier organic anion transporter family member 1B1
Asunaprevir	TRANSPORTED_BY	ATP-dependent translocase ABCB1
Asunaprevir	TRANSPORTED_BY	Solute carrier organic anion transporter family member 1B1
Asunaprevir	TRANSPORTED_BY	Solute carrier organic anion transporter family member 1B3
Asunaprevir	TRANSPORTED_BY	Solute carrier organic anion transporter family member 2B1
Thimerosal	TRANSPORTED_BY	Inositol 1,4,5-trisphosphate-gated calcium channel ITPR1
Bilastine	TRANSPORTED_BY	ATP-binding cassette sub-family B member 5
Bilastine	TRANSPORTED_BY	Solute carrier organic anion transporter family member 1A2
Bilastine	TRANSPORTED_BY	Solute carrier organic anion transporter family member 2B1
Lifitegrast	TRANSPORTED_BY	Solute carrier organic anion transporter family member 1A2
Lifitegrast	TRANSPORTED_BY	Solute carrier organic anion transporter family member 2B1
Velpatasvir	TRANSPORTED_BY	Broad substrate specificity ATP-binding cassette transporter ABCG2
Velpatasvir	TRANSPORTED_BY	ATP-dependent translocase ABCB1
Velpatasvir	TRANSPORTED_BY	Solute carrier organic anion transporter family member 1B1
Velpatasvir	TRANSPORTED_BY	Solute carrier organic anion transporter family member 1B3
Velpatasvir	TRANSPORTED_BY	Solute carrier organic anion transporter family member 2B1
Opicapone	TRANSPORTED_BY	Broad substrate specificity ATP-binding cassette transporter ABCG2
Opicapone	TRANSPORTED_BY	ATP-dependent translocase ABCB1
Opicapone	TRANSPORTED_BY	Solute carrier organic anion transporter family member 1B1
Opicapone	TRANSPORTED_BY	Solute carrier organic anion transporter family member 1B3
Opicapone	TRANSPORTED_BY	Solute carrier organic anion transporter family member 2B1
Isavuconazole	TRANSPORTED_BY	Broad substrate specificity ATP-binding cassette transporter ABCG2
Isavuconazole	TRANSPORTED_BY	ATP-dependent translocase ABCB1
Isavuconazole	TRANSPORTED_BY	Solute carrier family 22 member 2
Tocofersolan	TRANSPORTED_BY	Phospholipid-transporting ATPase ABCA1
Tocofersolan	TRANSPORTED_BY	ATP-binding cassette sub-family G member 5
Tocofersolan	TRANSPORTED_BY	ATP-binding cassette sub-family G member 8
Tocofersolan	TRANSPORTED_BY	Apolipoprotein B receptor
Tocofersolan	TRANSPORTED_BY	NPC1-like intracellular cholesterol transporter 1
Tocofersolan	TRANSPORTED_BY	SEC14-like protein 2
Tocofersolan	TRANSPORTED_BY	SEC14-like protein 3
Tocofersolan	TRANSPORTED_BY	SEC14-like protein 4
Tocofersolan	TRANSPORTED_BY	Scavenger receptor class B member 1
Tocofersolan	TRANSPORTED_BY	Alpha-tocopherol transfer protein
Amifampridine	TRANSPORTED_BY	Solute carrier family 22 member 2
Vinflunine	TRANSPORTED_BY	ATP-binding cassette sub-family B member 5
Vinflunine	TRANSPORTED_BY	ATP-dependent translocase ABCB1
Pitolisant	TRANSPORTED_BY	Solute carrier family 22 member 1
Tafamidis	TRANSPORTED_BY	Broad substrate specificity ATP-binding cassette transporter ABCG2
Tafamidis	TRANSPORTED_BY	Solute carrier family 22 member 6
Tafamidis	TRANSPORTED_BY	Organic anion transporter 3
Tucatinib	TRANSPORTED_BY	Broad substrate specificity ATP-binding cassette transporter ABCG2
Tucatinib	TRANSPORTED_BY	ATP-dependent translocase ABCB1
Tucatinib	TRANSPORTED_BY	Solute carrier family 22 member 2
Tucatinib	TRANSPORTED_BY	Multidrug and toxin extrusion protein 1
Tucatinib	TRANSPORTED_BY	Multidrug and toxin extrusion protein 2
Latanoprostene bunod	TRANSPORTED_BY	Solute carrier organic anion transporter family member 2B1
Ortataxel	TRANSPORTED_BY	Broad substrate specificity ATP-binding cassette transporter ABCG2
Curcumin	TRANSPORTED_BY	ATP-dependent translocase ABCB1
Umbralisib	TRANSPORTED_BY	ATP-dependent translocase ABCB1
Avacopan	TRANSPORTED_BY	ATP-dependent translocase ABCB1
Zanubrutinib	TRANSPORTED_BY	ATP-dependent translocase ABCB1
Ferrous sulfate anhydrous	TRANSPORTED_BY	Natural resistance-associated macrophage protein 2
Ferrous sulfate anhydrous	TRANSPORTED_BY	Ferroportin
Dihydroergocristine	TRANSPORTED_BY	Bile salt export pump
Dihydroergocristine	TRANSPORTED_BY	ATP-dependent translocase ABCB1
Betrixaban	TRANSPORTED_BY	Voltage-gated inwardly rectifying potassium channel KCNH2
Betrixaban	TRANSPORTED_BY	ATP-dependent translocase ABCB1
Relebactam	TRANSPORTED_BY	Organic anion transporter 3
Relebactam	TRANSPORTED_BY	Solute carrier family 22 member 11
Relebactam	TRANSPORTED_BY	Multidrug and toxin extrusion protein 1
Relebactam	TRANSPORTED_BY	Multidrug and toxin extrusion protein 2
10-hydroxycamptothecin	TRANSPORTED_BY	ATP-binding cassette sub-family C member 4
Seladelpar	TRANSPORTED_BY	Broad substrate specificity ATP-binding cassette transporter ABCG2
Seladelpar	TRANSPORTED_BY	ATP-dependent translocase ABCB1
Seladelpar	TRANSPORTED_BY	Organic anion transporter 3
Omadacycline	TRANSPORTED_BY	ATP-dependent translocase ABCB1
Rimegepant	TRANSPORTED_BY	Broad substrate specificity ATP-binding cassette transporter ABCG2
Rimegepant	TRANSPORTED_BY	ATP-dependent translocase ABCB1
Rimegepant	TRANSPORTED_BY	Solute carrier family 22 member 2
Rimegepant	TRANSPORTED_BY	Organic anion transporter 3
Rimegepant	TRANSPORTED_BY	Solute carrier organic anion transporter family member 1B1
Rimegepant	TRANSPORTED_BY	Solute carrier organic anion transporter family member 1B3
Rimegepant	TRANSPORTED_BY	Multidrug and toxin extrusion protein 1
Belotecan	TRANSPORTED_BY	Broad substrate specificity ATP-binding cassette transporter ABCG2
Belotecan	TRANSPORTED_BY	ATP-binding cassette sub-family C member 2
Belotecan	TRANSPORTED_BY	ATP-dependent translocase ABCB1
Favipiravir	TRANSPORTED_BY	ATP-dependent translocase ABCB1
Favipiravir	TRANSPORTED_BY	Solute carrier family 22 member 6
Favipiravir	TRANSPORTED_BY	Organic anion transporter 3
Favipiravir	TRANSPORTED_BY	Solute carrier family 22 member 12
Ibrexafungerp	TRANSPORTED_BY	ATP-dependent translocase ABCB1
Ibrexafungerp	TRANSPORTED_BY	Solute carrier organic anion transporter family member 1B3
Copanlisib	TRANSPORTED_BY	Broad substrate specificity ATP-binding cassette transporter ABCG2
Copanlisib	TRANSPORTED_BY	ATP-dependent translocase ABCB1
Copanlisib	TRANSPORTED_BY	Multidrug and toxin extrusion protein 2
Mirvetuximab soravtansine	TRANSPORTED_BY	ATP-dependent translocase ABCB1
Daprodustat	TRANSPORTED_BY	Broad substrate specificity ATP-binding cassette transporter ABCG2
Daprodustat	TRANSPORTED_BY	Solute carrier family 22 member 6
Daprodustat	TRANSPORTED_BY	Organic anion transporter 3
Daprodustat	TRANSPORTED_BY	Solute carrier organic anion transporter family member 1B1
Daprodustat	TRANSPORTED_BY	Solute carrier organic anion transporter family member 1B3
Selumetinib	TRANSPORTED_BY	Broad substrate specificity ATP-binding cassette transporter ABCG2
Selumetinib	TRANSPORTED_BY	ATP-dependent translocase ABCB1
Naldemedine	TRANSPORTED_BY	ATP-binding cassette sub-family B member 5
Voclosporin	TRANSPORTED_BY	ATP-dependent translocase ABCB1
Carnosine	TRANSPORTED_BY	Solute carrier family 15 member 1
Pacritinib	TRANSPORTED_BY	Broad substrate specificity ATP-binding cassette transporter ABCG2
Pacritinib	TRANSPORTED_BY	ATP-dependent translocase ABCB1
Pacritinib	TRANSPORTED_BY	Solute carrier family 22 member 1
Pacritinib	TRANSPORTED_BY	Solute carrier family 22 member 2
Trigonellamide	TRANSPORTED_BY	Solute carrier family 22 member 1
Tezacaftor	TRANSPORTED_BY	Broad substrate specificity ATP-binding cassette transporter ABCG2
Tezacaftor	TRANSPORTED_BY	ATP-dependent translocase ABCB1
Tezacaftor	TRANSPORTED_BY	Solute carrier family 22 member 2
Tezacaftor	TRANSPORTED_BY	Solute carrier family 22 member 6
Tezacaftor	TRANSPORTED_BY	Organic anion transporter 3
Tezacaftor	TRANSPORTED_BY	Solute carrier organic anion transporter family member 1B1
Tezacaftor	TRANSPORTED_BY	Solute carrier organic anion transporter family member 1B3
Encorafenib	TRANSPORTED_BY	Broad substrate specificity ATP-binding cassette transporter ABCG2
Encorafenib	TRANSPORTED_BY	ATP-dependent translocase ABCB1
Encorafenib	TRANSPORTED_BY	Solute carrier family 22 member 2
Encorafenib	TRANSPORTED_BY	Solute carrier family 22 member 6
Encorafenib	TRANSPORTED_BY	Organic anion transporter 3
Encorafenib	TRANSPORTED_BY	Solute carrier organic anion transporter family member 1B1
Encorafenib	TRANSPORTED_BY	Solute carrier organic anion transporter family member 1B3
Lasmiditan	TRANSPORTED_BY	Broad substrate specificity ATP-binding cassette transporter ABCG2
Lasmiditan	TRANSPORTED_BY	ATP-dependent translocase ABCB1
Lasmiditan	TRANSPORTED_BY	Solute carrier family 22 member 1
Lasmiditan	TRANSPORTED_BY	Multidrug and toxin extrusion protein 1
Lasmiditan	TRANSPORTED_BY	Multidrug and toxin extrusion protein 2
Vonoprazan	TRANSPORTED_BY	ATP-dependent translocase ABCB1
Ebastine	TRANSPORTED_BY	ATP-dependent translocase ABCB1
Emetine	TRANSPORTED_BY	ATP-dependent translocase ABCB1
Metildigoxin	TRANSPORTED_BY	ATP-dependent translocase ABCB1
Oxypertine	TRANSPORTED_BY	Sodium-dependent serotonin transporter
Berotralstat	TRANSPORTED_BY	Broad substrate specificity ATP-binding cassette transporter ABCG2
Berotralstat	TRANSPORTED_BY	ATP-dependent translocase ABCB1
Fedratinib	TRANSPORTED_BY	Broad substrate specificity ATP-binding cassette transporter ABCG2
Fedratinib	TRANSPORTED_BY	ATP-dependent translocase ABCB1
Fedratinib	TRANSPORTED_BY	POU domain, class 2, transcription factor 2
Fedratinib	TRANSPORTED_BY	Solute carrier organic anion transporter family member 1B1
Fedratinib	TRANSPORTED_BY	Solute carrier organic anion transporter family member 1B3
Fedratinib	TRANSPORTED_BY	Multidrug and toxin extrusion protein 1
Fedratinib	TRANSPORTED_BY	Multidrug and toxin extrusion protein 2
Omaveloxolone	TRANSPORTED_BY	Solute carrier family 22 member 6
9-aminocamptothecin	TRANSPORTED_BY	Broad substrate specificity ATP-binding cassette transporter ABCG2
Sarcosine	TRANSPORTED_BY	Sodium- and chloride-dependent glycine transporter 1
SAR-405838	TRANSPORTED_BY	ATP-dependent translocase ABCB1
Sparsentan	TRANSPORTED_BY	Broad substrate specificity ATP-binding cassette transporter ABCG2
Sparsentan	TRANSPORTED_BY	ATP-dependent translocase ABCB1
Sparsentan	TRANSPORTED_BY	Organic anion transporter 3
Sparsentan	TRANSPORTED_BY	Solute carrier organic anion transporter family member 1B3
Calcium phosphate dihydrate	TRANSPORTED_BY	Ryanodine receptor 1
Calcium phosphate dihydrate	TRANSPORTED_BY	Ryanodine receptor 2
Calcium phosphate dihydrate	TRANSPORTED_BY	Ryanodine receptor 3
Calcium phosphate dihydrate	TRANSPORTED_BY	Voltage-dependent P/Q-type calcium channel subunit alpha-1A
Calcium phosphate dihydrate	TRANSPORTED_BY	Voltage-dependent L-type calcium channel subunit alpha-1C
Calcium phosphate dihydrate	TRANSPORTED_BY	Voltage-dependent L-type calcium channel subunit alpha-1D
Calcium phosphate dihydrate	TRANSPORTED_BY	Voltage-dependent R-type calcium channel subunit alpha-1E
Calcium phosphate dihydrate	TRANSPORTED_BY	Voltage-dependent L-type calcium channel subunit alpha-1F
Calcium phosphate dihydrate	TRANSPORTED_BY	Voltage-dependent T-type calcium channel subunit alpha-1G
Calcium phosphate dihydrate	TRANSPORTED_BY	Voltage-dependent T-type calcium channel subunit alpha-1H
Calcium phosphate dihydrate	TRANSPORTED_BY	Voltage-dependent T-type calcium channel subunit alpha-1I
Calcium phosphate dihydrate	TRANSPORTED_BY	Voltage-dependent L-type calcium channel subunit alpha-1S
Calcium phosphate dihydrate	TRANSPORTED_BY	Voltage-dependent L-type calcium channel subunit beta-1
Calcium phosphate dihydrate	TRANSPORTED_BY	Voltage-dependent L-type calcium channel subunit beta-2
Calcium phosphate dihydrate	TRANSPORTED_BY	Voltage-dependent L-type calcium channel subunit beta-3
Calcium phosphate dihydrate	TRANSPORTED_BY	Voltage-dependent L-type calcium channel subunit beta-4
Calcium phosphate dihydrate	TRANSPORTED_BY	Cation channel sperm-associated protein 1
Calcium phosphate dihydrate	TRANSPORTED_BY	Sodium/calcium exchanger 1
Calcium phosphate dihydrate	TRANSPORTED_BY	Sodium-dependent phosphate transport protein 2A
Calcium phosphate dihydrate	TRANSPORTED_BY	Sodium-dependent phosphate transport protein 2B
Calcium phosphate dihydrate	TRANSPORTED_BY	Sodium-dependent phosphate transport protein 2C
Calcium phosphate dihydrate	TRANSPORTED_BY	Sodium-dependent phosphate transporter 1
Calcium phosphate dihydrate	TRANSPORTED_BY	Sodium-dependent phosphate transporter 2
Calcium phosphate dihydrate	TRANSPORTED_BY	Polycystin-1-like protein 3
Calcium phosphate dihydrate	TRANSPORTED_BY	Polycystin-2-like protein 1
Calcium phosphate dihydrate	TRANSPORTED_BY	Transient receptor potential cation channel subfamily V member 5
Calcium phosphate dihydrate	TRANSPORTED_BY	Transient receptor potential cation channel subfamily V member 6
Cefodizime	TRANSPORTED_BY	ATP-binding cassette sub-family C member 2
Cefsulodin	TRANSPORTED_BY	Solute carrier family 15 member 1
Aprocitentan	TRANSPORTED_BY	Bile salt export pump
Aprocitentan	TRANSPORTED_BY	Broad substrate specificity ATP-binding cassette transporter ABCG2
Aprocitentan	TRANSPORTED_BY	ATP-dependent translocase ABCB1
Aprocitentan	TRANSPORTED_BY	Hepatic sodium/bile acid cotransporter
Upadacitinib	TRANSPORTED_BY	Broad substrate specificity ATP-binding cassette transporter ABCG2
Upadacitinib	TRANSPORTED_BY	ATP-dependent translocase ABCB1
Upadacitinib	TRANSPORTED_BY	Solute carrier organic anion transporter family member 1B1
Gefapixant	TRANSPORTED_BY	Broad substrate specificity ATP-binding cassette transporter ABCG2
Gefapixant	TRANSPORTED_BY	ATP-dependent translocase ABCB1
Gefapixant	TRANSPORTED_BY	Multidrug and toxin extrusion protein 1
Gefapixant	TRANSPORTED_BY	Multidrug and toxin extrusion protein 2
Pemigatinib	TRANSPORTED_BY	Broad substrate specificity ATP-binding cassette transporter ABCG2
Pemigatinib	TRANSPORTED_BY	ATP-dependent translocase ABCB1
Pemigatinib	TRANSPORTED_BY	Solute carrier family 22 member 2
Pemigatinib	TRANSPORTED_BY	Multidrug and toxin extrusion protein 1
Tepotinib	TRANSPORTED_BY	Bile salt export pump
Tepotinib	TRANSPORTED_BY	Broad substrate specificity ATP-binding cassette transporter ABCG2
Tepotinib	TRANSPORTED_BY	ATP-dependent translocase ABCB1
Tepotinib	TRANSPORTED_BY	Solute carrier family 22 member 1
Tepotinib	TRANSPORTED_BY	Solute carrier family 22 member 2
Tepotinib	TRANSPORTED_BY	Multidrug and toxin extrusion protein 1
Tepotinib	TRANSPORTED_BY	Multidrug and toxin extrusion protein 2
Futibatinib	TRANSPORTED_BY	Broad substrate specificity ATP-binding cassette transporter ABCG2
Futibatinib	TRANSPORTED_BY	ATP-dependent translocase ABCB1
Melagatran	TRANSPORTED_BY	ATP-dependent translocase ABCB1
Potassium gluconate	TRANSPORTED_BY	Sodium/potassium-transporting ATPase subunit alpha-1
Potassium gluconate	TRANSPORTED_BY	Potassium-transporting ATPase alpha chain 1
Potassium gluconate	TRANSPORTED_BY	Potassium-transporting ATPase subunit beta
Potassium gluconate	TRANSPORTED_BY	Solute carrier family 12 member 1
ABT-737	TRANSPORTED_BY	ATP-dependent translocase ABCB1
Chelerythrine	TRANSPORTED_BY	ATP-binding cassette sub-family C member 2
Spiperone	TRANSPORTED_BY	ATP-dependent translocase ABCB1
Linzagolix	TRANSPORTED_BY	Broad substrate specificity ATP-binding cassette transporter ABCG2
Linzagolix	TRANSPORTED_BY	Solute carrier family 22 member 6
Linzagolix	TRANSPORTED_BY	Organic anion transporter 3
Linzagolix	TRANSPORTED_BY	Solute carrier organic anion transporter family member 1B1
Linzagolix	TRANSPORTED_BY	Solute carrier organic anion transporter family member 1B3
Vorasidenib	TRANSPORTED_BY	Broad substrate specificity ATP-binding cassette transporter ABCG2
Indocyanine green	TRANSPORTED_BY	Solute carrier organic anion transporter family member 1B3
Atogepant	TRANSPORTED_BY	Broad substrate specificity ATP-binding cassette transporter ABCG2
Atogepant	TRANSPORTED_BY	ATP-dependent translocase ABCB1
Atogepant	TRANSPORTED_BY	Solute carrier family 22 member 1
Atogepant	TRANSPORTED_BY	Solute carrier family 22 member 6
Atogepant	TRANSPORTED_BY	Solute carrier organic anion transporter family member 1B1
Atogepant	TRANSPORTED_BY	Solute carrier organic anion transporter family member 1B3
Atogepant	TRANSPORTED_BY	Multidrug and toxin extrusion protein 1
Potassium	TRANSPORTED_BY	Sodium/potassium-transporting ATPase subunit alpha-1
Potassium	TRANSPORTED_BY	Solute carrier family 12 member 1
Sodium phosphate, dibasic	TRANSPORTED_BY	Sodium-dependent phosphate transport protein 2A
Sodium phosphate, dibasic	TRANSPORTED_BY	Sodium-dependent phosphate transport protein 2B
Sodium phosphate, dibasic	TRANSPORTED_BY	Sodium-dependent phosphate transport protein 2C
Sodium phosphate, dibasic	TRANSPORTED_BY	Sodium-dependent phosphate transporter 1
Sodium phosphate, dibasic	TRANSPORTED_BY	Sodium-dependent phosphate transporter 2
Sodium phosphate, monobasic, unspecified form	TRANSPORTED_BY	Sodium-dependent phosphate transport protein 2A
Sodium phosphate, monobasic, unspecified form	TRANSPORTED_BY	Sodium-dependent phosphate transport protein 2B
Sodium phosphate, monobasic, unspecified form	TRANSPORTED_BY	Sodium-dependent phosphate transport protein 2C
Sodium phosphate, monobasic, unspecified form	TRANSPORTED_BY	Sodium-dependent phosphate transporter 1
Sodium phosphate, monobasic, unspecified form	TRANSPORTED_BY	Sodium-dependent phosphate transporter 2
Lithium carbonate	TRANSPORTED_BY	Epithelial sodium channel subunit alpha
Lithium carbonate	TRANSPORTED_BY	Epithelial sodium channel subunit beta
Lithium carbonate	TRANSPORTED_BY	Epithelial sodium channel subunit gamma
Magnesium	TRANSPORTED_BY	Claudin-16
Magnesium	TRANSPORTED_BY	Magnesium transporter MRS2 homolog, mitochondrial
Magnesium	TRANSPORTED_BY	Solute carrier family 41 member 1
Magnesium	TRANSPORTED_BY	Solute carrier family 41 member 3
Magnesium	TRANSPORTED_BY	Transient receptor potential cation channel subfamily M member 6
Magnesium	TRANSPORTED_BY	Transient receptor potential cation channel subfamily M member 7
Tetraferric tricitrate decahydrate	TRANSPORTED_BY	Natural resistance-associated macrophage protein 2
Tetraferric tricitrate decahydrate	TRANSPORTED_BY	Ferroportin
Phosphate ion	TRANSPORTED_BY	Mitochondrial dicarboxylate carrier
Phosphate ion	TRANSPORTED_BY	Glucose-6-phosphate exchanger SLC37A1
Phosphate ion	TRANSPORTED_BY	Sodium-dependent phosphate transport protein 1
Phosphate ion	TRANSPORTED_BY	Sodium-dependent phosphate transport protein 4
Phosphate ion	TRANSPORTED_BY	Probable small intestine urate exporter
Phosphate ion	TRANSPORTED_BY	Sodium-dependent phosphate transporter 1
Phosphate ion	TRANSPORTED_BY	Sodium-dependent phosphate transporter 2
Phosphate ion	TRANSPORTED_BY	Solute carrier family 25 member 3
Phosphate ion	TRANSPORTED_BY	Mitochondrial adenyl nucleotide antiporter SLC25A24
Phosphate ion	TRANSPORTED_BY	Mitochondrial adenyl nucleotide antiporter SLC25A25
Phosphate ion	TRANSPORTED_BY	Mitochondrial adenyl nucleotide antiporter SLC25A23
Phosphate ion	TRANSPORTED_BY	Vesicular glutamate transporter 1
Phosphate ion	TRANSPORTED_BY	Vesicular glutamate transporter 2
Zinc chloride	TRANSPORTED_BY	Zinc transporter ZIP1
Zinc chloride	TRANSPORTED_BY	Zinc transporter ZIP2
Zinc chloride	TRANSPORTED_BY	Zinc transporter ZIP3
Zinc chloride	TRANSPORTED_BY	Zinc transporter ZIP4
Zinc chloride	TRANSPORTED_BY	Zinc transporter ZIP5
Zinc chloride	TRANSPORTED_BY	Zinc transporter ZIP6
Zinc chloride	TRANSPORTED_BY	Zinc transporter SLC39A7
Zinc chloride	TRANSPORTED_BY	Metal cation symporter ZIP8
Zinc chloride	TRANSPORTED_BY	Zinc transporter ZIP9
Zinc chloride	TRANSPORTED_BY	Zinc transporter ZIP10
Zinc chloride	TRANSPORTED_BY	Zinc transporter ZIP11
Zinc chloride	TRANSPORTED_BY	Zinc transporter ZIP12
Zinc chloride	TRANSPORTED_BY	Zinc transporter ZIP13
Zinc chloride	TRANSPORTED_BY	Metal cation symporter ZIP14
Zinc chloride	TRANSPORTED_BY	Calcium/manganese antiporter SLC30A10
Zinc chloride	TRANSPORTED_BY	Proton-coupled zinc antiporter SLC30A1
Zinc chloride	TRANSPORTED_BY	Proton-coupled zinc antiporter SLC30A2
Zinc chloride	TRANSPORTED_BY	Probable proton-coupled zinc antiporter SLC30A3
Zinc chloride	TRANSPORTED_BY	Probable proton-coupled zinc antiporter SLC30A4
Zinc chloride	TRANSPORTED_BY	Proton-coupled zinc antiporter SLC30A5
Zinc chloride	TRANSPORTED_BY	Zinc transporter 6
Zinc chloride	TRANSPORTED_BY	Zinc transporter 7
Zinc chloride	TRANSPORTED_BY	Proton-coupled zinc antiporter SLC30A8
Zinc chloride	TRANSPORTED_BY	Proton-coupled zinc antiporter SLC30A9, mitochondrial
Hydrocortisone aceponate	TRANSPORTED_BY	Broad substrate specificity ATP-binding cassette transporter ABCG2
Hydrocortisone aceponate	TRANSPORTED_BY	ATP-dependent translocase ABCB1
Hydrocortisone aceponate	TRANSPORTED_BY	Organic anion transporter 3
Hydrocortisone aceponate	TRANSPORTED_BY	Solute carrier organic anion transporter family member 1A2
Hydrocortisone acetate	TRANSPORTED_BY	Broad substrate specificity ATP-binding cassette transporter ABCG2
Hydrocortisone acetate	TRANSPORTED_BY	ATP-dependent translocase ABCB1
Hydrocortisone acetate	TRANSPORTED_BY	Organic anion transporter 3
Hydrocortisone acetate	TRANSPORTED_BY	Solute carrier organic anion transporter family member 1A2
Hydrocortisone butyrate	TRANSPORTED_BY	Broad substrate specificity ATP-binding cassette transporter ABCG2
Hydrocortisone butyrate	TRANSPORTED_BY	ATP-dependent translocase ABCB1
Hydrocortisone butyrate	TRANSPORTED_BY	Organic anion transporter 3
Hydrocortisone butyrate	TRANSPORTED_BY	Solute carrier organic anion transporter family member 1A2
Hydrocortisone cypionate	TRANSPORTED_BY	Broad substrate specificity ATP-binding cassette transporter ABCG2
Hydrocortisone cypionate	TRANSPORTED_BY	ATP-dependent translocase ABCB1
Hydrocortisone cypionate	TRANSPORTED_BY	Organic anion transporter 3
Hydrocortisone cypionate	TRANSPORTED_BY	Solute carrier organic anion transporter family member 1A2
Hydrocortisone phosphate	TRANSPORTED_BY	Broad substrate specificity ATP-binding cassette transporter ABCG2
Hydrocortisone phosphate	TRANSPORTED_BY	ATP-dependent translocase ABCB1
Hydrocortisone phosphate	TRANSPORTED_BY	Organic anion transporter 3
Hydrocortisone phosphate	TRANSPORTED_BY	Solute carrier organic anion transporter family member 1A2
Hydrocortisone probutate	TRANSPORTED_BY	Broad substrate specificity ATP-binding cassette transporter ABCG2
Hydrocortisone probutate	TRANSPORTED_BY	ATP-dependent translocase ABCB1
Hydrocortisone probutate	TRANSPORTED_BY	Organic anion transporter 3
Hydrocortisone probutate	TRANSPORTED_BY	Solute carrier organic anion transporter family member 1A2
Hydrocortisone valerate	TRANSPORTED_BY	Broad substrate specificity ATP-binding cassette transporter ABCG2
Hydrocortisone valerate	TRANSPORTED_BY	ATP-dependent translocase ABCB1
Hydrocortisone valerate	TRANSPORTED_BY	Organic anion transporter 3
Hydrocortisone valerate	TRANSPORTED_BY	Solute carrier organic anion transporter family member 1A2
Sulfate ion	TRANSPORTED_BY	Mitochondrial dicarboxylate carrier
Sulfate ion	TRANSPORTED_BY	Solute carrier family 13 member 1
Sulfate ion	TRANSPORTED_BY	Solute carrier family 13 member 4
Sulfate ion	TRANSPORTED_BY	Sulfate anion transporter 1
Sulfate ion	TRANSPORTED_BY	Sulfate transporter
Sulfate ion	TRANSPORTED_BY	Solute carrier family 26 member 6
Sulfate ion	TRANSPORTED_BY	Anion exchange transporter
Zinc sulfate, unspecified form	TRANSPORTED_BY	Zinc transporter ZIP1
Zinc sulfate, unspecified form	TRANSPORTED_BY	Zinc transporter ZIP2
Zinc sulfate, unspecified form	TRANSPORTED_BY	Zinc transporter ZIP3
Zinc sulfate, unspecified form	TRANSPORTED_BY	Zinc transporter ZIP4
Zinc sulfate, unspecified form	TRANSPORTED_BY	Zinc transporter ZIP5
Zinc sulfate, unspecified form	TRANSPORTED_BY	Zinc transporter ZIP6
Zinc sulfate, unspecified form	TRANSPORTED_BY	Zinc transporter SLC39A7
Zinc sulfate, unspecified form	TRANSPORTED_BY	Metal cation symporter ZIP8
Zinc sulfate, unspecified form	TRANSPORTED_BY	Zinc transporter ZIP9
Zinc sulfate, unspecified form	TRANSPORTED_BY	Zinc transporter ZIP10
Zinc sulfate, unspecified form	TRANSPORTED_BY	Zinc transporter ZIP11
Zinc sulfate, unspecified form	TRANSPORTED_BY	Zinc transporter ZIP12
Zinc sulfate, unspecified form	TRANSPORTED_BY	Zinc transporter ZIP13
Zinc sulfate, unspecified form	TRANSPORTED_BY	Metal cation symporter ZIP14
Zinc sulfate, unspecified form	TRANSPORTED_BY	Calcium/manganese antiporter SLC30A10
Zinc sulfate, unspecified form	TRANSPORTED_BY	Proton-coupled zinc antiporter SLC30A1
Zinc sulfate, unspecified form	TRANSPORTED_BY	Proton-coupled zinc antiporter SLC30A2
Zinc sulfate, unspecified form	TRANSPORTED_BY	Probable proton-coupled zinc antiporter SLC30A3
Zinc sulfate, unspecified form	TRANSPORTED_BY	Probable proton-coupled zinc antiporter SLC30A4
Zinc sulfate, unspecified form	TRANSPORTED_BY	Proton-coupled zinc antiporter SLC30A5
Zinc sulfate, unspecified form	TRANSPORTED_BY	Zinc transporter 6
Zinc sulfate, unspecified form	TRANSPORTED_BY	Zinc transporter 7
Zinc sulfate, unspecified form	TRANSPORTED_BY	Proton-coupled zinc antiporter SLC30A8
Zinc sulfate, unspecified form	TRANSPORTED_BY	Proton-coupled zinc antiporter SLC30A9, mitochondrial
Piperine	TRANSPORTED_BY	ATP-dependent translocase ABCB1
Asciminib	TRANSPORTED_BY	Broad substrate specificity ATP-binding cassette transporter ABCG2
Asciminib	TRANSPORTED_BY	ATP-dependent translocase ABCB1
Asciminib	TRANSPORTED_BY	Solute carrier family 22 member 1
Asciminib	TRANSPORTED_BY	Solute carrier organic anion transporter family member 1B1
Asciminib	TRANSPORTED_BY	Solute carrier organic anion transporter family member 1B3
Nafamostat	TRANSPORTED_BY	Solute carrier family 22 member 1
Nafamostat	TRANSPORTED_BY	Solute carrier family 22 member 2
Ozanimod	TRANSPORTED_BY	Broad substrate specificity ATP-binding cassette transporter ABCG2
Ozanimod	TRANSPORTED_BY	Amine oxidase [flavin-containing] B
Ozanimod	TRANSPORTED_BY	ATP-dependent translocase ABCB1
Plazomicin	TRANSPORTED_BY	Multidrug and toxin extrusion protein 1
Plazomicin	TRANSPORTED_BY	Multidrug and toxin extrusion protein 2
Givinostat	TRANSPORTED_BY	Solute carrier family 22 member 2
Lurbinectedin	TRANSPORTED_BY	ATP-dependent translocase ABCB1
Lurbinectedin	TRANSPORTED_BY	Solute carrier family 22 member 1
Lurbinectedin	TRANSPORTED_BY	Solute carrier organic anion transporter family member 1B1
Lurbinectedin	TRANSPORTED_BY	Solute carrier organic anion transporter family member 1B3
Phenethyl Isothiocyanate	TRANSPORTED_BY	Broad substrate specificity ATP-binding cassette transporter ABCG2
Phenethyl Isothiocyanate	TRANSPORTED_BY	Multidrug resistance-associated protein 1
Phenethyl Isothiocyanate	TRANSPORTED_BY	ATP-binding cassette sub-family C member 2
Avapritinib	TRANSPORTED_BY	Bile salt export pump
Avapritinib	TRANSPORTED_BY	Broad substrate specificity ATP-binding cassette transporter ABCG2
Avapritinib	TRANSPORTED_BY	ATP-dependent translocase ABCB1
Avapritinib	TRANSPORTED_BY	Multidrug and toxin extrusion protein 1
Avapritinib	TRANSPORTED_BY	Multidrug and toxin extrusion protein 2
Propicillin	TRANSPORTED_BY	Monocarboxylate transporter 2
Camostat	TRANSPORTED_BY	Solute carrier family 22 member 1
Glycyrrhizic acid	TRANSPORTED_BY	Bile salt export pump
Glycyrrhizic acid	TRANSPORTED_BY	ATP-binding cassette sub-family C member 2
Glycyrrhizic acid	TRANSPORTED_BY	ATP-binding cassette sub-family C member 3
Mephenoxalone	TRANSPORTED_BY	Multidrug and toxin extrusion protein 1
Ivosidenib	TRANSPORTED_BY	ATP-dependent translocase ABCB1
Ivosidenib	TRANSPORTED_BY	Organic anion transporter 3
Eslicarbazepine	TRANSPORTED_BY	ATP-dependent translocase ABCB1
Prednisolone phosphate	TRANSPORTED_BY	ATP-dependent translocase ABCB1
Prednisolone phosphate	TRANSPORTED_BY	Organic anion transporter 3
Prednisolone phosphate	TRANSPORTED_BY	Solute carrier organic anion transporter family member 1A2
Curcumin sulfate	TRANSPORTED_BY	ATP-dependent translocase ABCB1
Estriol tripropionate	TRANSPORTED_BY	ATP-dependent translocase ABCB1
Estriol tripropionate	TRANSPORTED_BY	Solute carrier organic anion transporter family member 1A2
Lypressin	TRANSPORTED_BY	ATP-binding cassette sub-family C member 2
Dexamethasone acetate	TRANSPORTED_BY	Bile salt export pump
Dexamethasone acetate	TRANSPORTED_BY	Broad substrate specificity ATP-binding cassette transporter ABCG2
Dexamethasone acetate	TRANSPORTED_BY	ATP-binding cassette sub-family C member 2
Dexamethasone acetate	TRANSPORTED_BY	ATP-dependent translocase ABCB1
Dexamethasone acetate	TRANSPORTED_BY	Organic anion transporter 3
Dexamethasone acetate	TRANSPORTED_BY	Solute carrier organic anion transporter family member 1A2
Betamethasone phosphate	TRANSPORTED_BY	ATP-dependent translocase ABCB1
Betamethasone phosphate	TRANSPORTED_BY	Organic anion transporter 3
Betamethasone phosphate	TRANSPORTED_BY	Solute carrier organic anion transporter family member 1A2
Cortisone	TRANSPORTED_BY	ATP-dependent translocase ABCB1
Delgocitinib	TRANSPORTED_BY	ATP-dependent translocase ABCB1
Delgocitinib	TRANSPORTED_BY	Solute carrier family 22 member 2
Delgocitinib	TRANSPORTED_BY	Organic anion transporter 3
Diflomotecan	TRANSPORTED_BY	Broad substrate specificity ATP-binding cassette transporter ABCG2
Ensifentrine	TRANSPORTED_BY	Broad substrate specificity ATP-binding cassette transporter ABCG2
Perazine	TRANSPORTED_BY	ATP-dependent translocase ABCB1
Pilsicainide	TRANSPORTED_BY	Bile salt export pump
Sotagliflozin	TRANSPORTED_BY	Broad substrate specificity ATP-binding cassette transporter ABCG2
Sotagliflozin	TRANSPORTED_BY	ATP-binding cassette sub-family C member 2
Sotagliflozin	TRANSPORTED_BY	ATP-dependent translocase ABCB1
Sotagliflozin	TRANSPORTED_BY	Solute carrier organic anion transporter family member 1B1
Sotagliflozin	TRANSPORTED_BY	Solute carrier organic anion transporter family member 1B3
Dolastatin 10	TRANSPORTED_BY	ATP-dependent translocase ABCB1
Xamoterol	TRANSPORTED_BY	Solute carrier family 22 member 1
Acemetacin	TRANSPORTED_BY	Multidrug resistance-associated protein 1
Metampicillin	TRANSPORTED_BY	Solute carrier family 15 member 1
Metampicillin	TRANSPORTED_BY	Solute carrier family 15 member 2
Tovorafenib	TRANSPORTED_BY	Broad substrate specificity ATP-binding cassette transporter ABCG2
Inavolisib	TRANSPORTED_BY	ATP-binding cassette sub-family B member 5
Inavolisib	TRANSPORTED_BY	Broad substrate specificity ATP-binding cassette transporter ABCG2
Risdiplam	TRANSPORTED_BY	Broad substrate specificity ATP-binding cassette transporter ABCG2
Risdiplam	TRANSPORTED_BY	ATP-dependent translocase ABCB1
Risdiplam	TRANSPORTED_BY	Multidrug and toxin extrusion protein 1
Risdiplam	TRANSPORTED_BY	Multidrug and toxin extrusion protein 2
Ubrogepant	TRANSPORTED_BY	Broad substrate specificity ATP-binding cassette transporter ABCG2
Ubrogepant	TRANSPORTED_BY	ATP-dependent translocase ABCB1
Ubrogepant	TRANSPORTED_BY	Solute carrier family 22 member 2
Ubrogepant	TRANSPORTED_BY	Solute carrier family 22 member 6
Ubrogepant	TRANSPORTED_BY	Solute carrier organic anion transporter family member 1B1
Ubrogepant	TRANSPORTED_BY	Solute carrier organic anion transporter family member 1B3
Xanomeline	TRANSPORTED_BY	ATP-dependent translocase ABCB1
Bisantrene	TRANSPORTED_BY	Broad substrate specificity ATP-binding cassette transporter ABCG2
Bisantrene	TRANSPORTED_BY	ATP-dependent translocase ABCB1
Tenivastatin	TRANSPORTED_BY	ATP-dependent translocase ABCB1
Larotrectinib	TRANSPORTED_BY	Broad substrate specificity ATP-binding cassette transporter ABCG2
Larotrectinib	TRANSPORTED_BY	ATP-dependent translocase ABCB1
Dabigatran	TRANSPORTED_BY	ATP-dependent translocase ABCB1
Ceftobiprole medocaril	TRANSPORTED_BY	Bile salt export pump
Ceftobiprole medocaril	TRANSPORTED_BY	ATP-binding cassette sub-family C member 2
Ceftobiprole medocaril	TRANSPORTED_BY	Solute carrier organic anion transporter family member 1B1
Ceftobiprole medocaril	TRANSPORTED_BY	Solute carrier organic anion transporter family member 1B3
Cannabinol	TRANSPORTED_BY	Broad substrate specificity ATP-binding cassette transporter ABCG2
Cannabinol	TRANSPORTED_BY	Multidrug resistance-associated protein 1
Cannabinol	TRANSPORTED_BY	ATP-dependent translocase ABCB1
Solriamfetol	TRANSPORTED_BY	Solute carrier family 22 member 2
Solriamfetol	TRANSPORTED_BY	Solute carrier family 22 member 4
Solriamfetol	TRANSPORTED_BY	Organic cation/carnitine transporter 2
Lazertinib	TRANSPORTED_BY	Broad substrate specificity ATP-binding cassette transporter ABCG2
Lazertinib	TRANSPORTED_BY	Solute carrier family 22 member 1
Leniolisib	TRANSPORTED_BY	Broad substrate specificity ATP-binding cassette transporter ABCG2
Leniolisib	TRANSPORTED_BY	ATP-dependent translocase ABCB1
Leniolisib	TRANSPORTED_BY	Solute carrier organic anion transporter family member 1B1
Leniolisib	TRANSPORTED_BY	Solute carrier organic anion transporter family member 1B3
Lonapegsomatropin	TRANSPORTED_BY	ATP-dependent translocase ABCB1
Loncastuximab tesirine	TRANSPORTED_BY	ATP-dependent translocase ABCB1
Maralixibat	TRANSPORTED_BY	Solute carrier organic anion transporter family member 2B1
Mitapivat	TRANSPORTED_BY	ATP-dependent translocase ABCB1
Odevixibat	TRANSPORTED_BY	ATP-dependent translocase ABCB1
Olutasidenib	TRANSPORTED_BY	Broad substrate specificity ATP-binding cassette transporter ABCG2
Olutasidenib	TRANSPORTED_BY	ATP-dependent translocase ABCB1
Olutasidenib	TRANSPORTED_BY	Solute carrier family 22 member 2
Olutasidenib	TRANSPORTED_BY	Organic anion transporter 3
Olutasidenib	TRANSPORTED_BY	Solute carrier organic anion transporter family member 1B1
Olutasidenib	TRANSPORTED_BY	Solute carrier organic anion transporter family member 1B3
Olutasidenib	TRANSPORTED_BY	Multidrug and toxin extrusion protein 1
Olutasidenib	TRANSPORTED_BY	Multidrug and toxin extrusion protein 2
Dinoprost	TRANSPORTED_BY	ATP-binding cassette sub-family C member 4
Dinoprost	TRANSPORTED_BY	Solute carrier family 22 member 1
Dinoprost	TRANSPORTED_BY	Solute carrier family 22 member 2
Dinoprost	TRANSPORTED_BY	Solute carrier family 22 member 6
Dinoprost	TRANSPORTED_BY	Solute carrier family 22 member 7
Dinoprost	TRANSPORTED_BY	Organic anion transporter 3
Dinoprost	TRANSPORTED_BY	Solute carrier family 22 member 11
Dinoprost	TRANSPORTED_BY	Solute carrier organic anion transporter family member 2A1
Dinoprost	TRANSPORTED_BY	Solute carrier organic anion transporter family member 3A1
Laniquidar	TRANSPORTED_BY	ATP-dependent translocase ABCB1
Lefamulin	TRANSPORTED_BY	ATP-dependent translocase ABCB1
Grapiprant	TRANSPORTED_BY	ATP-dependent translocase ABCB1
Pradigastat	TRANSPORTED_BY	Organic anion transporter 3
Quizartinib	TRANSPORTED_BY	Broad substrate specificity ATP-binding cassette transporter ABCG2
Quizartinib	TRANSPORTED_BY	ATP-dependent translocase ABCB1
Tazemetostat	TRANSPORTED_BY	Broad substrate specificity ATP-binding cassette transporter ABCG2
Tazemetostat	TRANSPORTED_BY	ATP-dependent translocase ABCB1
Tazemetostat	TRANSPORTED_BY	Multidrug and toxin extrusion protein 1
Tazemetostat	TRANSPORTED_BY	Multidrug and toxin extrusion protein 2
Danicopan	TRANSPORTED_BY	Broad substrate specificity ATP-binding cassette transporter ABCG2
Danicopan	TRANSPORTED_BY	ATP-dependent translocase ABCB1
Pafolacianine	TRANSPORTED_BY	Solute carrier family 22 member 6
Pafolacianine	TRANSPORTED_BY	Solute carrier organic anion transporter family member 1B1
Pafolacianine	TRANSPORTED_BY	Solute carrier organic anion transporter family member 1B3
Remdesivir	TRANSPORTED_BY	Bile salt export pump
Remdesivir	TRANSPORTED_BY	ATP-binding cassette sub-family C member 4
Remdesivir	TRANSPORTED_BY	ATP-dependent translocase ABCB1
Remdesivir	TRANSPORTED_BY	Hepatic sodium/bile acid cotransporter
Remdesivir	TRANSPORTED_BY	Solute carrier organic anion transporter family member 1B1
Remdesivir	TRANSPORTED_BY	Solute carrier organic anion transporter family member 1B3
Remdesivir	TRANSPORTED_BY	Multidrug and toxin extrusion protein 1
Ripretinib	TRANSPORTED_BY	Broad substrate specificity ATP-binding cassette transporter ABCG2
Ripretinib	TRANSPORTED_BY	ATP-dependent translocase ABCB1
Ripretinib	TRANSPORTED_BY	Multidrug and toxin extrusion protein 1
Filgotinib	TRANSPORTED_BY	ATP-dependent translocase ABCB1
Sulopenem etzadroxil	TRANSPORTED_BY	Organic anion transporter 3
Mobocertinib	TRANSPORTED_BY	Broad substrate specificity ATP-binding cassette transporter ABCG2
Mobocertinib	TRANSPORTED_BY	ATP-dependent translocase ABCB1
Pirtobrutinib	TRANSPORTED_BY	Broad substrate specificity ATP-binding cassette transporter ABCG2
Pirtobrutinib	TRANSPORTED_BY	ATP-dependent translocase ABCB1
Trilaciclib	TRANSPORTED_BY	Broad substrate specificity ATP-binding cassette transporter ABCG2
Trilaciclib	TRANSPORTED_BY	ATP-dependent translocase ABCB1
Trilaciclib	TRANSPORTED_BY	Solute carrier family 22 member 2
Trilaciclib	TRANSPORTED_BY	Multidrug and toxin extrusion protein 1
Trilaciclib	TRANSPORTED_BY	Multidrug and toxin extrusion protein 2
Elexacaftor	TRANSPORTED_BY	ATP-dependent translocase ABCB1
Elexacaftor	TRANSPORTED_BY	Solute carrier organic anion transporter family member 1B1
Elexacaftor	TRANSPORTED_BY	Solute carrier organic anion transporter family member 1B3
Vericiguat	TRANSPORTED_BY	Broad substrate specificity ATP-binding cassette transporter ABCG2
Vericiguat	TRANSPORTED_BY	ATP-dependent translocase ABCB1
Belzutifan	TRANSPORTED_BY	ATP-dependent translocase ABCB1
Belzutifan	TRANSPORTED_BY	Solute carrier organic anion transporter family member 1B1
Belzutifan	TRANSPORTED_BY	Solute carrier organic anion transporter family member 1B3
Belzutifan	TRANSPORTED_BY	Multidrug and toxin extrusion protein 2
Vibegron	TRANSPORTED_BY	ATP-dependent translocase ABCB1
Imetelstat	TRANSPORTED_BY	Solute carrier organic anion transporter family member 1B1
Imetelstat	TRANSPORTED_BY	Solute carrier organic anion transporter family member 1B3
Revumenib	TRANSPORTED_BY	Solute carrier family 22 member 1
Revumenib	TRANSPORTED_BY	Solute carrier family 22 member 2
Revumenib	TRANSPORTED_BY	Solute carrier family 22 member 6
Revumenib	TRANSPORTED_BY	Organic anion transporter 3
Revumenib	TRANSPORTED_BY	Multidrug and toxin extrusion protein 1
Prednisolone acetate	TRANSPORTED_BY	ATP-dependent translocase ABCB1
Prednisolone acetate	TRANSPORTED_BY	Solute carrier organic anion transporter family member 1A2
Adagrasib	TRANSPORTED_BY	ATP-dependent translocase ABCB1
Sotorasib	TRANSPORTED_BY	Broad substrate specificity ATP-binding cassette transporter ABCG2
Sotorasib	TRANSPORTED_BY	ATP-dependent translocase ABCB1
Padeliporfin	TRANSPORTED_BY	Solute carrier organic anion transporter family member 1B1
Padeliporfin	TRANSPORTED_BY	Solute carrier organic anion transporter family member 1B3
Chrysin	TRANSPORTED_BY	Broad substrate specificity ATP-binding cassette transporter ABCG2
Ferric maltol	TRANSPORTED_BY	Integrin beta-3
Ferric maltol	TRANSPORTED_BY	Natural resistance-associated macrophage protein 2
Ferric derisomaltose	TRANSPORTED_BY	Transferrin receptor protein 1
Ferric derisomaltose	TRANSPORTED_BY	Transferrin receptor protein 2
Cabotegravir	TRANSPORTED_BY	Broad substrate specificity ATP-binding cassette transporter ABCG2
Cabotegravir	TRANSPORTED_BY	ATP-dependent translocase ABCB1
Cabotegravir	TRANSPORTED_BY	Solute carrier family 22 member 6
Cabotegravir	TRANSPORTED_BY	Organic anion transporter 3
Rifamycin	TRANSPORTED_BY	ATP-dependent translocase ABCB1
Rifamycin	TRANSPORTED_BY	Solute carrier organic anion transporter family member 1A2
Rifamycin	TRANSPORTED_BY	Solute carrier organic anion transporter family member 1B1
Rifamycin	TRANSPORTED_BY	Solute carrier organic anion transporter family member 1B3
Rifamycin	TRANSPORTED_BY	Solute carrier organic anion transporter family member 2A1
Rifamycin	TRANSPORTED_BY	Solute carrier organic anion transporter family member 2B1
Rifamycin	TRANSPORTED_BY	Multidrug and toxin extrusion protein 1
Istradefylline	TRANSPORTED_BY	Broad substrate specificity ATP-binding cassette transporter ABCG2
Istradefylline	TRANSPORTED_BY	ATP-dependent translocase ABCB1
Istradefylline	TRANSPORTED_BY	POU domain, class 2, transcription factor 2
Istradefylline	TRANSPORTED_BY	Solute carrier family 22 member 6
Istradefylline	TRANSPORTED_BY	Solute carrier organic anion transporter family member 1B1
Istradefylline	TRANSPORTED_BY	Solute carrier organic anion transporter family member 1B3
Istradefylline	TRANSPORTED_BY	Multidrug and toxin extrusion protein 1
Istradefylline	TRANSPORTED_BY	Multidrug and toxin extrusion protein 2
Talazoparib	TRANSPORTED_BY	Broad substrate specificity ATP-binding cassette transporter ABCG2
Talazoparib	TRANSPORTED_BY	ATP-dependent translocase ABCB1
Tenapanor	TRANSPORTED_BY	Solute carrier organic anion transporter family member 2B1
Momelotinib	TRANSPORTED_BY	Broad substrate specificity ATP-binding cassette transporter ABCG2
Momelotinib	TRANSPORTED_BY	ATP-dependent translocase ABCB1
Momelotinib	TRANSPORTED_BY	Solute carrier organic anion transporter family member 1B1
Momelotinib	TRANSPORTED_BY	Solute carrier organic anion transporter family member 1B3
Talinolol	TRANSPORTED_BY	ATP-binding cassette sub-family C member 2
Talinolol	TRANSPORTED_BY	ATP-dependent translocase ABCB1
Talinolol	TRANSPORTED_BY	Solute carrier organic anion transporter family member 1A2
Talinolol	TRANSPORTED_BY	Solute carrier organic anion transporter family member 2B1
Pazufloxacin	TRANSPORTED_BY	ATP-dependent translocase ABCB1
Danoprevir	TRANSPORTED_BY	Solute carrier organic anion transporter family member 1B1
Danoprevir	TRANSPORTED_BY	Solute carrier organic anion transporter family member 1B3
Radafaxine	TRANSPORTED_BY	ATP-dependent translocase ABCB1
Capmatinib	TRANSPORTED_BY	Broad substrate specificity ATP-binding cassette transporter ABCG2
Capmatinib	TRANSPORTED_BY	ATP-dependent translocase ABCB1
Capmatinib	TRANSPORTED_BY	Multidrug and toxin extrusion protein 1
Capmatinib	TRANSPORTED_BY	Multidrug and toxin extrusion protein 2
Niraparib	TRANSPORTED_BY	Broad substrate specificity ATP-binding cassette transporter ABCG2
Niraparib	TRANSPORTED_BY	ATP-dependent translocase ABCB1
Niraparib	TRANSPORTED_BY	Multidrug and toxin extrusion protein 1
Niraparib	TRANSPORTED_BY	Multidrug and toxin extrusion protein 2
Fostemsavir	TRANSPORTED_BY	Broad substrate specificity ATP-binding cassette transporter ABCG2
Fostemsavir	TRANSPORTED_BY	ATP-dependent translocase ABCB1
Fostemsavir	TRANSPORTED_BY	Solute carrier organic anion transporter family member 1B1
Fostemsavir	TRANSPORTED_BY	Solute carrier organic anion transporter family member 1B3
Tivozanib	TRANSPORTED_BY	Broad substrate specificity ATP-binding cassette transporter ABCG2
Tivozanib	TRANSPORTED_BY	ATP-dependent translocase ABCB1
Baricitinib	TRANSPORTED_BY	Broad substrate specificity ATP-binding cassette transporter ABCG2
Baricitinib	TRANSPORTED_BY	ATP-dependent translocase ABCB1
Baricitinib	TRANSPORTED_BY	Solute carrier family 22 member 2
Baricitinib	TRANSPORTED_BY	Solute carrier family 22 member 6
Baricitinib	TRANSPORTED_BY	Organic anion transporter 3
Baricitinib	TRANSPORTED_BY	Solute carrier organic anion transporter family member 1B3
Baricitinib	TRANSPORTED_BY	Multidrug and toxin extrusion protein 2
Nifurtimox	TRANSPORTED_BY	Broad substrate specificity ATP-binding cassette transporter ABCG2
Ertugliflozin	TRANSPORTED_BY	Broad substrate specificity ATP-binding cassette transporter ABCG2
Ertugliflozin	TRANSPORTED_BY	ATP-dependent translocase ABCB1
Neratinib	TRANSPORTED_BY	ATP-dependent translocase ABCB1
Osilodrostat	TRANSPORTED_BY	Solute carrier family 22 member 1
Osilodrostat	TRANSPORTED_BY	Solute carrier family 22 member 2
Osilodrostat	TRANSPORTED_BY	Solute carrier family 22 member 6
Osilodrostat	TRANSPORTED_BY	Organic anion transporter 3
Osilodrostat	TRANSPORTED_BY	Solute carrier organic anion transporter family member 1B1
Osilodrostat	TRANSPORTED_BY	Multidrug and toxin extrusion protein 1
Relugolix	TRANSPORTED_BY	Broad substrate specificity ATP-binding cassette transporter ABCG2
Relugolix	TRANSPORTED_BY	ATP-dependent translocase ABCB1
Revefenacin	TRANSPORTED_BY	Broad substrate specificity ATP-binding cassette transporter ABCG2
Revefenacin	TRANSPORTED_BY	ATP-dependent translocase ABCB1
Revefenacin	TRANSPORTED_BY	Solute carrier organic anion transporter family member 1B1
Revefenacin	TRANSPORTED_BY	Solute carrier organic anion transporter family member 1B3
Sofpironium	TRANSPORTED_BY	Solute carrier family 22 member 1
Sofpironium	TRANSPORTED_BY	Solute carrier family 22 member 2
Sofpironium	TRANSPORTED_BY	Multidrug and toxin extrusion protein 1
Benzgalantamine	TRANSPORTED_BY	ATP-dependent translocase ABCB1
Propionate ion	TRANSPORTED_BY	Sodium-coupled monocarboxylate transporter 1
Droloxifene	TRANSPORTED_BY	ATP-dependent translocase ABCB1
Lenacapavir	TRANSPORTED_BY	ATP-dependent translocase ABCB1
Selpercatinib	TRANSPORTED_BY	Broad substrate specificity ATP-binding cassette transporter ABCG2
Selpercatinib	TRANSPORTED_BY	ATP-dependent translocase ABCB1
Selpercatinib	TRANSPORTED_BY	Multidrug and toxin extrusion protein 1
Zavegepant	TRANSPORTED_BY	ATP-dependent translocase ABCB1
Zavegepant	TRANSPORTED_BY	Hepatic sodium/bile acid cotransporter
Zavegepant	TRANSPORTED_BY	Solute carrier organic anion transporter family member 1B3
Zavegepant	TRANSPORTED_BY	Multidrug and toxin extrusion protein 1
Zavegepant	TRANSPORTED_BY	Multidrug and toxin extrusion protein 2
Belantamab mafodotin	TRANSPORTED_BY	Bile salt export pump
Belantamab mafodotin	TRANSPORTED_BY	Multidrug resistance-associated protein 1
Belantamab mafodotin	TRANSPORTED_BY	ATP-binding cassette sub-family C member 2
Belantamab mafodotin	TRANSPORTED_BY	ATP-binding cassette sub-family C member 3
Belantamab mafodotin	TRANSPORTED_BY	ATP-dependent translocase ABCB1
Belantamab mafodotin	TRANSPORTED_BY	Solute carrier organic anion transporter family member 1B1
Belantamab mafodotin	TRANSPORTED_BY	Solute carrier organic anion transporter family member 1B3
Fosdenopterin	TRANSPORTED_BY	Solute carrier family 22 member 6
Fosdenopterin	TRANSPORTED_BY	Multidrug and toxin extrusion protein 1
Fosdenopterin	TRANSPORTED_BY	Multidrug and toxin extrusion protein 2
Deucravacitinib	TRANSPORTED_BY	Broad substrate specificity ATP-binding cassette transporter ABCG2
Deucravacitinib	TRANSPORTED_BY	ATP-dependent translocase ABCB1
Deucravacitinib	TRANSPORTED_BY	Solute carrier family 22 member 1
Deucravacitinib	TRANSPORTED_BY	Solute carrier organic anion transporter family member 1B3
Nirmatrelvir	TRANSPORTED_BY	ATP-dependent translocase ABCB1
Belumosudil	TRANSPORTED_BY	Broad substrate specificity ATP-binding cassette transporter ABCG2
Belumosudil	TRANSPORTED_BY	ATP-dependent translocase ABCB1
Belumosudil	TRANSPORTED_BY	Solute carrier organic anion transporter family member 1B1
Durlobactam	TRANSPORTED_BY	Solute carrier family 22 member 6
Deuruxolitinib	TRANSPORTED_BY	Bile salt export pump
Deuruxolitinib	TRANSPORTED_BY	Broad substrate specificity ATP-binding cassette transporter ABCG2
Deuruxolitinib	TRANSPORTED_BY	ATP-dependent translocase ABCB1
Deuruxolitinib	TRANSPORTED_BY	Organic anion transporter 3
Deuruxolitinib	TRANSPORTED_BY	Multidrug and toxin extrusion protein 2
Tisotumab vedotin	TRANSPORTED_BY	ATP-dependent translocase ABCB1
Phlorizin	TRANSPORTED_BY	ATP-binding cassette sub-family C member 2
Cepharanthine	TRANSPORTED_BY	ATP-dependent translocase ABCB1
Repotrectinib	TRANSPORTED_BY	Broad substrate specificity ATP-binding cassette transporter ABCG2
Repotrectinib	TRANSPORTED_BY	ATP-dependent translocase ABCB1
Repotrectinib	TRANSPORTED_BY	Solute carrier organic anion transporter family member 1B1
Repotrectinib	TRANSPORTED_BY	Multidrug and toxin extrusion protein 2
Azasetron	TRANSPORTED_BY	ATP-dependent translocase ABCB1
Pralsetinib	TRANSPORTED_BY	Bile salt export pump
Pralsetinib	TRANSPORTED_BY	Broad substrate specificity ATP-binding cassette transporter ABCG2
Pralsetinib	TRANSPORTED_BY	ATP-dependent translocase ABCB1
Pralsetinib	TRANSPORTED_BY	Solute carrier family 22 member 6
Pralsetinib	TRANSPORTED_BY	Solute carrier organic anion transporter family member 1B1
Pralsetinib	TRANSPORTED_BY	Solute carrier organic anion transporter family member 1B3
Pralsetinib	TRANSPORTED_BY	Multidrug and toxin extrusion protein 1
Pralsetinib	TRANSPORTED_BY	Multidrug and toxin extrusion protein 2
Agalsidase alfa	TRANSPORTED_BY	Cation-dependent mannose-6-phosphate receptor
L-Acetylleucine	TRANSPORTED_BY	Bile salt export pump
L-Acetylleucine	TRANSPORTED_BY	Broad substrate specificity ATP-binding cassette transporter ABCG2
L-Acetylleucine	TRANSPORTED_BY	ATP-dependent translocase ABCB1
L-Acetylleucine	TRANSPORTED_BY	Solute carrier family 22 member 6
L-Acetylleucine	TRANSPORTED_BY	Organic anion transporter 3
Leupeptin	TRANSPORTED_BY	ATP-dependent translocase ABCB1
Fluticasone	TRANSPORTED_BY	ATP-dependent translocase ABCB1
Fluticasone	TRANSPORTED_BY	Solute carrier organic anion transporter family member 1B1
Adefovir	TRANSPORTED_BY	Broad substrate specificity ATP-binding cassette transporter ABCG2
Adefovir	TRANSPORTED_BY	Multidrug resistance-associated protein 1
Adefovir	TRANSPORTED_BY	ATP-binding cassette sub-family C member 2
Adefovir	TRANSPORTED_BY	ATP-binding cassette sub-family C member 4
Adefovir	TRANSPORTED_BY	Solute carrier family 22 member 6
Adefovir	TRANSPORTED_BY	Organic anion transporter 3
Fenofibric acid	TRANSPORTED_BY	Phospholipid-transporting ATPase ABCA1
Enasidenib	TRANSPORTED_BY	Broad substrate specificity ATP-binding cassette transporter ABCG2
Enasidenib	TRANSPORTED_BY	ATP-dependent translocase ABCB1
Enasidenib	TRANSPORTED_BY	Solute carrier family 22 member 2
Enasidenib	TRANSPORTED_BY	Solute carrier family 22 member 6
Enasidenib	TRANSPORTED_BY	Organic anion transporter 3
Enasidenib	TRANSPORTED_BY	Solute carrier organic anion transporter family member 1B1
Enasidenib	TRANSPORTED_BY	Solute carrier organic anion transporter family member 1B3
Pibrentasvir	TRANSPORTED_BY	Broad substrate specificity ATP-binding cassette transporter ABCG2
Pibrentasvir	TRANSPORTED_BY	ATP-dependent translocase ABCB1
Pibrentasvir	TRANSPORTED_BY	Solute carrier organic anion transporter family member 1B1
Pibrentasvir	TRANSPORTED_BY	Solute carrier organic anion transporter family member 1B3
Glecaprevir	TRANSPORTED_BY	Broad substrate specificity ATP-binding cassette transporter ABCG2
Glecaprevir	TRANSPORTED_BY	ATP-dependent translocase ABCB1
Glecaprevir	TRANSPORTED_BY	Solute carrier organic anion transporter family member 1B1
Glecaprevir	TRANSPORTED_BY	Solute carrier organic anion transporter family member 1B3
Candesartan	TRANSPORTED_BY	ATP-dependent translocase ABCB1
Candesartan	TRANSPORTED_BY	Solute carrier organic anion transporter family member 1B1
ado-trastuzumab-emtansine cas nr	TRANSPORTED_BY	ATP-dependent translocase ABCB1
argipressin	TRANSPORTED_BY	ATP-binding cassette sub-family C member 2
bosentan monohydrate	TRANSPORTED_BY	Bile salt export pump
ciclosporin	TRANSPORTED_BY	ATP-binding cassette sub-family C member 10
ciclosporin	TRANSPORTED_BY	ATP-binding cassette sub-family C member 2
ciclosporin	TRANSPORTED_BY	ATP-dependent translocase ABCB1
ciclosporin	TRANSPORTED_BY	Bile salt export pump
ciclosporin	TRANSPORTED_BY	Broad substrate specificity ATP-binding cassette transporter ABCG2
ciclosporin	TRANSPORTED_BY	Hepatic sodium/bile acid cotransporter
ciclosporin	TRANSPORTED_BY	Ileal sodium/bile acid cotransporter
ciclosporin	TRANSPORTED_BY	Solute carrier family 22 member 6
ciclosporin	TRANSPORTED_BY	Solute carrier organic anion transporter family member 1B1
ciclosporin	TRANSPORTED_BY	Solute carrier organic anion transporter family member 1B3
ciprodex	TRANSPORTED_BY	ATP-dependent translocase ABCB1
ciprodex	TRANSPORTED_BY	Multidrug and toxin extrusion protein 1
ciprodex	TRANSPORTED_BY	Multidrug and toxin extrusion protein 2
lansoprazole, amoxicillin and clarithromycin	TRANSPORTED_BY	Sodium/glucose cotransporter 1
lansoprazole, amoxicillin and clarithromycin	TRANSPORTED_BY	Solute carrier family 15 member 1
lansoprazole, amoxicillin and clarithromycin	TRANSPORTED_BY	Solute carrier family 15 member 2
lansoprazole, amoxicillin and clarithromycin	TRANSPORTED_BY	Solute carrier family 22 member 6
macrogol	TRANSPORTED_BY	ATP-dependent translocase ABCB1
medroxyprogesterone	TRANSPORTED_BY	ATP-dependent translocase ABCB1
memogain	TRANSPORTED_BY	ATP-dependent translocase ABCB1
mepacrine	TRANSPORTED_BY	ATP-dependent translocase ABCB1
mepacrine	TRANSPORTED_BY	Solute carrier family 22 member 2
rifampicin	TRANSPORTED_BY	ATP-binding cassette sub-family C member 2
rifampicin	TRANSPORTED_BY	ATP-binding cassette sub-family C member 3
rifampicin	TRANSPORTED_BY	ATP-binding cassette sub-family C member 5
rifampicin	TRANSPORTED_BY	ATP-dependent translocase ABCB1
rifampicin	TRANSPORTED_BY	Bile salt export pump
rifampicin	TRANSPORTED_BY	Multidrug resistance-associated protein 1
rifampicin	TRANSPORTED_BY	Organic anion transporter 3
rifampicin	TRANSPORTED_BY	Solute carrier family 22 member 6
rifampicin	TRANSPORTED_BY	Solute carrier family 22 member 7
rifampicin	TRANSPORTED_BY	Solute carrier organic anion transporter family member 1A2
rifampicin	TRANSPORTED_BY	Solute carrier organic anion transporter family member 1B1
rifampicin	TRANSPORTED_BY	Solute carrier organic anion transporter family member 1B3
rifampicin	TRANSPORTED_BY	Solute carrier organic anion transporter family member 2B1
