head_name	relation	tail_name
ALPROSTADIL	CONTRAINDICATES	urethral stricture
ALPROSTADIL	CONTRAINDICATES	thrombocytosis disease
ALPROSTADIL	CONTRAINDICATES	urethritis
ALPROSTADIL	CONTRAINDICATES	lymphoid leukemia
ALPROSTADIL	CONTRAINDICATES	balanitis
ALPROSTADIL	CONTRAINDICATES	priapism
ALPROSTADIL	CONTRAINDICATES	plasma cell myeloma
BROMOCRIPTINE	CONTRAINDICATES	severe pre-eclampsia
BROMOCRIPTINE	CONTRAINDICATES	mild pre-eclampsia
PRIMAQUINE	CONTRAINDICATES	hemolytic anemia
PRAZOSIN	CONTRAINDICATES	end stage renal failure
PRAZOSIN	CONTRAINDICATES	narcolepsy
NICOTINE	CONTRAINDICATES	hypophosphatemia
NICOTINE	CONTRAINDICATES	hyperglycemia
NICOTINE	CONTRAINDICATES	pharyngitis
NICOTINE	CONTRAINDICATES	diabetes mellitus
NICOTINE	CONTRAINDICATES	myocardial infarction
NICOTINE	CONTRAINDICATES	esophagitis
NICOTINE	CONTRAINDICATES	gout
NICOTINE	CONTRAINDICATES	hyperthyroidism
NICOTINE	CONTRAINDICATES	Prinzmetal angina
NICOTINE	CONTRAINDICATES	thromboangiitis obliterans
NICOTINE	CONTRAINDICATES	pheochromocytoma
OFLOXACIN	CONTRAINDICATES	pancytopenia
OFLOXACIN	CONTRAINDICATES	agranulocytosis
OFLOXACIN	CONTRAINDICATES	drug-induced hepatitis
OFLOXACIN	CONTRAINDICATES	anemia
OFLOXACIN	CONTRAINDICATES	diabetes mellitus
OFLOXACIN	CONTRAINDICATES	epilepsy
OFLOXACIN	CONTRAINDICATES	potassium deficiency disease
OFLOXACIN	CONTRAINDICATES	kidney disorder
OFLOXACIN	CONTRAINDICATES	leukopenia
OFLOXACIN	CONTRAINDICATES	tendinitis
OFLOXACIN	CONTRAINDICATES	myasthenia gravis
NALIDIXIC ACID	CONTRAINDICATES	tendinitis
NALIDIXIC ACID	CONTRAINDICATES	inherited porphyria
INDOMETHACIN	CONTRAINDICATES	depressive disorder
INDOMETHACIN	CONTRAINDICATES	gastric ulcer
INDOMETHACIN	CONTRAINDICATES	epilepsy
INDOMETHACIN	CONTRAINDICATES	myocardial infarction
INDOMETHACIN	CONTRAINDICATES	bacterial infectious disease
INDOMETHACIN	CONTRAINDICATES	corneal deposit
INDOMETHACIN	CONTRAINDICATES	kidney disorder
INDOMETHACIN	CONTRAINDICATES	proctitis
INDOMETHACIN	CONTRAINDICATES	stomatitis
INDOMETHACIN	CONTRAINDICATES	parkinsonian disorder
MAFENIDE	CONTRAINDICATES	metabolic acidosis
MAFENIDE	CONTRAINDICATES	kidney disorder
SULFANILAMIDE	CONTRAINDICATES	kidney disorder
SULFANILAMIDE	CONTRAINDICATES	inherited porphyria
SECOBARBITAL	CONTRAINDICATES	hepatic coma
SECOBARBITAL	CONTRAINDICATES	hepatic encephalopathy
SECOBARBITAL	CONTRAINDICATES	depressive disorder
SECOBARBITAL	CONTRAINDICATES	anemia
SECOBARBITAL	CONTRAINDICATES	substance abuse
SECOBARBITAL	CONTRAINDICATES	kidney disorder
SECOBARBITAL	CONTRAINDICATES	pneumonia
SECOBARBITAL	CONTRAINDICATES	heart disorder
SECOBARBITAL	CONTRAINDICATES	sleep apnea syndrome
SECOBARBITAL	CONTRAINDICATES	inherited porphyria
PENTOBARBITAL	CONTRAINDICATES	hepatic coma
PENTOBARBITAL	CONTRAINDICATES	hepatic encephalopathy
PENTOBARBITAL	CONTRAINDICATES	depressive disorder
PENTOBARBITAL	CONTRAINDICATES	anemia
PENTOBARBITAL	CONTRAINDICATES	substance abuse
PENTOBARBITAL	CONTRAINDICATES	kidney disorder
PENTOBARBITAL	CONTRAINDICATES	pneumonia
PENTOBARBITAL	CONTRAINDICATES	sleep apnea syndrome
PENTOBARBITAL	CONTRAINDICATES	inherited porphyria
AMOBARBITAL	CONTRAINDICATES	hepatic coma
AMOBARBITAL	CONTRAINDICATES	hepatic encephalopathy
AMOBARBITAL	CONTRAINDICATES	depressive disorder
AMOBARBITAL	CONTRAINDICATES	anemia
AMOBARBITAL	CONTRAINDICATES	substance abuse
AMOBARBITAL	CONTRAINDICATES	kidney disorder
AMOBARBITAL	CONTRAINDICATES	pneumonia
AMOBARBITAL	CONTRAINDICATES	heart disorder
AMOBARBITAL	CONTRAINDICATES	sleep apnea syndrome
AMOBARBITAL	CONTRAINDICATES	inherited porphyria
BUTABARBITAL	CONTRAINDICATES	hepatic coma
BUTABARBITAL	CONTRAINDICATES	hepatic encephalopathy
BUTABARBITAL	CONTRAINDICATES	depressive disorder
BUTABARBITAL	CONTRAINDICATES	toxic megacolon
BUTABARBITAL	CONTRAINDICATES	anemia
BUTABARBITAL	CONTRAINDICATES	bipolar disorder
BUTABARBITAL	CONTRAINDICATES	cardiomyopathy
BUTABARBITAL	CONTRAINDICATES	glaucoma
BUTABARBITAL	CONTRAINDICATES	myocardial infarction
BUTABARBITAL	CONTRAINDICATES	glomerulonephritis
BUTABARBITAL	CONTRAINDICATES	substance abuse
BUTABARBITAL	CONTRAINDICATES	kidney disorder
BUTABARBITAL	CONTRAINDICATES	sleep apnea syndrome
BUTABARBITAL	CONTRAINDICATES	anorexia nervosa
BUTABARBITAL	CONTRAINDICATES	psychotic disorder
BUTABARBITAL	CONTRAINDICATES	hyperthyroidism
BUTABARBITAL	CONTRAINDICATES	paralytic ileus
BUTABARBITAL	CONTRAINDICATES	uremia
BUTABARBITAL	CONTRAINDICATES	myasthenia gravis
BUTABARBITAL	CONTRAINDICATES	gastroesophageal reflux disease
BUTABARBITAL	CONTRAINDICATES	inherited porphyria
CHLORDIAZEPOXIDE	CONTRAINDICATES	dementia
CHLORDIAZEPOXIDE	CONTRAINDICATES	angle-closure glaucoma
CHLORDIAZEPOXIDE	CONTRAINDICATES	toxic megacolon
CHLORDIAZEPOXIDE	CONTRAINDICATES	thrombophlebitis
CHLORDIAZEPOXIDE	CONTRAINDICATES	gastric ulcer
CHLORDIAZEPOXIDE	CONTRAINDICATES	thrombophilia
CHLORDIAZEPOXIDE	CONTRAINDICATES	asthma
CHLORDIAZEPOXIDE	CONTRAINDICATES	diabetes mellitus
CHLORDIAZEPOXIDE	CONTRAINDICATES	epilepsy
CHLORDIAZEPOXIDE	CONTRAINDICATES	glaucoma
CHLORDIAZEPOXIDE	CONTRAINDICATES	myocardial infarction
CHLORDIAZEPOXIDE	CONTRAINDICATES	ulcerative colitis
CHLORDIAZEPOXIDE	CONTRAINDICATES	endometriosis
CHLORDIAZEPOXIDE	CONTRAINDICATES	endometrial carcinoma
CHLORDIAZEPOXIDE	CONTRAINDICATES	substance abuse
CHLORDIAZEPOXIDE	CONTRAINDICATES	kidney disorder
CHLORDIAZEPOXIDE	CONTRAINDICATES	migraine disorder
CHLORDIAZEPOXIDE	CONTRAINDICATES	sleep apnea syndrome
CHLORDIAZEPOXIDE	CONTRAINDICATES	open-angle glaucoma
CHLORDIAZEPOXIDE	CONTRAINDICATES	urinary tract obstruction
CHLORDIAZEPOXIDE	CONTRAINDICATES	hypothyroidism
CHLORDIAZEPOXIDE	CONTRAINDICATES	psychotic disorder
CHLORDIAZEPOXIDE	CONTRAINDICATES	hyperthyroidism
CHLORDIAZEPOXIDE	CONTRAINDICATES	paralytic ileus
CHLORDIAZEPOXIDE	CONTRAINDICATES	systemic lupus erythematosus
CHLORDIAZEPOXIDE	CONTRAINDICATES	myasthenia gravis
CHLORDIAZEPOXIDE	CONTRAINDICATES	obesity disorder
CHLORDIAZEPOXIDE	CONTRAINDICATES	inherited porphyria
CLONAZEPAM	CONTRAINDICATES	angle-closure glaucoma
CLONAZEPAM	CONTRAINDICATES	substance abuse
CLONAZEPAM	CONTRAINDICATES	kidney disorder
CLONAZEPAM	CONTRAINDICATES	sleep apnea syndrome
CLONAZEPAM	CONTRAINDICATES	open-angle glaucoma
CLONAZEPAM	CONTRAINDICATES	inherited porphyria
SULFISOXAZOLE	CONTRAINDICATES	asthma
SULFISOXAZOLE	CONTRAINDICATES	glomerulonephritis
SULFISOXAZOLE	CONTRAINDICATES	kidney disorder
SULFISOXAZOLE	CONTRAINDICATES	urinary tract obstruction
SULFISOXAZOLE	CONTRAINDICATES	uremia
SULFISOXAZOLE	CONTRAINDICATES	myasthenia gravis
SULFISOXAZOLE	CONTRAINDICATES	inherited porphyria
SULFISOXAZOLE	CONTRAINDICATES	aplastic anemia
GUANABENZ	CONTRAINDICATES	cerebrovascular disorder
TRIMETHOPRIM	CONTRAINDICATES	inherited porphyria
VERAPAMIL	CONTRAINDICATES	sick sinus syndrome
VERAPAMIL	CONTRAINDICATES	hypertrophic cardiomyopathy
VERAPAMIL	CONTRAINDICATES	kidney disorder
VERAPAMIL	CONTRAINDICATES	Duchenne muscular dystrophy
VERAPAMIL	CONTRAINDICATES	myasthenia gravis
VERAPAMIL	CONTRAINDICATES	Lown-Ganong-Levine syndrome
VERAPAMIL	CONTRAINDICATES	angioedema
VERAPAMIL	CONTRAINDICATES	aortic valve stenosis
SULFASALAZINE	CONTRAINDICATES	asthma
SULFASALAZINE	CONTRAINDICATES	kidney disorder
SULFASALAZINE	CONTRAINDICATES	urinary tract obstruction
SULFASALAZINE	CONTRAINDICATES	inherited porphyria
SULFASALAZINE	CONTRAINDICATES	aplastic anemia
BUTALBITAL	CONTRAINDICATES	hepatic coma
BUTALBITAL	CONTRAINDICATES	hepatic encephalopathy
BUTALBITAL	CONTRAINDICATES	depressive disorder
BUTALBITAL	CONTRAINDICATES	urethral stricture
BUTALBITAL	CONTRAINDICATES	anemia
BUTALBITAL	CONTRAINDICATES	epilepsy
BUTALBITAL	CONTRAINDICATES	substance abuse
BUTALBITAL	CONTRAINDICATES	kidney disorder
BUTALBITAL	CONTRAINDICATES	inflammatory bowel disease
BUTALBITAL	CONTRAINDICATES	sleep apnea syndrome
BUTALBITAL	CONTRAINDICATES	panic disorder
BUTALBITAL	CONTRAINDICATES	gout
BUTALBITAL	CONTRAINDICATES	hypothyroidism
BUTALBITAL	CONTRAINDICATES	agoraphobia
BUTALBITAL	CONTRAINDICATES	obsessive-compulsive disorder
BUTALBITAL	CONTRAINDICATES	thrombotic thrombocytopenic purpura
BUTALBITAL	CONTRAINDICATES	inherited porphyria
BUTALBITAL	CONTRAINDICATES	hemophilia
SULFACETAMIDE	CONTRAINDICATES	angle-closure glaucoma
SULFACETAMIDE	CONTRAINDICATES	diabetes mellitus
SULFACETAMIDE	CONTRAINDICATES	kidney disorder
SULFACETAMIDE	CONTRAINDICATES	heart disorder
SULFACETAMIDE	CONTRAINDICATES	open-angle glaucoma
SULFACETAMIDE	CONTRAINDICATES	hyperthyroidism
SULFACETAMIDE	CONTRAINDICATES	ocular hypertension
SULFACETAMIDE	CONTRAINDICATES	inherited porphyria
ETHACRYNIC ACID	CONTRAINDICATES	hyperglycemia
ETHACRYNIC ACID	CONTRAINDICATES	diabetes mellitus
ETHACRYNIC ACID	CONTRAINDICATES	potassium deficiency disease
ETHACRYNIC ACID	CONTRAINDICATES	anuria
ETHACRYNIC ACID	CONTRAINDICATES	gout
ETHACRYNIC ACID	CONTRAINDICATES	acute pancreatitis
DILTIAZEM	CONTRAINDICATES	sick sinus syndrome
DILTIAZEM	CONTRAINDICATES	kidney disorder
DILTIAZEM	CONTRAINDICATES	Lown-Ganong-Levine syndrome
DILTIAZEM	CONTRAINDICATES	angioedema
DILTIAZEM	CONTRAINDICATES	aortic valve stenosis
ATENOLOL	CONTRAINDICATES	hypercalcemia disease
ATENOLOL	CONTRAINDICATES	depressive disorder
ATENOLOL	CONTRAINDICATES	asthma
ATENOLOL	CONTRAINDICATES	psoriasis
ATENOLOL	CONTRAINDICATES	potassium deficiency disease
ATENOLOL	CONTRAINDICATES	anuria
ATENOLOL	CONTRAINDICATES	gout
ATENOLOL	CONTRAINDICATES	acute pancreatitis
ATENOLOL	CONTRAINDICATES	systemic lupus erythematosus
TRIFLUOPERAZINE	CONTRAINDICATES	anemia
TRIFLUOPERAZINE	CONTRAINDICATES	epilepsy
TRIFLUOPERAZINE	CONTRAINDICATES	glaucoma
TRIFLUOPERAZINE	CONTRAINDICATES	neuroleptic malignant syndrome
BETAXOLOL	CONTRAINDICATES	depressive disorder
BETAXOLOL	CONTRAINDICATES	asthma
BETAXOLOL	CONTRAINDICATES	diabetes mellitus
BETAXOLOL	CONTRAINDICATES	psoriasis
BETAXOLOL	CONTRAINDICATES	kidney disorder
BETAXOLOL	CONTRAINDICATES	pulmonary emphysema
BETAXOLOL	CONTRAINDICATES	myasthenia gravis
BETAXOLOL	CONTRAINDICATES	pheochromocytoma
PROPRANOLOL	CONTRAINDICATES	hepatic coma
PROPRANOLOL	CONTRAINDICATES	hypercalcemia disease
PROPRANOLOL	CONTRAINDICATES	hyperparathyroidism
PROPRANOLOL	CONTRAINDICATES	sick sinus syndrome
PROPRANOLOL	CONTRAINDICATES	diabetes mellitus
PROPRANOLOL	CONTRAINDICATES	potassium deficiency disease
PROPRANOLOL	CONTRAINDICATES	anuria
PROPRANOLOL	CONTRAINDICATES	gout
PROPRANOLOL	CONTRAINDICATES	acute pancreatitis
PROPRANOLOL	CONTRAINDICATES	pulmonary emphysema
PROPRANOLOL	CONTRAINDICATES	systemic lupus erythematosus
PROPRANOLOL	CONTRAINDICATES	myasthenia gravis
GEMFIBROZIL	CONTRAINDICATES	leukopenia
MELATONIN	CONTRAINDICATES	hypercalcemia disease
MELATONIN	CONTRAINDICATES	psoriasis
MELATONIN	CONTRAINDICATES	schizophrenia
MELATONIN	CONTRAINDICATES	kidney disorder
MELATONIN	CONTRAINDICATES	systemic lupus erythematosus
MELATONIN	CONTRAINDICATES	autoimmune disease
MELATONIN	CONTRAINDICATES	sarcoidosis
LYSINE	CONTRAINDICATES	hypercalcemia disease
LYSINE	CONTRAINDICATES	kidney disorder
LYSINE	CONTRAINDICATES	heart disorder
LYSINE	CONTRAINDICATES	end stage renal failure
LYSINE	CONTRAINDICATES	sarcoidosis
PHYSOSTIGMINE	CONTRAINDICATES	asthma
PHYSOSTIGMINE	CONTRAINDICATES	diabetes mellitus
PHYSOSTIGMINE	CONTRAINDICATES	epilepsy
PHYSOSTIGMINE	CONTRAINDICATES	keratitis
PHYSOSTIGMINE	CONTRAINDICATES	urinary tract obstruction
PHYSOSTIGMINE	CONTRAINDICATES	anterior uveitis
PHYSOSTIGMINE	CONTRAINDICATES	iritis
PHYSOSTIGMINE	CONTRAINDICATES	retinal detachment
PHYSOSTIGMINE	CONTRAINDICATES	parkinsonian disorder
ASPARTIC ACID	CONTRAINDICATES	diarrheal disease
ASPARTIC ACID	CONTRAINDICATES	kidney disorder
ASPARTIC ACID	CONTRAINDICATES	gastroparesis
QUERCETIN	CONTRAINDICATES	primary hyperoxaluria
QUERCETIN	CONTRAINDICATES	kidney disorder
QUERCETIN	CONTRAINDICATES	hereditary hemochromatosis
HYDROXYUREA	CONTRAINDICATES	anemia
HYDROXYUREA	CONTRAINDICATES	kidney disorder
HYDROXYUREA	CONTRAINDICATES	leukopenia
THIORIDAZINE	CONTRAINDICATES	epilepsy
THIORIDAZINE	CONTRAINDICATES	potassium deficiency disease
THIORIDAZINE	CONTRAINDICATES	neuroleptic malignant syndrome
LANSOPRAZOLE	CONTRAINDICATES	anemia
LANSOPRAZOLE	CONTRAINDICATES	myocardial infarction
LANSOPRAZOLE	CONTRAINDICATES	kidney disorder
LANSOPRAZOLE	CONTRAINDICATES	osteoporosis
LANSOPRAZOLE	CONTRAINDICATES	infectious mononucleosis
LANSOPRAZOLE	CONTRAINDICATES	myasthenia gravis
LANSOPRAZOLE	CONTRAINDICATES	inherited porphyria
IRINOTECAN	CONTRAINDICATES	anemia
IRINOTECAN	CONTRAINDICATES	kidney disorder
IRINOTECAN	CONTRAINDICATES	acute pancreatitis
IRINOTECAN	CONTRAINDICATES	intestinal obstruction
MORPHINE	CONTRAINDICATES	angle-closure glaucoma
MORPHINE	CONTRAINDICATES	depressive disorder
MORPHINE	CONTRAINDICATES	toxic megacolon
MORPHINE	CONTRAINDICATES	urethral stricture
MORPHINE	CONTRAINDICATES	gastric ulcer
MORPHINE	CONTRAINDICATES	pancreatitis
MORPHINE	CONTRAINDICATES	epilepsy
MORPHINE	CONTRAINDICATES	ulcerative colitis
MORPHINE	CONTRAINDICATES	potassium deficiency disease
MORPHINE	CONTRAINDICATES	substance abuse
MORPHINE	CONTRAINDICATES	kidney disorder
MORPHINE	CONTRAINDICATES	sleep apnea syndrome
MORPHINE	CONTRAINDICATES	urinary tract obstruction
MORPHINE	CONTRAINDICATES	hypothyroidism
MORPHINE	CONTRAINDICATES	acute pancreatitis
MORPHINE	CONTRAINDICATES	psychotic disorder
MORPHINE	CONTRAINDICATES	hyperthyroidism
MORPHINE	CONTRAINDICATES	paralytic ileus
MORPHINE	CONTRAINDICATES	cor pulmonale
MORPHINE	CONTRAINDICATES	priapism
MORPHINE	CONTRAINDICATES	myasthenia gravis
MORPHINE	CONTRAINDICATES	cerebrovascular disorder
TENOFOVIR ANHYDROUS	CONTRAINDICATES	hypophosphatemia
TENOFOVIR ANHYDROUS	CONTRAINDICATES	depressive disorder
TENOFOVIR ANHYDROUS	CONTRAINDICATES	osteomalacia
TENOFOVIR ANHYDROUS	CONTRAINDICATES	Fanconi renotubular syndrome
TENOFOVIR ANHYDROUS	CONTRAINDICATES	kidney disorder
TENOFOVIR ANHYDROUS	CONTRAINDICATES	obesity disorder
TENOFOVIR ANHYDROUS	CONTRAINDICATES	acquired lactic acidosis
SULBACTAM	CONTRAINDICATES	kidney disorder
SULBACTAM	CONTRAINDICATES	infectious mononucleosis
TAZOBACTAM	CONTRAINDICATES	infectious mononucleosis
CIPROFLOXACIN	CONTRAINDICATES	epilepsy
CIPROFLOXACIN	CONTRAINDICATES	potassium deficiency disease
CIPROFLOXACIN	CONTRAINDICATES	kidney disorder
CIPROFLOXACIN	CONTRAINDICATES	tendinitis
CIPROFLOXACIN	CONTRAINDICATES	myasthenia gravis
METHYLDOPA	CONTRAINDICATES	hepatic coma
METHYLDOPA	CONTRAINDICATES	hypercalcemia disease
METHYLDOPA	CONTRAINDICATES	hyperparathyroidism
METHYLDOPA	CONTRAINDICATES	depressive disorder
METHYLDOPA	CONTRAINDICATES	anemia
METHYLDOPA	CONTRAINDICATES	diabetes mellitus
METHYLDOPA	CONTRAINDICATES	potassium deficiency disease
METHYLDOPA	CONTRAINDICATES	anuria
METHYLDOPA	CONTRAINDICATES	kidney disorder
METHYLDOPA	CONTRAINDICATES	gout
METHYLDOPA	CONTRAINDICATES	acute pancreatitis
METHYLDOPA	CONTRAINDICATES	systemic lupus erythematosus
METHYLDOPA	CONTRAINDICATES	pheochromocytoma
METHYLDOPA	CONTRAINDICATES	autoimmune hemolytic anemia
METHYLDOPA	CONTRAINDICATES	inherited porphyria
METHYLDOPA	CONTRAINDICATES	parkinsonian disorder
MECHLORETHAMINE	CONTRAINDICATES	anemia
MECHLORETHAMINE	CONTRAINDICATES	leukopenia
MECHLORETHAMINE	CONTRAINDICATES	amyloidosis
ISONIAZID	CONTRAINDICATES	diabetes mellitus
ISONIAZID	CONTRAINDICATES	gout
ISONIAZID	CONTRAINDICATES	inherited porphyria
NORFLOXACIN	CONTRAINDICATES	pancytopenia
NORFLOXACIN	CONTRAINDICATES	agranulocytosis
NORFLOXACIN	CONTRAINDICATES	depressive disorder
NORFLOXACIN	CONTRAINDICATES	drug-induced hepatitis
NORFLOXACIN	CONTRAINDICATES	anemia
NORFLOXACIN	CONTRAINDICATES	diabetes mellitus
NORFLOXACIN	CONTRAINDICATES	epilepsy
NORFLOXACIN	CONTRAINDICATES	potassium deficiency disease
NORFLOXACIN	CONTRAINDICATES	kidney disorder
NORFLOXACIN	CONTRAINDICATES	psychotic disorder
NORFLOXACIN	CONTRAINDICATES	leukopenia
NORFLOXACIN	CONTRAINDICATES	tendinitis
NORFLOXACIN	CONTRAINDICATES	myasthenia gravis
CODEINE	CONTRAINDICATES	hepatic coma
CODEINE	CONTRAINDICATES	hepatic encephalopathy
CODEINE	CONTRAINDICATES	angle-closure glaucoma
CODEINE	CONTRAINDICATES	depressive disorder
CODEINE	CONTRAINDICATES	urethral stricture
CODEINE	CONTRAINDICATES	anemia
CODEINE	CONTRAINDICATES	gastritis
CODEINE	CONTRAINDICATES	diabetes mellitus
CODEINE	CONTRAINDICATES	epilepsy
CODEINE	CONTRAINDICATES	myocardial infarction
CODEINE	CONTRAINDICATES	ulcerative colitis
CODEINE	CONTRAINDICATES	morbid obesity
CODEINE	CONTRAINDICATES	substance abuse
CODEINE	CONTRAINDICATES	kidney disorder
CODEINE	CONTRAINDICATES	inflammatory bowel disease
CODEINE	CONTRAINDICATES	sleep apnea syndrome
CODEINE	CONTRAINDICATES	panic disorder
CODEINE	CONTRAINDICATES	gout
CODEINE	CONTRAINDICATES	goiter
CODEINE	CONTRAINDICATES	hypothyroidism
CODEINE	CONTRAINDICATES	acute pancreatitis
CODEINE	CONTRAINDICATES	psychotic disorder
CODEINE	CONTRAINDICATES	hyperthyroidism
CODEINE	CONTRAINDICATES	cor pulmonale
CODEINE	CONTRAINDICATES	agoraphobia
CODEINE	CONTRAINDICATES	pulmonary emphysema
CODEINE	CONTRAINDICATES	bronchitis
CODEINE	CONTRAINDICATES	ocular hypertension
CODEINE	CONTRAINDICATES	gastroesophageal reflux disease
CODEINE	CONTRAINDICATES	obsessive-compulsive disorder
CODEINE	CONTRAINDICATES	acute intermittent porphyria
CODEINE	CONTRAINDICATES	thyrotoxicosis
CODEINE	CONTRAINDICATES	dermatitis herpetiformis
CODEINE	CONTRAINDICATES	thrombotic thrombocytopenic purpura
CODEINE	CONTRAINDICATES	inherited porphyria
CODEINE	CONTRAINDICATES	hemophilia
CODEINE	CONTRAINDICATES	neuroleptic malignant syndrome
MOLINDONE	CONTRAINDICATES	agranulocytosis
MOLINDONE	CONTRAINDICATES	leukopenia
MOLINDONE	CONTRAINDICATES	parkinsonian disorder
MOLINDONE	CONTRAINDICATES	acquired hyperprolactinemia
MOLINDONE	CONTRAINDICATES	neuroleptic malignant syndrome
APOMORPHINE	CONTRAINDICATES	potassium deficiency disease
APOMORPHINE	CONTRAINDICATES	psychotic disorder
APOMORPHINE	CONTRAINDICATES	priapism
APOMORPHINE	CONTRAINDICATES	cerebrovascular disorder
HALOPERIDOL	CONTRAINDICATES	agranulocytosis
HALOPERIDOL	CONTRAINDICATES	potassium deficiency disease
HALOPERIDOL	CONTRAINDICATES	hypothyroidism
HALOPERIDOL	CONTRAINDICATES	leukopenia
HALOPERIDOL	CONTRAINDICATES	parkinsonian disorder
HALOPERIDOL	CONTRAINDICATES	neuroleptic malignant syndrome
KETOROLAC	CONTRAINDICATES	corneal degeneration
KETOROLAC	CONTRAINDICATES	gastric ulcer
KETOROLAC	CONTRAINDICATES	anemia
KETOROLAC	CONTRAINDICATES	asthma
KETOROLAC	CONTRAINDICATES	diabetes mellitus
KETOROLAC	CONTRAINDICATES	myocardial infarction
KETOROLAC	CONTRAINDICATES	inflammatory bowel disease
KETOROLAC	CONTRAINDICATES	rheumatoid arthritis
KETOROLAC	CONTRAINDICATES	hemophilia
PENICILLIN G	CONTRAINDICATES	kidney disorder
PENICILLIN G	CONTRAINDICATES	infectious mononucleosis
CHLORPROMAZINE	CONTRAINDICATES	hyperglycemia
CHLORPROMAZINE	CONTRAINDICATES	anemia
CHLORPROMAZINE	CONTRAINDICATES	epilepsy
CHLORPROMAZINE	CONTRAINDICATES	glaucoma
CHLORPROMAZINE	CONTRAINDICATES	myocardial infarction
CHLORPROMAZINE	CONTRAINDICATES	leukopenia
CHLORPROMAZINE	CONTRAINDICATES	obesity disorder
CHLORPROMAZINE	CONTRAINDICATES	parkinsonian disorder
CHLORPROMAZINE	CONTRAINDICATES	acquired hyperprolactinemia
CHLORPROMAZINE	CONTRAINDICATES	neuroleptic malignant syndrome
DESIPRAMINE	CONTRAINDICATES	angle-closure glaucoma
DESIPRAMINE	CONTRAINDICATES	bipolar disorder
DESIPRAMINE	CONTRAINDICATES	epilepsy
DESIPRAMINE	CONTRAINDICATES	glaucoma
DESIPRAMINE	CONTRAINDICATES	schizophrenia
DESIPRAMINE	CONTRAINDICATES	kidney disorder
DESIPRAMINE	CONTRAINDICATES	hyperthyroidism
PENTAMIDINE	CONTRAINDICATES	hyperglycemia
PENTAMIDINE	CONTRAINDICATES	anemia
PENTAMIDINE	CONTRAINDICATES	asthma
PENTAMIDINE	CONTRAINDICATES	diabetes mellitus
PENTAMIDINE	CONTRAINDICATES	acute pancreatitis
PENTAMIDINE	CONTRAINDICATES	leukopenia
AMINOGLUTETHIMIDE	CONTRAINDICATES	hypothyroidism
AMPHETAMINE	CONTRAINDICATES	hepatic coma
AMPHETAMINE	CONTRAINDICATES	hepatic encephalopathy
AMPHETAMINE	CONTRAINDICATES	angle-closure glaucoma
AMPHETAMINE	CONTRAINDICATES	anemia
AMPHETAMINE	CONTRAINDICATES	bipolar disorder
AMPHETAMINE	CONTRAINDICATES	cardiomyopathy
AMPHETAMINE	CONTRAINDICATES	diabetes mellitus
AMPHETAMINE	CONTRAINDICATES	glaucoma
AMPHETAMINE	CONTRAINDICATES	myocardial infarction
AMPHETAMINE	CONTRAINDICATES	substance abuse
AMPHETAMINE	CONTRAINDICATES	kidney disorder
AMPHETAMINE	CONTRAINDICATES	sleep apnea syndrome
AMPHETAMINE	CONTRAINDICATES	open-angle glaucoma
AMPHETAMINE	CONTRAINDICATES	anorexia nervosa
AMPHETAMINE	CONTRAINDICATES	psychotic disorder
AMPHETAMINE	CONTRAINDICATES	hyperthyroidism
AMPHETAMINE	CONTRAINDICATES	ocular hypertension
AMPHETAMINE	CONTRAINDICATES	inherited porphyria
ISOSORBIDE DINITRATE	CONTRAINDICATES	anemia
ISOSORBIDE DINITRATE	CONTRAINDICATES	hypertrophic cardiomyopathy
ISOSORBIDE DINITRATE	CONTRAINDICATES	myocardial infarction
ISOSORBIDE DINITRATE	CONTRAINDICATES	hyperthyroidism
IMIPRAMINE	CONTRAINDICATES	angle-closure glaucoma
IMIPRAMINE	CONTRAINDICATES	bipolar disorder
IMIPRAMINE	CONTRAINDICATES	epilepsy
IMIPRAMINE	CONTRAINDICATES	schizophrenia
IMIPRAMINE	CONTRAINDICATES	kidney disorder
IMIPRAMINE	CONTRAINDICATES	hyperthyroidism
IMIPRAMINE	CONTRAINDICATES	intestinal obstruction
IMIPRAMINE	CONTRAINDICATES	paralytic ileus
IMIPRAMINE	CONTRAINDICATES	ocular hypertension
INDAPAMIDE	CONTRAINDICATES	hyperparathyroidism
INDAPAMIDE	CONTRAINDICATES	diabetes mellitus
INDAPAMIDE	CONTRAINDICATES	potassium deficiency disease
INDAPAMIDE	CONTRAINDICATES	anuria
INDAPAMIDE	CONTRAINDICATES	gout
FLUMAZENIL	CONTRAINDICATES	epilepsy
FLUMAZENIL	CONTRAINDICATES	heart disorder
FLUMAZENIL	CONTRAINDICATES	panic disorder
ETRETINATE	CONTRAINDICATES	drug-induced hepatitis
CHLOROQUINE	CONTRAINDICATES	anemia
CHLOROQUINE	CONTRAINDICATES	psoriasis
CHLOROQUINE	CONTRAINDICATES	leukopenia
CHLOROQUINE	CONTRAINDICATES	inherited porphyria
LABETALOL	CONTRAINDICATES	hepatic coma
LABETALOL	CONTRAINDICATES	hypercalcemia disease
LABETALOL	CONTRAINDICATES	hyperparathyroidism
LABETALOL	CONTRAINDICATES	depressive disorder
LABETALOL	CONTRAINDICATES	potassium deficiency disease
LABETALOL	CONTRAINDICATES	anuria
LABETALOL	CONTRAINDICATES	kidney disorder
LABETALOL	CONTRAINDICATES	gout
LABETALOL	CONTRAINDICATES	acute pancreatitis
LABETALOL	CONTRAINDICATES	pulmonary emphysema
LABETALOL	CONTRAINDICATES	systemic lupus erythematosus
MOXIFLOXACIN	CONTRAINDICATES	drug-induced hepatitis
MOXIFLOXACIN	CONTRAINDICATES	potassium deficiency disease
MOXIFLOXACIN	CONTRAINDICATES	tendinitis
MOXIFLOXACIN	CONTRAINDICATES	myasthenia gravis
LEVOFLOXACIN ANHYDROUS	CONTRAINDICATES	pancytopenia
LEVOFLOXACIN ANHYDROUS	CONTRAINDICATES	agranulocytosis
LEVOFLOXACIN ANHYDROUS	CONTRAINDICATES	drug-induced hepatitis
LEVOFLOXACIN ANHYDROUS	CONTRAINDICATES	anemia
LEVOFLOXACIN ANHYDROUS	CONTRAINDICATES	diabetes mellitus
LEVOFLOXACIN ANHYDROUS	CONTRAINDICATES	epilepsy
LEVOFLOXACIN ANHYDROUS	CONTRAINDICATES	potassium deficiency disease
LEVOFLOXACIN ANHYDROUS	CONTRAINDICATES	leukopenia
LEVOFLOXACIN ANHYDROUS	CONTRAINDICATES	tendinitis
LEVOFLOXACIN ANHYDROUS	CONTRAINDICATES	myasthenia gravis
GEMIFLOXACIN	CONTRAINDICATES	depressive disorder
GEMIFLOXACIN	CONTRAINDICATES	epilepsy
GEMIFLOXACIN	CONTRAINDICATES	potassium deficiency disease
GEMIFLOXACIN	CONTRAINDICATES	tendinitis
GEMIFLOXACIN	CONTRAINDICATES	myasthenia gravis
CLIOQUINOL	CONTRAINDICATES	adrenocortical insufficiency
CLIOQUINOL	CONTRAINDICATES	peripheral vascular disease
BICALUTAMIDE	CONTRAINDICATES	hyperglycemia
BICALUTAMIDE	CONTRAINDICATES	drug-induced hepatitis
BICALUTAMIDE	CONTRAINDICATES	anemia
BICALUTAMIDE	CONTRAINDICATES	diabetes mellitus
DIAZEPAM	CONTRAINDICATES	angle-closure glaucoma
DIAZEPAM	CONTRAINDICATES	substance abuse
DIAZEPAM	CONTRAINDICATES	sleep apnea syndrome
DIAZEPAM	CONTRAINDICATES	open-angle glaucoma
DIAZEPAM	CONTRAINDICATES	myasthenia gravis
METOPROLOL	CONTRAINDICATES	hepatic coma
METOPROLOL	CONTRAINDICATES	hypercalcemia disease
METOPROLOL	CONTRAINDICATES	hyperparathyroidism
METOPROLOL	CONTRAINDICATES	sick sinus syndrome
METOPROLOL	CONTRAINDICATES	depressive disorder
METOPROLOL	CONTRAINDICATES	diabetes mellitus
METOPROLOL	CONTRAINDICATES	potassium deficiency disease
METOPROLOL	CONTRAINDICATES	anuria
METOPROLOL	CONTRAINDICATES	peripheral vascular disease
METOPROLOL	CONTRAINDICATES	gout
METOPROLOL	CONTRAINDICATES	acute pancreatitis
METOPROLOL	CONTRAINDICATES	systemic lupus erythematosus
METOPROLOL	CONTRAINDICATES	myasthenia gravis
METOPROLOL	CONTRAINDICATES	pheochromocytoma
PAROXETINE	CONTRAINDICATES	neuroleptic malignant syndrome
LIDOCAINE	CONTRAINDICATES	adrenocortical insufficiency
LIDOCAINE	CONTRAINDICATES	angle-closure glaucoma
LIDOCAINE	CONTRAINDICATES	anemia
LIDOCAINE	CONTRAINDICATES	gastritis
LIDOCAINE	CONTRAINDICATES	atopic eczema
LIDOCAINE	CONTRAINDICATES	atrial fibrillation
LIDOCAINE	CONTRAINDICATES	myocardial infarction
LIDOCAINE	CONTRAINDICATES	psoriasis
LIDOCAINE	CONTRAINDICATES	potassium deficiency disease
LIDOCAINE	CONTRAINDICATES	kidney disorder
LIDOCAINE	CONTRAINDICATES	peripheral vascular disease
LIDOCAINE	CONTRAINDICATES	osteoporosis
LIDOCAINE	CONTRAINDICATES	open-angle glaucoma
LIDOCAINE	CONTRAINDICATES	hypothyroidism
LIDOCAINE	CONTRAINDICATES	psychotic disorder
LIDOCAINE	CONTRAINDICATES	hyperthyroidism
LIDOCAINE	CONTRAINDICATES	corneal ulcer
LIDOCAINE	CONTRAINDICATES	herpes simplex infectious disease
LIDOCAINE	CONTRAINDICATES	measles
LIDOCAINE	CONTRAINDICATES	gastroesophageal reflux disease
LIDOCAINE	CONTRAINDICATES	thyrotoxicosis
LIDOCAINE	CONTRAINDICATES	thrombotic thrombocytopenic purpura
LIDOCAINE	CONTRAINDICATES	parkinsonian disorder
LIDOCAINE	CONTRAINDICATES	hemophilia
TACRINE	CONTRAINDICATES	diarrheal disease
TACRINE	CONTRAINDICATES	sick sinus syndrome
TACRINE	CONTRAINDICATES	asthma
TACRINE	CONTRAINDICATES	parkinsonian disorder
DONEPEZIL	CONTRAINDICATES	atrioventricular block
DONEPEZIL	CONTRAINDICATES	sick sinus syndrome
DONEPEZIL	CONTRAINDICATES	asthma
DONEPEZIL	CONTRAINDICATES	epilepsy
ISOPROTERENOL	CONTRAINDICATES	diabetes mellitus
ISOPROTERENOL	CONTRAINDICATES	myocardial infarction
ISOPROTERENOL	CONTRAINDICATES	hyperthyroidism
DIETHYLSTILBESTROL	CONTRAINDICATES	hypercalcemia disease
DIETHYLSTILBESTROL	CONTRAINDICATES	dementia
DIETHYLSTILBESTROL	CONTRAINDICATES	thrombophlebitis
DIETHYLSTILBESTROL	CONTRAINDICATES	thrombophilia
DIETHYLSTILBESTROL	CONTRAINDICATES	asthma
DIETHYLSTILBESTROL	CONTRAINDICATES	diabetes mellitus
DIETHYLSTILBESTROL	CONTRAINDICATES	epilepsy
DIETHYLSTILBESTROL	CONTRAINDICATES	myocardial infarction
DIETHYLSTILBESTROL	CONTRAINDICATES	endometriosis
DIETHYLSTILBESTROL	CONTRAINDICATES	endometrial carcinoma
DIETHYLSTILBESTROL	CONTRAINDICATES	kidney disorder
DIETHYLSTILBESTROL	CONTRAINDICATES	migraine disorder
DIETHYLSTILBESTROL	CONTRAINDICATES	hypothyroidism
DIETHYLSTILBESTROL	CONTRAINDICATES	systemic lupus erythematosus
DIETHYLSTILBESTROL	CONTRAINDICATES	obesity disorder
PHENYTOIN	CONTRAINDICATES	hyperphosphatemia
PHENYTOIN	CONTRAINDICATES	pancytopenia
PHENYTOIN	CONTRAINDICATES	hepatic coma
PHENYTOIN	CONTRAINDICATES	agranulocytosis
PHENYTOIN	CONTRAINDICATES	megaloblastic anemia
PHENYTOIN	CONTRAINDICATES	hepatic encephalopathy
PHENYTOIN	CONTRAINDICATES	hyperglycemia
PHENYTOIN	CONTRAINDICATES	osteomalacia
PHENYTOIN	CONTRAINDICATES	diabetes mellitus
PHENYTOIN	CONTRAINDICATES	myocardial infarction
PHENYTOIN	CONTRAINDICATES	substance abuse
PHENYTOIN	CONTRAINDICATES	kidney disorder
PHENYTOIN	CONTRAINDICATES	sleep apnea syndrome
PHENYTOIN	CONTRAINDICATES	leukopenia
PHENYTOIN	CONTRAINDICATES	systemic lupus erythematosus
PHENYTOIN	CONTRAINDICATES	inherited porphyria
PHENYTOIN	CONTRAINDICATES	aplastic anemia
SIROLIMUS	CONTRAINDICATES	hyperglycemia
SIROLIMUS	CONTRAINDICATES	diabetes mellitus
SIROLIMUS	CONTRAINDICATES	pericardial effusion
SIROLIMUS	CONTRAINDICATES	proteinuria
SIROLIMUS	CONTRAINDICATES	progressive multifocal leukoencephalopathy
SIROLIMUS	CONTRAINDICATES	interstitial lung disease
NEVIRAPINE	CONTRAINDICATES	drug-induced hepatitis
NEVIRAPINE	CONTRAINDICATES	Stevens-Johnson syndrome
ETIDOCAINE	CONTRAINDICATES	angle-closure glaucoma
ETIDOCAINE	CONTRAINDICATES	diabetes mellitus
ETIDOCAINE	CONTRAINDICATES	myocardial infarction
ETIDOCAINE	CONTRAINDICATES	hyperthyroidism
ETIDOCAINE	CONTRAINDICATES	parkinsonian disorder
SOTALOL	CONTRAINDICATES	sick sinus syndrome
SOTALOL	CONTRAINDICATES	asthma
SOTALOL	CONTRAINDICATES	diabetes mellitus
SOTALOL	CONTRAINDICATES	potassium deficiency disease
GLYBURIDE	CONTRAINDICATES	adrenocortical insufficiency
GLYBURIDE	CONTRAINDICATES	metabolic acidosis
GLYBURIDE	CONTRAINDICATES	myocardial infarction
GLYBURIDE	CONTRAINDICATES	hypopituitarism
GLYBURIDE	CONTRAINDICATES	kidney disorder
GLYBURIDE	CONTRAINDICATES	hemolytic anemia
GLYBURIDE	CONTRAINDICATES	acquired lactic acidosis
HYDROCHLOROTHIAZIDE	CONTRAINDICATES	hepatic coma
HYDROCHLOROTHIAZIDE	CONTRAINDICATES	hypercalcemia disease
HYDROCHLOROTHIAZIDE	CONTRAINDICATES	hyperparathyroidism
HYDROCHLOROTHIAZIDE	CONTRAINDICATES	sick sinus syndrome
HYDROCHLOROTHIAZIDE	CONTRAINDICATES	depressive disorder
HYDROCHLOROTHIAZIDE	CONTRAINDICATES	anemia
HYDROCHLOROTHIAZIDE	CONTRAINDICATES	asthma
HYDROCHLOROTHIAZIDE	CONTRAINDICATES	epilepsy
HYDROCHLOROTHIAZIDE	CONTRAINDICATES	hypertrophic cardiomyopathy
HYDROCHLOROTHIAZIDE	CONTRAINDICATES	psoriasis
HYDROCHLOROTHIAZIDE	CONTRAINDICATES	ulcerative colitis
HYDROCHLOROTHIAZIDE	CONTRAINDICATES	potassium deficiency disease
HYDROCHLOROTHIAZIDE	CONTRAINDICATES	anuria
HYDROCHLOROTHIAZIDE	CONTRAINDICATES	peripheral vascular disease
HYDROCHLOROTHIAZIDE	CONTRAINDICATES	gout
HYDROCHLOROTHIAZIDE	CONTRAINDICATES	acute pancreatitis
HYDROCHLOROTHIAZIDE	CONTRAINDICATES	pulmonary emphysema
HYDROCHLOROTHIAZIDE	CONTRAINDICATES	systemic lupus erythematosus
HYDROCHLOROTHIAZIDE	CONTRAINDICATES	myasthenia gravis
HYDROCHLOROTHIAZIDE	CONTRAINDICATES	pheochromocytoma
HYDROCHLOROTHIAZIDE	CONTRAINDICATES	angioedema
HYDROCHLOROTHIAZIDE	CONTRAINDICATES	autoimmune hemolytic anemia
HYDROCHLOROTHIAZIDE	CONTRAINDICATES	inherited porphyria
HYDROCHLOROTHIAZIDE	CONTRAINDICATES	parkinsonian disorder
HYDROCHLOROTHIAZIDE	CONTRAINDICATES	aortic valve stenosis
FUROSEMIDE	CONTRAINDICATES	pancreatitis
FUROSEMIDE	CONTRAINDICATES	myocardial infarction
FUROSEMIDE	CONTRAINDICATES	potassium deficiency disease
FUROSEMIDE	CONTRAINDICATES	anuria
FUROSEMIDE	CONTRAINDICATES	gout
FUROSEMIDE	CONTRAINDICATES	systemic lupus erythematosus
PYRIMETHAMINE	CONTRAINDICATES	epilepsy
PYRIMETHAMINE	CONTRAINDICATES	kidney disorder
PYRIMETHAMINE	CONTRAINDICATES	inherited porphyria
SERINE	CONTRAINDICATES	hypercalcemia disease
SERINE	CONTRAINDICATES	megaloblastic anemia
SERINE	CONTRAINDICATES	depressive disorder
SERINE	CONTRAINDICATES	diabetes mellitus
SERINE	CONTRAINDICATES	epilepsy
SERINE	CONTRAINDICATES	kidney disorder
SERINE	CONTRAINDICATES	heart disorder
SERINE	CONTRAINDICATES	end stage renal failure
SERINE	CONTRAINDICATES	psychotic disorder
SERINE	CONTRAINDICATES	sideroblastic anemia
SERINE	CONTRAINDICATES	sarcoidosis
LOVASTATIN	CONTRAINDICATES	hypophosphatemia
LOVASTATIN	CONTRAINDICATES	hyperglycemia
LOVASTATIN	CONTRAINDICATES	diabetes mellitus
LOVASTATIN	CONTRAINDICATES	myocardial infarction
LOVASTATIN	CONTRAINDICATES	gout
CLOMIPRAMINE	CONTRAINDICATES	epilepsy
CLOMIPRAMINE	CONTRAINDICATES	glaucoma
CLOMIPRAMINE	CONTRAINDICATES	neuroblastoma
CLOMIPRAMINE	CONTRAINDICATES	hyperthyroidism
CLOMIPRAMINE	CONTRAINDICATES	pheochromocytoma
CLOMIPRAMINE	CONTRAINDICATES	malignant hyperthermia of anesthesia
DRONABINOL	CONTRAINDICATES	depressive disorder
DRONABINOL	CONTRAINDICATES	epilepsy
DRONABINOL	CONTRAINDICATES	schizophrenia
DRONABINOL	CONTRAINDICATES	substance abuse
MITOXANTRONE	CONTRAINDICATES	anemia
MITOXANTRONE	CONTRAINDICATES	bacterial infectious disease
MITOXANTRONE	CONTRAINDICATES	leukopenia
NALOXONE	CONTRAINDICATES	adrenocortical insufficiency
NALOXONE	CONTRAINDICATES	urethral stricture
NALOXONE	CONTRAINDICATES	ulcerative colitis
NALOXONE	CONTRAINDICATES	morbid obesity
NALOXONE	CONTRAINDICATES	substance abuse
NALOXONE	CONTRAINDICATES	kidney disorder
NALOXONE	CONTRAINDICATES	inflammatory bowel disease
NALOXONE	CONTRAINDICATES	hypothyroidism
NALOXONE	CONTRAINDICATES	paralytic ileus
NALOXONE	CONTRAINDICATES	cor pulmonale
NALOXONE	CONTRAINDICATES	pulmonary emphysema
RALOXIFENE	CONTRAINDICATES	thrombophlebitis
RALOXIFENE	CONTRAINDICATES	thrombophilia
RALOXIFENE	CONTRAINDICATES	atrial fibrillation
DOFETILIDE	CONTRAINDICATES	potassium deficiency disease
DOFETILIDE	CONTRAINDICATES	kidney disorder
DOFETILIDE	CONTRAINDICATES	anorexia nervosa
DACARBAZINE	CONTRAINDICATES	anemia
DACARBAZINE	CONTRAINDICATES	kidney disorder
DACARBAZINE	CONTRAINDICATES	leukopenia
SULFATHIAZOLE	CONTRAINDICATES	kidney disorder
SULFATHIAZOLE	CONTRAINDICATES	inherited porphyria
SULFAMERAZINE	CONTRAINDICATES	kidney disorder
SULFAMERAZINE	CONTRAINDICATES	inherited porphyria
SULFADIAZINE	CONTRAINDICATES	anemia
SULFADIAZINE	CONTRAINDICATES	asthma
SULFADIAZINE	CONTRAINDICATES	kidney disorder
SULFADIAZINE	CONTRAINDICATES	urinary tract obstruction
SULFADIAZINE	CONTRAINDICATES	leukopenia
SULFADIAZINE	CONTRAINDICATES	inherited porphyria
SULFADIAZINE	CONTRAINDICATES	aplastic anemia
THIOPENTAL	CONTRAINDICATES	anemia
THIOPENTAL	CONTRAINDICATES	asthma
THIOPENTAL	CONTRAINDICATES	kidney disorder
THIOPENTAL	CONTRAINDICATES	uremia
THIOPENTAL	CONTRAINDICATES	myasthenia gravis
THIOPENTAL	CONTRAINDICATES	myxedema
THIOPENTAL	CONTRAINDICATES	acute intermittent porphyria
THIOPENTAL	CONTRAINDICATES	variegate porphyria
ERGOTAMINE	CONTRAINDICATES	hepatic coma
ERGOTAMINE	CONTRAINDICATES	diarrheal disease
ERGOTAMINE	CONTRAINDICATES	hepatic encephalopathy
ERGOTAMINE	CONTRAINDICATES	angle-closure glaucoma
ERGOTAMINE	CONTRAINDICATES	depressive disorder
ERGOTAMINE	CONTRAINDICATES	toxic megacolon
ERGOTAMINE	CONTRAINDICATES	thrombophlebitis
ERGOTAMINE	CONTRAINDICATES	gastric ulcer
ERGOTAMINE	CONTRAINDICATES	anemia
ERGOTAMINE	CONTRAINDICATES	ulcerative colitis
ERGOTAMINE	CONTRAINDICATES	substance abuse
ERGOTAMINE	CONTRAINDICATES	kidney disorder
ERGOTAMINE	CONTRAINDICATES	peripheral vascular disease
ERGOTAMINE	CONTRAINDICATES	sleep apnea syndrome
ERGOTAMINE	CONTRAINDICATES	urinary tract obstruction
ERGOTAMINE	CONTRAINDICATES	panic disorder
ERGOTAMINE	CONTRAINDICATES	hyperthyroidism
ERGOTAMINE	CONTRAINDICATES	paralytic ileus
ERGOTAMINE	CONTRAINDICATES	agoraphobia
ERGOTAMINE	CONTRAINDICATES	Prinzmetal angina
ERGOTAMINE	CONTRAINDICATES	myasthenia gravis
ERGOTAMINE	CONTRAINDICATES	obsessive-compulsive disorder
ERGOTAMINE	CONTRAINDICATES	inherited porphyria
TRETINOIN	CONTRAINDICATES	adrenocortical insufficiency
TRETINOIN	CONTRAINDICATES	agranulocytosis
TRETINOIN	CONTRAINDICATES	depressive disorder
TRETINOIN	CONTRAINDICATES	osteomalacia
TRETINOIN	CONTRAINDICATES	atopic eczema
TRETINOIN	CONTRAINDICATES	Crohn disease
TRETINOIN	CONTRAINDICATES	diabetes mellitus
TRETINOIN	CONTRAINDICATES	myocardial infarction
TRETINOIN	CONTRAINDICATES	ulcerative colitis
TRETINOIN	CONTRAINDICATES	pericardial effusion
TRETINOIN	CONTRAINDICATES	kidney disorder
TRETINOIN	CONTRAINDICATES	inflammatory bowel disease
TRETINOIN	CONTRAINDICATES	peripheral vascular disease
TRETINOIN	CONTRAINDICATES	osteoporosis
TRETINOIN	CONTRAINDICATES	anorexia nervosa
TRETINOIN	CONTRAINDICATES	acute pancreatitis
TRETINOIN	CONTRAINDICATES	psychotic disorder
TRETINOIN	CONTRAINDICATES	dry eye syndrome
TRETINOIN	CONTRAINDICATES	vitiligo
TRETINOIN	CONTRAINDICATES	mycosis fungoides
TRETINOIN	CONTRAINDICATES	obesity disorder
METHOHEXITAL	CONTRAINDICATES	anemia
METHOHEXITAL	CONTRAINDICATES	asthma
METHOHEXITAL	CONTRAINDICATES	morbid obesity
METHOHEXITAL	CONTRAINDICATES	kidney disorder
METHOHEXITAL	CONTRAINDICATES	inherited porphyria
PHENOBARBITAL	CONTRAINDICATES	pancytopenia
PHENOBARBITAL	CONTRAINDICATES	hepatic coma
PHENOBARBITAL	CONTRAINDICATES	hypercalcemia disease
PHENOBARBITAL	CONTRAINDICATES	agranulocytosis
PHENOBARBITAL	CONTRAINDICATES	diarrheal disease
PHENOBARBITAL	CONTRAINDICATES	megaloblastic anemia
PHENOBARBITAL	CONTRAINDICATES	hepatic encephalopathy
PHENOBARBITAL	CONTRAINDICATES	hyperparathyroidism
PHENOBARBITAL	CONTRAINDICATES	angle-closure glaucoma
PHENOBARBITAL	CONTRAINDICATES	toxic megacolon
PHENOBARBITAL	CONTRAINDICATES	thrombophlebitis
PHENOBARBITAL	CONTRAINDICATES	hyperglycemia
PHENOBARBITAL	CONTRAINDICATES	osteomalacia
PHENOBARBITAL	CONTRAINDICATES	gastric ulcer
PHENOBARBITAL	CONTRAINDICATES	anemia
PHENOBARBITAL	CONTRAINDICATES	gastritis
PHENOBARBITAL	CONTRAINDICATES	diabetes mellitus
PHENOBARBITAL	CONTRAINDICATES	glaucoma
PHENOBARBITAL	CONTRAINDICATES	myocardial infarction
PHENOBARBITAL	CONTRAINDICATES	ulcerative colitis
PHENOBARBITAL	CONTRAINDICATES	substance abuse
PHENOBARBITAL	CONTRAINDICATES	kidney disorder
PHENOBARBITAL	CONTRAINDICATES	heart disorder
PHENOBARBITAL	CONTRAINDICATES	peripheral vascular disease
PHENOBARBITAL	CONTRAINDICATES	sleep apnea syndrome
PHENOBARBITAL	CONTRAINDICATES	urinary tract obstruction
PHENOBARBITAL	CONTRAINDICATES	panic disorder
PHENOBARBITAL	CONTRAINDICATES	gout
PHENOBARBITAL	CONTRAINDICATES	goiter
PHENOBARBITAL	CONTRAINDICATES	hypothyroidism
PHENOBARBITAL	CONTRAINDICATES	psychotic disorder
PHENOBARBITAL	CONTRAINDICATES	hyperthyroidism
PHENOBARBITAL	CONTRAINDICATES	paralytic ileus
PHENOBARBITAL	CONTRAINDICATES	cor pulmonale
PHENOBARBITAL	CONTRAINDICATES	appendicitis
PHENOBARBITAL	CONTRAINDICATES	agoraphobia
PHENOBARBITAL	CONTRAINDICATES	bronchitis
PHENOBARBITAL	CONTRAINDICATES	leukopenia
PHENOBARBITAL	CONTRAINDICATES	pulmonary edema
PHENOBARBITAL	CONTRAINDICATES	systemic lupus erythematosus
PHENOBARBITAL	CONTRAINDICATES	myasthenia gravis
PHENOBARBITAL	CONTRAINDICATES	gastroesophageal reflux disease
PHENOBARBITAL	CONTRAINDICATES	obsessive-compulsive disorder
PHENOBARBITAL	CONTRAINDICATES	cystic fibrosis
PHENOBARBITAL	CONTRAINDICATES	dermatitis herpetiformis
PHENOBARBITAL	CONTRAINDICATES	thrombotic thrombocytopenic purpura
PHENOBARBITAL	CONTRAINDICATES	inherited porphyria
PHENOBARBITAL	CONTRAINDICATES	aplastic anemia
PHENOBARBITAL	CONTRAINDICATES	sarcoidosis
PHENOBARBITAL	CONTRAINDICATES	hemophilia
FLUOXETINE	CONTRAINDICATES	agranulocytosis
FLUOXETINE	CONTRAINDICATES	angle-closure glaucoma
FLUOXETINE	CONTRAINDICATES	hyperglycemia
FLUOXETINE	CONTRAINDICATES	diabetes mellitus
FLUOXETINE	CONTRAINDICATES	myocardial infarction
FLUOXETINE	CONTRAINDICATES	anorexia nervosa
FLUOXETINE	CONTRAINDICATES	paralytic ileus
FLUOXETINE	CONTRAINDICATES	leukopenia
FLUOXETINE	CONTRAINDICATES	cerebrovascular disorder
FLUOXETINE	CONTRAINDICATES	acquired hyperprolactinemia
FLUOXETINE	CONTRAINDICATES	neuroleptic malignant syndrome
CHLORPROPAMIDE	CONTRAINDICATES	hypopituitarism
CHLORPROPAMIDE	CONTRAINDICATES	heart disorder
CHLORPROPAMIDE	CONTRAINDICATES	hemolytic anemia
TIMOLOL	CONTRAINDICATES	hepatic coma
TIMOLOL	CONTRAINDICATES	hypercalcemia disease
TIMOLOL	CONTRAINDICATES	hyperparathyroidism
TIMOLOL	CONTRAINDICATES	depressive disorder
TIMOLOL	CONTRAINDICATES	diabetes mellitus
TIMOLOL	CONTRAINDICATES	potassium deficiency disease
TIMOLOL	CONTRAINDICATES	anuria
TIMOLOL	CONTRAINDICATES	kidney disorder
TIMOLOL	CONTRAINDICATES	gout
TIMOLOL	CONTRAINDICATES	acute pancreatitis
TIMOLOL	CONTRAINDICATES	hyperthyroidism
TIMOLOL	CONTRAINDICATES	pulmonary emphysema
TIMOLOL	CONTRAINDICATES	systemic lupus erythematosus
TIMOLOL	CONTRAINDICATES	myasthenia gravis
TIMOLOL	CONTRAINDICATES	thromboangiitis obliterans
TIMOLOL	CONTRAINDICATES	cerebrovascular disorder
PINDOLOL	CONTRAINDICATES	diabetes mellitus
PINDOLOL	CONTRAINDICATES	kidney disorder
PINDOLOL	CONTRAINDICATES	pulmonary emphysema
PINDOLOL	CONTRAINDICATES	myasthenia gravis
METHOXSALEN	CONTRAINDICATES	erythropoietic protoporphyria
METHOXSALEN	CONTRAINDICATES	squamous cell carcinoma
METHOXSALEN	CONTRAINDICATES	systemic lupus erythematosus
METHOXSALEN	CONTRAINDICATES	variegate porphyria
METHOXSALEN	CONTRAINDICATES	porphyria cutanea tarda
METHOXSALEN	CONTRAINDICATES	inherited porphyria
METHOXSALEN	CONTRAINDICATES	xeroderma pigmentosum
DICHLORPHENAMIDE	CONTRAINDICATES	renal tubular acidosis
DICHLORPHENAMIDE	CONTRAINDICATES	kidney disorder
DICHLORPHENAMIDE	CONTRAINDICATES	gout
EPIRUBICIN	CONTRAINDICATES	cardiomyopathy
EPIRUBICIN	CONTRAINDICATES	myocardial infarction
EPIRUBICIN	CONTRAINDICATES	kidney disorder
EPIRUBICIN	CONTRAINDICATES	stomatitis
ACETAZOLAMIDE	CONTRAINDICATES	renal tubular acidosis
ACETAZOLAMIDE	CONTRAINDICATES	gout
TAMOXIFEN	CONTRAINDICATES	hypercalcemia disease
TAMOXIFEN	CONTRAINDICATES	leukopenia
ADENOSINE	CONTRAINDICATES	sick sinus syndrome
ADENOSINE	CONTRAINDICATES	asthma
ADENOSINE	CONTRAINDICATES	pulmonary emphysema
ADENOSINE	CONTRAINDICATES	mitral valve stenosis
ADENOSINE	CONTRAINDICATES	pericarditis
ADENOSINE	CONTRAINDICATES	aortic valve stenosis
DOPAMINE	CONTRAINDICATES	pheochromocytoma
IBUPROFEN	CONTRAINDICATES	angle-closure glaucoma
IBUPROFEN	CONTRAINDICATES	urethral stricture
IBUPROFEN	CONTRAINDICATES	anemia
IBUPROFEN	CONTRAINDICATES	diabetes mellitus
IBUPROFEN	CONTRAINDICATES	myocardial infarction
IBUPROFEN	CONTRAINDICATES	ulcerative colitis
IBUPROFEN	CONTRAINDICATES	morbid obesity
IBUPROFEN	CONTRAINDICATES	potassium deficiency disease
IBUPROFEN	CONTRAINDICATES	substance abuse
IBUPROFEN	CONTRAINDICATES	kidney disorder
IBUPROFEN	CONTRAINDICATES	inflammatory bowel disease
IBUPROFEN	CONTRAINDICATES	panic disorder
IBUPROFEN	CONTRAINDICATES	hypothyroidism
IBUPROFEN	CONTRAINDICATES	hyperthyroidism
IBUPROFEN	CONTRAINDICATES	cor pulmonale
IBUPROFEN	CONTRAINDICATES	chronic atrophic gastritis
IBUPROFEN	CONTRAINDICATES	agoraphobia
IBUPROFEN	CONTRAINDICATES	ocular hypertension
IBUPROFEN	CONTRAINDICATES	systemic lupus erythematosus
IBUPROFEN	CONTRAINDICATES	obsessive-compulsive disorder
ILOPROST	CONTRAINDICATES	pulmonary edema
TOPOTECAN	CONTRAINDICATES	diarrheal disease
TOPOTECAN	CONTRAINDICATES	anemia
TOPOTECAN	CONTRAINDICATES	interstitial lung disease
MECLOFENAMIC ACID	CONTRAINDICATES	anemia
MECLOFENAMIC ACID	CONTRAINDICATES	myocardial infarction
MECLOFENAMIC ACID	CONTRAINDICATES	kidney disorder
PYRILAMINE	CONTRAINDICATES	metabolic acidosis
PYRILAMINE	CONTRAINDICATES	angle-closure glaucoma
PYRILAMINE	CONTRAINDICATES	urethral stricture
PYRILAMINE	CONTRAINDICATES	diabetes mellitus
PYRILAMINE	CONTRAINDICATES	epilepsy
PYRILAMINE	CONTRAINDICATES	myocardial infarction
PYRILAMINE	CONTRAINDICATES	ulcerative colitis
PYRILAMINE	CONTRAINDICATES	morbid obesity
PYRILAMINE	CONTRAINDICATES	substance abuse
PYRILAMINE	CONTRAINDICATES	kidney disorder
PYRILAMINE	CONTRAINDICATES	inflammatory bowel disease
PYRILAMINE	CONTRAINDICATES	panic disorder
PYRILAMINE	CONTRAINDICATES	hypothyroidism
PYRILAMINE	CONTRAINDICATES	acute pancreatitis
PYRILAMINE	CONTRAINDICATES	hyperthyroidism
PYRILAMINE	CONTRAINDICATES	cor pulmonale
PYRILAMINE	CONTRAINDICATES	agoraphobia
PYRILAMINE	CONTRAINDICATES	pulmonary emphysema
PYRILAMINE	CONTRAINDICATES	ocular hypertension
PYRILAMINE	CONTRAINDICATES	obsessive-compulsive disorder
PROGESTERONE	CONTRAINDICATES	dementia
PROGESTERONE	CONTRAINDICATES	ectopic pregnancy
PROGESTERONE	CONTRAINDICATES	thrombophlebitis
PROGESTERONE	CONTRAINDICATES	hyperglycemia
PROGESTERONE	CONTRAINDICATES	mild pre-eclampsia
PROGESTERONE	CONTRAINDICATES	thrombophilia
PROGESTERONE	CONTRAINDICATES	asthma
PROGESTERONE	CONTRAINDICATES	myocardial infarction
PROGESTERONE	CONTRAINDICATES	kidney disorder
PROGESTERONE	CONTRAINDICATES	migraine disorder
PROGESTERONE	CONTRAINDICATES	hypothyroidism
PROGESTERONE	CONTRAINDICATES	systemic lupus erythematosus
PROGESTERONE	CONTRAINDICATES	cerebrovascular disorder
PROGESTERONE	CONTRAINDICATES	obesity disorder
PROGESTERONE	CONTRAINDICATES	inherited porphyria
HYDRALAZINE	CONTRAINDICATES	hepatic coma
HYDRALAZINE	CONTRAINDICATES	hypercalcemia disease
HYDRALAZINE	CONTRAINDICATES	hyperparathyroidism
HYDRALAZINE	CONTRAINDICATES	depressive disorder
HYDRALAZINE	CONTRAINDICATES	anemia
HYDRALAZINE	CONTRAINDICATES	diabetes mellitus
HYDRALAZINE	CONTRAINDICATES	epilepsy
HYDRALAZINE	CONTRAINDICATES	hypertrophic cardiomyopathy
HYDRALAZINE	CONTRAINDICATES	myocardial infarction
HYDRALAZINE	CONTRAINDICATES	ulcerative colitis
HYDRALAZINE	CONTRAINDICATES	potassium deficiency disease
HYDRALAZINE	CONTRAINDICATES	anuria
HYDRALAZINE	CONTRAINDICATES	kidney disorder
HYDRALAZINE	CONTRAINDICATES	gout
HYDRALAZINE	CONTRAINDICATES	acute pancreatitis
HYDRALAZINE	CONTRAINDICATES	hyperthyroidism
HYDRALAZINE	CONTRAINDICATES	systemic lupus erythematosus
AMPHOTERICIN B	CONTRAINDICATES	potassium deficiency disease
AMPHOTERICIN B	CONTRAINDICATES	kidney disorder
HISTAMINE	CONTRAINDICATES	angle-closure glaucoma
HISTAMINE	CONTRAINDICATES	mild pre-eclampsia
HISTAMINE	CONTRAINDICATES	diabetes mellitus
HISTAMINE	CONTRAINDICATES	glaucoma
HISTAMINE	CONTRAINDICATES	substance abuse
HISTAMINE	CONTRAINDICATES	pulmonary hypertension
HISTAMINE	CONTRAINDICATES	psychotic disorder
HISTAMINE	CONTRAINDICATES	hyperthyroidism
HISTAMINE	CONTRAINDICATES	arteriosclerosis obliterans
HISTAMINE	CONTRAINDICATES	ocular hypertension
RISPERIDONE	CONTRAINDICATES	agranulocytosis
RISPERIDONE	CONTRAINDICATES	hyperglycemia
RISPERIDONE	CONTRAINDICATES	diabetes mellitus
RISPERIDONE	CONTRAINDICATES	myocardial infarction
RISPERIDONE	CONTRAINDICATES	substance abuse
RISPERIDONE	CONTRAINDICATES	priapism
RISPERIDONE	CONTRAINDICATES	leukopenia
RISPERIDONE	CONTRAINDICATES	cerebrovascular disorder
RISPERIDONE	CONTRAINDICATES	obesity disorder
RISPERIDONE	CONTRAINDICATES	parkinsonian disorder
RISPERIDONE	CONTRAINDICATES	acquired hyperprolactinemia
RISPERIDONE	CONTRAINDICATES	neuroleptic malignant syndrome
CROMOLYN	CONTRAINDICATES	kidney disorder
METOCLOPRAMIDE	CONTRAINDICATES	depressive disorder
METOCLOPRAMIDE	CONTRAINDICATES	pheochromocytoma
METOCLOPRAMIDE	CONTRAINDICATES	inherited porphyria
METOCLOPRAMIDE	CONTRAINDICATES	parkinsonian disorder
METOCLOPRAMIDE	CONTRAINDICATES	neuroleptic malignant syndrome
PROPOFOL	CONTRAINDICATES	epilepsy
DIMETHYL SULFOXIDE	CONTRAINDICATES	kidney disorder
TYRAMINE	CONTRAINDICATES	kidney disorder
PIROXICAM	CONTRAINDICATES	thrombotic disease
PIROXICAM	CONTRAINDICATES	drug-induced hepatitis
PIROXICAM	CONTRAINDICATES	anemia
PIROXICAM	CONTRAINDICATES	myocardial infarction
PIROXICAM	CONTRAINDICATES	kidney disorder
CARMUSTINE	CONTRAINDICATES	obstructive hydrocephalus
CARMUSTINE	CONTRAINDICATES	anemia
CARMUSTINE	CONTRAINDICATES	epilepsy
CARMUSTINE	CONTRAINDICATES	bacterial infectious disease
CARMUSTINE	CONTRAINDICATES	kidney disorder
CARMUSTINE	CONTRAINDICATES	infectious meningitis
CARMUSTINE	CONTRAINDICATES	leukopenia
LOMUSTINE	CONTRAINDICATES	drug-induced hepatitis
LOMUSTINE	CONTRAINDICATES	bacterial infectious disease
LOMUSTINE	CONTRAINDICATES	kidney disorder
LOMUSTINE	CONTRAINDICATES	leukopenia
SUNITINIB	CONTRAINDICATES	adrenocortical insufficiency
SUNITINIB	CONTRAINDICATES	drug-induced hepatitis
SUNITINIB	CONTRAINDICATES	anemia
SUNITINIB	CONTRAINDICATES	pancreatitis
SUNITINIB	CONTRAINDICATES	potassium deficiency disease
SUNITINIB	CONTRAINDICATES	hypothyroidism
SUNITINIB	CONTRAINDICATES	hyperthyroidism
DOCETAXEL ANHYDROUS	CONTRAINDICATES	diarrheal disease
DOCETAXEL ANHYDROUS	CONTRAINDICATES	anemia
DOCETAXEL ANHYDROUS	CONTRAINDICATES	cardiac tamponade
DOCETAXEL ANHYDROUS	CONTRAINDICATES	stomatitis
DOCETAXEL ANHYDROUS	CONTRAINDICATES	pulmonary edema
CHLORAMBUCIL	CONTRAINDICATES	drug-induced hepatitis
CHLORAMBUCIL	CONTRAINDICATES	anemia
CHLORAMBUCIL	CONTRAINDICATES	nephrotic syndrome
CHLORAMBUCIL	CONTRAINDICATES	leukopenia
CYPROHEPTADINE	CONTRAINDICATES	angle-closure glaucoma
CYPROHEPTADINE	CONTRAINDICATES	hyperthyroidism
CYPROHEPTADINE	CONTRAINDICATES	ocular hypertension
PACLITAXEL	CONTRAINDICATES	depressive disorder
PACLITAXEL	CONTRAINDICATES	asthma
PACLITAXEL	CONTRAINDICATES	diabetes mellitus
PACLITAXEL	CONTRAINDICATES	myocardial infarction
PACLITAXEL	CONTRAINDICATES	kidney disorder
PACLITAXEL	CONTRAINDICATES	pulmonary emphysema
PACLITAXEL	CONTRAINDICATES	myasthenia gravis
PACLITAXEL	CONTRAINDICATES	pheochromocytoma
ZILEUTON	CONTRAINDICATES	depressive disorder
INAMRINONE	CONTRAINDICATES	hypertrophic cardiomyopathy
INAMRINONE	CONTRAINDICATES	myocardial infarction
INAMRINONE	CONTRAINDICATES	potassium deficiency disease
INAMRINONE	CONTRAINDICATES	kidney disorder
INAMRINONE	CONTRAINDICATES	aortic valve stenosis
HYDROQUINONE	CONTRAINDICATES	adrenocortical insufficiency
HYDROQUINONE	CONTRAINDICATES	peripheral vascular disease
ACETIC ACID	CONTRAINDICATES	herpes simplex infectious disease
ACETIC ACID	CONTRAINDICATES	inherited porphyria
ISOTRETINOIN	CONTRAINDICATES	hepatic coma
ISOTRETINOIN	CONTRAINDICATES	hypercalcemia disease
ISOTRETINOIN	CONTRAINDICATES	agranulocytosis
ISOTRETINOIN	CONTRAINDICATES	hyperparathyroidism
ISOTRETINOIN	CONTRAINDICATES	depressive disorder
ISOTRETINOIN	CONTRAINDICATES	osteomalacia
ISOTRETINOIN	CONTRAINDICATES	diabetes mellitus
ISOTRETINOIN	CONTRAINDICATES	potassium deficiency disease
ISOTRETINOIN	CONTRAINDICATES	anuria
ISOTRETINOIN	CONTRAINDICATES	kidney disorder
ISOTRETINOIN	CONTRAINDICATES	inflammatory bowel disease
ISOTRETINOIN	CONTRAINDICATES	osteoporosis
ISOTRETINOIN	CONTRAINDICATES	anorexia nervosa
ISOTRETINOIN	CONTRAINDICATES	gout
ISOTRETINOIN	CONTRAINDICATES	acute pancreatitis
ISOTRETINOIN	CONTRAINDICATES	psychotic disorder
ISOTRETINOIN	CONTRAINDICATES	dry eye syndrome
ISOTRETINOIN	CONTRAINDICATES	systemic lupus erythematosus
ISOTRETINOIN	CONTRAINDICATES	obesity disorder
ISOTRETINOIN	CONTRAINDICATES	angioedema
ILOPERIDONE	CONTRAINDICATES	hyperglycemia
ILOPERIDONE	CONTRAINDICATES	diabetes mellitus
ILOPERIDONE	CONTRAINDICATES	myocardial infarction
ILOPERIDONE	CONTRAINDICATES	potassium deficiency disease
ILOPERIDONE	CONTRAINDICATES	priapism
ILOPERIDONE	CONTRAINDICATES	leukopenia
ILOPERIDONE	CONTRAINDICATES	obesity disorder
ILOPERIDONE	CONTRAINDICATES	acquired hyperprolactinemia
ILOPERIDONE	CONTRAINDICATES	neuroleptic malignant syndrome
TRIAMTERENE	CONTRAINDICATES	hepatic coma
TRIAMTERENE	CONTRAINDICATES	hypercalcemia disease
TRIAMTERENE	CONTRAINDICATES	hyperparathyroidism
TRIAMTERENE	CONTRAINDICATES	diabetes mellitus
TRIAMTERENE	CONTRAINDICATES	anuria
TRIAMTERENE	CONTRAINDICATES	kidney disorder
TRIAMTERENE	CONTRAINDICATES	gout
TRIAMTERENE	CONTRAINDICATES	acute pancreatitis
TRIAMTERENE	CONTRAINDICATES	systemic lupus erythematosus
BENZOIC ACID	CONTRAINDICATES	toxic megacolon
BENZOIC ACID	CONTRAINDICATES	anemia
BENZOIC ACID	CONTRAINDICATES	gastritis
BENZOIC ACID	CONTRAINDICATES	diabetes mellitus
BENZOIC ACID	CONTRAINDICATES	glaucoma
BENZOIC ACID	CONTRAINDICATES	kidney disorder
BENZOIC ACID	CONTRAINDICATES	anorexia nervosa
BENZOIC ACID	CONTRAINDICATES	hyperthyroidism
BENZOIC ACID	CONTRAINDICATES	paralytic ileus
BENZOIC ACID	CONTRAINDICATES	myasthenia gravis
BENZOIC ACID	CONTRAINDICATES	gastroesophageal reflux disease
BENZOIC ACID	CONTRAINDICATES	thyrotoxicosis
BENZOIC ACID	CONTRAINDICATES	thrombotic thrombocytopenic purpura
BENZOIC ACID	CONTRAINDICATES	hemophilia
AMINOBENZOIC ACID	CONTRAINDICATES	kidney disorder
AMINOBENZOIC ACID	CONTRAINDICATES	anorexia nervosa
AMANOZINE	CONTRAINDICATES	potassium deficiency disease
PHENOL	CONTRAINDICATES	diabetes mellitus
PHENOL	CONTRAINDICATES	peripheral vascular disease
PHENOL	CONTRAINDICATES	herpes simplex infectious disease
PHENOL	CONTRAINDICATES	herpes zoster
PHENOL	CONTRAINDICATES	appendicitis
PHENOL	CONTRAINDICATES	progressive multifocal leukoencephalopathy
MEQUINOL	CONTRAINDICATES	vitiligo
GUAIACOL	CONTRAINDICATES	adrenocortical insufficiency
GUAIACOL	CONTRAINDICATES	metabolic acidosis
GUAIACOL	CONTRAINDICATES	angle-closure glaucoma
GUAIACOL	CONTRAINDICATES	urethral stricture
GUAIACOL	CONTRAINDICATES	diabetes mellitus
GUAIACOL	CONTRAINDICATES	myocardial infarction
GUAIACOL	CONTRAINDICATES	ulcerative colitis
GUAIACOL	CONTRAINDICATES	morbid obesity
GUAIACOL	CONTRAINDICATES	anuria
GUAIACOL	CONTRAINDICATES	substance abuse
GUAIACOL	CONTRAINDICATES	kidney disorder
GUAIACOL	CONTRAINDICATES	inflammatory bowel disease
GUAIACOL	CONTRAINDICATES	hypothyroidism
GUAIACOL	CONTRAINDICATES	acute pancreatitis
GUAIACOL	CONTRAINDICATES	hyperthyroidism
GUAIACOL	CONTRAINDICATES	cor pulmonale
GUAIACOL	CONTRAINDICATES	pulmonary emphysema
GUAIACOL	CONTRAINDICATES	ocular hypertension
GUAIACOL	CONTRAINDICATES	pulmonary edema
CHLORPHENIRAMINE	CONTRAINDICATES	angle-closure glaucoma
CHLORPHENIRAMINE	CONTRAINDICATES	toxic megacolon
CHLORPHENIRAMINE	CONTRAINDICATES	urethral stricture
CHLORPHENIRAMINE	CONTRAINDICATES	gastric ulcer
CHLORPHENIRAMINE	CONTRAINDICATES	anemia
CHLORPHENIRAMINE	CONTRAINDICATES	gastritis
CHLORPHENIRAMINE	CONTRAINDICATES	diabetes mellitus
CHLORPHENIRAMINE	CONTRAINDICATES	epilepsy
CHLORPHENIRAMINE	CONTRAINDICATES	glaucoma
CHLORPHENIRAMINE	CONTRAINDICATES	myocardial infarction
CHLORPHENIRAMINE	CONTRAINDICATES	ulcerative colitis
CHLORPHENIRAMINE	CONTRAINDICATES	morbid obesity
CHLORPHENIRAMINE	CONTRAINDICATES	substance abuse
CHLORPHENIRAMINE	CONTRAINDICATES	kidney disorder
CHLORPHENIRAMINE	CONTRAINDICATES	inflammatory bowel disease
CHLORPHENIRAMINE	CONTRAINDICATES	urinary tract obstruction
CHLORPHENIRAMINE	CONTRAINDICATES	panic disorder
CHLORPHENIRAMINE	CONTRAINDICATES	gout
CHLORPHENIRAMINE	CONTRAINDICATES	goiter
CHLORPHENIRAMINE	CONTRAINDICATES	hypothyroidism
CHLORPHENIRAMINE	CONTRAINDICATES	acute pancreatitis
CHLORPHENIRAMINE	CONTRAINDICATES	psychotic disorder
CHLORPHENIRAMINE	CONTRAINDICATES	hyperthyroidism
CHLORPHENIRAMINE	CONTRAINDICATES	paralytic ileus
CHLORPHENIRAMINE	CONTRAINDICATES	cor pulmonale
CHLORPHENIRAMINE	CONTRAINDICATES	agoraphobia
CHLORPHENIRAMINE	CONTRAINDICATES	pulmonary emphysema
CHLORPHENIRAMINE	CONTRAINDICATES	bronchitis
CHLORPHENIRAMINE	CONTRAINDICATES	ocular hypertension
CHLORPHENIRAMINE	CONTRAINDICATES	myasthenia gravis
CHLORPHENIRAMINE	CONTRAINDICATES	gastroesophageal reflux disease
CHLORPHENIRAMINE	CONTRAINDICATES	obsessive-compulsive disorder
CHLORPHENIRAMINE	CONTRAINDICATES	thyrotoxicosis
CHLORPHENIRAMINE	CONTRAINDICATES	dermatitis herpetiformis
CHLORPHENIRAMINE	CONTRAINDICATES	thrombotic thrombocytopenic purpura
CHLORPHENIRAMINE	CONTRAINDICATES	hemophilia
DISOPYRAMIDE	CONTRAINDICATES	angle-closure glaucoma
DISOPYRAMIDE	CONTRAINDICATES	cardiomyopathy
DISOPYRAMIDE	CONTRAINDICATES	potassium deficiency disease
DISOPYRAMIDE	CONTRAINDICATES	kidney disorder
DISOPYRAMIDE	CONTRAINDICATES	myocarditis
DISOPYRAMIDE	CONTRAINDICATES	myasthenia gravis
CEFTIZOXIME	CONTRAINDICATES	kidney disorder
CARBAMAZEPINE	CONTRAINDICATES	pancytopenia
CARBAMAZEPINE	CONTRAINDICATES	agranulocytosis
CARBAMAZEPINE	CONTRAINDICATES	anemia
CARBAMAZEPINE	CONTRAINDICATES	glaucoma
CARBAMAZEPINE	CONTRAINDICATES	kidney disorder
CARBAMAZEPINE	CONTRAINDICATES	ocular hypertension
CARBAMAZEPINE	CONTRAINDICATES	acute intermittent porphyria
CARBAMAZEPINE	CONTRAINDICATES	aplastic anemia
DINOPROSTONE	CONTRAINDICATES	anemia
DINOPROSTONE	CONTRAINDICATES	asthma
DINOPROSTONE	CONTRAINDICATES	disseminated intravascular coagulation
DINOPROSTONE	CONTRAINDICATES	diabetes mellitus
DINOPROSTONE	CONTRAINDICATES	glaucoma
DINOPROSTONE	CONTRAINDICATES	kidney disorder
DINOPROSTONE	CONTRAINDICATES	ocular hypertension
NEOSTIGMINE	CONTRAINDICATES	asthma
NEOSTIGMINE	CONTRAINDICATES	urinary tract obstruction
NEOSTIGMINE	CONTRAINDICATES	hyperthyroidism
NEOSTIGMINE	CONTRAINDICATES	infectious peritonitis
VORINOSTAT	CONTRAINDICATES	diarrheal disease
VORINOSTAT	CONTRAINDICATES	hyperglycemia
VORINOSTAT	CONTRAINDICATES	anemia
VORINOSTAT	CONTRAINDICATES	diabetes mellitus
VORINOSTAT	CONTRAINDICATES	potassium deficiency disease
GRISEOFULVIN	CONTRAINDICATES	systemic lupus erythematosus
GRISEOFULVIN	CONTRAINDICATES	inherited porphyria
FLURBIPROFEN	CONTRAINDICATES	myocardial infarction
FLURBIPROFEN	CONTRAINDICATES	kidney disorder
CLOTRIMAZOLE	CONTRAINDICATES	adrenocortical insufficiency
CLOTRIMAZOLE	CONTRAINDICATES	peripheral vascular disease
YOHIMBINE	CONTRAINDICATES	kidney disorder
YOHIMBINE	CONTRAINDICATES	heart disorder
VALPROIC ACID	CONTRAINDICATES	kidney disorder
VALPROIC ACID	CONTRAINDICATES	acute pancreatitis
VALPROIC ACID	CONTRAINDICATES	inherited porphyria
VALPROIC ACID	CONTRAINDICATES	citrullinemia
CELECOXIB	CONTRAINDICATES	anemia
CELECOXIB	CONTRAINDICATES	asthma
CELECOXIB	CONTRAINDICATES	myocardial infarction
CELECOXIB	CONTRAINDICATES	kidney disorder
PROMAZINE	CONTRAINDICATES	hyperglycemia
PROMAZINE	CONTRAINDICATES	anemia
PROMAZINE	CONTRAINDICATES	epilepsy
PROMAZINE	CONTRAINDICATES	glaucoma
PROMAZINE	CONTRAINDICATES	myocardial infarction
PROMAZINE	CONTRAINDICATES	leukopenia
PROMAZINE	CONTRAINDICATES	obesity disorder
PROMAZINE	CONTRAINDICATES	parkinsonian disorder
PROMAZINE	CONTRAINDICATES	acquired hyperprolactinemia
PROMAZINE	CONTRAINDICATES	neuroleptic malignant syndrome
ACETAMINOPHEN	CONTRAINDICATES	hepatic encephalopathy
MITOMYCIN	CONTRAINDICATES	anemia
MITOMYCIN	CONTRAINDICATES	kidney disorder
MITOMYCIN	CONTRAINDICATES	stomatitis
MITOMYCIN	CONTRAINDICATES	leukopenia
CITALOPRAM	CONTRAINDICATES	epilepsy
CITALOPRAM	CONTRAINDICATES	potassium deficiency disease
CITALOPRAM	CONTRAINDICATES	heart disorder
CITALOPRAM	CONTRAINDICATES	neuroleptic malignant syndrome
PILOCARPINE	CONTRAINDICATES	cholecystitis
PILOCARPINE	CONTRAINDICATES	keratitis
PILOCARPINE	CONTRAINDICATES	anterior uveitis
PILOCARPINE	CONTRAINDICATES	iritis
PILOCARPINE	CONTRAINDICATES	retinal detachment
COLCHICINE	CONTRAINDICATES	diarrheal disease
COLCHICINE	CONTRAINDICATES	leukopenia
COLCHICINE	CONTRAINDICATES	aplastic anemia
CAFFEINE	CONTRAINDICATES	hypophosphatemia
CAFFEINE	CONTRAINDICATES	hepatic coma
CAFFEINE	CONTRAINDICATES	diarrheal disease
CAFFEINE	CONTRAINDICATES	hepatic encephalopathy
CAFFEINE	CONTRAINDICATES	angle-closure glaucoma
CAFFEINE	CONTRAINDICATES	depressive disorder
CAFFEINE	CONTRAINDICATES	toxic megacolon
CAFFEINE	CONTRAINDICATES	thrombophlebitis
CAFFEINE	CONTRAINDICATES	urethral stricture
CAFFEINE	CONTRAINDICATES	gastric ulcer
CAFFEINE	CONTRAINDICATES	gastritis
CAFFEINE	CONTRAINDICATES	diabetes mellitus
CAFFEINE	CONTRAINDICATES	epilepsy
CAFFEINE	CONTRAINDICATES	glaucoma
CAFFEINE	CONTRAINDICATES	myocardial infarction
CAFFEINE	CONTRAINDICATES	morbid obesity
CAFFEINE	CONTRAINDICATES	potassium deficiency disease
CAFFEINE	CONTRAINDICATES	substance abuse
CAFFEINE	CONTRAINDICATES	kidney disorder
CAFFEINE	CONTRAINDICATES	inflammatory bowel disease
CAFFEINE	CONTRAINDICATES	peripheral vascular disease
CAFFEINE	CONTRAINDICATES	sleep apnea syndrome
CAFFEINE	CONTRAINDICATES	urinary tract obstruction
CAFFEINE	CONTRAINDICATES	panic disorder
CAFFEINE	CONTRAINDICATES	gout
CAFFEINE	CONTRAINDICATES	hypothyroidism
CAFFEINE	CONTRAINDICATES	acute pancreatitis
CAFFEINE	CONTRAINDICATES	hyperthyroidism
CAFFEINE	CONTRAINDICATES	paralytic ileus
CAFFEINE	CONTRAINDICATES	cor pulmonale
CAFFEINE	CONTRAINDICATES	chronic atrophic gastritis
CAFFEINE	CONTRAINDICATES	gastroparesis
CAFFEINE	CONTRAINDICATES	agoraphobia
CAFFEINE	CONTRAINDICATES	pulmonary emphysema
CAFFEINE	CONTRAINDICATES	ocular hypertension
CAFFEINE	CONTRAINDICATES	myasthenia gravis
CAFFEINE	CONTRAINDICATES	gastroesophageal reflux disease
CAFFEINE	CONTRAINDICATES	obsessive-compulsive disorder
CAFFEINE	CONTRAINDICATES	thyrotoxicosis
CAFFEINE	CONTRAINDICATES	thrombotic thrombocytopenic purpura
CAFFEINE	CONTRAINDICATES	inherited porphyria
CAFFEINE	CONTRAINDICATES	hemophilia
PHENACETIN	CONTRAINDICATES	hepatic coma
PHENACETIN	CONTRAINDICATES	hepatic encephalopathy
PHENACETIN	CONTRAINDICATES	depressive disorder
PHENACETIN	CONTRAINDICATES	anemia
PHENACETIN	CONTRAINDICATES	substance abuse
PHENACETIN	CONTRAINDICATES	kidney disorder
PHENACETIN	CONTRAINDICATES	sleep apnea syndrome
PHENACETIN	CONTRAINDICATES	panic disorder
PHENACETIN	CONTRAINDICATES	gout
PHENACETIN	CONTRAINDICATES	agoraphobia
PHENACETIN	CONTRAINDICATES	obsessive-compulsive disorder
PHENACETIN	CONTRAINDICATES	thrombotic thrombocytopenic purpura
PHENACETIN	CONTRAINDICATES	inherited porphyria
PHENACETIN	CONTRAINDICATES	hemophilia
PERPHENAZINE	CONTRAINDICATES	angle-closure glaucoma
PERPHENAZINE	CONTRAINDICATES	hyperglycemia
PERPHENAZINE	CONTRAINDICATES	anemia
PERPHENAZINE	CONTRAINDICATES	epilepsy
PERPHENAZINE	CONTRAINDICATES	glaucoma
PERPHENAZINE	CONTRAINDICATES	myocardial infarction
PERPHENAZINE	CONTRAINDICATES	open-angle glaucoma
PERPHENAZINE	CONTRAINDICATES	hyperthyroidism
PERPHENAZINE	CONTRAINDICATES	paralytic ileus
PERPHENAZINE	CONTRAINDICATES	leukopenia
PERPHENAZINE	CONTRAINDICATES	obesity disorder
PERPHENAZINE	CONTRAINDICATES	parkinsonian disorder
PERPHENAZINE	CONTRAINDICATES	acquired hyperprolactinemia
PERPHENAZINE	CONTRAINDICATES	neuroleptic malignant syndrome
OXAZEPAM	CONTRAINDICATES	borderline personality disorder
OXAZEPAM	CONTRAINDICATES	substance abuse
OXAZEPAM	CONTRAINDICATES	kidney disorder
OXAZEPAM	CONTRAINDICATES	sleep apnea syndrome
OXAZEPAM	CONTRAINDICATES	psychotic disorder
OXAZEPAM	CONTRAINDICATES	inherited porphyria
SULINDAC	CONTRAINDICATES	anemia
SULINDAC	CONTRAINDICATES	myocardial infarction
SULINDAC	CONTRAINDICATES	kidney disorder
SULINDAC	CONTRAINDICATES	systemic lupus erythematosus
CAMPHOR	CONTRAINDICATES	anemia
CAMPHOR	CONTRAINDICATES	gastritis
CAMPHOR	CONTRAINDICATES	diabetes mellitus
CAMPHOR	CONTRAINDICATES	kidney disorder
CAMPHOR	CONTRAINDICATES	peripheral vascular disease
CAMPHOR	CONTRAINDICATES	gastroesophageal reflux disease
CAMPHOR	CONTRAINDICATES	thyrotoxicosis
CAMPHOR	CONTRAINDICATES	thrombotic thrombocytopenic purpura
CAMPHOR	CONTRAINDICATES	hemophilia
PROCAINE	CONTRAINDICATES	agranulocytosis
PROCAINE	CONTRAINDICATES	potassium deficiency disease
PROCAINE	CONTRAINDICATES	kidney disorder
PROCAINE	CONTRAINDICATES	infectious mononucleosis
PROCAINE	CONTRAINDICATES	systemic lupus erythematosus
PROCAINE	CONTRAINDICATES	myasthenia gravis
TRIFLUPROMAZINE	CONTRAINDICATES	hyperglycemia
TRIFLUPROMAZINE	CONTRAINDICATES	anemia
TRIFLUPROMAZINE	CONTRAINDICATES	epilepsy
TRIFLUPROMAZINE	CONTRAINDICATES	glaucoma
TRIFLUPROMAZINE	CONTRAINDICATES	myocardial infarction
TRIFLUPROMAZINE	CONTRAINDICATES	leukopenia
TRIFLUPROMAZINE	CONTRAINDICATES	obesity disorder
TRIFLUPROMAZINE	CONTRAINDICATES	parkinsonian disorder
TRIFLUPROMAZINE	CONTRAINDICATES	acquired hyperprolactinemia
TRIFLUPROMAZINE	CONTRAINDICATES	neuroleptic malignant syndrome
KETOPROFEN	CONTRAINDICATES	myocardial infarction
KETOPROFEN	CONTRAINDICATES	kidney disorder
NITROFURANTOIN	CONTRAINDICATES	drug-induced hepatitis
NITROFURANTOIN	CONTRAINDICATES	diabetes mellitus
NITROFURANTOIN	CONTRAINDICATES	anuria
NITROFURANTOIN	CONTRAINDICATES	optic neuritis
THIABENDAZOLE	CONTRAINDICATES	kidney disorder
FLUCONAZOLE	CONTRAINDICATES	kidney disorder
LINDANE	CONTRAINDICATES	atopic eczema
LINDANE	CONTRAINDICATES	psoriasis
METHICILLIN	CONTRAINDICATES	kidney disorder
METHICILLIN	CONTRAINDICATES	infectious mononucleosis
BENZOCAINE	CONTRAINDICATES	hepatic coma
BENZOCAINE	CONTRAINDICATES	hypercalcemia disease
BENZOCAINE	CONTRAINDICATES	diarrheal disease
BENZOCAINE	CONTRAINDICATES	hepatic encephalopathy
BENZOCAINE	CONTRAINDICATES	hyperparathyroidism
BENZOCAINE	CONTRAINDICATES	depressive disorder
BENZOCAINE	CONTRAINDICATES	methemoglobinemia
BENZOCAINE	CONTRAINDICATES	anemia
BENZOCAINE	CONTRAINDICATES	gastritis
BENZOCAINE	CONTRAINDICATES	diabetes mellitus
BENZOCAINE	CONTRAINDICATES	substance abuse
BENZOCAINE	CONTRAINDICATES	kidney disorder
BENZOCAINE	CONTRAINDICATES	sleep apnea syndrome
BENZOCAINE	CONTRAINDICATES	herpes simplex infectious disease
BENZOCAINE	CONTRAINDICATES	appendicitis
BENZOCAINE	CONTRAINDICATES	gastroesophageal reflux disease
BENZOCAINE	CONTRAINDICATES	thyrotoxicosis
BENZOCAINE	CONTRAINDICATES	thrombotic thrombocytopenic purpura
BENZOCAINE	CONTRAINDICATES	inherited porphyria
BENZOCAINE	CONTRAINDICATES	sarcoidosis
BENZOCAINE	CONTRAINDICATES	hemophilia
BENZOCAINE	CONTRAINDICATES	encephalitis
SUCCINIC ACID	CONTRAINDICATES	gastroenteritis
SUCCINIC ACID	CONTRAINDICATES	ulcerative colitis
SUCCINIC ACID	CONTRAINDICATES	primary hyperoxaluria
SUCCINIC ACID	CONTRAINDICATES	hemosiderosis
SUCCINIC ACID	CONTRAINDICATES	hereditary hemochromatosis
SUCCINIC ACID	CONTRAINDICATES	hemolytic anemia
ENALAPRILAT ANHYDROUS	CONTRAINDICATES	angioedema
ENALAPRIL	CONTRAINDICATES	angioedema
HISTIDINE	CONTRAINDICATES	hypercalcemia disease
HISTIDINE	CONTRAINDICATES	kidney disorder
HISTIDINE	CONTRAINDICATES	heart disorder
HISTIDINE	CONTRAINDICATES	end stage renal failure
HISTIDINE	CONTRAINDICATES	sarcoidosis
TRIMETREXATE	CONTRAINDICATES	kidney disorder
LORAZEPAM	CONTRAINDICATES	hepatic encephalopathy
LORAZEPAM	CONTRAINDICATES	angle-closure glaucoma
LORAZEPAM	CONTRAINDICATES	substance abuse
LORAZEPAM	CONTRAINDICATES	kidney disorder
LORAZEPAM	CONTRAINDICATES	sleep apnea syndrome
LORAZEPAM	CONTRAINDICATES	open-angle glaucoma
LORAZEPAM	CONTRAINDICATES	inherited porphyria
FENTANYL	CONTRAINDICATES	depressive disorder
FENTANYL	CONTRAINDICATES	urethral stricture
FENTANYL	CONTRAINDICATES	asthma
FENTANYL	CONTRAINDICATES	potassium deficiency disease
FENTANYL	CONTRAINDICATES	substance abuse
FENTANYL	CONTRAINDICATES	kidney disorder
FENTANYL	CONTRAINDICATES	inflammatory bowel disease
FENTANYL	CONTRAINDICATES	acute pancreatitis
FENTANYL	CONTRAINDICATES	paralytic ileus
FENTANYL	CONTRAINDICATES	cor pulmonale
FENTANYL	CONTRAINDICATES	myasthenia gravis
FENTANYL	CONTRAINDICATES	pheochromocytoma
FENTANYL	CONTRAINDICATES	neuroleptic malignant syndrome
ROSIGLITAZONE	CONTRAINDICATES	adrenocortical insufficiency
ROSIGLITAZONE	CONTRAINDICATES	metabolic acidosis
ROSIGLITAZONE	CONTRAINDICATES	drug-induced hepatitis
ROSIGLITAZONE	CONTRAINDICATES	macular retinal edema
ROSIGLITAZONE	CONTRAINDICATES	myocardial infarction
ROSIGLITAZONE	CONTRAINDICATES	hypopituitarism
ROSIGLITAZONE	CONTRAINDICATES	kidney disorder
ROSIGLITAZONE	CONTRAINDICATES	osteoporosis
ROSIGLITAZONE	CONTRAINDICATES	hemolytic anemia
ROSIGLITAZONE	CONTRAINDICATES	pulmonary edema
ROSIGLITAZONE	CONTRAINDICATES	acquired lactic acidosis
SULFAMETHOXAZOLE	CONTRAINDICATES	glomerulonephritis
SULFAMETHOXAZOLE	CONTRAINDICATES	uremia
SULFAMETHOXAZOLE	CONTRAINDICATES	inherited porphyria
CLOZAPINE	CONTRAINDICATES	agranulocytosis
CLOZAPINE	CONTRAINDICATES	angle-closure glaucoma
CLOZAPINE	CONTRAINDICATES	hyperglycemia
CLOZAPINE	CONTRAINDICATES	diabetes mellitus
CLOZAPINE	CONTRAINDICATES	myocarditis
CLOZAPINE	CONTRAINDICATES	paralytic ileus
CLOZAPINE	CONTRAINDICATES	leukopenia
CLOZAPINE	CONTRAINDICATES	cerebrovascular disorder
CLOZAPINE	CONTRAINDICATES	obesity disorder
CLOZAPINE	CONTRAINDICATES	neuroleptic malignant syndrome
NORTRIPTYLINE	CONTRAINDICATES	epilepsy
NORTRIPTYLINE	CONTRAINDICATES	glaucoma
NORTRIPTYLINE	CONTRAINDICATES	myocardial infarction
NORTRIPTYLINE	CONTRAINDICATES	open-angle glaucoma
NORTRIPTYLINE	CONTRAINDICATES	hyperthyroidism
SULFAMETHAZINE	CONTRAINDICATES	kidney disorder
SULFAMETHAZINE	CONTRAINDICATES	inherited porphyria
MEXILETINE	CONTRAINDICATES	sick sinus syndrome
MEXILETINE	CONTRAINDICATES	epilepsy
ALANINE	CONTRAINDICATES	hypercalcemia disease
ALANINE	CONTRAINDICATES	kidney disorder
ALANINE	CONTRAINDICATES	heart disorder
ALANINE	CONTRAINDICATES	end stage renal failure
ALANINE	CONTRAINDICATES	sarcoidosis
SAQUINAVIR	CONTRAINDICATES	hyperglycemia
SAQUINAVIR	CONTRAINDICATES	diabetes mellitus
SAQUINAVIR	CONTRAINDICATES	potassium deficiency disease
INDINAVIR ANHYDROUS	CONTRAINDICATES	pyuria
INDINAVIR ANHYDROUS	CONTRAINDICATES	hyperglycemia
INDINAVIR ANHYDROUS	CONTRAINDICATES	diabetes mellitus
INDINAVIR ANHYDROUS	CONTRAINDICATES	hemolytic anemia
INDINAVIR ANHYDROUS	CONTRAINDICATES	hemophilia
NELFINAVIR	CONTRAINDICATES	depressive disorder
NELFINAVIR	CONTRAINDICATES	hyperglycemia
NELFINAVIR	CONTRAINDICATES	diabetes mellitus
NELFINAVIR	CONTRAINDICATES	hemophilia
DEXTROAMPHETAMINE	CONTRAINDICATES	cardiomyopathy
DEXTROAMPHETAMINE	CONTRAINDICATES	glaucoma
DEXTROAMPHETAMINE	CONTRAINDICATES	myocardial infarction
DEXTROAMPHETAMINE	CONTRAINDICATES	substance abuse
DEXTROAMPHETAMINE	CONTRAINDICATES	anorexia nervosa
DEXTROAMPHETAMINE	CONTRAINDICATES	psychotic disorder
DEXTROAMPHETAMINE	CONTRAINDICATES	hyperthyroidism
CYSTEAMINE	CONTRAINDICATES	depressive disorder
CYSTEAMINE	CONTRAINDICATES	leukopenia
PHENTOLAMINE	CONTRAINDICATES	glaucoma
PHENTOLAMINE	CONTRAINDICATES	myocardial infarction
AZITHROMYCIN	CONTRAINDICATES	myasthenia gravis
ERLOTINIB	CONTRAINDICATES	myocardial infarction
ERLOTINIB	CONTRAINDICATES	potassium deficiency disease
ERLOTINIB	CONTRAINDICATES	hepatorenal syndrome
ERLOTINIB	CONTRAINDICATES	kidney disorder
ERLOTINIB	CONTRAINDICATES	corneal ulcer
ERLOTINIB	CONTRAINDICATES	hemolytic anemia
ERLOTINIB	CONTRAINDICATES	thrombotic thrombocytopenic purpura
ERLOTINIB	CONTRAINDICATES	interstitial lung disease
ERLOTINIB	CONTRAINDICATES	adult acute respiratory distress syndrome
LAPATINIB	CONTRAINDICATES	drug-induced hepatitis
LAPATINIB	CONTRAINDICATES	potassium deficiency disease
AMPRENAVIR	CONTRAINDICATES	hyperglycemia
AMPRENAVIR	CONTRAINDICATES	diabetes mellitus
AMPRENAVIR	CONTRAINDICATES	myocardial infarction
AMPRENAVIR	CONTRAINDICATES	lipodystrophy
AMPRENAVIR	CONTRAINDICATES	hemolytic anemia
AMPRENAVIR	CONTRAINDICATES	obesity disorder
AMPRENAVIR	CONTRAINDICATES	autoimmune hemolytic anemia
MELOXICAM	CONTRAINDICATES	anemia
MELOXICAM	CONTRAINDICATES	gastritis
MELOXICAM	CONTRAINDICATES	diabetes mellitus
MELOXICAM	CONTRAINDICATES	myocardial infarction
MELOXICAM	CONTRAINDICATES	kidney disorder
PERGOLIDE	CONTRAINDICATES	renal fibrosis
PERGOLIDE	CONTRAINDICATES	pleurisy
PERGOLIDE	CONTRAINDICATES	pericardial effusion
PERGOLIDE	CONTRAINDICATES	kidney disorder
PERGOLIDE	CONTRAINDICATES	pericarditis
ERYTHROMYCIN	CONTRAINDICATES	kidney disorder
ERYTHROMYCIN	CONTRAINDICATES	myasthenia gravis
ERYTHROMYCIN	CONTRAINDICATES	inherited porphyria
MISOPROSTOL	CONTRAINDICATES	drug-induced hepatitis
MISOPROSTOL	CONTRAINDICATES	anemia
MISOPROSTOL	CONTRAINDICATES	asthma
MISOPROSTOL	CONTRAINDICATES	myocardial infarction
MISOPROSTOL	CONTRAINDICATES	inflammatory bowel disease
MEPERIDINE	CONTRAINDICATES	agranulocytosis
MEPERIDINE	CONTRAINDICATES	angle-closure glaucoma
MEPERIDINE	CONTRAINDICATES	thrombophlebitis
MEPERIDINE	CONTRAINDICATES	urethral stricture
MEPERIDINE	CONTRAINDICATES	epilepsy
MEPERIDINE	CONTRAINDICATES	substance abuse
MEPERIDINE	CONTRAINDICATES	sleep apnea syndrome
MEPERIDINE	CONTRAINDICATES	hypothyroidism
MEPERIDINE	CONTRAINDICATES	cor pulmonale
MEPERIDINE	CONTRAINDICATES	leukopenia
MEPERIDINE	CONTRAINDICATES	myxedema
MEPERIDINE	CONTRAINDICATES	pheochromocytoma
MEPERIDINE	CONTRAINDICATES	neuroleptic malignant syndrome
PYRAZINAMIDE	CONTRAINDICATES	diabetes mellitus
PYRAZINAMIDE	CONTRAINDICATES	gout
PYRAZINAMIDE	CONTRAINDICATES	inherited porphyria
FOSCARNET	CONTRAINDICATES	hypophosphatemia
FOSCARNET	CONTRAINDICATES	hyperphosphatemia
FOSCARNET	CONTRAINDICATES	anemia
FOSCARNET	CONTRAINDICATES	epilepsy
FOSCARNET	CONTRAINDICATES	potassium deficiency disease
FOSCARNET	CONTRAINDICATES	kidney disorder
PENICILLIN V	CONTRAINDICATES	kidney disorder
PENICILLIN V	CONTRAINDICATES	infectious mononucleosis
IBUTILIDE	CONTRAINDICATES	potassium deficiency disease
FENOLDOPAM	CONTRAINDICATES	open-angle glaucoma
EPINEPHRINE	CONTRAINDICATES	angle-closure glaucoma
EPINEPHRINE	CONTRAINDICATES	thrombotic disease
EPINEPHRINE	CONTRAINDICATES	atrial fibrillation
EPINEPHRINE	CONTRAINDICATES	myocardial infarction
EPINEPHRINE	CONTRAINDICATES	potassium deficiency disease
EPINEPHRINE	CONTRAINDICATES	keratitis
EPINEPHRINE	CONTRAINDICATES	kidney disorder
EPINEPHRINE	CONTRAINDICATES	peripheral vascular disease
EPINEPHRINE	CONTRAINDICATES	hyperthyroidism
EPINEPHRINE	CONTRAINDICATES	anterior uveitis
EPINEPHRINE	CONTRAINDICATES	iritis
EPINEPHRINE	CONTRAINDICATES	myasthenia gravis
EPINEPHRINE	CONTRAINDICATES	retinal detachment
EPINEPHRINE	CONTRAINDICATES	parkinsonian disorder
ROPINIROLE	CONTRAINDICATES	psychotic disorder
ETHINYL ESTRADIOL	CONTRAINDICATES	adrenocortical insufficiency
ETHINYL ESTRADIOL	CONTRAINDICATES	hypercalcemia disease
ETHINYL ESTRADIOL	CONTRAINDICATES	dementia
ETHINYL ESTRADIOL	CONTRAINDICATES	thrombophlebitis
ETHINYL ESTRADIOL	CONTRAINDICATES	hyperglycemia
ETHINYL ESTRADIOL	CONTRAINDICATES	thrombophilia
ETHINYL ESTRADIOL	CONTRAINDICATES	asthma
ETHINYL ESTRADIOL	CONTRAINDICATES	diabetes mellitus
ETHINYL ESTRADIOL	CONTRAINDICATES	epilepsy
ETHINYL ESTRADIOL	CONTRAINDICATES	myocardial infarction
ETHINYL ESTRADIOL	CONTRAINDICATES	endometrial carcinoma
ETHINYL ESTRADIOL	CONTRAINDICATES	kidney disorder
ETHINYL ESTRADIOL	CONTRAINDICATES	hypothyroidism
ETHINYL ESTRADIOL	CONTRAINDICATES	benign mammary dysplasia
ETHINYL ESTRADIOL	CONTRAINDICATES	systemic lupus erythematosus
ETHINYL ESTRADIOL	CONTRAINDICATES	inherited porphyria
LINEZOLID	CONTRAINDICATES	pancytopenia
LINEZOLID	CONTRAINDICATES	anemia
LINEZOLID	CONTRAINDICATES	leukopenia
LINEZOLID	CONTRAINDICATES	pheochromocytoma
LINEZOLID	CONTRAINDICATES	thyrotoxicosis
LINEZOLID	CONTRAINDICATES	acquired lactic acidosis
CLIDINIUM	CONTRAINDICATES	angle-closure glaucoma
CLIDINIUM	CONTRAINDICATES	depressive disorder
CLIDINIUM	CONTRAINDICATES	toxic megacolon
CLIDINIUM	CONTRAINDICATES	gastric ulcer
CLIDINIUM	CONTRAINDICATES	glaucoma
CLIDINIUM	CONTRAINDICATES	ulcerative colitis
CLIDINIUM	CONTRAINDICATES	substance abuse
CLIDINIUM	CONTRAINDICATES	kidney disorder
CLIDINIUM	CONTRAINDICATES	sleep apnea syndrome
CLIDINIUM	CONTRAINDICATES	urinary tract obstruction
CLIDINIUM	CONTRAINDICATES	psychotic disorder
CLIDINIUM	CONTRAINDICATES	hyperthyroidism
CLIDINIUM	CONTRAINDICATES	paralytic ileus
CLIDINIUM	CONTRAINDICATES	myasthenia gravis
CLIDINIUM	CONTRAINDICATES	inherited porphyria
MEROPENEM	CONTRAINDICATES	kidney disorder
NALTREXONE	CONTRAINDICATES	urethral stricture
NALTREXONE	CONTRAINDICATES	substance abuse
NALTREXONE	CONTRAINDICATES	hypothyroidism
NALTREXONE	CONTRAINDICATES	acute pancreatitis
NALTREXONE	CONTRAINDICATES	paralytic ileus
NALTREXONE	CONTRAINDICATES	cor pulmonale
MILTEFOSINE	CONTRAINDICATES	Sjogren-Larsson syndrome
TRAZODONE	CONTRAINDICATES	potassium deficiency disease
TRAZODONE	CONTRAINDICATES	heart disorder
TRAZODONE	CONTRAINDICATES	priapism
ETODOLAC	CONTRAINDICATES	myocardial infarction
ETODOLAC	CONTRAINDICATES	kidney disorder
ZAFIRLUKAST	CONTRAINDICATES	depressive disorder
TERFENADINE	CONTRAINDICATES	angle-closure glaucoma
TERFENADINE	CONTRAINDICATES	diabetes mellitus
TERFENADINE	CONTRAINDICATES	hyperthyroidism
NEFAZODONE	CONTRAINDICATES	epilepsy
NEFAZODONE	CONTRAINDICATES	myocardial infarction
NEFAZODONE	CONTRAINDICATES	substance abuse
NEFAZODONE	CONTRAINDICATES	cerebrovascular disorder
LEVORPHANOL	CONTRAINDICATES	urethral stricture
LEVORPHANOL	CONTRAINDICATES	ulcerative colitis
LEVORPHANOL	CONTRAINDICATES	morbid obesity
LEVORPHANOL	CONTRAINDICATES	substance abuse
LEVORPHANOL	CONTRAINDICATES	kidney disorder
LEVORPHANOL	CONTRAINDICATES	inflammatory bowel disease
LEVORPHANOL	CONTRAINDICATES	hypothyroidism
LEVORPHANOL	CONTRAINDICATES	cor pulmonale
LEVORPHANOL	CONTRAINDICATES	pulmonary emphysema
TRIENTINE	CONTRAINDICATES	adrenocortical insufficiency
TRIENTINE	CONTRAINDICATES	hypercalcemia disease
TRIENTINE	CONTRAINDICATES	diarrheal disease
TRIENTINE	CONTRAINDICATES	drug-induced hepatitis
TRIENTINE	CONTRAINDICATES	pancreatitis
TRIENTINE	CONTRAINDICATES	myocardial infarction
TRIENTINE	CONTRAINDICATES	potassium deficiency disease
TRIENTINE	CONTRAINDICATES	iron deficiency anemia
TRIENTINE	CONTRAINDICATES	peripheral vascular disease
TRIENTINE	CONTRAINDICATES	hypothyroidism
TRIENTINE	CONTRAINDICATES	proteinuria
TRIENTINE	CONTRAINDICATES	hypervitaminosis D
PAPAVERINE	CONTRAINDICATES	glaucoma
PAPAVERINE	CONTRAINDICATES	myocardial infarction
STANOLONE	CONTRAINDICATES	hypercalcemia disease
STANOLONE	CONTRAINDICATES	diabetes mellitus
STANOLONE	CONTRAINDICATES	myocardial infarction
STANOLONE	CONTRAINDICATES	kidney disorder
STANOLONE	CONTRAINDICATES	heart disorder
STANOLONE	CONTRAINDICATES	nephrotic syndrome
STANOLONE	CONTRAINDICATES	peliosis hepatis
ENTECAVIR ANHYDROUS	CONTRAINDICATES	acquired lactic acidosis
LAMIVUDINE	CONTRAINDICATES	anemia
LAMIVUDINE	CONTRAINDICATES	pancreatitis
LAMIVUDINE	CONTRAINDICATES	kidney disorder
LAMIVUDINE	CONTRAINDICATES	acute pancreatitis
LAMIVUDINE	CONTRAINDICATES	obesity disorder
LAMIVUDINE	CONTRAINDICATES	myositis disease
LAMIVUDINE	CONTRAINDICATES	acquired lactic acidosis
ALBUTEROL	CONTRAINDICATES	metabolic acidosis
ALBUTEROL	CONTRAINDICATES	angle-closure glaucoma
ALBUTEROL	CONTRAINDICATES	potassium deficiency disease
ALBUTEROL	CONTRAINDICATES	hyperthyroidism
ALBUTEROL	CONTRAINDICATES	ocular hypertension
OLANZAPINE	CONTRAINDICATES	agranulocytosis
OLANZAPINE	CONTRAINDICATES	angle-closure glaucoma
OLANZAPINE	CONTRAINDICATES	hyperglycemia
OLANZAPINE	CONTRAINDICATES	diabetes mellitus
OLANZAPINE	CONTRAINDICATES	epilepsy
OLANZAPINE	CONTRAINDICATES	myocardial infarction
OLANZAPINE	CONTRAINDICATES	paralytic ileus
OLANZAPINE	CONTRAINDICATES	leukopenia
OLANZAPINE	CONTRAINDICATES	cerebrovascular disorder
OLANZAPINE	CONTRAINDICATES	obesity disorder
OLANZAPINE	CONTRAINDICATES	acquired hyperprolactinemia
OLANZAPINE	CONTRAINDICATES	neuroleptic malignant syndrome
QUETIAPINE	CONTRAINDICATES	agranulocytosis
QUETIAPINE	CONTRAINDICATES	hyperglycemia
QUETIAPINE	CONTRAINDICATES	anemia
QUETIAPINE	CONTRAINDICATES	diabetes mellitus
QUETIAPINE	CONTRAINDICATES	myocardial infarction
QUETIAPINE	CONTRAINDICATES	potassium deficiency disease
QUETIAPINE	CONTRAINDICATES	hypothyroidism
QUETIAPINE	CONTRAINDICATES	leukopenia
QUETIAPINE	CONTRAINDICATES	cerebrovascular disorder
QUETIAPINE	CONTRAINDICATES	obesity disorder
QUETIAPINE	CONTRAINDICATES	acquired hyperprolactinemia
QUETIAPINE	CONTRAINDICATES	neuroleptic malignant syndrome
TERAZOSIN	CONTRAINDICATES	priapism
PIOGLITAZONE	CONTRAINDICATES	adrenocortical insufficiency
PIOGLITAZONE	CONTRAINDICATES	metabolic acidosis
PIOGLITAZONE	CONTRAINDICATES	macular retinal edema
PIOGLITAZONE	CONTRAINDICATES	myocardial infarction
PIOGLITAZONE	CONTRAINDICATES	hypopituitarism
PIOGLITAZONE	CONTRAINDICATES	kidney disorder
PIOGLITAZONE	CONTRAINDICATES	hemolytic anemia
PIOGLITAZONE	CONTRAINDICATES	acquired lactic acidosis
MANNITOL	CONTRAINDICATES	hepatic coma
MANNITOL	CONTRAINDICATES	hepatic encephalopathy
MANNITOL	CONTRAINDICATES	depressive disorder
MANNITOL	CONTRAINDICATES	anemia
MANNITOL	CONTRAINDICATES	anuria
MANNITOL	CONTRAINDICATES	substance abuse
MANNITOL	CONTRAINDICATES	sleep apnea syndrome
MANNITOL	CONTRAINDICATES	inherited porphyria
PROCHLORPERAZINE	CONTRAINDICATES	angle-closure glaucoma
PROCHLORPERAZINE	CONTRAINDICATES	toxic megacolon
PROCHLORPERAZINE	CONTRAINDICATES	hyperglycemia
PROCHLORPERAZINE	CONTRAINDICATES	gastric ulcer
PROCHLORPERAZINE	CONTRAINDICATES	anemia
PROCHLORPERAZINE	CONTRAINDICATES	epilepsy
PROCHLORPERAZINE	CONTRAINDICATES	glaucoma
PROCHLORPERAZINE	CONTRAINDICATES	myocardial infarction
PROCHLORPERAZINE	CONTRAINDICATES	ulcerative colitis
PROCHLORPERAZINE	CONTRAINDICATES	kidney disorder
PROCHLORPERAZINE	CONTRAINDICATES	urinary tract obstruction
PROCHLORPERAZINE	CONTRAINDICATES	hyperthyroidism
PROCHLORPERAZINE	CONTRAINDICATES	paralytic ileus
PROCHLORPERAZINE	CONTRAINDICATES	leukopenia
PROCHLORPERAZINE	CONTRAINDICATES	myasthenia gravis
PROCHLORPERAZINE	CONTRAINDICATES	obesity disorder
PROCHLORPERAZINE	CONTRAINDICATES	parkinsonian disorder
PROCHLORPERAZINE	CONTRAINDICATES	acquired hyperprolactinemia
PROCHLORPERAZINE	CONTRAINDICATES	neuroleptic malignant syndrome
LOPINAVIR	CONTRAINDICATES	hyperglycemia
LOPINAVIR	CONTRAINDICATES	cardiomyopathy
LOPINAVIR	CONTRAINDICATES	diabetes mellitus
LOPINAVIR	CONTRAINDICATES	potassium deficiency disease
LOPINAVIR	CONTRAINDICATES	acute pancreatitis
ETOMIDATE	CONTRAINDICATES	adrenocortical insufficiency
BACLOFEN	CONTRAINDICATES	epilepsy
BACLOFEN	CONTRAINDICATES	schizophrenia
BACLOFEN	CONTRAINDICATES	kidney disorder
BACLOFEN	CONTRAINDICATES	psychotic disorder
ANTIPYRINE	CONTRAINDICATES	angle-closure glaucoma
ANTIPYRINE	CONTRAINDICATES	diabetes mellitus
ANTIPYRINE	CONTRAINDICATES	glaucoma
ANTIPYRINE	CONTRAINDICATES	heart disorder
ANTIPYRINE	CONTRAINDICATES	peripheral vascular disease
ANTIPYRINE	CONTRAINDICATES	hyperthyroidism
ANTIPYRINE	CONTRAINDICATES	inherited porphyria
METRONIDAZOLE	CONTRAINDICATES	diabetes mellitus
METRONIDAZOLE	CONTRAINDICATES	epilepsy
METRONIDAZOLE	CONTRAINDICATES	kidney disorder
METRONIDAZOLE	CONTRAINDICATES	gout
METRONIDAZOLE	CONTRAINDICATES	leukopenia
RESORCINOL	CONTRAINDICATES	methemoglobinemia
RESORCINOL	CONTRAINDICATES	diabetes mellitus
RESORCINOL	CONTRAINDICATES	kidney disorder
RESORCINOL	CONTRAINDICATES	peripheral vascular disease
RESORCINOL	CONTRAINDICATES	folliculitis
MEDROXYPROGESTERONE ACETATE	CONTRAINDICATES	dementia
MEDROXYPROGESTERONE ACETATE	CONTRAINDICATES	depressive disorder
MEDROXYPROGESTERONE ACETATE	CONTRAINDICATES	thrombophlebitis
MEDROXYPROGESTERONE ACETATE	CONTRAINDICATES	thrombophilia
MEDROXYPROGESTERONE ACETATE	CONTRAINDICATES	asthma
MEDROXYPROGESTERONE ACETATE	CONTRAINDICATES	epilepsy
MEDROXYPROGESTERONE ACETATE	CONTRAINDICATES	myocardial infarction
MEDROXYPROGESTERONE ACETATE	CONTRAINDICATES	kidney disorder
MEDROXYPROGESTERONE ACETATE	CONTRAINDICATES	migraine disorder
MEDROXYPROGESTERONE ACETATE	CONTRAINDICATES	anorexia nervosa
MEDROXYPROGESTERONE ACETATE	CONTRAINDICATES	hypothyroidism
MEDROXYPROGESTERONE ACETATE	CONTRAINDICATES	cerebrovascular disorder
MEDROXYPROGESTERONE ACETATE	CONTRAINDICATES	obesity disorder
PENTOXIFYLLINE	CONTRAINDICATES	kidney disorder
AMITRIPTYLINE	CONTRAINDICATES	angle-closure glaucoma
AMITRIPTYLINE	CONTRAINDICATES	hyperglycemia
AMITRIPTYLINE	CONTRAINDICATES	anemia
AMITRIPTYLINE	CONTRAINDICATES	epilepsy
AMITRIPTYLINE	CONTRAINDICATES	glaucoma
AMITRIPTYLINE	CONTRAINDICATES	myocardial infarction
AMITRIPTYLINE	CONTRAINDICATES	substance abuse
AMITRIPTYLINE	CONTRAINDICATES	kidney disorder
AMITRIPTYLINE	CONTRAINDICATES	sleep apnea syndrome
AMITRIPTYLINE	CONTRAINDICATES	open-angle glaucoma
AMITRIPTYLINE	CONTRAINDICATES	psychotic disorder
AMITRIPTYLINE	CONTRAINDICATES	hyperthyroidism
AMITRIPTYLINE	CONTRAINDICATES	paralytic ileus
AMITRIPTYLINE	CONTRAINDICATES	leukopenia
AMITRIPTYLINE	CONTRAINDICATES	obesity disorder
AMITRIPTYLINE	CONTRAINDICATES	inherited porphyria
AMITRIPTYLINE	CONTRAINDICATES	parkinsonian disorder
AMITRIPTYLINE	CONTRAINDICATES	acquired hyperprolactinemia
AMITRIPTYLINE	CONTRAINDICATES	neuroleptic malignant syndrome
PROTRIPTYLINE	CONTRAINDICATES	dementia
PROTRIPTYLINE	CONTRAINDICATES	angle-closure glaucoma
PROTRIPTYLINE	CONTRAINDICATES	asthma
PROTRIPTYLINE	CONTRAINDICATES	bipolar disorder
PROTRIPTYLINE	CONTRAINDICATES	glaucoma
PROTRIPTYLINE	CONTRAINDICATES	schizophrenia
PROTRIPTYLINE	CONTRAINDICATES	hyperthyroidism
PROTRIPTYLINE	CONTRAINDICATES	ocular hypertension
PROTRIPTYLINE	CONTRAINDICATES	gastroesophageal reflux disease
TRIMETHADIONE	CONTRAINDICATES	kidney disorder
TRIMETHADIONE	CONTRAINDICATES	proteinuria
TRIMETHADIONE	CONTRAINDICATES	leukopenia
TRIMETHADIONE	CONTRAINDICATES	inherited porphyria
ETHOSUXIMIDE	CONTRAINDICATES	kidney disorder
ETHOSUXIMIDE	CONTRAINDICATES	systemic lupus erythematosus
ETHOSUXIMIDE	CONTRAINDICATES	acute intermittent porphyria
PIPERACILLIN	CONTRAINDICATES	kidney disorder
PIPERACILLIN	CONTRAINDICATES	infectious mononucleosis
SUXAMETHONIUM	CONTRAINDICATES	angle-closure glaucoma
SUXAMETHONIUM	CONTRAINDICATES	cardiac arrest
SUXAMETHONIUM	CONTRAINDICATES	anemia
SUXAMETHONIUM	CONTRAINDICATES	glaucoma
SUXAMETHONIUM	CONTRAINDICATES	potassium deficiency disease
SUXAMETHONIUM	CONTRAINDICATES	ocular hypertension
SUXAMETHONIUM	CONTRAINDICATES	Duchenne muscular dystrophy
SUXAMETHONIUM	CONTRAINDICATES	myasthenia gravis
SUXAMETHONIUM	CONTRAINDICATES	myxedema
SUXAMETHONIUM	CONTRAINDICATES	muscular dystrophy
SUXAMETHONIUM	CONTRAINDICATES	malignant hyperthermia of anesthesia
NITROGLYCERIN	CONTRAINDICATES	methemoglobinemia
NITROGLYCERIN	CONTRAINDICATES	anemia
NITROGLYCERIN	CONTRAINDICATES	hypertrophic cardiomyopathy
NITROGLYCERIN	CONTRAINDICATES	cardiac tamponade
NITROGLYCERIN	CONTRAINDICATES	restrictive cardiomyopathy
NITROGLYCERIN	CONTRAINDICATES	constrictive pericarditis
SALICYLAMIDE	CONTRAINDICATES	hypophosphatemia
SALICYLAMIDE	CONTRAINDICATES	angle-closure glaucoma
SALICYLAMIDE	CONTRAINDICATES	urethral stricture
SALICYLAMIDE	CONTRAINDICATES	anemia
SALICYLAMIDE	CONTRAINDICATES	gastritis
SALICYLAMIDE	CONTRAINDICATES	diabetes mellitus
SALICYLAMIDE	CONTRAINDICATES	epilepsy
SALICYLAMIDE	CONTRAINDICATES	potassium deficiency disease
SALICYLAMIDE	CONTRAINDICATES	substance abuse
SALICYLAMIDE	CONTRAINDICATES	kidney disorder
SALICYLAMIDE	CONTRAINDICATES	inflammatory bowel disease
SALICYLAMIDE	CONTRAINDICATES	panic disorder
SALICYLAMIDE	CONTRAINDICATES	gout
SALICYLAMIDE	CONTRAINDICATES	hypothyroidism
SALICYLAMIDE	CONTRAINDICATES	hyperthyroidism
SALICYLAMIDE	CONTRAINDICATES	chronic atrophic gastritis
SALICYLAMIDE	CONTRAINDICATES	agoraphobia
SALICYLAMIDE	CONTRAINDICATES	ocular hypertension
SALICYLAMIDE	CONTRAINDICATES	gastroesophageal reflux disease
SALICYLAMIDE	CONTRAINDICATES	obsessive-compulsive disorder
SALICYLAMIDE	CONTRAINDICATES	thyrotoxicosis
SALICYLAMIDE	CONTRAINDICATES	thrombotic thrombocytopenic purpura
SALICYLAMIDE	CONTRAINDICATES	hemophilia
CYCLOBENZAPRINE	CONTRAINDICATES	glaucoma
CYCLOBENZAPRINE	CONTRAINDICATES	open-angle glaucoma
CYCLOBENZAPRINE	CONTRAINDICATES	hyperthyroidism
THIOTEPA	CONTRAINDICATES	kidney disorder
THIOTEPA	CONTRAINDICATES	leukopenia
FENOFIBRATE	CONTRAINDICATES	agranulocytosis
FENOFIBRATE	CONTRAINDICATES	anemia
FENOFIBRATE	CONTRAINDICATES	acute pancreatitis
FENOFIBRATE	CONTRAINDICATES	leukopenia
FENOFIBRATE	CONTRAINDICATES	myositis disease
ZONISAMIDE	CONTRAINDICATES	agranulocytosis
ZONISAMIDE	CONTRAINDICATES	metabolic acidosis
ZONISAMIDE	CONTRAINDICATES	diarrheal disease
ZONISAMIDE	CONTRAINDICATES	depressive disorder
ZONISAMIDE	CONTRAINDICATES	kidney disorder
ZONISAMIDE	CONTRAINDICATES	psychotic disorder
ZONISAMIDE	CONTRAINDICATES	aplastic anemia
SUMATRIPTAN	CONTRAINDICATES	anemia
SUMATRIPTAN	CONTRAINDICATES	diabetes mellitus
SUMATRIPTAN	CONTRAINDICATES	epilepsy
SUMATRIPTAN	CONTRAINDICATES	myocardial infarction
SUMATRIPTAN	CONTRAINDICATES	kidney disorder
SUMATRIPTAN	CONTRAINDICATES	peripheral vascular disease
SUMATRIPTAN	CONTRAINDICATES	Prinzmetal angina
PROPAFENONE	CONTRAINDICATES	agranulocytosis
PROPAFENONE	CONTRAINDICATES	atrioventricular block
PROPAFENONE	CONTRAINDICATES	sick sinus syndrome
PROPAFENONE	CONTRAINDICATES	potassium deficiency disease
PROPAFENONE	CONTRAINDICATES	kidney disorder
PROPAFENONE	CONTRAINDICATES	myasthenia gravis
BETAMETHASONE	CONTRAINDICATES	hypercalcemia disease
BETAMETHASONE	CONTRAINDICATES	hyperglycemia
BETAMETHASONE	CONTRAINDICATES	gastritis
BETAMETHASONE	CONTRAINDICATES	diabetes mellitus
BETAMETHASONE	CONTRAINDICATES	potassium deficiency disease
BETAMETHASONE	CONTRAINDICATES	hypopituitarism
BETAMETHASONE	CONTRAINDICATES	peripheral vascular disease
BETAMETHASONE	CONTRAINDICATES	osteoporosis
BETAMETHASONE	CONTRAINDICATES	open-angle glaucoma
BETAMETHASONE	CONTRAINDICATES	hypothyroidism
BETAMETHASONE	CONTRAINDICATES	psychotic disorder
BETAMETHASONE	CONTRAINDICATES	herpes simplex infectious disease
BETAMETHASONE	CONTRAINDICATES	measles
BETAMETHASONE	CONTRAINDICATES	cerebral malaria
BETAMETHASONE	CONTRAINDICATES	hypervitaminosis D
BETAMETHASONE	CONTRAINDICATES	citrullinemia
BETAMETHASONE	CONTRAINDICATES	tuberculosis
METHSUXIMIDE	CONTRAINDICATES	depressive disorder
METHSUXIMIDE	CONTRAINDICATES	kidney disorder
METHSUXIMIDE	CONTRAINDICATES	systemic lupus erythematosus
METHSUXIMIDE	CONTRAINDICATES	acute intermittent porphyria
AMIODARONE	CONTRAINDICATES	drug-induced hepatitis
AMIODARONE	CONTRAINDICATES	potassium deficiency disease
AMIODARONE	CONTRAINDICATES	corneal deposit
AMIODARONE	CONTRAINDICATES	hypothyroidism
AMIODARONE	CONTRAINDICATES	hyperthyroidism
AMIODARONE	CONTRAINDICATES	optic neuritis
AMIODARONE	CONTRAINDICATES	thyrotoxicosis
AMIODARONE	CONTRAINDICATES	hypersensitivity pneumonitis
ALFENTANIL	CONTRAINDICATES	kidney disorder
PREDNISONE	CONTRAINDICATES	hyperglycemia
PREDNISONE	CONTRAINDICATES	gastritis
PREDNISONE	CONTRAINDICATES	diabetes mellitus
PREDNISONE	CONTRAINDICATES	potassium deficiency disease
PREDNISONE	CONTRAINDICATES	hypopituitarism
PREDNISONE	CONTRAINDICATES	osteoporosis
PREDNISONE	CONTRAINDICATES	open-angle glaucoma
PREDNISONE	CONTRAINDICATES	hypothyroidism
PREDNISONE	CONTRAINDICATES	psychotic disorder
PREDNISONE	CONTRAINDICATES	herpes simplex infectious disease
PREDNISONE	CONTRAINDICATES	measles
PREDNISONE	CONTRAINDICATES	cerebral malaria
PREDNISONE	CONTRAINDICATES	citrullinemia
RIVASTIGMINE	CONTRAINDICATES	diarrheal disease
RIVASTIGMINE	CONTRAINDICATES	atrioventricular block
RIVASTIGMINE	CONTRAINDICATES	sick sinus syndrome
RIVASTIGMINE	CONTRAINDICATES	asthma
RIVASTIGMINE	CONTRAINDICATES	anorexia nervosa
RIVASTIGMINE	CONTRAINDICATES	urinary tract obstruction
RIVASTIGMINE	CONTRAINDICATES	parkinsonian disorder
VENLAFAXINE	CONTRAINDICATES	angle-closure glaucoma
VENLAFAXINE	CONTRAINDICATES	substance abuse
VENLAFAXINE	CONTRAINDICATES	hyperthyroidism
VENLAFAXINE	CONTRAINDICATES	ocular hypertension
VENLAFAXINE	CONTRAINDICATES	cerebrovascular disorder
VENLAFAXINE	CONTRAINDICATES	interstitial lung disease
VENLAFAXINE	CONTRAINDICATES	neuroleptic malignant syndrome
ZIDOVUDINE	CONTRAINDICATES	anemia
ZIDOVUDINE	CONTRAINDICATES	pancreatitis
ZIDOVUDINE	CONTRAINDICATES	acute pancreatitis
ZIDOVUDINE	CONTRAINDICATES	obesity disorder
ZIDOVUDINE	CONTRAINDICATES	myositis disease
ZIDOVUDINE	CONTRAINDICATES	acquired lactic acidosis
VORICONAZOLE	CONTRAINDICATES	cardiomyopathy
VORICONAZOLE	CONTRAINDICATES	potassium deficiency disease
AZELASTINE	CONTRAINDICATES	kidney disorder
CHLORAMPHENICOL	CONTRAINDICATES	anemia
CHLORAMPHENICOL	CONTRAINDICATES	kidney disorder
CHLORAMPHENICOL	CONTRAINDICATES	optic neuritis
CHLORAMPHENICOL	CONTRAINDICATES	acute intermittent porphyria
CHLORAMPHENICOL	CONTRAINDICATES	aplastic anemia
CHLORAMPHENICOL	CONTRAINDICATES	paroxysmal nocturnal hemoglobinuria
PROCAINAMIDE	CONTRAINDICATES	agranulocytosis
PROCAINAMIDE	CONTRAINDICATES	potassium deficiency disease
PROCAINAMIDE	CONTRAINDICATES	kidney disorder
PROCAINAMIDE	CONTRAINDICATES	systemic lupus erythematosus
PROCAINAMIDE	CONTRAINDICATES	myasthenia gravis
ATOMOXETINE	CONTRAINDICATES	angle-closure glaucoma
ATOMOXETINE	CONTRAINDICATES	bipolar disorder
ATOMOXETINE	CONTRAINDICATES	cardiomyopathy
ATOMOXETINE	CONTRAINDICATES	myocardial infarction
ATOMOXETINE	CONTRAINDICATES	psychotic disorder
ATOMOXETINE	CONTRAINDICATES	priapism
ATOMOXETINE	CONTRAINDICATES	pheochromocytoma
ATOMOXETINE	CONTRAINDICATES	cerebrovascular disorder
ACEBUTOLOL	CONTRAINDICATES	sick sinus syndrome
ACEBUTOLOL	CONTRAINDICATES	depressive disorder
ACEBUTOLOL	CONTRAINDICATES	asthma
ACEBUTOLOL	CONTRAINDICATES	diabetes mellitus
ACEBUTOLOL	CONTRAINDICATES	psoriasis
ACEBUTOLOL	CONTRAINDICATES	kidney disorder
ACEBUTOLOL	CONTRAINDICATES	peripheral vascular disease
ACEBUTOLOL	CONTRAINDICATES	pulmonary emphysema
ACEBUTOLOL	CONTRAINDICATES	myasthenia gravis
ACEBUTOLOL	CONTRAINDICATES	pheochromocytoma
MESALAMINE	CONTRAINDICATES	interstitial nephritis
MESALAMINE	CONTRAINDICATES	anemia
MESALAMINE	CONTRAINDICATES	kidney disorder
ALITRETINOIN	CONTRAINDICATES	mycosis fungoides
TETRACAINE	CONTRAINDICATES	kidney disorder
TETRACAINE	CONTRAINDICATES	heart disorder
TETRACAINE	CONTRAINDICATES	hyperthyroidism
TETRACAINE	CONTRAINDICATES	myasthenia gravis
TETRACAINE	CONTRAINDICATES	uveitis
BENZYL ALCOHOL	CONTRAINDICATES	angle-closure glaucoma
BENZYL ALCOHOL	CONTRAINDICATES	diabetes mellitus
BENZYL ALCOHOL	CONTRAINDICATES	contact dermatitis
BENZYL ALCOHOL	CONTRAINDICATES	hyperthyroidism
LAMOTRIGINE	CONTRAINDICATES	pancytopenia
LAMOTRIGINE	CONTRAINDICATES	anemia
LAMOTRIGINE	CONTRAINDICATES	aplastic anemia
KETAMINE	CONTRAINDICATES	myocardial infarction
KETAMINE	CONTRAINDICATES	ocular hypertension
KETAMINE	CONTRAINDICATES	thyrotoxicosis
DICLOFENAC	CONTRAINDICATES	corneal degeneration
DICLOFENAC	CONTRAINDICATES	drug-induced hepatitis
DICLOFENAC	CONTRAINDICATES	asthma
DICLOFENAC	CONTRAINDICATES	diabetes mellitus
DICLOFENAC	CONTRAINDICATES	myocardial infarction
DICLOFENAC	CONTRAINDICATES	keratitis
DICLOFENAC	CONTRAINDICATES	inflammatory bowel disease
DICLOFENAC	CONTRAINDICATES	corneal ulcer
MEFENAMIC ACID	CONTRAINDICATES	myocardial infarction
MEFENAMIC ACID	CONTRAINDICATES	kidney disorder
PREDNISOLONE	CONTRAINDICATES	hyperglycemia
PREDNISOLONE	CONTRAINDICATES	gastritis
PREDNISOLONE	CONTRAINDICATES	diabetes mellitus
PREDNISOLONE	CONTRAINDICATES	potassium deficiency disease
PREDNISOLONE	CONTRAINDICATES	hypopituitarism
PREDNISOLONE	CONTRAINDICATES	osteoporosis
PREDNISOLONE	CONTRAINDICATES	hypothyroidism
PREDNISOLONE	CONTRAINDICATES	psychotic disorder
PREDNISOLONE	CONTRAINDICATES	herpes simplex infectious disease
PREDNISOLONE	CONTRAINDICATES	measles
PREDNISOLONE	CONTRAINDICATES	cerebral malaria
PREDNISOLONE	CONTRAINDICATES	inherited porphyria
PREDNISOLONE	CONTRAINDICATES	citrullinemia
PREDNISOLONE	CONTRAINDICATES	tuberculosis
TRIMIPRAMINE	CONTRAINDICATES	angle-closure glaucoma
TRIMIPRAMINE	CONTRAINDICATES	bipolar disorder
TRIMIPRAMINE	CONTRAINDICATES	epilepsy
TRIMIPRAMINE	CONTRAINDICATES	schizophrenia
TRIMIPRAMINE	CONTRAINDICATES	kidney disorder
TRIMIPRAMINE	CONTRAINDICATES	hyperthyroidism
TRIMIPRAMINE	CONTRAINDICATES	ocular hypertension
BISOPROLOL	CONTRAINDICATES	hepatic coma
BISOPROLOL	CONTRAINDICATES	hypercalcemia disease
BISOPROLOL	CONTRAINDICATES	hyperparathyroidism
BISOPROLOL	CONTRAINDICATES	sick sinus syndrome
BISOPROLOL	CONTRAINDICATES	depressive disorder
BISOPROLOL	CONTRAINDICATES	asthma
BISOPROLOL	CONTRAINDICATES	diabetes mellitus
BISOPROLOL	CONTRAINDICATES	psoriasis
BISOPROLOL	CONTRAINDICATES	potassium deficiency disease
BISOPROLOL	CONTRAINDICATES	anuria
BISOPROLOL	CONTRAINDICATES	kidney disorder
BISOPROLOL	CONTRAINDICATES	peripheral vascular disease
BISOPROLOL	CONTRAINDICATES	gout
BISOPROLOL	CONTRAINDICATES	acute pancreatitis
BISOPROLOL	CONTRAINDICATES	pulmonary emphysema
BISOPROLOL	CONTRAINDICATES	systemic lupus erythematosus
BISOPROLOL	CONTRAINDICATES	myasthenia gravis
BISOPROLOL	CONTRAINDICATES	pheochromocytoma
TRIAZOLAM	CONTRAINDICATES	substance abuse
TRIAZOLAM	CONTRAINDICATES	kidney disorder
TRIAZOLAM	CONTRAINDICATES	sleep apnea syndrome
TRIAZOLAM	CONTRAINDICATES	psychotic disorder
TRIAZOLAM	CONTRAINDICATES	myasthenia gravis
RILUZOLE	CONTRAINDICATES	drug-induced hepatitis
SILODOSIN	CONTRAINDICATES	kidney disorder
DOXAZOSIN	CONTRAINDICATES	priapism
APRACLONIDINE	CONTRAINDICATES	inherited aplastic anemia
APRACLONIDINE	CONTRAINDICATES	thrombotic thrombocytopenic purpura
CHLORCYCLIZINE	CONTRAINDICATES	adrenocortical insufficiency
CHLORCYCLIZINE	CONTRAINDICATES	angle-closure glaucoma
CHLORCYCLIZINE	CONTRAINDICATES	urethral stricture
CHLORCYCLIZINE	CONTRAINDICATES	diabetes mellitus
CHLORCYCLIZINE	CONTRAINDICATES	epilepsy
CHLORCYCLIZINE	CONTRAINDICATES	myocardial infarction
CHLORCYCLIZINE	CONTRAINDICATES	substance abuse
CHLORCYCLIZINE	CONTRAINDICATES	kidney disorder
CHLORCYCLIZINE	CONTRAINDICATES	inflammatory bowel disease
CHLORCYCLIZINE	CONTRAINDICATES	peripheral vascular disease
CHLORCYCLIZINE	CONTRAINDICATES	hypothyroidism
CHLORCYCLIZINE	CONTRAINDICATES	acute pancreatitis
CHLORCYCLIZINE	CONTRAINDICATES	hyperthyroidism
CHLORCYCLIZINE	CONTRAINDICATES	ocular hypertension
CYCLIZINE	CONTRAINDICATES	adrenocortical insufficiency
CYCLIZINE	CONTRAINDICATES	angle-closure glaucoma
CYCLIZINE	CONTRAINDICATES	urethral stricture
CYCLIZINE	CONTRAINDICATES	diabetes mellitus
CYCLIZINE	CONTRAINDICATES	epilepsy
CYCLIZINE	CONTRAINDICATES	myocardial infarction
CYCLIZINE	CONTRAINDICATES	substance abuse
CYCLIZINE	CONTRAINDICATES	kidney disorder
CYCLIZINE	CONTRAINDICATES	inflammatory bowel disease
CYCLIZINE	CONTRAINDICATES	peripheral vascular disease
CYCLIZINE	CONTRAINDICATES	hypothyroidism
CYCLIZINE	CONTRAINDICATES	acute pancreatitis
CYCLIZINE	CONTRAINDICATES	hyperthyroidism
CYCLIZINE	CONTRAINDICATES	ocular hypertension
NEBIVOLOL	CONTRAINDICATES	sick sinus syndrome
NEBIVOLOL	CONTRAINDICATES	diabetes mellitus
NEBIVOLOL	CONTRAINDICATES	peripheral vascular disease
METHYLPREDNISOLONE	CONTRAINDICATES	hyperglycemia
METHYLPREDNISOLONE	CONTRAINDICATES	gastritis
METHYLPREDNISOLONE	CONTRAINDICATES	diabetes mellitus
METHYLPREDNISOLONE	CONTRAINDICATES	potassium deficiency disease
METHYLPREDNISOLONE	CONTRAINDICATES	hypopituitarism
METHYLPREDNISOLONE	CONTRAINDICATES	osteoporosis
METHYLPREDNISOLONE	CONTRAINDICATES	open-angle glaucoma
METHYLPREDNISOLONE	CONTRAINDICATES	hypothyroidism
METHYLPREDNISOLONE	CONTRAINDICATES	psychotic disorder
METHYLPREDNISOLONE	CONTRAINDICATES	herpes simplex infectious disease
METHYLPREDNISOLONE	CONTRAINDICATES	measles
METHYLPREDNISOLONE	CONTRAINDICATES	cerebral malaria
METHYLPREDNISOLONE	CONTRAINDICATES	citrullinemia
METHYLPREDNISOLONE	CONTRAINDICATES	tuberculosis
METHADONE	CONTRAINDICATES	urethral stricture
METHADONE	CONTRAINDICATES	epilepsy
METHADONE	CONTRAINDICATES	substance abuse
METHADONE	CONTRAINDICATES	kidney disorder
METHADONE	CONTRAINDICATES	inflammatory bowel disease
METHADONE	CONTRAINDICATES	hypothyroidism
METHADONE	CONTRAINDICATES	paralytic ileus
ACETOHYDROXAMIC ACID	CONTRAINDICATES	anemia
ACETOHYDROXAMIC ACID	CONTRAINDICATES	phlebitis
ACETOHYDROXAMIC ACID	CONTRAINDICATES	hemolytic anemia
ACETOHYDROXAMIC ACID	CONTRAINDICATES	leukopenia
FLECAINIDE	CONTRAINDICATES	sick sinus syndrome
FLECAINIDE	CONTRAINDICATES	myocardial infarction
FLECAINIDE	CONTRAINDICATES	potassium deficiency disease
FLECAINIDE	CONTRAINDICATES	kidney disorder
CLONIDINE	CONTRAINDICATES	hypercalcemia disease
CLONIDINE	CONTRAINDICATES	atrioventricular block
CLONIDINE	CONTRAINDICATES	depressive disorder
CLONIDINE	CONTRAINDICATES	myocardial infarction
CLONIDINE	CONTRAINDICATES	potassium deficiency disease
CLONIDINE	CONTRAINDICATES	anuria
CLONIDINE	CONTRAINDICATES	end stage renal failure
CLONIDINE	CONTRAINDICATES	gout
CLONIDINE	CONTRAINDICATES	acute pancreatitis
CLONIDINE	CONTRAINDICATES	systemic lupus erythematosus
CLONIDINE	CONTRAINDICATES	cerebrovascular disorder
MIRTAZAPINE	CONTRAINDICATES	myocardial infarction
MIRTAZAPINE	CONTRAINDICATES	cerebrovascular disorder
MIRTAZAPINE	CONTRAINDICATES	obesity disorder
MIDAZOLAM	CONTRAINDICATES	angle-closure glaucoma
MIDAZOLAM	CONTRAINDICATES	end stage renal failure
OXYCODONE	CONTRAINDICATES	hypophosphatemia
OXYCODONE	CONTRAINDICATES	diarrheal disease
OXYCODONE	CONTRAINDICATES	urethral stricture
OXYCODONE	CONTRAINDICATES	anemia
OXYCODONE	CONTRAINDICATES	myocardial infarction
OXYCODONE	CONTRAINDICATES	ulcerative colitis
OXYCODONE	CONTRAINDICATES	morbid obesity
OXYCODONE	CONTRAINDICATES	substance abuse
OXYCODONE	CONTRAINDICATES	kidney disorder
OXYCODONE	CONTRAINDICATES	inflammatory bowel disease
OXYCODONE	CONTRAINDICATES	gout
OXYCODONE	CONTRAINDICATES	hypothyroidism
OXYCODONE	CONTRAINDICATES	cor pulmonale
OXYCODONE	CONTRAINDICATES	pulmonary emphysema
OXYCODONE	CONTRAINDICATES	thrombotic thrombocytopenic purpura
OXYCODONE	CONTRAINDICATES	hemophilia
ESTRADIOL	CONTRAINDICATES	adrenocortical insufficiency
ESTRADIOL	CONTRAINDICATES	hypercalcemia disease
ESTRADIOL	CONTRAINDICATES	gynecomastia disorder
ESTRADIOL	CONTRAINDICATES	dementia
ESTRADIOL	CONTRAINDICATES	toxic shock syndrome
ESTRADIOL	CONTRAINDICATES	thrombophlebitis
ESTRADIOL	CONTRAINDICATES	hyperglycemia
ESTRADIOL	CONTRAINDICATES	thrombophilia
ESTRADIOL	CONTRAINDICATES	asthma
ESTRADIOL	CONTRAINDICATES	epilepsy
ESTRADIOL	CONTRAINDICATES	myocardial infarction
ESTRADIOL	CONTRAINDICATES	endometrial carcinoma
ESTRADIOL	CONTRAINDICATES	kidney disorder
ESTRADIOL	CONTRAINDICATES	sleep apnea syndrome
ESTRADIOL	CONTRAINDICATES	hypothyroidism
ESTRADIOL	CONTRAINDICATES	benign mammary dysplasia
ESTRADIOL	CONTRAINDICATES	systemic lupus erythematosus
ESTRADIOL	CONTRAINDICATES	cerebrovascular disorder
ESTRADIOL	CONTRAINDICATES	inherited porphyria
SUFENTANIL	CONTRAINDICATES	kidney disorder
GALANTAMINE	CONTRAINDICATES	atrioventricular block
GALANTAMINE	CONTRAINDICATES	asthma
GALANTAMINE	CONTRAINDICATES	epilepsy
GALANTAMINE	CONTRAINDICATES	kidney disorder
AMANTADINE	CONTRAINDICATES	angle-closure glaucoma
AMANTADINE	CONTRAINDICATES	epilepsy
AMANTADINE	CONTRAINDICATES	substance abuse
AMANTADINE	CONTRAINDICATES	kidney disorder
AMANTADINE	CONTRAINDICATES	psychotic disorder
ALPRAZOLAM	CONTRAINDICATES	angle-closure glaucoma
ALPRAZOLAM	CONTRAINDICATES	substance abuse
ALPRAZOLAM	CONTRAINDICATES	kidney disorder
ALPRAZOLAM	CONTRAINDICATES	sleep apnea syndrome
ALPRAZOLAM	CONTRAINDICATES	open-angle glaucoma
ALPRAZOLAM	CONTRAINDICATES	obesity disorder
CARVEDILOL	CONTRAINDICATES	sick sinus syndrome
CARVEDILOL	CONTRAINDICATES	asthma
CARVEDILOL	CONTRAINDICATES	diabetes mellitus
CARVEDILOL	CONTRAINDICATES	peripheral vascular disease
CARVEDILOL	CONTRAINDICATES	pulmonary emphysema
CARVEDILOL	CONTRAINDICATES	Prinzmetal angina
MAPROTILINE	CONTRAINDICATES	angle-closure glaucoma
MAPROTILINE	CONTRAINDICATES	bipolar disorder
MAPROTILINE	CONTRAINDICATES	myocardial infarction
MAPROTILINE	CONTRAINDICATES	hyperthyroidism
MAPROTILINE	CONTRAINDICATES	ocular hypertension
FLUPHENAZINE	CONTRAINDICATES	hyperglycemia
FLUPHENAZINE	CONTRAINDICATES	anemia
FLUPHENAZINE	CONTRAINDICATES	epilepsy
FLUPHENAZINE	CONTRAINDICATES	glaucoma
FLUPHENAZINE	CONTRAINDICATES	myocardial infarction
FLUPHENAZINE	CONTRAINDICATES	leukopenia
FLUPHENAZINE	CONTRAINDICATES	obesity disorder
FLUPHENAZINE	CONTRAINDICATES	parkinsonian disorder
FLUPHENAZINE	CONTRAINDICATES	acquired hyperprolactinemia
FLUPHENAZINE	CONTRAINDICATES	neuroleptic malignant syndrome
THIOGUANINE	CONTRAINDICATES	drug-induced hepatitis
THIOGUANINE	CONTRAINDICATES	anemia
THIOGUANINE	CONTRAINDICATES	leukopenia
VANDETANIB	CONTRAINDICATES	potassium deficiency disease
VANDETANIB	CONTRAINDICATES	hypothyroidism
VANDETANIB	CONTRAINDICATES	interstitial lung disease
ZIPRASIDONE	CONTRAINDICATES	agranulocytosis
ZIPRASIDONE	CONTRAINDICATES	hyperglycemia
ZIPRASIDONE	CONTRAINDICATES	diabetes mellitus
ZIPRASIDONE	CONTRAINDICATES	epilepsy
ZIPRASIDONE	CONTRAINDICATES	myocardial infarction
ZIPRASIDONE	CONTRAINDICATES	potassium deficiency disease
ZIPRASIDONE	CONTRAINDICATES	kidney disorder
ZIPRASIDONE	CONTRAINDICATES	leukopenia
ZIPRASIDONE	CONTRAINDICATES	cerebrovascular disorder
ZIPRASIDONE	CONTRAINDICATES	obesity disorder
ZIPRASIDONE	CONTRAINDICATES	neuroleptic malignant syndrome
METAPROTERENOL	CONTRAINDICATES	diabetes mellitus
METAPROTERENOL	CONTRAINDICATES	hyperthyroidism
OXEDRINE	CONTRAINDICATES	angle-closure glaucoma
OXEDRINE	CONTRAINDICATES	diabetes mellitus
OXEDRINE	CONTRAINDICATES	myocardial infarction
OXEDRINE	CONTRAINDICATES	heart disorder
OXEDRINE	CONTRAINDICATES	acute pancreatitis
OXEDRINE	CONTRAINDICATES	hyperthyroidism
GUANETHIDINE	CONTRAINDICATES	hepatic coma
GUANETHIDINE	CONTRAINDICATES	hypercalcemia disease
GUANETHIDINE	CONTRAINDICATES	hyperparathyroidism
GUANETHIDINE	CONTRAINDICATES	diabetes mellitus
GUANETHIDINE	CONTRAINDICATES	potassium deficiency disease
GUANETHIDINE	CONTRAINDICATES	anuria
GUANETHIDINE	CONTRAINDICATES	gout
GUANETHIDINE	CONTRAINDICATES	acute pancreatitis
GUANETHIDINE	CONTRAINDICATES	systemic lupus erythematosus
CILASTATIN	CONTRAINDICATES	kidney disorder
ESMOLOL	CONTRAINDICATES	diabetes mellitus
ESMOLOL	CONTRAINDICATES	kidney disorder
ESMOLOL	CONTRAINDICATES	pulmonary emphysema
CLAVULANIC ACID	CONTRAINDICATES	kidney disorder
CLAVULANIC ACID	CONTRAINDICATES	infectious mononucleosis
DEXMEDETOMIDINE	CONTRAINDICATES	diabetes mellitus
DEXMEDETOMIDINE	CONTRAINDICATES	kidney disorder
TADALAFIL	CONTRAINDICATES	myocardial infarction
TADALAFIL	CONTRAINDICATES	anterior ischemic optic neuropathy
TADALAFIL	CONTRAINDICATES	aortic valve stenosis
BUTORPHANOL	CONTRAINDICATES	myocardial infarction
BUTORPHANOL	CONTRAINDICATES	substance abuse
DICHLOROPHEN	CONTRAINDICATES	renal tubular acidosis
DICHLOROPHEN	CONTRAINDICATES	kidney disorder
DICHLOROPHEN	CONTRAINDICATES	gout
METHOTREXATE	CONTRAINDICATES	gastric ulcer
METHOTREXATE	CONTRAINDICATES	anemia
METHOTREXATE	CONTRAINDICATES	kidney disorder
METHOTREXATE	CONTRAINDICATES	stomatitis
METHOTREXATE	CONTRAINDICATES	leukopenia
NANDROLONE	CONTRAINDICATES	hypercalcemia disease
NANDROLONE	CONTRAINDICATES	diabetes mellitus
NANDROLONE	CONTRAINDICATES	myocardial infarction
NANDROLONE	CONTRAINDICATES	heart disorder
NANDROLONE	CONTRAINDICATES	nephrotic syndrome
CYTARABINE	CONTRAINDICATES	diarrheal disease
CYTARABINE	CONTRAINDICATES	anemia
CYTARABINE	CONTRAINDICATES	cardiomyopathy
CYTARABINE	CONTRAINDICATES	bacterial infectious disease
CYTARABINE	CONTRAINDICATES	kidney disorder
CYTARABINE	CONTRAINDICATES	acute pancreatitis
CYTARABINE	CONTRAINDICATES	stomatitis
CYTARABINE	CONTRAINDICATES	leukopenia
CYTARABINE	CONTRAINDICATES	pulmonary edema
CYTARABINE	CONTRAINDICATES	adult acute respiratory distress syndrome
CYCLOSERINE	CONTRAINDICATES	megaloblastic anemia
CYCLOSERINE	CONTRAINDICATES	epilepsy
CYCLOSERINE	CONTRAINDICATES	kidney disorder
CYCLOSERINE	CONTRAINDICATES	psychotic disorder
CYCLOSERINE	CONTRAINDICATES	sideroblastic anemia
ANAGRELIDE	CONTRAINDICATES	anemia
ANAGRELIDE	CONTRAINDICATES	kidney disorder
ANAGRELIDE	CONTRAINDICATES	heart disorder
ANAGRELIDE	CONTRAINDICATES	interstitial lung disease
IMIPENEM ANHYDROUS	CONTRAINDICATES	kidney disorder
RESERPINE	CONTRAINDICATES	hepatic coma
RESERPINE	CONTRAINDICATES	hypercalcemia disease
RESERPINE	CONTRAINDICATES	hyperparathyroidism
RESERPINE	CONTRAINDICATES	depressive disorder
RESERPINE	CONTRAINDICATES	diabetes mellitus
RESERPINE	CONTRAINDICATES	epilepsy
RESERPINE	CONTRAINDICATES	ulcerative colitis
RESERPINE	CONTRAINDICATES	potassium deficiency disease
RESERPINE	CONTRAINDICATES	anuria
RESERPINE	CONTRAINDICATES	kidney disorder
RESERPINE	CONTRAINDICATES	gout
RESERPINE	CONTRAINDICATES	acute pancreatitis
RESERPINE	CONTRAINDICATES	systemic lupus erythematosus
TERBINAFINE	CONTRAINDICATES	kidney disorder
TERBINAFINE	CONTRAINDICATES	systemic lupus erythematosus
CILOSTAZOL	CONTRAINDICATES	kidney disorder
GLYCINE	CONTRAINDICATES	hyperphosphatemia
GLYCINE	CONTRAINDICATES	hypercalcemia disease
GLYCINE	CONTRAINDICATES	hyperparathyroidism
GLYCINE	CONTRAINDICATES	kidney disorder
GLYCINE	CONTRAINDICATES	heart disorder
GLYCINE	CONTRAINDICATES	end stage renal failure
GLYCINE	CONTRAINDICATES	arteriosclerosis obliterans
GLYCINE	CONTRAINDICATES	hypervitaminosis D
GLYCINE	CONTRAINDICATES	sarcoidosis
ADENOSINE PHOSPHATE	CONTRAINDICATES	bronchiectasis
NAPHAZOLINE	CONTRAINDICATES	angle-closure glaucoma
NAPHAZOLINE	CONTRAINDICATES	hyperglycemia
NAPHAZOLINE	CONTRAINDICATES	diabetes mellitus
NAPHAZOLINE	CONTRAINDICATES	hyperthyroidism
OXYMETAZOLINE	CONTRAINDICATES	angle-closure glaucoma
OXYMETAZOLINE	CONTRAINDICATES	diabetes mellitus
OXYMETAZOLINE	CONTRAINDICATES	heart disorder
OXYMETAZOLINE	CONTRAINDICATES	hyperthyroidism
TRAMAZOLINE	CONTRAINDICATES	angle-closure glaucoma
TRAMAZOLINE	CONTRAINDICATES	hyperthyroidism
METHYLPHENIDATE	CONTRAINDICATES	anemia
METHYLPHENIDATE	CONTRAINDICATES	cardiomyopathy
METHYLPHENIDATE	CONTRAINDICATES	epilepsy
METHYLPHENIDATE	CONTRAINDICATES	glaucoma
METHYLPHENIDATE	CONTRAINDICATES	myocardial infarction
METHYLPHENIDATE	CONTRAINDICATES	substance abuse
METHYLPHENIDATE	CONTRAINDICATES	anorexia nervosa
METHYLPHENIDATE	CONTRAINDICATES	psychotic disorder
METHYLPHENIDATE	CONTRAINDICATES	hyperthyroidism
METHYLPHENIDATE	CONTRAINDICATES	leukopenia
METHYLPHENIDATE	CONTRAINDICATES	thyrotoxicosis
METHYLPHENIDATE	CONTRAINDICATES	short bowel syndrome
ESTAZOLAM	CONTRAINDICATES	depressive disorder
ESTAZOLAM	CONTRAINDICATES	substance abuse
ESTAZOLAM	CONTRAINDICATES	kidney disorder
ESTAZOLAM	CONTRAINDICATES	sleep apnea syndrome
ESTAZOLAM	CONTRAINDICATES	psychotic disorder
ESTAZOLAM	CONTRAINDICATES	myasthenia gravis
BRIMONIDINE	CONTRAINDICATES	depressive disorder
BRIMONIDINE	CONTRAINDICATES	diabetes mellitus
BRIMONIDINE	CONTRAINDICATES	hyperthyroidism
BRIMONIDINE	CONTRAINDICATES	pulmonary emphysema
BRIMONIDINE	CONTRAINDICATES	myasthenia gravis
BRIMONIDINE	CONTRAINDICATES	thromboangiitis obliterans
BRIMONIDINE	CONTRAINDICATES	cerebrovascular disorder
PHENOXYBENZAMINE	CONTRAINDICATES	kidney disorder
SERTRALINE	CONTRAINDICATES	neuroleptic malignant syndrome
MINOXIDIL	CONTRAINDICATES	myocardial infarction
MINOXIDIL	CONTRAINDICATES	cardiac tamponade
MINOXIDIL	CONTRAINDICATES	pericardial effusion
MINOXIDIL	CONTRAINDICATES	kidney disorder
MINOXIDIL	CONTRAINDICATES	pericarditis
MINOXIDIL	CONTRAINDICATES	pheochromocytoma
MINOXIDIL	CONTRAINDICATES	cerebrovascular disorder
NAPROXEN	CONTRAINDICATES	angle-closure glaucoma
NAPROXEN	CONTRAINDICATES	anemia
NAPROXEN	CONTRAINDICATES	diabetes mellitus
NAPROXEN	CONTRAINDICATES	epilepsy
NAPROXEN	CONTRAINDICATES	myocardial infarction
NAPROXEN	CONTRAINDICATES	kidney disorder
NAPROXEN	CONTRAINDICATES	peripheral vascular disease
NAPROXEN	CONTRAINDICATES	osteoporosis
NAPROXEN	CONTRAINDICATES	hyperthyroidism
NAPROXEN	CONTRAINDICATES	chronic atrophic gastritis
NAPROXEN	CONTRAINDICATES	Prinzmetal angina
NAPROXEN	CONTRAINDICATES	obesity disorder
TOLBUTAMIDE	CONTRAINDICATES	hypopituitarism
TOLBUTAMIDE	CONTRAINDICATES	kidney disorder
NATEGLINIDE	CONTRAINDICATES	hypopituitarism
TEMOZOLOMIDE	CONTRAINDICATES	pancytopenia
TEMOZOLOMIDE	CONTRAINDICATES	anemia
TEMOZOLOMIDE	CONTRAINDICATES	aplastic anemia
FLUVOXAMINE	CONTRAINDICATES	bipolar disorder
FLUVOXAMINE	CONTRAINDICATES	epilepsy
FLUVOXAMINE	CONTRAINDICATES	neuroleptic malignant syndrome
FLUTAMIDE	CONTRAINDICATES	methemoglobinemia
LUMEFANTRINE	CONTRAINDICATES	potassium deficiency disease
TOLAZAMIDE	CONTRAINDICATES	hypopituitarism
TOLAZAMIDE	CONTRAINDICATES	kidney disorder
TOLAZAMIDE	CONTRAINDICATES	uremia
BROMPHENIRAMINE	CONTRAINDICATES	angle-closure glaucoma
BROMPHENIRAMINE	CONTRAINDICATES	toxic megacolon
BROMPHENIRAMINE	CONTRAINDICATES	urethral stricture
BROMPHENIRAMINE	CONTRAINDICATES	gastric ulcer
BROMPHENIRAMINE	CONTRAINDICATES	diabetes mellitus
BROMPHENIRAMINE	CONTRAINDICATES	epilepsy
BROMPHENIRAMINE	CONTRAINDICATES	myocardial infarction
BROMPHENIRAMINE	CONTRAINDICATES	ulcerative colitis
BROMPHENIRAMINE	CONTRAINDICATES	morbid obesity
BROMPHENIRAMINE	CONTRAINDICATES	substance abuse
BROMPHENIRAMINE	CONTRAINDICATES	kidney disorder
BROMPHENIRAMINE	CONTRAINDICATES	inflammatory bowel disease
BROMPHENIRAMINE	CONTRAINDICATES	urinary tract obstruction
BROMPHENIRAMINE	CONTRAINDICATES	hypothyroidism
BROMPHENIRAMINE	CONTRAINDICATES	acute pancreatitis
BROMPHENIRAMINE	CONTRAINDICATES	hyperthyroidism
BROMPHENIRAMINE	CONTRAINDICATES	paralytic ileus
BROMPHENIRAMINE	CONTRAINDICATES	cor pulmonale
BROMPHENIRAMINE	CONTRAINDICATES	pulmonary emphysema
BROMPHENIRAMINE	CONTRAINDICATES	ocular hypertension
BROMPHENIRAMINE	CONTRAINDICATES	myasthenia gravis
DINOPROST	CONTRAINDICATES	depressive disorder
DINOPROST	CONTRAINDICATES	anemia
DINOPROST	CONTRAINDICATES	asthma
DINOPROST	CONTRAINDICATES	disseminated intravascular coagulation
DINOPROST	CONTRAINDICATES	diabetes mellitus
DINOPROST	CONTRAINDICATES	glaucoma
DINOPROST	CONTRAINDICATES	kidney disorder
DINOPROST	CONTRAINDICATES	ocular hypertension
EPROSARTAN	CONTRAINDICATES	hepatic coma
EPROSARTAN	CONTRAINDICATES	hypercalcemia disease
EPROSARTAN	CONTRAINDICATES	hyperparathyroidism
EPROSARTAN	CONTRAINDICATES	diabetes mellitus
EPROSARTAN	CONTRAINDICATES	potassium deficiency disease
EPROSARTAN	CONTRAINDICATES	anuria
EPROSARTAN	CONTRAINDICATES	gout
EPROSARTAN	CONTRAINDICATES	acute pancreatitis
EPROSARTAN	CONTRAINDICATES	systemic lupus erythematosus
LOXAPINE	CONTRAINDICATES	glaucoma
LOXAPINE	CONTRAINDICATES	acquired hyperprolactinemia
LOXAPINE	CONTRAINDICATES	neuroleptic malignant syndrome
DEXMETHYLPHENIDATE	CONTRAINDICATES	anemia
DEXMETHYLPHENIDATE	CONTRAINDICATES	bipolar disorder
DEXMETHYLPHENIDATE	CONTRAINDICATES	cardiomyopathy
DEXMETHYLPHENIDATE	CONTRAINDICATES	glaucoma
DEXMETHYLPHENIDATE	CONTRAINDICATES	myocardial infarction
DEXMETHYLPHENIDATE	CONTRAINDICATES	psychotic disorder
DEXMETHYLPHENIDATE	CONTRAINDICATES	leukopenia
OXACILLIN	CONTRAINDICATES	kidney disorder
OXACILLIN	CONTRAINDICATES	infectious mononucleosis
AMINACRINE	CONTRAINDICATES	kidney disorder
AMINACRINE	CONTRAINDICATES	inherited porphyria
AZTREONAM	CONTRAINDICATES	kidney disorder
BEZAFIBRATE	CONTRAINDICATES	end stage renal failure
BENAZEPRIL	CONTRAINDICATES	hepatic coma
BENAZEPRIL	CONTRAINDICATES	hypercalcemia disease
BENAZEPRIL	CONTRAINDICATES	hyperparathyroidism
BENAZEPRIL	CONTRAINDICATES	potassium deficiency disease
BENAZEPRIL	CONTRAINDICATES	anuria
BENAZEPRIL	CONTRAINDICATES	gout
BENAZEPRIL	CONTRAINDICATES	acute pancreatitis
BENAZEPRIL	CONTRAINDICATES	angioedema
METHYLPROMAZINE	CONTRAINDICATES	hyperglycemia
METHYLPROMAZINE	CONTRAINDICATES	anemia
METHYLPROMAZINE	CONTRAINDICATES	epilepsy
METHYLPROMAZINE	CONTRAINDICATES	glaucoma
METHYLPROMAZINE	CONTRAINDICATES	myocardial infarction
METHYLPROMAZINE	CONTRAINDICATES	leukopenia
METHYLPROMAZINE	CONTRAINDICATES	obesity disorder
METHYLPROMAZINE	CONTRAINDICATES	parkinsonian disorder
METHYLPROMAZINE	CONTRAINDICATES	acquired hyperprolactinemia
METHYLPROMAZINE	CONTRAINDICATES	neuroleptic malignant syndrome
IOPANOIC ACID	CONTRAINDICATES	asthma
IOPANOIC ACID	CONTRAINDICATES	kidney disorder
IOPANOIC ACID	CONTRAINDICATES	pheochromocytoma
CALCITRIOL	CONTRAINDICATES	hyperphosphatemia
CALCITRIOL	CONTRAINDICATES	hypercalcemia disease
CALCITRIOL	CONTRAINDICATES	kidney disorder
CALCITRIOL	CONTRAINDICATES	arteriosclerosis obliterans
CALCITRIOL	CONTRAINDICATES	hypervitaminosis D
CALCITRIOL	CONTRAINDICATES	sarcoidosis
EMTRICITABINE	CONTRAINDICATES	hypophosphatemia
EMTRICITABINE	CONTRAINDICATES	depressive disorder
EMTRICITABINE	CONTRAINDICATES	osteomalacia
EMTRICITABINE	CONTRAINDICATES	Fanconi renotubular syndrome
EMTRICITABINE	CONTRAINDICATES	kidney disorder
EMTRICITABINE	CONTRAINDICATES	obesity disorder
EMTRICITABINE	CONTRAINDICATES	acquired lactic acidosis
CARTEOLOL	CONTRAINDICATES	asthma
CARTEOLOL	CONTRAINDICATES	diabetes mellitus
CARTEOLOL	CONTRAINDICATES	pulmonary emphysema
CARTEOLOL	CONTRAINDICATES	myasthenia gravis
LOPERAMIDE	CONTRAINDICATES	paralytic ileus
BUSULFAN	CONTRAINDICATES	hyperglycemia
BUSULFAN	CONTRAINDICATES	epilepsy
BUSULFAN	CONTRAINDICATES	bacterial infectious disease
BUSULFAN	CONTRAINDICATES	potassium deficiency disease
TAMSULOSIN	CONTRAINDICATES	priapism
MONTELUKAST	CONTRAINDICATES	depressive disorder
GUANIDINE	CONTRAINDICATES	anemia
GUANIDINE	CONTRAINDICATES	leukopenia
MELPHALAN	CONTRAINDICATES	drug-induced hepatitis
MELPHALAN	CONTRAINDICATES	kidney disorder
MELPHALAN	CONTRAINDICATES	hemolytic anemia
MELPHALAN	CONTRAINDICATES	leukopenia
MELPHALAN	CONTRAINDICATES	vasculitis
SULFINPYRAZONE	CONTRAINDICATES	kidney disorder
SULFINPYRAZONE	CONTRAINDICATES	inflammatory bowel disease
SULFINPYRAZONE	CONTRAINDICATES	urolithiasis
ETHAMBUTOL	CONTRAINDICATES	kidney disorder
ETHAMBUTOL	CONTRAINDICATES	diabetic retinopathy
ETHAMBUTOL	CONTRAINDICATES	gout
ETHAMBUTOL	CONTRAINDICATES	optic neuritis
TICLOPIDINE	CONTRAINDICATES	inherited aplastic anemia
TICLOPIDINE	CONTRAINDICATES	thrombotic thrombocytopenic purpura
PAMIDRONIC ACID	CONTRAINDICATES	hypophosphatemia
PAMIDRONIC ACID	CONTRAINDICATES	periodontitis
PAMIDRONIC ACID	CONTRAINDICATES	potassium deficiency disease
PAMIDRONIC ACID	CONTRAINDICATES	kidney disorder
TRIPROLIDINE	CONTRAINDICATES	angle-closure glaucoma
TRIPROLIDINE	CONTRAINDICATES	urethral stricture
TRIPROLIDINE	CONTRAINDICATES	diabetes mellitus
TRIPROLIDINE	CONTRAINDICATES	epilepsy
TRIPROLIDINE	CONTRAINDICATES	myocardial infarction
TRIPROLIDINE	CONTRAINDICATES	substance abuse
TRIPROLIDINE	CONTRAINDICATES	kidney disorder
TRIPROLIDINE	CONTRAINDICATES	inflammatory bowel disease
TRIPROLIDINE	CONTRAINDICATES	hypothyroidism
TRIPROLIDINE	CONTRAINDICATES	acute pancreatitis
TRIPROLIDINE	CONTRAINDICATES	hyperthyroidism
TRIPROLIDINE	CONTRAINDICATES	ocular hypertension
MEPHOBARBITAL	CONTRAINDICATES	hepatic coma
MEPHOBARBITAL	CONTRAINDICATES	hepatic encephalopathy
MEPHOBARBITAL	CONTRAINDICATES	depressive disorder
MEPHOBARBITAL	CONTRAINDICATES	anemia
MEPHOBARBITAL	CONTRAINDICATES	substance abuse
MEPHOBARBITAL	CONTRAINDICATES	kidney disorder
MEPHOBARBITAL	CONTRAINDICATES	sleep apnea syndrome
MEPHOBARBITAL	CONTRAINDICATES	inherited porphyria
ETHYL CHLORIDE	CONTRAINDICATES	cryoglobulinemia
METHIONINE	CONTRAINDICATES	hypercalcemia disease
METHIONINE	CONTRAINDICATES	diabetes mellitus
METHIONINE	CONTRAINDICATES	kidney disorder
METHIONINE	CONTRAINDICATES	heart disorder
METHIONINE	CONTRAINDICATES	end stage renal failure
METHIONINE	CONTRAINDICATES	sarcoidosis
VANCOMYCIN	CONTRAINDICATES	kidney disorder
PRIMIDONE	CONTRAINDICATES	pancytopenia
PRIMIDONE	CONTRAINDICATES	megaloblastic anemia
PRIMIDONE	CONTRAINDICATES	depressive disorder
PRIMIDONE	CONTRAINDICATES	anemia
PRIMIDONE	CONTRAINDICATES	kidney disorder
PRIMIDONE	CONTRAINDICATES	sleep apnea syndrome
PRIMIDONE	CONTRAINDICATES	leukopenia
PRIMIDONE	CONTRAINDICATES	inherited porphyria
PRIMIDONE	CONTRAINDICATES	aplastic anemia
BIOTIN	CONTRAINDICATES	hypercalcemia disease
BIOTIN	CONTRAINDICATES	hyperparathyroidism
BIOTIN	CONTRAINDICATES	kidney disorder
BIOTIN	CONTRAINDICATES	sarcoidosis
NITROFURAZONE	CONTRAINDICATES	drug-induced hepatitis
NITROFURAZONE	CONTRAINDICATES	diabetes mellitus
NITROFURAZONE	CONTRAINDICATES	anuria
NITROFURAZONE	CONTRAINDICATES	optic neuritis
EDETIC ACID	CONTRAINDICATES	epilepsy
EDETIC ACID	CONTRAINDICATES	potassium deficiency disease
EDETIC ACID	CONTRAINDICATES	anuria
EDETIC ACID	CONTRAINDICATES	kidney disorder
EDETIC ACID	CONTRAINDICATES	pulmonary tuberculosis
VINBLASTINE	CONTRAINDICATES	depressive disorder
VINBLASTINE	CONTRAINDICATES	bacterial infectious disease
GUANFACINE	CONTRAINDICATES	myocardial infarction
GUANFACINE	CONTRAINDICATES	end stage renal failure
GUANFACINE	CONTRAINDICATES	cerebrovascular disorder
CARBINOXAMINE	CONTRAINDICATES	angle-closure glaucoma
CARBINOXAMINE	CONTRAINDICATES	toxic megacolon
CARBINOXAMINE	CONTRAINDICATES	urethral stricture
CARBINOXAMINE	CONTRAINDICATES	gastric ulcer
CARBINOXAMINE	CONTRAINDICATES	diabetes mellitus
CARBINOXAMINE	CONTRAINDICATES	myocardial infarction
CARBINOXAMINE	CONTRAINDICATES	ulcerative colitis
CARBINOXAMINE	CONTRAINDICATES	morbid obesity
CARBINOXAMINE	CONTRAINDICATES	substance abuse
CARBINOXAMINE	CONTRAINDICATES	kidney disorder
CARBINOXAMINE	CONTRAINDICATES	inflammatory bowel disease
CARBINOXAMINE	CONTRAINDICATES	urinary tract obstruction
CARBINOXAMINE	CONTRAINDICATES	hypothyroidism
CARBINOXAMINE	CONTRAINDICATES	acute pancreatitis
CARBINOXAMINE	CONTRAINDICATES	hyperthyroidism
CARBINOXAMINE	CONTRAINDICATES	paralytic ileus
CARBINOXAMINE	CONTRAINDICATES	cor pulmonale
CARBINOXAMINE	CONTRAINDICATES	pulmonary emphysema
CARBINOXAMINE	CONTRAINDICATES	ocular hypertension
CARBINOXAMINE	CONTRAINDICATES	myasthenia gravis
MIBEFRADIL	CONTRAINDICATES	sick sinus syndrome
MYCOPHENOLIC ACID	CONTRAINDICATES	herpes simplex infectious disease
MYCOPHENOLIC ACID	CONTRAINDICATES	herpes zoster
MYCOPHENOLIC ACID	CONTRAINDICATES	progressive multifocal leukoencephalopathy
ALENDRONIC ACID	CONTRAINDICATES	hyperphosphatemia
ALENDRONIC ACID	CONTRAINDICATES	hypercalcemia disease
ALENDRONIC ACID	CONTRAINDICATES	gastritis
ALENDRONIC ACID	CONTRAINDICATES	atrial fibrillation
ALENDRONIC ACID	CONTRAINDICATES	esophagitis
ALENDRONIC ACID	CONTRAINDICATES	kidney disorder
ALENDRONIC ACID	CONTRAINDICATES	duodenitis
ALENDRONIC ACID	CONTRAINDICATES	arteriosclerosis obliterans
ALENDRONIC ACID	CONTRAINDICATES	hypervitaminosis D
ALENDRONIC ACID	CONTRAINDICATES	sarcoidosis
ETIDRONIC ACID	CONTRAINDICATES	hyperphosphatemia
ETIDRONIC ACID	CONTRAINDICATES	anemia
ETIDRONIC ACID	CONTRAINDICATES	gastritis
ETIDRONIC ACID	CONTRAINDICATES	asthma
ETIDRONIC ACID	CONTRAINDICATES	periodontitis
ETIDRONIC ACID	CONTRAINDICATES	esophagitis
ETIDRONIC ACID	CONTRAINDICATES	kidney disorder
ETIDRONIC ACID	CONTRAINDICATES	duodenitis
ETOPOSIDE	CONTRAINDICATES	metabolic acidosis
ETOPOSIDE	CONTRAINDICATES	drug-induced hepatitis
ETOPOSIDE	CONTRAINDICATES	anemia
ETOPOSIDE	CONTRAINDICATES	leukopenia
CHLOROTHIAZIDE	CONTRAINDICATES	hepatic coma
CHLOROTHIAZIDE	CONTRAINDICATES	hypercalcemia disease
CHLOROTHIAZIDE	CONTRAINDICATES	hyperparathyroidism
CHLOROTHIAZIDE	CONTRAINDICATES	sick sinus syndrome
CHLOROTHIAZIDE	CONTRAINDICATES	depressive disorder
CHLOROTHIAZIDE	CONTRAINDICATES	anemia
CHLOROTHIAZIDE	CONTRAINDICATES	asthma
CHLOROTHIAZIDE	CONTRAINDICATES	diabetes mellitus
CHLOROTHIAZIDE	CONTRAINDICATES	epilepsy
CHLOROTHIAZIDE	CONTRAINDICATES	hypertrophic cardiomyopathy
CHLOROTHIAZIDE	CONTRAINDICATES	psoriasis
CHLOROTHIAZIDE	CONTRAINDICATES	ulcerative colitis
CHLOROTHIAZIDE	CONTRAINDICATES	potassium deficiency disease
CHLOROTHIAZIDE	CONTRAINDICATES	anuria
CHLOROTHIAZIDE	CONTRAINDICATES	kidney disorder
CHLOROTHIAZIDE	CONTRAINDICATES	peripheral vascular disease
CHLOROTHIAZIDE	CONTRAINDICATES	gout
CHLOROTHIAZIDE	CONTRAINDICATES	acute pancreatitis
CHLOROTHIAZIDE	CONTRAINDICATES	pulmonary emphysema
CHLOROTHIAZIDE	CONTRAINDICATES	systemic lupus erythematosus
CHLOROTHIAZIDE	CONTRAINDICATES	myasthenia gravis
CHLOROTHIAZIDE	CONTRAINDICATES	pheochromocytoma
CHLOROTHIAZIDE	CONTRAINDICATES	angioedema
CHLOROTHIAZIDE	CONTRAINDICATES	autoimmune hemolytic anemia
CHLOROTHIAZIDE	CONTRAINDICATES	inherited porphyria
CHLOROTHIAZIDE	CONTRAINDICATES	parkinsonian disorder
CHLOROTHIAZIDE	CONTRAINDICATES	aortic valve stenosis
TRANEXAMIC ACID	CONTRAINDICATES	thrombotic disease
TRANEXAMIC ACID	CONTRAINDICATES	depressive disorder
TRANEXAMIC ACID	CONTRAINDICATES	thrombophlebitis
TRANEXAMIC ACID	CONTRAINDICATES	hyperglycemia
TRANEXAMIC ACID	CONTRAINDICATES	thrombophilia
TRANEXAMIC ACID	CONTRAINDICATES	diabetes mellitus
TRANEXAMIC ACID	CONTRAINDICATES	myocardial infarction
TRANEXAMIC ACID	CONTRAINDICATES	endometrial carcinoma
TRANEXAMIC ACID	CONTRAINDICATES	migraine disorder
TRANEXAMIC ACID	CONTRAINDICATES	benign mammary dysplasia
TRANEXAMIC ACID	CONTRAINDICATES	obesity disorder
TRANEXAMIC ACID	CONTRAINDICATES	inherited porphyria
METOLAZONE	CONTRAINDICATES	hepatic coma
METOLAZONE	CONTRAINDICATES	hypercalcemia disease
METOLAZONE	CONTRAINDICATES	hepatic encephalopathy
METOLAZONE	CONTRAINDICATES	diabetes mellitus
METOLAZONE	CONTRAINDICATES	potassium deficiency disease
METOLAZONE	CONTRAINDICATES	anuria
METOLAZONE	CONTRAINDICATES	gout
METOLAZONE	CONTRAINDICATES	acute pancreatitis
METOLAZONE	CONTRAINDICATES	systemic lupus erythematosus
FAMCICLOVIR	CONTRAINDICATES	kidney disorder
RASAGILINE	CONTRAINDICATES	bipolar disorder
RASAGILINE	CONTRAINDICATES	epilepsy
RASAGILINE	CONTRAINDICATES	pheochromocytoma
GEMCITABINE	CONTRAINDICATES	anemia
GEMCITABINE	CONTRAINDICATES	kidney disorder
GEMCITABINE	CONTRAINDICATES	leukopenia
DEXTROMETHORPHAN	CONTRAINDICATES	adrenocortical insufficiency
DEXTROMETHORPHAN	CONTRAINDICATES	metabolic acidosis
DEXTROMETHORPHAN	CONTRAINDICATES	angle-closure glaucoma
DEXTROMETHORPHAN	CONTRAINDICATES	toxic megacolon
DEXTROMETHORPHAN	CONTRAINDICATES	urethral stricture
DEXTROMETHORPHAN	CONTRAINDICATES	methemoglobinemia
DEXTROMETHORPHAN	CONTRAINDICATES	gastric ulcer
DEXTROMETHORPHAN	CONTRAINDICATES	diabetes mellitus
DEXTROMETHORPHAN	CONTRAINDICATES	epilepsy
DEXTROMETHORPHAN	CONTRAINDICATES	myocardial infarction
DEXTROMETHORPHAN	CONTRAINDICATES	morbid obesity
DEXTROMETHORPHAN	CONTRAINDICATES	potassium deficiency disease
DEXTROMETHORPHAN	CONTRAINDICATES	anuria
DEXTROMETHORPHAN	CONTRAINDICATES	substance abuse
DEXTROMETHORPHAN	CONTRAINDICATES	kidney disorder
DEXTROMETHORPHAN	CONTRAINDICATES	inflammatory bowel disease
DEXTROMETHORPHAN	CONTRAINDICATES	sleep apnea syndrome
DEXTROMETHORPHAN	CONTRAINDICATES	urinary tract obstruction
DEXTROMETHORPHAN	CONTRAINDICATES	goiter
DEXTROMETHORPHAN	CONTRAINDICATES	hypothyroidism
DEXTROMETHORPHAN	CONTRAINDICATES	acute pancreatitis
DEXTROMETHORPHAN	CONTRAINDICATES	hyperthyroidism
DEXTROMETHORPHAN	CONTRAINDICATES	paralytic ileus
DEXTROMETHORPHAN	CONTRAINDICATES	cor pulmonale
DEXTROMETHORPHAN	CONTRAINDICATES	pulmonary emphysema
DEXTROMETHORPHAN	CONTRAINDICATES	bronchitis
DEXTROMETHORPHAN	CONTRAINDICATES	ocular hypertension
DEXTROMETHORPHAN	CONTRAINDICATES	pulmonary edema
DEXTROMETHORPHAN	CONTRAINDICATES	myasthenia gravis
DEXTROMETHORPHAN	CONTRAINDICATES	dermatitis herpetiformis
DEXTROMETHORPHAN	CONTRAINDICATES	neuroleptic malignant syndrome
HYDROXYZINE	CONTRAINDICATES	angle-closure glaucoma
HYDROXYZINE	CONTRAINDICATES	diabetes mellitus
HYDROXYZINE	CONTRAINDICATES	myocardial infarction
HYDROXYZINE	CONTRAINDICATES	open-angle glaucoma
HYDROXYZINE	CONTRAINDICATES	hypothyroidism
HYDROXYZINE	CONTRAINDICATES	psychotic disorder
HYDROXYZINE	CONTRAINDICATES	hyperthyroidism
HYDROXYZINE	CONTRAINDICATES	cor pulmonale
HYDROXYZINE	CONTRAINDICATES	pulmonary edema
HYDROXYZINE	CONTRAINDICATES	cystic fibrosis
PROBENECID	CONTRAINDICATES	diarrheal disease
PROBENECID	CONTRAINDICATES	infectious mononucleosis
PROBENECID	CONTRAINDICATES	leukopenia
PROBENECID	CONTRAINDICATES	aplastic anemia
ZOLPIDEM	CONTRAINDICATES	substance abuse
ZOLPIDEM	CONTRAINDICATES	sleep apnea syndrome
ZOLPIDEM	CONTRAINDICATES	attention deficit hyperactivity disorder, inattentive type
DOXORUBICIN	CONTRAINDICATES	atrioventricular block
DOXORUBICIN	CONTRAINDICATES	anemia
DOXORUBICIN	CONTRAINDICATES	cardiomyopathy
DOXORUBICIN	CONTRAINDICATES	bacterial infectious disease
DOXORUBICIN	CONTRAINDICATES	heart disorder
DOXORUBICIN	CONTRAINDICATES	myocarditis
DOXORUBICIN	CONTRAINDICATES	leukopenia
CLOXACILLIN	CONTRAINDICATES	kidney disorder
CLOXACILLIN	CONTRAINDICATES	infectious mononucleosis
DIFLUNISAL	CONTRAINDICATES	myocardial infarction
DIFLUNISAL	CONTRAINDICATES	kidney disorder
ORPHENADRINE	CONTRAINDICATES	anemia
ORPHENADRINE	CONTRAINDICATES	glaucoma
ORPHENADRINE	CONTRAINDICATES	kidney disorder
ORPHENADRINE	CONTRAINDICATES	panic disorder
ORPHENADRINE	CONTRAINDICATES	gout
ORPHENADRINE	CONTRAINDICATES	agoraphobia
ORPHENADRINE	CONTRAINDICATES	myasthenia gravis
ORPHENADRINE	CONTRAINDICATES	obsessive-compulsive disorder
ORPHENADRINE	CONTRAINDICATES	thrombotic thrombocytopenic purpura
ORPHENADRINE	CONTRAINDICATES	hemophilia
CHLORPROTHIXENE	CONTRAINDICATES	agranulocytosis
CHLORPROTHIXENE	CONTRAINDICATES	angle-closure glaucoma
CHLORPROTHIXENE	CONTRAINDICATES	epilepsy
CHLORPROTHIXENE	CONTRAINDICATES	leukopenia
CHLORPROTHIXENE	CONTRAINDICATES	parkinsonian disorder
CHLORPROTHIXENE	CONTRAINDICATES	neuroleptic malignant syndrome
RIZATRIPTAN	CONTRAINDICATES	myocardial infarction
RIZATRIPTAN	CONTRAINDICATES	peripheral vascular disease
RIZATRIPTAN	CONTRAINDICATES	Prinzmetal angina
HALOTHANE	CONTRAINDICATES	malignant hyperthermia of anesthesia
DOBUTAMINE	CONTRAINDICATES	atrial fibrillation
DOBUTAMINE	CONTRAINDICATES	myocardial infarction
DOBUTAMINE	CONTRAINDICATES	potassium deficiency disease
DOBUTAMINE	CONTRAINDICATES	aortic valve stenosis
PHENYLALANINE	CONTRAINDICATES	hypercalcemia disease
PHENYLALANINE	CONTRAINDICATES	kidney disorder
PHENYLALANINE	CONTRAINDICATES	heart disorder
PHENYLALANINE	CONTRAINDICATES	end stage renal failure
PHENYLALANINE	CONTRAINDICATES	sarcoidosis
FEXOFENADINE	CONTRAINDICATES	angle-closure glaucoma
FEXOFENADINE	CONTRAINDICATES	diabetes mellitus
FEXOFENADINE	CONTRAINDICATES	kidney disorder
FEXOFENADINE	CONTRAINDICATES	hyperthyroidism
LEUCINE	CONTRAINDICATES	hypercalcemia disease
LEUCINE	CONTRAINDICATES	kidney disorder
LEUCINE	CONTRAINDICATES	heart disorder
LEUCINE	CONTRAINDICATES	end stage renal failure
LEUCINE	CONTRAINDICATES	sarcoidosis
TRYPTOPHAN	CONTRAINDICATES	schizophrenia
TRYPTOPHAN	CONTRAINDICATES	systemic lupus erythematosus
TRYPTOPHAN	CONTRAINDICATES	autoimmune disease
TIROFIBAN	CONTRAINDICATES	arteriovenous hemangioma/malformation
PROLINE	CONTRAINDICATES	hypercalcemia disease
PROLINE	CONTRAINDICATES	kidney disorder
PROLINE	CONTRAINDICATES	heart disorder
PROLINE	CONTRAINDICATES	end stage renal failure
PROLINE	CONTRAINDICATES	sarcoidosis
DANTHRON	CONTRAINDICATES	appendicitis
LACOSAMIDE	CONTRAINDICATES	sick sinus syndrome
LACOSAMIDE	CONTRAINDICATES	atrial fibrillation
DIPYRIDAMOLE	CONTRAINDICATES	hypercalcemia disease
DIPYRIDAMOLE	CONTRAINDICATES	atrioventricular block
DIPYRIDAMOLE	CONTRAINDICATES	sick sinus syndrome
DIPYRIDAMOLE	CONTRAINDICATES	anemia
DIPYRIDAMOLE	CONTRAINDICATES	myocardial infarction
DIPYRIDAMOLE	CONTRAINDICATES	potassium deficiency disease
DIPYRIDAMOLE	CONTRAINDICATES	restrictive cardiomyopathy
DIPYRIDAMOLE	CONTRAINDICATES	kidney disorder
DIPYRIDAMOLE	CONTRAINDICATES	gout
DIPYRIDAMOLE	CONTRAINDICATES	myocarditis
DIPYRIDAMOLE	CONTRAINDICATES	cor pulmonale
DIPYRIDAMOLE	CONTRAINDICATES	constrictive pericarditis
DIPYRIDAMOLE	CONTRAINDICATES	myxedema
DIPYRIDAMOLE	CONTRAINDICATES	thrombotic thrombocytopenic purpura
DIPYRIDAMOLE	CONTRAINDICATES	hemophilia
FLOXURIDINE	CONTRAINDICATES	cholecystitis
FLOXURIDINE	CONTRAINDICATES	pharyngitis
FLOXURIDINE	CONTRAINDICATES	anemia
FLOXURIDINE	CONTRAINDICATES	esophagitis
FLOXURIDINE	CONTRAINDICATES	kidney disorder
FLOXURIDINE	CONTRAINDICATES	stomatitis
FLOXURIDINE	CONTRAINDICATES	leukopenia
ADEFOVIR DIPIVOXIL	CONTRAINDICATES	kidney disorder
ADEFOVIR DIPIVOXIL	CONTRAINDICATES	obesity disorder
ADEFOVIR DIPIVOXIL	CONTRAINDICATES	acquired lactic acidosis
IMATINIB	CONTRAINDICATES	hypophosphatemia
IMATINIB	CONTRAINDICATES	anemia
IMATINIB	CONTRAINDICATES	diabetes mellitus
IMATINIB	CONTRAINDICATES	pericardial effusion
IMATINIB	CONTRAINDICATES	kidney disorder
IMATINIB	CONTRAINDICATES	congenital heart disease
IMATINIB	CONTRAINDICATES	myocarditis
IMATINIB	CONTRAINDICATES	pulmonary edema
IMATINIB	CONTRAINDICATES	obesity disorder
PRAMIPEXOLE	CONTRAINDICATES	kidney disorder
PRAMIPEXOLE	CONTRAINDICATES	sleep apnea syndrome
PRAMIPEXOLE	CONTRAINDICATES	psychotic disorder
PRAMIPEXOLE	CONTRAINDICATES	narcolepsy
BISACODYL	CONTRAINDICATES	toxic megacolon
BISACODYL	CONTRAINDICATES	potassium deficiency disease
BISACODYL	CONTRAINDICATES	anuria
BISACODYL	CONTRAINDICATES	kidney disorder
BISACODYL	CONTRAINDICATES	intestinal obstruction
BISACODYL	CONTRAINDICATES	appendicitis
CEFTRIAXONE	CONTRAINDICATES	hemolytic anemia
DICLOXACILLIN	CONTRAINDICATES	kidney disorder
DICLOXACILLIN	CONTRAINDICATES	infectious mononucleosis
BUPROPION	CONTRAINDICATES	myocardial infarction
BUPROPION	CONTRAINDICATES	kidney disorder
BUPROPION	CONTRAINDICATES	anorexia nervosa
BUPROPION	CONTRAINDICATES	panic disorder
BUPROPION	CONTRAINDICATES	bulimia nervosa
BUPROPION	CONTRAINDICATES	psychotic disorder
RISEDRONIC ACID	CONTRAINDICATES	hypercalcemia disease
RISEDRONIC ACID	CONTRAINDICATES	hyperparathyroidism
RISEDRONIC ACID	CONTRAINDICATES	gastritis
RISEDRONIC ACID	CONTRAINDICATES	kidney disorder
RISEDRONIC ACID	CONTRAINDICATES	duodenitis
RISEDRONIC ACID	CONTRAINDICATES	sarcoidosis
NALBUPHINE	CONTRAINDICATES	urethral stricture
NALBUPHINE	CONTRAINDICATES	ulcerative colitis
NALBUPHINE	CONTRAINDICATES	morbid obesity
NALBUPHINE	CONTRAINDICATES	substance abuse
NALBUPHINE	CONTRAINDICATES	kidney disorder
NALBUPHINE	CONTRAINDICATES	inflammatory bowel disease
NALBUPHINE	CONTRAINDICATES	hypothyroidism
NALBUPHINE	CONTRAINDICATES	cor pulmonale
NALBUPHINE	CONTRAINDICATES	pulmonary emphysema
ZOLEDRONIC ACID ANHYDROUS	CONTRAINDICATES	hypophosphatemia
ZOLEDRONIC ACID ANHYDROUS	CONTRAINDICATES	hypoparathyroidism
ZOLEDRONIC ACID ANHYDROUS	CONTRAINDICATES	anuria
FAMOTIDINE	CONTRAINDICATES	hypercalcemia disease
FAMOTIDINE	CONTRAINDICATES	diarrheal disease
FAMOTIDINE	CONTRAINDICATES	hyperparathyroidism
FAMOTIDINE	CONTRAINDICATES	kidney disorder
FAMOTIDINE	CONTRAINDICATES	sarcoidosis
AMILORIDE	CONTRAINDICATES	hepatic coma
AMILORIDE	CONTRAINDICATES	hyperparathyroidism
AMILORIDE	CONTRAINDICATES	diabetes mellitus
AMILORIDE	CONTRAINDICATES	potassium deficiency disease
AMILORIDE	CONTRAINDICATES	anuria
AMILORIDE	CONTRAINDICATES	kidney disorder
AMILORIDE	CONTRAINDICATES	gout
AMILORIDE	CONTRAINDICATES	acute pancreatitis
AMILORIDE	CONTRAINDICATES	systemic lupus erythematosus
OXYMORPHONE	CONTRAINDICATES	urethral stricture
OXYMORPHONE	CONTRAINDICATES	ulcerative colitis
OXYMORPHONE	CONTRAINDICATES	morbid obesity
OXYMORPHONE	CONTRAINDICATES	substance abuse
OXYMORPHONE	CONTRAINDICATES	kidney disorder
OXYMORPHONE	CONTRAINDICATES	inflammatory bowel disease
OXYMORPHONE	CONTRAINDICATES	hypothyroidism
OXYMORPHONE	CONTRAINDICATES	cor pulmonale
OXYMORPHONE	CONTRAINDICATES	pulmonary emphysema
AZATADINE	CONTRAINDICATES	angle-closure glaucoma
AZATADINE	CONTRAINDICATES	diabetes mellitus
AZATADINE	CONTRAINDICATES	hyperthyroidism
ENTACAPONE	CONTRAINDICATES	diarrheal disease
ENTACAPONE	CONTRAINDICATES	angle-closure glaucoma
ENTACAPONE	CONTRAINDICATES	depressive disorder
ENTACAPONE	CONTRAINDICATES	gastric ulcer
ENTACAPONE	CONTRAINDICATES	diabetes mellitus
ENTACAPONE	CONTRAINDICATES	myocardial infarction
ENTACAPONE	CONTRAINDICATES	kidney disorder
ENTACAPONE	CONTRAINDICATES	open-angle glaucoma
ENTACAPONE	CONTRAINDICATES	psychotic disorder
DISULFIRAM	CONTRAINDICATES	nephritis
DISULFIRAM	CONTRAINDICATES	diabetes mellitus
DISULFIRAM	CONTRAINDICATES	epilepsy
DISULFIRAM	CONTRAINDICATES	hypothyroidism
DISULFIRAM	CONTRAINDICATES	psychotic disorder
CARBAMOYLCHOLINE	CONTRAINDICATES	asthma
CARBAMOYLCHOLINE	CONTRAINDICATES	urinary tract obstruction
CARBAMOYLCHOLINE	CONTRAINDICATES	hyperthyroidism
CARBAMOYLCHOLINE	CONTRAINDICATES	parkinsonian disorder
BOSENTAN	CONTRAINDICATES	drug-induced hepatitis
BOSENTAN	CONTRAINDICATES	anemia
BOSENTAN	CONTRAINDICATES	pulmonary edema
RIMANTADINE	CONTRAINDICATES	kidney disorder
LEFLUNOMIDE	CONTRAINDICATES	pancytopenia
LEFLUNOMIDE	CONTRAINDICATES	agranulocytosis
LEFLUNOMIDE	CONTRAINDICATES	anemia
LEFLUNOMIDE	CONTRAINDICATES	kidney disorder
LEFLUNOMIDE	CONTRAINDICATES	aspergillosis
RITONAVIR	CONTRAINDICATES	hyperglycemia
RITONAVIR	CONTRAINDICATES	pancreatitis
RITONAVIR	CONTRAINDICATES	cardiomyopathy
RITONAVIR	CONTRAINDICATES	diabetes mellitus
RITONAVIR	CONTRAINDICATES	potassium deficiency disease
RITONAVIR	CONTRAINDICATES	gout
RITONAVIR	CONTRAINDICATES	acute pancreatitis
PHENYLPROPANOLAMINE	CONTRAINDICATES	angle-closure glaucoma
PHENYLPROPANOLAMINE	CONTRAINDICATES	urethral stricture
PHENYLPROPANOLAMINE	CONTRAINDICATES	anemia
PHENYLPROPANOLAMINE	CONTRAINDICATES	myocardial infarction
PHENYLPROPANOLAMINE	CONTRAINDICATES	ulcerative colitis
PHENYLPROPANOLAMINE	CONTRAINDICATES	primary hyperoxaluria
PHENYLPROPANOLAMINE	CONTRAINDICATES	substance abuse
PHENYLPROPANOLAMINE	CONTRAINDICATES	kidney disorder
PHENYLPROPANOLAMINE	CONTRAINDICATES	inflammatory bowel disease
PHENYLPROPANOLAMINE	CONTRAINDICATES	panic disorder
PHENYLPROPANOLAMINE	CONTRAINDICATES	gout
PHENYLPROPANOLAMINE	CONTRAINDICATES	hypothyroidism
PHENYLPROPANOLAMINE	CONTRAINDICATES	hereditary hemochromatosis
PHENYLPROPANOLAMINE	CONTRAINDICATES	acute pancreatitis
PHENYLPROPANOLAMINE	CONTRAINDICATES	hyperthyroidism
PHENYLPROPANOLAMINE	CONTRAINDICATES	cor pulmonale
PHENYLPROPANOLAMINE	CONTRAINDICATES	agoraphobia
PHENYLPROPANOLAMINE	CONTRAINDICATES	pulmonary emphysema
PHENYLPROPANOLAMINE	CONTRAINDICATES	ocular hypertension
PHENYLPROPANOLAMINE	CONTRAINDICATES	obsessive-compulsive disorder
PHENYLPROPANOLAMINE	CONTRAINDICATES	thrombotic thrombocytopenic purpura
PHENYLPROPANOLAMINE	CONTRAINDICATES	hemophilia
GABAPENTIN	CONTRAINDICATES	kidney disorder
CAPSAICIN	CONTRAINDICATES	anemia
CAPSAICIN	CONTRAINDICATES	gastritis
CAPSAICIN	CONTRAINDICATES	myocardial infarction
CAPSAICIN	CONTRAINDICATES	kidney disorder
CAPSAICIN	CONTRAINDICATES	gastroesophageal reflux disease
CAPSAICIN	CONTRAINDICATES	thyrotoxicosis
CAPSAICIN	CONTRAINDICATES	thrombotic thrombocytopenic purpura
CAPSAICIN	CONTRAINDICATES	hemophilia
TEMAZEPAM	CONTRAINDICATES	substance abuse
TEMAZEPAM	CONTRAINDICATES	kidney disorder
TEMAZEPAM	CONTRAINDICATES	sleep apnea syndrome
FLURAZEPAM	CONTRAINDICATES	borderline personality disorder
FLURAZEPAM	CONTRAINDICATES	substance abuse
FLURAZEPAM	CONTRAINDICATES	kidney disorder
FLURAZEPAM	CONTRAINDICATES	sleep apnea syndrome
FLURAZEPAM	CONTRAINDICATES	psychotic disorder
FLURAZEPAM	CONTRAINDICATES	inherited porphyria
PRAZEPAM	CONTRAINDICATES	depressive disorder
PRAZEPAM	CONTRAINDICATES	borderline personality disorder
PRAZEPAM	CONTRAINDICATES	substance abuse
PRAZEPAM	CONTRAINDICATES	kidney disorder
PRAZEPAM	CONTRAINDICATES	sleep apnea syndrome
PRAZEPAM	CONTRAINDICATES	psychotic disorder
PRAZEPAM	CONTRAINDICATES	inherited porphyria
SELEGILINE	CONTRAINDICATES	bipolar disorder
SELEGILINE	CONTRAINDICATES	kidney disorder
SELEGILINE	CONTRAINDICATES	psychotic disorder
SELEGILINE	CONTRAINDICATES	pheochromocytoma
TERIFLUNOMIDE	CONTRAINDICATES	nephrotic syndrome
ITRACONAZOLE	CONTRAINDICATES	drug-induced hepatitis
ITRACONAZOLE	CONTRAINDICATES	cardiomyopathy
ITRACONAZOLE	CONTRAINDICATES	potassium deficiency disease
ITRACONAZOLE	CONTRAINDICATES	kidney disorder
PRAZIQUANTEL	CONTRAINDICATES	heart disorder
HYDROCORTISONE HEMISUCCINATE ANHYDROUS	CONTRAINDICATES	hyperglycemia
HYDROCORTISONE HEMISUCCINATE ANHYDROUS	CONTRAINDICATES	gastric ulcer
HYDROCORTISONE HEMISUCCINATE ANHYDROUS	CONTRAINDICATES	diabetes mellitus
HYDROCORTISONE HEMISUCCINATE ANHYDROUS	CONTRAINDICATES	glaucoma
HYDROCORTISONE HEMISUCCINATE ANHYDROUS	CONTRAINDICATES	potassium deficiency disease
HYDROCORTISONE HEMISUCCINATE ANHYDROUS	CONTRAINDICATES	hypopituitarism
HYDROCORTISONE HEMISUCCINATE ANHYDROUS	CONTRAINDICATES	esophagitis
HYDROCORTISONE HEMISUCCINATE ANHYDROUS	CONTRAINDICATES	kidney disorder
HYDROCORTISONE HEMISUCCINATE ANHYDROUS	CONTRAINDICATES	osteoporosis
HYDROCORTISONE HEMISUCCINATE ANHYDROUS	CONTRAINDICATES	hypothyroidism
HYDROCORTISONE HEMISUCCINATE ANHYDROUS	CONTRAINDICATES	psychotic disorder
HYDROCORTISONE HEMISUCCINATE ANHYDROUS	CONTRAINDICATES	measles
HYDROCORTISONE HEMISUCCINATE ANHYDROUS	CONTRAINDICATES	ocular hypertension
METHACHOLINE	CONTRAINDICATES	anemia
METHACHOLINE	CONTRAINDICATES	gastritis
METHACHOLINE	CONTRAINDICATES	diabetes mellitus
METHACHOLINE	CONTRAINDICATES	epilepsy
METHACHOLINE	CONTRAINDICATES	kidney disorder
METHACHOLINE	CONTRAINDICATES	urinary tract obstruction
METHACHOLINE	CONTRAINDICATES	gastroesophageal reflux disease
METHACHOLINE	CONTRAINDICATES	thyrotoxicosis
METHACHOLINE	CONTRAINDICATES	thrombotic thrombocytopenic purpura
METHACHOLINE	CONTRAINDICATES	hemophilia
MEPROBAMATE	CONTRAINDICATES	dementia
MEPROBAMATE	CONTRAINDICATES	thrombophlebitis
MEPROBAMATE	CONTRAINDICATES	anemia
MEPROBAMATE	CONTRAINDICATES	thrombophilia
MEPROBAMATE	CONTRAINDICATES	asthma
MEPROBAMATE	CONTRAINDICATES	diabetes mellitus
MEPROBAMATE	CONTRAINDICATES	epilepsy
MEPROBAMATE	CONTRAINDICATES	myocardial infarction
MEPROBAMATE	CONTRAINDICATES	endometriosis
MEPROBAMATE	CONTRAINDICATES	endometrial carcinoma
MEPROBAMATE	CONTRAINDICATES	substance abuse
MEPROBAMATE	CONTRAINDICATES	kidney disorder
MEPROBAMATE	CONTRAINDICATES	migraine disorder
MEPROBAMATE	CONTRAINDICATES	gout
MEPROBAMATE	CONTRAINDICATES	hypothyroidism
MEPROBAMATE	CONTRAINDICATES	systemic lupus erythematosus
MEPROBAMATE	CONTRAINDICATES	acute intermittent porphyria
MEPROBAMATE	CONTRAINDICATES	obesity disorder
MEPROBAMATE	CONTRAINDICATES	thrombotic thrombocytopenic purpura
MEPROBAMATE	CONTRAINDICATES	hemophilia
GUAIFENESIN	CONTRAINDICATES	adrenocortical insufficiency
GUAIFENESIN	CONTRAINDICATES	hepatic coma
GUAIFENESIN	CONTRAINDICATES	metabolic acidosis
GUAIFENESIN	CONTRAINDICATES	diarrheal disease
GUAIFENESIN	CONTRAINDICATES	hepatic encephalopathy
GUAIFENESIN	CONTRAINDICATES	angle-closure glaucoma
GUAIFENESIN	CONTRAINDICATES	depressive disorder
GUAIFENESIN	CONTRAINDICATES	toxic megacolon
GUAIFENESIN	CONTRAINDICATES	urethral stricture
GUAIFENESIN	CONTRAINDICATES	gastric ulcer
GUAIFENESIN	CONTRAINDICATES	anemia
GUAIFENESIN	CONTRAINDICATES	gastritis
GUAIFENESIN	CONTRAINDICATES	diabetes mellitus
GUAIFENESIN	CONTRAINDICATES	epilepsy
GUAIFENESIN	CONTRAINDICATES	glaucoma
GUAIFENESIN	CONTRAINDICATES	myocardial infarction
GUAIFENESIN	CONTRAINDICATES	ulcerative colitis
GUAIFENESIN	CONTRAINDICATES	morbid obesity
GUAIFENESIN	CONTRAINDICATES	anuria
GUAIFENESIN	CONTRAINDICATES	substance abuse
GUAIFENESIN	CONTRAINDICATES	kidney disorder
GUAIFENESIN	CONTRAINDICATES	inflammatory bowel disease
GUAIFENESIN	CONTRAINDICATES	heart disorder
GUAIFENESIN	CONTRAINDICATES	sleep apnea syndrome
GUAIFENESIN	CONTRAINDICATES	urinary tract obstruction
GUAIFENESIN	CONTRAINDICATES	panic disorder
GUAIFENESIN	CONTRAINDICATES	hypothyroidism
GUAIFENESIN	CONTRAINDICATES	acute pancreatitis
GUAIFENESIN	CONTRAINDICATES	psychotic disorder
GUAIFENESIN	CONTRAINDICATES	hyperthyroidism
GUAIFENESIN	CONTRAINDICATES	paralytic ileus
GUAIFENESIN	CONTRAINDICATES	cor pulmonale
GUAIFENESIN	CONTRAINDICATES	agoraphobia
GUAIFENESIN	CONTRAINDICATES	pulmonary emphysema
GUAIFENESIN	CONTRAINDICATES	ocular hypertension
GUAIFENESIN	CONTRAINDICATES	pulmonary edema
GUAIFENESIN	CONTRAINDICATES	myasthenia gravis
GUAIFENESIN	CONTRAINDICATES	obsessive-compulsive disorder
GUAIFENESIN	CONTRAINDICATES	cystic fibrosis
GUAIFENESIN	CONTRAINDICATES	inherited porphyria
FENOFIBRIC ACID	CONTRAINDICATES	agranulocytosis
FENOFIBRIC ACID	CONTRAINDICATES	anemia
FENOFIBRIC ACID	CONTRAINDICATES	acute pancreatitis
FENOFIBRIC ACID	CONTRAINDICATES	leukopenia
FENOFIBRIC ACID	CONTRAINDICATES	myositis disease
RETINOL	CONTRAINDICATES	hyperphosphatemia
RETINOL	CONTRAINDICATES	hypercalcemia disease
RETINOL	CONTRAINDICATES	gastroenteritis
RETINOL	CONTRAINDICATES	ulcerative colitis
RETINOL	CONTRAINDICATES	primary hyperoxaluria
RETINOL	CONTRAINDICATES	hemosiderosis
RETINOL	CONTRAINDICATES	kidney disorder
RETINOL	CONTRAINDICATES	hereditary hemochromatosis
RETINOL	CONTRAINDICATES	arteriosclerosis obliterans
RETINOL	CONTRAINDICATES	hypervitaminosis A
RETINOL	CONTRAINDICATES	hemolytic anemia
RETINOL	CONTRAINDICATES	hypervitaminosis D
RETINOL	CONTRAINDICATES	sarcoidosis
FLUOCINOLONE ACETONIDE	CONTRAINDICATES	adrenocortical insufficiency
FLUOCINOLONE ACETONIDE	CONTRAINDICATES	peripheral vascular disease
FLUOCINOLONE ACETONIDE	CONTRAINDICATES	herpes simplex infectious disease
PHENOLPHTHALEIN	CONTRAINDICATES	appendicitis
STAVUDINE	CONTRAINDICATES	hyperglycemia
STAVUDINE	CONTRAINDICATES	diabetes mellitus
STAVUDINE	CONTRAINDICATES	kidney disorder
STAVUDINE	CONTRAINDICATES	acute pancreatitis
STAVUDINE	CONTRAINDICATES	obesity disorder
STAVUDINE	CONTRAINDICATES	acquired lactic acidosis
LEVOSALBUTAMOL	CONTRAINDICATES	diabetes mellitus
LEVOSALBUTAMOL	CONTRAINDICATES	potassium deficiency disease
LEVOSALBUTAMOL	CONTRAINDICATES	hyperthyroidism
DOXYLAMINE	CONTRAINDICATES	angle-closure glaucoma
DOXYLAMINE	CONTRAINDICATES	diabetes mellitus
DOXYLAMINE	CONTRAINDICATES	myocardial infarction
DOXYLAMINE	CONTRAINDICATES	acute pancreatitis
DOXYLAMINE	CONTRAINDICATES	hyperthyroidism
DOXYLAMINE	CONTRAINDICATES	ocular hypertension
IBANDRONIC ACID	CONTRAINDICATES	gastritis
IBANDRONIC ACID	CONTRAINDICATES	esophagitis
IBANDRONIC ACID	CONTRAINDICATES	duodenitis
LORATADINE	CONTRAINDICATES	angle-closure glaucoma
LORATADINE	CONTRAINDICATES	diabetes mellitus
LORATADINE	CONTRAINDICATES	kidney disorder
LORATADINE	CONTRAINDICATES	hyperthyroidism
CETIRIZINE	CONTRAINDICATES	angle-closure glaucoma
CETIRIZINE	CONTRAINDICATES	diabetes mellitus
CETIRIZINE	CONTRAINDICATES	glaucoma
CETIRIZINE	CONTRAINDICATES	kidney disorder
CETIRIZINE	CONTRAINDICATES	hyperthyroidism
CEFOXITIN	CONTRAINDICATES	kidney disorder
CEFOXITIN	CONTRAINDICATES	colitis
UREA	CONTRAINDICATES	chronic purulent otitis media
XYLOMETAZOLINE	CONTRAINDICATES	diabetes mellitus
XYLOMETAZOLINE	CONTRAINDICATES	heart disorder
XYLOMETAZOLINE	CONTRAINDICATES	hyperthyroidism
LEVODOPA	CONTRAINDICATES	diarrheal disease
LEVODOPA	CONTRAINDICATES	angle-closure glaucoma
LEVODOPA	CONTRAINDICATES	depressive disorder
LEVODOPA	CONTRAINDICATES	gastric ulcer
LEVODOPA	CONTRAINDICATES	diabetes mellitus
LEVODOPA	CONTRAINDICATES	myocardial infarction
LEVODOPA	CONTRAINDICATES	kidney disorder
LEVODOPA	CONTRAINDICATES	open-angle glaucoma
LEVODOPA	CONTRAINDICATES	psychotic disorder
CETYLPYRIDINIUM	CONTRAINDICATES	methemoglobinemia
DIENESTROL	CONTRAINDICATES	dementia
DIENESTROL	CONTRAINDICATES	thrombophlebitis
DIENESTROL	CONTRAINDICATES	diabetes mellitus
DIENESTROL	CONTRAINDICATES	epilepsy
DIENESTROL	CONTRAINDICATES	myocardial infarction
DIENESTROL	CONTRAINDICATES	endometriosis
DIENESTROL	CONTRAINDICATES	endometrial carcinoma
DIENESTROL	CONTRAINDICATES	hypothyroidism
DIENESTROL	CONTRAINDICATES	systemic lupus erythematosus
CANDESARTAN CILEXETIL	CONTRAINDICATES	hepatic coma
CANDESARTAN CILEXETIL	CONTRAINDICATES	hypercalcemia disease
CANDESARTAN CILEXETIL	CONTRAINDICATES	hyperparathyroidism
CANDESARTAN CILEXETIL	CONTRAINDICATES	potassium deficiency disease
CANDESARTAN CILEXETIL	CONTRAINDICATES	anuria
CANDESARTAN CILEXETIL	CONTRAINDICATES	gout
CANDESARTAN CILEXETIL	CONTRAINDICATES	acute pancreatitis
CANDESARTAN CILEXETIL	CONTRAINDICATES	systemic lupus erythematosus
BEXAROTENE	CONTRAINDICATES	diabetes mellitus
BEXAROTENE	CONTRAINDICATES	hypothyroidism
BEXAROTENE	CONTRAINDICATES	acute pancreatitis
BEXAROTENE	CONTRAINDICATES	leukopenia
IFOSFAMIDE	CONTRAINDICATES	renal tubular acidosis
IFOSFAMIDE	CONTRAINDICATES	Fanconi renotubular syndrome
IFOSFAMIDE	CONTRAINDICATES	anemia
IFOSFAMIDE	CONTRAINDICATES	potassium deficiency disease
IFOSFAMIDE	CONTRAINDICATES	kidney disorder
IFOSFAMIDE	CONTRAINDICATES	leukopenia
TOLMETIN	CONTRAINDICATES	myocardial infarction
TOLMETIN	CONTRAINDICATES	kidney disorder
TIAGABINE	CONTRAINDICATES	depressive disorder
TELMISARTAN	CONTRAINDICATES	hepatic coma
TELMISARTAN	CONTRAINDICATES	hypercalcemia disease
TELMISARTAN	CONTRAINDICATES	hyperparathyroidism
TELMISARTAN	CONTRAINDICATES	cholestasis
TELMISARTAN	CONTRAINDICATES	potassium deficiency disease
TELMISARTAN	CONTRAINDICATES	anuria
TELMISARTAN	CONTRAINDICATES	gout
TELMISARTAN	CONTRAINDICATES	acute pancreatitis
TELMISARTAN	CONTRAINDICATES	systemic lupus erythematosus
NEPAFENAC	CONTRAINDICATES	diabetes mellitus
NEPAFENAC	CONTRAINDICATES	keratitis
NEPAFENAC	CONTRAINDICATES	corneal ulcer
NEPAFENAC	CONTRAINDICATES	rheumatoid arthritis
MEDETOMIDINE	CONTRAINDICATES	diabetes mellitus
MEDETOMIDINE	CONTRAINDICATES	kidney disorder
CARBETAPENTANE	CONTRAINDICATES	metabolic acidosis
CARBETAPENTANE	CONTRAINDICATES	angle-closure glaucoma
CARBETAPENTANE	CONTRAINDICATES	diabetes mellitus
CARBETAPENTANE	CONTRAINDICATES	myocardial infarction
CARBETAPENTANE	CONTRAINDICATES	acute pancreatitis
CARBETAPENTANE	CONTRAINDICATES	psychotic disorder
CARBETAPENTANE	CONTRAINDICATES	hyperthyroidism
CARBETAPENTANE	CONTRAINDICATES	ocular hypertension
CALCIFEDIOL ANHYDROUS	CONTRAINDICATES	hyperphosphatemia
CALCIFEDIOL ANHYDROUS	CONTRAINDICATES	hypercalcemia disease
CALCIFEDIOL ANHYDROUS	CONTRAINDICATES	kidney disorder
CALCIFEDIOL ANHYDROUS	CONTRAINDICATES	arteriosclerosis obliterans
CALCIFEDIOL ANHYDROUS	CONTRAINDICATES	hypervitaminosis D
CALCIFEDIOL ANHYDROUS	CONTRAINDICATES	sarcoidosis
CHOLECALCIFEROL	CONTRAINDICATES	hyperphosphatemia
CHOLECALCIFEROL	CONTRAINDICATES	diarrheal disease
CHOLECALCIFEROL	CONTRAINDICATES	gastritis
CHOLECALCIFEROL	CONTRAINDICATES	atrial fibrillation
CHOLECALCIFEROL	CONTRAINDICATES	primary hyperoxaluria
CHOLECALCIFEROL	CONTRAINDICATES	esophagitis
CHOLECALCIFEROL	CONTRAINDICATES	kidney disorder
CHOLECALCIFEROL	CONTRAINDICATES	hereditary hemochromatosis
CHOLECALCIFEROL	CONTRAINDICATES	duodenitis
CHOLECALCIFEROL	CONTRAINDICATES	arteriosclerosis obliterans
CHOLECALCIFEROL	CONTRAINDICATES	dental fluorosis
CHOLECALCIFEROL	CONTRAINDICATES	hypervitaminosis A
CHOLECALCIFEROL	CONTRAINDICATES	hypervitaminosis D
CHOLECALCIFEROL	CONTRAINDICATES	sarcoidosis
CIANIDANOL	CONTRAINDICATES	hypercalcemia disease
CIANIDANOL	CONTRAINDICATES	kidney disorder
CIANIDANOL	CONTRAINDICATES	sarcoidosis
AMINOCAPROIC ACID	CONTRAINDICATES	thrombotic disease
AMINOCAPROIC ACID	CONTRAINDICATES	disseminated intravascular coagulation
AMINOCAPROIC ACID	CONTRAINDICATES	kidney disorder
DAPSONE	CONTRAINDICATES	anemia
PHENYLACETIC ACID	CONTRAINDICATES	metabolic acidosis
PHENYLACETIC ACID	CONTRAINDICATES	hyperglycemia
PHENYLACETIC ACID	CONTRAINDICATES	potassium deficiency disease
PHENYLACETIC ACID	CONTRAINDICATES	kidney disorder
LATANOPROST	CONTRAINDICATES	macular retinal edema
LATANOPROST	CONTRAINDICATES	iritis
LATANOPROST	CONTRAINDICATES	conjunctivitis
LATANOPROST	CONTRAINDICATES	cystoid macular edema
LATANOPROST	CONTRAINDICATES	uveitis
CHLORTHALIDONE	CONTRAINDICATES	hypercalcemia disease
CHLORTHALIDONE	CONTRAINDICATES	atrioventricular block
CHLORTHALIDONE	CONTRAINDICATES	depressive disorder
CHLORTHALIDONE	CONTRAINDICATES	asthma
CHLORTHALIDONE	CONTRAINDICATES	epilepsy
CHLORTHALIDONE	CONTRAINDICATES	psoriasis
CHLORTHALIDONE	CONTRAINDICATES	ulcerative colitis
CHLORTHALIDONE	CONTRAINDICATES	potassium deficiency disease
CHLORTHALIDONE	CONTRAINDICATES	anuria
CHLORTHALIDONE	CONTRAINDICATES	kidney disorder
CHLORTHALIDONE	CONTRAINDICATES	end stage renal failure
CHLORTHALIDONE	CONTRAINDICATES	gout
CHLORTHALIDONE	CONTRAINDICATES	acute pancreatitis
CHLORTHALIDONE	CONTRAINDICATES	systemic lupus erythematosus
VALSARTAN	CONTRAINDICATES	hepatic coma
VALSARTAN	CONTRAINDICATES	hypercalcemia disease
VALSARTAN	CONTRAINDICATES	hyperparathyroidism
VALSARTAN	CONTRAINDICATES	potassium deficiency disease
VALSARTAN	CONTRAINDICATES	anuria
VALSARTAN	CONTRAINDICATES	gout
VALSARTAN	CONTRAINDICATES	acute pancreatitis
VALSARTAN	CONTRAINDICATES	systemic lupus erythematosus
VALSARTAN	CONTRAINDICATES	angioedema
PREGABALIN	CONTRAINDICATES	atrioventricular block
PREGABALIN	CONTRAINDICATES	angioedema
TRICHLORMETHIAZIDE	CONTRAINDICATES	depressive disorder
TRICHLORMETHIAZIDE	CONTRAINDICATES	epilepsy
TRICHLORMETHIAZIDE	CONTRAINDICATES	ulcerative colitis
TRICHLORMETHIAZIDE	CONTRAINDICATES	kidney disorder
NABUMETONE	CONTRAINDICATES	myocardial infarction
NABUMETONE	CONTRAINDICATES	kidney disorder
OXAPROZIN	CONTRAINDICATES	myocardial infarction
OXAPROZIN	CONTRAINDICATES	kidney disorder
PROCYCLIDINE	CONTRAINDICATES	angle-closure glaucoma
PROCYCLIDINE	CONTRAINDICATES	toxic megacolon
PROCYCLIDINE	CONTRAINDICATES	gastric ulcer
PROCYCLIDINE	CONTRAINDICATES	ulcerative colitis
PROCYCLIDINE	CONTRAINDICATES	kidney disorder
PROCYCLIDINE	CONTRAINDICATES	urinary tract obstruction
PROCYCLIDINE	CONTRAINDICATES	hyperthyroidism
PROCYCLIDINE	CONTRAINDICATES	paralytic ileus
PROCYCLIDINE	CONTRAINDICATES	myasthenia gravis
IODOQUINOL	CONTRAINDICATES	adrenocortical insufficiency
IODOQUINOL	CONTRAINDICATES	peripheral vascular disease
IODOQUINOL	CONTRAINDICATES	optic neuritis
BUMETANIDE	CONTRAINDICATES	hepatic coma
BUMETANIDE	CONTRAINDICATES	diabetes mellitus
BUMETANIDE	CONTRAINDICATES	potassium deficiency disease
BUMETANIDE	CONTRAINDICATES	anuria
GLIPIZIDE	CONTRAINDICATES	adrenocortical insufficiency
GLIPIZIDE	CONTRAINDICATES	metabolic acidosis
GLIPIZIDE	CONTRAINDICATES	myocardial infarction
GLIPIZIDE	CONTRAINDICATES	hypopituitarism
GLIPIZIDE	CONTRAINDICATES	kidney disorder
GLIPIZIDE	CONTRAINDICATES	hemolytic anemia
GLIPIZIDE	CONTRAINDICATES	acquired lactic acidosis
BROMFENAC	CONTRAINDICATES	diabetes mellitus
BROMFENAC	CONTRAINDICATES	rheumatoid arthritis
TIZANIDINE	CONTRAINDICATES	kidney disorder
TIZANIDINE	CONTRAINDICATES	psychotic disorder
FENFLURAMINE	CONTRAINDICATES	glaucoma
FENFLURAMINE	CONTRAINDICATES	pulmonary hypertension
SIMVASTATIN	CONTRAINDICATES	hypophosphatemia
SIMVASTATIN	CONTRAINDICATES	hyperglycemia
SIMVASTATIN	CONTRAINDICATES	gout
(R,R)-TRAMADOL	CONTRAINDICATES	diabetes mellitus
(R,R)-TRAMADOL	CONTRAINDICATES	epilepsy
FINGOLIMOD	CONTRAINDICATES	sick sinus syndrome
FINGOLIMOD	CONTRAINDICATES	macular retinal edema
FINGOLIMOD	CONTRAINDICATES	diabetes mellitus
FINGOLIMOD	CONTRAINDICATES	kidney disorder
FINGOLIMOD	CONTRAINDICATES	leukopenia
AMOXICILLIN	CONTRAINDICATES	kidney disorder
AMOXICILLIN	CONTRAINDICATES	osteoporosis
AMOXICILLIN	CONTRAINDICATES	infectious mononucleosis
AMOXICILLIN	CONTRAINDICATES	myasthenia gravis
AMOXICILLIN	CONTRAINDICATES	inherited porphyria
ACETOPHENAZINE	CONTRAINDICATES	hyperglycemia
ACETOPHENAZINE	CONTRAINDICATES	anemia
ACETOPHENAZINE	CONTRAINDICATES	epilepsy
ACETOPHENAZINE	CONTRAINDICATES	glaucoma
ACETOPHENAZINE	CONTRAINDICATES	myocardial infarction
ACETOPHENAZINE	CONTRAINDICATES	leukopenia
ACETOPHENAZINE	CONTRAINDICATES	obesity disorder
ACETOPHENAZINE	CONTRAINDICATES	parkinsonian disorder
ACETOPHENAZINE	CONTRAINDICATES	acquired hyperprolactinemia
ACETOPHENAZINE	CONTRAINDICATES	neuroleptic malignant syndrome
DIBUCAINE	CONTRAINDICATES	kidney disorder
DIBUCAINE	CONTRAINDICATES	myasthenia gravis
VIGABATRIN	CONTRAINDICATES	anemia
VIGABATRIN	CONTRAINDICATES	kidney disorder
MEPIVACAINE	CONTRAINDICATES	kidney disorder
MEPIVACAINE	CONTRAINDICATES	myasthenia gravis
MESORIDAZINE	CONTRAINDICATES	epilepsy
MESORIDAZINE	CONTRAINDICATES	potassium deficiency disease
MESORIDAZINE	CONTRAINDICATES	neuroleptic malignant syndrome
PHENELZINE	CONTRAINDICATES	bipolar disorder
PHENELZINE	CONTRAINDICATES	diabetes mellitus
PHENELZINE	CONTRAINDICATES	schizophrenia
PHENELZINE	CONTRAINDICATES	kidney disorder
PHENELZINE	CONTRAINDICATES	hyperthyroidism
PHENELZINE	CONTRAINDICATES	pheochromocytoma
PHENELZINE	CONTRAINDICATES	cerebrovascular disorder
GLUTETHIMIDE	CONTRAINDICATES	hypothyroidism
EDROPHONIUM	CONTRAINDICATES	angle-closure glaucoma
EDROPHONIUM	CONTRAINDICATES	toxic megacolon
EDROPHONIUM	CONTRAINDICATES	gastric ulcer
EDROPHONIUM	CONTRAINDICATES	asthma
EDROPHONIUM	CONTRAINDICATES	ulcerative colitis
EDROPHONIUM	CONTRAINDICATES	kidney disorder
EDROPHONIUM	CONTRAINDICATES	urinary tract obstruction
EDROPHONIUM	CONTRAINDICATES	hyperthyroidism
EDROPHONIUM	CONTRAINDICATES	paralytic ileus
HYDROCORTISONE ACETATE	CONTRAINDICATES	hyperglycemia
HYDROCORTISONE ACETATE	CONTRAINDICATES	gastric ulcer
HYDROCORTISONE ACETATE	CONTRAINDICATES	diabetes mellitus
HYDROCORTISONE ACETATE	CONTRAINDICATES	glaucoma
HYDROCORTISONE ACETATE	CONTRAINDICATES	potassium deficiency disease
HYDROCORTISONE ACETATE	CONTRAINDICATES	esophagitis
HYDROCORTISONE ACETATE	CONTRAINDICATES	kidney disorder
HYDROCORTISONE ACETATE	CONTRAINDICATES	peripheral vascular disease
HYDROCORTISONE ACETATE	CONTRAINDICATES	osteoporosis
HYDROCORTISONE ACETATE	CONTRAINDICATES	open-angle glaucoma
HYDROCORTISONE ACETATE	CONTRAINDICATES	hypothyroidism
HYDROCORTISONE ACETATE	CONTRAINDICATES	psychotic disorder
HYDROCORTISONE ACETATE	CONTRAINDICATES	hyperthyroidism
HYDROCORTISONE ACETATE	CONTRAINDICATES	herpes simplex infectious disease
HYDROCORTISONE ACETATE	CONTRAINDICATES	measles
HYDROCORTISONE ACETATE	CONTRAINDICATES	ocular hypertension
ARTICAINE	CONTRAINDICATES	angle-closure glaucoma
ARTICAINE	CONTRAINDICATES	diabetes mellitus
ARTICAINE	CONTRAINDICATES	myocardial infarction
ARTICAINE	CONTRAINDICATES	kidney disorder
ARTICAINE	CONTRAINDICATES	hyperthyroidism
ARTICAINE	CONTRAINDICATES	myasthenia gravis
ARTICAINE	CONTRAINDICATES	parkinsonian disorder
FELBAMATE	CONTRAINDICATES	depressive disorder
FELBAMATE	CONTRAINDICATES	kidney disorder
FELBAMATE	CONTRAINDICATES	inherited porphyria
FELBAMATE	CONTRAINDICATES	aplastic anemia
ETHOTOIN	CONTRAINDICATES	depressive disorder
ETHOTOIN	CONTRAINDICATES	systemic lupus erythematosus
ETHOTOIN	CONTRAINDICATES	inherited porphyria
HALOFANTRINE	CONTRAINDICATES	kidney disorder
DROPERIDOL	CONTRAINDICATES	depressive disorder
DROPERIDOL	CONTRAINDICATES	urethral stricture
DROPERIDOL	CONTRAINDICATES	potassium deficiency disease
DROPERIDOL	CONTRAINDICATES	substance abuse
DROPERIDOL	CONTRAINDICATES	kidney disorder
DROPERIDOL	CONTRAINDICATES	inflammatory bowel disease
DROPERIDOL	CONTRAINDICATES	paralytic ileus
DROPERIDOL	CONTRAINDICATES	cor pulmonale
DROPERIDOL	CONTRAINDICATES	pheochromocytoma
DROPERIDOL	CONTRAINDICATES	neuroleptic malignant syndrome
PAMABROM	CONTRAINDICATES	angle-closure glaucoma
PAMABROM	CONTRAINDICATES	hyperthyroidism
PAMABROM	CONTRAINDICATES	ocular hypertension
AMBRISENTAN	CONTRAINDICATES	anemia
ETHADIONE	CONTRAINDICATES	kidney disorder
ETHADIONE	CONTRAINDICATES	proteinuria
ETHADIONE	CONTRAINDICATES	leukopenia
ETHADIONE	CONTRAINDICATES	inherited porphyria
BUPIVACAINE	CONTRAINDICATES	angle-closure glaucoma
BUPIVACAINE	CONTRAINDICATES	diabetes mellitus
BUPIVACAINE	CONTRAINDICATES	myocardial infarction
BUPIVACAINE	CONTRAINDICATES	ulcerative colitis
BUPIVACAINE	CONTRAINDICATES	potassium deficiency disease
BUPIVACAINE	CONTRAINDICATES	substance abuse
BUPIVACAINE	CONTRAINDICATES	kidney disorder
BUPIVACAINE	CONTRAINDICATES	inflammatory bowel disease
BUPIVACAINE	CONTRAINDICATES	hypothyroidism
BUPIVACAINE	CONTRAINDICATES	hyperthyroidism
BUPIVACAINE	CONTRAINDICATES	paralytic ileus
BUPIVACAINE	CONTRAINDICATES	cor pulmonale
BUPIVACAINE	CONTRAINDICATES	pulmonary emphysema
BUPIVACAINE	CONTRAINDICATES	myasthenia gravis
BUPIVACAINE	CONTRAINDICATES	parkinsonian disorder
ARIPIPRAZOLE	CONTRAINDICATES	agranulocytosis
ARIPIPRAZOLE	CONTRAINDICATES	hyperglycemia
ARIPIPRAZOLE	CONTRAINDICATES	diabetes mellitus
ARIPIPRAZOLE	CONTRAINDICATES	myocardial infarction
ARIPIPRAZOLE	CONTRAINDICATES	leukopenia
ARIPIPRAZOLE	CONTRAINDICATES	cerebrovascular disorder
ARIPIPRAZOLE	CONTRAINDICATES	obesity disorder
ARIPIPRAZOLE	CONTRAINDICATES	neuroleptic malignant syndrome
AMOXAPINE	CONTRAINDICATES	angle-closure glaucoma
AMOXAPINE	CONTRAINDICATES	bipolar disorder
AMOXAPINE	CONTRAINDICATES	schizophrenia
AMOXAPINE	CONTRAINDICATES	kidney disorder
AMOXAPINE	CONTRAINDICATES	hyperthyroidism
AMOXAPINE	CONTRAINDICATES	ocular hypertension
AMOXAPINE	CONTRAINDICATES	neuroleptic malignant syndrome
XYLITOL	CONTRAINDICATES	dental fluorosis
ALOSETRON	CONTRAINDICATES	toxic megacolon
ALOSETRON	CONTRAINDICATES	thrombophlebitis
ALOSETRON	CONTRAINDICATES	thrombophilia
ALOSETRON	CONTRAINDICATES	Crohn disease
ALOSETRON	CONTRAINDICATES	ulcerative colitis
ALOSETRON	CONTRAINDICATES	colitis
IDARUBICIN	CONTRAINDICATES	anemia
IDARUBICIN	CONTRAINDICATES	cardiomyopathy
IDARUBICIN	CONTRAINDICATES	kidney disorder
IDARUBICIN	CONTRAINDICATES	myocarditis
IDARUBICIN	CONTRAINDICATES	pericarditis
REGADENOSON ANHYDROUS	CONTRAINDICATES	sick sinus syndrome
REGADENOSON ANHYDROUS	CONTRAINDICATES	asthma
REGADENOSON ANHYDROUS	CONTRAINDICATES	pericardial effusion
REGADENOSON ANHYDROUS	CONTRAINDICATES	mitral valve stenosis
REGADENOSON ANHYDROUS	CONTRAINDICATES	pericarditis
REGADENOSON ANHYDROUS	CONTRAINDICATES	aortic valve stenosis
PYRIDOSTIGMINE	CONTRAINDICATES	asthma
PYRIDOSTIGMINE	CONTRAINDICATES	kidney disorder
PYRIDOSTIGMINE	CONTRAINDICATES	urinary tract obstruction
DESVENLAFAXINE	CONTRAINDICATES	angle-closure glaucoma
DESVENLAFAXINE	CONTRAINDICATES	bipolar disorder
DESVENLAFAXINE	CONTRAINDICATES	ocular hypertension
DESVENLAFAXINE	CONTRAINDICATES	cerebrovascular disorder
DESVENLAFAXINE	CONTRAINDICATES	interstitial lung disease
DESVENLAFAXINE	CONTRAINDICATES	neuroleptic malignant syndrome
BIPERIDEN	CONTRAINDICATES	dysentery
BIPERIDEN	CONTRAINDICATES	angle-closure glaucoma
BIPERIDEN	CONTRAINDICATES	toxic megacolon
BIPERIDEN	CONTRAINDICATES	gastric ulcer
BIPERIDEN	CONTRAINDICATES	ulcerative colitis
BIPERIDEN	CONTRAINDICATES	kidney disorder
BIPERIDEN	CONTRAINDICATES	open-angle glaucoma
BIPERIDEN	CONTRAINDICATES	urinary tract obstruction
BIPERIDEN	CONTRAINDICATES	paralytic ileus
BIPERIDEN	CONTRAINDICATES	myasthenia gravis
BIPERIDEN	CONTRAINDICATES	gastroesophageal reflux disease
BIPERIDEN	CONTRAINDICATES	thyrotoxicosis
BIPERIDEN	CONTRAINDICATES	shigellosis
LEVOMILNACIPRAN	CONTRAINDICATES	angle-closure glaucoma
PENTAZOCINE	CONTRAINDICATES	urethral stricture
PENTAZOCINE	CONTRAINDICATES	anemia
PENTAZOCINE	CONTRAINDICATES	ulcerative colitis
PENTAZOCINE	CONTRAINDICATES	morbid obesity
PENTAZOCINE	CONTRAINDICATES	substance abuse
PENTAZOCINE	CONTRAINDICATES	kidney disorder
PENTAZOCINE	CONTRAINDICATES	inflammatory bowel disease
PENTAZOCINE	CONTRAINDICATES	gout
PENTAZOCINE	CONTRAINDICATES	hypothyroidism
PENTAZOCINE	CONTRAINDICATES	cor pulmonale
PENTAZOCINE	CONTRAINDICATES	pulmonary emphysema
PENTAZOCINE	CONTRAINDICATES	thrombotic thrombocytopenic purpura
PENTAZOCINE	CONTRAINDICATES	hemophilia
DICYCLOMINE	CONTRAINDICATES	hepatic coma
DICYCLOMINE	CONTRAINDICATES	hepatic encephalopathy
DICYCLOMINE	CONTRAINDICATES	angle-closure glaucoma
DICYCLOMINE	CONTRAINDICATES	depressive disorder
DICYCLOMINE	CONTRAINDICATES	toxic megacolon
DICYCLOMINE	CONTRAINDICATES	gastric ulcer
DICYCLOMINE	CONTRAINDICATES	anemia
DICYCLOMINE	CONTRAINDICATES	ulcerative colitis
DICYCLOMINE	CONTRAINDICATES	substance abuse
DICYCLOMINE	CONTRAINDICATES	kidney disorder
DICYCLOMINE	CONTRAINDICATES	sleep apnea syndrome
DICYCLOMINE	CONTRAINDICATES	urinary tract obstruction
DICYCLOMINE	CONTRAINDICATES	hyperthyroidism
DICYCLOMINE	CONTRAINDICATES	paralytic ileus
DICYCLOMINE	CONTRAINDICATES	myasthenia gravis
DICYCLOMINE	CONTRAINDICATES	inherited porphyria
ACITRETIN	CONTRAINDICATES	depressive disorder
ACITRETIN	CONTRAINDICATES	drug-induced hepatitis
ACITRETIN	CONTRAINDICATES	diabetes mellitus
ACITRETIN	CONTRAINDICATES	acute pancreatitis
ACITRETIN	CONTRAINDICATES	night blindness
ACITRETIN	CONTRAINDICATES	obesity disorder
EPOPROSTENOL	CONTRAINDICATES	pulmonary edema
TELITHROMYCIN	CONTRAINDICATES	diarrheal disease
TELITHROMYCIN	CONTRAINDICATES	drug-induced hepatitis
TELITHROMYCIN	CONTRAINDICATES	potassium deficiency disease
TELITHROMYCIN	CONTRAINDICATES	myasthenia gravis
EZETIMIBE	CONTRAINDICATES	acute pancreatitis
METHYL SALICYLATE	CONTRAINDICATES	anemia
METHYL SALICYLATE	CONTRAINDICATES	gastritis
METHYL SALICYLATE	CONTRAINDICATES	diabetes mellitus
METHYL SALICYLATE	CONTRAINDICATES	kidney disorder
METHYL SALICYLATE	CONTRAINDICATES	gastroesophageal reflux disease
METHYL SALICYLATE	CONTRAINDICATES	thyrotoxicosis
METHYL SALICYLATE	CONTRAINDICATES	thrombotic thrombocytopenic purpura
METHYL SALICYLATE	CONTRAINDICATES	hemophilia
NIACINAMIDE	CONTRAINDICATES	diabetes mellitus
NIACINAMIDE	CONTRAINDICATES	primary hyperoxaluria
NIACINAMIDE	CONTRAINDICATES	kidney disorder
NIACINAMIDE	CONTRAINDICATES	gout
NIACINAMIDE	CONTRAINDICATES	goiter
NIACINAMIDE	CONTRAINDICATES	hereditary hemochromatosis
NIACINAMIDE	CONTRAINDICATES	bronchitis
NIACINAMIDE	CONTRAINDICATES	dermatitis herpetiformis
NIACINAMIDE	CONTRAINDICATES	hemophilia
CEFAMANDOLE	CONTRAINDICATES	kidney disorder
TORSEMIDE	CONTRAINDICATES	potassium deficiency disease
TORSEMIDE	CONTRAINDICATES	anuria
TORSEMIDE	CONTRAINDICATES	gout
LEVOCARNITINE	CONTRAINDICATES	kidney disorder
PRAVASTATIN	CONTRAINDICATES	hypercalcemia disease
PRAVASTATIN	CONTRAINDICATES	diarrheal disease
PRAVASTATIN	CONTRAINDICATES	hyperparathyroidism
PRAVASTATIN	CONTRAINDICATES	anemia
PRAVASTATIN	CONTRAINDICATES	kidney disorder
PRAVASTATIN	CONTRAINDICATES	gout
PRAVASTATIN	CONTRAINDICATES	thrombotic thrombocytopenic purpura
PRAVASTATIN	CONTRAINDICATES	sarcoidosis
PRAVASTATIN	CONTRAINDICATES	hemophilia
MOEXIPRIL	CONTRAINDICATES	hepatic coma
MOEXIPRIL	CONTRAINDICATES	hypercalcemia disease
MOEXIPRIL	CONTRAINDICATES	hyperparathyroidism
MOEXIPRIL	CONTRAINDICATES	diabetes mellitus
MOEXIPRIL	CONTRAINDICATES	potassium deficiency disease
MOEXIPRIL	CONTRAINDICATES	anuria
MOEXIPRIL	CONTRAINDICATES	kidney disorder
MOEXIPRIL	CONTRAINDICATES	gout
MOEXIPRIL	CONTRAINDICATES	acute pancreatitis
MOEXIPRIL	CONTRAINDICATES	systemic lupus erythematosus
MOEXIPRIL	CONTRAINDICATES	angioedema
MOEXIPRIL	CONTRAINDICATES	aortic valve stenosis
NYLIDRIN	CONTRAINDICATES	myocardial infarction
NYLIDRIN	CONTRAINDICATES	heart disorder
NYLIDRIN	CONTRAINDICATES	thyrotoxicosis
ARGATROBAN	CONTRAINDICATES	gastric ulcer
PRUCALOPRIDE	CONTRAINDICATES	ulcerative colitis
DESLORATADINE	CONTRAINDICATES	angle-closure glaucoma
DESLORATADINE	CONTRAINDICATES	diabetes mellitus
DESLORATADINE	CONTRAINDICATES	kidney disorder
DESLORATADINE	CONTRAINDICATES	hyperthyroidism
BORTEZOMIB	CONTRAINDICATES	diabetes mellitus
BORTEZOMIB	CONTRAINDICATES	pulmonary hypertension
BORTEZOMIB	CONTRAINDICATES	pneumonia
BORTEZOMIB	CONTRAINDICATES	intestinal obstruction
BORTEZOMIB	CONTRAINDICATES	adult acute respiratory distress syndrome
CHEMBL1179	CONTRAINDICATES	bipolar disorder
CHEMBL1179	CONTRAINDICATES	diabetes mellitus
CHEMBL1179	CONTRAINDICATES	schizophrenia
CHEMBL1179	CONTRAINDICATES	kidney disorder
CHEMBL1179	CONTRAINDICATES	hyperthyroidism
CHEMBL1179	CONTRAINDICATES	pheochromocytoma
CHEMBL1179	CONTRAINDICATES	cerebrovascular disorder
MOMETASONE FUROATE	CONTRAINDICATES	adrenocortical insufficiency
MOMETASONE FUROATE	CONTRAINDICATES	diabetes mellitus
MOMETASONE FUROATE	CONTRAINDICATES	glaucoma
MOMETASONE FUROATE	CONTRAINDICATES	bacterial infectious disease
MOMETASONE FUROATE	CONTRAINDICATES	potassium deficiency disease
MOMETASONE FUROATE	CONTRAINDICATES	hypopituitarism
MOMETASONE FUROATE	CONTRAINDICATES	peripheral vascular disease
MOMETASONE FUROATE	CONTRAINDICATES	osteoporosis
MOMETASONE FUROATE	CONTRAINDICATES	measles
MOMETASONE FUROATE	CONTRAINDICATES	ocular hypertension
MOMETASONE FUROATE	CONTRAINDICATES	thyrotoxicosis
NORETHINDRONE	CONTRAINDICATES	dementia
NORETHINDRONE	CONTRAINDICATES	depressive disorder
NORETHINDRONE	CONTRAINDICATES	thrombophlebitis
NORETHINDRONE	CONTRAINDICATES	hyperglycemia
NORETHINDRONE	CONTRAINDICATES	thrombophilia
NORETHINDRONE	CONTRAINDICATES	asthma
NORETHINDRONE	CONTRAINDICATES	diabetes mellitus
NORETHINDRONE	CONTRAINDICATES	epilepsy
NORETHINDRONE	CONTRAINDICATES	myocardial infarction
NORETHINDRONE	CONTRAINDICATES	endometrial carcinoma
NORETHINDRONE	CONTRAINDICATES	kidney disorder
NORETHINDRONE	CONTRAINDICATES	migraine disorder
NORETHINDRONE	CONTRAINDICATES	hypothyroidism
NORETHINDRONE	CONTRAINDICATES	benign mammary dysplasia
NORETHINDRONE	CONTRAINDICATES	systemic lupus erythematosus
NORETHINDRONE	CONTRAINDICATES	obesity disorder
NORETHINDRONE	CONTRAINDICATES	inherited porphyria
GLYCINEBETAINE	CONTRAINDICATES	disorder of methionine catabolism
GLYCINEBETAINE	CONTRAINDICATES	Crohn disease
GLYCINEBETAINE	CONTRAINDICATES	epilepsy
GLYCINEBETAINE	CONTRAINDICATES	potassium deficiency disease
GLYCINEBETAINE	CONTRAINDICATES	kidney disorder
GLYCINEBETAINE	CONTRAINDICATES	acute pancreatitis
GLYCINEBETAINE	CONTRAINDICATES	tendinitis
GLYCINEBETAINE	CONTRAINDICATES	myasthenia gravis
GLYCINEBETAINE	CONTRAINDICATES	short bowel syndrome
ATAZANAVIR	CONTRAINDICATES	atrioventricular block
ATAZANAVIR	CONTRAINDICATES	hyperglycemia
ATAZANAVIR	CONTRAINDICATES	diabetes mellitus
ATAZANAVIR	CONTRAINDICATES	acquired lactic acidosis
ATAZANAVIR	CONTRAINDICATES	hemophilia
AMINOSALICYLIC ACID	CONTRAINDICATES	gastric ulcer
AMINOSALICYLIC ACID	CONTRAINDICATES	potassium deficiency disease
AMINOSALICYLIC ACID	CONTRAINDICATES	kidney disorder
AMINOSALICYLIC ACID	CONTRAINDICATES	goiter
TESTOSTERONE PROPIONATE	CONTRAINDICATES	gynecomastia disorder
TESTOSTERONE PROPIONATE	CONTRAINDICATES	diabetes mellitus
TESTOSTERONE PROPIONATE	CONTRAINDICATES	kidney disorder
TESTOSTERONE PROPIONATE	CONTRAINDICATES	heart disorder
TESTOSTERONE PROPIONATE	CONTRAINDICATES	sleep apnea syndrome
ZOLMITRIPTAN	CONTRAINDICATES	myocardial infarction
ZOLMITRIPTAN	CONTRAINDICATES	kidney disorder
ZOLMITRIPTAN	CONTRAINDICATES	peripheral vascular disease
ZOLMITRIPTAN	CONTRAINDICATES	Prinzmetal angina
ERGONOVINE	CONTRAINDICATES	kidney disorder
ERGONOVINE	CONTRAINDICATES	arteriosclerosis obliterans
PRAMOXINE	CONTRAINDICATES	adrenocortical insufficiency
PRAMOXINE	CONTRAINDICATES	diabetes mellitus
PRAMOXINE	CONTRAINDICATES	kidney disorder
PRAMOXINE	CONTRAINDICATES	peripheral vascular disease
PRAMOXINE	CONTRAINDICATES	osteoporosis
PRAMOXINE	CONTRAINDICATES	open-angle glaucoma
PRAMOXINE	CONTRAINDICATES	hypothyroidism
PRAMOXINE	CONTRAINDICATES	contact dermatitis
PRAMOXINE	CONTRAINDICATES	psychotic disorder
PRAMOXINE	CONTRAINDICATES	hyperthyroidism
PRAMOXINE	CONTRAINDICATES	herpes simplex infectious disease
PRAMOXINE	CONTRAINDICATES	measles
SULFAMETHIZOLE	CONTRAINDICATES	renal tubular acidosis
SULFAMETHIZOLE	CONTRAINDICATES	glomerulonephritis
SULFAMETHIZOLE	CONTRAINDICATES	kidney disorder
SULFAMETHIZOLE	CONTRAINDICATES	gout
SULFAMETHIZOLE	CONTRAINDICATES	uremia
PHENIRAMINE	CONTRAINDICATES	hypophosphatemia
PHENIRAMINE	CONTRAINDICATES	angle-closure glaucoma
PHENIRAMINE	CONTRAINDICATES	toxic megacolon
PHENIRAMINE	CONTRAINDICATES	hyperglycemia
PHENIRAMINE	CONTRAINDICATES	urethral stricture
PHENIRAMINE	CONTRAINDICATES	gastric ulcer
PHENIRAMINE	CONTRAINDICATES	anemia
PHENIRAMINE	CONTRAINDICATES	gastritis
PHENIRAMINE	CONTRAINDICATES	diabetes mellitus
PHENIRAMINE	CONTRAINDICATES	epilepsy
PHENIRAMINE	CONTRAINDICATES	glaucoma
PHENIRAMINE	CONTRAINDICATES	myocardial infarction
PHENIRAMINE	CONTRAINDICATES	ulcerative colitis
PHENIRAMINE	CONTRAINDICATES	morbid obesity
PHENIRAMINE	CONTRAINDICATES	substance abuse
PHENIRAMINE	CONTRAINDICATES	kidney disorder
PHENIRAMINE	CONTRAINDICATES	inflammatory bowel disease
PHENIRAMINE	CONTRAINDICATES	heart disorder
PHENIRAMINE	CONTRAINDICATES	urinary tract obstruction
PHENIRAMINE	CONTRAINDICATES	panic disorder
PHENIRAMINE	CONTRAINDICATES	gout
PHENIRAMINE	CONTRAINDICATES	goiter
PHENIRAMINE	CONTRAINDICATES	hypothyroidism
PHENIRAMINE	CONTRAINDICATES	acute pancreatitis
PHENIRAMINE	CONTRAINDICATES	psychotic disorder
PHENIRAMINE	CONTRAINDICATES	hyperthyroidism
PHENIRAMINE	CONTRAINDICATES	paralytic ileus
PHENIRAMINE	CONTRAINDICATES	cor pulmonale
PHENIRAMINE	CONTRAINDICATES	agoraphobia
PHENIRAMINE	CONTRAINDICATES	pulmonary emphysema
PHENIRAMINE	CONTRAINDICATES	bronchitis
PHENIRAMINE	CONTRAINDICATES	ocular hypertension
PHENIRAMINE	CONTRAINDICATES	myasthenia gravis
PHENIRAMINE	CONTRAINDICATES	gastroesophageal reflux disease
PHENIRAMINE	CONTRAINDICATES	obsessive-compulsive disorder
PHENIRAMINE	CONTRAINDICATES	thyrotoxicosis
PHENIRAMINE	CONTRAINDICATES	dermatitis herpetiformis
PHENIRAMINE	CONTRAINDICATES	thrombotic thrombocytopenic purpura
PHENIRAMINE	CONTRAINDICATES	hemophilia
PRILOCAINE	CONTRAINDICATES	angle-closure glaucoma
PRILOCAINE	CONTRAINDICATES	diabetes mellitus
PRILOCAINE	CONTRAINDICATES	myocardial infarction
PRILOCAINE	CONTRAINDICATES	kidney disorder
PRILOCAINE	CONTRAINDICATES	hyperthyroidism
PRILOCAINE	CONTRAINDICATES	myasthenia gravis
PRILOCAINE	CONTRAINDICATES	parkinsonian disorder
PROPARACAINE	CONTRAINDICATES	heart disorder
PROPARACAINE	CONTRAINDICATES	hyperthyroidism
PROPARACAINE	CONTRAINDICATES	uveitis
DULOXETINE	CONTRAINDICATES	angle-closure glaucoma
DULOXETINE	CONTRAINDICATES	hyperglycemia
DULOXETINE	CONTRAINDICATES	bipolar disorder
DULOXETINE	CONTRAINDICATES	epilepsy
DULOXETINE	CONTRAINDICATES	neuroleptic malignant syndrome
BUTACAINE	CONTRAINDICATES	angle-closure glaucoma
BUTACAINE	CONTRAINDICATES	toxic megacolon
BUTACAINE	CONTRAINDICATES	ulcerative colitis
BUTACAINE	CONTRAINDICATES	kidney disorder
BUTACAINE	CONTRAINDICATES	hyperthyroidism
BUTACAINE	CONTRAINDICATES	paralytic ileus
BUTACAINE	CONTRAINDICATES	myasthenia gravis
BUTACAINE	CONTRAINDICATES	gastroesophageal reflux disease
THIOTHIXENE	CONTRAINDICATES	agranulocytosis
THIOTHIXENE	CONTRAINDICATES	angle-closure glaucoma
THIOTHIXENE	CONTRAINDICATES	epilepsy
THIOTHIXENE	CONTRAINDICATES	leukopenia
THIOTHIXENE	CONTRAINDICATES	parkinsonian disorder
THIOTHIXENE	CONTRAINDICATES	neuroleptic malignant syndrome
CARBENICILLIN	CONTRAINDICATES	kidney disorder
CARBENICILLIN	CONTRAINDICATES	infectious mononucleosis
PHENYLEPHRINE	CONTRAINDICATES	adrenocortical insufficiency
PHENYLEPHRINE	CONTRAINDICATES	metabolic acidosis
PHENYLEPHRINE	CONTRAINDICATES	angle-closure glaucoma
PHENYLEPHRINE	CONTRAINDICATES	toxic megacolon
PHENYLEPHRINE	CONTRAINDICATES	urethral stricture
PHENYLEPHRINE	CONTRAINDICATES	gastric ulcer
PHENYLEPHRINE	CONTRAINDICATES	anemia
PHENYLEPHRINE	CONTRAINDICATES	gastritis
PHENYLEPHRINE	CONTRAINDICATES	diabetes mellitus
PHENYLEPHRINE	CONTRAINDICATES	epilepsy
PHENYLEPHRINE	CONTRAINDICATES	myocardial infarction
PHENYLEPHRINE	CONTRAINDICATES	ulcerative colitis
PHENYLEPHRINE	CONTRAINDICATES	morbid obesity
PHENYLEPHRINE	CONTRAINDICATES	anuria
PHENYLEPHRINE	CONTRAINDICATES	substance abuse
PHENYLEPHRINE	CONTRAINDICATES	kidney disorder
PHENYLEPHRINE	CONTRAINDICATES	inflammatory bowel disease
PHENYLEPHRINE	CONTRAINDICATES	heart disorder
PHENYLEPHRINE	CONTRAINDICATES	sleep apnea syndrome
PHENYLEPHRINE	CONTRAINDICATES	urinary tract obstruction
PHENYLEPHRINE	CONTRAINDICATES	panic disorder
PHENYLEPHRINE	CONTRAINDICATES	gout
PHENYLEPHRINE	CONTRAINDICATES	goiter
PHENYLEPHRINE	CONTRAINDICATES	hypothyroidism
PHENYLEPHRINE	CONTRAINDICATES	acute pancreatitis
PHENYLEPHRINE	CONTRAINDICATES	psychotic disorder
PHENYLEPHRINE	CONTRAINDICATES	hyperthyroidism
PHENYLEPHRINE	CONTRAINDICATES	paralytic ileus
PHENYLEPHRINE	CONTRAINDICATES	cor pulmonale
PHENYLEPHRINE	CONTRAINDICATES	agoraphobia
PHENYLEPHRINE	CONTRAINDICATES	pulmonary emphysema
PHENYLEPHRINE	CONTRAINDICATES	bronchitis
PHENYLEPHRINE	CONTRAINDICATES	pulmonary edema
PHENYLEPHRINE	CONTRAINDICATES	myasthenia gravis
PHENYLEPHRINE	CONTRAINDICATES	gastroesophageal reflux disease
PHENYLEPHRINE	CONTRAINDICATES	obsessive-compulsive disorder
PHENYLEPHRINE	CONTRAINDICATES	thyrotoxicosis
PHENYLEPHRINE	CONTRAINDICATES	dermatitis herpetiformis
PHENYLEPHRINE	CONTRAINDICATES	thrombotic thrombocytopenic purpura
PHENYLEPHRINE	CONTRAINDICATES	inherited porphyria
PHENYLEPHRINE	CONTRAINDICATES	hemophilia
PHENYLEPHRINE	CONTRAINDICATES	neuroleptic malignant syndrome
RAMELTEON	CONTRAINDICATES	sleep apnea syndrome
RAMELTEON	CONTRAINDICATES	acquired hyperprolactinemia
RABEPRAZOLE	CONTRAINDICATES	osteoporosis
TINIDAZOLE	CONTRAINDICATES	epilepsy
ACRIVASTINE	CONTRAINDICATES	angle-closure glaucoma
ACRIVASTINE	CONTRAINDICATES	diabetes mellitus
ACRIVASTINE	CONTRAINDICATES	hyperthyroidism
ETHOPROPAZINE	CONTRAINDICATES	dysentery
ETHOPROPAZINE	CONTRAINDICATES	angle-closure glaucoma
ETHOPROPAZINE	CONTRAINDICATES	toxic megacolon
ETHOPROPAZINE	CONTRAINDICATES	gastric ulcer
ETHOPROPAZINE	CONTRAINDICATES	ulcerative colitis
ETHOPROPAZINE	CONTRAINDICATES	kidney disorder
ETHOPROPAZINE	CONTRAINDICATES	open-angle glaucoma
ETHOPROPAZINE	CONTRAINDICATES	urinary tract obstruction
ETHOPROPAZINE	CONTRAINDICATES	paralytic ileus
ETHOPROPAZINE	CONTRAINDICATES	myasthenia gravis
ETHOPROPAZINE	CONTRAINDICATES	gastroesophageal reflux disease
ETHOPROPAZINE	CONTRAINDICATES	thyrotoxicosis
ETHOPROPAZINE	CONTRAINDICATES	shigellosis
CARISOPRODOL	CONTRAINDICATES	urethral stricture
CARISOPRODOL	CONTRAINDICATES	anemia
CARISOPRODOL	CONTRAINDICATES	epilepsy
CARISOPRODOL	CONTRAINDICATES	substance abuse
CARISOPRODOL	CONTRAINDICATES	kidney disorder
CARISOPRODOL	CONTRAINDICATES	inflammatory bowel disease
CARISOPRODOL	CONTRAINDICATES	gout
CARISOPRODOL	CONTRAINDICATES	hypothyroidism
CARISOPRODOL	CONTRAINDICATES	acute intermittent porphyria
CARISOPRODOL	CONTRAINDICATES	thrombotic thrombocytopenic purpura
CARISOPRODOL	CONTRAINDICATES	hemophilia
LISINOPRIL ANHYDROUS	CONTRAINDICATES	hepatic coma
LISINOPRIL ANHYDROUS	CONTRAINDICATES	hypercalcemia disease
LISINOPRIL ANHYDROUS	CONTRAINDICATES	hyperparathyroidism
LISINOPRIL ANHYDROUS	CONTRAINDICATES	hypertrophic cardiomyopathy
LISINOPRIL ANHYDROUS	CONTRAINDICATES	potassium deficiency disease
LISINOPRIL ANHYDROUS	CONTRAINDICATES	anuria
LISINOPRIL ANHYDROUS	CONTRAINDICATES	kidney disorder
LISINOPRIL ANHYDROUS	CONTRAINDICATES	gout
LISINOPRIL ANHYDROUS	CONTRAINDICATES	acute pancreatitis
LISINOPRIL ANHYDROUS	CONTRAINDICATES	angioedema
LISINOPRIL ANHYDROUS	CONTRAINDICATES	aortic valve stenosis
TRIPELENNAMINE	CONTRAINDICATES	angle-closure glaucoma
TRIPELENNAMINE	CONTRAINDICATES	hyperthyroidism
TRIPELENNAMINE	CONTRAINDICATES	ocular hypertension
PHENAZOPYRIDINE	CONTRAINDICATES	hepatic coma
PHENAZOPYRIDINE	CONTRAINDICATES	hepatic encephalopathy
PHENAZOPYRIDINE	CONTRAINDICATES	depressive disorder
PHENAZOPYRIDINE	CONTRAINDICATES	toxic megacolon
PHENAZOPYRIDINE	CONTRAINDICATES	anemia
PHENAZOPYRIDINE	CONTRAINDICATES	glaucoma
PHENAZOPYRIDINE	CONTRAINDICATES	glomerulonephritis
PHENAZOPYRIDINE	CONTRAINDICATES	substance abuse
PHENAZOPYRIDINE	CONTRAINDICATES	kidney disorder
PHENAZOPYRIDINE	CONTRAINDICATES	sleep apnea syndrome
PHENAZOPYRIDINE	CONTRAINDICATES	hyperthyroidism
PHENAZOPYRIDINE	CONTRAINDICATES	paralytic ileus
PHENAZOPYRIDINE	CONTRAINDICATES	uremia
PHENAZOPYRIDINE	CONTRAINDICATES	myasthenia gravis
PHENAZOPYRIDINE	CONTRAINDICATES	gastroesophageal reflux disease
PHENAZOPYRIDINE	CONTRAINDICATES	inherited porphyria
OXYBUTYNIN	CONTRAINDICATES	angle-closure glaucoma
OXYBUTYNIN	CONTRAINDICATES	toxic megacolon
OXYBUTYNIN	CONTRAINDICATES	ulcerative colitis
OXYBUTYNIN	CONTRAINDICATES	kidney disorder
OXYBUTYNIN	CONTRAINDICATES	hyperthyroidism
OXYBUTYNIN	CONTRAINDICATES	paralytic ileus
OXYBUTYNIN	CONTRAINDICATES	myasthenia gravis
OXYBUTYNIN	CONTRAINDICATES	gastroesophageal reflux disease
SULFABENZAMIDE	CONTRAINDICATES	kidney disorder
SULFABENZAMIDE	CONTRAINDICATES	inherited porphyria
ISOFLURANE	CONTRAINDICATES	Duchenne muscular dystrophy
ISOFLURANE	CONTRAINDICATES	malignant hyperthermia of anesthesia
NITROGEN	CONTRAINDICATES	methemoglobinemia
ENFLURANE	CONTRAINDICATES	Duchenne muscular dystrophy
ENFLURANE	CONTRAINDICATES	malignant hyperthermia of anesthesia
DEGARELIX	CONTRAINDICATES	potassium deficiency disease
ABARELIX	CONTRAINDICATES	obesity disorder
CITRIC ACID	CONTRAINDICATES	adrenocortical insufficiency
CITRIC ACID	CONTRAINDICATES	anemia
CITRIC ACID	CONTRAINDICATES	anuria
CITRIC ACID	CONTRAINDICATES	kidney disorder
CITRIC ACID	CONTRAINDICATES	gout
CITRIC ACID	CONTRAINDICATES	gastroparesis
CITRIC ACID	CONTRAINDICATES	pulmonary edema
CITRIC ACID	CONTRAINDICATES	thrombotic thrombocytopenic purpura
CITRIC ACID	CONTRAINDICATES	hemophilia
SALMETEROL	CONTRAINDICATES	hyperglycemia
SALMETEROL	CONTRAINDICATES	diabetes mellitus
SALMETEROL	CONTRAINDICATES	glaucoma
SALMETEROL	CONTRAINDICATES	potassium deficiency disease
SALMETEROL	CONTRAINDICATES	hypopituitarism
SALMETEROL	CONTRAINDICATES	osteoporosis
SALMETEROL	CONTRAINDICATES	thyrotoxicosis
ROMIDEPSIN	CONTRAINDICATES	anemia
ROMIDEPSIN	CONTRAINDICATES	potassium deficiency disease
ROMIDEPSIN	CONTRAINDICATES	leukopenia
TETRAHYDROZOLINE	CONTRAINDICATES	diabetes mellitus
TETRAHYDROZOLINE	CONTRAINDICATES	hyperthyroidism
NARATRIPTAN	CONTRAINDICATES	diabetes mellitus
NARATRIPTAN	CONTRAINDICATES	myocardial infarction
NARATRIPTAN	CONTRAINDICATES	peripheral vascular disease
NARATRIPTAN	CONTRAINDICATES	Prinzmetal angina
NARATRIPTAN	CONTRAINDICATES	cerebrovascular disorder
NARATRIPTAN	CONTRAINDICATES	obesity disorder
FROVATRIPTAN	CONTRAINDICATES	diabetes mellitus
FROVATRIPTAN	CONTRAINDICATES	peripheral vascular disease
FROVATRIPTAN	CONTRAINDICATES	Prinzmetal angina
FROVATRIPTAN	CONTRAINDICATES	obesity disorder
THIOURACIL	CONTRAINDICATES	pancytopenia
THIOURACIL	CONTRAINDICATES	agranulocytosis
THIOURACIL	CONTRAINDICATES	drug-induced hepatitis
THIOURACIL	CONTRAINDICATES	hypothyroidism
THIOURACIL	CONTRAINDICATES	leukopenia
REPAGLINIDE	CONTRAINDICATES	adrenocortical insufficiency
REPAGLINIDE	CONTRAINDICATES	metabolic acidosis
REPAGLINIDE	CONTRAINDICATES	myocardial infarction
REPAGLINIDE	CONTRAINDICATES	hypopituitarism
REPAGLINIDE	CONTRAINDICATES	kidney disorder
REPAGLINIDE	CONTRAINDICATES	acquired lactic acidosis
IMIQUIMOD	CONTRAINDICATES	autoimmune disease
IMIQUIMOD	CONTRAINDICATES	graft versus host disease
LEVETIRACETAM	CONTRAINDICATES	pancytopenia
LEVETIRACETAM	CONTRAINDICATES	kidney disorder
LEVETIRACETAM	CONTRAINDICATES	leukopenia
KETOCONAZOLE	CONTRAINDICATES	adrenocortical insufficiency
KETOCONAZOLE	CONTRAINDICATES	peripheral vascular disease
QUININE	CONTRAINDICATES	atrial fibrillation
QUININE	CONTRAINDICATES	end stage renal failure
QUININE	CONTRAINDICATES	optic neuritis
QUININE	CONTRAINDICATES	myasthenia gravis
QUININE	CONTRAINDICATES	thrombotic thrombocytopenic purpura
PENBUTOLOL	CONTRAINDICATES	depressive disorder
PENBUTOLOL	CONTRAINDICATES	diabetes mellitus
PENBUTOLOL	CONTRAINDICATES	kidney disorder
PENBUTOLOL	CONTRAINDICATES	pulmonary emphysema
PENBUTOLOL	CONTRAINDICATES	myasthenia gravis
METIPRANOLOL	CONTRAINDICATES	asthma
METIPRANOLOL	CONTRAINDICATES	diabetes mellitus
METIPRANOLOL	CONTRAINDICATES	hyperthyroidism
METIPRANOLOL	CONTRAINDICATES	pulmonary emphysema
METIPRANOLOL	CONTRAINDICATES	myasthenia gravis
CLOFAZIMINE	CONTRAINDICATES	diarrheal disease
CLOFAZIMINE	CONTRAINDICATES	splenic infarction
BETA CAROTENE	CONTRAINDICATES	primary hyperoxaluria
BETA CAROTENE	CONTRAINDICATES	hereditary hemochromatosis
ANTAZOLINE	CONTRAINDICATES	angle-closure glaucoma
ANTAZOLINE	CONTRAINDICATES	hyperglycemia
ANTAZOLINE	CONTRAINDICATES	diabetes mellitus
ANTAZOLINE	CONTRAINDICATES	hyperthyroidism
ANTAZOLINE	CONTRAINDICATES	ocular hypertension
QUINIDINE	CONTRAINDICATES	psoriasis
QUINIDINE	CONTRAINDICATES	potassium deficiency disease
QUINIDINE	CONTRAINDICATES	kidney disorder
QUINIDINE	CONTRAINDICATES	pulmonary emphysema
QUINIDINE	CONTRAINDICATES	myasthenia gravis
SALSALATE	CONTRAINDICATES	gastritis
SALSALATE	CONTRAINDICATES	kidney disorder
SALSALATE	CONTRAINDICATES	gastroesophageal reflux disease
SALSALATE	CONTRAINDICATES	thyrotoxicosis
SALSALATE	CONTRAINDICATES	thrombotic thrombocytopenic purpura
SALSALATE	CONTRAINDICATES	hemophilia
FENOPROFEN	CONTRAINDICATES	thrombotic disease
FENOPROFEN	CONTRAINDICATES	drug-induced hepatitis
FENOPROFEN	CONTRAINDICATES	anemia
FENOPROFEN	CONTRAINDICATES	myocardial infarction
FENOPROFEN	CONTRAINDICATES	kidney disorder
FOMEPIZOLE	CONTRAINDICATES	kidney disorder
PROCARBAZINE	CONTRAINDICATES	anemia
PROCARBAZINE	CONTRAINDICATES	bacterial infectious disease
PROCARBAZINE	CONTRAINDICATES	kidney disorder
PROCARBAZINE	CONTRAINDICATES	leukopenia
ISOSORBIDE MONONITRATE	CONTRAINDICATES	anemia
ISOSORBIDE MONONITRATE	CONTRAINDICATES	hypertrophic cardiomyopathy
ISOSORBIDE MONONITRATE	CONTRAINDICATES	myocardial infarction
ISOSORBIDE MONONITRATE	CONTRAINDICATES	hyperthyroidism
TIOPRONIN	CONTRAINDICATES	agranulocytosis
TIOPRONIN	CONTRAINDICATES	kidney disorder
TIOPRONIN	CONTRAINDICATES	nephrotic syndrome
TIOPRONIN	CONTRAINDICATES	proteinuria
TIOPRONIN	CONTRAINDICATES	leukopenia
TIOPRONIN	CONTRAINDICATES	myasthenia gravis
TIOPRONIN	CONTRAINDICATES	aplastic anemia
ORLISTAT	CONTRAINDICATES	drug-induced hepatitis
ORLISTAT	CONTRAINDICATES	primary hyperoxaluria
ORLISTAT	CONTRAINDICATES	anorexia nervosa
ORLISTAT	CONTRAINDICATES	bulimia nervosa
DARUNAVIR	CONTRAINDICATES	hyperglycemia
DARUNAVIR	CONTRAINDICATES	diabetes mellitus
SORAFENIB	CONTRAINDICATES	hypophosphatemia
SORAFENIB	CONTRAINDICATES	depressive disorder
SORAFENIB	CONTRAINDICATES	anemia
SORAFENIB	CONTRAINDICATES	pancreatitis
SORAFENIB	CONTRAINDICATES	myocardial infarction
CEVIMELINE	CONTRAINDICATES	angle-closure glaucoma
CEVIMELINE	CONTRAINDICATES	cholecystitis
CEVIMELINE	CONTRAINDICATES	asthma
CEVIMELINE	CONTRAINDICATES	myocardial infarction
CEVIMELINE	CONTRAINDICATES	night blindness
CEVIMELINE	CONTRAINDICATES	iritis
CEVIMELINE	CONTRAINDICATES	cholangitis
NITISINONE	CONTRAINDICATES	hypophosphatemia
NITISINONE	CONTRAINDICATES	kidney disorder
NITISINONE	CONTRAINDICATES	leukopenia
ETHOHEPTAZINE	CONTRAINDICATES	urethral stricture
ETHOHEPTAZINE	CONTRAINDICATES	ulcerative colitis
ETHOHEPTAZINE	CONTRAINDICATES	morbid obesity
ETHOHEPTAZINE	CONTRAINDICATES	substance abuse
ETHOHEPTAZINE	CONTRAINDICATES	kidney disorder
ETHOHEPTAZINE	CONTRAINDICATES	inflammatory bowel disease
ETHOHEPTAZINE	CONTRAINDICATES	hypothyroidism
ETHOHEPTAZINE	CONTRAINDICATES	cor pulmonale
ETHOHEPTAZINE	CONTRAINDICATES	pulmonary emphysema
METHADYL ACETATE	CONTRAINDICATES	urethral stricture
METHADYL ACETATE	CONTRAINDICATES	cholecystitis
METHADYL ACETATE	CONTRAINDICATES	kidney disorder
METHADYL ACETATE	CONTRAINDICATES	hypothyroidism
DARIFENACIN	CONTRAINDICATES	angle-closure glaucoma
DARIFENACIN	CONTRAINDICATES	ulcerative colitis
DARIFENACIN	CONTRAINDICATES	myasthenia gravis
DARIFENACIN	CONTRAINDICATES	angioedema
RILPIVIRINE	CONTRAINDICATES	hypophosphatemia
RILPIVIRINE	CONTRAINDICATES	osteomalacia
RILPIVIRINE	CONTRAINDICATES	Fanconi renotubular syndrome
RILPIVIRINE	CONTRAINDICATES	kidney disorder
RILPIVIRINE	CONTRAINDICATES	obesity disorder
RILPIVIRINE	CONTRAINDICATES	acquired lactic acidosis
TILUDRONIC ACID	CONTRAINDICATES	hyperphosphatemia
TILUDRONIC ACID	CONTRAINDICATES	hyperparathyroidism
TILUDRONIC ACID	CONTRAINDICATES	anemia
TILUDRONIC ACID	CONTRAINDICATES	gastritis
TILUDRONIC ACID	CONTRAINDICATES	periodontitis
TILUDRONIC ACID	CONTRAINDICATES	kidney disorder
TILUDRONIC ACID	CONTRAINDICATES	duodenitis
VALACYCLOVIR	CONTRAINDICATES	thrombotic thrombocytopenic purpura
(S,R)-MEFLOQUINE	CONTRAINDICATES	atrioventricular block
(S,R)-MEFLOQUINE	CONTRAINDICATES	generalized anxiety disorder
(S,R)-MEFLOQUINE	CONTRAINDICATES	depressive disorder
(S,R)-MEFLOQUINE	CONTRAINDICATES	schizophrenia
(S,R)-MEFLOQUINE	CONTRAINDICATES	psychotic disorder
ERTAPENEM	CONTRAINDICATES	kidney disorder
AMPICILLIN	CONTRAINDICATES	kidney disorder
AMPICILLIN	CONTRAINDICATES	infectious mononucleosis
PYRIDOXINE	CONTRAINDICATES	metabolic acidosis
PYRIDOXINE	CONTRAINDICATES	diarrheal disease
PYRIDOXINE	CONTRAINDICATES	depressive disorder
PYRIDOXINE	CONTRAINDICATES	gastroenteritis
PYRIDOXINE	CONTRAINDICATES	diabetes mellitus
PYRIDOXINE	CONTRAINDICATES	schizophrenia
PYRIDOXINE	CONTRAINDICATES	ulcerative colitis
PYRIDOXINE	CONTRAINDICATES	potassium deficiency disease
PYRIDOXINE	CONTRAINDICATES	hemosiderosis
PYRIDOXINE	CONTRAINDICATES	kidney disorder
PYRIDOXINE	CONTRAINDICATES	gout
PYRIDOXINE	CONTRAINDICATES	hereditary hemochromatosis
PYRIDOXINE	CONTRAINDICATES	chronic atrophic gastritis
PYRIDOXINE	CONTRAINDICATES	gastroparesis
PYRIDOXINE	CONTRAINDICATES	hemolytic anemia
PYRIDOXINE	CONTRAINDICATES	systemic lupus erythematosus
PYRIDOXINE	CONTRAINDICATES	autoimmune disease
ATRACURIUM	CONTRAINDICATES	potassium deficiency disease
ATRACURIUM	CONTRAINDICATES	myasthenia gravis
ATRACURIUM	CONTRAINDICATES	malignant hyperthermia of anesthesia
PANCURONIUM	CONTRAINDICATES	kidney disorder
PANCURONIUM	CONTRAINDICATES	myasthenia gravis
PANCURONIUM	CONTRAINDICATES	obesity disorder
DRONEDARONE	CONTRAINDICATES	sick sinus syndrome
DRONEDARONE	CONTRAINDICATES	potassium deficiency disease
BUDESONIDE	CONTRAINDICATES	adrenocortical insufficiency
BUDESONIDE	CONTRAINDICATES	hyperglycemia
BUDESONIDE	CONTRAINDICATES	gastritis
BUDESONIDE	CONTRAINDICATES	diabetes mellitus
BUDESONIDE	CONTRAINDICATES	glaucoma
BUDESONIDE	CONTRAINDICATES	bacterial infectious disease
BUDESONIDE	CONTRAINDICATES	potassium deficiency disease
BUDESONIDE	CONTRAINDICATES	hypopituitarism
BUDESONIDE	CONTRAINDICATES	osteoporosis
BUDESONIDE	CONTRAINDICATES	open-angle glaucoma
BUDESONIDE	CONTRAINDICATES	hypothyroidism
BUDESONIDE	CONTRAINDICATES	psychotic disorder
BUDESONIDE	CONTRAINDICATES	herpes simplex infectious disease
BUDESONIDE	CONTRAINDICATES	measles
BUDESONIDE	CONTRAINDICATES	cerebral malaria
BUDESONIDE	CONTRAINDICATES	ocular hypertension
BUDESONIDE	CONTRAINDICATES	pulmonary tuberculosis
BUDESONIDE	CONTRAINDICATES	citrullinemia
BUDESONIDE	CONTRAINDICATES	tuberculosis
METHYLENE BLUE CATION	CONTRAINDICATES	hyperphosphatemia
METHYLENE BLUE CATION	CONTRAINDICATES	toxic megacolon
METHYLENE BLUE CATION	CONTRAINDICATES	anemia
METHYLENE BLUE CATION	CONTRAINDICATES	gastritis
METHYLENE BLUE CATION	CONTRAINDICATES	diabetes mellitus
METHYLENE BLUE CATION	CONTRAINDICATES	glaucoma
METHYLENE BLUE CATION	CONTRAINDICATES	kidney disorder
METHYLENE BLUE CATION	CONTRAINDICATES	hyperthyroidism
METHYLENE BLUE CATION	CONTRAINDICATES	paralytic ileus
METHYLENE BLUE CATION	CONTRAINDICATES	myasthenia gravis
METHYLENE BLUE CATION	CONTRAINDICATES	gastroesophageal reflux disease
METHYLENE BLUE CATION	CONTRAINDICATES	thyrotoxicosis
METHYLENE BLUE CATION	CONTRAINDICATES	thrombotic thrombocytopenic purpura
METHYLENE BLUE CATION	CONTRAINDICATES	hemophilia
CHLORZOXAZONE	CONTRAINDICATES	drug-induced hepatitis
MODAFINIL	CONTRAINDICATES	myocardial infarction
MODAFINIL	CONTRAINDICATES	psychotic disorder
MODAFINIL	CONTRAINDICATES	mitral valve prolapse
NOSCAPINE	CONTRAINDICATES	diabetes mellitus
NOSCAPINE	CONTRAINDICATES	myocardial infarction
NOSCAPINE	CONTRAINDICATES	hypothyroidism
NOSCAPINE	CONTRAINDICATES	hyperthyroidism
NOSCAPINE	CONTRAINDICATES	cor pulmonale
NOSCAPINE	CONTRAINDICATES	pulmonary edema
NOSCAPINE	CONTRAINDICATES	cystic fibrosis
ABACAVIR	CONTRAINDICATES	anemia
ABACAVIR	CONTRAINDICATES	pancreatitis
ABACAVIR	CONTRAINDICATES	kidney disorder
ABACAVIR	CONTRAINDICATES	acute pancreatitis
ABACAVIR	CONTRAINDICATES	obesity disorder
ABACAVIR	CONTRAINDICATES	myositis disease
ABACAVIR	CONTRAINDICATES	acquired lactic acidosis
TOLTERODINE	CONTRAINDICATES	dementia
TOLTERODINE	CONTRAINDICATES	angle-closure glaucoma
TOLTERODINE	CONTRAINDICATES	myasthenia gravis
PROGUANIL	CONTRAINDICATES	hyperglycemia
VILAZODONE	CONTRAINDICATES	bipolar disorder
VILAZODONE	CONTRAINDICATES	neuroleptic malignant syndrome
PHENYLTOLOXAMINE	CONTRAINDICATES	angle-closure glaucoma
PHENYLTOLOXAMINE	CONTRAINDICATES	toxic megacolon
PHENYLTOLOXAMINE	CONTRAINDICATES	anemia
PHENYLTOLOXAMINE	CONTRAINDICATES	gastritis
PHENYLTOLOXAMINE	CONTRAINDICATES	diabetes mellitus
PHENYLTOLOXAMINE	CONTRAINDICATES	glaucoma
PHENYLTOLOXAMINE	CONTRAINDICATES	myocardial infarction
PHENYLTOLOXAMINE	CONTRAINDICATES	kidney disorder
PHENYLTOLOXAMINE	CONTRAINDICATES	panic disorder
PHENYLTOLOXAMINE	CONTRAINDICATES	gout
PHENYLTOLOXAMINE	CONTRAINDICATES	acute pancreatitis
PHENYLTOLOXAMINE	CONTRAINDICATES	hyperthyroidism
PHENYLTOLOXAMINE	CONTRAINDICATES	paralytic ileus
PHENYLTOLOXAMINE	CONTRAINDICATES	agoraphobia
PHENYLTOLOXAMINE	CONTRAINDICATES	ocular hypertension
PHENYLTOLOXAMINE	CONTRAINDICATES	myasthenia gravis
PHENYLTOLOXAMINE	CONTRAINDICATES	gastroesophageal reflux disease
PHENYLTOLOXAMINE	CONTRAINDICATES	obsessive-compulsive disorder
PHENYLTOLOXAMINE	CONTRAINDICATES	thyrotoxicosis
PHENYLTOLOXAMINE	CONTRAINDICATES	thrombotic thrombocytopenic purpura
PHENYLTOLOXAMINE	CONTRAINDICATES	hemophilia
LEVONORGESTREL	CONTRAINDICATES	dementia
LEVONORGESTREL	CONTRAINDICATES	amenorrhea
LEVONORGESTREL	CONTRAINDICATES	ectopic pregnancy
LEVONORGESTREL	CONTRAINDICATES	depressive disorder
LEVONORGESTREL	CONTRAINDICATES	thrombophlebitis
LEVONORGESTREL	CONTRAINDICATES	hyperglycemia
LEVONORGESTREL	CONTRAINDICATES	vaginitis
LEVONORGESTREL	CONTRAINDICATES	anemia
LEVONORGESTREL	CONTRAINDICATES	thrombophilia
LEVONORGESTREL	CONTRAINDICATES	asthma
LEVONORGESTREL	CONTRAINDICATES	epilepsy
LEVONORGESTREL	CONTRAINDICATES	myocardial infarction
LEVONORGESTREL	CONTRAINDICATES	kidney disorder
LEVONORGESTREL	CONTRAINDICATES	bacterial vaginosis
LEVONORGESTREL	CONTRAINDICATES	hypothyroidism
LEVONORGESTREL	CONTRAINDICATES	congenital heart disease
LEVONORGESTREL	CONTRAINDICATES	benign mammary dysplasia
LEVONORGESTREL	CONTRAINDICATES	systemic lupus erythematosus
LEVONORGESTREL	CONTRAINDICATES	obesity disorder
LEVONORGESTREL	CONTRAINDICATES	inherited porphyria
SPIRONOLACTONE	CONTRAINDICATES	hepatic coma
SPIRONOLACTONE	CONTRAINDICATES	hypercalcemia disease
SPIRONOLACTONE	CONTRAINDICATES	hyperparathyroidism
SPIRONOLACTONE	CONTRAINDICATES	potassium deficiency disease
SPIRONOLACTONE	CONTRAINDICATES	anuria
SPIRONOLACTONE	CONTRAINDICATES	kidney disorder
SPIRONOLACTONE	CONTRAINDICATES	gout
SPIRONOLACTONE	CONTRAINDICATES	acute pancreatitis
SPIRONOLACTONE	CONTRAINDICATES	systemic lupus erythematosus
PAROMOMYCIN	CONTRAINDICATES	kidney disorder
KANAMYCIN	CONTRAINDICATES	kidney disorder
KANAMYCIN	CONTRAINDICATES	myasthenia gravis
KANAMYCIN	CONTRAINDICATES	infant botulism
KANAMYCIN	CONTRAINDICATES	parkinsonian disorder
COCAINE	CONTRAINDICATES	epilepsy
COCAINE	CONTRAINDICATES	thyrotoxicosis
METHYLTESTOSTERONE	CONTRAINDICATES	hypercalcemia disease
METHYLTESTOSTERONE	CONTRAINDICATES	dementia
METHYLTESTOSTERONE	CONTRAINDICATES	thrombophlebitis
METHYLTESTOSTERONE	CONTRAINDICATES	thrombophilia
METHYLTESTOSTERONE	CONTRAINDICATES	asthma
METHYLTESTOSTERONE	CONTRAINDICATES	diabetes mellitus
METHYLTESTOSTERONE	CONTRAINDICATES	epilepsy
METHYLTESTOSTERONE	CONTRAINDICATES	myocardial infarction
METHYLTESTOSTERONE	CONTRAINDICATES	endometriosis
METHYLTESTOSTERONE	CONTRAINDICATES	endometrial carcinoma
METHYLTESTOSTERONE	CONTRAINDICATES	kidney disorder
METHYLTESTOSTERONE	CONTRAINDICATES	migraine disorder
METHYLTESTOSTERONE	CONTRAINDICATES	hypothyroidism
METHYLTESTOSTERONE	CONTRAINDICATES	systemic lupus erythematosus
METHYLTESTOSTERONE	CONTRAINDICATES	obesity disorder
RIVAROXABAN	CONTRAINDICATES	kidney disorder
AMIKACIN	CONTRAINDICATES	kidney disorder
AMIKACIN	CONTRAINDICATES	myasthenia gravis
AMIKACIN	CONTRAINDICATES	infant botulism
AMIKACIN	CONTRAINDICATES	parkinsonian disorder
STREPTOMYCIN	CONTRAINDICATES	kidney disorder
STREPTOMYCIN	CONTRAINDICATES	myasthenia gravis
STREPTOMYCIN	CONTRAINDICATES	infant botulism
STREPTOMYCIN	CONTRAINDICATES	parkinsonian disorder
DAUNORUBICIN	CONTRAINDICATES	cardiomyopathy
DAUNORUBICIN	CONTRAINDICATES	epilepsy
DAUNORUBICIN	CONTRAINDICATES	bacterial infectious disease
DAUNORUBICIN	CONTRAINDICATES	kidney disorder
DAUNORUBICIN	CONTRAINDICATES	myocarditis
DAUNORUBICIN	CONTRAINDICATES	pericarditis
ESTRONE	CONTRAINDICATES	dementia
ESTRONE	CONTRAINDICATES	depressive disorder
ESTRONE	CONTRAINDICATES	thrombophlebitis
ESTRONE	CONTRAINDICATES	hyperglycemia
ESTRONE	CONTRAINDICATES	thrombophilia
ESTRONE	CONTRAINDICATES	asthma
ESTRONE	CONTRAINDICATES	diabetes mellitus
ESTRONE	CONTRAINDICATES	epilepsy
ESTRONE	CONTRAINDICATES	myocardial infarction
ESTRONE	CONTRAINDICATES	endometriosis
ESTRONE	CONTRAINDICATES	endometrial carcinoma
ESTRONE	CONTRAINDICATES	migraine disorder
ESTRONE	CONTRAINDICATES	hypothyroidism
ESTRONE	CONTRAINDICATES	benign mammary dysplasia
ESTRONE	CONTRAINDICATES	systemic lupus erythematosus
ESTRONE	CONTRAINDICATES	inherited porphyria
CHOLIC ACID	CONTRAINDICATES	diarrheal disease
CHOLIC ACID	CONTRAINDICATES	appendicitis
CHOLIC ACID	CONTRAINDICATES	sclerosing cholangitis
NITAZOXANIDE	CONTRAINDICATES	diabetes mellitus
EPHEDRINE	CONTRAINDICATES	hepatic coma
EPHEDRINE	CONTRAINDICATES	metabolic acidosis
EPHEDRINE	CONTRAINDICATES	hepatic encephalopathy
EPHEDRINE	CONTRAINDICATES	angle-closure glaucoma
EPHEDRINE	CONTRAINDICATES	depressive disorder
EPHEDRINE	CONTRAINDICATES	toxic megacolon
EPHEDRINE	CONTRAINDICATES	urethral stricture
EPHEDRINE	CONTRAINDICATES	gastric ulcer
EPHEDRINE	CONTRAINDICATES	anemia
EPHEDRINE	CONTRAINDICATES	gastritis
EPHEDRINE	CONTRAINDICATES	diabetes mellitus
EPHEDRINE	CONTRAINDICATES	epilepsy
EPHEDRINE	CONTRAINDICATES	glaucoma
EPHEDRINE	CONTRAINDICATES	myocardial infarction
EPHEDRINE	CONTRAINDICATES	ulcerative colitis
EPHEDRINE	CONTRAINDICATES	morbid obesity
EPHEDRINE	CONTRAINDICATES	substance abuse
EPHEDRINE	CONTRAINDICATES	kidney disorder
EPHEDRINE	CONTRAINDICATES	inflammatory bowel disease
EPHEDRINE	CONTRAINDICATES	heart disorder
EPHEDRINE	CONTRAINDICATES	sleep apnea syndrome
EPHEDRINE	CONTRAINDICATES	open-angle glaucoma
EPHEDRINE	CONTRAINDICATES	urinary tract obstruction
EPHEDRINE	CONTRAINDICATES	goiter
EPHEDRINE	CONTRAINDICATES	hypothyroidism
EPHEDRINE	CONTRAINDICATES	acute pancreatitis
EPHEDRINE	CONTRAINDICATES	psychotic disorder
EPHEDRINE	CONTRAINDICATES	hyperthyroidism
EPHEDRINE	CONTRAINDICATES	paralytic ileus
EPHEDRINE	CONTRAINDICATES	cor pulmonale
EPHEDRINE	CONTRAINDICATES	pulmonary emphysema
EPHEDRINE	CONTRAINDICATES	ocular hypertension
EPHEDRINE	CONTRAINDICATES	pulmonary edema
EPHEDRINE	CONTRAINDICATES	myasthenia gravis
EPHEDRINE	CONTRAINDICATES	gastroesophageal reflux disease
EPHEDRINE	CONTRAINDICATES	cystic fibrosis
EPHEDRINE	CONTRAINDICATES	thyrotoxicosis
EPHEDRINE	CONTRAINDICATES	dermatitis herpetiformis
EPHEDRINE	CONTRAINDICATES	inherited porphyria
VASOPRESSIN	CONTRAINDICATES	asthma
VASOPRESSIN	CONTRAINDICATES	epilepsy
VASOPRESSIN	CONTRAINDICATES	migraine disorder
VASOPRESSIN	CONTRAINDICATES	uremia
DESMOPRESSIN	CONTRAINDICATES	cystic fibrosis
DESMOPRESSIN	CONTRAINDICATES	allergic rhinitis
PIPERAZINE	CONTRAINDICATES	epilepsy
PIPERAZINE	CONTRAINDICATES	kidney disorder
PRALIDOXIME	CONTRAINDICATES	angle-closure glaucoma
PRALIDOXIME	CONTRAINDICATES	kidney disorder
PRALIDOXIME	CONTRAINDICATES	heart disorder
SIBUTRAMINE	CONTRAINDICATES	angle-closure glaucoma
SIBUTRAMINE	CONTRAINDICATES	diabetes mellitus
SIBUTRAMINE	CONTRAINDICATES	myocardial infarction
SIBUTRAMINE	CONTRAINDICATES	kidney disorder
SIBUTRAMINE	CONTRAINDICATES	anorexia nervosa
SIBUTRAMINE	CONTRAINDICATES	bulimia nervosa
SIBUTRAMINE	CONTRAINDICATES	neuroleptic malignant syndrome
BOCEPREVIR	CONTRAINDICATES	anemia
SAXAGLIPTIN ANHYDROUS	CONTRAINDICATES	adrenocortical insufficiency
SAXAGLIPTIN ANHYDROUS	CONTRAINDICATES	metabolic acidosis
SAXAGLIPTIN ANHYDROUS	CONTRAINDICATES	myocardial infarction
SAXAGLIPTIN ANHYDROUS	CONTRAINDICATES	hypopituitarism
SAXAGLIPTIN ANHYDROUS	CONTRAINDICATES	kidney disorder
SAXAGLIPTIN ANHYDROUS	CONTRAINDICATES	end stage renal failure
SAXAGLIPTIN ANHYDROUS	CONTRAINDICATES	acquired lactic acidosis
DASATINIB ANHYDROUS	CONTRAINDICATES	anemia
DASATINIB ANHYDROUS	CONTRAINDICATES	myocardial infarction
DASATINIB ANHYDROUS	CONTRAINDICATES	pericardial effusion
MERCAPTOPURINE ANHYDROUS	CONTRAINDICATES	anemia
MERCAPTOPURINE ANHYDROUS	CONTRAINDICATES	kidney disorder
MERCAPTOPURINE ANHYDROUS	CONTRAINDICATES	acute pancreatitis
MERCAPTOPURINE ANHYDROUS	CONTRAINDICATES	leukopenia
MERCAPTOPURINE ANHYDROUS	CONTRAINDICATES	hepatosplenic T-cell lymphoma
DIAZOXIDE	CONTRAINDICATES	hyperglycemia
DIAZOXIDE	CONTRAINDICATES	diabetes mellitus
DIAZOXIDE	CONTRAINDICATES	potassium deficiency disease
DIAZOXIDE	CONTRAINDICATES	kidney disorder
DIAZOXIDE	CONTRAINDICATES	gout
DIAZOXIDE	CONTRAINDICATES	uremia
DIAZOXIDE	CONTRAINDICATES	cerebrovascular disorder
PIMOZIDE	CONTRAINDICATES	agranulocytosis
PIMOZIDE	CONTRAINDICATES	glaucoma
PIMOZIDE	CONTRAINDICATES	potassium deficiency disease
PIMOZIDE	CONTRAINDICATES	kidney disorder
PIMOZIDE	CONTRAINDICATES	leukopenia
PIMOZIDE	CONTRAINDICATES	parkinsonian disorder
PIMOZIDE	CONTRAINDICATES	acquired hyperprolactinemia
PIMOZIDE	CONTRAINDICATES	neuroleptic malignant syndrome
DEXAMETHASONE	CONTRAINDICATES	hyperglycemia
DEXAMETHASONE	CONTRAINDICATES	gastritis
DEXAMETHASONE	CONTRAINDICATES	diabetes mellitus
DEXAMETHASONE	CONTRAINDICATES	potassium deficiency disease
DEXAMETHASONE	CONTRAINDICATES	hypopituitarism
DEXAMETHASONE	CONTRAINDICATES	peripheral vascular disease
DEXAMETHASONE	CONTRAINDICATES	osteoporosis
DEXAMETHASONE	CONTRAINDICATES	open-angle glaucoma
DEXAMETHASONE	CONTRAINDICATES	hypothyroidism
DEXAMETHASONE	CONTRAINDICATES	psychotic disorder
DEXAMETHASONE	CONTRAINDICATES	measles
DEXAMETHASONE	CONTRAINDICATES	cerebral malaria
DEXAMETHASONE	CONTRAINDICATES	ocular hypertension
DEXAMETHASONE	CONTRAINDICATES	retinal detachment
DEXAMETHASONE	CONTRAINDICATES	citrullinemia
DEXAMETHASONE	CONTRAINDICATES	endophthalmitis
GANCICLOVIR	CONTRAINDICATES	sick sinus syndrome
GANCICLOVIR	CONTRAINDICATES	anemia
GANCICLOVIR	CONTRAINDICATES	asthma
GANCICLOVIR	CONTRAINDICATES	pulmonary emphysema
GANCICLOVIR	CONTRAINDICATES	mitral valve stenosis
GANCICLOVIR	CONTRAINDICATES	pericarditis
GANCICLOVIR	CONTRAINDICATES	retinal detachment
GANCICLOVIR	CONTRAINDICATES	uveitis
GANCICLOVIR	CONTRAINDICATES	aplastic anemia
GANCICLOVIR	CONTRAINDICATES	aortic valve stenosis
GANCICLOVIR	CONTRAINDICATES	endophthalmitis
ACYCLOVIR	CONTRAINDICATES	adrenocortical insufficiency
ACYCLOVIR	CONTRAINDICATES	hyperglycemia
ACYCLOVIR	CONTRAINDICATES	diabetes mellitus
ACYCLOVIR	CONTRAINDICATES	myocardial infarction
ACYCLOVIR	CONTRAINDICATES	peripheral vascular disease
ACYCLOVIR	CONTRAINDICATES	urinary tract obstruction
ACYCLOVIR	CONTRAINDICATES	thrombotic thrombocytopenic purpura
TELBIVUDINE	CONTRAINDICATES	kidney disorder
TELBIVUDINE	CONTRAINDICATES	myositis disease
TELBIVUDINE	CONTRAINDICATES	acquired lactic acidosis
DORZOLAMIDE	CONTRAINDICATES	diabetes mellitus
DORZOLAMIDE	CONTRAINDICATES	hyperthyroidism
DORZOLAMIDE	CONTRAINDICATES	pulmonary emphysema
DORZOLAMIDE	CONTRAINDICATES	myasthenia gravis
TOPIRAMATE	CONTRAINDICATES	metabolic acidosis
TOPIRAMATE	CONTRAINDICATES	diarrheal disease
TOPIRAMATE	CONTRAINDICATES	kidney disorder
TOPIRAMATE	CONTRAINDICATES	ocular hypertension
FLUOROURACIL	CONTRAINDICATES	diarrheal disease
FLUOROURACIL	CONTRAINDICATES	pharyngitis
FLUOROURACIL	CONTRAINDICATES	kidney disorder
FLUOROURACIL	CONTRAINDICATES	stomatitis
FLUOROURACIL	CONTRAINDICATES	leukopenia
PENICILLAMINE	CONTRAINDICATES	agranulocytosis
PENICILLAMINE	CONTRAINDICATES	iron deficiency anemia
PENICILLAMINE	CONTRAINDICATES	glomerulonephritis
PENICILLAMINE	CONTRAINDICATES	bronchiolitis
PENICILLAMINE	CONTRAINDICATES	kidney disorder
PENICILLAMINE	CONTRAINDICATES	pemphigus
PENICILLAMINE	CONTRAINDICATES	proteinuria
PENICILLAMINE	CONTRAINDICATES	leukopenia
PENICILLAMINE	CONTRAINDICATES	myasthenia gravis
PENICILLAMINE	CONTRAINDICATES	aplastic anemia
METHSCOPOLAMINE	CONTRAINDICATES	angle-closure glaucoma
METHSCOPOLAMINE	CONTRAINDICATES	depressive disorder
METHSCOPOLAMINE	CONTRAINDICATES	toxic megacolon
METHSCOPOLAMINE	CONTRAINDICATES	gastric ulcer
METHSCOPOLAMINE	CONTRAINDICATES	diabetes mellitus
METHSCOPOLAMINE	CONTRAINDICATES	glaucoma
METHSCOPOLAMINE	CONTRAINDICATES	myocardial infarction
METHSCOPOLAMINE	CONTRAINDICATES	ulcerative colitis
METHSCOPOLAMINE	CONTRAINDICATES	substance abuse
METHSCOPOLAMINE	CONTRAINDICATES	kidney disorder
METHSCOPOLAMINE	CONTRAINDICATES	sleep apnea syndrome
METHSCOPOLAMINE	CONTRAINDICATES	urinary tract obstruction
METHSCOPOLAMINE	CONTRAINDICATES	acute pancreatitis
METHSCOPOLAMINE	CONTRAINDICATES	psychotic disorder
METHSCOPOLAMINE	CONTRAINDICATES	hyperthyroidism
METHSCOPOLAMINE	CONTRAINDICATES	paralytic ileus
METHSCOPOLAMINE	CONTRAINDICATES	ocular hypertension
METHSCOPOLAMINE	CONTRAINDICATES	myasthenia gravis
METHSCOPOLAMINE	CONTRAINDICATES	inherited porphyria
METFORMIN	CONTRAINDICATES	adrenocortical insufficiency
METFORMIN	CONTRAINDICATES	metabolic acidosis
METFORMIN	CONTRAINDICATES	drug-induced hepatitis
METFORMIN	CONTRAINDICATES	macular retinal edema
METFORMIN	CONTRAINDICATES	myocardial infarction
METFORMIN	CONTRAINDICATES	hypopituitarism
METFORMIN	CONTRAINDICATES	kidney disorder
METFORMIN	CONTRAINDICATES	osteoporosis
METFORMIN	CONTRAINDICATES	end stage renal failure
METFORMIN	CONTRAINDICATES	acute pancreatitis
METFORMIN	CONTRAINDICATES	hemolytic anemia
METFORMIN	CONTRAINDICATES	pulmonary edema
METFORMIN	CONTRAINDICATES	acquired lactic acidosis
SITAGLIPTIN	CONTRAINDICATES	adrenocortical insufficiency
SITAGLIPTIN	CONTRAINDICATES	metabolic acidosis
SITAGLIPTIN	CONTRAINDICATES	hypopituitarism
SITAGLIPTIN	CONTRAINDICATES	kidney disorder
SITAGLIPTIN	CONTRAINDICATES	acute pancreatitis
SITAGLIPTIN	CONTRAINDICATES	acquired lactic acidosis
TESTOSTERONE	CONTRAINDICATES	hypercalcemia disease
TESTOSTERONE	CONTRAINDICATES	dementia
TESTOSTERONE	CONTRAINDICATES	thrombophlebitis
TESTOSTERONE	CONTRAINDICATES	thrombophilia
TESTOSTERONE	CONTRAINDICATES	asthma
TESTOSTERONE	CONTRAINDICATES	epilepsy
TESTOSTERONE	CONTRAINDICATES	myocardial infarction
TESTOSTERONE	CONTRAINDICATES	endometriosis
TESTOSTERONE	CONTRAINDICATES	endometrial carcinoma
TESTOSTERONE	CONTRAINDICATES	migraine disorder
TESTOSTERONE	CONTRAINDICATES	hypothyroidism
TESTOSTERONE	CONTRAINDICATES	systemic lupus erythematosus
CEFEPIME	CONTRAINDICATES	colitis
FUSIDIC ACID	CONTRAINDICATES	atrial fibrillation
FUSIDIC ACID	CONTRAINDICATES	diabetes mellitus
FUSIDIC ACID	CONTRAINDICATES	glaucoma
FUSIDIC ACID	CONTRAINDICATES	potassium deficiency disease
FUSIDIC ACID	CONTRAINDICATES	kidney disorder
FUSIDIC ACID	CONTRAINDICATES	colitis
FUSIDIC ACID	CONTRAINDICATES	open-angle glaucoma
FUSIDIC ACID	CONTRAINDICATES	ocular hypertension
FUSIDIC ACID	CONTRAINDICATES	myasthenia gravis
FUSIDIC ACID	CONTRAINDICATES	infant botulism
FUSIDIC ACID	CONTRAINDICATES	parkinsonian disorder
TIPRANAVIR	CONTRAINDICATES	hyperglycemia
TIPRANAVIR	CONTRAINDICATES	diabetes mellitus
MINOCYCLINE	CONTRAINDICATES	kidney disorder
CEFUROXIME	CONTRAINDICATES	kidney disorder
NOREPINEPHRINE	CONTRAINDICATES	thrombotic disease
LETROZOLE	CONTRAINDICATES	cerebrovascular disorder
FLUOXYMESTERONE	CONTRAINDICATES	hypercalcemia disease
FLUOXYMESTERONE	CONTRAINDICATES	dementia
FLUOXYMESTERONE	CONTRAINDICATES	thrombophlebitis
FLUOXYMESTERONE	CONTRAINDICATES	thrombophilia
FLUOXYMESTERONE	CONTRAINDICATES	asthma
FLUOXYMESTERONE	CONTRAINDICATES	diabetes mellitus
FLUOXYMESTERONE	CONTRAINDICATES	epilepsy
FLUOXYMESTERONE	CONTRAINDICATES	myocardial infarction
FLUOXYMESTERONE	CONTRAINDICATES	endometriosis
FLUOXYMESTERONE	CONTRAINDICATES	endometrial carcinoma
FLUOXYMESTERONE	CONTRAINDICATES	kidney disorder
FLUOXYMESTERONE	CONTRAINDICATES	migraine disorder
FLUOXYMESTERONE	CONTRAINDICATES	hypothyroidism
FLUOXYMESTERONE	CONTRAINDICATES	systemic lupus erythematosus
FLUOXYMESTERONE	CONTRAINDICATES	obesity disorder
EFAVIRENZ	CONTRAINDICATES	hypophosphatemia
EFAVIRENZ	CONTRAINDICATES	depressive disorder
EFAVIRENZ	CONTRAINDICATES	osteomalacia
EFAVIRENZ	CONTRAINDICATES	Fanconi renotubular syndrome
EFAVIRENZ	CONTRAINDICATES	potassium deficiency disease
EFAVIRENZ	CONTRAINDICATES	kidney disorder
EFAVIRENZ	CONTRAINDICATES	obesity disorder
EFAVIRENZ	CONTRAINDICATES	acquired lactic acidosis
TIGECYCLINE	CONTRAINDICATES	pancreatitis
TETRACYCLINE	CONTRAINDICATES	atrial fibrillation
TETRACYCLINE	CONTRAINDICATES	diabetes mellitus
TETRACYCLINE	CONTRAINDICATES	potassium deficiency disease
TETRACYCLINE	CONTRAINDICATES	glomerulonephritis
TETRACYCLINE	CONTRAINDICATES	kidney disorder
TETRACYCLINE	CONTRAINDICATES	gout
TETRACYCLINE	CONTRAINDICATES	uremia
ETHIONAMIDE	CONTRAINDICATES	diabetes mellitus
ETHIONAMIDE	CONTRAINDICATES	hypothyroidism
PEMETREXED	CONTRAINDICATES	anemia
PEMETREXED	CONTRAINDICATES	kidney disorder
NAFCILLIN	CONTRAINDICATES	kidney disorder
NAFCILLIN	CONTRAINDICATES	infectious mononucleosis
RUTIN	CONTRAINDICATES	primary hyperoxaluria
RUTIN	CONTRAINDICATES	hereditary hemochromatosis
LINCOMYCIN	CONTRAINDICATES	colitis
TICARCILLIN	CONTRAINDICATES	kidney disorder
TICARCILLIN	CONTRAINDICATES	infectious mononucleosis
ATOVAQUONE	CONTRAINDICATES	hyperglycemia
ALTRETAMINE	CONTRAINDICATES	anemia
ALTRETAMINE	CONTRAINDICATES	leukopenia
MILRINONE	CONTRAINDICATES	myocardial infarction
MILRINONE	CONTRAINDICATES	kidney disorder
MYCOPHENOLATE MOFETIL	CONTRAINDICATES	herpes simplex infectious disease
MYCOPHENOLATE MOFETIL	CONTRAINDICATES	herpes zoster
MYCOPHENOLATE MOFETIL	CONTRAINDICATES	progressive multifocal leukoencephalopathy
TRIAMCINOLONE	CONTRAINDICATES	hyperglycemia
TRIAMCINOLONE	CONTRAINDICATES	gastritis
TRIAMCINOLONE	CONTRAINDICATES	diabetes mellitus
TRIAMCINOLONE	CONTRAINDICATES	glaucoma
TRIAMCINOLONE	CONTRAINDICATES	potassium deficiency disease
TRIAMCINOLONE	CONTRAINDICATES	hypopituitarism
TRIAMCINOLONE	CONTRAINDICATES	osteoporosis
TRIAMCINOLONE	CONTRAINDICATES	open-angle glaucoma
TRIAMCINOLONE	CONTRAINDICATES	hypothyroidism
TRIAMCINOLONE	CONTRAINDICATES	psychotic disorder
TRIAMCINOLONE	CONTRAINDICATES	herpes simplex infectious disease
TRIAMCINOLONE	CONTRAINDICATES	measles
TRIAMCINOLONE	CONTRAINDICATES	cerebral malaria
TRIAMCINOLONE	CONTRAINDICATES	ocular hypertension
TRIAMCINOLONE	CONTRAINDICATES	citrullinemia
TRIAMCINOLONE	CONTRAINDICATES	tuberculosis
THEOPHYLLINE ANHYDROUS	CONTRAINDICATES	hepatic coma
THEOPHYLLINE ANHYDROUS	CONTRAINDICATES	hepatic encephalopathy
THEOPHYLLINE ANHYDROUS	CONTRAINDICATES	angle-closure glaucoma
THEOPHYLLINE ANHYDROUS	CONTRAINDICATES	anemia
THEOPHYLLINE ANHYDROUS	CONTRAINDICATES	diabetes mellitus
THEOPHYLLINE ANHYDROUS	CONTRAINDICATES	myocardial infarction
THEOPHYLLINE ANHYDROUS	CONTRAINDICATES	substance abuse
THEOPHYLLINE ANHYDROUS	CONTRAINDICATES	sleep apnea syndrome
THEOPHYLLINE ANHYDROUS	CONTRAINDICATES	open-angle glaucoma
THEOPHYLLINE ANHYDROUS	CONTRAINDICATES	goiter
THEOPHYLLINE ANHYDROUS	CONTRAINDICATES	hypothyroidism
THEOPHYLLINE ANHYDROUS	CONTRAINDICATES	psychotic disorder
THEOPHYLLINE ANHYDROUS	CONTRAINDICATES	hyperthyroidism
THEOPHYLLINE ANHYDROUS	CONTRAINDICATES	cor pulmonale
THEOPHYLLINE ANHYDROUS	CONTRAINDICATES	pulmonary edema
THEOPHYLLINE ANHYDROUS	CONTRAINDICATES	cystic fibrosis
THEOPHYLLINE ANHYDROUS	CONTRAINDICATES	dermatitis herpetiformis
THEOPHYLLINE ANHYDROUS	CONTRAINDICATES	inherited porphyria
DIDANOSINE	CONTRAINDICATES	adrenocortical insufficiency
DIDANOSINE	CONTRAINDICATES	hypophosphatemia
DIDANOSINE	CONTRAINDICATES	hypercalcemia disease
DIDANOSINE	CONTRAINDICATES	diarrheal disease
DIDANOSINE	CONTRAINDICATES	hyperparathyroidism
DIDANOSINE	CONTRAINDICATES	pancreatitis
DIDANOSINE	CONTRAINDICATES	diabetes mellitus
DIDANOSINE	CONTRAINDICATES	portal hypertension
DIDANOSINE	CONTRAINDICATES	anuria
DIDANOSINE	CONTRAINDICATES	kidney disorder
DIDANOSINE	CONTRAINDICATES	optic neuritis
DIDANOSINE	CONTRAINDICATES	pulmonary edema
DIDANOSINE	CONTRAINDICATES	obesity disorder
DIDANOSINE	CONTRAINDICATES	sarcoidosis
DIDANOSINE	CONTRAINDICATES	acquired lactic acidosis
FLUCYTOSINE	CONTRAINDICATES	potassium deficiency disease
FLUCYTOSINE	CONTRAINDICATES	kidney disorder
FLUCYTOSINE	CONTRAINDICATES	leukopenia
EXENATIDE	CONTRAINDICATES	pancreatitis
EXENATIDE	CONTRAINDICATES	gastroparesis
TELAPREVIR	CONTRAINDICATES	anemia
ESKETAMINE	CONTRAINDICATES	arteriovenous hemangioma/malformation
MEPAZINE	CONTRAINDICATES	hyperglycemia
MEPAZINE	CONTRAINDICATES	anemia
MEPAZINE	CONTRAINDICATES	epilepsy
MEPAZINE	CONTRAINDICATES	glaucoma
MEPAZINE	CONTRAINDICATES	myocardial infarction
MEPAZINE	CONTRAINDICATES	leukopenia
MEPAZINE	CONTRAINDICATES	obesity disorder
MEPAZINE	CONTRAINDICATES	parkinsonian disorder
MEPAZINE	CONTRAINDICATES	acquired hyperprolactinemia
MEPAZINE	CONTRAINDICATES	neuroleptic malignant syndrome
HYDROCODONE	CONTRAINDICATES	metabolic acidosis
HYDROCODONE	CONTRAINDICATES	angle-closure glaucoma
HYDROCODONE	CONTRAINDICATES	toxic megacolon
HYDROCODONE	CONTRAINDICATES	urethral stricture
HYDROCODONE	CONTRAINDICATES	gastric ulcer
HYDROCODONE	CONTRAINDICATES	anemia
HYDROCODONE	CONTRAINDICATES	diabetes mellitus
HYDROCODONE	CONTRAINDICATES	myocardial infarction
HYDROCODONE	CONTRAINDICATES	ulcerative colitis
HYDROCODONE	CONTRAINDICATES	morbid obesity
HYDROCODONE	CONTRAINDICATES	substance abuse
HYDROCODONE	CONTRAINDICATES	kidney disorder
HYDROCODONE	CONTRAINDICATES	inflammatory bowel disease
HYDROCODONE	CONTRAINDICATES	urinary tract obstruction
HYDROCODONE	CONTRAINDICATES	gout
HYDROCODONE	CONTRAINDICATES	hypothyroidism
HYDROCODONE	CONTRAINDICATES	acute pancreatitis
HYDROCODONE	CONTRAINDICATES	hyperthyroidism
HYDROCODONE	CONTRAINDICATES	paralytic ileus
HYDROCODONE	CONTRAINDICATES	cor pulmonale
HYDROCODONE	CONTRAINDICATES	pulmonary emphysema
HYDROCODONE	CONTRAINDICATES	ocular hypertension
HYDROCODONE	CONTRAINDICATES	myasthenia gravis
HYDROCODONE	CONTRAINDICATES	thrombotic thrombocytopenic purpura
HYDROCODONE	CONTRAINDICATES	hemophilia
WARFARIN	CONTRAINDICATES	tropical sprue
WARFARIN	CONTRAINDICATES	anemia
WARFARIN	CONTRAINDICATES	pericardial effusion
WARFARIN	CONTRAINDICATES	brain aneurysm
WARFARIN	CONTRAINDICATES	nephrotic syndrome
WARFARIN	CONTRAINDICATES	hypothyroidism
WARFARIN	CONTRAINDICATES	psychotic disorder
WARFARIN	CONTRAINDICATES	cholesterol embolism
WARFARIN	CONTRAINDICATES	hyperthyroidism
WARFARIN	CONTRAINDICATES	pericarditis
WARFARIN	CONTRAINDICATES	acquired polycythemia vera
WARFARIN	CONTRAINDICATES	cerebrovascular disorder
WARFARIN	CONTRAINDICATES	vasculitis
DICUMAROL	CONTRAINDICATES	tropical sprue
DICUMAROL	CONTRAINDICATES	anemia
DICUMAROL	CONTRAINDICATES	pericardial effusion
DICUMAROL	CONTRAINDICATES	brain aneurysm
DICUMAROL	CONTRAINDICATES	nephrotic syndrome
DICUMAROL	CONTRAINDICATES	hypothyroidism
DICUMAROL	CONTRAINDICATES	psychotic disorder
DICUMAROL	CONTRAINDICATES	cholesterol embolism
DICUMAROL	CONTRAINDICATES	hyperthyroidism
DICUMAROL	CONTRAINDICATES	pericarditis
DICUMAROL	CONTRAINDICATES	acquired polycythemia vera
DICUMAROL	CONTRAINDICATES	cerebrovascular disorder
DICUMAROL	CONTRAINDICATES	vasculitis
PHENYLBUTANOIC ACID	CONTRAINDICATES	kidney disorder
LINAGLIPTIN	CONTRAINDICATES	pancreatitis
CERIVASTATIN	CONTRAINDICATES	kidney disorder
FLUTICASONE PROPIONATE	CONTRAINDICATES	adrenocortical insufficiency
FLUTICASONE PROPIONATE	CONTRAINDICATES	hyperglycemia
FLUTICASONE PROPIONATE	CONTRAINDICATES	glaucoma
FLUTICASONE PROPIONATE	CONTRAINDICATES	bacterial infectious disease
FLUTICASONE PROPIONATE	CONTRAINDICATES	potassium deficiency disease
FLUTICASONE PROPIONATE	CONTRAINDICATES	hypopituitarism
FLUTICASONE PROPIONATE	CONTRAINDICATES	peripheral vascular disease
FLUTICASONE PROPIONATE	CONTRAINDICATES	osteoporosis
FLUTICASONE PROPIONATE	CONTRAINDICATES	measles
FLUTICASONE PROPIONATE	CONTRAINDICATES	ocular hypertension
FLUTICASONE PROPIONATE	CONTRAINDICATES	thyrotoxicosis
FLUTICASONE PROPIONATE	CONTRAINDICATES	pulmonary tuberculosis
CHENODIOL	CONTRAINDICATES	diarrheal disease
CHENODIOL	CONTRAINDICATES	sclerosing cholangitis
DANAZOL	CONTRAINDICATES	epilepsy
DANAZOL	CONTRAINDICATES	kidney disorder
DANAZOL	CONTRAINDICATES	migraine disorder
DANAZOL	CONTRAINDICATES	inherited porphyria
FELODIPINE	CONTRAINDICATES	hypertrophic cardiomyopathy
FELODIPINE	CONTRAINDICATES	myocardial infarction
FELODIPINE	CONTRAINDICATES	kidney disorder
FELODIPINE	CONTRAINDICATES	angioedema
FELODIPINE	CONTRAINDICATES	aortic valve stenosis
GLIMEPIRIDE	CONTRAINDICATES	drug-induced hepatitis
GLIMEPIRIDE	CONTRAINDICATES	macular retinal edema
GLIMEPIRIDE	CONTRAINDICATES	myocardial infarction
GLIMEPIRIDE	CONTRAINDICATES	hypopituitarism
GLIMEPIRIDE	CONTRAINDICATES	kidney disorder
GLIMEPIRIDE	CONTRAINDICATES	osteoporosis
GLIMEPIRIDE	CONTRAINDICATES	hemolytic anemia
GLIMEPIRIDE	CONTRAINDICATES	pulmonary edema
ALBENDAZOLE	CONTRAINDICATES	pancytopenia
ALBENDAZOLE	CONTRAINDICATES	anemia
ALBENDAZOLE	CONTRAINDICATES	aplastic anemia
LOSARTAN	CONTRAINDICATES	hepatic coma
LOSARTAN	CONTRAINDICATES	hypercalcemia disease
LOSARTAN	CONTRAINDICATES	hyperparathyroidism
LOSARTAN	CONTRAINDICATES	diabetes mellitus
LOSARTAN	CONTRAINDICATES	potassium deficiency disease
LOSARTAN	CONTRAINDICATES	anuria
LOSARTAN	CONTRAINDICATES	gout
LOSARTAN	CONTRAINDICATES	acute pancreatitis
LOSARTAN	CONTRAINDICATES	systemic lupus erythematosus
BETHANECHOL	CONTRAINDICATES	atrioventricular block
BETHANECHOL	CONTRAINDICATES	asthma
BETHANECHOL	CONTRAINDICATES	epilepsy
BETHANECHOL	CONTRAINDICATES	irritable bowel syndrome
BETHANECHOL	CONTRAINDICATES	Parkinson disease
BETHANECHOL	CONTRAINDICATES	inflammatory bowel disease
BETHANECHOL	CONTRAINDICATES	urinary tract obstruction
BETHANECHOL	CONTRAINDICATES	hyperthyroidism
BETHANECHOL	CONTRAINDICATES	infectious peritonitis
BETHANECHOL	CONTRAINDICATES	parkinsonian disorder
NICARDIPINE	CONTRAINDICATES	cerebral infarction
NICARDIPINE	CONTRAINDICATES	portal hypertension
ARGININE	CONTRAINDICATES	hypercalcemia disease
ARGININE	CONTRAINDICATES	metabolic acidosis
ARGININE	CONTRAINDICATES	hyperparathyroidism
ARGININE	CONTRAINDICATES	renal tubular acidosis
ARGININE	CONTRAINDICATES	heart disorder
ARGININE	CONTRAINDICATES	end stage renal failure
ARGININE	CONTRAINDICATES	sarcoidosis
ATORVASTATIN	CONTRAINDICATES	hypothyroidism
AZACITIDINE	CONTRAINDICATES	kidney disorder
TRIHEXYPHENIDYL	CONTRAINDICATES	dysentery
TRIHEXYPHENIDYL	CONTRAINDICATES	angle-closure glaucoma
TRIHEXYPHENIDYL	CONTRAINDICATES	toxic megacolon
TRIHEXYPHENIDYL	CONTRAINDICATES	gastric ulcer
TRIHEXYPHENIDYL	CONTRAINDICATES	ulcerative colitis
TRIHEXYPHENIDYL	CONTRAINDICATES	kidney disorder
TRIHEXYPHENIDYL	CONTRAINDICATES	open-angle glaucoma
TRIHEXYPHENIDYL	CONTRAINDICATES	urinary tract obstruction
TRIHEXYPHENIDYL	CONTRAINDICATES	paralytic ileus
TRIHEXYPHENIDYL	CONTRAINDICATES	myasthenia gravis
TRIHEXYPHENIDYL	CONTRAINDICATES	gastroesophageal reflux disease
TRIHEXYPHENIDYL	CONTRAINDICATES	thyrotoxicosis
TRIHEXYPHENIDYL	CONTRAINDICATES	shigellosis
AMLODIPINE	CONTRAINDICATES	hepatic coma
AMLODIPINE	CONTRAINDICATES	hypercalcemia disease
AMLODIPINE	CONTRAINDICATES	hyperparathyroidism
AMLODIPINE	CONTRAINDICATES	potassium deficiency disease
AMLODIPINE	CONTRAINDICATES	anuria
AMLODIPINE	CONTRAINDICATES	gout
AMLODIPINE	CONTRAINDICATES	hypothyroidism
AMLODIPINE	CONTRAINDICATES	acute pancreatitis
AMLODIPINE	CONTRAINDICATES	systemic lupus erythematosus
AMLODIPINE	CONTRAINDICATES	angioedema
DIPHENYLPYRALINE	CONTRAINDICATES	angle-closure glaucoma
DIPHENYLPYRALINE	CONTRAINDICATES	hyperthyroidism
DIPHENYLPYRALINE	CONTRAINDICATES	ocular hypertension
FLAVOXATE	CONTRAINDICATES	angle-closure glaucoma
FLAVOXATE	CONTRAINDICATES	urinary tract obstruction
FLAVOXATE	CONTRAINDICATES	paralytic ileus
OXYPHENCYCLIMINE	CONTRAINDICATES	hepatic coma
OXYPHENCYCLIMINE	CONTRAINDICATES	hepatic encephalopathy
OXYPHENCYCLIMINE	CONTRAINDICATES	depressive disorder
OXYPHENCYCLIMINE	CONTRAINDICATES	anemia
OXYPHENCYCLIMINE	CONTRAINDICATES	substance abuse
OXYPHENCYCLIMINE	CONTRAINDICATES	sleep apnea syndrome
OXYPHENCYCLIMINE	CONTRAINDICATES	inherited porphyria
ROSUVASTATIN	CONTRAINDICATES	hypothyroidism
ROSUVASTATIN	CONTRAINDICATES	proteinuria
TRANDOLAPRIL	CONTRAINDICATES	sick sinus syndrome
TRANDOLAPRIL	CONTRAINDICATES	hypertrophic cardiomyopathy
TRANDOLAPRIL	CONTRAINDICATES	kidney disorder
TRANDOLAPRIL	CONTRAINDICATES	Duchenne muscular dystrophy
TRANDOLAPRIL	CONTRAINDICATES	myasthenia gravis
TRANDOLAPRIL	CONTRAINDICATES	Lown-Ganong-Levine syndrome
TRANDOLAPRIL	CONTRAINDICATES	angioedema
TRANDOLAPRIL	CONTRAINDICATES	aortic valve stenosis
VARDENAFIL	CONTRAINDICATES	myocardial infarction
VARDENAFIL	CONTRAINDICATES	anterior ischemic optic neuropathy
VARDENAFIL	CONTRAINDICATES	priapism
VARDENAFIL	CONTRAINDICATES	plasma cell myeloma
VARDENAFIL	CONTRAINDICATES	aortic valve stenosis
ZALEPLON	CONTRAINDICATES	sleep apnea syndrome
ESZOPICLONE	CONTRAINDICATES	depressive disorder
DEXFENFLURAMINE	CONTRAINDICATES	glaucoma
DEXFENFLURAMINE	CONTRAINDICATES	pulmonary hypertension
BETAMETHASONE VALERATE	CONTRAINDICATES	adrenocortical insufficiency
BETAMETHASONE VALERATE	CONTRAINDICATES	peripheral vascular disease
BUTETHAL	CONTRAINDICATES	hepatic coma
BUTETHAL	CONTRAINDICATES	hepatic encephalopathy
BUTETHAL	CONTRAINDICATES	depressive disorder
BUTETHAL	CONTRAINDICATES	anemia
BUTETHAL	CONTRAINDICATES	substance abuse
BUTETHAL	CONTRAINDICATES	kidney disorder
BUTETHAL	CONTRAINDICATES	sleep apnea syndrome
BUTETHAL	CONTRAINDICATES	inherited porphyria
FLUOCINONIDE	CONTRAINDICATES	hyperglycemia
FLUOCINONIDE	CONTRAINDICATES	diabetes mellitus
FLUOCINONIDE	CONTRAINDICATES	hypopituitarism
HYDROMORPHONE	CONTRAINDICATES	urethral stricture
HYDROMORPHONE	CONTRAINDICATES	ulcerative colitis
HYDROMORPHONE	CONTRAINDICATES	morbid obesity
HYDROMORPHONE	CONTRAINDICATES	substance abuse
HYDROMORPHONE	CONTRAINDICATES	kidney disorder
HYDROMORPHONE	CONTRAINDICATES	inflammatory bowel disease
HYDROMORPHONE	CONTRAINDICATES	hypothyroidism
HYDROMORPHONE	CONTRAINDICATES	cor pulmonale
HYDROMORPHONE	CONTRAINDICATES	pulmonary emphysema
NIFEDIPINE	CONTRAINDICATES	myocardial infarction
NIFEDIPINE	CONTRAINDICATES	kidney disorder
NIFEDIPINE	CONTRAINDICATES	inherited porphyria
PANTOPRAZOLE	CONTRAINDICATES	osteoporosis
PANTOPRAZOLE	CONTRAINDICATES	pernicious anemia
OMEPRAZOLE	CONTRAINDICATES	osteoporosis
OMEPRAZOLE	CONTRAINDICATES	chronic atrophic gastritis
TRIAMCINOLONE ACETONIDE	CONTRAINDICATES	hyperglycemia
TRIAMCINOLONE ACETONIDE	CONTRAINDICATES	gastritis
TRIAMCINOLONE ACETONIDE	CONTRAINDICATES	diabetes mellitus
TRIAMCINOLONE ACETONIDE	CONTRAINDICATES	bacterial infectious disease
TRIAMCINOLONE ACETONIDE	CONTRAINDICATES	potassium deficiency disease
TRIAMCINOLONE ACETONIDE	CONTRAINDICATES	hypopituitarism
TRIAMCINOLONE ACETONIDE	CONTRAINDICATES	osteoporosis
TRIAMCINOLONE ACETONIDE	CONTRAINDICATES	open-angle glaucoma
TRIAMCINOLONE ACETONIDE	CONTRAINDICATES	hypothyroidism
TRIAMCINOLONE ACETONIDE	CONTRAINDICATES	psychotic disorder
TRIAMCINOLONE ACETONIDE	CONTRAINDICATES	herpes simplex infectious disease
TRIAMCINOLONE ACETONIDE	CONTRAINDICATES	measles
TRIAMCINOLONE ACETONIDE	CONTRAINDICATES	cerebral malaria
TRIAMCINOLONE ACETONIDE	CONTRAINDICATES	ocular hypertension
TRIAMCINOLONE ACETONIDE	CONTRAINDICATES	citrullinemia
TRIAMCINOLONE ACETONIDE	CONTRAINDICATES	tuberculosis
SILDENAFIL	CONTRAINDICATES	myocardial infarction
SILDENAFIL	CONTRAINDICATES	anterior ischemic optic neuropathy
SILDENAFIL	CONTRAINDICATES	plasma cell myeloma
SILDENAFIL	CONTRAINDICATES	aortic valve stenosis
ALMOTRIPTAN	CONTRAINDICATES	diabetes mellitus
ALMOTRIPTAN	CONTRAINDICATES	myocardial infarction
ALMOTRIPTAN	CONTRAINDICATES	peripheral vascular disease
ALMOTRIPTAN	CONTRAINDICATES	Prinzmetal angina
ALMOTRIPTAN	CONTRAINDICATES	obesity disorder
ESCITALOPRAM	CONTRAINDICATES	epilepsy
ESCITALOPRAM	CONTRAINDICATES	heart disorder
ESCITALOPRAM	CONTRAINDICATES	neuroleptic malignant syndrome
DROSPIRENONE	CONTRAINDICATES	adrenocortical insufficiency
DROSPIRENONE	CONTRAINDICATES	dementia
DROSPIRENONE	CONTRAINDICATES	thrombophlebitis
DROSPIRENONE	CONTRAINDICATES	thrombophilia
DROSPIRENONE	CONTRAINDICATES	asthma
DROSPIRENONE	CONTRAINDICATES	diabetes mellitus
DROSPIRENONE	CONTRAINDICATES	epilepsy
DROSPIRENONE	CONTRAINDICATES	myocardial infarction
DROSPIRENONE	CONTRAINDICATES	endometriosis
DROSPIRENONE	CONTRAINDICATES	endometrial carcinoma
DROSPIRENONE	CONTRAINDICATES	kidney disorder
DROSPIRENONE	CONTRAINDICATES	migraine disorder
DROSPIRENONE	CONTRAINDICATES	hypothyroidism
DROSPIRENONE	CONTRAINDICATES	systemic lupus erythematosus
DROSPIRENONE	CONTRAINDICATES	inherited porphyria
ELETRIPTAN	CONTRAINDICATES	diabetes mellitus
ELETRIPTAN	CONTRAINDICATES	myocardial infarction
ELETRIPTAN	CONTRAINDICATES	peripheral vascular disease
ELETRIPTAN	CONTRAINDICATES	Prinzmetal angina
ELETRIPTAN	CONTRAINDICATES	obesity disorder
ESTRADIOL VALERATE	CONTRAINDICATES	gynecomastia disorder
ESTRADIOL VALERATE	CONTRAINDICATES	dementia
ESTRADIOL VALERATE	CONTRAINDICATES	depressive disorder
ESTRADIOL VALERATE	CONTRAINDICATES	thrombophlebitis
ESTRADIOL VALERATE	CONTRAINDICATES	thrombophilia
ESTRADIOL VALERATE	CONTRAINDICATES	asthma
ESTRADIOL VALERATE	CONTRAINDICATES	diabetes mellitus
ESTRADIOL VALERATE	CONTRAINDICATES	epilepsy
ESTRADIOL VALERATE	CONTRAINDICATES	myocardial infarction
ESTRADIOL VALERATE	CONTRAINDICATES	endometriosis
ESTRADIOL VALERATE	CONTRAINDICATES	endometrial carcinoma
ESTRADIOL VALERATE	CONTRAINDICATES	kidney disorder
ESTRADIOL VALERATE	CONTRAINDICATES	heart disorder
ESTRADIOL VALERATE	CONTRAINDICATES	migraine disorder
ESTRADIOL VALERATE	CONTRAINDICATES	sleep apnea syndrome
ESTRADIOL VALERATE	CONTRAINDICATES	hypothyroidism
ESTRADIOL VALERATE	CONTRAINDICATES	systemic lupus erythematosus
ESTRADIOL VALERATE	CONTRAINDICATES	obesity disorder
ESTRADIOL VALERATE	CONTRAINDICATES	inherited porphyria
FLUNISOLIDE	CONTRAINDICATES	adrenocortical insufficiency
FLUNISOLIDE	CONTRAINDICATES	glaucoma
FLUNISOLIDE	CONTRAINDICATES	bacterial infectious disease
FLUNISOLIDE	CONTRAINDICATES	measles
IRBESARTAN	CONTRAINDICATES	hepatic coma
IRBESARTAN	CONTRAINDICATES	hypercalcemia disease
IRBESARTAN	CONTRAINDICATES	hyperparathyroidism
IRBESARTAN	CONTRAINDICATES	diabetes mellitus
IRBESARTAN	CONTRAINDICATES	potassium deficiency disease
IRBESARTAN	CONTRAINDICATES	anuria
IRBESARTAN	CONTRAINDICATES	gout
IRBESARTAN	CONTRAINDICATES	acute pancreatitis
IRBESARTAN	CONTRAINDICATES	systemic lupus erythematosus
IRBESARTAN	CONTRAINDICATES	angioedema
METHACYCLINE	CONTRAINDICATES	kidney disorder
METHIMAZOLE	CONTRAINDICATES	pancytopenia
METHIMAZOLE	CONTRAINDICATES	agranulocytosis
METHIMAZOLE	CONTRAINDICATES	drug-induced hepatitis
METHIMAZOLE	CONTRAINDICATES	hypothyroidism
METHIMAZOLE	CONTRAINDICATES	leukopenia
OXYTETRACYCLINE	CONTRAINDICATES	atrial fibrillation
OXYTETRACYCLINE	CONTRAINDICATES	potassium deficiency disease
OXYTETRACYCLINE	CONTRAINDICATES	glomerulonephritis
OXYTETRACYCLINE	CONTRAINDICATES	kidney disorder
OXYTETRACYCLINE	CONTRAINDICATES	uremia
PROPYLTHIOURACIL	CONTRAINDICATES	pancytopenia
PROPYLTHIOURACIL	CONTRAINDICATES	agranulocytosis
PROPYLTHIOURACIL	CONTRAINDICATES	drug-induced hepatitis
PROPYLTHIOURACIL	CONTRAINDICATES	hypothyroidism
PROPYLTHIOURACIL	CONTRAINDICATES	leukopenia
ETONOGESTREL	CONTRAINDICATES	dementia
ETONOGESTREL	CONTRAINDICATES	toxic shock syndrome
ETONOGESTREL	CONTRAINDICATES	depressive disorder
ETONOGESTREL	CONTRAINDICATES	thrombophlebitis
ETONOGESTREL	CONTRAINDICATES	asthma
ETONOGESTREL	CONTRAINDICATES	diabetes mellitus
ETONOGESTREL	CONTRAINDICATES	myocardial infarction
ETONOGESTREL	CONTRAINDICATES	endometrial carcinoma
ETONOGESTREL	CONTRAINDICATES	kidney disorder
ETONOGESTREL	CONTRAINDICATES	migraine disorder
ETONOGESTREL	CONTRAINDICATES	cerebrovascular disorder
ETONOGESTREL	CONTRAINDICATES	obesity disorder
ETONOGESTREL	CONTRAINDICATES	inherited porphyria
QUINETHAZONE	CONTRAINDICATES	depressive disorder
QUINETHAZONE	CONTRAINDICATES	epilepsy
QUINETHAZONE	CONTRAINDICATES	ulcerative colitis
QUINETHAZONE	CONTRAINDICATES	kidney disorder
HYDROXYCHLOROQUINE	CONTRAINDICATES	anemia
HYDROXYCHLOROQUINE	CONTRAINDICATES	psoriasis
HYDROXYCHLOROQUINE	CONTRAINDICATES	inherited porphyria
DESOGESTREL	CONTRAINDICATES	dementia
DESOGESTREL	CONTRAINDICATES	depressive disorder
DESOGESTREL	CONTRAINDICATES	thrombophlebitis
DESOGESTREL	CONTRAINDICATES	hyperglycemia
DESOGESTREL	CONTRAINDICATES	thrombophilia
DESOGESTREL	CONTRAINDICATES	asthma
DESOGESTREL	CONTRAINDICATES	diabetes mellitus
DESOGESTREL	CONTRAINDICATES	epilepsy
DESOGESTREL	CONTRAINDICATES	myocardial infarction
DESOGESTREL	CONTRAINDICATES	endometriosis
DESOGESTREL	CONTRAINDICATES	endometrial carcinoma
DESOGESTREL	CONTRAINDICATES	migraine disorder
DESOGESTREL	CONTRAINDICATES	hypothyroidism
DESOGESTREL	CONTRAINDICATES	benign mammary dysplasia
DESOGESTREL	CONTRAINDICATES	systemic lupus erythematosus
DESOGESTREL	CONTRAINDICATES	obesity disorder
DESOGESTREL	CONTRAINDICATES	inherited porphyria
RIBOFLAVIN	CONTRAINDICATES	potassium deficiency disease
RIBOFLAVIN	CONTRAINDICATES	kidney disorder
RIBOFLAVIN	CONTRAINDICATES	panic disorder
RIBOFLAVIN	CONTRAINDICATES	chronic atrophic gastritis
RIBOFLAVIN	CONTRAINDICATES	agoraphobia
RIBOFLAVIN	CONTRAINDICATES	obsessive-compulsive disorder
RIBOFLAVIN	CONTRAINDICATES	hemophilia
AZATHIOPRINE	CONTRAINDICATES	anemia
AZATHIOPRINE	CONTRAINDICATES	bacterial infectious disease
AZATHIOPRINE	CONTRAINDICATES	acute pancreatitis
AZATHIOPRINE	CONTRAINDICATES	hepatosplenic T-cell lymphoma
ERGOCALCIFEROL	CONTRAINDICATES	hyperphosphatemia
ERGOCALCIFEROL	CONTRAINDICATES	hypercalcemia disease
ERGOCALCIFEROL	CONTRAINDICATES	diarrheal disease
ERGOCALCIFEROL	CONTRAINDICATES	hyperparathyroidism
ERGOCALCIFEROL	CONTRAINDICATES	gastritis
ERGOCALCIFEROL	CONTRAINDICATES	atrial fibrillation
ERGOCALCIFEROL	CONTRAINDICATES	primary hyperoxaluria
ERGOCALCIFEROL	CONTRAINDICATES	esophagitis
ERGOCALCIFEROL	CONTRAINDICATES	kidney disorder
ERGOCALCIFEROL	CONTRAINDICATES	hereditary hemochromatosis
ERGOCALCIFEROL	CONTRAINDICATES	duodenitis
ERGOCALCIFEROL	CONTRAINDICATES	arteriosclerosis obliterans
ERGOCALCIFEROL	CONTRAINDICATES	dental fluorosis
ERGOCALCIFEROL	CONTRAINDICATES	hypervitaminosis A
ERGOCALCIFEROL	CONTRAINDICATES	hypervitaminosis D
ERGOCALCIFEROL	CONTRAINDICATES	sarcoidosis
AZLOCILLIN	CONTRAINDICATES	kidney disorder
AZLOCILLIN	CONTRAINDICATES	infectious mononucleosis
TENOFOVIR DISOPROXIL	CONTRAINDICATES	hypophosphatemia
TENOFOVIR DISOPROXIL	CONTRAINDICATES	depressive disorder
TENOFOVIR DISOPROXIL	CONTRAINDICATES	osteomalacia
TENOFOVIR DISOPROXIL	CONTRAINDICATES	Fanconi renotubular syndrome
TENOFOVIR DISOPROXIL	CONTRAINDICATES	kidney disorder
TENOFOVIR DISOPROXIL	CONTRAINDICATES	obesity disorder
TENOFOVIR DISOPROXIL	CONTRAINDICATES	acquired lactic acidosis
SULFADOXINE	CONTRAINDICATES	epilepsy
SULFADOXINE	CONTRAINDICATES	kidney disorder
SULFADOXINE	CONTRAINDICATES	inherited porphyria
LIOTHYRONINE	CONTRAINDICATES	diabetes mellitus
LIOTHYRONINE	CONTRAINDICATES	myocardial infarction
LIOTHYRONINE	CONTRAINDICATES	hypopituitarism
LIOTHYRONINE	CONTRAINDICATES	osteoporosis
LIOTHYRONINE	CONTRAINDICATES	hyperthyroidism
NILOTINIB	CONTRAINDICATES	hypophosphatemia
NILOTINIB	CONTRAINDICATES	hyperglycemia
NILOTINIB	CONTRAINDICATES	anemia
NILOTINIB	CONTRAINDICATES	pancreatitis
NILOTINIB	CONTRAINDICATES	diabetes mellitus
NILOTINIB	CONTRAINDICATES	potassium deficiency disease
HYDROXYAMPHETAMINE	CONTRAINDICATES	angle-closure glaucoma
HYDROXYAMPHETAMINE	CONTRAINDICATES	diabetes mellitus
HYDROXYAMPHETAMINE	CONTRAINDICATES	open-angle glaucoma
HYDROXYAMPHETAMINE	CONTRAINDICATES	hyperthyroidism
HYDROXYAMPHETAMINE	CONTRAINDICATES	ocular hypertension
THIAMINE ION	CONTRAINDICATES	myocardial infarction
THIAMINE ION	CONTRAINDICATES	potassium deficiency disease
THIAMINE ION	CONTRAINDICATES	kidney disorder
THIAMINE ION	CONTRAINDICATES	panic disorder
THIAMINE ION	CONTRAINDICATES	chronic atrophic gastritis
THIAMINE ION	CONTRAINDICATES	agoraphobia
THIAMINE ION	CONTRAINDICATES	obsessive-compulsive disorder
THIAMINE ION	CONTRAINDICATES	hemophilia
ALVIMOPAN	CONTRAINDICATES	myocardial infarction
ABIRATERONE ACETATE	CONTRAINDICATES	potassium deficiency disease
HEMATOPORPHYRIN	CONTRAINDICATES	kidney disorder
HEMATOPORPHYRIN	CONTRAINDICATES	inherited porphyria
MARAVIROC	CONTRAINDICATES	drug-induced hepatitis
MARAVIROC	CONTRAINDICATES	myocardial infarction
MARAVIROC	CONTRAINDICATES	kidney disorder
ACARBOSE	CONTRAINDICATES	kidney disorder
ACARBOSE	CONTRAINDICATES	inflammatory bowel disease
PHYTONADIONE	CONTRAINDICATES	hyperphosphatemia
PHYTONADIONE	CONTRAINDICATES	hypercalcemia disease
PHYTONADIONE	CONTRAINDICATES	hyperparathyroidism
PHYTONADIONE	CONTRAINDICATES	diabetes mellitus
PHYTONADIONE	CONTRAINDICATES	kidney disorder
PHYTONADIONE	CONTRAINDICATES	arteriosclerosis obliterans
PHYTONADIONE	CONTRAINDICATES	hypervitaminosis D
PHYTONADIONE	CONTRAINDICATES	sarcoidosis
ASCORBIC ACID	CONTRAINDICATES	hyperphosphatemia
ASCORBIC ACID	CONTRAINDICATES	hypercalcemia disease
ASCORBIC ACID	CONTRAINDICATES	hyperparathyroidism
ASCORBIC ACID	CONTRAINDICATES	toxic megacolon
ASCORBIC ACID	CONTRAINDICATES	gastroenteritis
ASCORBIC ACID	CONTRAINDICATES	ulcerative colitis
ASCORBIC ACID	CONTRAINDICATES	potassium deficiency disease
ASCORBIC ACID	CONTRAINDICATES	primary hyperoxaluria
ASCORBIC ACID	CONTRAINDICATES	anuria
ASCORBIC ACID	CONTRAINDICATES	hemosiderosis
ASCORBIC ACID	CONTRAINDICATES	kidney disorder
ASCORBIC ACID	CONTRAINDICATES	multiple sclerosis
ASCORBIC ACID	CONTRAINDICATES	hereditary hemochromatosis
ASCORBIC ACID	CONTRAINDICATES	intestinal obstruction
ASCORBIC ACID	CONTRAINDICATES	arteriosclerosis obliterans
ASCORBIC ACID	CONTRAINDICATES	chronic atrophic gastritis
ASCORBIC ACID	CONTRAINDICATES	dental fluorosis
ASCORBIC ACID	CONTRAINDICATES	hypervitaminosis A
ASCORBIC ACID	CONTRAINDICATES	hemolytic anemia
ASCORBIC ACID	CONTRAINDICATES	hypervitaminosis D
ASCORBIC ACID	CONTRAINDICATES	systemic lupus erythematosus
ASCORBIC ACID	CONTRAINDICATES	allergic rhinitis
ASCORBIC ACID	CONTRAINDICATES	rheumatoid arthritis
ASCORBIC ACID	CONTRAINDICATES	sarcoidosis
DACTINOMYCIN	CONTRAINDICATES	anemia
DACTINOMYCIN	CONTRAINDICATES	herpes zoster
DACTINOMYCIN	CONTRAINDICATES	leukopenia
DACTINOMYCIN	CONTRAINDICATES	aplastic anemia
CHEMBL450895	CONTRAINDICATES	adrenocortical insufficiency
LEVOMENTHOL	CONTRAINDICATES	methemoglobinemia
LEVOMENTHOL	CONTRAINDICATES	anemia
LEVOMENTHOL	CONTRAINDICATES	gastritis
LEVOMENTHOL	CONTRAINDICATES	diabetes mellitus
LEVOMENTHOL	CONTRAINDICATES	primary hyperoxaluria
LEVOMENTHOL	CONTRAINDICATES	kidney disorder
LEVOMENTHOL	CONTRAINDICATES	peripheral vascular disease
LEVOMENTHOL	CONTRAINDICATES	hereditary hemochromatosis
LEVOMENTHOL	CONTRAINDICATES	gastroesophageal reflux disease
LEVOMENTHOL	CONTRAINDICATES	thyrotoxicosis
LEVOMENTHOL	CONTRAINDICATES	thrombotic thrombocytopenic purpura
LEVOMENTHOL	CONTRAINDICATES	hemophilia
MIGLITOL	CONTRAINDICATES	ulcerative colitis
MIGLITOL	CONTRAINDICATES	kidney disorder
MIGLITOL	CONTRAINDICATES	inflammatory bowel disease
CAPTOPRIL	CONTRAINDICATES	hepatic coma
CAPTOPRIL	CONTRAINDICATES	hypercalcemia disease
CAPTOPRIL	CONTRAINDICATES	hyperparathyroidism
CAPTOPRIL	CONTRAINDICATES	diabetes mellitus
CAPTOPRIL	CONTRAINDICATES	hypertrophic cardiomyopathy
CAPTOPRIL	CONTRAINDICATES	potassium deficiency disease
CAPTOPRIL	CONTRAINDICATES	anuria
CAPTOPRIL	CONTRAINDICATES	kidney disorder
CAPTOPRIL	CONTRAINDICATES	gout
CAPTOPRIL	CONTRAINDICATES	acute pancreatitis
CAPTOPRIL	CONTRAINDICATES	systemic lupus erythematosus
CAPTOPRIL	CONTRAINDICATES	angioedema
CAPTOPRIL	CONTRAINDICATES	aortic valve stenosis
ICOSAPENT	CONTRAINDICATES	gastroenteritis
ICOSAPENT	CONTRAINDICATES	diabetes mellitus
ICOSAPENT	CONTRAINDICATES	ulcerative colitis
ICOSAPENT	CONTRAINDICATES	potassium deficiency disease
ICOSAPENT	CONTRAINDICATES	hemosiderosis
ICOSAPENT	CONTRAINDICATES	hereditary hemochromatosis
ICOSAPENT	CONTRAINDICATES	chronic atrophic gastritis
ICOSAPENT	CONTRAINDICATES	hemolytic anemia
MILNACIPRAN	CONTRAINDICATES	angle-closure glaucoma
MILNACIPRAN	CONTRAINDICATES	urinary tract obstruction
POLYTHIAZIDE	CONTRAINDICATES	depressive disorder
POLYTHIAZIDE	CONTRAINDICATES	epilepsy
POLYTHIAZIDE	CONTRAINDICATES	ulcerative colitis
POLYTHIAZIDE	CONTRAINDICATES	kidney disorder
POLYTHIAZIDE	CONTRAINDICATES	end stage renal failure
POLYTHIAZIDE	CONTRAINDICATES	narcolepsy
BENDAMUSTINE	CONTRAINDICATES	anemia
BENDAMUSTINE	CONTRAINDICATES	kidney disorder
TENIPOSIDE	CONTRAINDICATES	bacterial infectious disease
TENIPOSIDE	CONTRAINDICATES	kidney disorder
TRIETHYLENEMELAMINE	CONTRAINDICATES	anemia
TRIETHYLENEMELAMINE	CONTRAINDICATES	leukopenia
PSEUDOEPHEDRINE	CONTRAINDICATES	metabolic acidosis
PSEUDOEPHEDRINE	CONTRAINDICATES	angle-closure glaucoma
PSEUDOEPHEDRINE	CONTRAINDICATES	toxic megacolon
PSEUDOEPHEDRINE	CONTRAINDICATES	urethral stricture
PSEUDOEPHEDRINE	CONTRAINDICATES	gastric ulcer
PSEUDOEPHEDRINE	CONTRAINDICATES	anemia
PSEUDOEPHEDRINE	CONTRAINDICATES	diabetes mellitus
PSEUDOEPHEDRINE	CONTRAINDICATES	epilepsy
PSEUDOEPHEDRINE	CONTRAINDICATES	glaucoma
PSEUDOEPHEDRINE	CONTRAINDICATES	myocardial infarction
PSEUDOEPHEDRINE	CONTRAINDICATES	ulcerative colitis
PSEUDOEPHEDRINE	CONTRAINDICATES	morbid obesity
PSEUDOEPHEDRINE	CONTRAINDICATES	substance abuse
PSEUDOEPHEDRINE	CONTRAINDICATES	kidney disorder
PSEUDOEPHEDRINE	CONTRAINDICATES	inflammatory bowel disease
PSEUDOEPHEDRINE	CONTRAINDICATES	urinary tract obstruction
PSEUDOEPHEDRINE	CONTRAINDICATES	hypothyroidism
PSEUDOEPHEDRINE	CONTRAINDICATES	acute pancreatitis
PSEUDOEPHEDRINE	CONTRAINDICATES	hyperthyroidism
PSEUDOEPHEDRINE	CONTRAINDICATES	paralytic ileus
PSEUDOEPHEDRINE	CONTRAINDICATES	cor pulmonale
PSEUDOEPHEDRINE	CONTRAINDICATES	pulmonary emphysema
PSEUDOEPHEDRINE	CONTRAINDICATES	ocular hypertension
PSEUDOEPHEDRINE	CONTRAINDICATES	pulmonary edema
PSEUDOEPHEDRINE	CONTRAINDICATES	myasthenia gravis
PSEUDOEPHEDRINE	CONTRAINDICATES	gastroesophageal reflux disease
PSEUDOEPHEDRINE	CONTRAINDICATES	cystic fibrosis
DEMECLOCYCLINE	CONTRAINDICATES	kidney disorder
DEMECLOCYCLINE	CONTRAINDICATES	diabetes insipidus
QUINAPRIL	CONTRAINDICATES	hepatic coma
QUINAPRIL	CONTRAINDICATES	hypercalcemia disease
QUINAPRIL	CONTRAINDICATES	hyperparathyroidism
QUINAPRIL	CONTRAINDICATES	potassium deficiency disease
QUINAPRIL	CONTRAINDICATES	anuria
QUINAPRIL	CONTRAINDICATES	kidney disorder
QUINAPRIL	CONTRAINDICATES	gout
QUINAPRIL	CONTRAINDICATES	acute pancreatitis
QUINAPRIL	CONTRAINDICATES	systemic lupus erythematosus
QUINAPRIL	CONTRAINDICATES	angioedema
PANTOTHENIC ACID	CONTRAINDICATES	primary hyperoxaluria
PANTOTHENIC ACID	CONTRAINDICATES	kidney disorder
PANTOTHENIC ACID	CONTRAINDICATES	hereditary hemochromatosis
DIHYDROCODEINE	CONTRAINDICATES	angle-closure glaucoma
DIHYDROCODEINE	CONTRAINDICATES	urethral stricture
DIHYDROCODEINE	CONTRAINDICATES	anemia
DIHYDROCODEINE	CONTRAINDICATES	diabetes mellitus
DIHYDROCODEINE	CONTRAINDICATES	myocardial infarction
DIHYDROCODEINE	CONTRAINDICATES	ulcerative colitis
DIHYDROCODEINE	CONTRAINDICATES	morbid obesity
DIHYDROCODEINE	CONTRAINDICATES	substance abuse
DIHYDROCODEINE	CONTRAINDICATES	kidney disorder
DIHYDROCODEINE	CONTRAINDICATES	inflammatory bowel disease
DIHYDROCODEINE	CONTRAINDICATES	panic disorder
DIHYDROCODEINE	CONTRAINDICATES	gout
DIHYDROCODEINE	CONTRAINDICATES	hypothyroidism
DIHYDROCODEINE	CONTRAINDICATES	acute pancreatitis
DIHYDROCODEINE	CONTRAINDICATES	hyperthyroidism
DIHYDROCODEINE	CONTRAINDICATES	cor pulmonale
DIHYDROCODEINE	CONTRAINDICATES	agoraphobia
DIHYDROCODEINE	CONTRAINDICATES	pulmonary emphysema
DIHYDROCODEINE	CONTRAINDICATES	ocular hypertension
DIHYDROCODEINE	CONTRAINDICATES	obsessive-compulsive disorder
DIHYDROCODEINE	CONTRAINDICATES	thrombotic thrombocytopenic purpura
DIHYDROCODEINE	CONTRAINDICATES	hemophilia
NETILMICIN	CONTRAINDICATES	kidney disorder
NETILMICIN	CONTRAINDICATES	myasthenia gravis
NETILMICIN	CONTRAINDICATES	infant botulism
NETILMICIN	CONTRAINDICATES	parkinsonian disorder
PHENTERMINE	CONTRAINDICATES	mild pre-eclampsia
PHENTERMINE	CONTRAINDICATES	glaucoma
PHENTERMINE	CONTRAINDICATES	substance abuse
PHENTERMINE	CONTRAINDICATES	pulmonary hypertension
PHENTERMINE	CONTRAINDICATES	psychotic disorder
PHENTERMINE	CONTRAINDICATES	hyperthyroidism
PHENTERMINE	CONTRAINDICATES	arteriosclerosis obliterans
ESTRAMUSTINE	CONTRAINDICATES	gynecomastia disorder
ESTRAMUSTINE	CONTRAINDICATES	thrombophlebitis
ESTRAMUSTINE	CONTRAINDICATES	diabetes mellitus
ESTRAMUSTINE	CONTRAINDICATES	epilepsy
ESTRAMUSTINE	CONTRAINDICATES	myocardial infarction
ESTRAMUSTINE	CONTRAINDICATES	kidney disorder
ESTRAMUSTINE	CONTRAINDICATES	migraine disorder
ESTRAMUSTINE	CONTRAINDICATES	erectile dysfunction
ESTRAMUSTINE	CONTRAINDICATES	cerebrovascular disorder
METHYCLOTHIAZIDE	CONTRAINDICATES	hypercalcemia disease
METHYCLOTHIAZIDE	CONTRAINDICATES	depressive disorder
METHYCLOTHIAZIDE	CONTRAINDICATES	diabetes mellitus
METHYCLOTHIAZIDE	CONTRAINDICATES	epilepsy
METHYCLOTHIAZIDE	CONTRAINDICATES	ulcerative colitis
METHYCLOTHIAZIDE	CONTRAINDICATES	potassium deficiency disease
METHYCLOTHIAZIDE	CONTRAINDICATES	anuria
METHYCLOTHIAZIDE	CONTRAINDICATES	kidney disorder
METHYCLOTHIAZIDE	CONTRAINDICATES	gout
METHYCLOTHIAZIDE	CONTRAINDICATES	acute pancreatitis
METHYCLOTHIAZIDE	CONTRAINDICATES	systemic lupus erythematosus
PENTOSTATIN	CONTRAINDICATES	kidney disorder
PENTOSTATIN	CONTRAINDICATES	leukopenia
PENTOSTATIN	CONTRAINDICATES	pulmonary edema
PERINDOPRIL	CONTRAINDICATES	kidney disorder
PERINDOPRIL	CONTRAINDICATES	angioedema
CHLORAL HYDRATE	CONTRAINDICATES	gastritis
CHLORAL HYDRATE	CONTRAINDICATES	substance abuse
CHLORAL HYDRATE	CONTRAINDICATES	esophagitis
CHLORAL HYDRATE	CONTRAINDICATES	inflammatory bowel disease
CHLORAL HYDRATE	CONTRAINDICATES	proctitis
CHLORAL HYDRATE	CONTRAINDICATES	acute intermittent porphyria
BACAMPICILLIN	CONTRAINDICATES	kidney disorder
BACAMPICILLIN	CONTRAINDICATES	infectious mononucleosis
CEFTIBUTEN	CONTRAINDICATES	colitis
ELTROMBOPAG	CONTRAINDICATES	thrombocytosis disease
ELTROMBOPAG	CONTRAINDICATES	kidney disorder
ELTROMBOPAG	CONTRAINDICATES	leukopenia
CEFOTETAN	CONTRAINDICATES	kidney disorder
CEFOTETAN	CONTRAINDICATES	hemolytic anemia
NADOLOL	CONTRAINDICATES	hepatic coma
NADOLOL	CONTRAINDICATES	hypercalcemia disease
NADOLOL	CONTRAINDICATES	hyperparathyroidism
NADOLOL	CONTRAINDICATES	depressive disorder
NADOLOL	CONTRAINDICATES	diabetes mellitus
NADOLOL	CONTRAINDICATES	potassium deficiency disease
NADOLOL	CONTRAINDICATES	anuria
NADOLOL	CONTRAINDICATES	kidney disorder
NADOLOL	CONTRAINDICATES	gout
NADOLOL	CONTRAINDICATES	acute pancreatitis
NADOLOL	CONTRAINDICATES	pulmonary emphysema
NADOLOL	CONTRAINDICATES	systemic lupus erythematosus
NADOLOL	CONTRAINDICATES	myasthenia gravis
GLUCOSAMINE	CONTRAINDICATES	hyperphosphatemia
GLUCOSAMINE	CONTRAINDICATES	hypercalcemia disease
GLUCOSAMINE	CONTRAINDICATES	diabetes mellitus
GLUCOSAMINE	CONTRAINDICATES	kidney disorder
GLUCOSAMINE	CONTRAINDICATES	arteriosclerosis obliterans
GLUCOSAMINE	CONTRAINDICATES	hypervitaminosis D
GLUCOSAMINE	CONTRAINDICATES	sarcoidosis
FOLIC ACID	CONTRAINDICATES	hypercalcemia disease
FOLIC ACID	CONTRAINDICATES	diarrheal disease
FOLIC ACID	CONTRAINDICATES	hyperparathyroidism
FOLIC ACID	CONTRAINDICATES	gastroenteritis
FOLIC ACID	CONTRAINDICATES	bipolar disorder
FOLIC ACID	CONTRAINDICATES	diabetes mellitus
FOLIC ACID	CONTRAINDICATES	ulcerative colitis
FOLIC ACID	CONTRAINDICATES	potassium deficiency disease
FOLIC ACID	CONTRAINDICATES	primary hyperoxaluria
FOLIC ACID	CONTRAINDICATES	hemosiderosis
FOLIC ACID	CONTRAINDICATES	kidney disorder
FOLIC ACID	CONTRAINDICATES	hereditary hemochromatosis
FOLIC ACID	CONTRAINDICATES	chronic atrophic gastritis
FOLIC ACID	CONTRAINDICATES	hemolytic anemia
FOLIC ACID	CONTRAINDICATES	sarcoidosis
MEPENZOLATE	CONTRAINDICATES	toxic megacolon
MEPENZOLATE	CONTRAINDICATES	glaucoma
MEPENZOLATE	CONTRAINDICATES	ulcerative colitis
MEPENZOLATE	CONTRAINDICATES	kidney disorder
MEPENZOLATE	CONTRAINDICATES	urinary tract obstruction
MEPENZOLATE	CONTRAINDICATES	hyperthyroidism
MEPENZOLATE	CONTRAINDICATES	paralytic ileus
MEPENZOLATE	CONTRAINDICATES	myasthenia gravis
PALIPERIDONE	CONTRAINDICATES	agranulocytosis
PALIPERIDONE	CONTRAINDICATES	hyperglycemia
PALIPERIDONE	CONTRAINDICATES	Crohn disease
PALIPERIDONE	CONTRAINDICATES	diabetes mellitus
PALIPERIDONE	CONTRAINDICATES	myocardial infarction
PALIPERIDONE	CONTRAINDICATES	potassium deficiency disease
PALIPERIDONE	CONTRAINDICATES	substance abuse
PALIPERIDONE	CONTRAINDICATES	priapism
PALIPERIDONE	CONTRAINDICATES	leukopenia
PALIPERIDONE	CONTRAINDICATES	cerebrovascular disorder
PALIPERIDONE	CONTRAINDICATES	obesity disorder
PALIPERIDONE	CONTRAINDICATES	short bowel syndrome
PALIPERIDONE	CONTRAINDICATES	parkinsonian disorder
PALIPERIDONE	CONTRAINDICATES	acquired hyperprolactinemia
PALIPERIDONE	CONTRAINDICATES	neuroleptic malignant syndrome
MECLIZINE	CONTRAINDICATES	angle-closure glaucoma
LEVOTHYROXINE	CONTRAINDICATES	myocardial infarction
LEVOTHYROXINE	CONTRAINDICATES	hypopituitarism
LEVOTHYROXINE	CONTRAINDICATES	osteoporosis
LEVOTHYROXINE	CONTRAINDICATES	hyperthyroidism
CLEMASTINE	CONTRAINDICATES	angle-closure glaucoma
CLEMASTINE	CONTRAINDICATES	hyperthyroidism
CLEMASTINE	CONTRAINDICATES	ocular hypertension
HEXYLRESORCINOL	CONTRAINDICATES	methemoglobinemia
CLADRIBINE	CONTRAINDICATES	kidney disorder
ALISKIREN	CONTRAINDICATES	hepatic coma
ALISKIREN	CONTRAINDICATES	hypercalcemia disease
ALISKIREN	CONTRAINDICATES	hyperparathyroidism
ALISKIREN	CONTRAINDICATES	potassium deficiency disease
ALISKIREN	CONTRAINDICATES	anuria
ALISKIREN	CONTRAINDICATES	gout
ALISKIREN	CONTRAINDICATES	acute pancreatitis
ALISKIREN	CONTRAINDICATES	systemic lupus erythematosus
ALISKIREN	CONTRAINDICATES	angioedema
CHEMBL499458	CONTRAINDICATES	bacterial infectious disease
CHEMBL499458	CONTRAINDICATES	leukopenia
CHEMBL499458	CONTRAINDICATES	Charcot-Marie-Tooth disease
PAZOPANIB	CONTRAINDICATES	diarrheal disease
PAZOPANIB	CONTRAINDICATES	drug-induced hepatitis
PAZOPANIB	CONTRAINDICATES	pancreatitis
PAZOPANIB	CONTRAINDICATES	myocardial infarction
PAZOPANIB	CONTRAINDICATES	potassium deficiency disease
PAZOPANIB	CONTRAINDICATES	hypothyroidism
PAZOPANIB	CONTRAINDICATES	proteinuria
RIBAVIRIN	CONTRAINDICATES	pancytopenia
RIBAVIRIN	CONTRAINDICATES	thalassemia
RIBAVIRIN	CONTRAINDICATES	anemia
RIBAVIRIN	CONTRAINDICATES	asthma
RIBAVIRIN	CONTRAINDICATES	pancreatitis
RIBAVIRIN	CONTRAINDICATES	myocardial infarction
RIBAVIRIN	CONTRAINDICATES	periodontitis
RIBAVIRIN	CONTRAINDICATES	hemolytic anemia
RIBAVIRIN	CONTRAINDICATES	autoimmune hepatitis
RIBAVIRIN	CONTRAINDICATES	sarcoidosis
CORTISONE ACETATE	CONTRAINDICATES	hyperglycemia
CORTISONE ACETATE	CONTRAINDICATES	gastric ulcer
CORTISONE ACETATE	CONTRAINDICATES	diabetes mellitus
CORTISONE ACETATE	CONTRAINDICATES	epilepsy
CORTISONE ACETATE	CONTRAINDICATES	glaucoma
CORTISONE ACETATE	CONTRAINDICATES	bacterial infectious disease
CORTISONE ACETATE	CONTRAINDICATES	potassium deficiency disease
CORTISONE ACETATE	CONTRAINDICATES	hypopituitarism
CORTISONE ACETATE	CONTRAINDICATES	esophagitis
CORTISONE ACETATE	CONTRAINDICATES	kidney disorder
CORTISONE ACETATE	CONTRAINDICATES	peripheral vascular disease
CORTISONE ACETATE	CONTRAINDICATES	osteoporosis
CORTISONE ACETATE	CONTRAINDICATES	open-angle glaucoma
CORTISONE ACETATE	CONTRAINDICATES	hypothyroidism
CORTISONE ACETATE	CONTRAINDICATES	psychotic disorder
CORTISONE ACETATE	CONTRAINDICATES	hyperthyroidism
CORTISONE ACETATE	CONTRAINDICATES	herpes simplex infectious disease
CORTISONE ACETATE	CONTRAINDICATES	measles
CORTISONE ACETATE	CONTRAINDICATES	ocular hypertension
CORTISONE ACETATE	CONTRAINDICATES	myasthenia gravis
ISRADIPINE	CONTRAINDICATES	myocardial infarction
rel-RITODRINE	CONTRAINDICATES	severe pre-eclampsia
rel-RITODRINE	CONTRAINDICATES	chorioamnionitis
rel-RITODRINE	CONTRAINDICATES	mild pre-eclampsia
rel-RITODRINE	CONTRAINDICATES	pulmonary hypertension
rel-RITODRINE	CONTRAINDICATES	migraine disorder
rel-RITODRINE	CONTRAINDICATES	hyperthyroidism
AMBENONIUM	CONTRAINDICATES	asthma
AMBENONIUM	CONTRAINDICATES	urinary tract obstruction
AMBENONIUM	CONTRAINDICATES	parkinsonian disorder
TELAVANCIN	CONTRAINDICATES	diabetes mellitus
TELAVANCIN	CONTRAINDICATES	kidney disorder
CEFTAROLINE FOSAMIL	CONTRAINDICATES	hemolytic anemia
LACTITOL	CONTRAINDICATES	galactosemia
FOSAMPRENAVIR	CONTRAINDICATES	hyperglycemia
FOSAMPRENAVIR	CONTRAINDICATES	diabetes mellitus
FOSAMPRENAVIR	CONTRAINDICATES	myocardial infarction
FOSAMPRENAVIR	CONTRAINDICATES	lipodystrophy
FOSAMPRENAVIR	CONTRAINDICATES	hemolytic anemia
FOSAMPRENAVIR	CONTRAINDICATES	obesity disorder
TERIPARATIDE	CONTRAINDICATES	hypercalcemia disease
TERIPARATIDE	CONTRAINDICATES	hyperparathyroidism
TERIPARATIDE	CONTRAINDICATES	osteomalacia
TERIPARATIDE	CONTRAINDICATES	rickets
TERIPARATIDE	CONTRAINDICATES	renal osteodystrophy
TERIPARATIDE	CONTRAINDICATES	urolithiasis
TOREMIFENE	CONTRAINDICATES	hypercalcemia disease
TOREMIFENE	CONTRAINDICATES	potassium deficiency disease
TOREMIFENE	CONTRAINDICATES	leukopenia
VITAMIN A PALMITATE	CONTRAINDICATES	dental fluorosis
FLUTICASONE FUROATE	CONTRAINDICATES	adrenocortical insufficiency
FLUTICASONE FUROATE	CONTRAINDICATES	glaucoma
FLUTICASONE FUROATE	CONTRAINDICATES	bacterial infectious disease
FLUTICASONE FUROATE	CONTRAINDICATES	measles
FLUTICASONE FUROATE	CONTRAINDICATES	ocular hypertension
FLUTICASONE FUROATE	CONTRAINDICATES	pulmonary tuberculosis
MITOTANE	CONTRAINDICATES	adrenocortical insufficiency
ENFUVIRTIDE	CONTRAINDICATES	pneumonia
LEUCOVORIN	CONTRAINDICATES	pernicious anemia
DEHYDROCHOLIC ACID	CONTRAINDICATES	appendicitis
BENDROFLUMETHIAZIDE	CONTRAINDICATES	hepatic coma
BENDROFLUMETHIAZIDE	CONTRAINDICATES	hypercalcemia disease
BENDROFLUMETHIAZIDE	CONTRAINDICATES	hyperparathyroidism
BENDROFLUMETHIAZIDE	CONTRAINDICATES	depressive disorder
BENDROFLUMETHIAZIDE	CONTRAINDICATES	diabetes mellitus
BENDROFLUMETHIAZIDE	CONTRAINDICATES	potassium deficiency disease
BENDROFLUMETHIAZIDE	CONTRAINDICATES	anuria
BENDROFLUMETHIAZIDE	CONTRAINDICATES	kidney disorder
BENDROFLUMETHIAZIDE	CONTRAINDICATES	gout
BENDROFLUMETHIAZIDE	CONTRAINDICATES	acute pancreatitis
BENDROFLUMETHIAZIDE	CONTRAINDICATES	pulmonary emphysema
BENDROFLUMETHIAZIDE	CONTRAINDICATES	systemic lupus erythematosus
BENDROFLUMETHIAZIDE	CONTRAINDICATES	myasthenia gravis
DIHYDROERGOTAMINE	CONTRAINDICATES	peripheral vascular disease
DIHYDROERGOTAMINE	CONTRAINDICATES	Prinzmetal angina
DIHYDROERGOTAMINE	CONTRAINDICATES	inherited porphyria
CEPHALEXIN ANHYDROUS	CONTRAINDICATES	kidney disorder
CEPHALEXIN ANHYDROUS	CONTRAINDICATES	colitis
DABIGATRAN ETEXILATE	CONTRAINDICATES	anemia
CISAPRIDE	CONTRAINDICATES	hypophosphatemia
CISAPRIDE	CONTRAINDICATES	epilepsy
CISAPRIDE	CONTRAINDICATES	potassium deficiency disease
CISAPRIDE	CONTRAINDICATES	kidney disorder
VINORELBINE	CONTRAINDICATES	intestinal obstruction
VINORELBINE	CONTRAINDICATES	leukopenia
SOLIFENACIN	CONTRAINDICATES	angle-closure glaucoma
DEFERASIROX	CONTRAINDICATES	agranulocytosis
DEFERASIROX	CONTRAINDICATES	kidney disorder
DEFERASIROX	CONTRAINDICATES	proteinuria
DEFERASIROX	CONTRAINDICATES	ocular hypertension
RACEPINEPHRINE	CONTRAINDICATES	angle-closure glaucoma
RACEPINEPHRINE	CONTRAINDICATES	diabetes mellitus
RACEPINEPHRINE	CONTRAINDICATES	peripheral vascular disease
RACEPINEPHRINE	CONTRAINDICATES	hyperthyroidism
CLARITHROMYCIN	CONTRAINDICATES	kidney disorder
CLARITHROMYCIN	CONTRAINDICATES	osteoporosis
CLARITHROMYCIN	CONTRAINDICATES	infectious mononucleosis
CLARITHROMYCIN	CONTRAINDICATES	myasthenia gravis
CLARITHROMYCIN	CONTRAINDICATES	inherited porphyria
MEZLOCILLIN	CONTRAINDICATES	kidney disorder
MEZLOCILLIN	CONTRAINDICATES	infectious mononucleosis
GLUTAMIC ACID	CONTRAINDICATES	hypercalcemia disease
GLUTAMIC ACID	CONTRAINDICATES	hyperparathyroidism
GLUTAMIC ACID	CONTRAINDICATES	kidney disorder
GLUTAMIC ACID	CONTRAINDICATES	heart disorder
GLUTAMIC ACID	CONTRAINDICATES	end stage renal failure
GLUTAMIC ACID	CONTRAINDICATES	sarcoidosis
ARTEMETHER	CONTRAINDICATES	potassium deficiency disease
SULFOBROMOPHTHALEIN	CONTRAINDICATES	asthma
SULFOBROMOPHTHALEIN	CONTRAINDICATES	kidney disorder
SULFOBROMOPHTHALEIN	CONTRAINDICATES	pheochromocytoma
TOBRAMYCIN	CONTRAINDICATES	diabetes mellitus
TOBRAMYCIN	CONTRAINDICATES	glaucoma
TOBRAMYCIN	CONTRAINDICATES	kidney disorder
TOBRAMYCIN	CONTRAINDICATES	open-angle glaucoma
TOBRAMYCIN	CONTRAINDICATES	ocular hypertension
TOBRAMYCIN	CONTRAINDICATES	myasthenia gravis
TOBRAMYCIN	CONTRAINDICATES	infant botulism
TOBRAMYCIN	CONTRAINDICATES	parkinsonian disorder
CLOFARABINE	CONTRAINDICATES	capillary leak syndrome
CLOFARABINE	CONTRAINDICATES	anemia
CLOFARABINE	CONTRAINDICATES	bacterial infectious disease
DIGOXIN	CONTRAINDICATES	hypercalcemia disease
DIGOXIN	CONTRAINDICATES	atrioventricular block
DIGOXIN	CONTRAINDICATES	sick sinus syndrome
DIGOXIN	CONTRAINDICATES	myocardial infarction
DIGOXIN	CONTRAINDICATES	potassium deficiency disease
DIGOXIN	CONTRAINDICATES	restrictive cardiomyopathy
DIGOXIN	CONTRAINDICATES	kidney disorder
DIGOXIN	CONTRAINDICATES	myocarditis
DIGOXIN	CONTRAINDICATES	cor pulmonale
DIGOXIN	CONTRAINDICATES	constrictive pericarditis
DIGOXIN	CONTRAINDICATES	myxedema
DYPHYLLINE	CONTRAINDICATES	hepatic coma
DYPHYLLINE	CONTRAINDICATES	hepatic encephalopathy
DYPHYLLINE	CONTRAINDICATES	angle-closure glaucoma
DYPHYLLINE	CONTRAINDICATES	depressive disorder
DYPHYLLINE	CONTRAINDICATES	anemia
DYPHYLLINE	CONTRAINDICATES	gastritis
DYPHYLLINE	CONTRAINDICATES	diabetes mellitus
DYPHYLLINE	CONTRAINDICATES	glaucoma
DYPHYLLINE	CONTRAINDICATES	myocardial infarction
DYPHYLLINE	CONTRAINDICATES	substance abuse
DYPHYLLINE	CONTRAINDICATES	kidney disorder
DYPHYLLINE	CONTRAINDICATES	heart disorder
DYPHYLLINE	CONTRAINDICATES	sleep apnea syndrome
DYPHYLLINE	CONTRAINDICATES	psychotic disorder
DYPHYLLINE	CONTRAINDICATES	hyperthyroidism
DYPHYLLINE	CONTRAINDICATES	cor pulmonale
DYPHYLLINE	CONTRAINDICATES	inherited porphyria
CLINDAMYCIN	CONTRAINDICATES	diarrheal disease
CLINDAMYCIN	CONTRAINDICATES	atopic eczema
CLINDAMYCIN	CONTRAINDICATES	Crohn disease
CLINDAMYCIN	CONTRAINDICATES	ulcerative colitis
DOXAPRAM	CONTRAINDICATES	pneumothorax
DOXAPRAM	CONTRAINDICATES	asthma
DOXAPRAM	CONTRAINDICATES	epilepsy
DOXAPRAM	CONTRAINDICATES	kidney disorder
DOXAPRAM	CONTRAINDICATES	hyperthyroidism
DOXAPRAM	CONTRAINDICATES	leukopenia
DOXAPRAM	CONTRAINDICATES	pheochromocytoma
CONIVAPTAN	CONTRAINDICATES	anuria
CONIVAPTAN	CONTRAINDICATES	kidney disorder
FOSFOMYCIN	CONTRAINDICATES	kidney disorder
TERBUTALINE	CONTRAINDICATES	hyperglycemia
TERBUTALINE	CONTRAINDICATES	diabetes mellitus
TERBUTALINE	CONTRAINDICATES	epilepsy
TERBUTALINE	CONTRAINDICATES	potassium deficiency disease
TERBUTALINE	CONTRAINDICATES	hyperthyroidism
TERBUTALINE	CONTRAINDICATES	placental abruption
TERBUTALINE	CONTRAINDICATES	pulmonary edema
HYDROFLUMETHIAZIDE	CONTRAINDICATES	depressive disorder
HYDROFLUMETHIAZIDE	CONTRAINDICATES	epilepsy
HYDROFLUMETHIAZIDE	CONTRAINDICATES	ulcerative colitis
HYDROFLUMETHIAZIDE	CONTRAINDICATES	kidney disorder
LEVOMEPROMAZINE	CONTRAINDICATES	hyperglycemia
LEVOMEPROMAZINE	CONTRAINDICATES	anemia
LEVOMEPROMAZINE	CONTRAINDICATES	epilepsy
LEVOMEPROMAZINE	CONTRAINDICATES	glaucoma
LEVOMEPROMAZINE	CONTRAINDICATES	myocardial infarction
LEVOMEPROMAZINE	CONTRAINDICATES	leukopenia
LEVOMEPROMAZINE	CONTRAINDICATES	obesity disorder
LEVOMEPROMAZINE	CONTRAINDICATES	parkinsonian disorder
LEVOMEPROMAZINE	CONTRAINDICATES	acquired hyperprolactinemia
LEVOMEPROMAZINE	CONTRAINDICATES	neuroleptic malignant syndrome
DESOXIMETASONE	CONTRAINDICATES	hypopituitarism
DESOXIMETASONE	CONTRAINDICATES	peripheral vascular disease
ALLANTOIN	CONTRAINDICATES	kidney disorder
ALLANTOIN	CONTRAINDICATES	folliculitis
ALLANTOIN	CONTRAINDICATES	inherited porphyria
CLOPIDOGREL	CONTRAINDICATES	thrombotic thrombocytopenic purpura
CAPECITABINE	CONTRAINDICATES	anemia
CAPECITABINE	CONTRAINDICATES	stomatitis
METAXALONE	CONTRAINDICATES	hemolytic anemia
VARENICLINE	CONTRAINDICATES	depressive disorder
VARENICLINE	CONTRAINDICATES	bipolar disorder
VARENICLINE	CONTRAINDICATES	schizophrenia
VARENICLINE	CONTRAINDICATES	peripheral vascular disease
ROPIVACAINE	CONTRAINDICATES	urethral stricture
ROPIVACAINE	CONTRAINDICATES	substance abuse
ROPIVACAINE	CONTRAINDICATES	kidney disorder
ROPIVACAINE	CONTRAINDICATES	inflammatory bowel disease
ROPIVACAINE	CONTRAINDICATES	paralytic ileus
ROPIVACAINE	CONTRAINDICATES	cor pulmonale
ROPIVACAINE	CONTRAINDICATES	myasthenia gravis
ADEMETIONINE	CONTRAINDICATES	diabetes mellitus
2-MERCAPTOETHANESULFONIC ACID	CONTRAINDICATES	renal tubular acidosis
2-MERCAPTOETHANESULFONIC ACID	CONTRAINDICATES	Fanconi renotubular syndrome
2-MERCAPTOETHANESULFONIC ACID	CONTRAINDICATES	anemia
2-MERCAPTOETHANESULFONIC ACID	CONTRAINDICATES	potassium deficiency disease
2-MERCAPTOETHANESULFONIC ACID	CONTRAINDICATES	kidney disorder
2-MERCAPTOETHANESULFONIC ACID	CONTRAINDICATES	leukopenia
INDACATEROL	CONTRAINDICATES	hyperglycemia
INDACATEROL	CONTRAINDICATES	diabetes mellitus
INDACATEROL	CONTRAINDICATES	potassium deficiency disease
INDACATEROL	CONTRAINDICATES	thyrotoxicosis
INOSITOL NIACINATE	CONTRAINDICATES	cerebral infarction
INOSITOL NIACINATE	CONTRAINDICATES	hypophosphatemia
INOSITOL NIACINATE	CONTRAINDICATES	hyperglycemia
INOSITOL NIACINATE	CONTRAINDICATES	diabetes mellitus
INOSITOL NIACINATE	CONTRAINDICATES	myocardial infarction
INOSITOL NIACINATE	CONTRAINDICATES	gout
FLUDARABINE PHOSPHATE	CONTRAINDICATES	pancytopenia
FLUDARABINE PHOSPHATE	CONTRAINDICATES	bacterial infectious disease
FLUDARABINE PHOSPHATE	CONTRAINDICATES	herpes zoster
FLUDARABINE PHOSPHATE	CONTRAINDICATES	optic neuritis
FLUDARABINE PHOSPHATE	CONTRAINDICATES	progressive multifocal leukoencephalopathy
FLUDARABINE PHOSPHATE	CONTRAINDICATES	hypersensitivity pneumonitis
PIRBUTEROL	CONTRAINDICATES	diabetes mellitus
PIRBUTEROL	CONTRAINDICATES	potassium deficiency disease
PIRBUTEROL	CONTRAINDICATES	hyperthyroidism
CEFUROXIME AXETIL	CONTRAINDICATES	kidney disorder
SUVOREXANT	CONTRAINDICATES	narcolepsy
CLOBETASOL PROPIONATE	CONTRAINDICATES	adrenocortical insufficiency
CLOBETASOL PROPIONATE	CONTRAINDICATES	hyperglycemia
CLOBETASOL PROPIONATE	CONTRAINDICATES	diabetes mellitus
CLOBETASOL PROPIONATE	CONTRAINDICATES	glaucoma
CLOBETASOL PROPIONATE	CONTRAINDICATES	peripheral vascular disease
CLOBETASOL PROPIONATE	CONTRAINDICATES	folliculitis
AMMONIA SOLUTION, STRONG	CONTRAINDICATES	diabetes mellitus
AMMONIA SOLUTION, STRONG	CONTRAINDICATES	peripheral vascular disease
FEBUXOSTAT	CONTRAINDICATES	myocardial infarction
PROPANTHELINE	CONTRAINDICATES	angle-closure glaucoma
PROPANTHELINE	CONTRAINDICATES	toxic megacolon
PROPANTHELINE	CONTRAINDICATES	ulcerative colitis
PROPANTHELINE	CONTRAINDICATES	kidney disorder
PROPANTHELINE	CONTRAINDICATES	urinary tract obstruction
PROPANTHELINE	CONTRAINDICATES	hyperthyroidism
PROPANTHELINE	CONTRAINDICATES	paralytic ileus
PROPANTHELINE	CONTRAINDICATES	myasthenia gravis
CHLOROPROCAINE	CONTRAINDICATES	kidney disorder
CHLOROPROCAINE	CONTRAINDICATES	myasthenia gravis
MIVACURIUM	CONTRAINDICATES	end stage renal failure
MIVACURIUM	CONTRAINDICATES	myasthenia gravis
PALONOSETRON	CONTRAINDICATES	thrombophlebitis
PALONOSETRON	CONTRAINDICATES	thrombophilia
PALONOSETRON	CONTRAINDICATES	atrial fibrillation
NITRIC OXIDE	CONTRAINDICATES	methemoglobinemia
OLMESARTAN MEDOXOMIL	CONTRAINDICATES	hepatic coma
OLMESARTAN MEDOXOMIL	CONTRAINDICATES	hypercalcemia disease
OLMESARTAN MEDOXOMIL	CONTRAINDICATES	hyperparathyroidism
OLMESARTAN MEDOXOMIL	CONTRAINDICATES	potassium deficiency disease
OLMESARTAN MEDOXOMIL	CONTRAINDICATES	anuria
OLMESARTAN MEDOXOMIL	CONTRAINDICATES	gout
OLMESARTAN MEDOXOMIL	CONTRAINDICATES	acute pancreatitis
OLMESARTAN MEDOXOMIL	CONTRAINDICATES	systemic lupus erythematosus
OLMESARTAN MEDOXOMIL	CONTRAINDICATES	angioedema
SEVOFLURANE	CONTRAINDICATES	kidney disorder
SEVOFLURANE	CONTRAINDICATES	proteinuria
SEVOFLURANE	CONTRAINDICATES	Duchenne muscular dystrophy
SEVOFLURANE	CONTRAINDICATES	malignant hyperthermia of anesthesia
DIETHYLPROPION	CONTRAINDICATES	epilepsy
DIETHYLPROPION	CONTRAINDICATES	glaucoma
DIETHYLPROPION	CONTRAINDICATES	substance abuse
DIETHYLPROPION	CONTRAINDICATES	pulmonary hypertension
DIETHYLPROPION	CONTRAINDICATES	hyperthyroidism
MAGNESIUM HYDROXIDE	CONTRAINDICATES	hypophosphatemia
MAGNESIUM HYDROXIDE	CONTRAINDICATES	hypercalcemia disease
MAGNESIUM HYDROXIDE	CONTRAINDICATES	diarrheal disease
MAGNESIUM HYDROXIDE	CONTRAINDICATES	hyperparathyroidism
MAGNESIUM HYDROXIDE	CONTRAINDICATES	kidney disorder
MAGNESIUM HYDROXIDE	CONTRAINDICATES	appendicitis
MAGNESIUM HYDROXIDE	CONTRAINDICATES	sarcoidosis
AMCINONIDE	CONTRAINDICATES	glaucoma
AMCINONIDE	CONTRAINDICATES	peripheral vascular disease
DESFLURANE	CONTRAINDICATES	familial periodic paralysis
DESFLURANE	CONTRAINDICATES	Duchenne muscular dystrophy
DESFLURANE	CONTRAINDICATES	myasthenia gravis
DESFLURANE	CONTRAINDICATES	malignant hyperthermia of anesthesia
CHLOROTRIANISENE	CONTRAINDICATES	dementia
CHLOROTRIANISENE	CONTRAINDICATES	thrombophlebitis
CHLOROTRIANISENE	CONTRAINDICATES	thrombophilia
CHLOROTRIANISENE	CONTRAINDICATES	asthma
CHLOROTRIANISENE	CONTRAINDICATES	diabetes mellitus
CHLOROTRIANISENE	CONTRAINDICATES	epilepsy
CHLOROTRIANISENE	CONTRAINDICATES	myocardial infarction
CHLOROTRIANISENE	CONTRAINDICATES	endometriosis
CHLOROTRIANISENE	CONTRAINDICATES	endometrial carcinoma
CHLOROTRIANISENE	CONTRAINDICATES	migraine disorder
CHLOROTRIANISENE	CONTRAINDICATES	hypothyroidism
CHLOROTRIANISENE	CONTRAINDICATES	systemic lupus erythematosus
CHLOROTRIANISENE	CONTRAINDICATES	obesity disorder
IOCETAMIC ACID	CONTRAINDICATES	asthma
IOCETAMIC ACID	CONTRAINDICATES	kidney disorder
IOCETAMIC ACID	CONTRAINDICATES	pheochromocytoma
TRAVOPROST	CONTRAINDICATES	iritis
TRAVOPROST	CONTRAINDICATES	cystoid macular edema
TRAVOPROST	CONTRAINDICATES	uveitis
DOXERCALCIFEROL	CONTRAINDICATES	hyperphosphatemia
DOXERCALCIFEROL	CONTRAINDICATES	hypercalcemia disease
DOXERCALCIFEROL	CONTRAINDICATES	hypoparathyroidism
DOXERCALCIFEROL	CONTRAINDICATES	hypervitaminosis D
HALCINONIDE	CONTRAINDICATES	glaucoma
HALCINONIDE	CONTRAINDICATES	peripheral vascular disease
HYDROXYPROGESTERONE CAPROATE	CONTRAINDICATES	depressive disorder
HYDROXYPROGESTERONE CAPROATE	CONTRAINDICATES	hyperglycemia
HYDROXYPROGESTERONE CAPROATE	CONTRAINDICATES	mild pre-eclampsia
HYDROXYPROGESTERONE CAPROATE	CONTRAINDICATES	asthma
HYDROXYPROGESTERONE CAPROATE	CONTRAINDICATES	diabetes mellitus
HYDROXYPROGESTERONE CAPROATE	CONTRAINDICATES	epilepsy
HYDROXYPROGESTERONE CAPROATE	CONTRAINDICATES	kidney disorder
HYDROXYPROGESTERONE CAPROATE	CONTRAINDICATES	migraine disorder
FLUPHENAZINE DECANOATE	CONTRAINDICATES	hyperglycemia
FLUPHENAZINE DECANOATE	CONTRAINDICATES	anemia
FLUPHENAZINE DECANOATE	CONTRAINDICATES	epilepsy
FLUPHENAZINE DECANOATE	CONTRAINDICATES	glaucoma
FLUPHENAZINE DECANOATE	CONTRAINDICATES	myocardial infarction
FLUPHENAZINE DECANOATE	CONTRAINDICATES	leukopenia
FLUPHENAZINE DECANOATE	CONTRAINDICATES	obesity disorder
FLUPHENAZINE DECANOATE	CONTRAINDICATES	parkinsonian disorder
FLUPHENAZINE DECANOATE	CONTRAINDICATES	acquired hyperprolactinemia
FLUPHENAZINE DECANOATE	CONTRAINDICATES	neuroleptic malignant syndrome
METYROSINE	CONTRAINDICATES	depressive disorder
METYROSINE	CONTRAINDICATES	kidney disorder
METYROSINE	CONTRAINDICATES	parkinsonian disorder
METYROSINE	CONTRAINDICATES	urolithiasis
LOTEPREDNOL ETABONATE	CONTRAINDICATES	glaucoma
LOTEPREDNOL ETABONATE	CONTRAINDICATES	ocular hypertension
HALOBETASOL PROPIONATE	CONTRAINDICATES	hypopituitarism
HALOBETASOL PROPIONATE	CONTRAINDICATES	peripheral vascular disease
NORGESTIMATE	CONTRAINDICATES	dementia
NORGESTIMATE	CONTRAINDICATES	depressive disorder
NORGESTIMATE	CONTRAINDICATES	thrombophlebitis
NORGESTIMATE	CONTRAINDICATES	hyperglycemia
NORGESTIMATE	CONTRAINDICATES	thrombophilia
NORGESTIMATE	CONTRAINDICATES	asthma
NORGESTIMATE	CONTRAINDICATES	diabetes mellitus
NORGESTIMATE	CONTRAINDICATES	epilepsy
NORGESTIMATE	CONTRAINDICATES	myocardial infarction
NORGESTIMATE	CONTRAINDICATES	endometriosis
NORGESTIMATE	CONTRAINDICATES	endometrial carcinoma
NORGESTIMATE	CONTRAINDICATES	kidney disorder
NORGESTIMATE	CONTRAINDICATES	hypothyroidism
NORGESTIMATE	CONTRAINDICATES	benign mammary dysplasia
NORGESTIMATE	CONTRAINDICATES	systemic lupus erythematosus
NORGESTIMATE	CONTRAINDICATES	obesity disorder
NORGESTIMATE	CONTRAINDICATES	inherited porphyria
FLUPHENAZINE ENANTHATE	CONTRAINDICATES	hyperglycemia
FLUPHENAZINE ENANTHATE	CONTRAINDICATES	anemia
FLUPHENAZINE ENANTHATE	CONTRAINDICATES	epilepsy
FLUPHENAZINE ENANTHATE	CONTRAINDICATES	glaucoma
FLUPHENAZINE ENANTHATE	CONTRAINDICATES	myocardial infarction
FLUPHENAZINE ENANTHATE	CONTRAINDICATES	leukopenia
FLUPHENAZINE ENANTHATE	CONTRAINDICATES	obesity disorder
FLUPHENAZINE ENANTHATE	CONTRAINDICATES	parkinsonian disorder
FLUPHENAZINE ENANTHATE	CONTRAINDICATES	acquired hyperprolactinemia
FLUPHENAZINE ENANTHATE	CONTRAINDICATES	neuroleptic malignant syndrome
BIMATOPROST	CONTRAINDICATES	macular retinal edema
BIMATOPROST	CONTRAINDICATES	iritis
BIMATOPROST	CONTRAINDICATES	cystoid macular edema
BIMATOPROST	CONTRAINDICATES	uveitis
DUTASTERIDE	CONTRAINDICATES	priapism
ESTRADIOL CYPIONATE	CONTRAINDICATES	gynecomastia disorder
ESTRADIOL CYPIONATE	CONTRAINDICATES	dementia
ESTRADIOL CYPIONATE	CONTRAINDICATES	depressive disorder
ESTRADIOL CYPIONATE	CONTRAINDICATES	thrombophlebitis
ESTRADIOL CYPIONATE	CONTRAINDICATES	thrombophilia
ESTRADIOL CYPIONATE	CONTRAINDICATES	asthma
ESTRADIOL CYPIONATE	CONTRAINDICATES	diabetes mellitus
ESTRADIOL CYPIONATE	CONTRAINDICATES	epilepsy
ESTRADIOL CYPIONATE	CONTRAINDICATES	myocardial infarction
ESTRADIOL CYPIONATE	CONTRAINDICATES	endometriosis
ESTRADIOL CYPIONATE	CONTRAINDICATES	endometrial carcinoma
ESTRADIOL CYPIONATE	CONTRAINDICATES	kidney disorder
ESTRADIOL CYPIONATE	CONTRAINDICATES	heart disorder
ESTRADIOL CYPIONATE	CONTRAINDICATES	migraine disorder
ESTRADIOL CYPIONATE	CONTRAINDICATES	sleep apnea syndrome
ESTRADIOL CYPIONATE	CONTRAINDICATES	osteoporosis
ESTRADIOL CYPIONATE	CONTRAINDICATES	anorexia nervosa
ESTRADIOL CYPIONATE	CONTRAINDICATES	hypothyroidism
ESTRADIOL CYPIONATE	CONTRAINDICATES	systemic lupus erythematosus
ESTRADIOL CYPIONATE	CONTRAINDICATES	cerebrovascular disorder
ESTRADIOL CYPIONATE	CONTRAINDICATES	obesity disorder
CLOCORTOLONE PIVALATE	CONTRAINDICATES	adrenocortical insufficiency
CLOCORTOLONE PIVALATE	CONTRAINDICATES	peripheral vascular disease
DEXPANTHENOL	CONTRAINDICATES	hemophilia
HALOPERIDOL DECANOATE	CONTRAINDICATES	agranulocytosis
HALOPERIDOL DECANOATE	CONTRAINDICATES	potassium deficiency disease
HALOPERIDOL DECANOATE	CONTRAINDICATES	hypothyroidism
HALOPERIDOL DECANOATE	CONTRAINDICATES	leukopenia
HALOPERIDOL DECANOATE	CONTRAINDICATES	parkinsonian disorder
HALOPERIDOL DECANOATE	CONTRAINDICATES	neuroleptic malignant syndrome
ALCLOMETASONE DIPROPIONATE	CONTRAINDICATES	hyperglycemia
ALCLOMETASONE DIPROPIONATE	CONTRAINDICATES	hypopituitarism
FLUDROCORTISONE ACETATE	CONTRAINDICATES	diabetes mellitus
FLUDROCORTISONE ACETATE	CONTRAINDICATES	epilepsy
FLUDROCORTISONE ACETATE	CONTRAINDICATES	glaucoma
FLUDROCORTISONE ACETATE	CONTRAINDICATES	potassium deficiency disease
FLUDROCORTISONE ACETATE	CONTRAINDICATES	kidney disorder
FLUDROCORTISONE ACETATE	CONTRAINDICATES	osteoporosis
FLUDROCORTISONE ACETATE	CONTRAINDICATES	hypothyroidism
FLUDROCORTISONE ACETATE	CONTRAINDICATES	myasthenia gravis
FLURANDRENOLIDE	CONTRAINDICATES	adrenocortical insufficiency
FLURANDRENOLIDE	CONTRAINDICATES	peripheral vascular disease
BENZTHIAZIDE	CONTRAINDICATES	depressive disorder
BENZTHIAZIDE	CONTRAINDICATES	epilepsy
BENZTHIAZIDE	CONTRAINDICATES	ulcerative colitis
BENZTHIAZIDE	CONTRAINDICATES	kidney disorder
SULFACYTINE	CONTRAINDICATES	kidney disorder
SULFACYTINE	CONTRAINDICATES	inherited porphyria
FLUOROMETHOLONE ACETATE	CONTRAINDICATES	diabetes mellitus
FLUOROMETHOLONE ACETATE	CONTRAINDICATES	open-angle glaucoma
FLUOROMETHOLONE ACETATE	CONTRAINDICATES	ocular hypertension
CABERGOLINE	CONTRAINDICATES	severe pre-eclampsia
TESTOSTERONE CYPIONATE	CONTRAINDICATES	gynecomastia disorder
TESTOSTERONE CYPIONATE	CONTRAINDICATES	dementia
TESTOSTERONE CYPIONATE	CONTRAINDICATES	thrombophlebitis
TESTOSTERONE CYPIONATE	CONTRAINDICATES	thrombophilia
TESTOSTERONE CYPIONATE	CONTRAINDICATES	asthma
TESTOSTERONE CYPIONATE	CONTRAINDICATES	diabetes mellitus
TESTOSTERONE CYPIONATE	CONTRAINDICATES	epilepsy
TESTOSTERONE CYPIONATE	CONTRAINDICATES	myocardial infarction
TESTOSTERONE CYPIONATE	CONTRAINDICATES	endometriosis
TESTOSTERONE CYPIONATE	CONTRAINDICATES	endometrial carcinoma
TESTOSTERONE CYPIONATE	CONTRAINDICATES	kidney disorder
TESTOSTERONE CYPIONATE	CONTRAINDICATES	heart disorder
TESTOSTERONE CYPIONATE	CONTRAINDICATES	migraine disorder
TESTOSTERONE CYPIONATE	CONTRAINDICATES	sleep apnea syndrome
TESTOSTERONE CYPIONATE	CONTRAINDICATES	hypothyroidism
TESTOSTERONE CYPIONATE	CONTRAINDICATES	systemic lupus erythematosus
TESTOSTERONE CYPIONATE	CONTRAINDICATES	obesity disorder
DESONIDE	CONTRAINDICATES	adrenocortical insufficiency
DESONIDE	CONTRAINDICATES	hyperglycemia
DESONIDE	CONTRAINDICATES	gastritis
DESONIDE	CONTRAINDICATES	diabetes mellitus
DESONIDE	CONTRAINDICATES	glaucoma
DESONIDE	CONTRAINDICATES	bacterial infectious disease
DESONIDE	CONTRAINDICATES	potassium deficiency disease
DESONIDE	CONTRAINDICATES	hypopituitarism
DESONIDE	CONTRAINDICATES	peripheral vascular disease
DESONIDE	CONTRAINDICATES	osteoporosis
DESONIDE	CONTRAINDICATES	open-angle glaucoma
DESONIDE	CONTRAINDICATES	hypothyroidism
DESONIDE	CONTRAINDICATES	psychotic disorder
DESONIDE	CONTRAINDICATES	herpes simplex infectious disease
DESONIDE	CONTRAINDICATES	measles
DESONIDE	CONTRAINDICATES	cerebral malaria
DESONIDE	CONTRAINDICATES	ocular hypertension
DESONIDE	CONTRAINDICATES	pulmonary tuberculosis
DESONIDE	CONTRAINDICATES	citrullinemia
DESONIDE	CONTRAINDICATES	tuberculosis
NELARABINE	CONTRAINDICATES	anemia
METHOCARBAMOL	CONTRAINDICATES	anemia
METHOCARBAMOL	CONTRAINDICATES	kidney disorder
METHOCARBAMOL	CONTRAINDICATES	gout
METHOCARBAMOL	CONTRAINDICATES	thrombotic thrombocytopenic purpura
METHOCARBAMOL	CONTRAINDICATES	hemophilia
DECITABINE	CONTRAINDICATES	diabetes mellitus
DECITABINE	CONTRAINDICATES	kidney disorder
MEGESTROL ACETATE	CONTRAINDICATES	adrenocortical insufficiency
MEGESTROL ACETATE	CONTRAINDICATES	hyperglycemia
MEGESTROL ACETATE	CONTRAINDICATES	diabetes mellitus
MEGESTROL ACETATE	CONTRAINDICATES	kidney disorder
MESTRANOL	CONTRAINDICATES	depressive disorder
MESTRANOL	CONTRAINDICATES	thrombophlebitis
MESTRANOL	CONTRAINDICATES	hyperglycemia
MESTRANOL	CONTRAINDICATES	diabetes mellitus
MESTRANOL	CONTRAINDICATES	myocardial infarction
MESTRANOL	CONTRAINDICATES	endometrial carcinoma
MESTRANOL	CONTRAINDICATES	migraine disorder
MESTRANOL	CONTRAINDICATES	benign mammary dysplasia
MESTRANOL	CONTRAINDICATES	obesity disorder
MESTRANOL	CONTRAINDICATES	inherited porphyria
QUINESTROL	CONTRAINDICATES	dementia
QUINESTROL	CONTRAINDICATES	thrombophlebitis
QUINESTROL	CONTRAINDICATES	thrombophilia
QUINESTROL	CONTRAINDICATES	asthma
QUINESTROL	CONTRAINDICATES	diabetes mellitus
QUINESTROL	CONTRAINDICATES	epilepsy
QUINESTROL	CONTRAINDICATES	myocardial infarction
QUINESTROL	CONTRAINDICATES	endometriosis
QUINESTROL	CONTRAINDICATES	endometrial carcinoma
QUINESTROL	CONTRAINDICATES	migraine disorder
QUINESTROL	CONTRAINDICATES	hypothyroidism
QUINESTROL	CONTRAINDICATES	systemic lupus erythematosus
QUINESTROL	CONTRAINDICATES	obesity disorder
ISOCARBOXAZID	CONTRAINDICATES	bipolar disorder
ISOCARBOXAZID	CONTRAINDICATES	diabetes mellitus
ISOCARBOXAZID	CONTRAINDICATES	schizophrenia
ISOCARBOXAZID	CONTRAINDICATES	kidney disorder
ISOCARBOXAZID	CONTRAINDICATES	hyperthyroidism
ISOCARBOXAZID	CONTRAINDICATES	pheochromocytoma
ISOCARBOXAZID	CONTRAINDICATES	cerebrovascular disorder
TEMSIROLIMUS	CONTRAINDICATES	hyperglycemia
TEMSIROLIMUS	CONTRAINDICATES	diabetes mellitus
TEMSIROLIMUS	CONTRAINDICATES	kidney disorder
LEVOCETIRIZINE	CONTRAINDICATES	kidney disorder
ARMODAFINIL	CONTRAINDICATES	psychotic disorder
ARMODAFINIL	CONTRAINDICATES	mitral valve prolapse
LEVOBUPIVACAINE	CONTRAINDICATES	kidney disorder
LEVOBUPIVACAINE	CONTRAINDICATES	myasthenia gravis
LEUPROLIDE	CONTRAINDICATES	hyperglycemia
LEUPROLIDE	CONTRAINDICATES	diabetes mellitus
LEUPROLIDE	CONTRAINDICATES	myocardial infarction
LEUPROLIDE	CONTRAINDICATES	urinary tract obstruction
METHAMPHETAMINE	CONTRAINDICATES	hepatic coma
METHAMPHETAMINE	CONTRAINDICATES	hepatic encephalopathy
METHAMPHETAMINE	CONTRAINDICATES	depressive disorder
METHAMPHETAMINE	CONTRAINDICATES	anemia
METHAMPHETAMINE	CONTRAINDICATES	bipolar disorder
METHAMPHETAMINE	CONTRAINDICATES	cardiomyopathy
METHAMPHETAMINE	CONTRAINDICATES	glaucoma
METHAMPHETAMINE	CONTRAINDICATES	myocardial infarction
METHAMPHETAMINE	CONTRAINDICATES	substance abuse
METHAMPHETAMINE	CONTRAINDICATES	kidney disorder
METHAMPHETAMINE	CONTRAINDICATES	sleep apnea syndrome
METHAMPHETAMINE	CONTRAINDICATES	anorexia nervosa
METHAMPHETAMINE	CONTRAINDICATES	psychotic disorder
METHAMPHETAMINE	CONTRAINDICATES	hyperthyroidism
METHAMPHETAMINE	CONTRAINDICATES	inherited porphyria
FONDAPARINUX	CONTRAINDICATES	anemia
FONDAPARINUX	CONTRAINDICATES	kidney disorder
FONDAPARINUX	CONTRAINDICATES	diabetic retinopathy
BENZTROPINE	CONTRAINDICATES	dysentery
BENZTROPINE	CONTRAINDICATES	angle-closure glaucoma
BENZTROPINE	CONTRAINDICATES	toxic megacolon
BENZTROPINE	CONTRAINDICATES	gastric ulcer
BENZTROPINE	CONTRAINDICATES	ulcerative colitis
BENZTROPINE	CONTRAINDICATES	kidney disorder
BENZTROPINE	CONTRAINDICATES	open-angle glaucoma
BENZTROPINE	CONTRAINDICATES	urinary tract obstruction
BENZTROPINE	CONTRAINDICATES	paralytic ileus
BENZTROPINE	CONTRAINDICATES	myasthenia gravis
BENZTROPINE	CONTRAINDICATES	gastroesophageal reflux disease
BENZTROPINE	CONTRAINDICATES	thyrotoxicosis
BENZTROPINE	CONTRAINDICATES	shigellosis
PHENMETRAZINE	CONTRAINDICATES	epilepsy
PHENMETRAZINE	CONTRAINDICATES	glaucoma
PHENMETRAZINE	CONTRAINDICATES	substance abuse
PHENMETRAZINE	CONTRAINDICATES	pulmonary hypertension
PHENMETRAZINE	CONTRAINDICATES	hyperthyroidism
PROPIOMAZINE	CONTRAINDICATES	hyperglycemia
PROPIOMAZINE	CONTRAINDICATES	anemia
PROPIOMAZINE	CONTRAINDICATES	epilepsy
PROPIOMAZINE	CONTRAINDICATES	glaucoma
PROPIOMAZINE	CONTRAINDICATES	myocardial infarction
PROPIOMAZINE	CONTRAINDICATES	leukopenia
PROPIOMAZINE	CONTRAINDICATES	obesity disorder
PROPIOMAZINE	CONTRAINDICATES	parkinsonian disorder
PROPIOMAZINE	CONTRAINDICATES	acquired hyperprolactinemia
PROPIOMAZINE	CONTRAINDICATES	neuroleptic malignant syndrome
MIDODRINE	CONTRAINDICATES	pheochromocytoma
MIDODRINE	CONTRAINDICATES	thyrotoxicosis
DAPIPRAZOLE	CONTRAINDICATES	angle-closure glaucoma
DAPIPRAZOLE	CONTRAINDICATES	iritis
VECURONIUM	CONTRAINDICATES	morbid obesity
VECURONIUM	CONTRAINDICATES	myasthenia gravis
LISDEXAMFETAMINE	CONTRAINDICATES	cardiomyopathy
LISDEXAMFETAMINE	CONTRAINDICATES	glaucoma
LISDEXAMFETAMINE	CONTRAINDICATES	myocardial infarction
LISDEXAMFETAMINE	CONTRAINDICATES	substance abuse
LISDEXAMFETAMINE	CONTRAINDICATES	psychotic disorder
LISDEXAMFETAMINE	CONTRAINDICATES	hyperthyroidism
IODINE	CONTRAINDICATES	kidney disorder
IODINE	CONTRAINDICATES	hypothyroidism
IODINE	CONTRAINDICATES	bronchitis
IODINE	CONTRAINDICATES	pulmonary tuberculosis
PREDNISOLONE PHOSPHORIC ACID	CONTRAINDICATES	diabetes mellitus
PREDNISOLONE PHOSPHORIC ACID	CONTRAINDICATES	open-angle glaucoma
PREDNISOLONE PHOSPHORIC ACID	CONTRAINDICATES	ocular hypertension
PREDNISOLONE PHOSPHORIC ACID	CONTRAINDICATES	inherited porphyria
ISOPROPAMIDE	CONTRAINDICATES	angle-closure glaucoma
ISOPROPAMIDE	CONTRAINDICATES	toxic megacolon
ISOPROPAMIDE	CONTRAINDICATES	hyperglycemia
ISOPROPAMIDE	CONTRAINDICATES	gastric ulcer
ISOPROPAMIDE	CONTRAINDICATES	anemia
ISOPROPAMIDE	CONTRAINDICATES	epilepsy
ISOPROPAMIDE	CONTRAINDICATES	glaucoma
ISOPROPAMIDE	CONTRAINDICATES	myocardial infarction
ISOPROPAMIDE	CONTRAINDICATES	ulcerative colitis
ISOPROPAMIDE	CONTRAINDICATES	kidney disorder
ISOPROPAMIDE	CONTRAINDICATES	urinary tract obstruction
ISOPROPAMIDE	CONTRAINDICATES	hyperthyroidism
ISOPROPAMIDE	CONTRAINDICATES	paralytic ileus
ISOPROPAMIDE	CONTRAINDICATES	leukopenia
ISOPROPAMIDE	CONTRAINDICATES	myasthenia gravis
ISOPROPAMIDE	CONTRAINDICATES	obesity disorder
ISOPROPAMIDE	CONTRAINDICATES	parkinsonian disorder
ISOPROPAMIDE	CONTRAINDICATES	acquired hyperprolactinemia
ISOPROPAMIDE	CONTRAINDICATES	neuroleptic malignant syndrome
METHYLDOPATE	CONTRAINDICATES	depressive disorder
METHYLDOPATE	CONTRAINDICATES	anemia
METHYLDOPATE	CONTRAINDICATES	kidney disorder
METHYLDOPATE	CONTRAINDICATES	pheochromocytoma
METHYLDOPATE	CONTRAINDICATES	autoimmune hemolytic anemia
METHYLDOPATE	CONTRAINDICATES	inherited porphyria
METHYLDOPATE	CONTRAINDICATES	parkinsonian disorder
METHYLHOMATROPINE	CONTRAINDICATES	angle-closure glaucoma
METHYLHOMATROPINE	CONTRAINDICATES	toxic megacolon
METHYLHOMATROPINE	CONTRAINDICATES	urethral stricture
METHYLHOMATROPINE	CONTRAINDICATES	gastric ulcer
METHYLHOMATROPINE	CONTRAINDICATES	ulcerative colitis
METHYLHOMATROPINE	CONTRAINDICATES	morbid obesity
METHYLHOMATROPINE	CONTRAINDICATES	substance abuse
METHYLHOMATROPINE	CONTRAINDICATES	kidney disorder
METHYLHOMATROPINE	CONTRAINDICATES	inflammatory bowel disease
METHYLHOMATROPINE	CONTRAINDICATES	urinary tract obstruction
METHYLHOMATROPINE	CONTRAINDICATES	hypothyroidism
METHYLHOMATROPINE	CONTRAINDICATES	hyperthyroidism
METHYLHOMATROPINE	CONTRAINDICATES	paralytic ileus
METHYLHOMATROPINE	CONTRAINDICATES	cor pulmonale
METHYLHOMATROPINE	CONTRAINDICATES	pulmonary emphysema
METHYLHOMATROPINE	CONTRAINDICATES	myasthenia gravis
CARBIDOPA ANHYDROUS	CONTRAINDICATES	diarrheal disease
CARBIDOPA ANHYDROUS	CONTRAINDICATES	angle-closure glaucoma
CARBIDOPA ANHYDROUS	CONTRAINDICATES	depressive disorder
CARBIDOPA ANHYDROUS	CONTRAINDICATES	gastric ulcer
CARBIDOPA ANHYDROUS	CONTRAINDICATES	diabetes mellitus
CARBIDOPA ANHYDROUS	CONTRAINDICATES	myocardial infarction
CARBIDOPA ANHYDROUS	CONTRAINDICATES	kidney disorder
CARBIDOPA ANHYDROUS	CONTRAINDICATES	open-angle glaucoma
CARBIDOPA ANHYDROUS	CONTRAINDICATES	psychotic disorder
LEVOBUNOLOL	CONTRAINDICATES	asthma
LEVOBUNOLOL	CONTRAINDICATES	diabetes mellitus
LEVOBUNOLOL	CONTRAINDICATES	pulmonary emphysema
LEVOBUNOLOL	CONTRAINDICATES	myasthenia gravis
IODAMIDE	CONTRAINDICATES	pheochromocytoma
IPODATE	CONTRAINDICATES	asthma
IPODATE	CONTRAINDICATES	kidney disorder
IPODATE	CONTRAINDICATES	pheochromocytoma
ROCURONIUM	CONTRAINDICATES	pulmonary hypertension
ROCURONIUM	CONTRAINDICATES	myasthenia gravis
ROCURONIUM	CONTRAINDICATES	malignant hyperthermia of anesthesia
BROMODIPHENHYDRAMINE	CONTRAINDICATES	urethral stricture
BROMODIPHENHYDRAMINE	CONTRAINDICATES	epilepsy
BROMODIPHENHYDRAMINE	CONTRAINDICATES	substance abuse
BROMODIPHENHYDRAMINE	CONTRAINDICATES	kidney disorder
BROMODIPHENHYDRAMINE	CONTRAINDICATES	inflammatory bowel disease
BROMODIPHENHYDRAMINE	CONTRAINDICATES	hypothyroidism
GOSERELIN	CONTRAINDICATES	hypercalcemia disease
GOSERELIN	CONTRAINDICATES	hyperglycemia
GOSERELIN	CONTRAINDICATES	diabetes mellitus
GOSERELIN	CONTRAINDICATES	urinary tract obstruction
GOSERELIN	CONTRAINDICATES	obesity disorder
CISATRACURIUM	CONTRAINDICATES	myasthenia gravis
CISATRACURIUM	CONTRAINDICATES	malignant hyperthermia of anesthesia
ARBUTAMINE	CONTRAINDICATES	angle-closure glaucoma
ARBUTAMINE	CONTRAINDICATES	hyperthyroidism
HISTRELIN	CONTRAINDICATES	hyperglycemia
HISTRELIN	CONTRAINDICATES	diabetes mellitus
HISTRELIN	CONTRAINDICATES	obesity disorder
TRIMETHOBENZAMIDE	CONTRAINDICATES	kidney disorder
TRIMETHOBENZAMIDE	CONTRAINDICATES	encephalitis
DIPIVEFRIN	CONTRAINDICATES	angle-closure glaucoma
CHLORPHENTERMINE	CONTRAINDICATES	mild pre-eclampsia
CHLORPHENTERMINE	CONTRAINDICATES	glaucoma
CHLORPHENTERMINE	CONTRAINDICATES	substance abuse
CHLORPHENTERMINE	CONTRAINDICATES	pulmonary hypertension
CHLORPHENTERMINE	CONTRAINDICATES	psychotic disorder
CHLORPHENTERMINE	CONTRAINDICATES	hyperthyroidism
CHLORPHENTERMINE	CONTRAINDICATES	arteriosclerosis obliterans
METHENAMINE	CONTRAINDICATES	hyperphosphatemia
METHENAMINE	CONTRAINDICATES	toxic megacolon
METHENAMINE	CONTRAINDICATES	anemia
METHENAMINE	CONTRAINDICATES	gastritis
METHENAMINE	CONTRAINDICATES	diabetes mellitus
METHENAMINE	CONTRAINDICATES	glaucoma
METHENAMINE	CONTRAINDICATES	glomerulonephritis
METHENAMINE	CONTRAINDICATES	kidney disorder
METHENAMINE	CONTRAINDICATES	hyperthyroidism
METHENAMINE	CONTRAINDICATES	paralytic ileus
METHENAMINE	CONTRAINDICATES	uremia
METHENAMINE	CONTRAINDICATES	myasthenia gravis
METHENAMINE	CONTRAINDICATES	gastroesophageal reflux disease
METHENAMINE	CONTRAINDICATES	thyrotoxicosis
METHENAMINE	CONTRAINDICATES	thrombotic thrombocytopenic purpura
METHENAMINE	CONTRAINDICATES	hemophilia
CINACALCET	CONTRAINDICATES	hypophosphatemia
DEXBROMPHENIRAMINE	CONTRAINDICATES	angle-closure glaucoma
DEXBROMPHENIRAMINE	CONTRAINDICATES	urethral stricture
DEXBROMPHENIRAMINE	CONTRAINDICATES	diabetes mellitus
DEXBROMPHENIRAMINE	CONTRAINDICATES	myocardial infarction
DEXBROMPHENIRAMINE	CONTRAINDICATES	ulcerative colitis
DEXBROMPHENIRAMINE	CONTRAINDICATES	morbid obesity
DEXBROMPHENIRAMINE	CONTRAINDICATES	substance abuse
DEXBROMPHENIRAMINE	CONTRAINDICATES	kidney disorder
DEXBROMPHENIRAMINE	CONTRAINDICATES	inflammatory bowel disease
DEXBROMPHENIRAMINE	CONTRAINDICATES	hypothyroidism
DEXBROMPHENIRAMINE	CONTRAINDICATES	acute pancreatitis
DEXBROMPHENIRAMINE	CONTRAINDICATES	hyperthyroidism
DEXBROMPHENIRAMINE	CONTRAINDICATES	cor pulmonale
DEXBROMPHENIRAMINE	CONTRAINDICATES	pulmonary emphysema
DEXBROMPHENIRAMINE	CONTRAINDICATES	ocular hypertension
DIPHENOXYLATE	CONTRAINDICATES	angle-closure glaucoma
DIPHENOXYLATE	CONTRAINDICATES	hepatorenal syndrome
DIPHENOXYLATE	CONTRAINDICATES	kidney disorder
DIPHENOXYLATE	CONTRAINDICATES	shigellosis
CHLOPHEDIANOL	CONTRAINDICATES	angle-closure glaucoma
CHLOPHEDIANOL	CONTRAINDICATES	diabetes mellitus
CHLOPHEDIANOL	CONTRAINDICATES	myocardial infarction
CHLOPHEDIANOL	CONTRAINDICATES	acute pancreatitis
CHLOPHEDIANOL	CONTRAINDICATES	hyperthyroidism
CHLOPHEDIANOL	CONTRAINDICATES	ocular hypertension
VALGANCICLOVIR	CONTRAINDICATES	anemia
VALGANCICLOVIR	CONTRAINDICATES	aplastic anemia
ESOMEPRAZOLE	CONTRAINDICATES	osteoporosis
ESOMEPRAZOLE	CONTRAINDICATES	chronic atrophic gastritis
DIFENOXIN	CONTRAINDICATES	angle-closure glaucoma
DIFENOXIN	CONTRAINDICATES	toxic megacolon
DIFENOXIN	CONTRAINDICATES	gastric ulcer
DIFENOXIN	CONTRAINDICATES	ulcerative colitis
DIFENOXIN	CONTRAINDICATES	substance abuse
DIFENOXIN	CONTRAINDICATES	kidney disorder
DIFENOXIN	CONTRAINDICATES	urinary tract obstruction
DIFENOXIN	CONTRAINDICATES	hyperthyroidism
DIFENOXIN	CONTRAINDICATES	paralytic ileus
DIFENOXIN	CONTRAINDICATES	myasthenia gravis
THONZONIUM	CONTRAINDICATES	herpes simplex infectious disease
TRIPTORELIN	CONTRAINDICATES	hyperglycemia
TRIPTORELIN	CONTRAINDICATES	diabetes mellitus
TRIPTORELIN	CONTRAINDICATES	kidney disorder
TRIPTORELIN	CONTRAINDICATES	urinary tract obstruction
TRIPTORELIN	CONTRAINDICATES	obesity disorder
GLYCOPYRRONIUM	CONTRAINDICATES	hepatic coma
GLYCOPYRRONIUM	CONTRAINDICATES	hepatic encephalopathy
GLYCOPYRRONIUM	CONTRAINDICATES	angle-closure glaucoma
GLYCOPYRRONIUM	CONTRAINDICATES	toxic megacolon
GLYCOPYRRONIUM	CONTRAINDICATES	gastric ulcer
GLYCOPYRRONIUM	CONTRAINDICATES	anemia
GLYCOPYRRONIUM	CONTRAINDICATES	ulcerative colitis
GLYCOPYRRONIUM	CONTRAINDICATES	substance abuse
GLYCOPYRRONIUM	CONTRAINDICATES	sleep apnea syndrome
GLYCOPYRRONIUM	CONTRAINDICATES	urinary tract obstruction
GLYCOPYRRONIUM	CONTRAINDICATES	hyperthyroidism
GLYCOPYRRONIUM	CONTRAINDICATES	paralytic ileus
GLYCOPYRRONIUM	CONTRAINDICATES	myasthenia gravis
GLYCOPYRRONIUM	CONTRAINDICATES	inherited porphyria
FOSPHENYTOIN	CONTRAINDICATES	hyperphosphatemia
FOSPHENYTOIN	CONTRAINDICATES	pancytopenia
FOSPHENYTOIN	CONTRAINDICATES	kidney disorder
FOSPHENYTOIN	CONTRAINDICATES	leukopenia
FOSPHENYTOIN	CONTRAINDICATES	systemic lupus erythematosus
CYCLOPENTOLATE	CONTRAINDICATES	angle-closure glaucoma
CYCLOPENTOLATE	CONTRAINDICATES	diabetes mellitus
CYCLOPENTOLATE	CONTRAINDICATES	heart disorder
CYCLOPENTOLATE	CONTRAINDICATES	hyperthyroidism
ECHOTHIOPHATE	CONTRAINDICATES	diarrheal disease
ECHOTHIOPHATE	CONTRAINDICATES	angle-closure glaucoma
ECHOTHIOPHATE	CONTRAINDICATES	asthma
ECHOTHIOPHATE	CONTRAINDICATES	epilepsy
ECHOTHIOPHATE	CONTRAINDICATES	irritable bowel syndrome
ECHOTHIOPHATE	CONTRAINDICATES	iritis
ECHOTHIOPHATE	CONTRAINDICATES	retinal detachment
ECHOTHIOPHATE	CONTRAINDICATES	uveitis
ECHOTHIOPHATE	CONTRAINDICATES	parkinsonian disorder
TETRADECYL SULFURIC ACID	CONTRAINDICATES	thrombophlebitis migrans
TETRADECYL SULFURIC ACID	CONTRAINDICATES	thrombophlebitis
TETRADECYL SULFURIC ACID	CONTRAINDICATES	thromboangiitis obliterans
TETRADECYL SULFURIC ACID	CONTRAINDICATES	thyrotoxicosis
BALSALAZIDE	CONTRAINDICATES	kidney disorder
RAPACURONIUM	CONTRAINDICATES	myasthenia gravis
DEXCHLORPHENIRAMINE	CONTRAINDICATES	angle-closure glaucoma
DEXCHLORPHENIRAMINE	CONTRAINDICATES	toxic megacolon
DEXCHLORPHENIRAMINE	CONTRAINDICATES	urethral stricture
DEXCHLORPHENIRAMINE	CONTRAINDICATES	gastric ulcer
DEXCHLORPHENIRAMINE	CONTRAINDICATES	diabetes mellitus
DEXCHLORPHENIRAMINE	CONTRAINDICATES	epilepsy
DEXCHLORPHENIRAMINE	CONTRAINDICATES	myocardial infarction
DEXCHLORPHENIRAMINE	CONTRAINDICATES	ulcerative colitis
DEXCHLORPHENIRAMINE	CONTRAINDICATES	morbid obesity
DEXCHLORPHENIRAMINE	CONTRAINDICATES	substance abuse
DEXCHLORPHENIRAMINE	CONTRAINDICATES	kidney disorder
DEXCHLORPHENIRAMINE	CONTRAINDICATES	inflammatory bowel disease
DEXCHLORPHENIRAMINE	CONTRAINDICATES	urinary tract obstruction
DEXCHLORPHENIRAMINE	CONTRAINDICATES	hypothyroidism
DEXCHLORPHENIRAMINE	CONTRAINDICATES	acute pancreatitis
DEXCHLORPHENIRAMINE	CONTRAINDICATES	hyperthyroidism
DEXCHLORPHENIRAMINE	CONTRAINDICATES	paralytic ileus
DEXCHLORPHENIRAMINE	CONTRAINDICATES	cor pulmonale
DEXCHLORPHENIRAMINE	CONTRAINDICATES	pulmonary emphysema
DEXCHLORPHENIRAMINE	CONTRAINDICATES	ocular hypertension
DEXCHLORPHENIRAMINE	CONTRAINDICATES	myasthenia gravis
TRIDIHEXETHYL	CONTRAINDICATES	substance abuse
TRIDIHEXETHYL	CONTRAINDICATES	kidney disorder
TRIDIHEXETHYL	CONTRAINDICATES	acute intermittent porphyria
METHYLERGONOVINE	CONTRAINDICATES	kidney disorder
METHYLERGONOVINE	CONTRAINDICATES	arteriosclerosis obliterans
BRETYLIUM	CONTRAINDICATES	pulmonary hypertension
BRETYLIUM	CONTRAINDICATES	kidney disorder
BRETYLIUM	CONTRAINDICATES	aortic valve stenosis
FLUMETHASONE	CONTRAINDICATES	hypopituitarism
PRALATREXATE	CONTRAINDICATES	anemia
PRALATREXATE	CONTRAINDICATES	stomatitis
CABAZITAXEL	CONTRAINDICATES	anemia
CABAZITAXEL	CONTRAINDICATES	kidney disorder
CABAZITAXEL	CONTRAINDICATES	leukopenia
DIFLUPREDNATE	CONTRAINDICATES	ocular hypertension
IXABEPILONE	CONTRAINDICATES	anemia
IXABEPILONE	CONTRAINDICATES	diabetes mellitus
IXABEPILONE	CONTRAINDICATES	heart disorder
PITAVASTATIN	CONTRAINDICATES	hypothyroidism
RUFINAMIDE	CONTRAINDICATES	depressive disorder
RUFINAMIDE	CONTRAINDICATES	leukopenia
FESOTERODINE	CONTRAINDICATES	angle-closure glaucoma
FESOTERODINE	CONTRAINDICATES	myasthenia gravis
PRASUGREL	CONTRAINDICATES	thrombotic thrombocytopenic purpura
TAPENTADOL	CONTRAINDICATES	pancreatitis
TAPENTADOL	CONTRAINDICATES	morbid obesity
TAPENTADOL	CONTRAINDICATES	substance abuse
TAPENTADOL	CONTRAINDICATES	sleep apnea syndrome
TAPENTADOL	CONTRAINDICATES	paralytic ileus
TAPENTADOL	CONTRAINDICATES	cor pulmonale
TAPENTADOL	CONTRAINDICATES	myxedema
DEXLANSOPRAZOLE	CONTRAINDICATES	osteoporosis
DIENOGEST	CONTRAINDICATES	dementia
DIENOGEST	CONTRAINDICATES	depressive disorder
DIENOGEST	CONTRAINDICATES	thrombophlebitis
DIENOGEST	CONTRAINDICATES	thrombophilia
DIENOGEST	CONTRAINDICATES	asthma
DIENOGEST	CONTRAINDICATES	diabetes mellitus
DIENOGEST	CONTRAINDICATES	epilepsy
DIENOGEST	CONTRAINDICATES	myocardial infarction
DIENOGEST	CONTRAINDICATES	endometrial carcinoma
DIENOGEST	CONTRAINDICATES	kidney disorder
DIENOGEST	CONTRAINDICATES	migraine disorder
DIENOGEST	CONTRAINDICATES	hypothyroidism
DIENOGEST	CONTRAINDICATES	systemic lupus erythematosus
DIENOGEST	CONTRAINDICATES	obesity disorder
DIENOGEST	CONTRAINDICATES	inherited porphyria
TESTOSTERONE ENANTHATE	CONTRAINDICATES	gynecomastia disorder
TESTOSTERONE ENANTHATE	CONTRAINDICATES	dementia
TESTOSTERONE ENANTHATE	CONTRAINDICATES	thrombophlebitis
TESTOSTERONE ENANTHATE	CONTRAINDICATES	thrombophilia
TESTOSTERONE ENANTHATE	CONTRAINDICATES	asthma
TESTOSTERONE ENANTHATE	CONTRAINDICATES	diabetes mellitus
TESTOSTERONE ENANTHATE	CONTRAINDICATES	epilepsy
TESTOSTERONE ENANTHATE	CONTRAINDICATES	myocardial infarction
TESTOSTERONE ENANTHATE	CONTRAINDICATES	endometriosis
TESTOSTERONE ENANTHATE	CONTRAINDICATES	endometrial carcinoma
TESTOSTERONE ENANTHATE	CONTRAINDICATES	kidney disorder
TESTOSTERONE ENANTHATE	CONTRAINDICATES	heart disorder
TESTOSTERONE ENANTHATE	CONTRAINDICATES	migraine disorder
TESTOSTERONE ENANTHATE	CONTRAINDICATES	sleep apnea syndrome
TESTOSTERONE ENANTHATE	CONTRAINDICATES	hypothyroidism
TESTOSTERONE ENANTHATE	CONTRAINDICATES	systemic lupus erythematosus
TESTOSTERONE ENANTHATE	CONTRAINDICATES	obesity disorder
CYCLACILLIN	CONTRAINDICATES	kidney disorder
CYCLACILLIN	CONTRAINDICATES	infectious mononucleosis
BENZOYL PEROXIDE	CONTRAINDICATES	adrenocortical insufficiency
BENZOYL PEROXIDE	CONTRAINDICATES	Crohn disease
BENZOYL PEROXIDE	CONTRAINDICATES	diabetes mellitus
BENZOYL PEROXIDE	CONTRAINDICATES	ulcerative colitis
BENZOYL PEROXIDE	CONTRAINDICATES	kidney disorder
BENZOYL PEROXIDE	CONTRAINDICATES	peripheral vascular disease
BETAMETHASONE BENZOATE	CONTRAINDICATES	adrenocortical insufficiency
BETAMETHASONE BENZOATE	CONTRAINDICATES	peripheral vascular disease
BETAMETHASONE DIPROPIONATE	CONTRAINDICATES	adrenocortical insufficiency
BETAMETHASONE DIPROPIONATE	CONTRAINDICATES	hypercalcemia disease
BETAMETHASONE DIPROPIONATE	CONTRAINDICATES	peripheral vascular disease
BETAMETHASONE DIPROPIONATE	CONTRAINDICATES	hypervitaminosis D
PREDNICARBATE	CONTRAINDICATES	adrenocortical insufficiency
PREDNICARBATE	CONTRAINDICATES	peripheral vascular disease
TROMETHAMINE	CONTRAINDICATES	corneal degeneration
TROMETHAMINE	CONTRAINDICATES	gastric ulcer
TROMETHAMINE	CONTRAINDICATES	anemia
TROMETHAMINE	CONTRAINDICATES	asthma
TROMETHAMINE	CONTRAINDICATES	diabetes mellitus
TROMETHAMINE	CONTRAINDICATES	myocardial infarction
TROMETHAMINE	CONTRAINDICATES	anuria
TROMETHAMINE	CONTRAINDICATES	kidney disorder
TROMETHAMINE	CONTRAINDICATES	inflammatory bowel disease
TROMETHAMINE	CONTRAINDICATES	uremia
TROMETHAMINE	CONTRAINDICATES	rheumatoid arthritis
TROMETHAMINE	CONTRAINDICATES	hemophilia
OXANDROLONE	CONTRAINDICATES	hypercalcemia disease
OXANDROLONE	CONTRAINDICATES	kidney disorder
OXANDROLONE	CONTRAINDICATES	nephrotic syndrome
OXANDROLONE	CONTRAINDICATES	peliosis hepatis
TRIAMCINOLONE DIACETATE	CONTRAINDICATES	hyperglycemia
TRIAMCINOLONE DIACETATE	CONTRAINDICATES	gastritis
TRIAMCINOLONE DIACETATE	CONTRAINDICATES	diabetes mellitus
TRIAMCINOLONE DIACETATE	CONTRAINDICATES	potassium deficiency disease
TRIAMCINOLONE DIACETATE	CONTRAINDICATES	hypopituitarism
TRIAMCINOLONE DIACETATE	CONTRAINDICATES	osteoporosis
TRIAMCINOLONE DIACETATE	CONTRAINDICATES	open-angle glaucoma
TRIAMCINOLONE DIACETATE	CONTRAINDICATES	hypothyroidism
TRIAMCINOLONE DIACETATE	CONTRAINDICATES	psychotic disorder
TRIAMCINOLONE DIACETATE	CONTRAINDICATES	herpes simplex infectious disease
TRIAMCINOLONE DIACETATE	CONTRAINDICATES	measles
TRIAMCINOLONE DIACETATE	CONTRAINDICATES	cerebral malaria
TRIAMCINOLONE DIACETATE	CONTRAINDICATES	citrullinemia
TRIAMCINOLONE DIACETATE	CONTRAINDICATES	tuberculosis
QUAZEPAM	CONTRAINDICATES	depressive disorder
QUAZEPAM	CONTRAINDICATES	substance abuse
QUAZEPAM	CONTRAINDICATES	kidney disorder
QUAZEPAM	CONTRAINDICATES	sleep apnea syndrome
QUAZEPAM	CONTRAINDICATES	inherited porphyria
BECLOMETHASONE DIPROPIONATE	CONTRAINDICATES	adrenocortical insufficiency
BECLOMETHASONE DIPROPIONATE	CONTRAINDICATES	glaucoma
BECLOMETHASONE DIPROPIONATE	CONTRAINDICATES	bacterial infectious disease
BECLOMETHASONE DIPROPIONATE	CONTRAINDICATES	measles
BECLOMETHASONE DIPROPIONATE	CONTRAINDICATES	ocular hypertension
DESERPIDINE	CONTRAINDICATES	hepatic coma
DESERPIDINE	CONTRAINDICATES	hypercalcemia disease
DESERPIDINE	CONTRAINDICATES	hyperparathyroidism
DESERPIDINE	CONTRAINDICATES	diabetes mellitus
DESERPIDINE	CONTRAINDICATES	potassium deficiency disease
DESERPIDINE	CONTRAINDICATES	anuria
DESERPIDINE	CONTRAINDICATES	gout
DESERPIDINE	CONTRAINDICATES	acute pancreatitis
DESERPIDINE	CONTRAINDICATES	systemic lupus erythematosus
DIFLORASONE DIACETATE	CONTRAINDICATES	adrenocortical insufficiency
DIFLORASONE DIACETATE	CONTRAINDICATES	peripheral vascular disease
MAGNESIUM OXIDE	CONTRAINDICATES	hyperphosphatemia
MAGNESIUM OXIDE	CONTRAINDICATES	hypercalcemia disease
MAGNESIUM OXIDE	CONTRAINDICATES	metabolic acidosis
MAGNESIUM OXIDE	CONTRAINDICATES	diarrheal disease
MAGNESIUM OXIDE	CONTRAINDICATES	hyperparathyroidism
MAGNESIUM OXIDE	CONTRAINDICATES	bipolar disorder
MAGNESIUM OXIDE	CONTRAINDICATES	endometrial carcinoma
MAGNESIUM OXIDE	CONTRAINDICATES	kidney disorder
MAGNESIUM OXIDE	CONTRAINDICATES	arteriosclerosis obliterans
MAGNESIUM OXIDE	CONTRAINDICATES	gastroparesis
MAGNESIUM OXIDE	CONTRAINDICATES	hypervitaminosis D
MAGNESIUM OXIDE	CONTRAINDICATES	sarcoidosis
OXYMETHOLONE	CONTRAINDICATES	diabetes mellitus
OXYMETHOLONE	CONTRAINDICATES	kidney disorder
OXYMETHOLONE	CONTRAINDICATES	heart disorder
OXYMETHOLONE	CONTRAINDICATES	nephrotic syndrome
OXYMETHOLONE	CONTRAINDICATES	peliosis hepatis
FLUOROMETHOLONE	CONTRAINDICATES	inherited porphyria
ELAGOLIX	CONTRAINDICATES	osteoporosis
TROPICAMIDE	CONTRAINDICATES	angle-closure glaucoma
TROPICAMIDE	CONTRAINDICATES	diabetes mellitus
TROPICAMIDE	CONTRAINDICATES	open-angle glaucoma
TROPICAMIDE	CONTRAINDICATES	hyperthyroidism
PARICALCITOL	CONTRAINDICATES	hyperphosphatemia
PARICALCITOL	CONTRAINDICATES	hypercalcemia disease
PARICALCITOL	CONTRAINDICATES	hypervitaminosis D
ETHYNODIOL DIACETATE	CONTRAINDICATES	depressive disorder
ETHYNODIOL DIACETATE	CONTRAINDICATES	thrombophlebitis
ETHYNODIOL DIACETATE	CONTRAINDICATES	hyperglycemia
ETHYNODIOL DIACETATE	CONTRAINDICATES	diabetes mellitus
ETHYNODIOL DIACETATE	CONTRAINDICATES	myocardial infarction
ETHYNODIOL DIACETATE	CONTRAINDICATES	endometrial carcinoma
ETHYNODIOL DIACETATE	CONTRAINDICATES	migraine disorder
ETHYNODIOL DIACETATE	CONTRAINDICATES	benign mammary dysplasia
ETHYNODIOL DIACETATE	CONTRAINDICATES	obesity disorder
ETHYNODIOL DIACETATE	CONTRAINDICATES	inherited porphyria
CALCIPOTRIENE	CONTRAINDICATES	adrenocortical insufficiency
CALCIPOTRIENE	CONTRAINDICATES	hypercalcemia disease
CALCIPOTRIENE	CONTRAINDICATES	peripheral vascular disease
CALCIPOTRIENE	CONTRAINDICATES	hypervitaminosis D
PIMECROLIMUS	CONTRAINDICATES	herpes simplex infectious disease
PIMECROLIMUS	CONTRAINDICATES	herpes zoster
PIMECROLIMUS	CONTRAINDICATES	infectious mononucleosis
PIMECROLIMUS	CONTRAINDICATES	herpes simplex dermatitis
ERYTHROMYCIN ETHYLSUCCINATE	CONTRAINDICATES	kidney disorder
ERYTHROMYCIN ETHYLSUCCINATE	CONTRAINDICATES	myasthenia gravis
ERYTHROMYCIN ETHYLSUCCINATE	CONTRAINDICATES	infant botulism
ERYTHROMYCIN ETHYLSUCCINATE	CONTRAINDICATES	parkinsonian disorder
CLORAZEPIC ACID	CONTRAINDICATES	angle-closure glaucoma
CLORAZEPIC ACID	CONTRAINDICATES	depressive disorder
CLORAZEPIC ACID	CONTRAINDICATES	anemia
CLORAZEPIC ACID	CONTRAINDICATES	substance abuse
CLORAZEPIC ACID	CONTRAINDICATES	kidney disorder
CLORAZEPIC ACID	CONTRAINDICATES	sleep apnea syndrome
CLORAZEPIC ACID	CONTRAINDICATES	psychotic disorder
PROPOXYPHENE	CONTRAINDICATES	depressive disorder
PROPOXYPHENE	CONTRAINDICATES	anemia
PROPOXYPHENE	CONTRAINDICATES	substance abuse
PROPOXYPHENE	CONTRAINDICATES	kidney disorder
PROPOXYPHENE	CONTRAINDICATES	panic disorder
PROPOXYPHENE	CONTRAINDICATES	gout
PROPOXYPHENE	CONTRAINDICATES	acute pancreatitis
PROPOXYPHENE	CONTRAINDICATES	paralytic ileus
PROPOXYPHENE	CONTRAINDICATES	cor pulmonale
PROPOXYPHENE	CONTRAINDICATES	agoraphobia
PROPOXYPHENE	CONTRAINDICATES	obsessive-compulsive disorder
PROPOXYPHENE	CONTRAINDICATES	thrombotic thrombocytopenic purpura
PROPOXYPHENE	CONTRAINDICATES	hemophilia
ETHYL LOFLAZEPATE	CONTRAINDICATES	angle-closure glaucoma
ETHYL LOFLAZEPATE	CONTRAINDICATES	myasthenia gravis
INOSITOL	CONTRAINDICATES	cerebral infarction
INOSITOL	CONTRAINDICATES	hypophosphatemia
INOSITOL	CONTRAINDICATES	hyperglycemia
INOSITOL	CONTRAINDICATES	diabetes mellitus
INOSITOL	CONTRAINDICATES	myocardial infarction
INOSITOL	CONTRAINDICATES	gout
VEMURAFENIB	CONTRAINDICATES	potassium deficiency disease
VEMURAFENIB	CONTRAINDICATES	iritis
VEMURAFENIB	CONTRAINDICATES	uveitis
ESTETROL ANHYDROUS	CONTRAINDICATES	atrial fibrillation
ESTETROL ANHYDROUS	CONTRAINDICATES	diabetes mellitus
ESTETROL ANHYDROUS	CONTRAINDICATES	hepatocellular carcinoma
ESTETROL ANHYDROUS	CONTRAINDICATES	cerebrovascular disorder
ESTETROL ANHYDROUS	CONTRAINDICATES	hepatocellular adenoma
LURASIDONE	CONTRAINDICATES	hyperglycemia
LURASIDONE	CONTRAINDICATES	diabetes mellitus
LURASIDONE	CONTRAINDICATES	leukopenia
LURASIDONE	CONTRAINDICATES	acquired hyperprolactinemia
LURASIDONE	CONTRAINDICATES	neuroleptic malignant syndrome
TREPROSTINIL	CONTRAINDICATES	kidney disorder
CARBOPROST	CONTRAINDICATES	severe pre-eclampsia
CARBOPROST	CONTRAINDICATES	mild pre-eclampsia
CARBOPROST	CONTRAINDICATES	anemia
CARBOPROST	CONTRAINDICATES	asthma
CARBOPROST	CONTRAINDICATES	diabetes mellitus
CARBOPROST	CONTRAINDICATES	epilepsy
CARBOPROST	CONTRAINDICATES	kidney disorder
CARBOPROST	CONTRAINDICATES	heart disorder
DOXACURIUM	CONTRAINDICATES	myasthenia gravis
MECLOCYCLINE	CONTRAINDICATES	kidney disorder
MECLOCYCLINE	CONTRAINDICATES	diabetes insipidus
CLEVIDIPINE	CONTRAINDICATES	pancreatitis
LEVOMEFOLIC ACID	CONTRAINDICATES	adrenocortical insufficiency
LEVOMEFOLIC ACID	CONTRAINDICATES	dementia
LEVOMEFOLIC ACID	CONTRAINDICATES	depressive disorder
LEVOMEFOLIC ACID	CONTRAINDICATES	thrombophlebitis
LEVOMEFOLIC ACID	CONTRAINDICATES	thrombophilia
LEVOMEFOLIC ACID	CONTRAINDICATES	asthma
LEVOMEFOLIC ACID	CONTRAINDICATES	diabetes mellitus
LEVOMEFOLIC ACID	CONTRAINDICATES	epilepsy
LEVOMEFOLIC ACID	CONTRAINDICATES	myocardial infarction
LEVOMEFOLIC ACID	CONTRAINDICATES	endometriosis
LEVOMEFOLIC ACID	CONTRAINDICATES	endometrial carcinoma
LEVOMEFOLIC ACID	CONTRAINDICATES	kidney disorder
LEVOMEFOLIC ACID	CONTRAINDICATES	migraine disorder
LEVOMEFOLIC ACID	CONTRAINDICATES	hypothyroidism
LEVOMEFOLIC ACID	CONTRAINDICATES	systemic lupus erythematosus
LEVOMEFOLIC ACID	CONTRAINDICATES	obesity disorder
LEVOMEFOLIC ACID	CONTRAINDICATES	inherited porphyria
ISOLEUCINE	CONTRAINDICATES	hypercalcemia disease
ISOLEUCINE	CONTRAINDICATES	kidney disorder
ISOLEUCINE	CONTRAINDICATES	heart disorder
ISOLEUCINE	CONTRAINDICATES	end stage renal failure
ISOLEUCINE	CONTRAINDICATES	sarcoidosis
FORMOTEROL	CONTRAINDICATES	diabetes mellitus
FORMOTEROL	CONTRAINDICATES	glaucoma
FORMOTEROL	CONTRAINDICATES	potassium deficiency disease
FORMOTEROL	CONTRAINDICATES	hypopituitarism
FORMOTEROL	CONTRAINDICATES	osteoporosis
FORMOTEROL	CONTRAINDICATES	measles
FORMOTEROL	CONTRAINDICATES	ocular hypertension
FORMOTEROL	CONTRAINDICATES	thyrotoxicosis
MIFEPRISTONE	CONTRAINDICATES	adrenocortical insufficiency
MIFEPRISTONE	CONTRAINDICATES	erythropoietic protoporphyria
MIFEPRISTONE	CONTRAINDICATES	ectopic pregnancy
MIFEPRISTONE	CONTRAINDICATES	bacterial infectious disease
MIFEPRISTONE	CONTRAINDICATES	acute intermittent porphyria
MIFEPRISTONE	CONTRAINDICATES	variegate porphyria
MIFEPRISTONE	CONTRAINDICATES	porphyria cutanea tarda
CHEMBL1290003	CONTRAINDICATES	potassium deficiency disease
HYOSCYAMINE	CONTRAINDICATES	hyperphosphatemia
HYOSCYAMINE	CONTRAINDICATES	hepatic coma
HYOSCYAMINE	CONTRAINDICATES	hepatic encephalopathy
HYOSCYAMINE	CONTRAINDICATES	angle-closure glaucoma
HYOSCYAMINE	CONTRAINDICATES	depressive disorder
HYOSCYAMINE	CONTRAINDICATES	toxic megacolon
HYOSCYAMINE	CONTRAINDICATES	gastric ulcer
HYOSCYAMINE	CONTRAINDICATES	anemia
HYOSCYAMINE	CONTRAINDICATES	gastritis
HYOSCYAMINE	CONTRAINDICATES	diabetes mellitus
HYOSCYAMINE	CONTRAINDICATES	glaucoma
HYOSCYAMINE	CONTRAINDICATES	ulcerative colitis
HYOSCYAMINE	CONTRAINDICATES	glomerulonephritis
HYOSCYAMINE	CONTRAINDICATES	substance abuse
HYOSCYAMINE	CONTRAINDICATES	kidney disorder
HYOSCYAMINE	CONTRAINDICATES	sleep apnea syndrome
HYOSCYAMINE	CONTRAINDICATES	urinary tract obstruction
HYOSCYAMINE	CONTRAINDICATES	hyperthyroidism
HYOSCYAMINE	CONTRAINDICATES	paralytic ileus
HYOSCYAMINE	CONTRAINDICATES	ocular hypertension
HYOSCYAMINE	CONTRAINDICATES	uremia
HYOSCYAMINE	CONTRAINDICATES	myasthenia gravis
HYOSCYAMINE	CONTRAINDICATES	gastroesophageal reflux disease
HYOSCYAMINE	CONTRAINDICATES	thyrotoxicosis
HYOSCYAMINE	CONTRAINDICATES	thrombotic thrombocytopenic purpura
HYOSCYAMINE	CONTRAINDICATES	inherited porphyria
HYOSCYAMINE	CONTRAINDICATES	hemophilia
PHENYL SALICYLATE	CONTRAINDICATES	hyperphosphatemia
PHENYL SALICYLATE	CONTRAINDICATES	toxic megacolon
PHENYL SALICYLATE	CONTRAINDICATES	anemia
PHENYL SALICYLATE	CONTRAINDICATES	gastritis
PHENYL SALICYLATE	CONTRAINDICATES	diabetes mellitus
PHENYL SALICYLATE	CONTRAINDICATES	glaucoma
PHENYL SALICYLATE	CONTRAINDICATES	kidney disorder
PHENYL SALICYLATE	CONTRAINDICATES	hyperthyroidism
PHENYL SALICYLATE	CONTRAINDICATES	paralytic ileus
PHENYL SALICYLATE	CONTRAINDICATES	myasthenia gravis
PHENYL SALICYLATE	CONTRAINDICATES	gastroesophageal reflux disease
PHENYL SALICYLATE	CONTRAINDICATES	thyrotoxicosis
PHENYL SALICYLATE	CONTRAINDICATES	thrombotic thrombocytopenic purpura
PHENYL SALICYLATE	CONTRAINDICATES	hemophilia
PYRITHIONE	CONTRAINDICATES	angle-closure glaucoma
PYRITHIONE	CONTRAINDICATES	diabetes mellitus
PYRITHIONE	CONTRAINDICATES	peripheral vascular disease
PYRITHIONE	CONTRAINDICATES	hyperthyroidism
PYRITHIONE	CONTRAINDICATES	ocular hypertension
PHENYLPROPANOL	CONTRAINDICATES	angle-closure glaucoma
PHENYLPROPANOL	CONTRAINDICATES	urethral stricture
PHENYLPROPANOL	CONTRAINDICATES	anemia
PHENYLPROPANOL	CONTRAINDICATES	myocardial infarction
PHENYLPROPANOL	CONTRAINDICATES	ulcerative colitis
PHENYLPROPANOL	CONTRAINDICATES	primary hyperoxaluria
PHENYLPROPANOL	CONTRAINDICATES	substance abuse
PHENYLPROPANOL	CONTRAINDICATES	kidney disorder
PHENYLPROPANOL	CONTRAINDICATES	inflammatory bowel disease
PHENYLPROPANOL	CONTRAINDICATES	panic disorder
PHENYLPROPANOL	CONTRAINDICATES	gout
PHENYLPROPANOL	CONTRAINDICATES	hypothyroidism
PHENYLPROPANOL	CONTRAINDICATES	hereditary hemochromatosis
PHENYLPROPANOL	CONTRAINDICATES	acute pancreatitis
PHENYLPROPANOL	CONTRAINDICATES	hyperthyroidism
PHENYLPROPANOL	CONTRAINDICATES	cor pulmonale
PHENYLPROPANOL	CONTRAINDICATES	agoraphobia
PHENYLPROPANOL	CONTRAINDICATES	pulmonary emphysema
PHENYLPROPANOL	CONTRAINDICATES	ocular hypertension
PHENYLPROPANOL	CONTRAINDICATES	obsessive-compulsive disorder
PHENYLPROPANOL	CONTRAINDICATES	thrombotic thrombocytopenic purpura
PHENYLPROPANOL	CONTRAINDICATES	hemophilia
METHAPYRILENE	CONTRAINDICATES	angle-closure glaucoma
METHAPYRILENE	CONTRAINDICATES	hyperthyroidism
METHAPYRILENE	CONTRAINDICATES	ocular hypertension
DOCUSATE	CONTRAINDICATES	gastroenteritis
DOCUSATE	CONTRAINDICATES	ulcerative colitis
DOCUSATE	CONTRAINDICATES	potassium deficiency disease
DOCUSATE	CONTRAINDICATES	primary hyperoxaluria
DOCUSATE	CONTRAINDICATES	hemosiderosis
DOCUSATE	CONTRAINDICATES	hereditary hemochromatosis
DOCUSATE	CONTRAINDICATES	appendicitis
DOCUSATE	CONTRAINDICATES	chronic atrophic gastritis
DOCUSATE	CONTRAINDICATES	hemolytic anemia
ETHAVERINE	CONTRAINDICATES	glaucoma
PEMPIDINE	CONTRAINDICATES	angle-closure glaucoma
PEMPIDINE	CONTRAINDICATES	hyperthyroidism
PEMPIDINE	CONTRAINDICATES	ocular hypertension
DEXRABEPRAZOLE	CONTRAINDICATES	osteoporosis
DEXRABEPRAZOLE	CONTRAINDICATES	chronic atrophic gastritis
PHENDIMETRAZINE	CONTRAINDICATES	mild pre-eclampsia
PHENDIMETRAZINE	CONTRAINDICATES	glaucoma
PHENDIMETRAZINE	CONTRAINDICATES	substance abuse
PHENDIMETRAZINE	CONTRAINDICATES	pulmonary hypertension
PHENDIMETRAZINE	CONTRAINDICATES	psychotic disorder
PHENDIMETRAZINE	CONTRAINDICATES	hyperthyroidism
HOMATROPINE	CONTRAINDICATES	hepatic coma
HOMATROPINE	CONTRAINDICATES	hepatic encephalopathy
HOMATROPINE	CONTRAINDICATES	angle-closure glaucoma
HOMATROPINE	CONTRAINDICATES	depressive disorder
HOMATROPINE	CONTRAINDICATES	toxic megacolon
HOMATROPINE	CONTRAINDICATES	urethral stricture
HOMATROPINE	CONTRAINDICATES	gastric ulcer
HOMATROPINE	CONTRAINDICATES	anemia
HOMATROPINE	CONTRAINDICATES	ulcerative colitis
HOMATROPINE	CONTRAINDICATES	morbid obesity
HOMATROPINE	CONTRAINDICATES	substance abuse
HOMATROPINE	CONTRAINDICATES	kidney disorder
HOMATROPINE	CONTRAINDICATES	inflammatory bowel disease
HOMATROPINE	CONTRAINDICATES	sleep apnea syndrome
HOMATROPINE	CONTRAINDICATES	urinary tract obstruction
HOMATROPINE	CONTRAINDICATES	hypothyroidism
HOMATROPINE	CONTRAINDICATES	hyperthyroidism
HOMATROPINE	CONTRAINDICATES	paralytic ileus
HOMATROPINE	CONTRAINDICATES	cor pulmonale
HOMATROPINE	CONTRAINDICATES	appendicitis
HOMATROPINE	CONTRAINDICATES	pulmonary emphysema
HOMATROPINE	CONTRAINDICATES	myasthenia gravis
HOMATROPINE	CONTRAINDICATES	inherited porphyria
IPRATROPIUM	CONTRAINDICATES	metabolic acidosis
IPRATROPIUM	CONTRAINDICATES	angle-closure glaucoma
IPRATROPIUM	CONTRAINDICATES	diabetes mellitus
IPRATROPIUM	CONTRAINDICATES	potassium deficiency disease
IPRATROPIUM	CONTRAINDICATES	hyperthyroidism
IPRATROPIUM	CONTRAINDICATES	ocular hypertension
CHEMBL1620352	CONTRAINDICATES	diarrheal disease
CHEMBL1620352	CONTRAINDICATES	ischemic colitis
CHEMBL1620352	CONTRAINDICATES	myocardial infarction
CHEMBL1620352	CONTRAINDICATES	intestinal obstruction
CASPOFUNGIN	CONTRAINDICATES	potassium deficiency disease
DOXEPIN	CONTRAINDICATES	angle-closure glaucoma
DOXEPIN	CONTRAINDICATES	epilepsy
DOXEPIN	CONTRAINDICATES	sleep apnea syndrome
DOXEPIN	CONTRAINDICATES	open-angle glaucoma
DOXEPIN	CONTRAINDICATES	hyperthyroidism
GABAPENTIN ENACARBIL	CONTRAINDICATES	depressive disorder
CHEMBL1643388	CONTRAINDICATES	hypertrophic cardiomyopathy
CHEMBL1643388	CONTRAINDICATES	cardiac tamponade
CHEMBL1643388	CONTRAINDICATES	constrictive pericarditis
CHEMBL1643388	CONTRAINDICATES	aortic valve stenosis
ERIBULIN	CONTRAINDICATES	potassium deficiency disease
ACETYLCARNITINE	CONTRAINDICATES	kidney disorder
PERAZINE	CONTRAINDICATES	angle-closure glaucoma
PERAZINE	CONTRAINDICATES	toxic megacolon
PERAZINE	CONTRAINDICATES	hyperglycemia
PERAZINE	CONTRAINDICATES	gastric ulcer
PERAZINE	CONTRAINDICATES	anemia
PERAZINE	CONTRAINDICATES	epilepsy
PERAZINE	CONTRAINDICATES	glaucoma
PERAZINE	CONTRAINDICATES	myocardial infarction
PERAZINE	CONTRAINDICATES	ulcerative colitis
PERAZINE	CONTRAINDICATES	kidney disorder
PERAZINE	CONTRAINDICATES	urinary tract obstruction
PERAZINE	CONTRAINDICATES	hyperthyroidism
PERAZINE	CONTRAINDICATES	paralytic ileus
PERAZINE	CONTRAINDICATES	leukopenia
PERAZINE	CONTRAINDICATES	myasthenia gravis
PERAZINE	CONTRAINDICATES	obesity disorder
PERAZINE	CONTRAINDICATES	parkinsonian disorder
PERAZINE	CONTRAINDICATES	acquired hyperprolactinemia
PERAZINE	CONTRAINDICATES	neuroleptic malignant syndrome
ISOMETHEPTENE	CONTRAINDICATES	glaucoma
ISOMETHEPTENE	CONTRAINDICATES	peripheral vascular disease
ISOMETHEPTENE	CONTRAINDICATES	panic disorder
ISOMETHEPTENE	CONTRAINDICATES	agoraphobia
ISOMETHEPTENE	CONTRAINDICATES	obsessive-compulsive disorder
RANITIDINE	CONTRAINDICATES	kidney disorder
RANITIDINE	CONTRAINDICATES	inherited porphyria
TROSPIUM	CONTRAINDICATES	angle-closure glaucoma
TROSPIUM	CONTRAINDICATES	ulcerative colitis
TROSPIUM	CONTRAINDICATES	myasthenia gravis
BENZODODECINIUM	CONTRAINDICATES	methemoglobinemia
BENZODODECINIUM	CONTRAINDICATES	diabetes mellitus
BENZODODECINIUM	CONTRAINDICATES	peripheral vascular disease
OXYMESTERONE	CONTRAINDICATES	hypercalcemia disease
OXYMESTERONE	CONTRAINDICATES	dementia
OXYMESTERONE	CONTRAINDICATES	thrombophlebitis
OXYMESTERONE	CONTRAINDICATES	thrombophilia
OXYMESTERONE	CONTRAINDICATES	asthma
OXYMESTERONE	CONTRAINDICATES	diabetes mellitus
OXYMESTERONE	CONTRAINDICATES	epilepsy
OXYMESTERONE	CONTRAINDICATES	myocardial infarction
OXYMESTERONE	CONTRAINDICATES	endometriosis
OXYMESTERONE	CONTRAINDICATES	endometrial carcinoma
OXYMESTERONE	CONTRAINDICATES	kidney disorder
OXYMESTERONE	CONTRAINDICATES	migraine disorder
OXYMESTERONE	CONTRAINDICATES	hypothyroidism
OXYMESTERONE	CONTRAINDICATES	systemic lupus erythematosus
OXYMESTERONE	CONTRAINDICATES	obesity disorder
EVEROLIMUS	CONTRAINDICATES	hyperglycemia
EVEROLIMUS	CONTRAINDICATES	anemia
EVEROLIMUS	CONTRAINDICATES	diabetes mellitus
EVEROLIMUS	CONTRAINDICATES	pericardial effusion
EVEROLIMUS	CONTRAINDICATES	proteinuria
EVEROLIMUS	CONTRAINDICATES	stomatitis
EVEROLIMUS	CONTRAINDICATES	leukopenia
EVEROLIMUS	CONTRAINDICATES	thrombotic thrombocytopenic purpura
CHLORAZANIL	CONTRAINDICATES	potassium deficiency disease
SULFIRAM	CONTRAINDICATES	nephritis
SULFIRAM	CONTRAINDICATES	diabetes mellitus
SULFIRAM	CONTRAINDICATES	epilepsy
SULFIRAM	CONTRAINDICATES	hypothyroidism
SULFIRAM	CONTRAINDICATES	psychotic disorder
ETYMEMAZINE	CONTRAINDICATES	hyperglycemia
ETYMEMAZINE	CONTRAINDICATES	anemia
ETYMEMAZINE	CONTRAINDICATES	epilepsy
ETYMEMAZINE	CONTRAINDICATES	glaucoma
ETYMEMAZINE	CONTRAINDICATES	myocardial infarction
ETYMEMAZINE	CONTRAINDICATES	leukopenia
ETYMEMAZINE	CONTRAINDICATES	obesity disorder
ETYMEMAZINE	CONTRAINDICATES	parkinsonian disorder
ETYMEMAZINE	CONTRAINDICATES	acquired hyperprolactinemia
ETYMEMAZINE	CONTRAINDICATES	neuroleptic malignant syndrome
CICLESONIDE	CONTRAINDICATES	adrenocortical insufficiency
CICLESONIDE	CONTRAINDICATES	glaucoma
CICLESONIDE	CONTRAINDICATES	osteoporosis
CICLESONIDE	CONTRAINDICATES	ocular hypertension
STANOZOLOL	CONTRAINDICATES	hypercalcemia disease
STANOZOLOL	CONTRAINDICATES	diabetes mellitus
STANOZOLOL	CONTRAINDICATES	kidney disorder
STANOZOLOL	CONTRAINDICATES	heart disorder
STANOZOLOL	CONTRAINDICATES	nephrotic syndrome
PRAMLINTIDE	CONTRAINDICATES	gastroparesis
FLUMETHIAZIDE	CONTRAINDICATES	hepatic coma
FLUMETHIAZIDE	CONTRAINDICATES	hypercalcemia disease
FLUMETHIAZIDE	CONTRAINDICATES	hyperparathyroidism
FLUMETHIAZIDE	CONTRAINDICATES	depressive disorder
FLUMETHIAZIDE	CONTRAINDICATES	diabetes mellitus
FLUMETHIAZIDE	CONTRAINDICATES	epilepsy
FLUMETHIAZIDE	CONTRAINDICATES	ulcerative colitis
FLUMETHIAZIDE	CONTRAINDICATES	potassium deficiency disease
FLUMETHIAZIDE	CONTRAINDICATES	anuria
FLUMETHIAZIDE	CONTRAINDICATES	kidney disorder
FLUMETHIAZIDE	CONTRAINDICATES	gout
FLUMETHIAZIDE	CONTRAINDICATES	acute pancreatitis
FLUMETHIAZIDE	CONTRAINDICATES	pulmonary emphysema
FLUMETHIAZIDE	CONTRAINDICATES	systemic lupus erythematosus
FLUMETHIAZIDE	CONTRAINDICATES	myasthenia gravis
PALIPERIDONE PALMITATE	CONTRAINDICATES	agranulocytosis
PALIPERIDONE PALMITATE	CONTRAINDICATES	hyperglycemia
PALIPERIDONE PALMITATE	CONTRAINDICATES	Crohn disease
PALIPERIDONE PALMITATE	CONTRAINDICATES	diabetes mellitus
PALIPERIDONE PALMITATE	CONTRAINDICATES	myocardial infarction
PALIPERIDONE PALMITATE	CONTRAINDICATES	potassium deficiency disease
PALIPERIDONE PALMITATE	CONTRAINDICATES	substance abuse
PALIPERIDONE PALMITATE	CONTRAINDICATES	priapism
PALIPERIDONE PALMITATE	CONTRAINDICATES	leukopenia
PALIPERIDONE PALMITATE	CONTRAINDICATES	cerebrovascular disorder
PALIPERIDONE PALMITATE	CONTRAINDICATES	obesity disorder
PALIPERIDONE PALMITATE	CONTRAINDICATES	short bowel syndrome
PALIPERIDONE PALMITATE	CONTRAINDICATES	parkinsonian disorder
PALIPERIDONE PALMITATE	CONTRAINDICATES	acquired hyperprolactinemia
PALIPERIDONE PALMITATE	CONTRAINDICATES	neuroleptic malignant syndrome
TROLNITRATE	CONTRAINDICATES	hypophosphatemia
TROLNITRATE	CONTRAINDICATES	hepatic coma
TROLNITRATE	CONTRAINDICATES	hypercalcemia disease
TROLNITRATE	CONTRAINDICATES	diarrheal disease
TROLNITRATE	CONTRAINDICATES	hepatic encephalopathy
TROLNITRATE	CONTRAINDICATES	hyperparathyroidism
TROLNITRATE	CONTRAINDICATES	angle-closure glaucoma
TROLNITRATE	CONTRAINDICATES	depressive disorder
TROLNITRATE	CONTRAINDICATES	urethral stricture
TROLNITRATE	CONTRAINDICATES	drug-induced hepatitis
TROLNITRATE	CONTRAINDICATES	anemia
TROLNITRATE	CONTRAINDICATES	gastritis
TROLNITRATE	CONTRAINDICATES	bipolar disorder
TROLNITRATE	CONTRAINDICATES	cardiomyopathy
TROLNITRATE	CONTRAINDICATES	diabetes mellitus
TROLNITRATE	CONTRAINDICATES	epilepsy
TROLNITRATE	CONTRAINDICATES	glaucoma
TROLNITRATE	CONTRAINDICATES	myocardial infarction
TROLNITRATE	CONTRAINDICATES	schizophrenia
TROLNITRATE	CONTRAINDICATES	ulcerative colitis
TROLNITRATE	CONTRAINDICATES	morbid obesity
TROLNITRATE	CONTRAINDICATES	substance abuse
TROLNITRATE	CONTRAINDICATES	pulmonary hypertension
TROLNITRATE	CONTRAINDICATES	kidney disorder
TROLNITRATE	CONTRAINDICATES	inflammatory bowel disease
TROLNITRATE	CONTRAINDICATES	peripheral vascular disease
TROLNITRATE	CONTRAINDICATES	sleep apnea syndrome
TROLNITRATE	CONTRAINDICATES	open-angle glaucoma
TROLNITRATE	CONTRAINDICATES	anorexia nervosa
TROLNITRATE	CONTRAINDICATES	panic disorder
TROLNITRATE	CONTRAINDICATES	gout
TROLNITRATE	CONTRAINDICATES	hypothyroidism
TROLNITRATE	CONTRAINDICATES	acute pancreatitis
TROLNITRATE	CONTRAINDICATES	psychotic disorder
TROLNITRATE	CONTRAINDICATES	hyperthyroidism
TROLNITRATE	CONTRAINDICATES	paralytic ileus
TROLNITRATE	CONTRAINDICATES	cor pulmonale
TROLNITRATE	CONTRAINDICATES	gastroparesis
TROLNITRATE	CONTRAINDICATES	agoraphobia
TROLNITRATE	CONTRAINDICATES	pulmonary emphysema
TROLNITRATE	CONTRAINDICATES	leukopenia
TROLNITRATE	CONTRAINDICATES	ocular hypertension
TROLNITRATE	CONTRAINDICATES	systemic lupus erythematosus
TROLNITRATE	CONTRAINDICATES	myasthenia gravis
TROLNITRATE	CONTRAINDICATES	myxedema
TROLNITRATE	CONTRAINDICATES	autoimmune disease
TROLNITRATE	CONTRAINDICATES	gastroesophageal reflux disease
TROLNITRATE	CONTRAINDICATES	obsessive-compulsive disorder
TROLNITRATE	CONTRAINDICATES	pheochromocytoma
TROLNITRATE	CONTRAINDICATES	thyrotoxicosis
TROLNITRATE	CONTRAINDICATES	thrombotic thrombocytopenic purpura
TROLNITRATE	CONTRAINDICATES	inherited porphyria
TROLNITRATE	CONTRAINDICATES	sarcoidosis
TROLNITRATE	CONTRAINDICATES	hemophilia
GLYCEROL, IODINATED	CONTRAINDICATES	urethral stricture
GLYCEROL, IODINATED	CONTRAINDICATES	epilepsy
GLYCEROL, IODINATED	CONTRAINDICATES	substance abuse
GLYCEROL, IODINATED	CONTRAINDICATES	kidney disorder
GLYCEROL, IODINATED	CONTRAINDICATES	inflammatory bowel disease
GLYCEROL, IODINATED	CONTRAINDICATES	hypothyroidism
OCTODRINE	CONTRAINDICATES	glaucoma
OCTODRINE	CONTRAINDICATES	peripheral vascular disease
TOFENACIN	CONTRAINDICATES	glaucoma
TERLIPRESSIN	CONTRAINDICATES	ischemic disease
FINERENONE	CONTRAINDICATES	chronic primary adrenal insufficiency
NABILONE	CONTRAINDICATES	depressive disorder
NABILONE	CONTRAINDICATES	schizophrenia
NABILONE	CONTRAINDICATES	substance abuse
NABILONE	CONTRAINDICATES	psychotic disorder
SIPONIMOD	CONTRAINDICATES	atrioventricular block
SIPONIMOD	CONTRAINDICATES	sick sinus syndrome
CLOMIPHENE	CONTRAINDICATES	depressive disorder
CLOMIPHENE	CONTRAINDICATES	thrombophlebitis
CLOMIPHENE	CONTRAINDICATES	endometriosis
CLOMIPHENE	CONTRAINDICATES	endometrial carcinoma
CLOMIPHENE	CONTRAINDICATES	hypothyroidism
CLOMIPHENE	CONTRAINDICATES	thyrotoxicosis
CLOMIPHENE	CONTRAINDICATES	ovarian hyperstimulation syndrome
DIHYDROTACHYSTEROL	CONTRAINDICATES	hyperphosphatemia
DIHYDROTACHYSTEROL	CONTRAINDICATES	hypercalcemia disease
DIHYDROTACHYSTEROL	CONTRAINDICATES	kidney disorder
DIHYDROTACHYSTEROL	CONTRAINDICATES	arteriosclerosis obliterans
DIHYDROTACHYSTEROL	CONTRAINDICATES	hypervitaminosis D
DIHYDROTACHYSTEROL	CONTRAINDICATES	sarcoidosis
OLICERIDINE	CONTRAINDICATES	asthma
OLICERIDINE	CONTRAINDICATES	paralytic ileus
FOSINOPRIL	CONTRAINDICATES	hepatic coma
FOSINOPRIL	CONTRAINDICATES	hypercalcemia disease
FOSINOPRIL	CONTRAINDICATES	hyperparathyroidism
FOSINOPRIL	CONTRAINDICATES	diabetes mellitus
FOSINOPRIL	CONTRAINDICATES	hypertrophic cardiomyopathy
FOSINOPRIL	CONTRAINDICATES	potassium deficiency disease
FOSINOPRIL	CONTRAINDICATES	anuria
FOSINOPRIL	CONTRAINDICATES	kidney disorder
FOSINOPRIL	CONTRAINDICATES	gout
FOSINOPRIL	CONTRAINDICATES	acute pancreatitis
FOSINOPRIL	CONTRAINDICATES	systemic lupus erythematosus
FOSINOPRIL	CONTRAINDICATES	angioedema
FOSINOPRIL	CONTRAINDICATES	aortic valve stenosis
CHEMBL3084722	CONTRAINDICATES	hepatic coma
CHEMBL3084722	CONTRAINDICATES	hepatic encephalopathy
CHEMBL3084722	CONTRAINDICATES	angle-closure glaucoma
CHEMBL3084722	CONTRAINDICATES	depressive disorder
CHEMBL3084722	CONTRAINDICATES	toxic megacolon
CHEMBL3084722	CONTRAINDICATES	gastric ulcer
CHEMBL3084722	CONTRAINDICATES	anemia
CHEMBL3084722	CONTRAINDICATES	diabetes mellitus
CHEMBL3084722	CONTRAINDICATES	epilepsy
CHEMBL3084722	CONTRAINDICATES	glaucoma
CHEMBL3084722	CONTRAINDICATES	myocardial infarction
CHEMBL3084722	CONTRAINDICATES	ulcerative colitis
CHEMBL3084722	CONTRAINDICATES	substance abuse
CHEMBL3084722	CONTRAINDICATES	kidney disorder
CHEMBL3084722	CONTRAINDICATES	heart disorder
CHEMBL3084722	CONTRAINDICATES	sleep apnea syndrome
CHEMBL3084722	CONTRAINDICATES	open-angle glaucoma
CHEMBL3084722	CONTRAINDICATES	urinary tract obstruction
CHEMBL3084722	CONTRAINDICATES	acute pancreatitis
CHEMBL3084722	CONTRAINDICATES	psychotic disorder
CHEMBL3084722	CONTRAINDICATES	hyperthyroidism
CHEMBL3084722	CONTRAINDICATES	paralytic ileus
CHEMBL3084722	CONTRAINDICATES	ocular hypertension
CHEMBL3084722	CONTRAINDICATES	myasthenia gravis
CHEMBL3084722	CONTRAINDICATES	gastroesophageal reflux disease
CHEMBL3084722	CONTRAINDICATES	inherited porphyria
CHEMBL3186112	CONTRAINDICATES	hepatic coma
CHEMBL3186112	CONTRAINDICATES	hepatic encephalopathy
CHEMBL3186112	CONTRAINDICATES	angle-closure glaucoma
CHEMBL3186112	CONTRAINDICATES	depressive disorder
CHEMBL3186112	CONTRAINDICATES	anemia
CHEMBL3186112	CONTRAINDICATES	substance abuse
CHEMBL3186112	CONTRAINDICATES	kidney disorder
CHEMBL3186112	CONTRAINDICATES	sleep apnea syndrome
CHEMBL3186112	CONTRAINDICATES	open-angle glaucoma
CHEMBL3186112	CONTRAINDICATES	acute intermittent porphyria
CHEMBL3186112	CONTRAINDICATES	inherited porphyria
ASENAPINE	CONTRAINDICATES	agranulocytosis
ASENAPINE	CONTRAINDICATES	hyperglycemia
ASENAPINE	CONTRAINDICATES	Alzheimer disease
ASENAPINE	CONTRAINDICATES	diabetes mellitus
ASENAPINE	CONTRAINDICATES	myocardial infarction
ASENAPINE	CONTRAINDICATES	potassium deficiency disease
ASENAPINE	CONTRAINDICATES	leukopenia
ASENAPINE	CONTRAINDICATES	cerebrovascular disorder
ASENAPINE	CONTRAINDICATES	obesity disorder
ASENAPINE	CONTRAINDICATES	acquired hyperprolactinemia
ASENAPINE	CONTRAINDICATES	neuroleptic malignant syndrome
CHEMBL3301934	CONTRAINDICATES	urethral stricture
CHEMBL3301934	CONTRAINDICATES	ulcerative colitis
CHEMBL3301934	CONTRAINDICATES	morbid obesity
CHEMBL3301934	CONTRAINDICATES	substance abuse
CHEMBL3301934	CONTRAINDICATES	kidney disorder
CHEMBL3301934	CONTRAINDICATES	inflammatory bowel disease
CHEMBL3301934	CONTRAINDICATES	hypothyroidism
CHEMBL3301934	CONTRAINDICATES	cor pulmonale
CHEMBL3301934	CONTRAINDICATES	pulmonary emphysema
LEMBOREXANT	CONTRAINDICATES	narcolepsy
BENZPHETAMINE	CONTRAINDICATES	bipolar disorder
BENZPHETAMINE	CONTRAINDICATES	diabetes mellitus
BENZPHETAMINE	CONTRAINDICATES	glaucoma
BENZPHETAMINE	CONTRAINDICATES	substance abuse
BENZPHETAMINE	CONTRAINDICATES	pulmonary hypertension
BENZPHETAMINE	CONTRAINDICATES	psychotic disorder
BENZPHETAMINE	CONTRAINDICATES	hyperthyroidism
FEZOLINETANT	CONTRAINDICATES	end stage renal failure
LINZAGOLIX	CONTRAINDICATES	osteoporosis
OZANIMOD	CONTRAINDICATES	sick sinus syndrome
OZANIMOD	CONTRAINDICATES	Mobitz type II atrioventricular block
OZANIMOD	CONTRAINDICATES	myocardial infarction
OZANIMOD	CONTRAINDICATES	sleep apnea syndrome
DIROXIMEL FUMARATE	CONTRAINDICATES	progressive multifocal leukoencephalopathy
LIRAGLUTIDE	CONTRAINDICATES	pancreatitis
LIRAGLUTIDE	CONTRAINDICATES	medullary thyroid gland carcinoma
DARIDOREXANT	CONTRAINDICATES	narcolepsy
CHEMBL4538240	CONTRAINDICATES	inherited porphyria
CHEMBL4565586	CONTRAINDICATES	pancytopenia
CHEMBL4565586	CONTRAINDICATES	depressive disorder
CHEMBL4565586	CONTRAINDICATES	anemia
CHEMBL4565586	CONTRAINDICATES	diabetes mellitus
CHEMBL4565586	CONTRAINDICATES	gout
CHEMBL4565586	CONTRAINDICATES	inherited porphyria
CHEMBL4565586	CONTRAINDICATES	aplastic anemia
ZICONOTIDE	CONTRAINDICATES	psychotic disorder
CHEMBL4650755	CONTRAINDICATES	angle-closure glaucoma
CHEMBL4744444	CONTRAINDICATES	diarrheal disease
CHEMBL4744444	CONTRAINDICATES	peripheral neuropathy
CHEMBL4791392	CONTRAINDICATES	dementia
CHEMBL4791392	CONTRAINDICATES	depressive disorder
CHEMBL4791392	CONTRAINDICATES	thrombophlebitis
CHEMBL4791392	CONTRAINDICATES	hyperglycemia
CHEMBL4791392	CONTRAINDICATES	thrombophilia
CHEMBL4791392	CONTRAINDICATES	asthma
CHEMBL4791392	CONTRAINDICATES	diabetes mellitus
CHEMBL4791392	CONTRAINDICATES	epilepsy
CHEMBL4791392	CONTRAINDICATES	myocardial infarction
CHEMBL4791392	CONTRAINDICATES	endometrial carcinoma
CHEMBL4791392	CONTRAINDICATES	kidney disorder
CHEMBL4791392	CONTRAINDICATES	migraine disorder
CHEMBL4791392	CONTRAINDICATES	systemic lupus erythematosus
CHEMBL4791392	CONTRAINDICATES	obesity disorder
CHEMBL4791392	CONTRAINDICATES	inherited porphyria
Zidovudine	CONTRAINDICATES	chronic kidney disease
Ganciclovir	CONTRAINDICATES	developmental and epileptic encephalopathy, 2
Ganciclovir	CONTRAINDICATES	hiv infections
VALACYCLOVIR	CONTRAINDICATES	hiv infections
Leuprolide	CONTRAINDICATES	premenstrual syndrome
Magnesium sulfate	CONTRAINDICATES	head injury
Dalteparin	CONTRAINDICATES	digestive system neoplasm
Dalteparin	CONTRAINDICATES	cancer
Dalteparin	CONTRAINDICATES	neoplasm
Dalteparin	CONTRAINDICATES	digestive system disorder
BECAPLERMIN	CONTRAINDICATES	diabetic foot ulcer
BECAPLERMIN	CONTRAINDICATES	diabetic foot
BECAPLERMIN	CONTRAINDICATES	skin ulcer
BECAPLERMIN	CONTRAINDICATES	diabetic neuropathy
BECAPLERMIN	CONTRAINDICATES	skin diseases
BECAPLERMIN	CONTRAINDICATES	connective tissue disorder
Bupropion	CONTRAINDICATES	alcohol dependence
Ibandronate	CONTRAINDICATES	menopausal syndrome
Pioglitazone	CONTRAINDICATES	alcoholic liver diseases
Celecoxib	CONTRAINDICATES	prostate cancer
Trastuzumab	CONTRAINDICATES	breast cancer recurrent
Bortezomib	CONTRAINDICATES	cancer
Zoledronic acid	CONTRAINDICATES	breast cancer
Cyclosporine	CONTRAINDICATES	cancer
EPOETIN ALFA	CONTRAINDICATES	chronic renal insufficiency
EPOETIN ALFA	CONTRAINDICATES	breast neoplasms
Sunitinib	CONTRAINDICATES	stomach neoplasms
Testosterone undecanoate	CONTRAINDICATES	acute coronary syndrome
Palifermin	CONTRAINDICATES	sarcoma
Buprenorphine	CONTRAINDICATES	chronic hepatitis C virus infection
Pirfenidone	CONTRAINDICATES	lung diseases
Romiplostim	CONTRAINDICATES	metabolic dysfunction-associated steatohepatitis
Romiplostim	CONTRAINDICATES	myelodysplastic syndrome with excess blasts
EPOETIN ALFA	CONTRAINDICATES	lung cancer
Azacitidine	CONTRAINDICATES	acute leukemia
Lapatinib	CONTRAINDICATES	cancer
Clofarabine	CONTRAINDICATES	acute leukemia
Anastrozole	CONTRAINDICATES	early stage breast carcinoma
Bevacizumab	CONTRAINDICATES	lung cancer
Bevacizumab	CONTRAINDICATES	cancer
Zoledronic acid	CONTRAINDICATES	advanced breast cancer
Ceftazidime	CONTRAINDICATES	acute exacerbation of chronic obstructive pulmonary disease
Aprotinin	CONTRAINDICATES	metastatic breast cancer
Sunitinib	CONTRAINDICATES	breast neoplasms
Pregabalin	CONTRAINDICATES	pain
Pregabalin	CONTRAINDICATES	acute pain
Pregabalin	CONTRAINDICATES	cancer
Lapatinib	CONTRAINDICATES	head and neck neoplasms
Parathyroid hormone	CONTRAINDICATES	chronic myelogenous leukemia, BCR-ABL1 positive
Parathyroid hormone	CONTRAINDICATES	aplastic anemia
Parathyroid hormone	CONTRAINDICATES	myelofibrosis
Parathyroid hormone	CONTRAINDICATES	lymphoma
Parathyroid hormone	CONTRAINDICATES	Hodgkins lymphoma
Parathyroid hormone	CONTRAINDICATES	B-cell chronic lymphocytic leukemia
Parathyroid hormone	CONTRAINDICATES	myeloid leukemia
Parathyroid hormone	CONTRAINDICATES	leukemia
Parathyroid hormone	CONTRAINDICATES	cancer
Parathyroid hormone	CONTRAINDICATES	neoplasm
Parathyroid hormone	CONTRAINDICATES	bone disorder
Parathyroid hormone	CONTRAINDICATES	hematologic disorder
Rituximab	CONTRAINDICATES	rheumatic disorder
Rituximab	CONTRAINDICATES	connective tissue disorder
Dexamethasone	CONTRAINDICATES	post operative nausea and vomiting
Dexamethasone	CONTRAINDICATES	post-operative pain
Isavuconazole	CONTRAINDICATES	mycoses
ASPIRIN	CONTRAINDICATES	cerebrovascular disorders
ASPIRIN	CONTRAINDICATES	nervous system disorder
ASPIRIN	CONTRAINDICATES	vascular diseases
Bortezomib	CONTRAINDICATES	head and neck cancer
Albuterol	CONTRAINDICATES	acute respiratory distress syndrome
Albuterol	CONTRAINDICATES	lung diseases
Albuterol	CONTRAINDICATES	acute lung injury
Pregabalin	CONTRAINDICATES	post-operative pain
Pemetrexed	CONTRAINDICATES	cancer
Enfuvirtide	CONTRAINDICATES	hiv infections
Carboplatin	CONTRAINDICATES	fallopian tube cancer
Carboplatin	CONTRAINDICATES	cancer
Mycophenolate mofetil	CONTRAINDICATES	cancer
Mycophenolate mofetil	CONTRAINDICATES	myelodysplastic syndrome with excess blasts
Insulin detemir	CONTRAINDICATES	central diabetes insipidus
Vorapaxar	CONTRAINDICATES	atherosclerosis
Vorapaxar	CONTRAINDICATES	myocardial ischemia
Dasatinib	CONTRAINDICATES	digestive system neoplasm
Dasatinib	CONTRAINDICATES	cancer
Dasatinib	CONTRAINDICATES	neoplasm
Dasatinib	CONTRAINDICATES	digestive system disorder
Aliskiren	CONTRAINDICATES	abdominal obesity-metabolic syndrome
Carboplatin	CONTRAINDICATES	lung cancer
Dexamethasone	CONTRAINDICATES	cancer
Filgrastim	CONTRAINDICATES	fallopian tube cancer
Vorinostat	CONTRAINDICATES	bladder cancer
Vorinostat	CONTRAINDICATES	urothelial carcinoma
Belimumab	CONTRAINDICATES	arthritic joint disease
Belimumab	CONTRAINDICATES	rheumatic disorder
Belimumab	CONTRAINDICATES	connective tissue disorder
Belimumab	CONTRAINDICATES	autoimmune disease
Naproxen	CONTRAINDICATES	low back pain
Basiliximab	CONTRAINDICATES	acute leukemia
Basiliximab	CONTRAINDICATES	B-cell chronic lymphocytic leukemia
Basiliximab	CONTRAINDICATES	myelodysplastic syndrome
Cisplatin	CONTRAINDICATES	larynx cancer
Ofatumumab	CONTRAINDICATES	arthritic joint disease
Ofatumumab	CONTRAINDICATES	rheumatic disorder
Ofatumumab	CONTRAINDICATES	connective tissue disorder
Ofatumumab	CONTRAINDICATES	autoimmune disease
Liraglutide	CONTRAINDICATES	central diabetes insipidus
Linagliptin	CONTRAINDICATES	abdominal obesity-metabolic syndrome
Carbamazepine	CONTRAINDICATES	traumatic brain injuries
Ruxolitinib	CONTRAINDICATES	prostate cancer
Azacitidine	CONTRAINDICATES	metabolic dysfunction-associated steatohepatitis
Azacitidine	CONTRAINDICATES	solid tumors
Dalteparin	CONTRAINDICATES	vascular diseases
Dalteparin	CONTRAINDICATES	cardiovascular disorder
Dalteparin	CONTRAINDICATES	skin ulcer
Dalteparin	CONTRAINDICATES	skin diseases
Bevacizumab	CONTRAINDICATES	myelofibrosis
Bevacizumab	CONTRAINDICATES	bone disorder
Temozolomide	CONTRAINDICATES	myelodysplastic syndrome with excess blasts
Clofarabine	CONTRAINDICATES	cancer
Zoledronic acid	CONTRAINDICATES	menopausal syndrome
Ceftibuten	CONTRAINDICATES	active lupus nephritis
Ceftibuten	CONTRAINDICATES	chronic kidney disease
Ataluren	CONTRAINDICATES	neuromuscular disease
Ataluren	CONTRAINDICATES	nervous system disorder
Ambrisentan	CONTRAINDICATES	pulmonary fibrosis
Rituximab	CONTRAINDICATES	myositis
Rivaroxaban	CONTRAINDICATES	deep vein thrombosis (dvt)
Panitumumab	CONTRAINDICATES	malignant colon neoplasm
Panitumumab	CONTRAINDICATES	cancer
Capecitabine	CONTRAINDICATES	cancer
Dasatinib	CONTRAINDICATES	breast cancer
Dasatinib	CONTRAINDICATES	breast disorder
Dasatinib	CONTRAINDICATES	skin diseases
Bosentan	CONTRAINDICATES	acute heart failure
Bosentan	CONTRAINDICATES	heart failure
Bosentan	CONTRAINDICATES	heart disorder
Bosentan	CONTRAINDICATES	cardiovascular disorder
Bosentan	CONTRAINDICATES	lung diseases
Sunitinib	CONTRAINDICATES	breast cancer
Apixaban	CONTRAINDICATES	myocardial ischemia
Apixaban	CONTRAINDICATES	heart disorder
Apixaban	CONTRAINDICATES	cardiovascular disorder
Apixaban	CONTRAINDICATES	vascular diseases
Docetaxel	CONTRAINDICATES	fallopian tube cancer
Pregabalin	CONTRAINDICATES	obstructive sleep apnea syndrome
Eptifibatide	CONTRAINDICATES	ischemic stroke
Eptifibatide	CONTRAINDICATES	cerebral infarction
Nilotinib	CONTRAINDICATES	B-cell acute lymphoblastic leukemia
Etanercept	CONTRAINDICATES	axial spondyloarthritis
Etanercept	CONTRAINDICATES	bone disorder
(R)-warfarin	CONTRAINDICATES	pulmonary fibrosis
(R)-warfarin	CONTRAINDICATES	lung diseases
Vorinostat	CONTRAINDICATES	ovarian neoplasms
Vorinostat	CONTRAINDICATES	cancer
Dexamethasone	CONTRAINDICATES	post-traumatic stress disorder
Dexamethasone	CONTRAINDICATES	emotional stress
Metformin	CONTRAINDICATES	central diabetes insipidus
Metformin	CONTRAINDICATES	heart disorder
Metformin	CONTRAINDICATES	abdominal obesity-metabolic syndrome
Droxidopa	CONTRAINDICATES	diabetic neuropathy
Pregabalin	CONTRAINDICATES	nervous system disorder
Pregabalin	CONTRAINDICATES	neuromuscular disease
Dronedarone	CONTRAINDICATES	cardiac arrhythmia
Dronedarone	CONTRAINDICATES	heart disorder
Dronedarone	CONTRAINDICATES	cardiovascular disorder
colecalciferol	CONTRAINDICATES	multiple sclerosis
Idelalisib	CONTRAINDICATES	acute leukemia
Sitaxentan	CONTRAINDICATES	lung diseases
Sitaxentan	CONTRAINDICATES	vascular diseases
Sitaxentan	CONTRAINDICATES	cardiovascular disorder
Metformin	CONTRAINDICATES	ST-elevation myocardial infarction
Metformin	CONTRAINDICATES	myocardial ischemia
Betamethasone	CONTRAINDICATES	anemia of pregnancy
Betamethasone	CONTRAINDICATES	preterm birth
Pazopanib	CONTRAINDICATES	ovarian neoplasms
Panobinostat	CONTRAINDICATES	malignant colon neoplasm
Lithium carbonate	CONTRAINDICATES	autoimmune disease
Lithium carbonate	CONTRAINDICATES	nervous system disorder
Lithium carbonate	CONTRAINDICATES	demyelinating disease
Bevacizumab	CONTRAINDICATES	head and neck neoplasms
Fluocinolone acetonide	CONTRAINDICATES	diabetic macular edema
Hexaminolevulinate	CONTRAINDICATES	malignant colon neoplasm
Hexaminolevulinate	CONTRAINDICATES	colorectal cancer
Hexaminolevulinate	CONTRAINDICATES	digestive system neoplasm
Hexaminolevulinate	CONTRAINDICATES	neoplasm
Hexaminolevulinate	CONTRAINDICATES	digestive system disorder
Vancomycin	CONTRAINDICATES	digestive system disorder
Vancomycin	CONTRAINDICATES	clostridium difficile-associated diarrhea
DORNASE ALFA	CONTRAINDICATES	cough
Aliskiren	CONTRAINDICATES	chronic plaque psoriasis
Aliskiren	CONTRAINDICATES	low blood pressure
Aliskiren	CONTRAINDICATES	acute myocardial infarction
Aliskiren	CONTRAINDICATES	heart disorder
Bortezomib	CONTRAINDICATES	acute myeloblastic leukemia with maturation
Bortezomib	CONTRAINDICATES	acute leukemia
Sertraline	CONTRAINDICATES	Parkinson disease
Metronidazole	CONTRAINDICATES	intra-abdominal infections
Dasatinib	CONTRAINDICATES	lung diseases
Roflumilast	CONTRAINDICATES	acute exacerbation of chronic obstructive pulmonary disease
Roflumilast	CONTRAINDICATES	lung diseases
Everolimus	CONTRAINDICATES	metastatic basal cell carcinoma
Prazosin	CONTRAINDICATES	substance abuse
Panobinostat	CONTRAINDICATES	metastatic gastric carcinoma
Ipilimumab	CONTRAINDICATES	pancreatic neuroendocrine tumor
Ipilimumab	CONTRAINDICATES	tumors
Ipilimumab	CONTRAINDICATES	cancer
Citalopram	CONTRAINDICATES	Duchenne muscular dystrophy
Canakinumab	CONTRAINDICATES	proliferative diabetic retinopathy
Ranibizumab	CONTRAINDICATES	branch retinal vein occlusion
Gemcitabine	CONTRAINDICATES	bladder cancer
Lenalidomide	CONTRAINDICATES	acute leukemia
Lenalidomide	CONTRAINDICATES	B-cell acute lymphoblastic leukemia
Lenalidomide	CONTRAINDICATES	recurrent chronic lymphoid leukemia
Lenalidomide	CONTRAINDICATES	post-transplant lymphoproliferative disease
Lapatinib	CONTRAINDICATES	metastatic breast cancer
Insulin degludec	CONTRAINDICATES	central diabetes insipidus
Tocilizumab	CONTRAINDICATES	rheumatic disorder
Tocilizumab	CONTRAINDICATES	connective tissue disorder
Tocilizumab	CONTRAINDICATES	autoimmune disease
Obinutuzumab	CONTRAINDICATES	acute leukemia
Golimumab	CONTRAINDICATES	rheumatic disorder
Golimumab	CONTRAINDICATES	connective tissue disorder
Denosumab	CONTRAINDICATES	menopausal syndrome
Inotersen	CONTRAINDICATES	transthyretin cardiac amyloidosis
Caffeine	CONTRAINDICATES	respiratory failure
Ponatinib	CONTRAINDICATES	cancer
Rituximab	CONTRAINDICATES	acute glomerulonephritis
Prasugrel	CONTRAINDICATES	anemia
Prasugrel	CONTRAINDICATES	hemolytic anemia
Prasugrel	CONTRAINDICATES	hematologic disorder
Anastrozole	CONTRAINDICATES	pain
Anastrozole	CONTRAINDICATES	arthralgia
Elobixibat	CONTRAINDICATES	chronic idiopathic constipation
Tadalafil	CONTRAINDICATES	neuromuscular disease
Diazepam	CONTRAINDICATES	acute pain
Rucaparib	CONTRAINDICATES	cancer
Ceftriaxone	CONTRAINDICATES	severe sepsis
Ceftriaxone	CONTRAINDICATES	septic shock
Clotrimazole	CONTRAINDICATES	mycoses
Clotrimazole	CONTRAINDICATES	anaerobic bacterial infections
Clotrimazole	CONTRAINDICATES	infectious disease
Clotrimazole	CONTRAINDICATES	otorhinolaryngologic disease
Daclatasvir	CONTRAINDICATES	hepatitis c
Tocilizumab	CONTRAINDICATES	schizophrenia
Tocilizumab	CONTRAINDICATES	schizoaffective disorder
Talazoparib	CONTRAINDICATES	breast neoplasms
Fidaxomicin	CONTRAINDICATES	enterocolitis
Ruxolitinib	CONTRAINDICATES	cancer
Benralizumab	CONTRAINDICATES	lung diseases
Ulipristal	CONTRAINDICATES	uterine hemorrhage
ASPIRIN	CONTRAINDICATES	chronic leg ulcers
Brexpiprazole	CONTRAINDICATES	psychotic disorders
Brexpiprazole	CONTRAINDICATES	aggressive behavior
Grazoprevir	CONTRAINDICATES	hepatitis c
Semaglutide	CONTRAINDICATES	central diabetes insipidus
Nicotinamide	CONTRAINDICATES	hypertension
Nicotinamide	CONTRAINDICATES	preeclampsia
Metoprolol	CONTRAINDICATES	breast cancer
Enzalutamide	CONTRAINDICATES	hormone refractory prostate cancer
Melatonin	CONTRAINDICATES	sepsis
Hydrocortisone	CONTRAINDICATES	inborn error of immunity
Dexamethasone	CONTRAINDICATES	hematoma
Omadacycline	CONTRAINDICATES	infectious disease
Azithromycin	CONTRAINDICATES	chlamydia pneumoniae
Azithromycin	CONTRAINDICATES	nutritional deficiency disease
Perhexiline	CONTRAINDICATES	cardiomyopathy
Perhexiline	CONTRAINDICATES	heart disorder
Insulin glargine	CONTRAINDICATES	chronic kidney disease
Aflibercept	CONTRAINDICATES	branch retinal vein occlusion
Aflibercept	CONTRAINDICATES	central retinal vein occlusion
Obeticholic acid	CONTRAINDICATES	fatty liver disease
Obeticholic acid	CONTRAINDICATES	alcoholic liver diseases
Obeticholic acid	CONTRAINDICATES	digestive system disorder
Chloroquine	CONTRAINDICATES	rabies
Hydrocortisone	CONTRAINDICATES	septic shock
Losartan	CONTRAINDICATES	vascular diseases
Denosumab	CONTRAINDICATES	osteoarthritis, hand
Plerixafor	CONTRAINDICATES	central diabetes insipidus
Plerixafor	CONTRAINDICATES	wounds
Plerixafor	CONTRAINDICATES	peripheral arterial disease
Nabilone	CONTRAINDICATES	non-small cell lung carcinoma
Nabilone	CONTRAINDICATES	anorexia
Nabilone	CONTRAINDICATES	cachexia
Nabilone	CONTRAINDICATES	weight loss
Celecoxib	CONTRAINDICATES	cancer
Dexamethasone	CONTRAINDICATES	obstetric labor complication
Atezolizumab	CONTRAINDICATES	metastatic breast cancer
Fremanezumab	CONTRAINDICATES	cluster headache syndrome
Bempedoic acid	CONTRAINDICATES	atherosclerotic cardiovascular disease
Durvalumab	CONTRAINDICATES	cancer
Tirofiban	CONTRAINDICATES	ST-elevation myocardial infarction
Idelalisib	CONTRAINDICATES	tumors
Idelalisib	CONTRAINDICATES	bone disorder
Tolvaptan	CONTRAINDICATES	acute congestive heart failure
Duvelisib	CONTRAINDICATES	mature T-cell and NK-cell non-Hodgkin lymphoma
insulin lispro protamine, human 50 unt/ml	CONTRAINDICATES	abdominal obesity-metabolic syndrome
Thiamine	CONTRAINDICATES	heart disorder
Thiamine	CONTRAINDICATES	cardiovascular disorder
Rucaparib	CONTRAINDICATES	endometrial cancer
Niraparib	CONTRAINDICATES	ovarian neoplasms
Niraparib	CONTRAINDICATES	advanced ovarian carcinoma
Modafinil	CONTRAINDICATES	cognitive impairment
Modafinil	CONTRAINDICATES	mood disorder
Modafinil	CONTRAINDICATES	cognitive disorder
Modafinil	CONTRAINDICATES	mild neurocognitive disorder
Anamorelin	CONTRAINDICATES	anorexia
Anamorelin	CONTRAINDICATES	cancer
Belumosudil	CONTRAINDICATES	cryptogenic organizing pneumonia
Belumosudil	CONTRAINDICATES	thromboangitis obliterans
Belumosudil	CONTRAINDICATES	bronchiolitis
Belumosudil	CONTRAINDICATES	bronchitis
Belumosudil	CONTRAINDICATES	acute exacerbation of chronic obstructive pulmonary disease
Belumosudil	CONTRAINDICATES	lung diseases
Dexmedetomidine	CONTRAINDICATES	nervous system disorder
Aripiprazole	CONTRAINDICATES	tardive dyskinesia
Trametinib	CONTRAINDICATES	k-ras wild-type metastatic colorectal cancer
Bumetanide	CONTRAINDICATES	atrial septal defect
Bumetanide	CONTRAINDICATES	pervasive developmental disorder
Bumetanide	CONTRAINDICATES	Zellweger spectrum disorders
Cabozantinib	CONTRAINDICATES	salivary gland carcinoma
Dulaglutide	CONTRAINDICATES	hyperglycemia
Anamorelin	CONTRAINDICATES	cachexia
Plerixafor	CONTRAINDICATES	malignant glioma
Pembrolizumab	CONTRAINDICATES	prostatic neoplasms
Niraparib	CONTRAINDICATES	carcinoma of esophagus
Niraparib	CONTRAINDICATES	gastric cancer
Niraparib	CONTRAINDICATES	adenocarcinoma
Ixekizumab	CONTRAINDICATES	generalized pustular psoriasis
Defibrotide	CONTRAINDICATES	diffuse large B-cell lymphoma
Fluconazole	CONTRAINDICATES	recurrent vulvovaginal candidiasis
Pembrolizumab	CONTRAINDICATES	head and neck neoplasms
Rucaparib	CONTRAINDICATES	solid tumors
Vonoprazan	CONTRAINDICATES	helicobacter pylori
Daratumumab	CONTRAINDICATES	adult t-cell lymphoma/leukemia recurrent
Daratumumab	CONTRAINDICATES	cancer
Daratumumab	CONTRAINDICATES	post-transplant lymphoproliferative disease
Sarilumab	CONTRAINDICATES	COVID-19
Hydroxychloroquine	CONTRAINDICATES	respiratory tract infections
Hydroxychloroquine	CONTRAINDICATES	chlamydia pneumoniae
Hydroxychloroquine	CONTRAINDICATES	lung diseases
Mavacamten	CONTRAINDICATES	heart disorder
Tucatinib	CONTRAINDICATES	uterine cancer
Tucatinib	CONTRAINDICATES	biliary tract cancer
Tucatinib	CONTRAINDICATES	cancer
Danazol	CONTRAINDICATES	pulmonary fibrosis
Atezolizumab	CONTRAINDICATES	gastric cancer
Atezolizumab	CONTRAINDICATES	gastroesophageal junction adenocarcinoma
Belumosudil	CONTRAINDICATES	connective tissue disorder
Belumosudil	CONTRAINDICATES	skin diseases
Pembrolizumab	CONTRAINDICATES	metastatic carcinoma
Abemaciclib	CONTRAINDICATES	prostate cancer
Abemaciclib	CONTRAINDICATES	metastatic castration-resistant prostate cancer
Selumetinib	CONTRAINDICATES	neck pain
Danicopan	CONTRAINDICATES	COVID-19
Vimseltinib	CONTRAINDICATES	giant cell tumors of the tendon sheath
Vericiguat	CONTRAINDICATES	chronic heart failure with reduced ejection fraction
Guselkumab	CONTRAINDICATES	skin diseases
Guselkumab	CONTRAINDICATES	connective tissue disorder
Tazemetostat	CONTRAINDICATES	follicular lymphoma refractory
Olaparib	CONTRAINDICATES	metastatic castration-resistant prostate cancer
Angiotensin II	CONTRAINDICATES	vascular diseases
Ruxolitinib	CONTRAINDICATES	skin diseases
Natalizumab	CONTRAINDICATES	autoimmune disease
Natalizumab	CONTRAINDICATES	nervous system disorder
Natalizumab	CONTRAINDICATES	demyelinating disease
Crovalimab	CONTRAINDICATES	chronic inflammatory demyelinating polyradiculoneuropathy
Crovalimab	CONTRAINDICATES	autoimmune disease
Crovalimab	CONTRAINDICATES	nervous system disorder
Crovalimab	CONTRAINDICATES	polyneuropathy
Crovalimab	CONTRAINDICATES	neuromuscular disease
Crovalimab	CONTRAINDICATES	acute infectious disease
Fostamatinib	CONTRAINDICATES	COVID-19
Fostamatinib	CONTRAINDICATES	infectious disease
Dronabinol	CONTRAINDICATES	moderate dementia
Dronabinol	CONTRAINDICATES	severe dementia
Dronabinol	CONTRAINDICATES	psychomotor agitation
Copanlisib	CONTRAINDICATES	cancer
Copanlisib	CONTRAINDICATES	refractory multiple myeloma
Tryptophan	CONTRAINDICATES	cocaine-related disorders
Magnesium	CONTRAINDICATES	acute coronary syndrome
Magnesium	CONTRAINDICATES	vascular diseases
Magnesium	CONTRAINDICATES	acute myocardial infarction
Magnesium	CONTRAINDICATES	necrosis
Ganciclovir	CONTRAINDICATES	eye infections
Ganciclovir	CONTRAINDICATES	infectious disease
Ganciclovir	CONTRAINDICATES	inborn error of immunity
Ganciclovir	CONTRAINDICATES	abdominal obesity-metabolic syndrome
Memantine	CONTRAINDICATES	AIDS
Memantine	CONTRAINDICATES	hiv infections
Pirfenidone	CONTRAINDICATES	inborn error of immunity
Budesonide	CONTRAINDICATES	cholangitis
Budesonide	CONTRAINDICATES	chronic liver disease
Budesonide	CONTRAINDICATES	biliary tract diseases
Budesonide	CONTRAINDICATES	digestive system disorder
Budesonide	CONTRAINDICATES	alcoholic liver diseases
Budesonide	CONTRAINDICATES	liver cirrhosis
Budesonide	CONTRAINDICATES	combined pulmonary fibrosis-emphysema syndrome
Gefitinib	CONTRAINDICATES	ovarian neoplasms
Gabapentin	CONTRAINDICATES	prostate cancer
Interferon gamma-1b	CONTRAINDICATES	infectious disease
Interferon gamma-1b	CONTRAINDICATES	mycobacterium infections, nontuberculous
Interferon gamma-1b	CONTRAINDICATES	gram-positive bacterial infections
Interferon gamma-1b	CONTRAINDICATES	anaerobic bacterial infections
Interferon gamma-1b	CONTRAINDICATES	ovarian carcinoma
Olanzapine	CONTRAINDICATES	Zellweger spectrum disorders
Olanzapine	CONTRAINDICATES	pervasive developmental disorder
Anidulafungin	CONTRAINDICATES	anaerobic bacterial infections
Anidulafungin	CONTRAINDICATES	infectious disease
Anidulafungin	CONTRAINDICATES	mycoses
Ursodeoxycholic acid	CONTRAINDICATES	primary biliary cholangitis 1
Tolvaptan	CONTRAINDICATES	intoxication
Tolvaptan	CONTRAINDICATES	electrolyte imbalance
Interferon gamma-1b	CONTRAINDICATES	acute exacerbation of chronic obstructive pulmonary disease
Interferon gamma-1b	CONTRAINDICATES	lung diseases
Acyclovir	CONTRAINDICATES	hiv infections
Acyclovir	CONTRAINDICATES	human immunodeficiency virus (hiv)
Romidepsin	CONTRAINDICATES	colorectal cancer
Tigecycline	CONTRAINDICATES	cross infection
Tigecycline	CONTRAINDICATES	anaerobic bacterial infections
Tigecycline	CONTRAINDICATES	infectious disease
Ranibizumab	CONTRAINDICATES	nervous system disorder
Ranibizumab	CONTRAINDICATES	vascular diseases
Ranibizumab	CONTRAINDICATES	cardiovascular disorder
Ranibizumab	CONTRAINDICATES	retinal degeneration
Ranibizumab	CONTRAINDICATES	neoplasm
Axitinib	CONTRAINDICATES	thyroid cancer
Atorvastatin	CONTRAINDICATES	autoimmune disease
Atorvastatin	CONTRAINDICATES	nervous system disorder
Atorvastatin	CONTRAINDICATES	demyelinating disease
Adefovir dipivoxil	CONTRAINDICATES	infectious disease
Adefovir dipivoxil	CONTRAINDICATES	alcoholic liver diseases
Adefovir dipivoxil	CONTRAINDICATES	digestive system disorder
Tacrolimus	CONTRAINDICATES	prostate cancer
Brivaracetam	CONTRAINDICATES	partial-onset seizures
Clofarabine	CONTRAINDICATES	aggressive B-cell non-Hodgkin lymphoma
Clofarabine	CONTRAINDICATES	post-transplant lymphoproliferative disease
Quetiapine	CONTRAINDICATES	mania
Eplerenone	CONTRAINDICATES	myocardial ischemia
Montelukast	CONTRAINDICATES	infectious otitis media
Montelukast	CONTRAINDICATES	otitis media
Montelukast	CONTRAINDICATES	ear infection
Sildenafil	CONTRAINDICATES	diabetic neuropathy
Edaravone	CONTRAINDICATES	cerebral infarction
Topiramate	CONTRAINDICATES	headache
Topiramate	CONTRAINDICATES	prevention of pregnancy
Azithromycin	CONTRAINDICATES	cholera
Pioglitazone	CONTRAINDICATES	central diabetes insipidus
Pioglitazone	CONTRAINDICATES	schizophrenia
Pioglitazone	CONTRAINDICATES	severe insulin resistance
Pioglitazone	CONTRAINDICATES	cognitive impairment
Deferasirox	CONTRAINDICATES	myelofibrosis
Lofexidine	CONTRAINDICATES	addiction
Mepolizumab	CONTRAINDICATES	hematologic disorder
Atorvastatin	CONTRAINDICATES	inflammation
Risperidone	CONTRAINDICATES	acute psychosis
Lonafarnib	CONTRAINDICATES	malignant epithelial tumor of ovary
Candesartan	CONTRAINDICATES	left ventricular hypertrophy
Candesartan	CONTRAINDICATES	cardiomegaly
Candesartan	CONTRAINDICATES	cardiac arrhythmia
Rosiglitazone	CONTRAINDICATES	abdominal obesity-metabolic syndrome
Rosuvastatin	CONTRAINDICATES	head injury
Rosuvastatin	CONTRAINDICATES	nervous system disorder
Rosuvastatin	CONTRAINDICATES	wounds
Rosuvastatin	CONTRAINDICATES	spatial memory disorder
Montelukast	CONTRAINDICATES	acute exacerbation of chronic obstructive pulmonary disease
Montelukast	CONTRAINDICATES	lung diseases
Montelukast	CONTRAINDICATES	hypersensitivity pneumonitis
Duloxetine	CONTRAINDICATES	dysthymic disorder
Minocycline	CONTRAINDICATES	hiv infections
Mipomersen	CONTRAINDICATES	inborn error of immunity
Mipomersen	CONTRAINDICATES	abdominal obesity-metabolic syndrome
Modafinil	CONTRAINDICATES	cocaine-related disorders
Atomoxetine	CONTRAINDICATES	Huntington disease
Atomoxetine	CONTRAINDICATES	chorea
Erythropoietin	CONTRAINDICATES	myocardial infarction
Erythropoietin	CONTRAINDICATES	acute coronary syndrome
Lamivudine	CONTRAINDICATES	infectious disease
Lamivudine	CONTRAINDICATES	alcoholic liver diseases
Lamivudine	CONTRAINDICATES	digestive system disorder
Aflibercept	CONTRAINDICATES	ovarian neoplasms
Aflibercept	CONTRAINDICATES	cancer
(R)-warfarin	CONTRAINDICATES	deep vein thrombosis (dvt)
Citicoline	CONTRAINDICATES	glaucoma
Citicoline	CONTRAINDICATES	peripheral neuropathy
DORNASE ALFA	CONTRAINDICATES	otitis media
Duloxetine	CONTRAINDICATES	acute pain
Donepezil	CONTRAINDICATES	nervous system disorder
Donepezil	CONTRAINDICATES	mild neurocognitive disorder
Donepezil	CONTRAINDICATES	non-Hodgkin lymphoma
Donepezil	CONTRAINDICATES	lymphoma
Donepezil	CONTRAINDICATES	post-transplant lymphoproliferative disease
Donepezil	CONTRAINDICATES	follicular lymphoma
Lenalidomide	CONTRAINDICATES	chronic lymphocytic leukemia/small lymphocytic lymphoma
Rufinamide	CONTRAINDICATES	partial-onset seizures
Dasatinib	CONTRAINDICATES	advanced hepatocellular carcinoma
Dasatinib	CONTRAINDICATES	carcinoma
Dasatinib	CONTRAINDICATES	liver neoplasms
Dasatinib	CONTRAINDICATES	alcoholic liver diseases
Daptomycin	CONTRAINDICATES	staphylococcal skin infections
Ranibizumab	CONTRAINDICATES	abdominal obesity-metabolic syndrome
Metformin	CONTRAINDICATES	congestive heart failure
Metformin	CONTRAINDICATES	severe insulin resistance
Benzocaine	CONTRAINDICATES	toothache
Ziprasidone	CONTRAINDICATES	aggressive behavior
Carvedilol	CONTRAINDICATES	abdominal obesity-metabolic syndrome
Vandetanib	CONTRAINDICATES	prostate cancer
Vandetanib	CONTRAINDICATES	adult growth hormone deficiency
Perampanel	CONTRAINDICATES	basal ganglia diseases
Perampanel	CONTRAINDICATES	nervous system disorder
Mesalazine	CONTRAINDICATES	gastroenteritis
Mesalazine	CONTRAINDICATES	digestive system disorder
Mesalazine	CONTRAINDICATES	inflammatory bowel diseases
Sunitinib	CONTRAINDICATES	cancer
Sunitinib	CONTRAINDICATES	thyroid cancer
Melatonin	CONTRAINDICATES	cancer
Melatonin	CONTRAINDICATES	lung cancer
Dexamethasone	CONTRAINDICATES	prostate cancer
Montelukast	CONTRAINDICATES	bronchitis
Montelukast	CONTRAINDICATES	respiratory tract infections
Montelukast	CONTRAINDICATES	infectious disease
Daptomycin	CONTRAINDICATES	anaerobic bacterial infections
Daptomycin	CONTRAINDICATES	infectious disease
Daptomycin	CONTRAINDICATES	chlamydia pneumoniae
Daptomycin	CONTRAINDICATES	respiratory tract infections
Atomoxetine	CONTRAINDICATES	disruptive behavior disorder
Sulfasalazine	CONTRAINDICATES	coronary artery disorder
Sulfasalazine	CONTRAINDICATES	acute coronary syndrome
Sulfasalazine	CONTRAINDICATES	heart disorder
Sulfasalazine	CONTRAINDICATES	cardiovascular disorder
Sulfasalazine	CONTRAINDICATES	arteriosclerosis disorder
Clazosentan	CONTRAINDICATES	hemorrhage
Levetiracetam	CONTRAINDICATES	bipolar depression
Naltrexone	CONTRAINDICATES	alcoholic intoxication
Naltrexone	CONTRAINDICATES	aggressive behavior
Clozapine	CONTRAINDICATES	substance abuse
Clozapine	CONTRAINDICATES	psychotic disorders
Escitalopram	CONTRAINDICATES	myocardial ischemia
Sorafenib	CONTRAINDICATES	gastric cancer
Adenosine	CONTRAINDICATES	acute coronary syndrome
Adenosine	CONTRAINDICATES	vascular diseases
Quetiapine	CONTRAINDICATES	irritable bowel syndrome
Levocetirizine	CONTRAINDICATES	chronic urticaria
Elagolix	CONTRAINDICATES	acute pain
Fentanyl	CONTRAINDICATES	cancer
Sertraline	CONTRAINDICATES	cocaine-related disorders
Hydrocortisone	CONTRAINDICATES	heart disorder
Hydrocortisone	CONTRAINDICATES	cardiovascular disorder
Hydrocortisone	CONTRAINDICATES	shock
Vilazodone	CONTRAINDICATES	mood disorder
Mipomersen	CONTRAINDICATES	hyperlipoproteinemia type 3
Mipomersen	CONTRAINDICATES	hyperlipoproteinemia
Lenalidomide	CONTRAINDICATES	angioimmunoblastic T-cell lymphoma
Lenalidomide	CONTRAINDICATES	anaplastic large cell lymphoma
Escitalopram	CONTRAINDICATES	ornithine carbamoyltransferase deficiency
Escitalopram	CONTRAINDICATES	schizophrenia
Escitalopram	CONTRAINDICATES	psychotic disorders
Nifedipine	CONTRAINDICATES	thalassemia
Nifedipine	CONTRAINDICATES	chronic iron overload
Nifedipine	CONTRAINDICATES	hemochromatosis type 1
Losartan	CONTRAINDICATES	chronic obstructive pulmonary disease
Losartan	CONTRAINDICATES	pulmonary emphysema
Losartan	CONTRAINDICATES	chronic bronchitis
Metformin	CONTRAINDICATES	arteriosclerosis disorder
Rifaximin	CONTRAINDICATES	chronic constipation
Droxidopa	CONTRAINDICATES	nervous system disorder
Droxidopa	CONTRAINDICATES	basal ganglia diseases
Pegaptanib	CONTRAINDICATES	retinal degeneration
Sitagliptin	CONTRAINDICATES	abdominal obesity-metabolic syndrome
Nalmefene	CONTRAINDICATES	substance abuse
Progesterone	CONTRAINDICATES	traumatic brain injuries
Minocycline	CONTRAINDICATES	human immunodeficiency virus (hiv)
Mesalazine	CONTRAINDICATES	Crohn disease
Minoxidil	CONTRAINDICATES	nervous system disorder
Caffeine	CONTRAINDICATES	cancer
Aliskiren	CONTRAINDICATES	kidney failure
Vasopressin	CONTRAINDICATES	liver failure
Vasopressin	CONTRAINDICATES	chronic liver disease
Vasopressin	CONTRAINDICATES	alcoholic liver diseases
Vasopressin	CONTRAINDICATES	digestive system disorder
Vasopressin	CONTRAINDICATES	chronic kidney disease
Vasopressin	CONTRAINDICATES	vascular diseases
Vasopressin	CONTRAINDICATES	cardiovascular disorder
Topotecan	CONTRAINDICATES	advanced ovarian carcinoma
Topotecan	CONTRAINDICATES	chemotherapy induced nausea and vomiting
Aliskiren	CONTRAINDICATES	acute decompensated heart failure
Lubiprostone	CONTRAINDICATES	Parkinson disease
Sorafenib	CONTRAINDICATES	carcinoma of esophagus
Bevacizumab	CONTRAINDICATES	central nervous system neoplasms
Bevacizumab	CONTRAINDICATES	nervous system disorder
Minocycline	CONTRAINDICATES	cerebrovascular disorders
Minocycline	CONTRAINDICATES	nervous system disorder
Minocycline	CONTRAINDICATES	vascular diseases
Sapropterin	CONTRAINDICATES	abdominal obesity-metabolic syndrome
Sapropterin	CONTRAINDICATES	nervous system disorder
Sapropterin	CONTRAINDICATES	intellectual disability
Sapropterin	CONTRAINDICATES	inborn error of immunity
Sapropterin	CONTRAINDICATES	aggressive behavior
Lapatinib	CONTRAINDICATES	prolactin-producing pituitary gland adenoma
Sertraline	CONTRAINDICATES	chronic kidney disease
Ivacaftor	CONTRAINDICATES	digestive system disorder
Ivacaftor	CONTRAINDICATES	lung diseases
Rosuvastatin	CONTRAINDICATES	sepsis
Rosuvastatin	CONTRAINDICATES	acute lung injury
Voriconazole	CONTRAINDICATES	corneal ulcer
Voriconazole	CONTRAINDICATES	eye infectious disorder
Voriconazole	CONTRAINDICATES	eye infections
Voriconazole	CONTRAINDICATES	infectious disease
Voriconazole	CONTRAINDICATES	anaerobic bacterial infections
Pioglitazone	CONTRAINDICATES	digestive system disorder
Pioglitazone	CONTRAINDICATES	abdominal obesity-metabolic syndrome
Azithromycin	CONTRAINDICATES	thromboangitis obliterans
Azithromycin	CONTRAINDICATES	acute rejection
Azithromycin	CONTRAINDICATES	bronchiolitis
Azithromycin	CONTRAINDICATES	cryptogenic organizing pneumonia
Paricalcitol	CONTRAINDICATES	coronary artery disorder
Aripiprazole	CONTRAINDICATES	Zellweger spectrum disorders
Nilotinib	CONTRAINDICATES	philadelphia chromosome-negative precursor b-cell acute lymphoblastic leukemia
Nilotinib	CONTRAINDICATES	cancer
Nilotinib	CONTRAINDICATES	bone disorder
Simvastatin	CONTRAINDICATES	chlamydia pneumoniae
Cariprazine	CONTRAINDICATES	mania
Exenatide	CONTRAINDICATES	abdominal obesity-metabolic syndrome
Riociguat	CONTRAINDICATES	left ventricular dysfunction
Riociguat	CONTRAINDICATES	lung diseases
Riociguat	CONTRAINDICATES	vascular diseases
Riociguat	CONTRAINDICATES	cardiovascular disorder
Nelfinavir	CONTRAINDICATES	cancer
Nelfinavir	CONTRAINDICATES	head and neck neoplasms
Gabapentin	CONTRAINDICATES	pain
Gabapentin	CONTRAINDICATES	lung cancer
Estradiol	CONTRAINDICATES	female breast carcinoma
Doxycycline	CONTRAINDICATES	digestive system disorder
Doxycycline	CONTRAINDICATES	lung diseases
Misoprostol	CONTRAINDICATES	hemorrhage
Zonisamide	CONTRAINDICATES	partial seizures
Modafinil	CONTRAINDICATES	substance abuse
Bortezomib	CONTRAINDICATES	chronic graft versus host disease
Bortezomib	CONTRAINDICATES	acute graft versus host disease
colecalciferol	CONTRAINDICATES	hypertension
colecalciferol	CONTRAINDICATES	vascular diseases
colecalciferol	CONTRAINDICATES	cardiovascular disorder
Ziprasidone	CONTRAINDICATES	panic disorder
Ziprasidone	CONTRAINDICATES	generalized anxiety disorder
Sitagliptin	CONTRAINDICATES	central diabetes insipidus
Infliximab	CONTRAINDICATES	gastroenteritis
Infliximab	CONTRAINDICATES	digestive system disorder
Infliximab	CONTRAINDICATES	intestinal disorder
Metformin	CONTRAINDICATES	prostate cancer
Daptomycin	CONTRAINDICATES	febrile neutropenia
Daptomycin	CONTRAINDICATES	neutropenia
Daptomycin	CONTRAINDICATES	agranulocytosis
Daptomycin	CONTRAINDICATES	leukopenia
Daptomycin	CONTRAINDICATES	hematologic disorder
Doxycycline	CONTRAINDICATES	uterine hemorrhage
beclomethasone	CONTRAINDICATES	spasm
beclomethasone	CONTRAINDICATES	respiratory tract infections
beclomethasone	CONTRAINDICATES	infectious disease
Rituximab	CONTRAINDICATES	idiopathic nephrotic syndrome
Rituximab	CONTRAINDICATES	lipoid nephrosis
Cisplatin	CONTRAINDICATES	salivary gland carcinoma
Cisplatin	CONTRAINDICATES	oropharynx squamous cell carcinoma
Apremilast	CONTRAINDICATES	rheumatic disorder
Apremilast	CONTRAINDICATES	connective tissue disorder
Caspofungin	CONTRAINDICATES	fungal infections
Caspofungin	CONTRAINDICATES	leukemia
Caspofungin	CONTRAINDICATES	myelodysplastic syndrome with excess blasts
Caspofungin	CONTRAINDICATES	anaerobic bacterial infections
Caspofungin	CONTRAINDICATES	infectious disease
Caspofungin	CONTRAINDICATES	neoplasm
Caspofungin	CONTRAINDICATES	hematologic disorder
Tolvaptan	CONTRAINDICATES	ascites
Tolvaptan	CONTRAINDICATES	primary biliary cholangitis
Omalizumab	CONTRAINDICATES	skin diseases
Omalizumab	CONTRAINDICATES	connective tissue disorder
Omalizumab	CONTRAINDICATES	hypersensitivity pneumonitis
Omalizumab	CONTRAINDICATES	chronic urticaria
Finasteride	CONTRAINDICATES	cancer
Finasteride	CONTRAINDICATES	neoplasm
Finasteride	CONTRAINDICATES	prostatic neoplasms
Etanercept	CONTRAINDICATES	rheumatic disorder
Etanercept	CONTRAINDICATES	autoimmune disease
Botulinum toxin type A	CONTRAINDICATES	neuromuscular disease
Aliskiren	CONTRAINDICATES	pulmonary arterial hypertension
Milnacipran	CONTRAINDICATES	Zellweger spectrum disorders
Sorafenib	CONTRAINDICATES	glioma
Sorafenib	CONTRAINDICATES	low grade glioma
Solifenacin	CONTRAINDICATES	urinary incontinence
Cisplatin	CONTRAINDICATES	head and neck neoplasms
Tranylcypromine	CONTRAINDICATES	bipolar disorder
Dasatinib	CONTRAINDICATES	acute leukemia
Arsenic trioxide	CONTRAINDICATES	lung cancer
Arsenic trioxide	CONTRAINDICATES	cancer
Macitentan	CONTRAINDICATES	digital ulcer
Tocilizumab	CONTRAINDICATES	acute graft versus host disease
Baricitinib	CONTRAINDICATES	skin diseases
Dolutegravir	CONTRAINDICATES	immunodeficiency disease
Ribavirin	CONTRAINDICATES	bone disorder
Ribavirin	CONTRAINDICATES	infectious disease
Ribavirin	CONTRAINDICATES	chlamydia pneumoniae
Ribavirin	CONTRAINDICATES	cancer
Ribavirin	CONTRAINDICATES	acute leukemia
Ribavirin	CONTRAINDICATES	lung diseases
Ribavirin	CONTRAINDICATES	respiratory tract infections
Rotigotine	CONTRAINDICATES	chronic kidney disease
Isoniazid	CONTRAINDICATES	erythropoietic protoporphyria
paracetamol	CONTRAINDICATES	respiratory distress syndrome in premature infants
paracetamol	CONTRAINDICATES	retinal disorder
Icatibant	CONTRAINDICATES	vascular diseases
Icatibant	CONTRAINDICATES	cardiovascular disorder
Icatibant	CONTRAINDICATES	urticaria
Icatibant	CONTRAINDICATES	skin diseases
Icatibant	CONTRAINDICATES	connective tissue disorder
Icatibant	CONTRAINDICATES	hypersensitivity pneumonitis
Botulinum toxin type A	CONTRAINDICATES	muscle spasticity
Indomethacin	CONTRAINDICATES	obstetric labor complication
Indomethacin	CONTRAINDICATES	premature labor
Salsalate	CONTRAINDICATES	schizophrenia
Salsalate	CONTRAINDICATES	schizoaffective disorder
Boceprevir	CONTRAINDICATES	hepatitis c
Cabozantinib	CONTRAINDICATES	lung cancer
Cabozantinib	CONTRAINDICATES	advanced breast cancer
Cabozantinib	CONTRAINDICATES	cancer
Cabozantinib	CONTRAINDICATES	lung diseases
Cabozantinib	CONTRAINDICATES	prostatic neoplasms
Cabozantinib	CONTRAINDICATES	neoplasm metastasis
Cabozantinib	CONTRAINDICATES	recurrence
Memantine	CONTRAINDICATES	atrial septal defect
Memantine	CONTRAINDICATES	Zellweger spectrum disorders
Memantine	CONTRAINDICATES	pervasive developmental disorder
Tolvaptan	CONTRAINDICATES	heart disorder
Risperidone	CONTRAINDICATES	Zellweger spectrum disorders
Risperidone	CONTRAINDICATES	pervasive developmental disorder
Tolvaptan	CONTRAINDICATES	dyspnea
Aflibercept	CONTRAINDICATES	braf v600e-mutant metastatic colorectal cancer
Eplerenone	CONTRAINDICATES	breast cancer
Pioglitazone	CONTRAINDICATES	bipolar disorder
Semaglutide	CONTRAINDICATES	abdominal obesity-metabolic syndrome
Testosterone undecanoate	CONTRAINDICATES	female sexual dysfunction
Velpatasvir	CONTRAINDICATES	chronic hepatitis c virus genotype 3 infection
Azacitidine	CONTRAINDICATES	cancer
Febuxostat	CONTRAINDICATES	coronary artery disorder
Simvastatin	CONTRAINDICATES	chronic rhinosinusitis
Carfilzomib	CONTRAINDICATES	refractory multiple myeloma
Carfilzomib	CONTRAINDICATES	cancer
Carfilzomib	CONTRAINDICATES	vascular diseases
Carfilzomib	CONTRAINDICATES	cardiovascular disorder
Carfilzomib	CONTRAINDICATES	hematologic disorder
Carfilzomib	CONTRAINDICATES	hemorrhagic cystitis
Carfilzomib	CONTRAINDICATES	post-transplant lymphoproliferative disease
Brentuximab vedotin	CONTRAINDICATES	aggressive systemic mastocytosis
Brentuximab vedotin	CONTRAINDICATES	systemic mastocytosis
Ambrisentan	CONTRAINDICATES	vascular dementia
Afatinib	CONTRAINDICATES	head and neck neoplasms
Naltrexone	CONTRAINDICATES	schizophrenia
Naltrexone	CONTRAINDICATES	bipolar disorder
Tofacitinib	CONTRAINDICATES	bone disorder
Tofacitinib	CONTRAINDICATES	skin diseases
Tofacitinib	CONTRAINDICATES	connective tissue disorder
Niraparib	CONTRAINDICATES	breast neoplasms
Niraparib	CONTRAINDICATES	advanced breast cancer
Cabozantinib	CONTRAINDICATES	advanced hepatocellular carcinoma
Metformin	CONTRAINDICATES	endometrial cancer
Metformin	CONTRAINDICATES	uterine cancer
Metformin	CONTRAINDICATES	cancer
Vismodegib	CONTRAINDICATES	diffuse large B-cell lymphoma
Vismodegib	CONTRAINDICATES	Hodgkins lymphoma
Vismodegib	CONTRAINDICATES	B-cell chronic lymphocytic leukemia
GLUTAMINE	CONTRAINDICATES	cancer
Enzalutamide	CONTRAINDICATES	advanced prostate cancer
Enzalutamide	CONTRAINDICATES	cancer
fampridine	CONTRAINDICATES	autoimmune disease
fampridine	CONTRAINDICATES	nervous system disorder
fampridine	CONTRAINDICATES	demyelinating disease
Ursodeoxycholic acid	CONTRAINDICATES	chronic liver disease
Ursodeoxycholic acid	CONTRAINDICATES	polycystic kidney, autosomal dominant
Levosimendan	CONTRAINDICATES	acute coronary syndrome
Ondansetron	CONTRAINDICATES	digestive system disorder
Olanzapine	CONTRAINDICATES	cancer
Olanzapine	CONTRAINDICATES	nausea and vomiting
Olanzapine	CONTRAINDICATES	solid tumors
Lubiprostone	CONTRAINDICATES	functional constipation
Spironolactone	CONTRAINDICATES	atherosclerosis
Spironolactone	CONTRAINDICATES	arteriosclerosis disorder
Spironolactone	CONTRAINDICATES	peripheral arterial disease
Spironolactone	CONTRAINDICATES	vascular diseases
Riociguat	CONTRAINDICATES	digestive system disorder
Rilonacept	CONTRAINDICATES	acute urticaria
Rilonacept	CONTRAINDICATES	urticaria
Rilonacept	CONTRAINDICATES	connective tissue disorder
Rosuvastatin	CONTRAINDICATES	central diabetes insipidus
Rosuvastatin	CONTRAINDICATES	abdominal obesity-metabolic syndrome
Rosuvastatin	CONTRAINDICATES	inborn error of immunity
Pregabalin	CONTRAINDICATES	rheumatic disorder
Doxycycline	CONTRAINDICATES	primary systemic amyloidosis
Iloprost	CONTRAINDICATES	lung cancer
Iloprost	CONTRAINDICATES	cancer
Iloprost	CONTRAINDICATES	neoplasm
Iloprost	CONTRAINDICATES	lung diseases
Tolcapone	CONTRAINDICATES	traumatic brain injuries
Enzalutamide	CONTRAINDICATES	metastatic castration-resistant prostate cancer
Apremilast	CONTRAINDICATES	Clostridium difficile colitis
Apremilast	CONTRAINDICATES	gastroenteritis
Apremilast	CONTRAINDICATES	digestive system disorder
Apremilast	CONTRAINDICATES	intestinal disorder
Bevacizumab	CONTRAINDICATES	renal carcinoma
Octreotide	CONTRAINDICATES	carcinoma of esophagus
Octreotide	CONTRAINDICATES	stomach neoplasms
Octreotide	CONTRAINDICATES	weight loss
Octreotide	CONTRAINDICATES	nutritional deficiency disease
Octreotide	CONTRAINDICATES	pancreatic neoplasm
Octreotide	CONTRAINDICATES	cancer
Sertraline	CONTRAINDICATES	Zellweger spectrum disorders
Sertraline	CONTRAINDICATES	pervasive developmental disorder
Regorafenib	CONTRAINDICATES	malignant colon neoplasm
Regorafenib	CONTRAINDICATES	digestive system neoplasm
Insulin glulisine	CONTRAINDICATES	intellectual disability
Insulin glulisine	CONTRAINDICATES	nervous system disorder
Desipramine	CONTRAINDICATES	apnea
Desipramine	CONTRAINDICATES	irregular sleep-wake rhythm disorder
Desipramine	CONTRAINDICATES	nervous system disorder
Galcanezumab	CONTRAINDICATES	cluster headache syndrome
Progesterone	CONTRAINDICATES	preterm birth
Rivaroxaban	CONTRAINDICATES	embolism
Rivaroxaban	CONTRAINDICATES	vascular diseases
Rivaroxaban	CONTRAINDICATES	cardiovascular disorder
Pembrolizumab	CONTRAINDICATES	testicular neoplasms
Pembrolizumab	CONTRAINDICATES	germ cell tumor
Pembrolizumab	CONTRAINDICATES	ovarian neoplasms
Azithromycin	CONTRAINDICATES	acute exacerbation of chronic obstructive pulmonary disease
Doxycycline	CONTRAINDICATES	anaerobic bacterial infections
Doxycycline	CONTRAINDICATES	infectious disease
Doxycycline	CONTRAINDICATES	gram-positive bacterial infections
Doxycycline	CONTRAINDICATES	spirochaetales infections
Doxycycline	CONTRAINDICATES	central nervous system infections
Doxycycline	CONTRAINDICATES	nervous system disorder
Memantine	CONTRAINDICATES	aids defining illness
Mepolizumab	CONTRAINDICATES	acute exacerbation of chronic obstructive pulmonary disease
Mepolizumab	CONTRAINDICATES	lung diseases
Mepolizumab	CONTRAINDICATES	hypersensitivity pneumonitis
Mepolizumab	CONTRAINDICATES	pulmonary eosinophilia
Ibrutinib	CONTRAINDICATES	metastatic or unresectable cutaneous melanoma
Ibrutinib	CONTRAINDICATES	melanoma
Ibrutinib	CONTRAINDICATES	pancreatic neuroendocrine tumor
Ibrutinib	CONTRAINDICATES	tumors
Abatacept	CONTRAINDICATES	focal segmental glomerulosclerosis
Abatacept	CONTRAINDICATES	lipoid nephrosis
Abatacept	CONTRAINDICATES	neuromuscular disease
Abatacept	CONTRAINDICATES	connective tissue disorder
Abatacept	CONTRAINDICATES	skin diseases
Abatacept	CONTRAINDICATES	myositis
Hydroxychloroquine	CONTRAINDICATES	connective tissue disorder
Hydroxychloroquine	CONTRAINDICATES	autoimmune disease
Galcanezumab	CONTRAINDICATES	acute migraine
Levobupivacaine	CONTRAINDICATES	breast cancer
Vortioxetine	CONTRAINDICATES	post-traumatic stress disorder
Cobimetinib	CONTRAINDICATES	solid tumors
Imatinib	CONTRAINDICATES	loiasis
Metreleptin	CONTRAINDICATES	metabolic dysfunction-associated steatohepatitis
Esomeprazole	CONTRAINDICATES	digestive system disorder
Sevoflurane	CONTRAINDICATES	myocardial infarction
Upadacitinib	CONTRAINDICATES	chronic musculoskeletal pain
Upadacitinib	CONTRAINDICATES	bone and joint infections
Losartan	CONTRAINDICATES	inflammation
Suvorexant	CONTRAINDICATES	post-traumatic stress disorder
Upadacitinib	CONTRAINDICATES	rheumatic disorder
Upadacitinib	CONTRAINDICATES	connective tissue disorder
Upadacitinib	CONTRAINDICATES	autoimmune disease
Heparin	CONTRAINDICATES	severe insulin resistance
Topiramate	CONTRAINDICATES	schizoaffective disorder
Idebenone	CONTRAINDICATES	neuromuscular disease
Idebenone	CONTRAINDICATES	nervous system disorder
Empagliflozin	CONTRAINDICATES	obesity disorder
Gabapentin	CONTRAINDICATES	acute pain
Durvalumab	CONTRAINDICATES	pleural mesothelioma
Durvalumab	CONTRAINDICATES	chromophobe adenoma
Durvalumab	CONTRAINDICATES	advanced bladder cancer
Durvalumab	CONTRAINDICATES	bladder cancer
Metformin	CONTRAINDICATES	anemia of pregnancy
Avelumab	CONTRAINDICATES	carcinoma
Avelumab	CONTRAINDICATES	cancer
Avelumab	CONTRAINDICATES	head and neck neoplasms
Pimavanserin	CONTRAINDICATES	schizophrenia
Heparin	CONTRAINDICATES	prostate cancer
Empagliflozin	CONTRAINDICATES	heart disorder
Empagliflozin	CONTRAINDICATES	cardiovascular disorder
Fluoxetine	CONTRAINDICATES	generalized anxiety disorder
Apremilast	CONTRAINDICATES	cardiovascular disorder
Natalizumab	CONTRAINDICATES	schizophrenia
Upadacitinib	CONTRAINDICATES	bone disorder
Upadacitinib	CONTRAINDICATES	skin diseases
Suvorexant	CONTRAINDICATES	multiple sclerosis
Pimavanserin	CONTRAINDICATES	agitation
Alectinib	CONTRAINDICATES	cancer
Alectinib	CONTRAINDICATES	bronchogenic carcinoma
Alectinib	CONTRAINDICATES	lung diseases
Alectinib	CONTRAINDICATES	head and neck neoplasms
Alectinib	CONTRAINDICATES	thyroid cancer
Talazoparib	CONTRAINDICATES	prostate cancer
Triheptanoin	CONTRAINDICATES	epilepsy
Ivabradine	CONTRAINDICATES	tachycardia
Vedolizumab	CONTRAINDICATES	Clostridium difficile colitis
Vedolizumab	CONTRAINDICATES	digestive system disorder
Vedolizumab	CONTRAINDICATES	inflammatory bowel diseases
Vedolizumab	CONTRAINDICATES	intestinal disorder
Anastrozole	CONTRAINDICATES	lung diseases
Anastrozole	CONTRAINDICATES	hypertension
Anastrozole	CONTRAINDICATES	vascular diseases
Anastrozole	CONTRAINDICATES	cardiovascular disorder
Fingolimod	CONTRAINDICATES	progressive relapsing multiple sclerosis
Lacosamide	CONTRAINDICATES	alcohol dependence
Zoledronic acid	CONTRAINDICATES	diabetes complications
Zilucoplan	CONTRAINDICATES	generalized myasthenia gravis
Avelumab	CONTRAINDICATES	tumors
Zonisamide	CONTRAINDICATES	post-traumatic stress disorder
Venetoclax	CONTRAINDICATES	hematologic disorder
Lenvatinib	CONTRAINDICATES	solid tumors
Buspirone	CONTRAINDICATES	digestive system disorder
Buspirone	CONTRAINDICATES	hyperkalemic periodic paralysis
Haloperidol	CONTRAINDICATES	cognitive impairment
Haloperidol	CONTRAINDICATES	cognitive disorder
Upadacitinib	CONTRAINDICATES	pediatric ulcerative colitis
Nitazoxanide	CONTRAINDICATES	metabolic dysfunction-associated steatohepatitis
Nitazoxanide	CONTRAINDICATES	chronic liver disease
Nitazoxanide	CONTRAINDICATES	liver cirrhosis
Lidocaine	CONTRAINDICATES	chronic pain
Abatacept	CONTRAINDICATES	immunoglobulin G4-related sclerosing disease
VUTRISIRAN	CONTRAINDICATES	hereditary amyloidosis
ASPIRIN	CONTRAINDICATES	abnormal bleeding
ASPIRIN	CONTRAINDICATES	chronic renal insufficiency
Azacitidine	CONTRAINDICATES	refractory acute myeloid leukemia
Lidocaine	CONTRAINDICATES	aneurysm
Sulfasalazine	CONTRAINDICATES	breast cancer
Sulfasalazine	CONTRAINDICATES	acute pain
Evolocumab	CONTRAINDICATES	atherosclerosis
Evolocumab	CONTRAINDICATES	branch retinal vein occlusion
Evolocumab	CONTRAINDICATES	arteriosclerosis disorder
Evolocumab	CONTRAINDICATES	vascular diseases
Dupilumab	CONTRAINDICATES	skin diseases
Dupilumab	CONTRAINDICATES	connective tissue disorder
Dupilumab	CONTRAINDICATES	hypersensitivity pneumonitis
Belumosudil	CONTRAINDICATES	amyotrophic lateral sclerosis
Pregabalin	CONTRAINDICATES	urolithiasis
Pregabalin	CONTRAINDICATES	delayed emergence from anesthesia
Apremilast	CONTRAINDICATES	plaque psoriasis
Levosimendan	CONTRAINDICATES	nervous system disorder
Levosimendan	CONTRAINDICATES	neuromuscular disease
Fremanezumab	CONTRAINDICATES	rheumatic disorder
Fremanezumab	CONTRAINDICATES	neuromuscular disease
Fremanezumab	CONTRAINDICATES	nervous system disorder
Mirikizumab	CONTRAINDICATES	Clostridium difficile colitis
Mirikizumab	CONTRAINDICATES	gastroenteritis
Mirikizumab	CONTRAINDICATES	digestive system disorder
Mirikizumab	CONTRAINDICATES	inflammatory bowel diseases
Dasatinib	CONTRAINDICATES	vascular diseases
Dasatinib	CONTRAINDICATES	cardiovascular disorder
Brexpiprazole	CONTRAINDICATES	acid sphingomyelinase deficiency
Probenecid	CONTRAINDICATES	alcohol dependence
Macitentan	CONTRAINDICATES	chronic thromboembolic pulmonary hypertension
Ixekizumab	CONTRAINDICATES	bone disorder
Cefiderocol	CONTRAINDICATES	gram-positive bacterial infections
Cefiderocol	CONTRAINDICATES	staphylococcus aureus bloodstream infections
Cefiderocol	CONTRAINDICATES	abdominal infection
Cefiderocol	CONTRAINDICATES	hospital acquired pneumonia
Cefiderocol	CONTRAINDICATES	chlamydia pneumoniae
Cefiderocol	CONTRAINDICATES	chronic urinary tract infection
Hydroxychloroquine	CONTRAINDICATES	acute infectious disease
Ganaxolone	CONTRAINDICATES	status epilepticus
Zavegepant	CONTRAINDICATES	acute migraine
Tamsulosin	CONTRAINDICATES	urinary retention
Tamsulosin	CONTRAINDICATES	hernia
Nemolizumab	CONTRAINDICATES	connective tissue disorder
Nemolizumab	CONTRAINDICATES	dermatitis
Nemolizumab	CONTRAINDICATES	skin diseases
Nemolizumab	CONTRAINDICATES	skin disorder
Nemolizumab	CONTRAINDICATES	neurodermatitis
Nemolizumab	CONTRAINDICATES	pruritus
Tenecteplase	CONTRAINDICATES	COVID-19
Tenecteplase	CONTRAINDICATES	respiratory failure
Tenecteplase	CONTRAINDICATES	viral pneumonia
Tenecteplase	CONTRAINDICATES	chlamydia pneumoniae
Tenecteplase	CONTRAINDICATES	respiratory tract infections
Tenecteplase	CONTRAINDICATES	infectious disease
Nitazoxanide	CONTRAINDICATES	chlamydia pneumoniae
Nitazoxanide	CONTRAINDICATES	respiratory tract infections
Nitazoxanide	CONTRAINDICATES	infectious disease
GLUTAMINE	CONTRAINDICATES	acute coronary syndrome
Erythromycin	CONTRAINDICATES	sepsis
Erythromycin	CONTRAINDICATES	septic shock
Sargramostim	CONTRAINDICATES	COVID-19
Sargramostim	CONTRAINDICATES	infectious disease
Risankizumab	CONTRAINDICATES	skin diseases
Risankizumab	CONTRAINDICATES	connective tissue disorder
Cannabidiol	CONTRAINDICATES	arthralgia
Cannabidiol	CONTRAINDICATES	breast cancer
Mepolizumab	CONTRAINDICATES	acute bronchitis
Mepolizumab	CONTRAINDICATES	cough
Vonoprazan	CONTRAINDICATES	heartburn
Tezepelumab	CONTRAINDICATES	otorhinolaryngologic disease
Amantadine	CONTRAINDICATES	COVID-19
Danicopan	CONTRAINDICATES	geographic atrophy
Acalabrutinib	CONTRAINDICATES	allergies
Ketorolac	CONTRAINDICATES	acute migraine
Raloxifene	CONTRAINDICATES	infectious disease
Raloxifene	CONTRAINDICATES	viral pneumonia
Raloxifene	CONTRAINDICATES	respiratory tract infections
Apremilast	CONTRAINDICATES	pustulosis palmaris et plantaris
Rimegepant	CONTRAINDICATES	photophobia
Siltuximab	CONTRAINDICATES	acute leukemia
Iloprost	CONTRAINDICATES	acute exacerbation of chronic obstructive pulmonary disease
Hydroxyurea	CONTRAINDICATES	hemolytic anemia
Hydroxyurea	CONTRAINDICATES	cerebrovascular disorders
Hydroxyurea	CONTRAINDICATES	nervous system disorder
Hydroxyurea	CONTRAINDICATES	vascular diseases
Hydroxyurea	CONTRAINDICATES	cardiovascular disorder
Ruxolitinib	CONTRAINDICATES	aids defining illness
Dexamethasone	CONTRAINDICATES	coronary artery disorder
Dexamethasone	CONTRAINDICATES	systemic inflammatory response syndrome
Dexamethasone	CONTRAINDICATES	acute coronary syndrome
Dexamethasone	CONTRAINDICATES	myocardial ischemia
Dexamethasone	CONTRAINDICATES	heart disorder
Dexamethasone	CONTRAINDICATES	cardiovascular disorder
Ibudilast	CONTRAINDICATES	COVID-19
Baclofen	CONTRAINDICATES	alcohol dependence
Baclofen	CONTRAINDICATES	post-traumatic stress disorder
Semaglutide	CONTRAINDICATES	pulmonary embolism
Semaglutide	CONTRAINDICATES	lung diseases
Semaglutide	CONTRAINDICATES	embolism
Semaglutide	CONTRAINDICATES	vascular diseases
Rituximab	CONTRAINDICATES	nervous system disorder
Rituximab	CONTRAINDICATES	demyelinating disease
Tirzepatide	CONTRAINDICATES	acute heart failure
Tirzepatide	CONTRAINDICATES	abdominal obesity-metabolic syndrome
Etoricoxib	CONTRAINDICATES	post-operative pain
Tamoxifen	CONTRAINDICATES	cancer
Tamoxifen	CONTRAINDICATES	breast neoplasms
Domperidone	CONTRAINDICATES	secondary progressive multiple sclerosis
Tocilizumab	CONTRAINDICATES	myocardial infarction
Donepezil	CONTRAINDICATES	cognitive disorder
Acetazolamide	CONTRAINDICATES	prevention of pregnancy
Brivaracetam	CONTRAINDICATES	childhood absence epilepsy
Lomustine	CONTRAINDICATES	astrocytoma (excluding glioblastoma)
Lomustine	CONTRAINDICATES	cancer
Lomustine	CONTRAINDICATES	tumors
Raltitrexed	CONTRAINDICATES	digestive system neoplasm
Vitamin E	CONTRAINDICATES	prostate cancer
Capecitabine	CONTRAINDICATES	skin diseases
Imatinib	CONTRAINDICATES	meningioma
Zoledronic acid	CONTRAINDICATES	neoplasm
Bortezomib	CONTRAINDICATES	liver cancer
Gemtuzumab ozogamicin	CONTRAINDICATES	myeloproliferative disorders
Triptorelin	CONTRAINDICATES	breast cancer
Triptorelin	CONTRAINDICATES	drug toxicity
Gemcitabine	CONTRAINDICATES	malignant epithelial tumor of ovary
Lapatinib	CONTRAINDICATES	endometrial carcinoma
Telavancin	CONTRAINDICATES	infectious disease
Telavancin	CONTRAINDICATES	respiratory tract infections
Telavancin	CONTRAINDICATES	lung diseases
Lapatinib	CONTRAINDICATES	malignant epithelial tumor of ovary
Hydroxyurea	CONTRAINDICATES	hemochromatosis type 1
Vorinostat	CONTRAINDICATES	breast cancer
Bortezomib	CONTRAINDICATES	follicular lymphoma
Galantamine	CONTRAINDICATES	schizophrenia
Galantamine	CONTRAINDICATES	psychotic disorders
Gefitinib	CONTRAINDICATES	carcinoma of esophagus
ARGININE	CONTRAINDICATES	diabetes mellitus
Lorazepam	CONTRAINDICATES	status epilepticus
Lorazepam	CONTRAINDICATES	convulsions
Venlafaxine	CONTRAINDICATES	hot flashes
Vorinostat	CONTRAINDICATES	bladder transitional cell carcinoma
Sunitinib	CONTRAINDICATES	skin diseases
Vandetanib	CONTRAINDICATES	ovarian neoplasms
Dasatinib	CONTRAINDICATES	hepatocellular carcinoma
Dasatinib	CONTRAINDICATES	liver cancer
Paricalcitol	CONTRAINDICATES	left ventricular hypertrophy
Buprenorphine	CONTRAINDICATES	pain
Methotrexate	CONTRAINDICATES	small intestine cancer
Alitretinoin	CONTRAINDICATES	atopic eczema
Aprepitant	CONTRAINDICATES	alcohol dependence
Aprepitant	CONTRAINDICATES	post-traumatic stress disorder
Varenicline	CONTRAINDICATES	recurrence
Panobinostat	CONTRAINDICATES	anemia
Clopidogrel	CONTRAINDICATES	vascular diseases
Levothyroxine	CONTRAINDICATES	systemic lupus erythematosus
rifampicin	CONTRAINDICATES	multiple system atrophy
Caspofungin	CONTRAINDICATES	acute myeloblastic leukemia with maturation
Caspofungin	CONTRAINDICATES	acute monocytic leukemia
Cabazitaxel	CONTRAINDICATES	gastroesophageal cancer
Gemcitabine	CONTRAINDICATES	neoplasm metastasis
Ibritumomab tiuxetan	CONTRAINDICATES	diffuse large B-cell lymphoma
Temozolomide	CONTRAINDICATES	brain stem glioma
Ibrutinib	CONTRAINDICATES	relapsed or refractory chronic lymphocytic leukemia
Ibrutinib	CONTRAINDICATES	small lymphocytic lymphoma (sll)
Cabozantinib	CONTRAINDICATES	prostate cancer
Cabozantinib	CONTRAINDICATES	pain
Trastuzumab emtansine	CONTRAINDICATES	gastric cancer
Aflibercept	CONTRAINDICATES	digestive system neoplasm
Aflibercept	CONTRAINDICATES	neoplasm metastasis
Ramelteon	CONTRAINDICATES	mood disorder
Eplerenone	CONTRAINDICATES	neoplasm
Eplerenone	CONTRAINDICATES	skin diseases
Eplerenone	CONTRAINDICATES	breast neoplasms
Afatinib	CONTRAINDICATES	metastatic pancreatic cancer
Simvastatin	CONTRAINDICATES	infectious disease
Prasugrel	CONTRAINDICATES	myocardial ischemia
Eltrombopag	CONTRAINDICATES	acute leukemia
Cefazolin	CONTRAINDICATES	surgical wound infection
Carboplatin	CONTRAINDICATES	recurrent ovarian cancer
Acetaminophen	CONTRAINDICATES	low back pain
Ephedrine	CONTRAINDICATES	labor pain
Bevacizumab	CONTRAINDICATES	epistaxis
Nabilone	CONTRAINDICATES	post operative nausea and vomiting
Trastuzumab	CONTRAINDICATES	metastatic malignant neoplasm to bone
Trastuzumab	CONTRAINDICATES	central nervous system neoplasms
Celecoxib	CONTRAINDICATES	arthritic joint disease
Ciprofloxacin	CONTRAINDICATES	prostate cancer
Melatonin	CONTRAINDICATES	female breast carcinoma
Risankizumab	CONTRAINDICATES	lung diseases
Ascorbic acid	CONTRAINDICATES	prostate cancer
Pembrolizumab	CONTRAINDICATES	solid tumors
Sorafenib	CONTRAINDICATES	liver neoplasms
Sorafenib	CONTRAINDICATES	digestive system neoplasm
Fremanezumab	CONTRAINDICATES	headache disorders
Enoxaparin	CONTRAINDICATES	vascular diseases
Enoxaparin	CONTRAINDICATES	thromboembolism
Selexipag	CONTRAINDICATES	chronic thromboembolic pulmonary hypertension
Human immunoglobulin G	CONTRAINDICATES	myositis
Enzalutamide	CONTRAINDICATES	skin diseases
Ramucirumab	CONTRAINDICATES	sarcoma
Nivolumab	CONTRAINDICATES	metastatic colorectal cancer
Etrasimod	CONTRAINDICATES	gastroenteritis
Ruxolitinib	CONTRAINDICATES	viral pneumonia
Ruxolitinib	CONTRAINDICATES	respiratory tract infections
Ruxolitinib	CONTRAINDICATES	infectious disease
Tocilizumab	CONTRAINDICATES	infectious disease
Rivaroxaban	CONTRAINDICATES	viral pneumonia
Rivaroxaban	CONTRAINDICATES	pneumonia
Rivaroxaban	CONTRAINDICATES	respiratory tract infections
Rivaroxaban	CONTRAINDICATES	infectious disease
Trilaciclib	CONTRAINDICATES	digestive system neoplasm
Guselkumab	CONTRAINDICATES	cerebrovascular disorders
Bamlanivimab	CONTRAINDICATES	viral pneumonia
Bamlanivimab	CONTRAINDICATES	pneumonia
Bamlanivimab	CONTRAINDICATES	respiratory tract infections
Bamlanivimab	CONTRAINDICATES	infectious disease
Belantamab mafodotin	CONTRAINDICATES	non-Hodgkin lymphoma
Belantamab mafodotin	CONTRAINDICATES	lymphoma
Secukinumab	CONTRAINDICATES	Graves disease
Niclosamide	CONTRAINDICATES	viral pneumonia
Niclosamide	CONTRAINDICATES	pneumonia
Niclosamide	CONTRAINDICATES	respiratory tract infections
Niclosamide	CONTRAINDICATES	infectious disease
Baricitinib	CONTRAINDICATES	viral pneumonia
Baricitinib	CONTRAINDICATES	respiratory tract infections
Baricitinib	CONTRAINDICATES	infectious disease
Amantadine	CONTRAINDICATES	pneumonia
Amantadine	CONTRAINDICATES	respiratory tract infections
Amantadine	CONTRAINDICATES	infectious disease
Botulinum toxin type A	CONTRAINDICATES	headache disorders
Danicopan	CONTRAINDICATES	retinal degeneration
Tecovirimat	CONTRAINDICATES	infectious disease
Amivantamab	CONTRAINDICATES	adenocarcinoma
Amivantamab	CONTRAINDICATES	carcinoma
Etrasimod	CONTRAINDICATES	skin diseases
Ivermectin	CONTRAINDICATES	viral pneumonia
Ivermectin	CONTRAINDICATES	respiratory tract infections
Ivermectin	CONTRAINDICATES	infectious disease
Fluvoxamine	CONTRAINDICATES	viral pneumonia
Fluvoxamine	CONTRAINDICATES	pneumonia
Fluvoxamine	CONTRAINDICATES	respiratory tract infections
Montelukast	CONTRAINDICATES	viral pneumonia
Montelukast	CONTRAINDICATES	pneumonia
Deucravacitinib	CONTRAINDICATES	skin diseases
Ifosfamide	CONTRAINDICATES	digestive system neoplasm
Atezolizumab	CONTRAINDICATES	bronchogenic carcinoma
Pemigatinib	CONTRAINDICATES	astrocytoma (excluding glioblastoma)
Ipilimumab	CONTRAINDICATES	prostate cancer
Atezolizumab	CONTRAINDICATES	locally advanced head and neck squamous cell carcinoma
Canakinumab	CONTRAINDICATES	carcinoma
Bevacizumab	CONTRAINDICATES	digestive system neoplasm
Palbociclib	CONTRAINDICATES	metastatic urothelial carcinoma
