head_name	relation	tail_name
Goserelin	DRUG_COMBINATION	Enzalutamide
Goserelin	DRUG_COMBINATION	Dutasteride
Goserelin	DRUG_COMBINATION	Bicalutamide
Goserelin	DRUG_COMBINATION	Anastrozole
Goserelin	DRUG_COMBINATION	Docetaxel
Goserelin	DRUG_COMBINATION	Flutamide
Goserelin	DRUG_COMBINATION	Tamoxifen
Goserelin	DRUG_COMBINATION	Letrozole
Goserelin	DRUG_COMBINATION	Palbociclib
Goserelin	DRUG_COMBINATION	Darolutamide
Daidzin	DRUG_COMBINATION	Topotecan
Daidzin	DRUG_COMBINATION	Leflunomide
Daidzin	DRUG_COMBINATION	Sertraline
Daidzin	DRUG_COMBINATION	Sulfinpyrazone
Daidzin	DRUG_COMBINATION	Dihydroergotamine
Daidzin	DRUG_COMBINATION	Mefloquine
Daidzin	DRUG_COMBINATION	Cilostazol
Daidzin	DRUG_COMBINATION	Diphenidol
Daidzin	DRUG_COMBINATION	Pramipexole
Daidzin	DRUG_COMBINATION	Methocarbamol
Daidzin	DRUG_COMBINATION	Fenoprofen
Daidzin	DRUG_COMBINATION	Aprepitant
Daidzin	DRUG_COMBINATION	SN-38
Daidzin	DRUG_COMBINATION	Phensuximide
Daidzin	DRUG_COMBINATION	Cytarabine
Daidzin	DRUG_COMBINATION	Mardepodect
Daidzin	DRUG_COMBINATION	Triapine
Daidzin	DRUG_COMBINATION	Terameprocol
Daidzin	DRUG_COMBINATION	Emetine
Daidzin	DRUG_COMBINATION	Modufolin
Piperaquine	DRUG_COMBINATION	Chloroquine
Piperaquine	DRUG_COMBINATION	Mebendazole
Piperaquine	DRUG_COMBINATION	Omacetaxine mepesuccinate
Piperaquine	DRUG_COMBINATION	Plinabulin
Piperaquine	DRUG_COMBINATION	Methylene blue
Piperaquine	DRUG_COMBINATION	Panobinostat
Piperaquine	DRUG_COMBINATION	Artemether
Piperaquine	DRUG_COMBINATION	Lumefantrine
Piperaquine	DRUG_COMBINATION	Apitolisib
Piperaquine	DRUG_COMBINATION	Artemisinin
Piperaquine	DRUG_COMBINATION	Tetrandrine
Testosterone undecanoate	DRUG_COMBINATION	Testosterone undecanoate
Estradiol valerate	DRUG_COMBINATION	Progesterone
Estradiol valerate	DRUG_COMBINATION	Dienogest
Boceprevir	DRUG_COMBINATION	Raltegravir
Boceprevir	DRUG_COMBINATION	Dolutegravir
Boceprevir	DRUG_COMBINATION	Simeprevir
Fidaxomicin	DRUG_COMBINATION	Rosuvastatin
Cabozantinib	DRUG_COMBINATION	Idarubicin
Cabozantinib	DRUG_COMBINATION	Pemetrexed
Cabozantinib	DRUG_COMBINATION	Temozolomide
Cabozantinib	DRUG_COMBINATION	Vandetanib
Cabozantinib	DRUG_COMBINATION	Lutetium Lu 177 dotatate
Cabozantinib	DRUG_COMBINATION	Buparlisib
Cabozantinib	DRUG_COMBINATION	Formononetin
Cabozantinib	DRUG_COMBINATION	AZD-8055
Cabozantinib	DRUG_COMBINATION	Cabozantinib
Ruxolitinib	DRUG_COMBINATION	Vemurafenib
Ruxolitinib	DRUG_COMBINATION	Regorafenib
Ruxolitinib	DRUG_COMBINATION	Formestane
Ruxolitinib	DRUG_COMBINATION	Pomalidomide
Ruxolitinib	DRUG_COMBINATION	Trametinib
Ruxolitinib	DRUG_COMBINATION	Topotecan
Ruxolitinib	DRUG_COMBINATION	Mercaptopurine
Ruxolitinib	DRUG_COMBINATION	Fludarabine
Ruxolitinib	DRUG_COMBINATION	Capecitabine
Ruxolitinib	DRUG_COMBINATION	Quinacrine
Ruxolitinib	DRUG_COMBINATION	Bortezomib
Ruxolitinib	DRUG_COMBINATION	Bleomycin
Ruxolitinib	DRUG_COMBINATION	Chlorambucil
Ruxolitinib	DRUG_COMBINATION	Mitomycin
Ruxolitinib	DRUG_COMBINATION	Gefitinib
Ruxolitinib	DRUG_COMBINATION	Tioguanine
Ruxolitinib	DRUG_COMBINATION	Idarubicin
Ruxolitinib	DRUG_COMBINATION	Ifosfamide
Ruxolitinib	DRUG_COMBINATION	Estramustine
Ruxolitinib	DRUG_COMBINATION	Anastrozole
Ruxolitinib	DRUG_COMBINATION	Paclitaxel
Ruxolitinib	DRUG_COMBINATION	Dexamethasone
Ruxolitinib	DRUG_COMBINATION	Docetaxel
Ruxolitinib	DRUG_COMBINATION	Dasatinib
Ruxolitinib	DRUG_COMBINATION	Lapatinib
Ruxolitinib	DRUG_COMBINATION	Decitabine
Ruxolitinib	DRUG_COMBINATION	Sunitinib
Ruxolitinib	DRUG_COMBINATION	Dexrazoxane
Ruxolitinib	DRUG_COMBINATION	Valrubicin
Ruxolitinib	DRUG_COMBINATION	Trifluridine
Ruxolitinib	DRUG_COMBINATION	Gemcitabine
Ruxolitinib	DRUG_COMBINATION	Epirubicin
Ruxolitinib	DRUG_COMBINATION	Lenalidomide
Ruxolitinib	DRUG_COMBINATION	Raloxifene
Ruxolitinib	DRUG_COMBINATION	Celecoxib
Ruxolitinib	DRUG_COMBINATION	Altretamine
Ruxolitinib	DRUG_COMBINATION	Cisplatin
Ruxolitinib	DRUG_COMBINATION	Erlotinib
Ruxolitinib	DRUG_COMBINATION	Cyclophosphamide
Ruxolitinib	DRUG_COMBINATION	Pentostatin
Ruxolitinib	DRUG_COMBINATION	Digitoxin
Ruxolitinib	DRUG_COMBINATION	Danazol
Ruxolitinib	DRUG_COMBINATION	Imatinib
Ruxolitinib	DRUG_COMBINATION	Genistein
Ruxolitinib	DRUG_COMBINATION	Simvastatin
Ruxolitinib	DRUG_COMBINATION	Dyphylline
Ruxolitinib	DRUG_COMBINATION	Corticosterone
Ruxolitinib	DRUG_COMBINATION	Plicamycin
Ruxolitinib	DRUG_COMBINATION	Pralatrexate
Ruxolitinib	DRUG_COMBINATION	Uracil mustard
Ruxolitinib	DRUG_COMBINATION	Dacarbazine
Ruxolitinib	DRUG_COMBINATION	Temozolomide
Ruxolitinib	DRUG_COMBINATION	Sirolimus
Ruxolitinib	DRUG_COMBINATION	Mechlorethamine
Ruxolitinib	DRUG_COMBINATION	Azacitidine
Ruxolitinib	DRUG_COMBINATION	Fulvestrant
Ruxolitinib	DRUG_COMBINATION	Isoniazid
Ruxolitinib	DRUG_COMBINATION	Ixabepilone
Ruxolitinib	DRUG_COMBINATION	Nilotinib
Ruxolitinib	DRUG_COMBINATION	Picoplatin
Ruxolitinib	DRUG_COMBINATION	Abiraterone
Ruxolitinib	DRUG_COMBINATION	Tamibarotene
Ruxolitinib	DRUG_COMBINATION	Amonafide
Ruxolitinib	DRUG_COMBINATION	Methylprednisolone
Ruxolitinib	DRUG_COMBINATION	Dactinomycin
Ruxolitinib	DRUG_COMBINATION	Exemestane
Ruxolitinib	DRUG_COMBINATION	Hydroxyurea
Ruxolitinib	DRUG_COMBINATION	Letrozole
Ruxolitinib	DRUG_COMBINATION	Busulfan
Ruxolitinib	DRUG_COMBINATION	Romidepsin
Ruxolitinib	DRUG_COMBINATION	Pracinostat
Ruxolitinib	DRUG_COMBINATION	Ibrutinib
Ruxolitinib	DRUG_COMBINATION	Idelalisib
Ruxolitinib	DRUG_COMBINATION	Vandetanib
Ruxolitinib	DRUG_COMBINATION	Triapine
Ruxolitinib	DRUG_COMBINATION	Selinexor
Ruxolitinib	DRUG_COMBINATION	Duvelisib
Ruxolitinib	DRUG_COMBINATION	Abemaciclib
Ruxolitinib	DRUG_COMBINATION	Fostamatinib
Ruxolitinib	DRUG_COMBINATION	Dinaciclib
Ruxolitinib	DRUG_COMBINATION	Panobinostat
Ruxolitinib	DRUG_COMBINATION	Axitinib
Ruxolitinib	DRUG_COMBINATION	Itacitinib
Ruxolitinib	DRUG_COMBINATION	Cabazitaxel
Ruxolitinib	DRUG_COMBINATION	Terameprocol
Ruxolitinib	DRUG_COMBINATION	Vismodegib
Ruxolitinib	DRUG_COMBINATION	Crizotinib
Ruxolitinib	DRUG_COMBINATION	Liarozole
Ruxolitinib	DRUG_COMBINATION	Tretamine
Ruxolitinib	DRUG_COMBINATION	Navitoclax
Ruxolitinib	DRUG_COMBINATION	Venetoclax
Ruxolitinib	DRUG_COMBINATION	Umbralisib
Ruxolitinib	DRUG_COMBINATION	10-hydroxycamptothecin
Ruxolitinib	DRUG_COMBINATION	Ribociclib
Ruxolitinib	DRUG_COMBINATION	Zelavespib
Ruxolitinib	DRUG_COMBINATION	Modufolin
Ruxolitinib	DRUG_COMBINATION	BMS-986158
Ruxolitinib	DRUG_COMBINATION	Neratinib
Ruxolitinib	DRUG_COMBINATION	Enasidenib
Ruxolitinib	DRUG_COMBINATION	Ruxolitinib
Teriflunomide	DRUG_COMBINATION	Daidzin
Teriflunomide	DRUG_COMBINATION	Baclofen
Teriflunomide	DRUG_COMBINATION	Etonogestrel
Teriflunomide	DRUG_COMBINATION	Ibutilide
Teriflunomide	DRUG_COMBINATION	Fomepizole
Teriflunomide	DRUG_COMBINATION	Imipramine
Teriflunomide	DRUG_COMBINATION	Triflupromazine
Teriflunomide	DRUG_COMBINATION	Albendazole
Teriflunomide	DRUG_COMBINATION	Everolimus
Teriflunomide	DRUG_COMBINATION	Hydroxychloroquine
Teriflunomide	DRUG_COMBINATION	Mebendazole
Teriflunomide	DRUG_COMBINATION	Epinephrine
Teriflunomide	DRUG_COMBINATION	Cytarabine
Teriflunomide	DRUG_COMBINATION	Plinabulin
Teriflunomide	DRUG_COMBINATION	Silver sulfadiazine
Teriflunomide	DRUG_COMBINATION	Methylene blue
Teriflunomide	DRUG_COMBINATION	Abemaciclib
Teriflunomide	DRUG_COMBINATION	Dinaciclib
Teriflunomide	DRUG_COMBINATION	Anamorelin
Teriflunomide	DRUG_COMBINATION	Artemisinin
Teriflunomide	DRUG_COMBINATION	Buparlisib
Teriflunomide	DRUG_COMBINATION	10-hydroxycamptothecin
Teriflunomide	DRUG_COMBINATION	Selumetinib
Teriflunomide	DRUG_COMBINATION	Ribociclib
Teriflunomide	DRUG_COMBINATION	Adavosertib
Teriflunomide	DRUG_COMBINATION	BMS-754807
Vemurafenib	DRUG_COMBINATION	Cabozantinib
Vemurafenib	DRUG_COMBINATION	Ruxolitinib
Vemurafenib	DRUG_COMBINATION	Formestane
Vemurafenib	DRUG_COMBINATION	Pomalidomide
Vemurafenib	DRUG_COMBINATION	Dabrafenib
Vemurafenib	DRUG_COMBINATION	Topotecan
Vemurafenib	DRUG_COMBINATION	Mercaptopurine
Vemurafenib	DRUG_COMBINATION	Fludarabine
Vemurafenib	DRUG_COMBINATION	Leflunomide
Vemurafenib	DRUG_COMBINATION	Quinacrine
Vemurafenib	DRUG_COMBINATION	Bortezomib
Vemurafenib	DRUG_COMBINATION	Bleomycin
Vemurafenib	DRUG_COMBINATION	Chlorambucil
Vemurafenib	DRUG_COMBINATION	Mitomycin
Vemurafenib	DRUG_COMBINATION	Gefitinib
Vemurafenib	DRUG_COMBINATION	Tioguanine
Vemurafenib	DRUG_COMBINATION	Idarubicin
Vemurafenib	DRUG_COMBINATION	Ifosfamide
Vemurafenib	DRUG_COMBINATION	Estramustine
Vemurafenib	DRUG_COMBINATION	Anastrozole
Vemurafenib	DRUG_COMBINATION	Paclitaxel
Vemurafenib	DRUG_COMBINATION	Docetaxel
Vemurafenib	DRUG_COMBINATION	Dasatinib
Vemurafenib	DRUG_COMBINATION	Lapatinib
Vemurafenib	DRUG_COMBINATION	Sunitinib
Vemurafenib	DRUG_COMBINATION	Dexrazoxane
Vemurafenib	DRUG_COMBINATION	Valrubicin
Vemurafenib	DRUG_COMBINATION	Digoxin
Vemurafenib	DRUG_COMBINATION	Sorafenib
Vemurafenib	DRUG_COMBINATION	Trifluridine
Vemurafenib	DRUG_COMBINATION	Epirubicin
Vemurafenib	DRUG_COMBINATION	Acitretin
Vemurafenib	DRUG_COMBINATION	Lenalidomide
Vemurafenib	DRUG_COMBINATION	Raloxifene
Vemurafenib	DRUG_COMBINATION	Celecoxib
Vemurafenib	DRUG_COMBINATION	Altretamine
Vemurafenib	DRUG_COMBINATION	Cisplatin
Vemurafenib	DRUG_COMBINATION	Cyclophosphamide
Vemurafenib	DRUG_COMBINATION	Pentostatin
Vemurafenib	DRUG_COMBINATION	Methotrexate
Vemurafenib	DRUG_COMBINATION	Digitoxin
Vemurafenib	DRUG_COMBINATION	Acenocoumarol
Vemurafenib	DRUG_COMBINATION	Imatinib
Vemurafenib	DRUG_COMBINATION	Everolimus
Vemurafenib	DRUG_COMBINATION	Genistein
Vemurafenib	DRUG_COMBINATION	Dyphylline
Vemurafenib	DRUG_COMBINATION	Tizanidine
Vemurafenib	DRUG_COMBINATION	Plicamycin
Vemurafenib	DRUG_COMBINATION	Pralatrexate
Vemurafenib	DRUG_COMBINATION	Uracil mustard
Vemurafenib	DRUG_COMBINATION	Dacarbazine
Vemurafenib	DRUG_COMBINATION	Sirolimus
Vemurafenib	DRUG_COMBINATION	Mechlorethamine
Vemurafenib	DRUG_COMBINATION	Azacitidine
Vemurafenib	DRUG_COMBINATION	Fulvestrant
Vemurafenib	DRUG_COMBINATION	Isoniazid
Vemurafenib	DRUG_COMBINATION	Ixabepilone
Vemurafenib	DRUG_COMBINATION	Nilotinib
Vemurafenib	DRUG_COMBINATION	Picoplatin
Vemurafenib	DRUG_COMBINATION	Abiraterone
Vemurafenib	DRUG_COMBINATION	Tamibarotene
Vemurafenib	DRUG_COMBINATION	Amonafide
Vemurafenib	DRUG_COMBINATION	Dactinomycin
Vemurafenib	DRUG_COMBINATION	Letrozole
Vemurafenib	DRUG_COMBINATION	Busulfan
Vemurafenib	DRUG_COMBINATION	Cobimetinib
Vemurafenib	DRUG_COMBINATION	Vandetanib
Vemurafenib	DRUG_COMBINATION	Temsirolimus
Vemurafenib	DRUG_COMBINATION	Triapine
Vemurafenib	DRUG_COMBINATION	GDC-0623
Vemurafenib	DRUG_COMBINATION	Dinaciclib
Vemurafenib	DRUG_COMBINATION	Axitinib
Vemurafenib	DRUG_COMBINATION	Cabazitaxel
Vemurafenib	DRUG_COMBINATION	Terameprocol
Vemurafenib	DRUG_COMBINATION	Vismodegib
Vemurafenib	DRUG_COMBINATION	Crizotinib
Vemurafenib	DRUG_COMBINATION	Liarozole
Vemurafenib	DRUG_COMBINATION	Tretamine
Vemurafenib	DRUG_COMBINATION	10-hydroxycamptothecin
Vemurafenib	DRUG_COMBINATION	Sonolisib
Vemurafenib	DRUG_COMBINATION	Modufolin
Vemurafenib	DRUG_COMBINATION	Vemurafenib
Linagliptin	DRUG_COMBINATION	Daidzin
Linagliptin	DRUG_COMBINATION	Glipizide
Linagliptin	DRUG_COMBINATION	Acetaminophen
Linagliptin	DRUG_COMBINATION	Chlorzoxazone
Linagliptin	DRUG_COMBINATION	Mefloquine
Linagliptin	DRUG_COMBINATION	Kanamycin
Linagliptin	DRUG_COMBINATION	Idarubicin
Linagliptin	DRUG_COMBINATION	Dantrolene
Linagliptin	DRUG_COMBINATION	Sunitinib
Linagliptin	DRUG_COMBINATION	Triamterene
Linagliptin	DRUG_COMBINATION	Pramipexole
Linagliptin	DRUG_COMBINATION	Cerivastatin
Linagliptin	DRUG_COMBINATION	Methotrexate
Linagliptin	DRUG_COMBINATION	Everolimus
Linagliptin	DRUG_COMBINATION	Trimethobenzamide
Linagliptin	DRUG_COMBINATION	Epinephrine
Linagliptin	DRUG_COMBINATION	Sumatriptan
Linagliptin	DRUG_COMBINATION	SN-38
Linagliptin	DRUG_COMBINATION	Mebutamate
Linagliptin	DRUG_COMBINATION	Raltegravir
Linagliptin	DRUG_COMBINATION	Tiagabine
Linagliptin	DRUG_COMBINATION	Maprotiline
Linagliptin	DRUG_COMBINATION	Phenprocoumon
Linagliptin	DRUG_COMBINATION	Empagliflozin
Linagliptin	DRUG_COMBINATION	Panobinostat
Linagliptin	DRUG_COMBINATION	Anamorelin
Linagliptin	DRUG_COMBINATION	Terameprocol
Linagliptin	DRUG_COMBINATION	Modufolin
Linagliptin	DRUG_COMBINATION	Sivelestat
Carfilzomib	DRUG_COMBINATION	Piperaquine
Carfilzomib	DRUG_COMBINATION	Pomalidomide
Carfilzomib	DRUG_COMBINATION	Mitomycin
Carfilzomib	DRUG_COMBINATION	Mefloquine
Carfilzomib	DRUG_COMBINATION	Ciclopirox
Carfilzomib	DRUG_COMBINATION	Quinine
Carfilzomib	DRUG_COMBINATION	Lenalidomide
Carfilzomib	DRUG_COMBINATION	Vorinostat
Carfilzomib	DRUG_COMBINATION	Chloroquine
Carfilzomib	DRUG_COMBINATION	Naltrexone
Carfilzomib	DRUG_COMBINATION	Irinotecan
Carfilzomib	DRUG_COMBINATION	Tacrolimus
Carfilzomib	DRUG_COMBINATION	Belinostat
Carfilzomib	DRUG_COMBINATION	Methylprednisolone
Carfilzomib	DRUG_COMBINATION	Bardoxolone methyl
Carfilzomib	DRUG_COMBINATION	RAF-265
Carfilzomib	DRUG_COMBINATION	Filanesib
Carfilzomib	DRUG_COMBINATION	Noscapine
Carfilzomib	DRUG_COMBINATION	Romidepsin
Carfilzomib	DRUG_COMBINATION	Ibrutinib
Carfilzomib	DRUG_COMBINATION	Panobinostat
Carfilzomib	DRUG_COMBINATION	Vinpocetine
Carfilzomib	DRUG_COMBINATION	Pyronaridine
Carfilzomib	DRUG_COMBINATION	Artemether
Carfilzomib	DRUG_COMBINATION	CUDC-101
Carfilzomib	DRUG_COMBINATION	Artemisinin
Carfilzomib	DRUG_COMBINATION	Buparlisib
Carfilzomib	DRUG_COMBINATION	Umbralisib
Carfilzomib	DRUG_COMBINATION	Resminostat
Carfilzomib	DRUG_COMBINATION	JQ1
Carfilzomib	DRUG_COMBINATION	Abexinostat
Carfilzomib	DRUG_COMBINATION	Daporinad
Carfilzomib	DRUG_COMBINATION	Formononetin
Carfilzomib	DRUG_COMBINATION	AZD-8055
Carfilzomib	DRUG_COMBINATION	Namodenoson
Carfilzomib	DRUG_COMBINATION	Entinostat
Mirabegron	DRUG_COMBINATION	Tolterodine
Mirabegron	DRUG_COMBINATION	Acetaminophen
Mirabegron	DRUG_COMBINATION	Desipramine
Mirabegron	DRUG_COMBINATION	Propiverine
Tofacitinib	DRUG_COMBINATION	Idarubicin
Tofacitinib	DRUG_COMBINATION	Hydroxychloroquine
Regorafenib	DRUG_COMBINATION	Cabozantinib
Regorafenib	DRUG_COMBINATION	Rosuvastatin
Regorafenib	DRUG_COMBINATION	Capecitabine
Regorafenib	DRUG_COMBINATION	Raltitrexed
Regorafenib	DRUG_COMBINATION	Digoxin
Regorafenib	DRUG_COMBINATION	Rosiglitazone
Regorafenib	DRUG_COMBINATION	Imatinib
Regorafenib	DRUG_COMBINATION	Irinotecan
Regorafenib	DRUG_COMBINATION	Perindopril
Regorafenib	DRUG_COMBINATION	Temozolomide
Regorafenib	DRUG_COMBINATION	Refametinib
Enzalutamide	DRUG_COMBINATION	Indomethacin
Enzalutamide	DRUG_COMBINATION	Anastrozole
Enzalutamide	DRUG_COMBINATION	Zoledronic acid
Enzalutamide	DRUG_COMBINATION	Flutamide
Enzalutamide	DRUG_COMBINATION	Niclosamide
Enzalutamide	DRUG_COMBINATION	Mifepristone
Enzalutamide	DRUG_COMBINATION	Apalutamide
Enzalutamide	DRUG_COMBINATION	Galunisertib
Enzalutamide	DRUG_COMBINATION	Taselisib
Enzalutamide	DRUG_COMBINATION	Ribociclib
Enzalutamide	DRUG_COMBINATION	Tazemetostat
Enzalutamide	DRUG_COMBINATION	Niraparib
Enzalutamide	DRUG_COMBINATION	Tivozanib
Ponatinib	DRUG_COMBINATION	Trametinib
Ponatinib	DRUG_COMBINATION	Mitomycin
Ponatinib	DRUG_COMBINATION	Azathioprine
Ponatinib	DRUG_COMBINATION	Panobinostat
Ponatinib	DRUG_COMBINATION	JQ1
Ponatinib	DRUG_COMBINATION	Paxalisib
Ponatinib	DRUG_COMBINATION	PF-03758309
Ponatinib	DRUG_COMBINATION	MK-2206
Ponatinib	DRUG_COMBINATION	Ponatinib
Bedaquiline	DRUG_COMBINATION	Rifampin
Bedaquiline	DRUG_COMBINATION	Moxifloxacin
Bedaquiline	DRUG_COMBINATION	Pyrazinamide
Bedaquiline	DRUG_COMBINATION	Rifapentine
Bedaquiline	DRUG_COMBINATION	Clarithromycin
Bedaquiline	DRUG_COMBINATION	Efavirenz
Bedaquiline	DRUG_COMBINATION	Pretomanid
Bedaquiline	DRUG_COMBINATION	Delamanid
Formestane	DRUG_COMBINATION	Pomalidomide
Formestane	DRUG_COMBINATION	Mercaptopurine
Formestane	DRUG_COMBINATION	Quinacrine
Formestane	DRUG_COMBINATION	Baclofen
Formestane	DRUG_COMBINATION	Bortezomib
Formestane	DRUG_COMBINATION	Chlorambucil
Formestane	DRUG_COMBINATION	Mitomycin
Formestane	DRUG_COMBINATION	Gefitinib
Formestane	DRUG_COMBINATION	Idarubicin
Formestane	DRUG_COMBINATION	Ifosfamide
Formestane	DRUG_COMBINATION	Dantrolene
Formestane	DRUG_COMBINATION	Diphenidol
Formestane	DRUG_COMBINATION	Bepridil
Formestane	DRUG_COMBINATION	Docetaxel
Formestane	DRUG_COMBINATION	Darunavir
Formestane	DRUG_COMBINATION	Sunitinib
Formestane	DRUG_COMBINATION	Cerivastatin
Formestane	DRUG_COMBINATION	Quinine
Formestane	DRUG_COMBINATION	Raloxifene
Formestane	DRUG_COMBINATION	Altretamine
Formestane	DRUG_COMBINATION	Cyclophosphamide
Formestane	DRUG_COMBINATION	Pentostatin
Formestane	DRUG_COMBINATION	Methotrexate
Formestane	DRUG_COMBINATION	Vinblastine
Formestane	DRUG_COMBINATION	Dyphylline
Formestane	DRUG_COMBINATION	Trimethobenzamide
Formestane	DRUG_COMBINATION	Epinephrine
Formestane	DRUG_COMBINATION	SN-38
Formestane	DRUG_COMBINATION	Niclosamide
Formestane	DRUG_COMBINATION	Pralatrexate
Formestane	DRUG_COMBINATION	Raltegravir
Formestane	DRUG_COMBINATION	Metyrosine
Formestane	DRUG_COMBINATION	Tiagabine
Formestane	DRUG_COMBINATION	Azacitidine
Formestane	DRUG_COMBINATION	Isoniazid
Formestane	DRUG_COMBINATION	Ixabepilone
Formestane	DRUG_COMBINATION	Nilotinib
Formestane	DRUG_COMBINATION	Dactinomycin
Formestane	DRUG_COMBINATION	Mardepodect
Formestane	DRUG_COMBINATION	Triapine
Formestane	DRUG_COMBINATION	Terameprocol
Canagliflozin	DRUG_COMBINATION	Probenecid
Canagliflozin	DRUG_COMBINATION	Phentermine
Canagliflozin	DRUG_COMBINATION	Aminohippuric acid
Canagliflozin	DRUG_COMBINATION	Sitagliptin
Canagliflozin	DRUG_COMBINATION	Digoxin
Dimethyl fumarate	DRUG_COMBINATION	Ruxolitinib
Pomalidomide	DRUG_COMBINATION	Chlorambucil
Pomalidomide	DRUG_COMBINATION	Etonogestrel
Pomalidomide	DRUG_COMBINATION	Mitomycin
Pomalidomide	DRUG_COMBINATION	Gefitinib
Pomalidomide	DRUG_COMBINATION	Mefloquine
Pomalidomide	DRUG_COMBINATION	Procarbazine
Pomalidomide	DRUG_COMBINATION	Idarubicin
Pomalidomide	DRUG_COMBINATION	Ifosfamide
Pomalidomide	DRUG_COMBINATION	Estramustine
Pomalidomide	DRUG_COMBINATION	Dantrolene
Pomalidomide	DRUG_COMBINATION	Bepridil
Pomalidomide	DRUG_COMBINATION	Docetaxel
Pomalidomide	DRUG_COMBINATION	Darunavir
Pomalidomide	DRUG_COMBINATION	Sunitinib
Pomalidomide	DRUG_COMBINATION	Cerivastatin
Pomalidomide	DRUG_COMBINATION	Altretamine
Pomalidomide	DRUG_COMBINATION	Cyclophosphamide
Pomalidomide	DRUG_COMBINATION	Pentostatin
Pomalidomide	DRUG_COMBINATION	Carbamazepine
Pomalidomide	DRUG_COMBINATION	Cisatracurium
Pomalidomide	DRUG_COMBINATION	Fenoprofen
Pomalidomide	DRUG_COMBINATION	Imatinib
Pomalidomide	DRUG_COMBINATION	Metaxalone
Pomalidomide	DRUG_COMBINATION	Epinephrine
Pomalidomide	DRUG_COMBINATION	Aprepitant
Pomalidomide	DRUG_COMBINATION	Diethylcarbamazine
Pomalidomide	DRUG_COMBINATION	Chlorphenesin
Pomalidomide	DRUG_COMBINATION	Isoniazid
Pomalidomide	DRUG_COMBINATION	Ixabepilone
Pomalidomide	DRUG_COMBINATION	Doxorubicin
Pomalidomide	DRUG_COMBINATION	Lacosamide
Pomalidomide	DRUG_COMBINATION	Methylene blue
Pomalidomide	DRUG_COMBINATION	Mardepodect
Pomalidomide	DRUG_COMBINATION	Anamorelin
Pomalidomide	DRUG_COMBINATION	Brincidofovir
Pomalidomide	DRUG_COMBINATION	Lumefantrine
Trametinib	DRUG_COMBINATION	Carfilzomib
Trametinib	DRUG_COMBINATION	Ponatinib
Trametinib	DRUG_COMBINATION	Dabrafenib
Trametinib	DRUG_COMBINATION	Mefloquine
Trametinib	DRUG_COMBINATION	Ciclopirox
Trametinib	DRUG_COMBINATION	Docetaxel
Trametinib	DRUG_COMBINATION	Lapatinib
Trametinib	DRUG_COMBINATION	Digoxin
Trametinib	DRUG_COMBINATION	Gemcitabine
Trametinib	DRUG_COMBINATION	Prazosin
Trametinib	DRUG_COMBINATION	Erlotinib
Trametinib	DRUG_COMBINATION	Everolimus
Trametinib	DRUG_COMBINATION	Hydroxychloroquine
Trametinib	DRUG_COMBINATION	Pemetrexed
Trametinib	DRUG_COMBINATION	Tamoxifen
Trametinib	DRUG_COMBINATION	Niclosamide
Trametinib	DRUG_COMBINATION	Phenformin
Trametinib	DRUG_COMBINATION	Azacitidine
Trametinib	DRUG_COMBINATION	Nilotinib
Trametinib	DRUG_COMBINATION	SNS-032
Trametinib	DRUG_COMBINATION	RAF-265
Trametinib	DRUG_COMBINATION	Ceritinib
Trametinib	DRUG_COMBINATION	CA4P
Trametinib	DRUG_COMBINATION	Anlotinib
Trametinib	DRUG_COMBINATION	Rociletinib
Trametinib	DRUG_COMBINATION	Alpelisib
Trametinib	DRUG_COMBINATION	Panobinostat
Trametinib	DRUG_COMBINATION	Vinpocetine
Trametinib	DRUG_COMBINATION	Itacitinib
Trametinib	DRUG_COMBINATION	Degarelix
Trametinib	DRUG_COMBINATION	CUDC-101
Trametinib	DRUG_COMBINATION	Apitolisib
Trametinib	DRUG_COMBINATION	Cantharidin
Trametinib	DRUG_COMBINATION	BIIB021
Trametinib	DRUG_COMBINATION	Venetoclax
Trametinib	DRUG_COMBINATION	Dactolisib
Trametinib	DRUG_COMBINATION	Resminostat
Trametinib	DRUG_COMBINATION	Ribociclib
Trametinib	DRUG_COMBINATION	JQ1
Trametinib	DRUG_COMBINATION	Abexinostat
Trametinib	DRUG_COMBINATION	Daporinad
Trametinib	DRUG_COMBINATION	Nazartinib
Trametinib	DRUG_COMBINATION	BMS-754807
Trametinib	DRUG_COMBINATION	Momelotinib
Trametinib	DRUG_COMBINATION	Capmatinib
Trametinib	DRUG_COMBINATION	Neratinib
Trametinib	DRUG_COMBINATION	Entinostat
Cyclosporine	DRUG_COMBINATION	Idarubicin
Cyclosporine	DRUG_COMBINATION	Dasatinib
Cyclosporine	DRUG_COMBINATION	Colchicine
Cyclosporine	DRUG_COMBINATION	Tacrolimus
Cyclosporine	DRUG_COMBINATION	Marizomib
Guanfacine	DRUG_COMBINATION	Rifampin
Guanfacine	DRUG_COMBINATION	Baclofen
Guanfacine	DRUG_COMBINATION	Bortezomib
Guanfacine	DRUG_COMBINATION	Oseltamivir
Guanfacine	DRUG_COMBINATION	Lidocaine
Guanfacine	DRUG_COMBINATION	Chlorambucil
Guanfacine	DRUG_COMBINATION	Olanzapine
Guanfacine	DRUG_COMBINATION	Atenolol
Guanfacine	DRUG_COMBINATION	Chlorzoxazone
Guanfacine	DRUG_COMBINATION	Fomepizole
Guanfacine	DRUG_COMBINATION	Dantrolene
Guanfacine	DRUG_COMBINATION	Bepridil
Guanfacine	DRUG_COMBINATION	Furazolidone
Guanfacine	DRUG_COMBINATION	Epinephrine
Guanfacine	DRUG_COMBINATION	Mebutamate
Guanfacine	DRUG_COMBINATION	Hydrochlorothiazide
Guanfacine	DRUG_COMBINATION	Mardepodect
Felodipine	DRUG_COMBINATION	Felodipine
Amlexanox	DRUG_COMBINATION	Idarubicin
Amlexanox	DRUG_COMBINATION	Panobinostat
Irbesartan	DRUG_COMBINATION	Trichlormethiazide
Irbesartan	DRUG_COMBINATION	Amlodipine
Topotecan	DRUG_COMBINATION	Vemurafenib
Topotecan	DRUG_COMBINATION	Formestane
Topotecan	DRUG_COMBINATION	Pomalidomide
Topotecan	DRUG_COMBINATION	Guanfacine
Topotecan	DRUG_COMBINATION	Mercaptopurine
Topotecan	DRUG_COMBINATION	Lubiprostone
Topotecan	DRUG_COMBINATION	Fludarabine
Topotecan	DRUG_COMBINATION	Quinacrine
Topotecan	DRUG_COMBINATION	Diazoxide
Topotecan	DRUG_COMBINATION	Bortezomib
Topotecan	DRUG_COMBINATION	Citalopram
Topotecan	DRUG_COMBINATION	Mesalazine
Topotecan	DRUG_COMBINATION	Crotamiton
Topotecan	DRUG_COMBINATION	Theophylline
Topotecan	DRUG_COMBINATION	Bleomycin
Topotecan	DRUG_COMBINATION	Chlorambucil
Topotecan	DRUG_COMBINATION	Mitomycin
Topotecan	DRUG_COMBINATION	Gefitinib
Topotecan	DRUG_COMBINATION	Methylergometrine
Topotecan	DRUG_COMBINATION	Mefloquine
Topotecan	DRUG_COMBINATION	Vinorelbine
Topotecan	DRUG_COMBINATION	Terazosin
Topotecan	DRUG_COMBINATION	Idarubicin
Topotecan	DRUG_COMBINATION	Ifosfamide
Topotecan	DRUG_COMBINATION	Clindamycin
Topotecan	DRUG_COMBINATION	Estramustine
Topotecan	DRUG_COMBINATION	Paclitaxel
Topotecan	DRUG_COMBINATION	Diphenidol
Topotecan	DRUG_COMBINATION	Docetaxel
Topotecan	DRUG_COMBINATION	Dasatinib
Topotecan	DRUG_COMBINATION	Lapatinib
Topotecan	DRUG_COMBINATION	Sunitinib
Topotecan	DRUG_COMBINATION	Hydralazine
Topotecan	DRUG_COMBINATION	Palonosetron
Topotecan	DRUG_COMBINATION	Valrubicin
Topotecan	DRUG_COMBINATION	Sorafenib
Topotecan	DRUG_COMBINATION	Pramipexole
Topotecan	DRUG_COMBINATION	Spironolactone
Topotecan	DRUG_COMBINATION	Cerivastatin
Topotecan	DRUG_COMBINATION	Acitretin
Topotecan	DRUG_COMBINATION	Enoxacin
Topotecan	DRUG_COMBINATION	Raloxifene
Topotecan	DRUG_COMBINATION	Celecoxib
Topotecan	DRUG_COMBINATION	Altretamine
Topotecan	DRUG_COMBINATION	Buspirone
Topotecan	DRUG_COMBINATION	Triflupromazine
Topotecan	DRUG_COMBINATION	Cisplatin
Topotecan	DRUG_COMBINATION	Albendazole
Topotecan	DRUG_COMBINATION	Erlotinib
Topotecan	DRUG_COMBINATION	Cyclophosphamide
Topotecan	DRUG_COMBINATION	Pentostatin
Topotecan	DRUG_COMBINATION	Methotrexate
Topotecan	DRUG_COMBINATION	Cisatracurium
Topotecan	DRUG_COMBINATION	Digitoxin
Topotecan	DRUG_COMBINATION	Paromomycin
Topotecan	DRUG_COMBINATION	Imatinib
Topotecan	DRUG_COMBINATION	Efavirenz
Topotecan	DRUG_COMBINATION	Dyphylline
Topotecan	DRUG_COMBINATION	Mecamylamine
Topotecan	DRUG_COMBINATION	Trimethobenzamide
Topotecan	DRUG_COMBINATION	Sumatriptan
Topotecan	DRUG_COMBINATION	Riluzole
Topotecan	DRUG_COMBINATION	Plicamycin
Topotecan	DRUG_COMBINATION	Pralatrexate
Topotecan	DRUG_COMBINATION	Irinotecan
Topotecan	DRUG_COMBINATION	Metyrosine
Topotecan	DRUG_COMBINATION	Acyclovir
Topotecan	DRUG_COMBINATION	Tolazoline
Topotecan	DRUG_COMBINATION	Chlorphenesin
Topotecan	DRUG_COMBINATION	Sirolimus
Topotecan	DRUG_COMBINATION	Sulfapyridine
Topotecan	DRUG_COMBINATION	Tiagabine
Topotecan	DRUG_COMBINATION	Amantadine
Topotecan	DRUG_COMBINATION	Azacitidine
Topotecan	DRUG_COMBINATION	Maprotiline
Topotecan	DRUG_COMBINATION	Fulvestrant
Topotecan	DRUG_COMBINATION	Isoniazid
Topotecan	DRUG_COMBINATION	Fluspirilene
Topotecan	DRUG_COMBINATION	Ixabepilone
Topotecan	DRUG_COMBINATION	Nilotinib
Topotecan	DRUG_COMBINATION	Picoplatin
Topotecan	DRUG_COMBINATION	7-Hydroxystaurosporine
Topotecan	DRUG_COMBINATION	Tamibarotene
Topotecan	DRUG_COMBINATION	Dactinomycin
Topotecan	DRUG_COMBINATION	Ethinylestradiol
Topotecan	DRUG_COMBINATION	Ramelteon
Topotecan	DRUG_COMBINATION	Letrozole
Topotecan	DRUG_COMBINATION	Busulfan
Topotecan	DRUG_COMBINATION	Mirdametinib
Topotecan	DRUG_COMBINATION	Romidepsin
Topotecan	DRUG_COMBINATION	Aliskiren
Topotecan	DRUG_COMBINATION	Ciprofibrate
Topotecan	DRUG_COMBINATION	Lacosamide
Topotecan	DRUG_COMBINATION	Ridaforolimus
Topotecan	DRUG_COMBINATION	Temsirolimus
Topotecan	DRUG_COMBINATION	MK-8776
Topotecan	DRUG_COMBINATION	Triapine
Topotecan	DRUG_COMBINATION	Dinaciclib
Topotecan	DRUG_COMBINATION	Terameprocol
Topotecan	DRUG_COMBINATION	Crizotinib
Topotecan	DRUG_COMBINATION	Liarozole
Topotecan	DRUG_COMBINATION	Tretamine
Topotecan	DRUG_COMBINATION	Dactolisib
Topotecan	DRUG_COMBINATION	10-hydroxycamptothecin
Topotecan	DRUG_COMBINATION	Adavosertib
Topotecan	DRUG_COMBINATION	Modufolin
Topotecan	DRUG_COMBINATION	Molibresib
Topotecan	DRUG_COMBINATION	Benserazide
Topotecan	DRUG_COMBINATION	Sivelestat
Topotecan	DRUG_COMBINATION	Danusertib
Topotecan	DRUG_COMBINATION	Niraparib
Topotecan	DRUG_COMBINATION	Berzosertib
Topotecan	DRUG_COMBINATION	MK-2206
Probenecid	DRUG_COMBINATION	Topotecan
Probenecid	DRUG_COMBINATION	Diazoxide
Probenecid	DRUG_COMBINATION	Theophylline
Probenecid	DRUG_COMBINATION	Chlorambucil
Probenecid	DRUG_COMBINATION	Ibutilide
Probenecid	DRUG_COMBINATION	Gefitinib
Probenecid	DRUG_COMBINATION	Methylergometrine
Probenecid	DRUG_COMBINATION	Chlorzoxazone
Probenecid	DRUG_COMBINATION	Diphenidol
Probenecid	DRUG_COMBINATION	Docetaxel
Probenecid	DRUG_COMBINATION	Palonosetron
Probenecid	DRUG_COMBINATION	Acetohexamide
Probenecid	DRUG_COMBINATION	Cerivastatin
Probenecid	DRUG_COMBINATION	Nabilone
Probenecid	DRUG_COMBINATION	Triflupromazine
Probenecid	DRUG_COMBINATION	Albendazole
Probenecid	DRUG_COMBINATION	Mephenytoin
Probenecid	DRUG_COMBINATION	Methoxsalen
Probenecid	DRUG_COMBINATION	Methotrexate
Probenecid	DRUG_COMBINATION	Trimethobenzamide
Probenecid	DRUG_COMBINATION	Epinephrine
Probenecid	DRUG_COMBINATION	Furosemide
Probenecid	DRUG_COMBINATION	Trioxsalen
Probenecid	DRUG_COMBINATION	Mebutamate
Probenecid	DRUG_COMBINATION	Niclosamide
Probenecid	DRUG_COMBINATION	Metyrosine
Probenecid	DRUG_COMBINATION	Primidone
Probenecid	DRUG_COMBINATION	Bumetanide
Probenecid	DRUG_COMBINATION	Sulfapyridine
Probenecid	DRUG_COMBINATION	Tiagabine
Probenecid	DRUG_COMBINATION	Cinacalcet
Probenecid	DRUG_COMBINATION	Ciprofibrate
Probenecid	DRUG_COMBINATION	Methylene blue
Probenecid	DRUG_COMBINATION	Mardepodect
Probenecid	DRUG_COMBINATION	Triapine
Probenecid	DRUG_COMBINATION	Brincidofovir
Probenecid	DRUG_COMBINATION	K-134
Probenecid	DRUG_COMBINATION	AV-101
Mercaptopurine	DRUG_COMBINATION	Chlorambucil
Mercaptopurine	DRUG_COMBINATION	Mitomycin
Mercaptopurine	DRUG_COMBINATION	Ifosfamide
Mercaptopurine	DRUG_COMBINATION	Altretamine
Mercaptopurine	DRUG_COMBINATION	Cisplatin
Mercaptopurine	DRUG_COMBINATION	Pentostatin
Mercaptopurine	DRUG_COMBINATION	Dyphylline
Mercaptopurine	DRUG_COMBINATION	Busulfan
Cerulenin	DRUG_COMBINATION	Ruxolitinib
Tolterodine	DRUG_COMBINATION	Clonazepam
Selegiline	DRUG_COMBINATION	Docetaxel
Selegiline	DRUG_COMBINATION	Tadalafil
Fenofibrate	DRUG_COMBINATION	Rosuvastatin
Fenofibrate	DRUG_COMBINATION	Mesalazine
Melphalan	DRUG_COMBINATION	Fludarabine
Melphalan	DRUG_COMBINATION	Idarubicin
Memantine	DRUG_COMBINATION	Linagliptin
Memantine	DRUG_COMBINATION	Probenecid
Memantine	DRUG_COMBINATION	Atenolol
Memantine	DRUG_COMBINATION	Escitalopram
Memantine	DRUG_COMBINATION	Estramustine
Memantine	DRUG_COMBINATION	Dantrolene
Memantine	DRUG_COMBINATION	Acetohexamide
Memantine	DRUG_COMBINATION	Cerivastatin
Memantine	DRUG_COMBINATION	Triflupromazine
Memantine	DRUG_COMBINATION	Pentostatin
Memantine	DRUG_COMBINATION	Vinblastine
Memantine	DRUG_COMBINATION	Fenoprofen
Memantine	DRUG_COMBINATION	Testosterone
Memantine	DRUG_COMBINATION	Efavirenz
Memantine	DRUG_COMBINATION	Ursodeoxycholic acid
Memantine	DRUG_COMBINATION	Pargyline
Memantine	DRUG_COMBINATION	Genistein
Memantine	DRUG_COMBINATION	Metaxalone
Memantine	DRUG_COMBINATION	Tamoxifen
Memantine	DRUG_COMBINATION	Naltrexone
Memantine	DRUG_COMBINATION	Azatadine
Memantine	DRUG_COMBINATION	Riluzole
Memantine	DRUG_COMBINATION	SN-38
Memantine	DRUG_COMBINATION	Meclofenamic acid
Memantine	DRUG_COMBINATION	Zaleplon
Memantine	DRUG_COMBINATION	Eflornithine
Memantine	DRUG_COMBINATION	Armodafinil
Memantine	DRUG_COMBINATION	Carglumic acid
Gatifloxacin	DRUG_COMBINATION	Moxifloxacin
Gatifloxacin	DRUG_COMBINATION	Idarubicin
Rifampin	DRUG_COMBINATION	Vemurafenib
Rifampin	DRUG_COMBINATION	Mirabegron
Rifampin	DRUG_COMBINATION	Enzalutamide
Rifampin	DRUG_COMBINATION	Amoxicillin
Rifampin	DRUG_COMBINATION	Atazanavir
Rifampin	DRUG_COMBINATION	Leflunomide
Rifampin	DRUG_COMBINATION	Diazoxide
Rifampin	DRUG_COMBINATION	Levofloxacin
Rifampin	DRUG_COMBINATION	Baclofen
Rifampin	DRUG_COMBINATION	Bortezomib
Rifampin	DRUG_COMBINATION	Fluconazole
Rifampin	DRUG_COMBINATION	Nevirapine
Rifampin	DRUG_COMBINATION	Crotamiton
Rifampin	DRUG_COMBINATION	Etonogestrel
Rifampin	DRUG_COMBINATION	Gefitinib
Rifampin	DRUG_COMBINATION	Ethambutol
Rifampin	DRUG_COMBINATION	Mefloquine
Rifampin	DRUG_COMBINATION	Kanamycin
Rifampin	DRUG_COMBINATION	Idarubicin
Rifampin	DRUG_COMBINATION	Clarithromycin
Rifampin	DRUG_COMBINATION	Docetaxel
Rifampin	DRUG_COMBINATION	Sunitinib
Rifampin	DRUG_COMBINATION	Hydralazine
Rifampin	DRUG_COMBINATION	Spironolactone
Rifampin	DRUG_COMBINATION	Cerivastatin
Rifampin	DRUG_COMBINATION	Celecoxib
Rifampin	DRUG_COMBINATION	Vorinostat
Rifampin	DRUG_COMBINATION	Vinblastine
Rifampin	DRUG_COMBINATION	Imatinib
Rifampin	DRUG_COMBINATION	Efavirenz
Rifampin	DRUG_COMBINATION	Fusidic acid
Rifampin	DRUG_COMBINATION	Trimethobenzamide
Rifampin	DRUG_COMBINATION	Aprepitant
Rifampin	DRUG_COMBINATION	SN-38
Rifampin	DRUG_COMBINATION	Niclosamide
Rifampin	DRUG_COMBINATION	Metyrosine
Rifampin	DRUG_COMBINATION	Phensuximide
Rifampin	DRUG_COMBINATION	Buprenorphine
Rifampin	DRUG_COMBINATION	Maprotiline
Rifampin	DRUG_COMBINATION	Isoniazid
Rifampin	DRUG_COMBINATION	Dactinomycin
Rifampin	DRUG_COMBINATION	Ezetimibe
Rifampin	DRUG_COMBINATION	Dolutegravir
Rifampin	DRUG_COMBINATION	Linifanib
Rifampin	DRUG_COMBINATION	Romidepsin
Rifampin	DRUG_COMBINATION	Pretomanid
Rifampin	DRUG_COMBINATION	SQ-109
Rifampin	DRUG_COMBINATION	Alisertib
Rifampin	DRUG_COMBINATION	Naloxegol
Rifampin	DRUG_COMBINATION	Sitaxentan
Rifampin	DRUG_COMBINATION	Dapagliflozin
Rifampin	DRUG_COMBINATION	Methylene blue
Rifampin	DRUG_COMBINATION	Triapine
Rifampin	DRUG_COMBINATION	Lumacaftor
Rifampin	DRUG_COMBINATION	Fostamatinib
Rifampin	DRUG_COMBINATION	Tesetaxel
Rifampin	DRUG_COMBINATION	Savolitinib
Rifampin	DRUG_COMBINATION	Iberdomide
Rifampin	DRUG_COMBINATION	Gepotidacin
Rifampin	DRUG_COMBINATION	Brincidofovir
Rifampin	DRUG_COMBINATION	Ecopipam
Rifampin	DRUG_COMBINATION	Venetoclax
Rifampin	DRUG_COMBINATION	Tucatinib
Rifampin	DRUG_COMBINATION	Fruquintinib
Rifampin	DRUG_COMBINATION	Selumetinib
Rifampin	DRUG_COMBINATION	Modufolin
Rifampin	DRUG_COMBINATION	K-134
Rifampin	DRUG_COMBINATION	Tazemetostat
Rifampin	DRUG_COMBINATION	Spebrutinib
Lubiprostone	DRUG_COMBINATION	Diazoxide
Lubiprostone	DRUG_COMBINATION	Baclofen
Lubiprostone	DRUG_COMBINATION	Methylergometrine
Lubiprostone	DRUG_COMBINATION	Itraconazole
Lubiprostone	DRUG_COMBINATION	Idarubicin
Lubiprostone	DRUG_COMBINATION	Pramipexole
Lubiprostone	DRUG_COMBINATION	Cerivastatin
Lubiprostone	DRUG_COMBINATION	Imipramine
Lubiprostone	DRUG_COMBINATION	Vinblastine
Lubiprostone	DRUG_COMBINATION	Imatinib
Lubiprostone	DRUG_COMBINATION	Dyphylline
Lubiprostone	DRUG_COMBINATION	Epinephrine
Lubiprostone	DRUG_COMBINATION	Sumatriptan
Lubiprostone	DRUG_COMBINATION	Diethylcarbamazine
Lubiprostone	DRUG_COMBINATION	SN-38
Lubiprostone	DRUG_COMBINATION	Niclosamide
Lubiprostone	DRUG_COMBINATION	Metyrosine
Lubiprostone	DRUG_COMBINATION	Maprotiline
Lubiprostone	DRUG_COMBINATION	Fluspirilene
Lubiprostone	DRUG_COMBINATION	Cytarabine
Lubiprostone	DRUG_COMBINATION	Doxorubicin
Lubiprostone	DRUG_COMBINATION	Methylene blue
Lubiprostone	DRUG_COMBINATION	Triapine
Lubiprostone	DRUG_COMBINATION	Anamorelin
Lubiprostone	DRUG_COMBINATION	Brincidofovir
Lubiprostone	DRUG_COMBINATION	Ginkgolide A
Lubiprostone	DRUG_COMBINATION	Carglumic acid
Lubiprostone	DRUG_COMBINATION	Terameprocol
Lubiprostone	DRUG_COMBINATION	Sivelestat
Abacavir	DRUG_COMBINATION	Memantine
Abacavir	DRUG_COMBINATION	Bortezomib
Abacavir	DRUG_COMBINATION	Mesalazine
Abacavir	DRUG_COMBINATION	Gefitinib
Abacavir	DRUG_COMBINATION	Dihydroergotamine
Abacavir	DRUG_COMBINATION	Dantrolene
Abacavir	DRUG_COMBINATION	Allopurinol
Abacavir	DRUG_COMBINATION	Cerivastatin
Abacavir	DRUG_COMBINATION	Buspirone
Abacavir	DRUG_COMBINATION	Triflupromazine
Abacavir	DRUG_COMBINATION	Acetohydroxamic acid
Abacavir	DRUG_COMBINATION	Doxapram
Abacavir	DRUG_COMBINATION	Vorinostat
Abacavir	DRUG_COMBINATION	Chloroquine
Abacavir	DRUG_COMBINATION	Genistein
Abacavir	DRUG_COMBINATION	Epinephrine
Abacavir	DRUG_COMBINATION	Diethylcarbamazine
Abacavir	DRUG_COMBINATION	Raltegravir
Abacavir	DRUG_COMBINATION	Metyrosine
Abacavir	DRUG_COMBINATION	Ethinylestradiol
Abacavir	DRUG_COMBINATION	Cytarabine
Abacavir	DRUG_COMBINATION	Armodafinil
Abacavir	DRUG_COMBINATION	Methylene blue
Abacavir	DRUG_COMBINATION	Triapine
Abacavir	DRUG_COMBINATION	Brincidofovir
Abacavir	DRUG_COMBINATION	Luteolin
Ibuprofen	DRUG_COMBINATION	Atorvastatin
Ibuprofen	DRUG_COMBINATION	Pilocarpine
Ibuprofen	DRUG_COMBINATION	Caffeine
Ibuprofen	DRUG_COMBINATION	Etonogestrel
Ibuprofen	DRUG_COMBINATION	Morphine
Ibuprofen	DRUG_COMBINATION	Acetaminophen
Ibuprofen	DRUG_COMBINATION	Hydromorphone
Ibuprofen	DRUG_COMBINATION	Indomethacin
Ibuprofen	DRUG_COMBINATION	Ketorolac
Ibuprofen	DRUG_COMBINATION	Oxycodone
Ibuprofen	DRUG_COMBINATION	Piroxicam
Ibuprofen	DRUG_COMBINATION	Diclofenac
Ibuprofen	DRUG_COMBINATION	Metaxalone
Ibuprofen	DRUG_COMBINATION	Tizanidine
Ibuprofen	DRUG_COMBINATION	Fentanyl
Ibuprofen	DRUG_COMBINATION	Remifentanil
Ibuprofen	DRUG_COMBINATION	Hydrocodone
Ibuprofen	DRUG_COMBINATION	Lacosamide
Ibuprofen	DRUG_COMBINATION	Drotaverine
Ibuprofen	DRUG_COMBINATION	Capsaicin
Ibuprofen	DRUG_COMBINATION	Telcagepant
Ibuprofen	DRUG_COMBINATION	Ibuprofen
Novobiocin	DRUG_COMBINATION	Rifampin
Novobiocin	DRUG_COMBINATION	Iloprost
Novobiocin	DRUG_COMBINATION	Diclofenamide
Novobiocin	DRUG_COMBINATION	Mefloquine
Novobiocin	DRUG_COMBINATION	Procarbazine
Novobiocin	DRUG_COMBINATION	Idarubicin
Novobiocin	DRUG_COMBINATION	Docetaxel
Novobiocin	DRUG_COMBINATION	Sunitinib
Novobiocin	DRUG_COMBINATION	Enoxacin
Novobiocin	DRUG_COMBINATION	Vorinostat
Novobiocin	DRUG_COMBINATION	Everolimus
Novobiocin	DRUG_COMBINATION	Dyphylline
Novobiocin	DRUG_COMBINATION	Diethylcarbamazine
Novobiocin	DRUG_COMBINATION	Zileuton
Novobiocin	DRUG_COMBINATION	Doxorubicin
Novobiocin	DRUG_COMBINATION	Lacosamide
Praziquantel	DRUG_COMBINATION	Albendazole
Isoprenaline	DRUG_COMBINATION	Crotamiton
Isoprenaline	DRUG_COMBINATION	Mefloquine
Isoprenaline	DRUG_COMBINATION	Kanamycin
Isoprenaline	DRUG_COMBINATION	Chlormezanone
Isoprenaline	DRUG_COMBINATION	Hydralazine
Isoprenaline	DRUG_COMBINATION	Phenylephrine
Isoprenaline	DRUG_COMBINATION	Spironolactone
Isoprenaline	DRUG_COMBINATION	Imipramine
Isoprenaline	DRUG_COMBINATION	Methotrexate
Isoprenaline	DRUG_COMBINATION	Vorinostat
Isoprenaline	DRUG_COMBINATION	Imatinib
Isoprenaline	DRUG_COMBINATION	Testosterone
Isoprenaline	DRUG_COMBINATION	Ursodeoxycholic acid
Isoprenaline	DRUG_COMBINATION	Adenosine
Isoprenaline	DRUG_COMBINATION	Trazodone
Isoprenaline	DRUG_COMBINATION	Trimethobenzamide
Isoprenaline	DRUG_COMBINATION	SN-38
Isoprenaline	DRUG_COMBINATION	Acyclovir
Isoprenaline	DRUG_COMBINATION	Trifluoperazine
Isoprenaline	DRUG_COMBINATION	Bumetanide
Isoprenaline	DRUG_COMBINATION	Sulfapyridine
Isoprenaline	DRUG_COMBINATION	Repaglinide
Isoprenaline	DRUG_COMBINATION	Ginkgolide A
Isoprenaline	DRUG_COMBINATION	Modufolin
Melatonin	DRUG_COMBINATION	Idarubicin
Glipizide	DRUG_COMBINATION	Diltiazem
Glipizide	DRUG_COMBINATION	Chloroquine
Glipizide	DRUG_COMBINATION	Lumefantrine
Atazanavir	DRUG_COMBINATION	Ritonavir
Atazanavir	DRUG_COMBINATION	Raltegravir
Fludarabine	DRUG_COMBINATION	Ruxolitinib
Fludarabine	DRUG_COMBINATION	Formestane
Fludarabine	DRUG_COMBINATION	Pomalidomide
Fludarabine	DRUG_COMBINATION	Mercaptopurine
Fludarabine	DRUG_COMBINATION	Bortezomib
Fludarabine	DRUG_COMBINATION	Bleomycin
Fludarabine	DRUG_COMBINATION	Chlorambucil
Fludarabine	DRUG_COMBINATION	Mitomycin
Fludarabine	DRUG_COMBINATION	Estramustine
Fludarabine	DRUG_COMBINATION	Fomepizole
Fludarabine	DRUG_COMBINATION	Paclitaxel
Fludarabine	DRUG_COMBINATION	Docetaxel
Fludarabine	DRUG_COMBINATION	Dasatinib
Fludarabine	DRUG_COMBINATION	Lapatinib
Fludarabine	DRUG_COMBINATION	Sunitinib
Fludarabine	DRUG_COMBINATION	Valrubicin
Fludarabine	DRUG_COMBINATION	Raloxifene
Fludarabine	DRUG_COMBINATION	Cisplatin
Fludarabine	DRUG_COMBINATION	Cyclophosphamide
Fludarabine	DRUG_COMBINATION	Pentostatin
Fludarabine	DRUG_COMBINATION	Digitoxin
Fludarabine	DRUG_COMBINATION	Dyphylline
Fludarabine	DRUG_COMBINATION	Plicamycin
Fludarabine	DRUG_COMBINATION	Pralatrexate
Fludarabine	DRUG_COMBINATION	Sirolimus
Fludarabine	DRUG_COMBINATION	Azacitidine
Fludarabine	DRUG_COMBINATION	Isoniazid
Fludarabine	DRUG_COMBINATION	Nilotinib
Fludarabine	DRUG_COMBINATION	Dactinomycin
Fludarabine	DRUG_COMBINATION	Cytarabine
Fludarabine	DRUG_COMBINATION	Busulfan
Fludarabine	DRUG_COMBINATION	Romidepsin
Fludarabine	DRUG_COMBINATION	Ibrutinib
Fludarabine	DRUG_COMBINATION	Triapine
Fludarabine	DRUG_COMBINATION	Dinaciclib
Fludarabine	DRUG_COMBINATION	Terameprocol
Fludarabine	DRUG_COMBINATION	Cianidanol
Fludarabine	DRUG_COMBINATION	10-hydroxycamptothecin
Perhexiline	DRUG_COMBINATION	Piperaquine
Perhexiline	DRUG_COMBINATION	Ruxolitinib
Perhexiline	DRUG_COMBINATION	Chloroquine
Perhexiline	DRUG_COMBINATION	Artemisinin
Diphenhydramine	DRUG_COMBINATION	Moxifloxacin
Diphenhydramine	DRUG_COMBINATION	Acetaminophen
Diphenhydramine	DRUG_COMBINATION	Ondansetron
Diphenhydramine	DRUG_COMBINATION	Famotidine
Diphenhydramine	DRUG_COMBINATION	Methylprednisolone
Diphenhydramine	DRUG_COMBINATION	Temsirolimus
Atorvastatin	DRUG_COMBINATION	Tofacitinib
Atorvastatin	DRUG_COMBINATION	Fenofibrate
Atorvastatin	DRUG_COMBINATION	Rosuvastatin
Atorvastatin	DRUG_COMBINATION	Mesalazine
Atorvastatin	DRUG_COMBINATION	Phenytoin
Atorvastatin	DRUG_COMBINATION	Sitagliptin
Atorvastatin	DRUG_COMBINATION	Zoledronic acid
Atorvastatin	DRUG_COMBINATION	Fluoxetine
Atorvastatin	DRUG_COMBINATION	Sodium bicarbonate
Atorvastatin	DRUG_COMBINATION	Colchicine
Atorvastatin	DRUG_COMBINATION	Danazol
Atorvastatin	DRUG_COMBINATION	Levocarnitine
Atorvastatin	DRUG_COMBINATION	Raltegravir
Atorvastatin	DRUG_COMBINATION	Pentoxifylline
Atorvastatin	DRUG_COMBINATION	Temozolomide
Atorvastatin	DRUG_COMBINATION	Misoprostol
Atorvastatin	DRUG_COMBINATION	Acetylsalicylic acid
Atorvastatin	DRUG_COMBINATION	Methylprednisolone
Atorvastatin	DRUG_COMBINATION	Telmisartan
Atorvastatin	DRUG_COMBINATION	Acetylcysteine
Atorvastatin	DRUG_COMBINATION	Gemcabene
Atorvastatin	DRUG_COMBINATION	Apabetalone
Atorvastatin	DRUG_COMBINATION	Anacetrapib
Atorvastatin	DRUG_COMBINATION	Lomitapide
Atorvastatin	DRUG_COMBINATION	Pitavastatin
Atorvastatin	DRUG_COMBINATION	Isavuconazole
Atorvastatin	DRUG_COMBINATION	Seladelpar
Atorvastatin	DRUG_COMBINATION	SB-649868
Atorvastatin	DRUG_COMBINATION	Relugolix
Etidronic acid	DRUG_COMBINATION	Rifampin
Streptomycin	DRUG_COMBINATION	Idarubicin
Streptomycin	DRUG_COMBINATION	Framycetin
Pilocarpine	DRUG_COMBINATION	Phentolamine
Iloprost	DRUG_COMBINATION	Chlorzoxazone
Iloprost	DRUG_COMBINATION	Dantrolene
Iloprost	DRUG_COMBINATION	Docetaxel
Iloprost	DRUG_COMBINATION	Cerivastatin
Iloprost	DRUG_COMBINATION	Ursodeoxycholic acid
Iloprost	DRUG_COMBINATION	Tiagabine
Iloprost	DRUG_COMBINATION	Cytarabine
Iloprost	DRUG_COMBINATION	Pizotifen
Iloprost	DRUG_COMBINATION	Methylene blue
Iloprost	DRUG_COMBINATION	Artemisinin
Leflunomide	DRUG_COMBINATION	Formestane
Leflunomide	DRUG_COMBINATION	Pomalidomide
Leflunomide	DRUG_COMBINATION	Guanfacine
Leflunomide	DRUG_COMBINATION	Topotecan
Leflunomide	DRUG_COMBINATION	Probenecid
Leflunomide	DRUG_COMBINATION	Abacavir
Leflunomide	DRUG_COMBINATION	Baclofen
Leflunomide	DRUG_COMBINATION	Citalopram
Leflunomide	DRUG_COMBINATION	Pamidronic acid
Leflunomide	DRUG_COMBINATION	Chlorambucil
Leflunomide	DRUG_COMBINATION	Etonogestrel
Leflunomide	DRUG_COMBINATION	Valproic acid
Leflunomide	DRUG_COMBINATION	Atenolol
Leflunomide	DRUG_COMBINATION	Nitisinone
Leflunomide	DRUG_COMBINATION	Terazosin
Leflunomide	DRUG_COMBINATION	Itraconazole
Leflunomide	DRUG_COMBINATION	Idarubicin
Leflunomide	DRUG_COMBINATION	Diphenidol
Leflunomide	DRUG_COMBINATION	Sitagliptin
Leflunomide	DRUG_COMBINATION	Darunavir
Leflunomide	DRUG_COMBINATION	Sorafenib
Leflunomide	DRUG_COMBINATION	Pramipexole
Leflunomide	DRUG_COMBINATION	Allopurinol
Leflunomide	DRUG_COMBINATION	Buspirone
Leflunomide	DRUG_COMBINATION	Mephenytoin
Leflunomide	DRUG_COMBINATION	Oxandrolone
Leflunomide	DRUG_COMBINATION	Ursodeoxycholic acid
Leflunomide	DRUG_COMBINATION	Pargyline
Leflunomide	DRUG_COMBINATION	Acamprosate
Leflunomide	DRUG_COMBINATION	Metaxalone
Leflunomide	DRUG_COMBINATION	Aprepitant
Leflunomide	DRUG_COMBINATION	Moricizine
Leflunomide	DRUG_COMBINATION	Naltrexone
Leflunomide	DRUG_COMBINATION	Pentamidine
Leflunomide	DRUG_COMBINATION	Trioxsalen
Leflunomide	DRUG_COMBINATION	Primidone
Leflunomide	DRUG_COMBINATION	Tacrolimus
Leflunomide	DRUG_COMBINATION	Isosorbide dinitrate
Leflunomide	DRUG_COMBINATION	Testolactone
Leflunomide	DRUG_COMBINATION	Amantadine
Leflunomide	DRUG_COMBINATION	Maprotiline
Leflunomide	DRUG_COMBINATION	Dactinomycin
Leflunomide	DRUG_COMBINATION	Ezetimibe
Leflunomide	DRUG_COMBINATION	Aliskiren
Leflunomide	DRUG_COMBINATION	Rufinamide
Leflunomide	DRUG_COMBINATION	Eflornithine
Leflunomide	DRUG_COMBINATION	Triapine
Leflunomide	DRUG_COMBINATION	Ginkgolide A
Leflunomide	DRUG_COMBINATION	Benserazide
Rosuvastatin	DRUG_COMBINATION	Colchicine
Rosuvastatin	DRUG_COMBINATION	Telmisartan
Rosuvastatin	DRUG_COMBINATION	Empagliflozin
Rosuvastatin	DRUG_COMBINATION	Darapladib
Flucytosine	DRUG_COMBINATION	Fluconazole
Flucytosine	DRUG_COMBINATION	Idarubicin
Flucytosine	DRUG_COMBINATION	Amphotericin B
Flucytosine	DRUG_COMBINATION	CHS-828
Flucytosine	DRUG_COMBINATION	Rotenone
Capecitabine	DRUG_COMBINATION	Vinorelbine
Capecitabine	DRUG_COMBINATION	Dasatinib
Capecitabine	DRUG_COMBINATION	Vorinostat
Capecitabine	DRUG_COMBINATION	Hydroxychloroquine
Capecitabine	DRUG_COMBINATION	Leucovorin
Capecitabine	DRUG_COMBINATION	Andrographolide
Capecitabine	DRUG_COMBINATION	Dexpanthenol
Capecitabine	DRUG_COMBINATION	Perifosine
Capecitabine	DRUG_COMBINATION	Pyrotinib
Capecitabine	DRUG_COMBINATION	Ipatasertib
Capecitabine	DRUG_COMBINATION	Tosedostat
Quinacrine	DRUG_COMBINATION	Pomalidomide
Quinacrine	DRUG_COMBINATION	Bortezomib
Quinacrine	DRUG_COMBINATION	Chlorambucil
Quinacrine	DRUG_COMBINATION	Mitomycin
Quinacrine	DRUG_COMBINATION	Idarubicin
Quinacrine	DRUG_COMBINATION	Ifosfamide
Quinacrine	DRUG_COMBINATION	Altretamine
Quinacrine	DRUG_COMBINATION	Cisplatin
Quinacrine	DRUG_COMBINATION	Cyclophosphamide
Quinacrine	DRUG_COMBINATION	Pentostatin
Quinacrine	DRUG_COMBINATION	Dyphylline
Quinacrine	DRUG_COMBINATION	Isoniazid
Quinacrine	DRUG_COMBINATION	Busulfan
Quinacrine	DRUG_COMBINATION	Tretamine
Sertraline	DRUG_COMBINATION	Clonazepam
Sertraline	DRUG_COMBINATION	Leflunomide
Sertraline	DRUG_COMBINATION	Desoxycorticosterone pivalate
Sertraline	DRUG_COMBINATION	Fluconazole
Sertraline	DRUG_COMBINATION	Oseltamivir
Sertraline	DRUG_COMBINATION	Pregabalin
Sertraline	DRUG_COMBINATION	Reboxetine
Sertraline	DRUG_COMBINATION	Ziprasidone
Sertraline	DRUG_COMBINATION	Liothyronine
Sertraline	DRUG_COMBINATION	Venlafaxine
Sertraline	DRUG_COMBINATION	Olanzapine
Sertraline	DRUG_COMBINATION	Methylergometrine
Sertraline	DRUG_COMBINATION	Mirtazapine
Sertraline	DRUG_COMBINATION	Bupropion
Sertraline	DRUG_COMBINATION	Levetiracetam
Sertraline	DRUG_COMBINATION	Quetiapine
Sertraline	DRUG_COMBINATION	Tacrine
Sertraline	DRUG_COMBINATION	Miglustat
Sertraline	DRUG_COMBINATION	Spironolactone
Sertraline	DRUG_COMBINATION	Acitretin
Sertraline	DRUG_COMBINATION	Duloxetine
Sertraline	DRUG_COMBINATION	Haloperidol
Sertraline	DRUG_COMBINATION	Vorinostat
Sertraline	DRUG_COMBINATION	Vinblastine
Sertraline	DRUG_COMBINATION	Trimethobenzamide
Sertraline	DRUG_COMBINATION	Naltrexone
Sertraline	DRUG_COMBINATION	Riluzole
Sertraline	DRUG_COMBINATION	Mebutamate
Sertraline	DRUG_COMBINATION	Bumetanide
Sertraline	DRUG_COMBINATION	Tiagabine
Sertraline	DRUG_COMBINATION	Cytarabine
Sertraline	DRUG_COMBINATION	Acetylcysteine
Sertraline	DRUG_COMBINATION	Silver sulfadiazine
Sertraline	DRUG_COMBINATION	Brexpiprazole
Sertraline	DRUG_COMBINATION	Edivoxetine
Sertraline	DRUG_COMBINATION	Artemisinin
Sertraline	DRUG_COMBINATION	Clascoterone
Sertraline	DRUG_COMBINATION	Modufolin
Sibutramine	DRUG_COMBINATION	Orlistat
Sibutramine	DRUG_COMBINATION	Marizomib
Miconazole	DRUG_COMBINATION	Piperaquine
Miconazole	DRUG_COMBINATION	Fluocinonide
Miconazole	DRUG_COMBINATION	Leflunomide
Miconazole	DRUG_COMBINATION	Diazoxide
Miconazole	DRUG_COMBINATION	Bortezomib
Miconazole	DRUG_COMBINATION	Dihydroergotamine
Miconazole	DRUG_COMBINATION	Diltiazem
Miconazole	DRUG_COMBINATION	Nitisinone
Miconazole	DRUG_COMBINATION	Mefloquine
Miconazole	DRUG_COMBINATION	Idarubicin
Miconazole	DRUG_COMBINATION	Estramustine
Miconazole	DRUG_COMBINATION	Dantrolene
Miconazole	DRUG_COMBINATION	Docetaxel
Miconazole	DRUG_COMBINATION	Trihexyphenidyl
Miconazole	DRUG_COMBINATION	2-Methoxyestradiol
Miconazole	DRUG_COMBINATION	Quinine
Miconazole	DRUG_COMBINATION	Ritonavir
Miconazole	DRUG_COMBINATION	4-Hydroxy-3,5-Dimethyl-5-(2-Methyl-Buta-1,3-Dienyl)-5h-Thiophen-2-One
Miconazole	DRUG_COMBINATION	Vorinostat
Miconazole	DRUG_COMBINATION	Cholic Acid
Miconazole	DRUG_COMBINATION	Fluticasone propionate
Miconazole	DRUG_COMBINATION	Genistein
Miconazole	DRUG_COMBINATION	Oxyphenbutazone
Miconazole	DRUG_COMBINATION	Trimethobenzamide
Miconazole	DRUG_COMBINATION	Diethylcarbamazine
Miconazole	DRUG_COMBINATION	Niclosamide
Miconazole	DRUG_COMBINATION	Metyrosine
Miconazole	DRUG_COMBINATION	Patupilone
Miconazole	DRUG_COMBINATION	Mifepristone
Miconazole	DRUG_COMBINATION	Tiagabine
Miconazole	DRUG_COMBINATION	Omacetaxine mepesuccinate
Miconazole	DRUG_COMBINATION	Dactinomycin
Miconazole	DRUG_COMBINATION	Cytarabine
Miconazole	DRUG_COMBINATION	Cinacalcet
Miconazole	DRUG_COMBINATION	Lacosamide
Miconazole	DRUG_COMBINATION	Methylene blue
Miconazole	DRUG_COMBINATION	Brincidofovir
Miconazole	DRUG_COMBINATION	Artemether
Miconazole	DRUG_COMBINATION	Lumefantrine
Miconazole	DRUG_COMBINATION	Terameprocol
Miconazole	DRUG_COMBINATION	Cipargamin
Cefuroxime	DRUG_COMBINATION	Metronidazole
Nifedipine	DRUG_COMBINATION	Indomethacin
Nifedipine	DRUG_COMBINATION	Magnesium sulfate
Amiodarone	DRUG_COMBINATION	Acetylcysteine
Diazoxide	DRUG_COMBINATION	Daidzin
Diazoxide	DRUG_COMBINATION	Linagliptin
Diazoxide	DRUG_COMBINATION	Pomalidomide
Diazoxide	DRUG_COMBINATION	Guanfacine
Diazoxide	DRUG_COMBINATION	Probenecid
Diazoxide	DRUG_COMBINATION	Abacavir
Diazoxide	DRUG_COMBINATION	Isoprenaline
Diazoxide	DRUG_COMBINATION	Citalopram
Diazoxide	DRUG_COMBINATION	Mesalazine
Diazoxide	DRUG_COMBINATION	Crotamiton
Diazoxide	DRUG_COMBINATION	Etomidate
Diazoxide	DRUG_COMBINATION	Gefitinib
Diazoxide	DRUG_COMBINATION	Cilostazol
Diazoxide	DRUG_COMBINATION	Idarubicin
Diazoxide	DRUG_COMBINATION	Estramustine
Diazoxide	DRUG_COMBINATION	Fomepizole
Diazoxide	DRUG_COMBINATION	Sitagliptin
Diazoxide	DRUG_COMBINATION	Hydralazine
Diazoxide	DRUG_COMBINATION	Miglustat
Diazoxide	DRUG_COMBINATION	Imipramine
Diazoxide	DRUG_COMBINATION	Triflupromazine
Diazoxide	DRUG_COMBINATION	Doxapram
Diazoxide	DRUG_COMBINATION	Methotrexate
Diazoxide	DRUG_COMBINATION	Fenoprofen
Diazoxide	DRUG_COMBINATION	Furazolidone
Diazoxide	DRUG_COMBINATION	Oxandrolone
Diazoxide	DRUG_COMBINATION	Everolimus
Diazoxide	DRUG_COMBINATION	Cilastatin
Diazoxide	DRUG_COMBINATION	Genistein
Diazoxide	DRUG_COMBINATION	Dexmedetomidine
Diazoxide	DRUG_COMBINATION	Dyphylline
Diazoxide	DRUG_COMBINATION	Trazodone
Diazoxide	DRUG_COMBINATION	Metaxalone
Diazoxide	DRUG_COMBINATION	Galantamine
Diazoxide	DRUG_COMBINATION	Diethylcarbamazine
Diazoxide	DRUG_COMBINATION	Clopidogrel
Diazoxide	DRUG_COMBINATION	SN-38
Diazoxide	DRUG_COMBINATION	Raltegravir
Diazoxide	DRUG_COMBINATION	Metyrosine
Diazoxide	DRUG_COMBINATION	Trifluoperazine
Diazoxide	DRUG_COMBINATION	Phensuximide
Diazoxide	DRUG_COMBINATION	Chlorphenesin
Diazoxide	DRUG_COMBINATION	Amantadine
Diazoxide	DRUG_COMBINATION	Maprotiline
Diazoxide	DRUG_COMBINATION	Meclofenamic acid
Diazoxide	DRUG_COMBINATION	Phenprocoumon
Diazoxide	DRUG_COMBINATION	Fluspirilene
Diazoxide	DRUG_COMBINATION	Dronedarone
Diazoxide	DRUG_COMBINATION	Picoplatin
Diazoxide	DRUG_COMBINATION	Ezetimibe
Diazoxide	DRUG_COMBINATION	Ciprofibrate
Diazoxide	DRUG_COMBINATION	Rufinamide
Diazoxide	DRUG_COMBINATION	Methylene blue
Diazoxide	DRUG_COMBINATION	Dinaciclib
Diazoxide	DRUG_COMBINATION	Anamorelin
Diazoxide	DRUG_COMBINATION	Terameprocol
Diazoxide	DRUG_COMBINATION	Emetine
Diazoxide	DRUG_COMBINATION	Benserazide
Diazoxide	DRUG_COMBINATION	Sivelestat
Tolbutamide	DRUG_COMBINATION	Repaglinide
Tolbutamide	DRUG_COMBINATION	Tasisulam
Tolbutamide	DRUG_COMBINATION	Pexidartinib
Dutasteride	DRUG_COMBINATION	Ruxolitinib
Dutasteride	DRUG_COMBINATION	Bicalutamide
Dutasteride	DRUG_COMBINATION	Finasteride
Bicalutamide	DRUG_COMBINATION	Idarubicin
Rabeprazole	DRUG_COMBINATION	Amoxicillin
Rabeprazole	DRUG_COMBINATION	Levofloxacin
Rabeprazole	DRUG_COMBINATION	Idarubicin
Rabeprazole	DRUG_COMBINATION	Metronidazole
Proguanil	DRUG_COMBINATION	Piperaquine
Proguanil	DRUG_COMBINATION	Primaquine
Proguanil	DRUG_COMBINATION	Clindamycin
Proguanil	DRUG_COMBINATION	Nisoldipine
Proguanil	DRUG_COMBINATION	4-Hydroxy-3,5-Dimethyl-5-(2-Methyl-Buta-1,3-Dienyl)-5h-Thiophen-2-One
Proguanil	DRUG_COMBINATION	Nicardipine
Proguanil	DRUG_COMBINATION	Verapamil
Proguanil	DRUG_COMBINATION	Naltrexone
Proguanil	DRUG_COMBINATION	Patupilone
Proguanil	DRUG_COMBINATION	Zonisamide
Proguanil	DRUG_COMBINATION	Elesclomol
Proguanil	DRUG_COMBINATION	Lumefantrine
Desoxycorticosterone pivalate	DRUG_COMBINATION	Probenecid
Desoxycorticosterone pivalate	DRUG_COMBINATION	Memantine
Desoxycorticosterone pivalate	DRUG_COMBINATION	Rifampin
Desoxycorticosterone pivalate	DRUG_COMBINATION	Abacavir
Desoxycorticosterone pivalate	DRUG_COMBINATION	Leflunomide
Desoxycorticosterone pivalate	DRUG_COMBINATION	Diazoxide
Desoxycorticosterone pivalate	DRUG_COMBINATION	Chlorambucil
Desoxycorticosterone pivalate	DRUG_COMBINATION	Methylergometrine
Desoxycorticosterone pivalate	DRUG_COMBINATION	Itraconazole
Desoxycorticosterone pivalate	DRUG_COMBINATION	Procarbazine
Desoxycorticosterone pivalate	DRUG_COMBINATION	Idarubicin
Desoxycorticosterone pivalate	DRUG_COMBINATION	Docetaxel
Desoxycorticosterone pivalate	DRUG_COMBINATION	Sunitinib
Desoxycorticosterone pivalate	DRUG_COMBINATION	Acetohexamide
Desoxycorticosterone pivalate	DRUG_COMBINATION	Vinblastine
Desoxycorticosterone pivalate	DRUG_COMBINATION	Epinephrine
Desoxycorticosterone pivalate	DRUG_COMBINATION	Galantamine
Desoxycorticosterone pivalate	DRUG_COMBINATION	Diethylcarbamazine
Desoxycorticosterone pivalate	DRUG_COMBINATION	SN-38
Desoxycorticosterone pivalate	DRUG_COMBINATION	Niclosamide
Desoxycorticosterone pivalate	DRUG_COMBINATION	Tiagabine
Desoxycorticosterone pivalate	DRUG_COMBINATION	Cytarabine
Desoxycorticosterone pivalate	DRUG_COMBINATION	Mardepodect
Desoxycorticosterone pivalate	DRUG_COMBINATION	Triapine
Desoxycorticosterone pivalate	DRUG_COMBINATION	Anamorelin
Desoxycorticosterone pivalate	DRUG_COMBINATION	Modufolin
Desoxycorticosterone pivalate	DRUG_COMBINATION	Danusertib
Carvedilol	DRUG_COMBINATION	Rosuvastatin
Carvedilol	DRUG_COMBINATION	Metoprolol
Carvedilol	DRUG_COMBINATION	Mefloquine
Carvedilol	DRUG_COMBINATION	Idarubicin
Carvedilol	DRUG_COMBINATION	Pentoxifylline
Carvedilol	DRUG_COMBINATION	Lumefantrine
Carvedilol	DRUG_COMBINATION	Artemisinin
Levofloxacin	DRUG_COMBINATION	Amoxicillin
Levofloxacin	DRUG_COMBINATION	Cefuroxime
Levofloxacin	DRUG_COMBINATION	Cloxacillin
Levofloxacin	DRUG_COMBINATION	Azithromycin
Levofloxacin	DRUG_COMBINATION	Pantoprazole
Levofloxacin	DRUG_COMBINATION	Idarubicin
Levofloxacin	DRUG_COMBINATION	Metronidazole
Levofloxacin	DRUG_COMBINATION	Panobinostat
Sulfinpyrazone	DRUG_COMBINATION	Leflunomide
Sulfinpyrazone	DRUG_COMBINATION	Aminosalicylic acid
Sulfinpyrazone	DRUG_COMBINATION	Mefloquine
Sulfinpyrazone	DRUG_COMBINATION	Fomepizole
Sulfinpyrazone	DRUG_COMBINATION	Dantrolene
Sulfinpyrazone	DRUG_COMBINATION	Hydralazine
Sulfinpyrazone	DRUG_COMBINATION	Allopurinol
Sulfinpyrazone	DRUG_COMBINATION	Cerivastatin
Sulfinpyrazone	DRUG_COMBINATION	Triflupromazine
Sulfinpyrazone	DRUG_COMBINATION	Methoxsalen
Sulfinpyrazone	DRUG_COMBINATION	Methotrexate
Sulfinpyrazone	DRUG_COMBINATION	Imatinib
Sulfinpyrazone	DRUG_COMBINATION	Testosterone
Sulfinpyrazone	DRUG_COMBINATION	Dyphylline
Sulfinpyrazone	DRUG_COMBINATION	Moricizine
Sulfinpyrazone	DRUG_COMBINATION	Diethylcarbamazine
Sulfinpyrazone	DRUG_COMBINATION	Tiagabine
Sulfinpyrazone	DRUG_COMBINATION	Maprotiline
Sulfinpyrazone	DRUG_COMBINATION	Cytarabine
Sulfinpyrazone	DRUG_COMBINATION	Doxorubicin
Sulfinpyrazone	DRUG_COMBINATION	Brincidofovir
Sulfinpyrazone	DRUG_COMBINATION	Emetine
Sulfinpyrazone	DRUG_COMBINATION	K-134
Sulfinpyrazone	DRUG_COMBINATION	Luteolin
Micafungin	DRUG_COMBINATION	Fluconazole
Micafungin	DRUG_COMBINATION	Budesonide
Micafungin	DRUG_COMBINATION	Voriconazole
Amifostine	DRUG_COMBINATION	Irinotecan
Diclofenamide	DRUG_COMBINATION	Teriflunomide
Diclofenamide	DRUG_COMBINATION	Guanfacine
Diclofenamide	DRUG_COMBINATION	Probenecid
Diclofenamide	DRUG_COMBINATION	Leflunomide
Diclofenamide	DRUG_COMBINATION	Diazoxide
Diclofenamide	DRUG_COMBINATION	Desoxycorticosterone pivalate
Diclofenamide	DRUG_COMBINATION	Bortezomib
Diclofenamide	DRUG_COMBINATION	Oseltamivir
Diclofenamide	DRUG_COMBINATION	Dihydroergotamine
Diclofenamide	DRUG_COMBINATION	Docetaxel
Diclofenamide	DRUG_COMBINATION	Pramipexole
Diclofenamide	DRUG_COMBINATION	Acetohexamide
Diclofenamide	DRUG_COMBINATION	Miglustat
Diclofenamide	DRUG_COMBINATION	Allopurinol
Diclofenamide	DRUG_COMBINATION	Acitretin
Diclofenamide	DRUG_COMBINATION	Quinine
Diclofenamide	DRUG_COMBINATION	Acetohydroxamic acid
Diclofenamide	DRUG_COMBINATION	Vorinostat
Diclofenamide	DRUG_COMBINATION	Vinblastine
Diclofenamide	DRUG_COMBINATION	Everolimus
Diclofenamide	DRUG_COMBINATION	Oxyphenbutazone
Diclofenamide	DRUG_COMBINATION	Epinephrine
Diclofenamide	DRUG_COMBINATION	Sumatriptan
Diclofenamide	DRUG_COMBINATION	Pentamidine
Diclofenamide	DRUG_COMBINATION	Trifluoperazine
Diclofenamide	DRUG_COMBINATION	Maprotiline
Diclofenamide	DRUG_COMBINATION	Cytarabine
Diclofenamide	DRUG_COMBINATION	Doxorubicin
Diclofenamide	DRUG_COMBINATION	Methylene blue
Diclofenamide	DRUG_COMBINATION	Mardepodect
Diclofenamide	DRUG_COMBINATION	Dinaciclib
Diclofenamide	DRUG_COMBINATION	Brincidofovir
Diclofenamide	DRUG_COMBINATION	Emetine
Diclofenamide	DRUG_COMBINATION	Sivelestat
Diclofenamide	DRUG_COMBINATION	Danusertib
Riboflavin	DRUG_COMBINATION	Ruxolitinib
Menadione	DRUG_COMBINATION	Idarubicin
Pravastatin	DRUG_COMBINATION	Atorvastatin
Pravastatin	DRUG_COMBINATION	Rosuvastatin
Pravastatin	DRUG_COMBINATION	Valsartan
Pravastatin	DRUG_COMBINATION	Bortezomib
Pravastatin	DRUG_COMBINATION	Idarubicin
Pravastatin	DRUG_COMBINATION	Estrone sulfate
Pravastatin	DRUG_COMBINATION	Sodium citrate
Pravastatin	DRUG_COMBINATION	Panobinostat
Pravastatin	DRUG_COMBINATION	Dalcetrapib
Pravastatin	DRUG_COMBINATION	GDC-0810
Pravastatin	DRUG_COMBINATION	Cianidanol
Pravastatin	DRUG_COMBINATION	Marizomib
Pravastatin	DRUG_COMBINATION	Pravastatin
Fluvoxamine	DRUG_COMBINATION	Digoxin
Valsartan	DRUG_COMBINATION	Rosuvastatin
Valsartan	DRUG_COMBINATION	Atenolol
Valsartan	DRUG_COMBINATION	Enalapril
Valsartan	DRUG_COMBINATION	Probucol
Valsartan	DRUG_COMBINATION	Hydroxychloroquine
Valsartan	DRUG_COMBINATION	Losartan
Valsartan	DRUG_COMBINATION	Hydrochlorothiazide
Valsartan	DRUG_COMBINATION	Empagliflozin
Valsartan	DRUG_COMBINATION	Levocetirizine
Ramipril	DRUG_COMBINATION	Idarubicin
Baclofen	DRUG_COMBINATION	Memantine
Baclofen	DRUG_COMBINATION	Ibuprofen
Baclofen	DRUG_COMBINATION	Diazoxide
Baclofen	DRUG_COMBINATION	Lorazepam
Baclofen	DRUG_COMBINATION	Citalopram
Baclofen	DRUG_COMBINATION	Gefitinib
Baclofen	DRUG_COMBINATION	Desipramine
Baclofen	DRUG_COMBINATION	Cerivastatin
Baclofen	DRUG_COMBINATION	Quinine
Baclofen	DRUG_COMBINATION	Acetohydroxamic acid
Baclofen	DRUG_COMBINATION	Vorinostat
Baclofen	DRUG_COMBINATION	Fenoprofen
Baclofen	DRUG_COMBINATION	Oxyphenbutazone
Baclofen	DRUG_COMBINATION	Aprepitant
Baclofen	DRUG_COMBINATION	SN-38
Baclofen	DRUG_COMBINATION	Niclosamide
Baclofen	DRUG_COMBINATION	Metyrosine
Baclofen	DRUG_COMBINATION	Tiagabine
Baclofen	DRUG_COMBINATION	Maprotiline
Baclofen	DRUG_COMBINATION	Lacosamide
Baclofen	DRUG_COMBINATION	Opipramol
Baclofen	DRUG_COMBINATION	Carglumic acid
Baclofen	DRUG_COMBINATION	K-134
Nicotine	DRUG_COMBINATION	Nicotine
Lorazepam	DRUG_COMBINATION	Ibuprofen
Lorazepam	DRUG_COMBINATION	Clonazepam
Lorazepam	DRUG_COMBINATION	Promethazine
Lorazepam	DRUG_COMBINATION	Haloperidol
Esmolol	DRUG_COMBINATION	Milrinone
Esmolol	DRUG_COMBINATION	Lidocaine
Esmolol	DRUG_COMBINATION	Labetalol
Esmolol	DRUG_COMBINATION	Rocuronium
Esmolol	DRUG_COMBINATION	Fentanyl
Esmolol	DRUG_COMBINATION	Propofol
Esmolol	DRUG_COMBINATION	Tecadenoson
Bortezomib	DRUG_COMBINATION	Ruxolitinib
Bortezomib	DRUG_COMBINATION	Linagliptin
Bortezomib	DRUG_COMBINATION	Formestane
Bortezomib	DRUG_COMBINATION	Pomalidomide
Bortezomib	DRUG_COMBINATION	Topotecan
Bortezomib	DRUG_COMBINATION	Probenecid
Bortezomib	DRUG_COMBINATION	Fludarabine
Bortezomib	DRUG_COMBINATION	Iloprost
Bortezomib	DRUG_COMBINATION	Leflunomide
Bortezomib	DRUG_COMBINATION	Baclofen
Bortezomib	DRUG_COMBINATION	Oseltamivir
Bortezomib	DRUG_COMBINATION	Aminosalicylic acid
Bortezomib	DRUG_COMBINATION	Mesalazine
Bortezomib	DRUG_COMBINATION	Cefmenoxime
Bortezomib	DRUG_COMBINATION	Liothyronine
Bortezomib	DRUG_COMBINATION	Chlorambucil
Bortezomib	DRUG_COMBINATION	Etonogestrel
Bortezomib	DRUG_COMBINATION	Mitomycin
Bortezomib	DRUG_COMBINATION	Ibutilide
Bortezomib	DRUG_COMBINATION	Gefitinib
Bortezomib	DRUG_COMBINATION	Dihydroergotamine
Bortezomib	DRUG_COMBINATION	Ethambutol
Bortezomib	DRUG_COMBINATION	Olanzapine
Bortezomib	DRUG_COMBINATION	Atenolol
Bortezomib	DRUG_COMBINATION	Methylergometrine
Bortezomib	DRUG_COMBINATION	Mefloquine
Bortezomib	DRUG_COMBINATION	Cilostazol
Bortezomib	DRUG_COMBINATION	Procarbazine
Bortezomib	DRUG_COMBINATION	Kanamycin
Bortezomib	DRUG_COMBINATION	Idarubicin
Bortezomib	DRUG_COMBINATION	Chlormezanone
Bortezomib	DRUG_COMBINATION	Estramustine
Bortezomib	DRUG_COMBINATION	Lomustine
Bortezomib	DRUG_COMBINATION	Bepridil
Bortezomib	DRUG_COMBINATION	Dasatinib
Bortezomib	DRUG_COMBINATION	Decitabine
Bortezomib	DRUG_COMBINATION	Sunitinib
Bortezomib	DRUG_COMBINATION	Palonosetron
Bortezomib	DRUG_COMBINATION	Tacrine
Bortezomib	DRUG_COMBINATION	Sorafenib
Bortezomib	DRUG_COMBINATION	Pramipexole
Bortezomib	DRUG_COMBINATION	Spironolactone
Bortezomib	DRUG_COMBINATION	Allopurinol
Bortezomib	DRUG_COMBINATION	Cerivastatin
Bortezomib	DRUG_COMBINATION	Imipramine
Bortezomib	DRUG_COMBINATION	Acitretin
Bortezomib	DRUG_COMBINATION	Quinine
Bortezomib	DRUG_COMBINATION	Buspirone
Bortezomib	DRUG_COMBINATION	Cisplatin
Bortezomib	DRUG_COMBINATION	Albendazole
Bortezomib	DRUG_COMBINATION	Mephenytoin
Bortezomib	DRUG_COMBINATION	Acetohydroxamic acid
Bortezomib	DRUG_COMBINATION	Bosentan
Bortezomib	DRUG_COMBINATION	Methotrexate
Bortezomib	DRUG_COMBINATION	Cisatracurium
Bortezomib	DRUG_COMBINATION	Paromomycin
Bortezomib	DRUG_COMBINATION	Vorinostat
Bortezomib	DRUG_COMBINATION	Fenoprofen
Bortezomib	DRUG_COMBINATION	Amiloride
Bortezomib	DRUG_COMBINATION	Chloroquine
Bortezomib	DRUG_COMBINATION	Furazolidone
Bortezomib	DRUG_COMBINATION	Testosterone
Bortezomib	DRUG_COMBINATION	Ursodeoxycholic acid
Bortezomib	DRUG_COMBINATION	Cilastatin
Bortezomib	DRUG_COMBINATION	Hydroxychloroquine
Bortezomib	DRUG_COMBINATION	Mebendazole
Bortezomib	DRUG_COMBINATION	Mecamylamine
Bortezomib	DRUG_COMBINATION	Metaxalone
Bortezomib	DRUG_COMBINATION	Trimethobenzamide
Bortezomib	DRUG_COMBINATION	Sumatriptan
Bortezomib	DRUG_COMBINATION	Aprepitant
Bortezomib	DRUG_COMBINATION	Tamoxifen
Bortezomib	DRUG_COMBINATION	Moricizine
Bortezomib	DRUG_COMBINATION	Risperidone
Bortezomib	DRUG_COMBINATION	Zileuton
Bortezomib	DRUG_COMBINATION	SN-38
Bortezomib	DRUG_COMBINATION	Mebutamate
Bortezomib	DRUG_COMBINATION	Niclosamide
Bortezomib	DRUG_COMBINATION	Plicamycin
Bortezomib	DRUG_COMBINATION	Irinotecan
Bortezomib	DRUG_COMBINATION	Acyclovir
Bortezomib	DRUG_COMBINATION	Tolazoline
Bortezomib	DRUG_COMBINATION	Acetazolamide
Bortezomib	DRUG_COMBINATION	Trifluoperazine
Bortezomib	DRUG_COMBINATION	Chlorphenesin
Bortezomib	DRUG_COMBINATION	Tacrolimus
Bortezomib	DRUG_COMBINATION	Sirolimus
Bortezomib	DRUG_COMBINATION	Isosorbide dinitrate
Bortezomib	DRUG_COMBINATION	Bumetanide
Bortezomib	DRUG_COMBINATION	Sulfapyridine
Bortezomib	DRUG_COMBINATION	Testolactone
Bortezomib	DRUG_COMBINATION	Repaglinide
Bortezomib	DRUG_COMBINATION	Azacitidine
Bortezomib	DRUG_COMBINATION	Maprotiline
Bortezomib	DRUG_COMBINATION	Meclofenamic acid
Bortezomib	DRUG_COMBINATION	Ezetimibe
Bortezomib	DRUG_COMBINATION	Ethinylestradiol
Bortezomib	DRUG_COMBINATION	Cytarabine
Bortezomib	DRUG_COMBINATION	Dopamine
Bortezomib	DRUG_COMBINATION	Doxorubicin
Bortezomib	DRUG_COMBINATION	Busulfan
Bortezomib	DRUG_COMBINATION	Pizotifen
Bortezomib	DRUG_COMBINATION	Romidepsin
Bortezomib	DRUG_COMBINATION	Silver sulfadiazine
Bortezomib	DRUG_COMBINATION	Ibrutinib
Bortezomib	DRUG_COMBINATION	Ciprofibrate
Bortezomib	DRUG_COMBINATION	Ridaforolimus
Bortezomib	DRUG_COMBINATION	Eflornithine
Bortezomib	DRUG_COMBINATION	Vandetanib
Bortezomib	DRUG_COMBINATION	Temsirolimus
Bortezomib	DRUG_COMBINATION	Methylene blue
Bortezomib	DRUG_COMBINATION	MK-8776
Bortezomib	DRUG_COMBINATION	Dinaciclib
Bortezomib	DRUG_COMBINATION	Panobinostat
Bortezomib	DRUG_COMBINATION	Perifosine
Bortezomib	DRUG_COMBINATION	Terameprocol
Bortezomib	DRUG_COMBINATION	Dactolisib
Bortezomib	DRUG_COMBINATION	10-hydroxycamptothecin
Bortezomib	DRUG_COMBINATION	Clascoterone
Bortezomib	DRUG_COMBINATION	Modufolin
Bortezomib	DRUG_COMBINATION	Molibresib
Bortezomib	DRUG_COMBINATION	Danusertib
Bortezomib	DRUG_COMBINATION	Niraparib
Carbidopa	DRUG_COMBINATION	Entacapone
Betaxolol	DRUG_COMBINATION	Idarubicin
Fluconazole	DRUG_COMBINATION	Ruxolitinib
Fluconazole	DRUG_COMBINATION	Levofloxacin
Fluconazole	DRUG_COMBINATION	Posaconazole
Fluconazole	DRUG_COMBINATION	Amphotericin B
Fluconazole	DRUG_COMBINATION	Boric acid
Oseltamivir	DRUG_COMBINATION	Formestane
Oseltamivir	DRUG_COMBINATION	Topotecan
Oseltamivir	DRUG_COMBINATION	Probenecid
Oseltamivir	DRUG_COMBINATION	Isoprenaline
Oseltamivir	DRUG_COMBINATION	Diazoxide
Oseltamivir	DRUG_COMBINATION	Sulfinpyrazone
Oseltamivir	DRUG_COMBINATION	Azithromycin
Oseltamivir	DRUG_COMBINATION	Liothyronine
Oseltamivir	DRUG_COMBINATION	Atenolol
Oseltamivir	DRUG_COMBINATION	Chlorzoxazone
Oseltamivir	DRUG_COMBINATION	Chlormezanone
Oseltamivir	DRUG_COMBINATION	Darunavir
Oseltamivir	DRUG_COMBINATION	Hydralazine
Oseltamivir	DRUG_COMBINATION	Triamterene
Oseltamivir	DRUG_COMBINATION	Ritonavir
Oseltamivir	DRUG_COMBINATION	Acetohydroxamic acid
Oseltamivir	DRUG_COMBINATION	Methoxsalen
Oseltamivir	DRUG_COMBINATION	Cisatracurium
Oseltamivir	DRUG_COMBINATION	Everolimus
Oseltamivir	DRUG_COMBINATION	Hydroxychloroquine
Oseltamivir	DRUG_COMBINATION	Aprepitant
Oseltamivir	DRUG_COMBINATION	Moricizine
Oseltamivir	DRUG_COMBINATION	Pentamidine
Oseltamivir	DRUG_COMBINATION	Acyclovir
Oseltamivir	DRUG_COMBINATION	Zaleplon
Oseltamivir	DRUG_COMBINATION	Cytarabine
Oseltamivir	DRUG_COMBINATION	Busulfan
Oseltamivir	DRUG_COMBINATION	Silver sulfadiazine
Oseltamivir	DRUG_COMBINATION	Triapine
Oseltamivir	DRUG_COMBINATION	Brincidofovir
Oseltamivir	DRUG_COMBINATION	Carglumic acid
Oseltamivir	DRUG_COMBINATION	Terameprocol
Oseltamivir	DRUG_COMBINATION	Artemisinin
Oseltamivir	DRUG_COMBINATION	Modufolin
Erythromycin	DRUG_COMBINATION	Sulfisoxazole
Erythromycin	DRUG_COMBINATION	Ampicillin
Erythromycin	DRUG_COMBINATION	Erlotinib
Erythromycin	DRUG_COMBINATION	Voriconazole
Erythromycin	DRUG_COMBINATION	Avanafil
Caffeine	DRUG_COMBINATION	Rosuvastatin
Caffeine	DRUG_COMBINATION	Diclofenac
Caffeine	DRUG_COMBINATION	Hydrocortisone
Caffeine	DRUG_COMBINATION	Dipyridamole
Caffeine	DRUG_COMBINATION	Panobinostat
Succinylcholine	DRUG_COMBINATION	Vecuronium
Succinylcholine	DRUG_COMBINATION	Methohexital
Succinylcholine	DRUG_COMBINATION	Rocuronium
Succinylcholine	DRUG_COMBINATION	Propofol
Sildenafil	DRUG_COMBINATION	Milrinone
Sildenafil	DRUG_COMBINATION	Bosentan
Sildenafil	DRUG_COMBINATION	Testosterone
Sildenafil	DRUG_COMBINATION	Tadalafil
Sildenafil	DRUG_COMBINATION	Acetylcholine
Sildenafil	DRUG_COMBINATION	Pirfenidone
Sildenafil	DRUG_COMBINATION	Riociguat
Sildenafil	DRUG_COMBINATION	Sitaxentan
Sildenafil	DRUG_COMBINATION	Saxagliptin
Sildenafil	DRUG_COMBINATION	Ambrisentan
Dofetilide	DRUG_COMBINATION	Lumefantrine
Pyrimethamine	DRUG_COMBINATION	Miconazole
Pyrimethamine	DRUG_COMBINATION	Valproic acid
Pyrimethamine	DRUG_COMBINATION	Diltiazem
Pyrimethamine	DRUG_COMBINATION	Nitisinone
Pyrimethamine	DRUG_COMBINATION	Sulfadoxine
Pyrimethamine	DRUG_COMBINATION	Chloroquine
Pyrimethamine	DRUG_COMBINATION	Leucovorin
Pyrimethamine	DRUG_COMBINATION	Ibrutinib
Pyrimethamine	DRUG_COMBINATION	Lumefantrine
Pyrimethamine	DRUG_COMBINATION	Cipargamin
Reserpine	DRUG_COMBINATION	Levofloxacin
Azithromycin	DRUG_COMBINATION	Mefloquine
Azithromycin	DRUG_COMBINATION	Idarubicin
Azithromycin	DRUG_COMBINATION	Albendazole
Azithromycin	DRUG_COMBINATION	Colchicine
Azithromycin	DRUG_COMBINATION	Chloroquine
Azithromycin	DRUG_COMBINATION	Hydroxychloroquine
Azithromycin	DRUG_COMBINATION	Cefixime
Azithromycin	DRUG_COMBINATION	Tobramycin
Azithromycin	DRUG_COMBINATION	Loperamide
Azithromycin	DRUG_COMBINATION	Metronidazole
Citalopram	DRUG_COMBINATION	Probenecid
Citalopram	DRUG_COMBINATION	Memantine
Citalopram	DRUG_COMBINATION	Leflunomide
Citalopram	DRUG_COMBINATION	Diazoxide
Citalopram	DRUG_COMBINATION	Oseltamivir
Citalopram	DRUG_COMBINATION	Pregabalin
Citalopram	DRUG_COMBINATION	Gefitinib
Citalopram	DRUG_COMBINATION	Dihydroergotamine
Citalopram	DRUG_COMBINATION	Chlorzoxazone
Citalopram	DRUG_COMBINATION	Mefloquine
Citalopram	DRUG_COMBINATION	Bupropion
Citalopram	DRUG_COMBINATION	Kanamycin
Citalopram	DRUG_COMBINATION	Estramustine
Citalopram	DRUG_COMBINATION	Docetaxel
Citalopram	DRUG_COMBINATION	Sorafenib
Citalopram	DRUG_COMBINATION	Acetohexamide
Citalopram	DRUG_COMBINATION	Spironolactone
Citalopram	DRUG_COMBINATION	Cerivastatin
Citalopram	DRUG_COMBINATION	Imipramine
Citalopram	DRUG_COMBINATION	Fluoxetine
Citalopram	DRUG_COMBINATION	Albendazole
Citalopram	DRUG_COMBINATION	Acetohydroxamic acid
Citalopram	DRUG_COMBINATION	Vorinostat
Citalopram	DRUG_COMBINATION	Fenoprofen
Citalopram	DRUG_COMBINATION	Furazolidone
Citalopram	DRUG_COMBINATION	Hydroxychloroquine
Citalopram	DRUG_COMBINATION	Genistein
Citalopram	DRUG_COMBINATION	Trimethobenzamide
Citalopram	DRUG_COMBINATION	Epinephrine
Citalopram	DRUG_COMBINATION	Amphotericin B
Citalopram	DRUG_COMBINATION	Diethylcarbamazine
Citalopram	DRUG_COMBINATION	Risperidone
Citalopram	DRUG_COMBINATION	Zileuton
Citalopram	DRUG_COMBINATION	SN-38
Citalopram	DRUG_COMBINATION	Mebutamate
Citalopram	DRUG_COMBINATION	Raltegravir
Citalopram	DRUG_COMBINATION	Tolazoline
Citalopram	DRUG_COMBINATION	Chlorphenesin
Citalopram	DRUG_COMBINATION	Isosorbide dinitrate
Citalopram	DRUG_COMBINATION	Sulfapyridine
Citalopram	DRUG_COMBINATION	Testolactone
Citalopram	DRUG_COMBINATION	Tiagabine
Citalopram	DRUG_COMBINATION	Maprotiline
Citalopram	DRUG_COMBINATION	Cytarabine
Citalopram	DRUG_COMBINATION	Cinacalcet
Citalopram	DRUG_COMBINATION	Acetylcysteine
Citalopram	DRUG_COMBINATION	Rufinamide
Citalopram	DRUG_COMBINATION	Methylene blue
Citalopram	DRUG_COMBINATION	Triapine
Citalopram	DRUG_COMBINATION	Fingolimod
Citalopram	DRUG_COMBINATION	Modufolin
Lovastatin	DRUG_COMBINATION	Idarubicin
Lovastatin	DRUG_COMBINATION	Paclitaxel
Lovastatin	DRUG_COMBINATION	Docetaxel
Lovastatin	DRUG_COMBINATION	Cytarabine
Pregabalin	DRUG_COMBINATION	Diphenhydramine
Pregabalin	DRUG_COMBINATION	Morphine
Pregabalin	DRUG_COMBINATION	Acetaminophen
Pregabalin	DRUG_COMBINATION	Escitalopram
Pregabalin	DRUG_COMBINATION	Ketorolac
Pregabalin	DRUG_COMBINATION	Oxycodone
Pregabalin	DRUG_COMBINATION	Propofol
Pregabalin	DRUG_COMBINATION	Remifentanil
Pregabalin	DRUG_COMBINATION	Ondansetron
Pregabalin	DRUG_COMBINATION	Pregabalin
Aminosalicylic acid	DRUG_COMBINATION	Rifampin
Aminosalicylic acid	DRUG_COMBINATION	Isoprenaline
Aminosalicylic acid	DRUG_COMBINATION	Leflunomide
Aminosalicylic acid	DRUG_COMBINATION	Oseltamivir
Aminosalicylic acid	DRUG_COMBINATION	Chlorzoxazone
Aminosalicylic acid	DRUG_COMBINATION	Mefloquine
Aminosalicylic acid	DRUG_COMBINATION	Idarubicin
Aminosalicylic acid	DRUG_COMBINATION	Bepridil
Aminosalicylic acid	DRUG_COMBINATION	Docetaxel
Aminosalicylic acid	DRUG_COMBINATION	Pramipexole
Aminosalicylic acid	DRUG_COMBINATION	Methotrexate
Aminosalicylic acid	DRUG_COMBINATION	Vorinostat
Aminosalicylic acid	DRUG_COMBINATION	Imatinib
Aminosalicylic acid	DRUG_COMBINATION	Genistein
Aminosalicylic acid	DRUG_COMBINATION	Maprotiline
Aminosalicylic acid	DRUG_COMBINATION	Silver sulfadiazine
Aminosalicylic acid	DRUG_COMBINATION	Methylene blue
Aminosalicylic acid	DRUG_COMBINATION	Terameprocol
Aminosalicylic acid	DRUG_COMBINATION	Modufolin
Aminosalicylic acid	DRUG_COMBINATION	Danusertib
Reboxetine	DRUG_COMBINATION	Citalopram
Milrinone	DRUG_COMBINATION	Dobutamine
Nevirapine	DRUG_COMBINATION	Ruxolitinib
Nevirapine	DRUG_COMBINATION	Atazanavir
Nevirapine	DRUG_COMBINATION	Fluconazole
Nevirapine	DRUG_COMBINATION	Idarubicin
Nevirapine	DRUG_COMBINATION	Efavirenz
Nevirapine	DRUG_COMBINATION	Lamivudine
Cladribine	DRUG_COMBINATION	Vemurafenib
Cladribine	DRUG_COMBINATION	Trametinib
Cladribine	DRUG_COMBINATION	Pantoprazole
Cladribine	DRUG_COMBINATION	Idarubicin
Cladribine	DRUG_COMBINATION	Mitoxantrone
Cladribine	DRUG_COMBINATION	Decitabine
Cladribine	DRUG_COMBINATION	Vorinostat
Cladribine	DRUG_COMBINATION	Busulfan
Cladribine	DRUG_COMBINATION	Temsirolimus
Cladribine	DRUG_COMBINATION	Ixazomib
Cladribine	DRUG_COMBINATION	Venetoclax
Cladribine	DRUG_COMBINATION	Epacadostat
Cladribine	DRUG_COMBINATION	Omipalisib
Cladribine	DRUG_COMBINATION	Marizomib
Cladribine	DRUG_COMBINATION	Cladribine
Ranolazine	DRUG_COMBINATION	Dronedarone
Mesalazine	DRUG_COMBINATION	Isoprenaline
Mesalazine	DRUG_COMBINATION	Leflunomide
Mesalazine	DRUG_COMBINATION	Etomidate
Mesalazine	DRUG_COMBINATION	Ibutilide
Mesalazine	DRUG_COMBINATION	Gefitinib
Mesalazine	DRUG_COMBINATION	Dantrolene
Mesalazine	DRUG_COMBINATION	Docetaxel
Mesalazine	DRUG_COMBINATION	Tacrine
Mesalazine	DRUG_COMBINATION	Miglustat
Mesalazine	DRUG_COMBINATION	Quinine
Mesalazine	DRUG_COMBINATION	Methotrexate
Mesalazine	DRUG_COMBINATION	Vinblastine
Mesalazine	DRUG_COMBINATION	Everolimus
Mesalazine	DRUG_COMBINATION	Hydroxychloroquine
Mesalazine	DRUG_COMBINATION	Genistein
Mesalazine	DRUG_COMBINATION	Trimethobenzamide
Mesalazine	DRUG_COMBINATION	Epinephrine
Mesalazine	DRUG_COMBINATION	Sumatriptan
Mesalazine	DRUG_COMBINATION	Diethylcarbamazine
Mesalazine	DRUG_COMBINATION	Metyrosine
Mesalazine	DRUG_COMBINATION	Maprotiline
Mesalazine	DRUG_COMBINATION	Cytarabine
Mesalazine	DRUG_COMBINATION	Doxorubicin
Mesalazine	DRUG_COMBINATION	Methylene blue
Mesalazine	DRUG_COMBINATION	Mardepodect
Mesalazine	DRUG_COMBINATION	Brincidofovir
Mesalazine	DRUG_COMBINATION	Terameprocol
Mesalazine	DRUG_COMBINATION	K-134
Ziprasidone	DRUG_COMBINATION	Olanzapine
Ziprasidone	DRUG_COMBINATION	Oxycodone
Idoxuridine	DRUG_COMBINATION	Idarubicin
Dapsone	DRUG_COMBINATION	Prednisolone
Dapsone	DRUG_COMBINATION	Azathioprine
Phenytoin	DRUG_COMBINATION	Valproic acid
Phenytoin	DRUG_COMBINATION	Levetiracetam
Phenytoin	DRUG_COMBINATION	Fosphenytoin
Phenytoin	DRUG_COMBINATION	Pentoxifylline
Phenytoin	DRUG_COMBINATION	Eslicarbazepine acetate
Diethylstilbestrol	DRUG_COMBINATION	Panobinostat
Clotrimazole	DRUG_COMBINATION	Idarubicin
Calcium acetate	DRUG_COMBINATION	Atorvastatin
Sulfanilamide	DRUG_COMBINATION	Ruxolitinib
Sulfanilamide	DRUG_COMBINATION	Idarubicin
Sulfanilamide	DRUG_COMBINATION	Panobinostat
Sulfanilamide	DRUG_COMBINATION	Marizomib
Cycloserine	DRUG_COMBINATION	Fludrocortisone
Carmustine	DRUG_COMBINATION	Idarubicin
Sulfisoxazole	DRUG_COMBINATION	Idarubicin
Metoprolol	DRUG_COMBINATION	Enoximone
Crotamiton	DRUG_COMBINATION	Daidzin
Crotamiton	DRUG_COMBINATION	Teriflunomide
Crotamiton	DRUG_COMBINATION	Sertraline
Crotamiton	DRUG_COMBINATION	Bortezomib
Crotamiton	DRUG_COMBINATION	Liothyronine
Crotamiton	DRUG_COMBINATION	Etomidate
Crotamiton	DRUG_COMBINATION	Chlorzoxazone
Crotamiton	DRUG_COMBINATION	Dantrolene
Crotamiton	DRUG_COMBINATION	Acetohexamide
Crotamiton	DRUG_COMBINATION	Cerivastatin
Crotamiton	DRUG_COMBINATION	Oxyphenbutazone
Crotamiton	DRUG_COMBINATION	Trazodone
Crotamiton	DRUG_COMBINATION	Metaxalone
Crotamiton	DRUG_COMBINATION	Epinephrine
Crotamiton	DRUG_COMBINATION	Diethylcarbamazine
Crotamiton	DRUG_COMBINATION	Pentamidine
Crotamiton	DRUG_COMBINATION	Clopidogrel
Crotamiton	DRUG_COMBINATION	SN-38
Crotamiton	DRUG_COMBINATION	Raltegravir
Crotamiton	DRUG_COMBINATION	Trifluoperazine
Crotamiton	DRUG_COMBINATION	Tiagabine
Crotamiton	DRUG_COMBINATION	Amantadine
Crotamiton	DRUG_COMBINATION	Maprotiline
Crotamiton	DRUG_COMBINATION	Dopamine
Crotamiton	DRUG_COMBINATION	Pizotifen
Crotamiton	DRUG_COMBINATION	Armodafinil
Crotamiton	DRUG_COMBINATION	Triapine
Crotamiton	DRUG_COMBINATION	Emetine
Crotamiton	DRUG_COMBINATION	Sivelestat
Cefmenoxime	DRUG_COMBINATION	Topotecan
Cefmenoxime	DRUG_COMBINATION	Diazoxide
Cefmenoxime	DRUG_COMBINATION	Theophylline
Cefmenoxime	DRUG_COMBINATION	Liothyronine
Cefmenoxime	DRUG_COMBINATION	Gefitinib
Cefmenoxime	DRUG_COMBINATION	Idarubicin
Cefmenoxime	DRUG_COMBINATION	Hydralazine
Cefmenoxime	DRUG_COMBINATION	Sorafenib
Cefmenoxime	DRUG_COMBINATION	Pramipexole
Cefmenoxime	DRUG_COMBINATION	Cerivastatin
Cefmenoxime	DRUG_COMBINATION	Quinine
Cefmenoxime	DRUG_COMBINATION	Pentostatin
Cefmenoxime	DRUG_COMBINATION	Cisatracurium
Cefmenoxime	DRUG_COMBINATION	Fenoprofen
Cefmenoxime	DRUG_COMBINATION	Imatinib
Cefmenoxime	DRUG_COMBINATION	Epinephrine
Cefmenoxime	DRUG_COMBINATION	Aprepitant
Cefmenoxime	DRUG_COMBINATION	Naltrexone
Cefmenoxime	DRUG_COMBINATION	Acetazolamide
Cefmenoxime	DRUG_COMBINATION	Sulfapyridine
Cefmenoxime	DRUG_COMBINATION	Tiagabine
Cefmenoxime	DRUG_COMBINATION	Silver sulfadiazine
Cefmenoxime	DRUG_COMBINATION	Terameprocol
Cefmenoxime	DRUG_COMBINATION	Artemisinin
Cefmenoxime	DRUG_COMBINATION	Modufolin
Isradipine	DRUG_COMBINATION	Ruxolitinib
Topiramate	DRUG_COMBINATION	Piperaquine
Topiramate	DRUG_COMBINATION	Nicotine
Topiramate	DRUG_COMBINATION	Lorazepam
Topiramate	DRUG_COMBINATION	Phentermine
Topiramate	DRUG_COMBINATION	Amantadine
Topiramate	DRUG_COMBINATION	Lumefantrine
Amsacrine	DRUG_COMBINATION	Panobinostat
Theophylline	DRUG_COMBINATION	Lubiprostone
Theophylline	DRUG_COMBINATION	Novobiocin
Theophylline	DRUG_COMBINATION	Leflunomide
Theophylline	DRUG_COMBINATION	Bortezomib
Theophylline	DRUG_COMBINATION	Oseltamivir
Theophylline	DRUG_COMBINATION	Valproic acid
Theophylline	DRUG_COMBINATION	Gefitinib
Theophylline	DRUG_COMBINATION	Mefloquine
Theophylline	DRUG_COMBINATION	Procarbazine
Theophylline	DRUG_COMBINATION	Sunitinib
Theophylline	DRUG_COMBINATION	Miglustat
Theophylline	DRUG_COMBINATION	Methocarbamol
Theophylline	DRUG_COMBINATION	Quinine
Theophylline	DRUG_COMBINATION	Colchicine
Theophylline	DRUG_COMBINATION	Trimethobenzamide
Theophylline	DRUG_COMBINATION	Riluzole
Theophylline	DRUG_COMBINATION	Zileuton
Theophylline	DRUG_COMBINATION	Testolactone
Theophylline	DRUG_COMBINATION	Maprotiline
Theophylline	DRUG_COMBINATION	Phenprocoumon
Theophylline	DRUG_COMBINATION	Pizotifen
Theophylline	DRUG_COMBINATION	Lacosamide
Theophylline	DRUG_COMBINATION	Eflornithine
Theophylline	DRUG_COMBINATION	Mardepodect
Theophylline	DRUG_COMBINATION	Brincidofovir
Theophylline	DRUG_COMBINATION	Clascoterone
Theophylline	DRUG_COMBINATION	Cortisone
Liothyronine	DRUG_COMBINATION	Formestane
Liothyronine	DRUG_COMBINATION	Rifampin
Liothyronine	DRUG_COMBINATION	Isoprenaline
Liothyronine	DRUG_COMBINATION	Leflunomide
Liothyronine	DRUG_COMBINATION	Etonogestrel
Liothyronine	DRUG_COMBINATION	Valproic acid
Liothyronine	DRUG_COMBINATION	Gefitinib
Liothyronine	DRUG_COMBINATION	Nitisinone
Liothyronine	DRUG_COMBINATION	Dantrolene
Liothyronine	DRUG_COMBINATION	Darunavir
Liothyronine	DRUG_COMBINATION	Sunitinib
Liothyronine	DRUG_COMBINATION	Methocarbamol
Liothyronine	DRUG_COMBINATION	Cerivastatin
Liothyronine	DRUG_COMBINATION	Levothyroxine
Liothyronine	DRUG_COMBINATION	Quinine
Liothyronine	DRUG_COMBINATION	Methotrexate
Liothyronine	DRUG_COMBINATION	Paromomycin
Liothyronine	DRUG_COMBINATION	Vinblastine
Liothyronine	DRUG_COMBINATION	Oxandrolone
Liothyronine	DRUG_COMBINATION	Efavirenz
Liothyronine	DRUG_COMBINATION	Oxyphenbutazone
Liothyronine	DRUG_COMBINATION	Acamprosate
Liothyronine	DRUG_COMBINATION	Sumatriptan
Liothyronine	DRUG_COMBINATION	Diethylcarbamazine
Liothyronine	DRUG_COMBINATION	Azatadine
Liothyronine	DRUG_COMBINATION	Pentamidine
Liothyronine	DRUG_COMBINATION	SN-38
Liothyronine	DRUG_COMBINATION	Metyrosine
Liothyronine	DRUG_COMBINATION	Acyclovir
Liothyronine	DRUG_COMBINATION	Trifluoperazine
Liothyronine	DRUG_COMBINATION	Chlorphenesin
Liothyronine	DRUG_COMBINATION	Repaglinide
Liothyronine	DRUG_COMBINATION	Doxorubicin
Liothyronine	DRUG_COMBINATION	Silver sulfadiazine
Liothyronine	DRUG_COMBINATION	Eflornithine
Liothyronine	DRUG_COMBINATION	Armodafinil
Liothyronine	DRUG_COMBINATION	Methylene blue
Liothyronine	DRUG_COMBINATION	Mardepodect
Liothyronine	DRUG_COMBINATION	Triapine
Liothyronine	DRUG_COMBINATION	Protirelin
Liothyronine	DRUG_COMBINATION	Anamorelin
Liothyronine	DRUG_COMBINATION	Modufolin
Disopyramide	DRUG_COMBINATION	Diltiazem
Disopyramide	DRUG_COMBINATION	Mefloquine
Disopyramide	DRUG_COMBINATION	Lumefantrine
Lidocaine	DRUG_COMBINATION	Dofetilide
Lidocaine	DRUG_COMBINATION	Morphine
Lidocaine	DRUG_COMBINATION	Ropivacaine
Lidocaine	DRUG_COMBINATION	Acetaminophen
Lidocaine	DRUG_COMBINATION	Sevoflurane
Lidocaine	DRUG_COMBINATION	Cefazolin
Lidocaine	DRUG_COMBINATION	Cisatracurium
Lidocaine	DRUG_COMBINATION	Sodium bicarbonate
Lidocaine	DRUG_COMBINATION	Diclofenac
Lidocaine	DRUG_COMBINATION	Magnesium sulfate
Lidocaine	DRUG_COMBINATION	Midazolam
Lidocaine	DRUG_COMBINATION	Sufentanil
Lidocaine	DRUG_COMBINATION	Nitroglycerin
Lidocaine	DRUG_COMBINATION	Sucrose
Lidocaine	DRUG_COMBINATION	Naproxen
Lidocaine	DRUG_COMBINATION	Propofol
Lidocaine	DRUG_COMBINATION	Nalbuphine
Lidocaine	DRUG_COMBINATION	Remifentanil
Lidocaine	DRUG_COMBINATION	Methylprednisolone
Pamidronic acid	DRUG_COMBINATION	Formestane
Pamidronic acid	DRUG_COMBINATION	Probenecid
Pamidronic acid	DRUG_COMBINATION	Diazoxide
Pamidronic acid	DRUG_COMBINATION	Bortezomib
Pamidronic acid	DRUG_COMBINATION	Gefitinib
Pamidronic acid	DRUG_COMBINATION	Chlorzoxazone
Pamidronic acid	DRUG_COMBINATION	Darunavir
Pamidronic acid	DRUG_COMBINATION	Zoledronic acid
Pamidronic acid	DRUG_COMBINATION	Quinine
Pamidronic acid	DRUG_COMBINATION	Entacapone
Pamidronic acid	DRUG_COMBINATION	Vorinostat
Pamidronic acid	DRUG_COMBINATION	Imatinib
Pamidronic acid	DRUG_COMBINATION	Efavirenz
Pamidronic acid	DRUG_COMBINATION	Dyphylline
Pamidronic acid	DRUG_COMBINATION	Pentamidine
Pamidronic acid	DRUG_COMBINATION	Isosorbide dinitrate
Pamidronic acid	DRUG_COMBINATION	Maprotiline
Clemastine	DRUG_COMBINATION	Idarubicin
Venlafaxine	DRUG_COMBINATION	Fingolimod
Travoprost	DRUG_COMBINATION	Idarubicin
Travoprost	DRUG_COMBINATION	Dexamethasone
Atomoxetine	DRUG_COMBINATION	Atomoxetine
Bleomycin	DRUG_COMBINATION	Ruxolitinib
Bleomycin	DRUG_COMBINATION	Formestane
Bleomycin	DRUG_COMBINATION	Pomalidomide
Bleomycin	DRUG_COMBINATION	Topotecan
Bleomycin	DRUG_COMBINATION	Mercaptopurine
Bleomycin	DRUG_COMBINATION	Fludarabine
Bleomycin	DRUG_COMBINATION	Quinacrine
Bleomycin	DRUG_COMBINATION	Bortezomib
Bleomycin	DRUG_COMBINATION	Chlorambucil
Bleomycin	DRUG_COMBINATION	Mitomycin
Bleomycin	DRUG_COMBINATION	Tioguanine
Bleomycin	DRUG_COMBINATION	Ifosfamide
Bleomycin	DRUG_COMBINATION	Dasatinib
Bleomycin	DRUG_COMBINATION	Lapatinib
Bleomycin	DRUG_COMBINATION	Sunitinib
Bleomycin	DRUG_COMBINATION	Valrubicin
Bleomycin	DRUG_COMBINATION	Sorafenib
Bleomycin	DRUG_COMBINATION	Raloxifene
Bleomycin	DRUG_COMBINATION	Altretamine
Bleomycin	DRUG_COMBINATION	Cisplatin
Bleomycin	DRUG_COMBINATION	Cyclophosphamide
Bleomycin	DRUG_COMBINATION	Pentostatin
Bleomycin	DRUG_COMBINATION	Methotrexate
Bleomycin	DRUG_COMBINATION	Digitoxin
Bleomycin	DRUG_COMBINATION	Imatinib
Bleomycin	DRUG_COMBINATION	Plicamycin
Bleomycin	DRUG_COMBINATION	Pralatrexate
Bleomycin	DRUG_COMBINATION	Uracil mustard
Bleomycin	DRUG_COMBINATION	Dacarbazine
Bleomycin	DRUG_COMBINATION	Sirolimus
Bleomycin	DRUG_COMBINATION	Mechlorethamine
Bleomycin	DRUG_COMBINATION	Azacitidine
Bleomycin	DRUG_COMBINATION	Isoniazid
Bleomycin	DRUG_COMBINATION	Ixabepilone
Bleomycin	DRUG_COMBINATION	Nilotinib
Bleomycin	DRUG_COMBINATION	Picoplatin
Bleomycin	DRUG_COMBINATION	Tamibarotene
Bleomycin	DRUG_COMBINATION	Amonafide
Bleomycin	DRUG_COMBINATION	Dactinomycin
Bleomycin	DRUG_COMBINATION	Busulfan
Bleomycin	DRUG_COMBINATION	Romidepsin
Bleomycin	DRUG_COMBINATION	Dinaciclib
Bleomycin	DRUG_COMBINATION	Panobinostat
Bleomycin	DRUG_COMBINATION	Terameprocol
Bleomycin	DRUG_COMBINATION	Crizotinib
Bleomycin	DRUG_COMBINATION	Liarozole
Bleomycin	DRUG_COMBINATION	Tretamine
Bleomycin	DRUG_COMBINATION	Navitoclax
Bleomycin	DRUG_COMBINATION	10-hydroxycamptothecin
Bleomycin	DRUG_COMBINATION	Modufolin
Bleomycin	DRUG_COMBINATION	Paxalisib
Bleomycin	DRUG_COMBINATION	Bleomycin
Chlorambucil	DRUG_COMBINATION	Sertraline
Chlorambucil	DRUG_COMBINATION	Bortezomib
Chlorambucil	DRUG_COMBINATION	Ifosfamide
Chlorambucil	DRUG_COMBINATION	Dantrolene
Chlorambucil	DRUG_COMBINATION	Imipramine
Chlorambucil	DRUG_COMBINATION	Cisplatin
Chlorambucil	DRUG_COMBINATION	Vorinostat
Chlorambucil	DRUG_COMBINATION	Genistein
Chlorambucil	DRUG_COMBINATION	Metaxalone
Chlorambucil	DRUG_COMBINATION	Aprepitant
Chlorambucil	DRUG_COMBINATION	Diethylcarbamazine
Chlorambucil	DRUG_COMBINATION	Riluzole
Chlorambucil	DRUG_COMBINATION	Niclosamide
Chlorambucil	DRUG_COMBINATION	Tiagabine
Chlorambucil	DRUG_COMBINATION	Fluspirilene
Chlorambucil	DRUG_COMBINATION	Ixabepilone
Chlorambucil	DRUG_COMBINATION	Cytarabine
Chlorambucil	DRUG_COMBINATION	Doxorubicin
Chlorambucil	DRUG_COMBINATION	Mardepodect
Chlorambucil	DRUG_COMBINATION	Brincidofovir
Chlorambucil	DRUG_COMBINATION	Danusertib
Etomidate	DRUG_COMBINATION	Leflunomide
Etomidate	DRUG_COMBINATION	Cilostazol
Etomidate	DRUG_COMBINATION	Kanamycin
Etomidate	DRUG_COMBINATION	Idarubicin
Etomidate	DRUG_COMBINATION	Fomepizole
Etomidate	DRUG_COMBINATION	Sevoflurane
Etomidate	DRUG_COMBINATION	Miglustat
Etomidate	DRUG_COMBINATION	Cerivastatin
Etomidate	DRUG_COMBINATION	Albendazole
Etomidate	DRUG_COMBINATION	Amiloride
Etomidate	DRUG_COMBINATION	Imatinib
Etomidate	DRUG_COMBINATION	Genistein
Etomidate	DRUG_COMBINATION	Clopidogrel
Etomidate	DRUG_COMBINATION	SN-38
Etomidate	DRUG_COMBINATION	Acyclovir
Etomidate	DRUG_COMBINATION	Tacrolimus
Etomidate	DRUG_COMBINATION	Maprotiline
Etomidate	DRUG_COMBINATION	Busulfan
Etomidate	DRUG_COMBINATION	Ciprofibrate
Etomidate	DRUG_COMBINATION	Lacosamide
Etomidate	DRUG_COMBINATION	Methylene blue
Etomidate	DRUG_COMBINATION	Dinaciclib
Raltitrexed	DRUG_COMBINATION	Ibrutinib
Etonogestrel	DRUG_COMBINATION	Isoprenaline
Etonogestrel	DRUG_COMBINATION	Citalopram
Etonogestrel	DRUG_COMBINATION	Gefitinib
Etonogestrel	DRUG_COMBINATION	Dihydroergotamine
Etonogestrel	DRUG_COMBINATION	Chlorzoxazone
Etonogestrel	DRUG_COMBINATION	Idarubicin
Etonogestrel	DRUG_COMBINATION	Sunitinib
Etonogestrel	DRUG_COMBINATION	Hydralazine
Etonogestrel	DRUG_COMBINATION	Cerivastatin
Etonogestrel	DRUG_COMBINATION	Enoxacin
Etonogestrel	DRUG_COMBINATION	Methotrexate
Etonogestrel	DRUG_COMBINATION	Vinblastine
Etonogestrel	DRUG_COMBINATION	Trimethobenzamide
Etonogestrel	DRUG_COMBINATION	Epinephrine
Etonogestrel	DRUG_COMBINATION	Sumatriptan
Etonogestrel	DRUG_COMBINATION	Riluzole
Etonogestrel	DRUG_COMBINATION	SN-38
Etonogestrel	DRUG_COMBINATION	Metyrosine
Etonogestrel	DRUG_COMBINATION	Estradiol
Etonogestrel	DRUG_COMBINATION	Maprotiline
Etonogestrel	DRUG_COMBINATION	Phenprocoumon
Etonogestrel	DRUG_COMBINATION	Pizotifen
Etonogestrel	DRUG_COMBINATION	Triapine
Etonogestrel	DRUG_COMBINATION	Brincidofovir
Etonogestrel	DRUG_COMBINATION	Terameprocol
Etonogestrel	DRUG_COMBINATION	Emetine
Etonogestrel	DRUG_COMBINATION	Clascoterone
Morphine	DRUG_COMBINATION	Ropivacaine
Morphine	DRUG_COMBINATION	Acetaminophen
Morphine	DRUG_COMBINATION	Methadone
Morphine	DRUG_COMBINATION	Midazolam
Morphine	DRUG_COMBINATION	Sufentanil
Morphine	DRUG_COMBINATION	Remifentanil
Ropivacaine	DRUG_COMBINATION	Acetaminophen
Ropivacaine	DRUG_COMBINATION	Sevoflurane
Ropivacaine	DRUG_COMBINATION	Sufentanil
Ertapenem	DRUG_COMBINATION	Amoxicillin
Ertapenem	DRUG_COMBINATION	Ceftriaxone
Ertapenem	DRUG_COMBINATION	Meropenem
Mitomycin	DRUG_COMBINATION	Ruxolitinib
Mitomycin	DRUG_COMBINATION	Carfilzomib
Mitomycin	DRUG_COMBINATION	Capecitabine
Mitomycin	DRUG_COMBINATION	Bortezomib
Mitomycin	DRUG_COMBINATION	Chlorambucil
Mitomycin	DRUG_COMBINATION	Idarubicin
Mitomycin	DRUG_COMBINATION	Ifosfamide
Mitomycin	DRUG_COMBINATION	Docetaxel
Mitomycin	DRUG_COMBINATION	Dasatinib
Mitomycin	DRUG_COMBINATION	Lapatinib
Mitomycin	DRUG_COMBINATION	Sunitinib
Mitomycin	DRUG_COMBINATION	Sorafenib
Mitomycin	DRUG_COMBINATION	Cisplatin
Mitomycin	DRUG_COMBINATION	Erlotinib
Mitomycin	DRUG_COMBINATION	Pentostatin
Mitomycin	DRUG_COMBINATION	Everolimus
Mitomycin	DRUG_COMBINATION	Pralatrexate
Mitomycin	DRUG_COMBINATION	Etoposide
Mitomycin	DRUG_COMBINATION	Ixabepilone
Mitomycin	DRUG_COMBINATION	Doxorubicin
Mitomycin	DRUG_COMBINATION	TG-100801
Mitomycin	DRUG_COMBINATION	Mirdametinib
Mitomycin	DRUG_COMBINATION	Bardoxolone methyl
Mitomycin	DRUG_COMBINATION	Romidepsin
Mitomycin	DRUG_COMBINATION	Ibrutinib
Mitomycin	DRUG_COMBINATION	Ridaforolimus
Mitomycin	DRUG_COMBINATION	Onalespib
Mitomycin	DRUG_COMBINATION	MK-8776
Mitomycin	DRUG_COMBINATION	Dinaciclib
Mitomycin	DRUG_COMBINATION	Panobinostat
Mitomycin	DRUG_COMBINATION	Dactolisib
Mitomycin	DRUG_COMBINATION	Adavosertib
Mitomycin	DRUG_COMBINATION	JQ1
Mitomycin	DRUG_COMBINATION	Abexinostat
Mitomycin	DRUG_COMBINATION	Paxalisib
Mitomycin	DRUG_COMBINATION	Eltanexor
Mitomycin	DRUG_COMBINATION	Formononetin
Mitomycin	DRUG_COMBINATION	Molibresib
Mitomycin	DRUG_COMBINATION	Citarinostat
Mitomycin	DRUG_COMBINATION	Niraparib
Mitomycin	DRUG_COMBINATION	Entinostat
Mitomycin	DRUG_COMBINATION	MK-2206
Bexarotene	DRUG_COMBINATION	Capecitabine
Bexarotene	DRUG_COMBINATION	Decitabine
Bexarotene	DRUG_COMBINATION	Vorinostat
Ibutilide	DRUG_COMBINATION	Ruxolitinib
Ibutilide	DRUG_COMBINATION	Iloprost
Ibutilide	DRUG_COMBINATION	Diazoxide
Ibutilide	DRUG_COMBINATION	Diclofenamide
Ibutilide	DRUG_COMBINATION	Gefitinib
Ibutilide	DRUG_COMBINATION	Dantrolene
Ibutilide	DRUG_COMBINATION	Docetaxel
Ibutilide	DRUG_COMBINATION	Spironolactone
Ibutilide	DRUG_COMBINATION	Allopurinol
Ibutilide	DRUG_COMBINATION	Acitretin
Ibutilide	DRUG_COMBINATION	Quinine
Ibutilide	DRUG_COMBINATION	Cisatracurium
Ibutilide	DRUG_COMBINATION	Everolimus
Ibutilide	DRUG_COMBINATION	Cilastatin
Ibutilide	DRUG_COMBINATION	Hydroxychloroquine
Ibutilide	DRUG_COMBINATION	Mebutamate
Ibutilide	DRUG_COMBINATION	Metyrosine
Ibutilide	DRUG_COMBINATION	Tolazoline
Ibutilide	DRUG_COMBINATION	Maprotiline
Ibutilide	DRUG_COMBINATION	Doxorubicin
Ibutilide	DRUG_COMBINATION	Methylene blue
Ibutilide	DRUG_COMBINATION	Panobinostat
Ibutilide	DRUG_COMBINATION	Brincidofovir
Ibutilide	DRUG_COMBINATION	Emetine
Ibutilide	DRUG_COMBINATION	Modufolin
Chlorthalidone	DRUG_COMBINATION	Amlodipine
Chlorthalidone	DRUG_COMBINATION	Spironolactone
Chlorthalidone	DRUG_COMBINATION	Amiloride
Chlorthalidone	DRUG_COMBINATION	Furosemide
Chlorthalidone	DRUG_COMBINATION	Lisinopril
Chlorthalidone	DRUG_COMBINATION	Indapamide
Chlorthalidone	DRUG_COMBINATION	Bumetanide
Chlorthalidone	DRUG_COMBINATION	Telmisartan
Chlorthalidone	DRUG_COMBINATION	Hydrochlorothiazide
Valproic acid	DRUG_COMBINATION	Guanfacine
Valproic acid	DRUG_COMBINATION	Capecitabine
Valproic acid	DRUG_COMBINATION	Bortezomib
Valproic acid	DRUG_COMBINATION	Cefmenoxime
Valproic acid	DRUG_COMBINATION	Gefitinib
Valproic acid	DRUG_COMBINATION	Ethambutol
Valproic acid	DRUG_COMBINATION	Idarubicin
Valproic acid	DRUG_COMBINATION	Fomepizole
Valproic acid	DRUG_COMBINATION	Dantrolene
Valproic acid	DRUG_COMBINATION	Dasatinib
Valproic acid	DRUG_COMBINATION	Sunitinib
Valproic acid	DRUG_COMBINATION	Cerivastatin
Valproic acid	DRUG_COMBINATION	Quinine
Valproic acid	DRUG_COMBINATION	Cisatracurium
Valproic acid	DRUG_COMBINATION	Vorinostat
Valproic acid	DRUG_COMBINATION	Vinblastine
Valproic acid	DRUG_COMBINATION	Amiloride
Valproic acid	DRUG_COMBINATION	Furazolidone
Valproic acid	DRUG_COMBINATION	Imatinib
Valproic acid	DRUG_COMBINATION	Ursodeoxycholic acid
Valproic acid	DRUG_COMBINATION	Epinephrine
Valproic acid	DRUG_COMBINATION	Zileuton
Valproic acid	DRUG_COMBINATION	Tolazoline
Valproic acid	DRUG_COMBINATION	Azacitidine
Valproic acid	DRUG_COMBINATION	Maprotiline
Valproic acid	DRUG_COMBINATION	Fluspirilene
Valproic acid	DRUG_COMBINATION	Methylene blue
Valproic acid	DRUG_COMBINATION	Triapine
Valproic acid	DRUG_COMBINATION	Terameprocol
Valproic acid	DRUG_COMBINATION	Artemisinin
Valproic acid	DRUG_COMBINATION	Modufolin
Zolmitriptan	DRUG_COMBINATION	Idarubicin
Zolmitriptan	DRUG_COMBINATION	Cocaine
Acetaminophen	DRUG_COMBINATION	Indomethacin
Acetaminophen	DRUG_COMBINATION	Bromocriptine
Acetaminophen	DRUG_COMBINATION	Phenylephrine
Acetaminophen	DRUG_COMBINATION	Meperidine
Acetaminophen	DRUG_COMBINATION	Oxycodone
Acetaminophen	DRUG_COMBINATION	Naproxen
Acetaminophen	DRUG_COMBINATION	Acetylcysteine
Acetaminophen	DRUG_COMBINATION	Lornoxicam
Gefitinib	DRUG_COMBINATION	Daidzin
Gefitinib	DRUG_COMBINATION	Vemurafenib
Gefitinib	DRUG_COMBINATION	Formestane
Gefitinib	DRUG_COMBINATION	Pomalidomide
Gefitinib	DRUG_COMBINATION	Guanfacine
Gefitinib	DRUG_COMBINATION	Topotecan
Gefitinib	DRUG_COMBINATION	Mercaptopurine
Gefitinib	DRUG_COMBINATION	Memantine
Gefitinib	DRUG_COMBINATION	Fludarabine
Gefitinib	DRUG_COMBINATION	Capecitabine
Gefitinib	DRUG_COMBINATION	Quinacrine
Gefitinib	DRUG_COMBINATION	Sertraline
Gefitinib	DRUG_COMBINATION	Desoxycorticosterone pivalate
Gefitinib	DRUG_COMBINATION	Sulfinpyrazone
Gefitinib	DRUG_COMBINATION	Bortezomib
Gefitinib	DRUG_COMBINATION	Oseltamivir
Gefitinib	DRUG_COMBINATION	Crotamiton
Gefitinib	DRUG_COMBINATION	Bleomycin
Gefitinib	DRUG_COMBINATION	Chlorambucil
Gefitinib	DRUG_COMBINATION	Mitomycin
Gefitinib	DRUG_COMBINATION	Dihydroergotamine
Gefitinib	DRUG_COMBINATION	Tioguanine
Gefitinib	DRUG_COMBINATION	Methylergometrine
Gefitinib	DRUG_COMBINATION	Mefloquine
Gefitinib	DRUG_COMBINATION	Vinorelbine
Gefitinib	DRUG_COMBINATION	Cilostazol
Gefitinib	DRUG_COMBINATION	Procarbazine
Gefitinib	DRUG_COMBINATION	Idarubicin
Gefitinib	DRUG_COMBINATION	Ifosfamide
Gefitinib	DRUG_COMBINATION	Estramustine
Gefitinib	DRUG_COMBINATION	Anastrozole
Gefitinib	DRUG_COMBINATION	Paclitaxel
Gefitinib	DRUG_COMBINATION	Dexamethasone
Gefitinib	DRUG_COMBINATION	Docetaxel
Gefitinib	DRUG_COMBINATION	Dasatinib
Gefitinib	DRUG_COMBINATION	Lapatinib
Gefitinib	DRUG_COMBINATION	Sunitinib
Gefitinib	DRUG_COMBINATION	Palonosetron
Gefitinib	DRUG_COMBINATION	Dexrazoxane
Gefitinib	DRUG_COMBINATION	Triamterene
Gefitinib	DRUG_COMBINATION	Valrubicin
Gefitinib	DRUG_COMBINATION	Sorafenib
Gefitinib	DRUG_COMBINATION	Acetohexamide
Gefitinib	DRUG_COMBINATION	Miglustat
Gefitinib	DRUG_COMBINATION	Trifluridine
Gefitinib	DRUG_COMBINATION	Cerivastatin
Gefitinib	DRUG_COMBINATION	Acitretin
Gefitinib	DRUG_COMBINATION	Raloxifene
Gefitinib	DRUG_COMBINATION	Celecoxib
Gefitinib	DRUG_COMBINATION	Nabilone
Gefitinib	DRUG_COMBINATION	Altretamine
Gefitinib	DRUG_COMBINATION	Cisplatin
Gefitinib	DRUG_COMBINATION	Erlotinib
Gefitinib	DRUG_COMBINATION	Cyclophosphamide
Gefitinib	DRUG_COMBINATION	Pentostatin
Gefitinib	DRUG_COMBINATION	Methotrexate
Gefitinib	DRUG_COMBINATION	Digitoxin
Gefitinib	DRUG_COMBINATION	Vorinostat
Gefitinib	DRUG_COMBINATION	Furazolidone
Gefitinib	DRUG_COMBINATION	Imatinib
Gefitinib	DRUG_COMBINATION	Efavirenz
Gefitinib	DRUG_COMBINATION	Everolimus
Gefitinib	DRUG_COMBINATION	Genistein
Gefitinib	DRUG_COMBINATION	Simvastatin
Gefitinib	DRUG_COMBINATION	Pemetrexed
Gefitinib	DRUG_COMBINATION	Dyphylline
Gefitinib	DRUG_COMBINATION	Trimethobenzamide
Gefitinib	DRUG_COMBINATION	Aprepitant
Gefitinib	DRUG_COMBINATION	Galantamine
Gefitinib	DRUG_COMBINATION	Tamoxifen
Gefitinib	DRUG_COMBINATION	Diethylcarbamazine
Gefitinib	DRUG_COMBINATION	Risperidone
Gefitinib	DRUG_COMBINATION	Pentamidine
Gefitinib	DRUG_COMBINATION	Clopidogrel
Gefitinib	DRUG_COMBINATION	Mebutamate
Gefitinib	DRUG_COMBINATION	Plicamycin
Gefitinib	DRUG_COMBINATION	Pralatrexate
Gefitinib	DRUG_COMBINATION	Raltegravir
Gefitinib	DRUG_COMBINATION	Acyclovir
Gefitinib	DRUG_COMBINATION	Uracil mustard
Gefitinib	DRUG_COMBINATION	Trifluoperazine
Gefitinib	DRUG_COMBINATION	Mifepristone
Gefitinib	DRUG_COMBINATION	Dacarbazine
Gefitinib	DRUG_COMBINATION	Sirolimus
Gefitinib	DRUG_COMBINATION	Bumetanide
Gefitinib	DRUG_COMBINATION	Mechlorethamine
Gefitinib	DRUG_COMBINATION	Repaglinide
Gefitinib	DRUG_COMBINATION	Azacitidine
Gefitinib	DRUG_COMBINATION	Maprotiline
Gefitinib	DRUG_COMBINATION	Meclofenamic acid
Gefitinib	DRUG_COMBINATION	Fulvestrant
Gefitinib	DRUG_COMBINATION	Isoniazid
Gefitinib	DRUG_COMBINATION	Fluspirilene
Gefitinib	DRUG_COMBINATION	Ixabepilone
Gefitinib	DRUG_COMBINATION	Nilotinib
Gefitinib	DRUG_COMBINATION	Picoplatin
Gefitinib	DRUG_COMBINATION	Tamibarotene
Gefitinib	DRUG_COMBINATION	Amonafide
Gefitinib	DRUG_COMBINATION	Dactinomycin
Gefitinib	DRUG_COMBINATION	Cytarabine
Gefitinib	DRUG_COMBINATION	Letrozole
Gefitinib	DRUG_COMBINATION	Busulfan
Gefitinib	DRUG_COMBINATION	Romidepsin
Gefitinib	DRUG_COMBINATION	Silver sulfadiazine
Gefitinib	DRUG_COMBINATION	Ciprofibrate
Gefitinib	DRUG_COMBINATION	Lacosamide
Gefitinib	DRUG_COMBINATION	Mardepodect
Gefitinib	DRUG_COMBINATION	Anlotinib
Gefitinib	DRUG_COMBINATION	Triapine
Gefitinib	DRUG_COMBINATION	Dinaciclib
Gefitinib	DRUG_COMBINATION	Savolitinib
Gefitinib	DRUG_COMBINATION	Osimertinib
Gefitinib	DRUG_COMBINATION	Anamorelin
Gefitinib	DRUG_COMBINATION	Vinpocetine
Gefitinib	DRUG_COMBINATION	Carglumic acid
Gefitinib	DRUG_COMBINATION	Terameprocol
Gefitinib	DRUG_COMBINATION	Crizotinib
Gefitinib	DRUG_COMBINATION	Liarozole
Gefitinib	DRUG_COMBINATION	Tretamine
Gefitinib	DRUG_COMBINATION	Fruquintinib
Gefitinib	DRUG_COMBINATION	10-hydroxycamptothecin
Gefitinib	DRUG_COMBINATION	Tepotinib
Gefitinib	DRUG_COMBINATION	Modufolin
Gefitinib	DRUG_COMBINATION	K-134
Gefitinib	DRUG_COMBINATION	Nazartinib
Gefitinib	DRUG_COMBINATION	Capmatinib
Codeine	DRUG_COMBINATION	Acetaminophen
Codeine	DRUG_COMBINATION	Naloxegol
Dihydroergotamine	DRUG_COMBINATION	Leflunomide
Dihydroergotamine	DRUG_COMBINATION	Diazoxide
Dihydroergotamine	DRUG_COMBINATION	Proguanil
Dihydroergotamine	DRUG_COMBINATION	Mesalazine
Dihydroergotamine	DRUG_COMBINATION	Valproic acid
Dihydroergotamine	DRUG_COMBINATION	Olanzapine
Dihydroergotamine	DRUG_COMBINATION	Diltiazem
Dihydroergotamine	DRUG_COMBINATION	Nitisinone
Dihydroergotamine	DRUG_COMBINATION	Mefloquine
Dihydroergotamine	DRUG_COMBINATION	Kanamycin
Dihydroergotamine	DRUG_COMBINATION	Docetaxel
Dihydroergotamine	DRUG_COMBINATION	Miglustat
Dihydroergotamine	DRUG_COMBINATION	Methocarbamol
Dihydroergotamine	DRUG_COMBINATION	Enoxacin
Dihydroergotamine	DRUG_COMBINATION	Quinine
Dihydroergotamine	DRUG_COMBINATION	Ritonavir
Dihydroergotamine	DRUG_COMBINATION	Doxapram
Dihydroergotamine	DRUG_COMBINATION	4-Hydroxy-3,5-Dimethyl-5-(2-Methyl-Buta-1,3-Dienyl)-5h-Thiophen-2-One
Dihydroergotamine	DRUG_COMBINATION	Vorinostat
Dihydroergotamine	DRUG_COMBINATION	Vinblastine
Dihydroergotamine	DRUG_COMBINATION	Genistein
Dihydroergotamine	DRUG_COMBINATION	Verapamil
Dihydroergotamine	DRUG_COMBINATION	Trimethobenzamide
Dihydroergotamine	DRUG_COMBINATION	Azatadine
Dihydroergotamine	DRUG_COMBINATION	Zileuton
Dihydroergotamine	DRUG_COMBINATION	SN-38
Dihydroergotamine	DRUG_COMBINATION	Raltegravir
Dihydroergotamine	DRUG_COMBINATION	Metyrosine
Dihydroergotamine	DRUG_COMBINATION	Pizotifen
Dihydroergotamine	DRUG_COMBINATION	Aliskiren
Dihydroergotamine	DRUG_COMBINATION	Methylene blue
Dihydroergotamine	DRUG_COMBINATION	Artemether
Dihydroergotamine	DRUG_COMBINATION	Lumefantrine
Dihydroergotamine	DRUG_COMBINATION	Sarpogrelate
Dihydroergotamine	DRUG_COMBINATION	Bifemelane
Dihydroergotamine	DRUG_COMBINATION	Modufolin
Amitriptyline	DRUG_COMBINATION	Tolterodine
Floxuridine	DRUG_COMBINATION	Idarubicin
Floxuridine	DRUG_COMBINATION	Dexamethasone
Floxuridine	DRUG_COMBINATION	Docetaxel
Floxuridine	DRUG_COMBINATION	Irinotecan
Tolcapone	DRUG_COMBINATION	Panobinostat
Fluorometholone	DRUG_COMBINATION	Dexamethasone
Fluorometholone	DRUG_COMBINATION	Tobramycin
Hydromorphone	DRUG_COMBINATION	Morphine
Hydromorphone	DRUG_COMBINATION	Ropivacaine
Hydromorphone	DRUG_COMBINATION	Acetaminophen
Indomethacin	DRUG_COMBINATION	Idarubicin
Indomethacin	DRUG_COMBINATION	Tacrolimus
Ethambutol	DRUG_COMBINATION	Topotecan
Ethambutol	DRUG_COMBINATION	Probenecid
Ethambutol	DRUG_COMBINATION	Azithromycin
Ethambutol	DRUG_COMBINATION	Etonogestrel
Ethambutol	DRUG_COMBINATION	Gefitinib
Ethambutol	DRUG_COMBINATION	Olanzapine
Ethambutol	DRUG_COMBINATION	Atenolol
Ethambutol	DRUG_COMBINATION	Chlorzoxazone
Ethambutol	DRUG_COMBINATION	Mefloquine
Ethambutol	DRUG_COMBINATION	Idarubicin
Ethambutol	DRUG_COMBINATION	Estramustine
Ethambutol	DRUG_COMBINATION	Sunitinib
Ethambutol	DRUG_COMBINATION	Sorafenib
Ethambutol	DRUG_COMBINATION	Methocarbamol
Ethambutol	DRUG_COMBINATION	Cerivastatin
Ethambutol	DRUG_COMBINATION	Albendazole
Ethambutol	DRUG_COMBINATION	Methotrexate
Ethambutol	DRUG_COMBINATION	Vinblastine
Ethambutol	DRUG_COMBINATION	Genistein
Ethambutol	DRUG_COMBINATION	Metaxalone
Ethambutol	DRUG_COMBINATION	Pentamidine
Ethambutol	DRUG_COMBINATION	Niclosamide
Ethambutol	DRUG_COMBINATION	Primidone
Ethambutol	DRUG_COMBINATION	Doxorubicin
Ethambutol	DRUG_COMBINATION	Pizotifen
Ethambutol	DRUG_COMBINATION	Methylene blue
Ethambutol	DRUG_COMBINATION	Brincidofovir
Metformin	DRUG_COMBINATION	Daidzin
Metformin	DRUG_COMBINATION	Linagliptin
Metformin	DRUG_COMBINATION	Canagliflozin
Metformin	DRUG_COMBINATION	Glipizide
Metformin	DRUG_COMBINATION	Leflunomide
Metformin	DRUG_COMBINATION	Leucine
Metformin	DRUG_COMBINATION	Fluvoxamine
Metformin	DRUG_COMBINATION	Bortezomib
Metformin	DRUG_COMBINATION	Gefitinib
Metformin	DRUG_COMBINATION	Mefloquine
Metformin	DRUG_COMBINATION	Kanamycin
Metformin	DRUG_COMBINATION	Idarubicin
Metformin	DRUG_COMBINATION	Dasatinib
Metformin	DRUG_COMBINATION	Lapatinib
Metformin	DRUG_COMBINATION	Sitagliptin
Metformin	DRUG_COMBINATION	Sunitinib
Metformin	DRUG_COMBINATION	Sorafenib
Metformin	DRUG_COMBINATION	Rosiglitazone
Metformin	DRUG_COMBINATION	Quinine
Metformin	DRUG_COMBINATION	Cimetidine
Metformin	DRUG_COMBINATION	Erlotinib
Metformin	DRUG_COMBINATION	Cisatracurium
Metformin	DRUG_COMBINATION	Hydroxychloroquine
Metformin	DRUG_COMBINATION	Dyphylline
Metformin	DRUG_COMBINATION	Riluzole
Metformin	DRUG_COMBINATION	Clopidogrel
Metformin	DRUG_COMBINATION	Metyrosine
Metformin	DRUG_COMBINATION	Acyclovir
Metformin	DRUG_COMBINATION	Maprotiline
Metformin	DRUG_COMBINATION	Acetylsalicylic acid
Metformin	DRUG_COMBINATION	Vildagliptin
Metformin	DRUG_COMBINATION	Voglibose
Metformin	DRUG_COMBINATION	Cytarabine
Metformin	DRUG_COMBINATION	Mirdametinib
Metformin	DRUG_COMBINATION	Empagliflozin
Metformin	DRUG_COMBINATION	Ridaforolimus
Metformin	DRUG_COMBINATION	Vandetanib
Metformin	DRUG_COMBINATION	Dapagliflozin
Metformin	DRUG_COMBINATION	Saxagliptin
Metformin	DRUG_COMBINATION	Eslicarbazepine acetate
Metformin	DRUG_COMBINATION	Methylene blue
Metformin	DRUG_COMBINATION	MK-8776
Metformin	DRUG_COMBINATION	Triapine
Metformin	DRUG_COMBINATION	Dinaciclib
Metformin	DRUG_COMBINATION	Enclomiphene
Metformin	DRUG_COMBINATION	Isavuconazole
Metformin	DRUG_COMBINATION	Dactolisib
Metformin	DRUG_COMBINATION	Ipragliflozin
Metformin	DRUG_COMBINATION	Adavosertib
Metformin	DRUG_COMBINATION	Modufolin
Metformin	DRUG_COMBINATION	Molibresib
Metformin	DRUG_COMBINATION	Niraparib
Metformin	DRUG_COMBINATION	MK-2206
Methadone	DRUG_COMBINATION	Phenobarbital
Methadone	DRUG_COMBINATION	Modafinil
Olanzapine	DRUG_COMBINATION	Probenecid
Olanzapine	DRUG_COMBINATION	Clonazepam
Olanzapine	DRUG_COMBINATION	Diazoxide
Olanzapine	DRUG_COMBINATION	Mesalazine
Olanzapine	DRUG_COMBINATION	Etomidate
Olanzapine	DRUG_COMBINATION	Valproic acid
Olanzapine	DRUG_COMBINATION	Idarubicin
Olanzapine	DRUG_COMBINATION	Darunavir
Olanzapine	DRUG_COMBINATION	Hydralazine
Olanzapine	DRUG_COMBINATION	Spironolactone
Olanzapine	DRUG_COMBINATION	Quinine
Olanzapine	DRUG_COMBINATION	Fenoprofen
Olanzapine	DRUG_COMBINATION	Imatinib
Olanzapine	DRUG_COMBINATION	Efavirenz
Olanzapine	DRUG_COMBINATION	Everolimus
Olanzapine	DRUG_COMBINATION	Oxyphenbutazone
Olanzapine	DRUG_COMBINATION	Trimethobenzamide
Olanzapine	DRUG_COMBINATION	Moricizine
Olanzapine	DRUG_COMBINATION	Zileuton
Olanzapine	DRUG_COMBINATION	Mebutamate
Olanzapine	DRUG_COMBINATION	Tiagabine
Olanzapine	DRUG_COMBINATION	Buprenorphine
Olanzapine	DRUG_COMBINATION	Maprotiline
Olanzapine	DRUG_COMBINATION	Cytarabine
Olanzapine	DRUG_COMBINATION	Amisulpride
Olanzapine	DRUG_COMBINATION	Triapine
Olanzapine	DRUG_COMBINATION	Panobinostat
Olanzapine	DRUG_COMBINATION	Brincidofovir
Olanzapine	DRUG_COMBINATION	Emetine
Olanzapine	DRUG_COMBINATION	Modufolin
Atenolol	DRUG_COMBINATION	Iloprost
Atenolol	DRUG_COMBINATION	Pamidronic acid
Atenolol	DRUG_COMBINATION	Chlorzoxazone
Atenolol	DRUG_COMBINATION	Clindamycin
Atenolol	DRUG_COMBINATION	Docetaxel
Atenolol	DRUG_COMBINATION	Darunavir
Atenolol	DRUG_COMBINATION	Triamterene
Atenolol	DRUG_COMBINATION	Miglustat
Atenolol	DRUG_COMBINATION	Cerivastatin
Atenolol	DRUG_COMBINATION	Acitretin
Atenolol	DRUG_COMBINATION	Imatinib
Atenolol	DRUG_COMBINATION	Mecamylamine
Atenolol	DRUG_COMBINATION	Sumatriptan
Atenolol	DRUG_COMBINATION	Diethylcarbamazine
Atenolol	DRUG_COMBINATION	Metyrosine
Atenolol	DRUG_COMBINATION	Acyclovir
Atenolol	DRUG_COMBINATION	Tiagabine
Atenolol	DRUG_COMBINATION	Methylene blue
Atenolol	DRUG_COMBINATION	Mardepodect
Atenolol	DRUG_COMBINATION	Triapine
Atenolol	DRUG_COMBINATION	Brincidofovir
Atenolol	DRUG_COMBINATION	Emetine
Atenolol	DRUG_COMBINATION	Modufolin
Atenolol	DRUG_COMBINATION	Atenolol
Omeprazole	DRUG_COMBINATION	Boceprevir
Omeprazole	DRUG_COMBINATION	Linaclotide
Omeprazole	DRUG_COMBINATION	Regorafenib
Omeprazole	DRUG_COMBINATION	Amoxicillin
Omeprazole	DRUG_COMBINATION	Pantoprazole
Omeprazole	DRUG_COMBINATION	Mitomycin
Omeprazole	DRUG_COMBINATION	Idarubicin
Omeprazole	DRUG_COMBINATION	Clarithromycin
Omeprazole	DRUG_COMBINATION	Allopurinol
Omeprazole	DRUG_COMBINATION	Cyclophosphamide
Omeprazole	DRUG_COMBINATION	Etoricoxib
Omeprazole	DRUG_COMBINATION	Esomeprazole
Omeprazole	DRUG_COMBINATION	Raltegravir
Omeprazole	DRUG_COMBINATION	Febuxostat
Omeprazole	DRUG_COMBINATION	Ibrutinib
Omeprazole	DRUG_COMBINATION	Vandetanib
Omeprazole	DRUG_COMBINATION	Danirixin
Omeprazole	DRUG_COMBINATION	Telotristat ethyl
Omeprazole	DRUG_COMBINATION	Samatasvir
Omeprazole	DRUG_COMBINATION	Risdiplam
Omeprazole	DRUG_COMBINATION	Fluticasone
Omeprazole	DRUG_COMBINATION	Semaglutide
Pyrazinamide	DRUG_COMBINATION	Daidzin
Pyrazinamide	DRUG_COMBINATION	Teriflunomide
Pyrazinamide	DRUG_COMBINATION	Carfilzomib
Pyrazinamide	DRUG_COMBINATION	Guanfacine
Pyrazinamide	DRUG_COMBINATION	Probenecid
Pyrazinamide	DRUG_COMBINATION	Rifampin
Pyrazinamide	DRUG_COMBINATION	Abacavir
Pyrazinamide	DRUG_COMBINATION	Novobiocin
Pyrazinamide	DRUG_COMBINATION	Isoprenaline
Pyrazinamide	DRUG_COMBINATION	Iloprost
Pyrazinamide	DRUG_COMBINATION	Leflunomide
Pyrazinamide	DRUG_COMBINATION	Sertraline
Pyrazinamide	DRUG_COMBINATION	Diazoxide
Pyrazinamide	DRUG_COMBINATION	Citalopram
Pyrazinamide	DRUG_COMBINATION	Theophylline
Pyrazinamide	DRUG_COMBINATION	Pamidronic acid
Pyrazinamide	DRUG_COMBINATION	Etomidate
Pyrazinamide	DRUG_COMBINATION	Etonogestrel
Pyrazinamide	DRUG_COMBINATION	Methylergometrine
Pyrazinamide	DRUG_COMBINATION	Chlorzoxazone
Pyrazinamide	DRUG_COMBINATION	Terazosin
Pyrazinamide	DRUG_COMBINATION	Kanamycin
Pyrazinamide	DRUG_COMBINATION	Idarubicin
Pyrazinamide	DRUG_COMBINATION	Estramustine
Pyrazinamide	DRUG_COMBINATION	Dantrolene
Pyrazinamide	DRUG_COMBINATION	Diphenidol
Pyrazinamide	DRUG_COMBINATION	Docetaxel
Pyrazinamide	DRUG_COMBINATION	Sunitinib
Pyrazinamide	DRUG_COMBINATION	Palonosetron
Pyrazinamide	DRUG_COMBINATION	Pramipexole
Pyrazinamide	DRUG_COMBINATION	Acetohexamide
Pyrazinamide	DRUG_COMBINATION	Methocarbamol
Pyrazinamide	DRUG_COMBINATION	Allopurinol
Pyrazinamide	DRUG_COMBINATION	Imipramine
Pyrazinamide	DRUG_COMBINATION	Quinine
Pyrazinamide	DRUG_COMBINATION	Celecoxib
Pyrazinamide	DRUG_COMBINATION	Nabilone
Pyrazinamide	DRUG_COMBINATION	Buspirone
Pyrazinamide	DRUG_COMBINATION	Triflupromazine
Pyrazinamide	DRUG_COMBINATION	Mephenytoin
Pyrazinamide	DRUG_COMBINATION	Methoxsalen
Pyrazinamide	DRUG_COMBINATION	Bosentan
Pyrazinamide	DRUG_COMBINATION	Doxapram
Pyrazinamide	DRUG_COMBINATION	Methotrexate
Pyrazinamide	DRUG_COMBINATION	Vinblastine
Pyrazinamide	DRUG_COMBINATION	Fenoprofen
Pyrazinamide	DRUG_COMBINATION	Furazolidone
Pyrazinamide	DRUG_COMBINATION	Imatinib
Pyrazinamide	DRUG_COMBINATION	Oxandrolone
Pyrazinamide	DRUG_COMBINATION	Efavirenz
Pyrazinamide	DRUG_COMBINATION	Cilastatin
Pyrazinamide	DRUG_COMBINATION	Hydroxychloroquine
Pyrazinamide	DRUG_COMBINATION	Pargyline
Pyrazinamide	DRUG_COMBINATION	Genistein
Pyrazinamide	DRUG_COMBINATION	Oxyphenbutazone
Pyrazinamide	DRUG_COMBINATION	Dyphylline
Pyrazinamide	DRUG_COMBINATION	Metaxalone
Pyrazinamide	DRUG_COMBINATION	Galantamine
Pyrazinamide	DRUG_COMBINATION	Moricizine
Pyrazinamide	DRUG_COMBINATION	Naltrexone
Pyrazinamide	DRUG_COMBINATION	Diethylcarbamazine
Pyrazinamide	DRUG_COMBINATION	Pentamidine
Pyrazinamide	DRUG_COMBINATION	Clopidogrel
Pyrazinamide	DRUG_COMBINATION	SN-38
Pyrazinamide	DRUG_COMBINATION	Mebutamate
Pyrazinamide	DRUG_COMBINATION	Niclosamide
Pyrazinamide	DRUG_COMBINATION	Raltegravir
Pyrazinamide	DRUG_COMBINATION	Metyrosine
Pyrazinamide	DRUG_COMBINATION	Primidone
Pyrazinamide	DRUG_COMBINATION	Trifluoperazine
Pyrazinamide	DRUG_COMBINATION	Phensuximide
Pyrazinamide	DRUG_COMBINATION	Chlorphenesin
Pyrazinamide	DRUG_COMBINATION	Tacrolimus
Pyrazinamide	DRUG_COMBINATION	Isosorbide dinitrate
Pyrazinamide	DRUG_COMBINATION	Sulfapyridine
Pyrazinamide	DRUG_COMBINATION	Tiagabine
Pyrazinamide	DRUG_COMBINATION	Tinidazole
Pyrazinamide	DRUG_COMBINATION	Repaglinide
Pyrazinamide	DRUG_COMBINATION	Amantadine
Pyrazinamide	DRUG_COMBINATION	Meclofenamic acid
Pyrazinamide	DRUG_COMBINATION	Phenprocoumon
Pyrazinamide	DRUG_COMBINATION	Isoniazid
Pyrazinamide	DRUG_COMBINATION	Picoplatin
Pyrazinamide	DRUG_COMBINATION	Dactinomycin
Pyrazinamide	DRUG_COMBINATION	Cytarabine
Pyrazinamide	DRUG_COMBINATION	Dopamine
Pyrazinamide	DRUG_COMBINATION	Mirdametinib
Pyrazinamide	DRUG_COMBINATION	Plinabulin
Pyrazinamide	DRUG_COMBINATION	Pretomanid
Pyrazinamide	DRUG_COMBINATION	Silver sulfadiazine
Pyrazinamide	DRUG_COMBINATION	Ciprofibrate
Pyrazinamide	DRUG_COMBINATION	Lacosamide
Pyrazinamide	DRUG_COMBINATION	Ridaforolimus
Pyrazinamide	DRUG_COMBINATION	Eflornithine
Pyrazinamide	DRUG_COMBINATION	Onalespib
Pyrazinamide	DRUG_COMBINATION	Armodafinil
Pyrazinamide	DRUG_COMBINATION	Methylene blue
Pyrazinamide	DRUG_COMBINATION	Abemaciclib
Pyrazinamide	DRUG_COMBINATION	Dinaciclib
Pyrazinamide	DRUG_COMBINATION	Anamorelin
Pyrazinamide	DRUG_COMBINATION	Brincidofovir
Pyrazinamide	DRUG_COMBINATION	Ixazomib
Pyrazinamide	DRUG_COMBINATION	Ginkgolide A
Pyrazinamide	DRUG_COMBINATION	Terameprocol
Pyrazinamide	DRUG_COMBINATION	Ribociclib
Pyrazinamide	DRUG_COMBINATION	Adavosertib
Pyrazinamide	DRUG_COMBINATION	Clascoterone
Pyrazinamide	DRUG_COMBINATION	Benserazide
Pyrazinamide	DRUG_COMBINATION	Dordaviprone
Pyrazinamide	DRUG_COMBINATION	Marizomib
Cetirizine	DRUG_COMBINATION	Acetaminophen
Cetirizine	DRUG_COMBINATION	Famotidine
Diltiazem	DRUG_COMBINATION	Glipizide
Diltiazem	DRUG_COMBINATION	Oseltamivir
Diltiazem	DRUG_COMBINATION	Moxifloxacin
Diltiazem	DRUG_COMBINATION	Amlodipine
Diltiazem	DRUG_COMBINATION	Niclosamide
Diltiazem	DRUG_COMBINATION	Omacetaxine mepesuccinate
Diltiazem	DRUG_COMBINATION	Darapladib
Diltiazem	DRUG_COMBINATION	Lumefantrine
Diltiazem	DRUG_COMBINATION	Artemisinin
Diltiazem	DRUG_COMBINATION	Marizomib
Nitisinone	DRUG_COMBINATION	Diazoxide
Nitisinone	DRUG_COMBINATION	Bortezomib
Nitisinone	DRUG_COMBINATION	Gefitinib
Nitisinone	DRUG_COMBINATION	Dihydroergotamine
Nitisinone	DRUG_COMBINATION	Mefloquine
Nitisinone	DRUG_COMBINATION	Kanamycin
Nitisinone	DRUG_COMBINATION	Idarubicin
Nitisinone	DRUG_COMBINATION	Estramustine
Nitisinone	DRUG_COMBINATION	Sunitinib
Nitisinone	DRUG_COMBINATION	Cerivastatin
Nitisinone	DRUG_COMBINATION	Buspirone
Nitisinone	DRUG_COMBINATION	Ritonavir
Nitisinone	DRUG_COMBINATION	Mephenytoin
Nitisinone	DRUG_COMBINATION	Pentostatin
Nitisinone	DRUG_COMBINATION	Vorinostat
Nitisinone	DRUG_COMBINATION	Vinblastine
Nitisinone	DRUG_COMBINATION	Amiloride
Nitisinone	DRUG_COMBINATION	Chloroquine
Nitisinone	DRUG_COMBINATION	Imatinib
Nitisinone	DRUG_COMBINATION	Oxandrolone
Nitisinone	DRUG_COMBINATION	Trimethobenzamide
Nitisinone	DRUG_COMBINATION	Aprepitant
Nitisinone	DRUG_COMBINATION	Pentamidine
Nitisinone	DRUG_COMBINATION	SN-38
Nitisinone	DRUG_COMBINATION	Metyrosine
Nitisinone	DRUG_COMBINATION	Patupilone
Nitisinone	DRUG_COMBINATION	Tiagabine
Nitisinone	DRUG_COMBINATION	Fluspirilene
Nitisinone	DRUG_COMBINATION	Dactinomycin
Nitisinone	DRUG_COMBINATION	Ethinylestradiol
Nitisinone	DRUG_COMBINATION	Doxorubicin
Nitisinone	DRUG_COMBINATION	Methylene blue
Nitisinone	DRUG_COMBINATION	Mardepodect
Nitisinone	DRUG_COMBINATION	Artemether
Nitisinone	DRUG_COMBINATION	Lumefantrine
Nitisinone	DRUG_COMBINATION	Emetine
Nitisinone	DRUG_COMBINATION	Modufolin
Nitisinone	DRUG_COMBINATION	Nitisinone
Tioguanine	DRUG_COMBINATION	Vemurafenib
Tioguanine	DRUG_COMBINATION	Formestane
Tioguanine	DRUG_COMBINATION	Pomalidomide
Tioguanine	DRUG_COMBINATION	Topotecan
Tioguanine	DRUG_COMBINATION	Mercaptopurine
Tioguanine	DRUG_COMBINATION	Fludarabine
Tioguanine	DRUG_COMBINATION	Quinacrine
Tioguanine	DRUG_COMBINATION	Bortezomib
Tioguanine	DRUG_COMBINATION	Bleomycin
Tioguanine	DRUG_COMBINATION	Chlorambucil
Tioguanine	DRUG_COMBINATION	Mitomycin
Tioguanine	DRUG_COMBINATION	Procarbazine
Tioguanine	DRUG_COMBINATION	Idarubicin
Tioguanine	DRUG_COMBINATION	Ifosfamide
Tioguanine	DRUG_COMBINATION	Estramustine
Tioguanine	DRUG_COMBINATION	Paclitaxel
Tioguanine	DRUG_COMBINATION	Dasatinib
Tioguanine	DRUG_COMBINATION	Lapatinib
Tioguanine	DRUG_COMBINATION	Sunitinib
Tioguanine	DRUG_COMBINATION	Valrubicin
Tioguanine	DRUG_COMBINATION	Sorafenib
Tioguanine	DRUG_COMBINATION	Raloxifene
Tioguanine	DRUG_COMBINATION	Celecoxib
Tioguanine	DRUG_COMBINATION	Altretamine
Tioguanine	DRUG_COMBINATION	Cisplatin
Tioguanine	DRUG_COMBINATION	Cyclophosphamide
Tioguanine	DRUG_COMBINATION	Pentostatin
Tioguanine	DRUG_COMBINATION	Methotrexate
Tioguanine	DRUG_COMBINATION	Digitoxin
Tioguanine	DRUG_COMBINATION	Imatinib
Tioguanine	DRUG_COMBINATION	Dyphylline
Tioguanine	DRUG_COMBINATION	Plicamycin
Tioguanine	DRUG_COMBINATION	Pralatrexate
Tioguanine	DRUG_COMBINATION	Sirolimus
Tioguanine	DRUG_COMBINATION	Azacitidine
Tioguanine	DRUG_COMBINATION	Fulvestrant
Tioguanine	DRUG_COMBINATION	Isoniazid
Tioguanine	DRUG_COMBINATION	Ixabepilone
Tioguanine	DRUG_COMBINATION	Nilotinib
Tioguanine	DRUG_COMBINATION	Picoplatin
Tioguanine	DRUG_COMBINATION	Tamibarotene
Tioguanine	DRUG_COMBINATION	Dactinomycin
Tioguanine	DRUG_COMBINATION	Letrozole
Tioguanine	DRUG_COMBINATION	Busulfan
Tioguanine	DRUG_COMBINATION	Romidepsin
Tioguanine	DRUG_COMBINATION	Dinaciclib
Tioguanine	DRUG_COMBINATION	Terameprocol
Tioguanine	DRUG_COMBINATION	Crizotinib
Tioguanine	DRUG_COMBINATION	Liarozole
Tioguanine	DRUG_COMBINATION	Tretamine
Tioguanine	DRUG_COMBINATION	10-hydroxycamptothecin
Tioguanine	DRUG_COMBINATION	Modufolin
Methylergometrine	DRUG_COMBINATION	Formestane
Methylergometrine	DRUG_COMBINATION	Diazoxide
Methylergometrine	DRUG_COMBINATION	Oseltamivir
Methylergometrine	DRUG_COMBINATION	Liothyronine
Methylergometrine	DRUG_COMBINATION	Kanamycin
Methylergometrine	DRUG_COMBINATION	Idarubicin
Methylergometrine	DRUG_COMBINATION	Estramustine
Methylergometrine	DRUG_COMBINATION	Fomepizole
Methylergometrine	DRUG_COMBINATION	Docetaxel
Methylergometrine	DRUG_COMBINATION	Tacrine
Methylergometrine	DRUG_COMBINATION	Allopurinol
Methylergometrine	DRUG_COMBINATION	Quinine
Methylergometrine	DRUG_COMBINATION	Triflupromazine
Methylergometrine	DRUG_COMBINATION	Cisatracurium
Methylergometrine	DRUG_COMBINATION	Vinblastine
Methylergometrine	DRUG_COMBINATION	Everolimus
Methylergometrine	DRUG_COMBINATION	Dyphylline
Methylergometrine	DRUG_COMBINATION	Diethylcarbamazine
Methylergometrine	DRUG_COMBINATION	Clopidogrel
Methylergometrine	DRUG_COMBINATION	Niclosamide
Methylergometrine	DRUG_COMBINATION	Testolactone
Methylergometrine	DRUG_COMBINATION	Tiagabine
Methylergometrine	DRUG_COMBINATION	Maprotiline
Methylergometrine	DRUG_COMBINATION	Triapine
Methylergometrine	DRUG_COMBINATION	10-hydroxycamptothecin
Aztreonam	DRUG_COMBINATION	Idarubicin
Chlorzoxazone	DRUG_COMBINATION	Teriflunomide
Chlorzoxazone	DRUG_COMBINATION	Memantine
Chlorzoxazone	DRUG_COMBINATION	Lubiprostone
Chlorzoxazone	DRUG_COMBINATION	Abacavir
Chlorzoxazone	DRUG_COMBINATION	Isoprenaline
Chlorzoxazone	DRUG_COMBINATION	Desoxycorticosterone pivalate
Chlorzoxazone	DRUG_COMBINATION	Sulfinpyrazone
Chlorzoxazone	DRUG_COMBINATION	Diclofenamide
Chlorzoxazone	DRUG_COMBINATION	Mesalazine
Chlorzoxazone	DRUG_COMBINATION	Cefmenoxime
Chlorzoxazone	DRUG_COMBINATION	Theophylline
Chlorzoxazone	DRUG_COMBINATION	Liothyronine
Chlorzoxazone	DRUG_COMBINATION	Valproic acid
Chlorzoxazone	DRUG_COMBINATION	Gefitinib
Chlorzoxazone	DRUG_COMBINATION	Dihydroergotamine
Chlorzoxazone	DRUG_COMBINATION	Idarubicin
Chlorzoxazone	DRUG_COMBINATION	Dantrolene
Chlorzoxazone	DRUG_COMBINATION	Hydralazine
Chlorzoxazone	DRUG_COMBINATION	Trihexyphenidyl
Chlorzoxazone	DRUG_COMBINATION	Tacrine
Chlorzoxazone	DRUG_COMBINATION	Triamterene
Chlorzoxazone	DRUG_COMBINATION	Sorafenib
Chlorzoxazone	DRUG_COMBINATION	Miglustat
Chlorzoxazone	DRUG_COMBINATION	Acitretin
Chlorzoxazone	DRUG_COMBINATION	Triflupromazine
Chlorzoxazone	DRUG_COMBINATION	Dextromethorphan
Chlorzoxazone	DRUG_COMBINATION	Mephenytoin
Chlorzoxazone	DRUG_COMBINATION	Methoxsalen
Chlorzoxazone	DRUG_COMBINATION	Methotrexate
Chlorzoxazone	DRUG_COMBINATION	Cisatracurium
Chlorzoxazone	DRUG_COMBINATION	Furazolidone
Chlorzoxazone	DRUG_COMBINATION	Ursodeoxycholic acid
Chlorzoxazone	DRUG_COMBINATION	Cilastatin
Chlorzoxazone	DRUG_COMBINATION	Hydroxychloroquine
Chlorzoxazone	DRUG_COMBINATION	Oxyphenbutazone
Chlorzoxazone	DRUG_COMBINATION	Acamprosate
Chlorzoxazone	DRUG_COMBINATION	Trimethobenzamide
Chlorzoxazone	DRUG_COMBINATION	Tamoxifen
Chlorzoxazone	DRUG_COMBINATION	Naltrexone
Chlorzoxazone	DRUG_COMBINATION	Pentamidine
Chlorzoxazone	DRUG_COMBINATION	Zileuton
Chlorzoxazone	DRUG_COMBINATION	Clopidogrel
Chlorzoxazone	DRUG_COMBINATION	Mebutamate
Chlorzoxazone	DRUG_COMBINATION	Raltegravir
Chlorzoxazone	DRUG_COMBINATION	Metyrosine
Chlorzoxazone	DRUG_COMBINATION	Primidone
Chlorzoxazone	DRUG_COMBINATION	Tolazoline
Chlorzoxazone	DRUG_COMBINATION	Fosfomycin
Chlorzoxazone	DRUG_COMBINATION	Tacrolimus
Chlorzoxazone	DRUG_COMBINATION	Zaleplon
Chlorzoxazone	DRUG_COMBINATION	Ezetimibe
Chlorzoxazone	DRUG_COMBINATION	Ethinylestradiol
Chlorzoxazone	DRUG_COMBINATION	Dopamine
Chlorzoxazone	DRUG_COMBINATION	Cinacalcet
Chlorzoxazone	DRUG_COMBINATION	Pizotifen
Chlorzoxazone	DRUG_COMBINATION	Armodafinil
Chlorzoxazone	DRUG_COMBINATION	Methylene blue
Chlorzoxazone	DRUG_COMBINATION	Brincidofovir
Chlorzoxazone	DRUG_COMBINATION	Artemisinin
Chlorzoxazone	DRUG_COMBINATION	10-hydroxycamptothecin
Chlorzoxazone	DRUG_COMBINATION	Lithium citrate
Chlorzoxazone	DRUG_COMBINATION	K-134
Chlorzoxazone	DRUG_COMBINATION	Benserazide
Chlorzoxazone	DRUG_COMBINATION	Cycloguanil
Chlorzoxazone	DRUG_COMBINATION	Luteolin
Chlorzoxazone	DRUG_COMBINATION	Danusertib
Mefloquine	DRUG_COMBINATION	Piperaquine
Mefloquine	DRUG_COMBINATION	Teriflunomide
Mefloquine	DRUG_COMBINATION	Guanfacine
Mefloquine	DRUG_COMBINATION	Probenecid
Mefloquine	DRUG_COMBINATION	Sertraline
Mefloquine	DRUG_COMBINATION	Diazoxide
Mefloquine	DRUG_COMBINATION	Desoxycorticosterone pivalate
Mefloquine	DRUG_COMBINATION	Oseltamivir
Mefloquine	DRUG_COMBINATION	Cefmenoxime
Mefloquine	DRUG_COMBINATION	Liothyronine
Mefloquine	DRUG_COMBINATION	Pamidronic acid
Mefloquine	DRUG_COMBINATION	Chlorambucil
Mefloquine	DRUG_COMBINATION	Etonogestrel
Mefloquine	DRUG_COMBINATION	Ibutilide
Mefloquine	DRUG_COMBINATION	Olanzapine
Mefloquine	DRUG_COMBINATION	Diltiazem
Mefloquine	DRUG_COMBINATION	Chlorzoxazone
Mefloquine	DRUG_COMBINATION	Terazosin
Mefloquine	DRUG_COMBINATION	Kanamycin
Mefloquine	DRUG_COMBINATION	Idarubicin
Mefloquine	DRUG_COMBINATION	Clindamycin
Mefloquine	DRUG_COMBINATION	Darunavir
Mefloquine	DRUG_COMBINATION	Palonosetron
Mefloquine	DRUG_COMBINATION	Sorafenib
Mefloquine	DRUG_COMBINATION	Pramipexole
Mefloquine	DRUG_COMBINATION	Acetohexamide
Mefloquine	DRUG_COMBINATION	Prazosin
Mefloquine	DRUG_COMBINATION	Acitretin
Mefloquine	DRUG_COMBINATION	Enoxacin
Mefloquine	DRUG_COMBINATION	Albendazole
Mefloquine	DRUG_COMBINATION	Vinblastine
Mefloquine	DRUG_COMBINATION	Chloroquine
Mefloquine	DRUG_COMBINATION	Furazolidone
Mefloquine	DRUG_COMBINATION	Imatinib
Mefloquine	DRUG_COMBINATION	Oxandrolone
Mefloquine	DRUG_COMBINATION	Cilastatin
Mefloquine	DRUG_COMBINATION	Pargyline
Mefloquine	DRUG_COMBINATION	Dexmedetomidine
Mefloquine	DRUG_COMBINATION	Metaxalone
Mefloquine	DRUG_COMBINATION	Trimethobenzamide
Mefloquine	DRUG_COMBINATION	Aprepitant
Mefloquine	DRUG_COMBINATION	Galantamine
Mefloquine	DRUG_COMBINATION	Tamoxifen
Mefloquine	DRUG_COMBINATION	Moricizine
Mefloquine	DRUG_COMBINATION	Diethylcarbamazine
Mefloquine	DRUG_COMBINATION	Pentamidine
Mefloquine	DRUG_COMBINATION	Trioxsalen
Mefloquine	DRUG_COMBINATION	Mebutamate
Mefloquine	DRUG_COMBINATION	Niclosamide
Mefloquine	DRUG_COMBINATION	Raltegravir
Mefloquine	DRUG_COMBINATION	Acyclovir
Mefloquine	DRUG_COMBINATION	Patupilone
Mefloquine	DRUG_COMBINATION	Phensuximide
Mefloquine	DRUG_COMBINATION	Mifepristone
Mefloquine	DRUG_COMBINATION	Sulfapyridine
Mefloquine	DRUG_COMBINATION	Tinidazole
Mefloquine	DRUG_COMBINATION	Repaglinide
Mefloquine	DRUG_COMBINATION	Maprotiline
Mefloquine	DRUG_COMBINATION	Meclofenamic acid
Mefloquine	DRUG_COMBINATION	Omacetaxine mepesuccinate
Mefloquine	DRUG_COMBINATION	Dactinomycin
Mefloquine	DRUG_COMBINATION	Busulfan
Mefloquine	DRUG_COMBINATION	Cinacalcet
Mefloquine	DRUG_COMBINATION	Silver sulfadiazine
Mefloquine	DRUG_COMBINATION	Ciprofibrate
Mefloquine	DRUG_COMBINATION	Eflornithine
Mefloquine	DRUG_COMBINATION	Armodafinil
Mefloquine	DRUG_COMBINATION	Methylene blue
Mefloquine	DRUG_COMBINATION	Mardepodect
Mefloquine	DRUG_COMBINATION	Anamorelin
Mefloquine	DRUG_COMBINATION	Brincidofovir
Mefloquine	DRUG_COMBINATION	Artemether
Mefloquine	DRUG_COMBINATION	Lumefantrine
Mefloquine	DRUG_COMBINATION	Carglumic acid
Mefloquine	DRUG_COMBINATION	Artemisinin
Mefloquine	DRUG_COMBINATION	10-hydroxycamptothecin
Mefloquine	DRUG_COMBINATION	MK-3207
Mefloquine	DRUG_COMBINATION	Clascoterone
Mefloquine	DRUG_COMBINATION	Omipalisib
Vinorelbine	DRUG_COMBINATION	Ruxolitinib
Vinorelbine	DRUG_COMBINATION	Bortezomib
Vinorelbine	DRUG_COMBINATION	Idarubicin
Vinorelbine	DRUG_COMBINATION	Estramustine
Vinorelbine	DRUG_COMBINATION	Dasatinib
Vinorelbine	DRUG_COMBINATION	Lapatinib
Vinorelbine	DRUG_COMBINATION	Sunitinib
Vinorelbine	DRUG_COMBINATION	Sorafenib
Vinorelbine	DRUG_COMBINATION	Erlotinib
Vinorelbine	DRUG_COMBINATION	Elacridar
Vinorelbine	DRUG_COMBINATION	Mirdametinib
Vinorelbine	DRUG_COMBINATION	Ridaforolimus
Vinorelbine	DRUG_COMBINATION	MK-8776
Vinorelbine	DRUG_COMBINATION	Dinaciclib
Vinorelbine	DRUG_COMBINATION	Panobinostat
Vinorelbine	DRUG_COMBINATION	Dactolisib
Vinorelbine	DRUG_COMBINATION	Pyrotinib
Vinorelbine	DRUG_COMBINATION	Adavosertib
Vinorelbine	DRUG_COMBINATION	Molibresib
Vinorelbine	DRUG_COMBINATION	Niraparib
Vinorelbine	DRUG_COMBINATION	MK-2206
Clozapine	DRUG_COMBINATION	Cycloserine
Clozapine	DRUG_COMBINATION	Olanzapine
Levonorgestrel	DRUG_COMBINATION	Nevirapine
Levonorgestrel	DRUG_COMBINATION	Piroxicam
Levonorgestrel	DRUG_COMBINATION	Efavirenz
Levonorgestrel	DRUG_COMBINATION	Estradiol
Levonorgestrel	DRUG_COMBINATION	Mefenamic acid
Levonorgestrel	DRUG_COMBINATION	Meloxicam
Levonorgestrel	DRUG_COMBINATION	Mifepristone
Levonorgestrel	DRUG_COMBINATION	Ethinylestradiol
Levonorgestrel	DRUG_COMBINATION	Ulipristal
Levonorgestrel	DRUG_COMBINATION	Semaglutide
Norepinephrine	DRUG_COMBINATION	Phenylephrine
Norepinephrine	DRUG_COMBINATION	Propofol
Cidofovir	DRUG_COMBINATION	Probenecid
Cidofovir	DRUG_COMBINATION	Idarubicin
Cidofovir	DRUG_COMBINATION	Marizomib
Mirtazapine	DRUG_COMBINATION	Metamfetamine
Gemifloxacin	DRUG_COMBINATION	Azithromycin
Bupropion	DRUG_COMBINATION	Nicotine
Bupropion	DRUG_COMBINATION	Escitalopram
Bupropion	DRUG_COMBINATION	Varenicline
Bupropion	DRUG_COMBINATION	Eszopiclone
Bupropion	DRUG_COMBINATION	Naltrexone
Bupropion	DRUG_COMBINATION	Armodafinil
Bupropion	DRUG_COMBINATION	Curcumin
Trimetrexate	DRUG_COMBINATION	Ibrutinib
Trimetrexate	DRUG_COMBINATION	Marizomib
Terazosin	DRUG_COMBINATION	Formestane
Terazosin	DRUG_COMBINATION	Isoprenaline
Terazosin	DRUG_COMBINATION	Desoxycorticosterone pivalate
Terazosin	DRUG_COMBINATION	Bortezomib
Terazosin	DRUG_COMBINATION	Oseltamivir
Terazosin	DRUG_COMBINATION	Chlorzoxazone
Terazosin	DRUG_COMBINATION	Fomepizole
Terazosin	DRUG_COMBINATION	Cerivastatin
Terazosin	DRUG_COMBINATION	Imipramine
Terazosin	DRUG_COMBINATION	Cisatracurium
Terazosin	DRUG_COMBINATION	Everolimus
Terazosin	DRUG_COMBINATION	Hydroxychloroquine
Terazosin	DRUG_COMBINATION	Dyphylline
Terazosin	DRUG_COMBINATION	Metaxalone
Terazosin	DRUG_COMBINATION	Diethylcarbamazine
Terazosin	DRUG_COMBINATION	Mebutamate
Terazosin	DRUG_COMBINATION	Fosfomycin
Terazosin	DRUG_COMBINATION	Testolactone
Terazosin	DRUG_COMBINATION	Maprotiline
Terazosin	DRUG_COMBINATION	Phenprocoumon
Terazosin	DRUG_COMBINATION	Cytarabine
Terazosin	DRUG_COMBINATION	Triapine
Terazosin	DRUG_COMBINATION	Emetine
Ofloxacin	DRUG_COMBINATION	Ciprofloxacin
Ofloxacin	DRUG_COMBINATION	Tropicamide
Ofloxacin	DRUG_COMBINATION	Prednisolone
Ofloxacin	DRUG_COMBINATION	Ofloxacin
Cilostazol	DRUG_COMBINATION	Ruxolitinib
Cilostazol	DRUG_COMBINATION	Probenecid
Cilostazol	DRUG_COMBINATION	Leflunomide
Cilostazol	DRUG_COMBINATION	Liothyronine
Cilostazol	DRUG_COMBINATION	Chlorzoxazone
Cilostazol	DRUG_COMBINATION	Mefloquine
Cilostazol	DRUG_COMBINATION	Itraconazole
Cilostazol	DRUG_COMBINATION	Kanamycin
Cilostazol	DRUG_COMBINATION	Dantrolene
Cilostazol	DRUG_COMBINATION	Sunitinib
Cilostazol	DRUG_COMBINATION	Hydralazine
Cilostazol	DRUG_COMBINATION	Pramipexole
Cilostazol	DRUG_COMBINATION	Cerivastatin
Cilostazol	DRUG_COMBINATION	Enoxacin
Cilostazol	DRUG_COMBINATION	Triflupromazine
Cilostazol	DRUG_COMBINATION	Chloroquine
Cilostazol	DRUG_COMBINATION	Imatinib
Cilostazol	DRUG_COMBINATION	Trimethobenzamide
Cilostazol	DRUG_COMBINATION	Epinephrine
Cilostazol	DRUG_COMBINATION	Galantamine
Cilostazol	DRUG_COMBINATION	Pentamidine
Cilostazol	DRUG_COMBINATION	Riluzole
Cilostazol	DRUG_COMBINATION	SN-38
Cilostazol	DRUG_COMBINATION	Mebutamate
Cilostazol	DRUG_COMBINATION	Niclosamide
Cilostazol	DRUG_COMBINATION	Sulfapyridine
Cilostazol	DRUG_COMBINATION	Aliskiren
Cilostazol	DRUG_COMBINATION	Eflornithine
Cilostazol	DRUG_COMBINATION	Methylene blue
Cilostazol	DRUG_COMBINATION	Brincidofovir
Cilostazol	DRUG_COMBINATION	Artemisinin
Itraconazole	DRUG_COMBINATION	Ruxolitinib
Itraconazole	DRUG_COMBINATION	Memantine
Itraconazole	DRUG_COMBINATION	Rifampin
Itraconazole	DRUG_COMBINATION	Sertraline
Itraconazole	DRUG_COMBINATION	Bortezomib
Itraconazole	DRUG_COMBINATION	Fluconazole
Itraconazole	DRUG_COMBINATION	Chlorambucil
Itraconazole	DRUG_COMBINATION	Idarubicin
Itraconazole	DRUG_COMBINATION	Clindamycin
Itraconazole	DRUG_COMBINATION	Dantrolene
Itraconazole	DRUG_COMBINATION	Bepridil
Itraconazole	DRUG_COMBINATION	Sorafenib
Itraconazole	DRUG_COMBINATION	Enoxacin
Itraconazole	DRUG_COMBINATION	Quinine
Itraconazole	DRUG_COMBINATION	Ritonavir
Itraconazole	DRUG_COMBINATION	Methoxsalen
Itraconazole	DRUG_COMBINATION	Chloroquine
Itraconazole	DRUG_COMBINATION	Imatinib
Itraconazole	DRUG_COMBINATION	Hydroxychloroquine
Itraconazole	DRUG_COMBINATION	Pargyline
Itraconazole	DRUG_COMBINATION	Pemetrexed
Itraconazole	DRUG_COMBINATION	Galantamine
Itraconazole	DRUG_COMBINATION	Moricizine
Itraconazole	DRUG_COMBINATION	Diethylcarbamazine
Itraconazole	DRUG_COMBINATION	Azatadine
Itraconazole	DRUG_COMBINATION	SN-38
Itraconazole	DRUG_COMBINATION	Mebutamate
Itraconazole	DRUG_COMBINATION	Mifepristone
Itraconazole	DRUG_COMBINATION	Terbinafine
Itraconazole	DRUG_COMBINATION	Prednisolone
Itraconazole	DRUG_COMBINATION	Isosorbide dinitrate
Itraconazole	DRUG_COMBINATION	Tiagabine
Itraconazole	DRUG_COMBINATION	Maprotiline
Itraconazole	DRUG_COMBINATION	Meclofenamic acid
Itraconazole	DRUG_COMBINATION	Cytarabine
Itraconazole	DRUG_COMBINATION	Doxorubicin
Itraconazole	DRUG_COMBINATION	Alisertib
Itraconazole	DRUG_COMBINATION	Mardepodect
Itraconazole	DRUG_COMBINATION	Triapine
Itraconazole	DRUG_COMBINATION	Midostaurin
Itraconazole	DRUG_COMBINATION	Anamorelin
Itraconazole	DRUG_COMBINATION	Iberdomide
Itraconazole	DRUG_COMBINATION	Brincidofovir
Itraconazole	DRUG_COMBINATION	Ecopipam
Itraconazole	DRUG_COMBINATION	Fruquintinib
Itraconazole	DRUG_COMBINATION	Clascoterone
Itraconazole	DRUG_COMBINATION	Ganaplacide
Itraconazole	DRUG_COMBINATION	Risdiplam
Itraconazole	DRUG_COMBINATION	Tazemetostat
Itraconazole	DRUG_COMBINATION	Relugolix
Procarbazine	DRUG_COMBINATION	Probenecid
Procarbazine	DRUG_COMBINATION	Iloprost
Procarbazine	DRUG_COMBINATION	Leflunomide
Procarbazine	DRUG_COMBINATION	Diazoxide
Procarbazine	DRUG_COMBINATION	Liothyronine
Procarbazine	DRUG_COMBINATION	Methylergometrine
Procarbazine	DRUG_COMBINATION	Terazosin
Procarbazine	DRUG_COMBINATION	Idarubicin
Procarbazine	DRUG_COMBINATION	Chlormezanone
Procarbazine	DRUG_COMBINATION	Docetaxel
Procarbazine	DRUG_COMBINATION	Miglustat
Procarbazine	DRUG_COMBINATION	Acitretin
Procarbazine	DRUG_COMBINATION	Triflupromazine
Procarbazine	DRUG_COMBINATION	Vorinostat
Procarbazine	DRUG_COMBINATION	Vinblastine
Procarbazine	DRUG_COMBINATION	Fenoprofen
Procarbazine	DRUG_COMBINATION	Genistein
Procarbazine	DRUG_COMBINATION	Diethylcarbamazine
Procarbazine	DRUG_COMBINATION	Niclosamide
Procarbazine	DRUG_COMBINATION	Maprotiline
Procarbazine	DRUG_COMBINATION	Zaleplon
Procarbazine	DRUG_COMBINATION	Aliskiren
Procarbazine	DRUG_COMBINATION	Carglumic acid
Procarbazine	DRUG_COMBINATION	Terameprocol
Procarbazine	DRUG_COMBINATION	Emetine
Kanamycin	DRUG_COMBINATION	Daidzin
Kanamycin	DRUG_COMBINATION	Probenecid
Kanamycin	DRUG_COMBINATION	Diazoxide
Kanamycin	DRUG_COMBINATION	Diclofenamide
Kanamycin	DRUG_COMBINATION	Baclofen
Kanamycin	DRUG_COMBINATION	Crotamiton
Kanamycin	DRUG_COMBINATION	Pamidronic acid
Kanamycin	DRUG_COMBINATION	Olanzapine
Kanamycin	DRUG_COMBINATION	Chlorzoxazone
Kanamycin	DRUG_COMBINATION	Itraconazole
Kanamycin	DRUG_COMBINATION	Chlormezanone
Kanamycin	DRUG_COMBINATION	Estramustine
Kanamycin	DRUG_COMBINATION	Diphenidol
Kanamycin	DRUG_COMBINATION	Bepridil
Kanamycin	DRUG_COMBINATION	Docetaxel
Kanamycin	DRUG_COMBINATION	Sitagliptin
Kanamycin	DRUG_COMBINATION	Triamterene
Kanamycin	DRUG_COMBINATION	Cerivastatin
Kanamycin	DRUG_COMBINATION	Enoxacin
Kanamycin	DRUG_COMBINATION	Testosterone
Kanamycin	DRUG_COMBINATION	Hydroxychloroquine
Kanamycin	DRUG_COMBINATION	Clopidogrel
Kanamycin	DRUG_COMBINATION	Trioxsalen
Kanamycin	DRUG_COMBINATION	Acyclovir
Kanamycin	DRUG_COMBINATION	Fosfomycin
Kanamycin	DRUG_COMBINATION	Chlorphenesin
Kanamycin	DRUG_COMBINATION	Tiagabine
Kanamycin	DRUG_COMBINATION	Doxorubicin
Kanamycin	DRUG_COMBINATION	Busulfan
Kanamycin	DRUG_COMBINATION	Eflornithine
Kanamycin	DRUG_COMBINATION	Methylene blue
Kanamycin	DRUG_COMBINATION	Anamorelin
Kanamycin	DRUG_COMBINATION	Brincidofovir
Kanamycin	DRUG_COMBINATION	Artemisinin
Escitalopram	DRUG_COMBINATION	Mirtazapine
Escitalopram	DRUG_COMBINATION	Desipramine
Escitalopram	DRUG_COMBINATION	Clomipramine
Escitalopram	DRUG_COMBINATION	Pramipexole
Escitalopram	DRUG_COMBINATION	Acamprosate
Escitalopram	DRUG_COMBINATION	Vildagliptin
Escitalopram	DRUG_COMBINATION	Brexpiprazole
Escitalopram	DRUG_COMBINATION	Gaboxadol
Escitalopram	DRUG_COMBINATION	Saredutant
Idarubicin	DRUG_COMBINATION	Daidzin
Idarubicin	DRUG_COMBINATION	Formestane
Idarubicin	DRUG_COMBINATION	Pomalidomide
Idarubicin	DRUG_COMBINATION	Mercaptopurine
Idarubicin	DRUG_COMBINATION	Sertraline
Idarubicin	DRUG_COMBINATION	Bortezomib
Idarubicin	DRUG_COMBINATION	Citalopram
Idarubicin	DRUG_COMBINATION	Mesalazine
Idarubicin	DRUG_COMBINATION	Mitomycin
Idarubicin	DRUG_COMBINATION	Gefitinib
Idarubicin	DRUG_COMBINATION	Olanzapine
Idarubicin	DRUG_COMBINATION	Terazosin
Idarubicin	DRUG_COMBINATION	Ifosfamide
Idarubicin	DRUG_COMBINATION	Lomustine
Idarubicin	DRUG_COMBINATION	Dantrolene
Idarubicin	DRUG_COMBINATION	Paclitaxel
Idarubicin	DRUG_COMBINATION	Diphenidol
Idarubicin	DRUG_COMBINATION	Docetaxel
Idarubicin	DRUG_COMBINATION	Dasatinib
Idarubicin	DRUG_COMBINATION	Lapatinib
Idarubicin	DRUG_COMBINATION	Decitabine
Idarubicin	DRUG_COMBINATION	Sorafenib
Idarubicin	DRUG_COMBINATION	Acetohexamide
Idarubicin	DRUG_COMBINATION	Spironolactone
Idarubicin	DRUG_COMBINATION	Methocarbamol
Idarubicin	DRUG_COMBINATION	Allopurinol
Idarubicin	DRUG_COMBINATION	Cerivastatin
Idarubicin	DRUG_COMBINATION	Quinine
Idarubicin	DRUG_COMBINATION	Raloxifene
Idarubicin	DRUG_COMBINATION	Altretamine
Idarubicin	DRUG_COMBINATION	Buspirone
Idarubicin	DRUG_COMBINATION	Cisplatin
Idarubicin	DRUG_COMBINATION	Erlotinib
Idarubicin	DRUG_COMBINATION	Cyclophosphamide
Idarubicin	DRUG_COMBINATION	Pentostatin
Idarubicin	DRUG_COMBINATION	Vorinostat
Idarubicin	DRUG_COMBINATION	Amodiaquine
Idarubicin	DRUG_COMBINATION	Imatinib
Idarubicin	DRUG_COMBINATION	Ursodeoxycholic acid
Idarubicin	DRUG_COMBINATION	Everolimus
Idarubicin	DRUG_COMBINATION	Dyphylline
Idarubicin	DRUG_COMBINATION	Trimethobenzamide
Idarubicin	DRUG_COMBINATION	Galantamine
Idarubicin	DRUG_COMBINATION	Daunorubicin
Idarubicin	DRUG_COMBINATION	Diethylcarbamazine
Idarubicin	DRUG_COMBINATION	Pentamidine
Idarubicin	DRUG_COMBINATION	Zileuton
Idarubicin	DRUG_COMBINATION	Clopidogrel
Idarubicin	DRUG_COMBINATION	Mebutamate
Idarubicin	DRUG_COMBINATION	Plicamycin
Idarubicin	DRUG_COMBINATION	Pralatrexate
Idarubicin	DRUG_COMBINATION	Raltegravir
Idarubicin	DRUG_COMBINATION	Sirolimus
Idarubicin	DRUG_COMBINATION	Repaglinide
Idarubicin	DRUG_COMBINATION	Maprotiline
Idarubicin	DRUG_COMBINATION	Phenprocoumon
Idarubicin	DRUG_COMBINATION	Fulvestrant
Idarubicin	DRUG_COMBINATION	Isoniazid
Idarubicin	DRUG_COMBINATION	Fluspirilene
Idarubicin	DRUG_COMBINATION	Ixabepilone
Idarubicin	DRUG_COMBINATION	Nilotinib
Idarubicin	DRUG_COMBINATION	Dactinomycin
Idarubicin	DRUG_COMBINATION	Cytarabine
Idarubicin	DRUG_COMBINATION	Doxorubicin
Idarubicin	DRUG_COMBINATION	Busulfan
Idarubicin	DRUG_COMBINATION	Cinacalcet
Idarubicin	DRUG_COMBINATION	Mirdametinib
Idarubicin	DRUG_COMBINATION	Alisertib
Idarubicin	DRUG_COMBINATION	Ciprofibrate
Idarubicin	DRUG_COMBINATION	Ridaforolimus
Idarubicin	DRUG_COMBINATION	Armodafinil
Idarubicin	DRUG_COMBINATION	MK-8776
Idarubicin	DRUG_COMBINATION	Triapine
Idarubicin	DRUG_COMBINATION	Dinaciclib
Idarubicin	DRUG_COMBINATION	Gilteritinib
Idarubicin	DRUG_COMBINATION	Terameprocol
Idarubicin	DRUG_COMBINATION	Tretamine
Idarubicin	DRUG_COMBINATION	Dactolisib
Idarubicin	DRUG_COMBINATION	10-hydroxycamptothecin
Idarubicin	DRUG_COMBINATION	Adavosertib
Idarubicin	DRUG_COMBINATION	Molibresib
Idarubicin	DRUG_COMBINATION	Niraparib
Idarubicin	DRUG_COMBINATION	MK-2206
Idarubicin	DRUG_COMBINATION	Idarubicin
Chlormezanone	DRUG_COMBINATION	Leflunomide
Chlormezanone	DRUG_COMBINATION	Diazoxide
Chlormezanone	DRUG_COMBINATION	Gefitinib
Chlormezanone	DRUG_COMBINATION	Olanzapine
Chlormezanone	DRUG_COMBINATION	Mefloquine
Chlormezanone	DRUG_COMBINATION	Fomepizole
Chlormezanone	DRUG_COMBINATION	Dantrolene
Chlormezanone	DRUG_COMBINATION	Sunitinib
Chlormezanone	DRUG_COMBINATION	Mephenytoin
Chlormezanone	DRUG_COMBINATION	Paromomycin
Chlormezanone	DRUG_COMBINATION	Fenoprofen
Chlormezanone	DRUG_COMBINATION	Imatinib
Chlormezanone	DRUG_COMBINATION	Everolimus
Chlormezanone	DRUG_COMBINATION	Mebendazole
Chlormezanone	DRUG_COMBINATION	Aprepitant
Chlormezanone	DRUG_COMBINATION	SN-38
Chlormezanone	DRUG_COMBINATION	Niclosamide
Chlormezanone	DRUG_COMBINATION	Metyrosine
Chlormezanone	DRUG_COMBINATION	Tiagabine
Chlormezanone	DRUG_COMBINATION	Tinidazole
Chlormezanone	DRUG_COMBINATION	Maprotiline
Chlormezanone	DRUG_COMBINATION	Cytarabine
Chlormezanone	DRUG_COMBINATION	Doxorubicin
Chlormezanone	DRUG_COMBINATION	Rufinamide
Chlormezanone	DRUG_COMBINATION	Lacosamide
Chlormezanone	DRUG_COMBINATION	Methylene blue
Chlormezanone	DRUG_COMBINATION	Mardepodect
Chlormezanone	DRUG_COMBINATION	Triapine
Chlormezanone	DRUG_COMBINATION	Brincidofovir
Chlormezanone	DRUG_COMBINATION	Lumefantrine
Chlormezanone	DRUG_COMBINATION	Artemisinin
Chlormezanone	DRUG_COMBINATION	10-hydroxycamptothecin
Chlormezanone	DRUG_COMBINATION	Emetine
Chlormezanone	DRUG_COMBINATION	Modufolin
Chlormezanone	DRUG_COMBINATION	Danusertib
Podofilox	DRUG_COMBINATION	Ruxolitinib
Podofilox	DRUG_COMBINATION	Mitomycin
Podofilox	DRUG_COMBINATION	Panobinostat
Ifosfamide	DRUG_COMBINATION	Fludarabine
Ifosfamide	DRUG_COMBINATION	Bortezomib
Ifosfamide	DRUG_COMBINATION	Vinorelbine
Ifosfamide	DRUG_COMBINATION	Zoledronic acid
Ifosfamide	DRUG_COMBINATION	Pentostatin
Ifosfamide	DRUG_COMBINATION	Etoposide
Ifosfamide	DRUG_COMBINATION	Ixabepilone
Ifosfamide	DRUG_COMBINATION	Azathioprine
Ifosfamide	DRUG_COMBINATION	Aldoxorubicin
Ifosfamide	DRUG_COMBINATION	Famitinib
Naloxone	DRUG_COMBINATION	Flumazenil
Naloxone	DRUG_COMBINATION	Oxycodone
Naloxone	DRUG_COMBINATION	Clonidine
Naloxone	DRUG_COMBINATION	Epinephrine
Naloxone	DRUG_COMBINATION	Buprenorphine
Naloxone	DRUG_COMBINATION	Ramosetron
Domperidone	DRUG_COMBINATION	Panobinostat
Ciclopirox	DRUG_COMBINATION	Panobinostat
Desflurane	DRUG_COMBINATION	Sevoflurane
Desflurane	DRUG_COMBINATION	Alfentanil
Desflurane	DRUG_COMBINATION	Propofol
Desflurane	DRUG_COMBINATION	Remifentanil
Clindamycin	DRUG_COMBINATION	Piperaquine
Clindamycin	DRUG_COMBINATION	Lubiprostone
Clindamycin	DRUG_COMBINATION	Leflunomide
Clindamycin	DRUG_COMBINATION	Diazoxide
Clindamycin	DRUG_COMBINATION	Sulfinpyrazone
Clindamycin	DRUG_COMBINATION	Bortezomib
Clindamycin	DRUG_COMBINATION	Mesalazine
Clindamycin	DRUG_COMBINATION	Clotrimazole
Clindamycin	DRUG_COMBINATION	Flucloxacillin
Clindamycin	DRUG_COMBINATION	Gefitinib
Clindamycin	DRUG_COMBINATION	Chlorzoxazone
Clindamycin	DRUG_COMBINATION	Mefloquine
Clindamycin	DRUG_COMBINATION	Cefazolin
Clindamycin	DRUG_COMBINATION	Cerivastatin
Clindamycin	DRUG_COMBINATION	Acitretin
Clindamycin	DRUG_COMBINATION	Vancomycin
Clindamycin	DRUG_COMBINATION	Pentostatin
Clindamycin	DRUG_COMBINATION	Chloroquine
Clindamycin	DRUG_COMBINATION	Pargyline
Clindamycin	DRUG_COMBINATION	Epinephrine
Clindamycin	DRUG_COMBINATION	Mifepristone
Clindamycin	DRUG_COMBINATION	Tiagabine
Clindamycin	DRUG_COMBINATION	Ethinylestradiol
Clindamycin	DRUG_COMBINATION	Armodafinil
Clindamycin	DRUG_COMBINATION	Methylene blue
Clindamycin	DRUG_COMBINATION	Mardepodect
Clindamycin	DRUG_COMBINATION	Triapine
Clindamycin	DRUG_COMBINATION	Brincidofovir
Clindamycin	DRUG_COMBINATION	Pyronaridine
Clindamycin	DRUG_COMBINATION	Lumefantrine
Clindamycin	DRUG_COMBINATION	Ginkgolide A
Clindamycin	DRUG_COMBINATION	Benserazide
Brinzolamide	DRUG_COMBINATION	Brimonidine
Brinzolamide	DRUG_COMBINATION	Latanoprost
Flecainide	DRUG_COMBINATION	Pilsicainide
Estramustine	DRUG_COMBINATION	Formestane
Estramustine	DRUG_COMBINATION	Pomalidomide
Estramustine	DRUG_COMBINATION	Mercaptopurine
Estramustine	DRUG_COMBINATION	Isoprenaline
Estramustine	DRUG_COMBINATION	Quinacrine
Estramustine	DRUG_COMBINATION	Baclofen
Estramustine	DRUG_COMBINATION	Bortezomib
Estramustine	DRUG_COMBINATION	Oseltamivir
Estramustine	DRUG_COMBINATION	Chlorambucil
Estramustine	DRUG_COMBINATION	Mitomycin
Estramustine	DRUG_COMBINATION	Atenolol
Estramustine	DRUG_COMBINATION	Mefloquine
Estramustine	DRUG_COMBINATION	Idarubicin
Estramustine	DRUG_COMBINATION	Ifosfamide
Estramustine	DRUG_COMBINATION	Docetaxel
Estramustine	DRUG_COMBINATION	Dasatinib
Estramustine	DRUG_COMBINATION	Lapatinib
Estramustine	DRUG_COMBINATION	Sunitinib
Estramustine	DRUG_COMBINATION	Valrubicin
Estramustine	DRUG_COMBINATION	Sorafenib
Estramustine	DRUG_COMBINATION	Pramipexole
Estramustine	DRUG_COMBINATION	Acitretin
Estramustine	DRUG_COMBINATION	Raloxifene
Estramustine	DRUG_COMBINATION	Altretamine
Estramustine	DRUG_COMBINATION	Cisplatin
Estramustine	DRUG_COMBINATION	Erlotinib
Estramustine	DRUG_COMBINATION	Cyclophosphamide
Estramustine	DRUG_COMBINATION	Acetohydroxamic acid
Estramustine	DRUG_COMBINATION	Pentostatin
Estramustine	DRUG_COMBINATION	Bosentan
Estramustine	DRUG_COMBINATION	Vorinostat
Estramustine	DRUG_COMBINATION	Vinblastine
Estramustine	DRUG_COMBINATION	Amiloride
Estramustine	DRUG_COMBINATION	Imatinib
Estramustine	DRUG_COMBINATION	Testosterone
Estramustine	DRUG_COMBINATION	Dyphylline
Estramustine	DRUG_COMBINATION	Acamprosate
Estramustine	DRUG_COMBINATION	Trimethobenzamide
Estramustine	DRUG_COMBINATION	SN-38
Estramustine	DRUG_COMBINATION	Mebutamate
Estramustine	DRUG_COMBINATION	Plicamycin
Estramustine	DRUG_COMBINATION	Pralatrexate
Estramustine	DRUG_COMBINATION	Acetazolamide
Estramustine	DRUG_COMBINATION	Sirolimus
Estramustine	DRUG_COMBINATION	Testolactone
Estramustine	DRUG_COMBINATION	Azacitidine
Estramustine	DRUG_COMBINATION	Maprotiline
Estramustine	DRUG_COMBINATION	Fulvestrant
Estramustine	DRUG_COMBINATION	Isoniazid
Estramustine	DRUG_COMBINATION	Ixabepilone
Estramustine	DRUG_COMBINATION	Nilotinib
Estramustine	DRUG_COMBINATION	Dactinomycin
Estramustine	DRUG_COMBINATION	Doxorubicin
Estramustine	DRUG_COMBINATION	Busulfan
Estramustine	DRUG_COMBINATION	Mirdametinib
Estramustine	DRUG_COMBINATION	Romidepsin
Estramustine	DRUG_COMBINATION	Silver sulfadiazine
Estramustine	DRUG_COMBINATION	Ridaforolimus
Estramustine	DRUG_COMBINATION	MK-8776
Estramustine	DRUG_COMBINATION	Triapine
Estramustine	DRUG_COMBINATION	Dinaciclib
Estramustine	DRUG_COMBINATION	Terameprocol
Estramustine	DRUG_COMBINATION	Tretamine
Estramustine	DRUG_COMBINATION	Dactolisib
Estramustine	DRUG_COMBINATION	10-hydroxycamptothecin
Estramustine	DRUG_COMBINATION	Adavosertib
Estramustine	DRUG_COMBINATION	Modufolin
Estramustine	DRUG_COMBINATION	Molibresib
Estramustine	DRUG_COMBINATION	Sivelestat
Estramustine	DRUG_COMBINATION	Niraparib
Estramustine	DRUG_COMBINATION	MK-2206
Captopril	DRUG_COMBINATION	Irbesartan
Captopril	DRUG_COMBINATION	Erlotinib
Captopril	DRUG_COMBINATION	Vildagliptin
Rifapentine	DRUG_COMBINATION	Moxifloxacin
Rifapentine	DRUG_COMBINATION	Dolutegravir
Rifapentine	DRUG_COMBINATION	Panobinostat
Levetiracetam	DRUG_COMBINATION	Fludarabine
Levetiracetam	DRUG_COMBINATION	Midazolam
Levetiracetam	DRUG_COMBINATION	Lacosamide
Levetiracetam	DRUG_COMBINATION	Levetiracetam
Mitoxantrone	DRUG_COMBINATION	Capecitabine
Mitoxantrone	DRUG_COMBINATION	Daunorubicin
Mitoxantrone	DRUG_COMBINATION	Azacitidine
Mitoxantrone	DRUG_COMBINATION	Cytarabine
Mitoxantrone	DRUG_COMBINATION	Panobinostat
Flumazenil	DRUG_COMBINATION	Idarubicin
Lomustine	DRUG_COMBINATION	Carmustine
Lomustine	DRUG_COMBINATION	Idarubicin
Lomustine	DRUG_COMBINATION	Sorafenib
Lomustine	DRUG_COMBINATION	Cediranib
Lomustine	DRUG_COMBINATION	Ridaforolimus
Lomustine	DRUG_COMBINATION	MK-8776
Lomustine	DRUG_COMBINATION	Galunisertib
Clarithromycin	DRUG_COMBINATION	Pomalidomide
Clarithromycin	DRUG_COMBINATION	Amoxicillin
Clarithromycin	DRUG_COMBINATION	Rabeprazole
Clarithromycin	DRUG_COMBINATION	Pantoprazole
Clarithromycin	DRUG_COMBINATION	Diltiazem
Clarithromycin	DRUG_COMBINATION	Docetaxel
Clarithromycin	DRUG_COMBINATION	Cefazolin
Clarithromycin	DRUG_COMBINATION	Colchicine
Clarithromycin	DRUG_COMBINATION	Voriconazole
Clarithromycin	DRUG_COMBINATION	Esomeprazole
Clarithromycin	DRUG_COMBINATION	Metronidazole
Clarithromycin	DRUG_COMBINATION	Potassium citrate
Clarithromycin	DRUG_COMBINATION	Edivoxetine
Clarithromycin	DRUG_COMBINATION	Abemaciclib
Clarithromycin	DRUG_COMBINATION	Apixaban
Clarithromycin	DRUG_COMBINATION	Cabazitaxel
Clarithromycin	DRUG_COMBINATION	Givinostat
Clarithromycin	DRUG_COMBINATION	Clarithromycin
Ceftriaxone	DRUG_COMBINATION	Levofloxacin
Ceftriaxone	DRUG_COMBINATION	Azithromycin
Ceftriaxone	DRUG_COMBINATION	Hydrocortisone
Ceftriaxone	DRUG_COMBINATION	Metronidazole
Fomepizole	DRUG_COMBINATION	Daidzin
Fomepizole	DRUG_COMBINATION	Pomalidomide
Fomepizole	DRUG_COMBINATION	Topotecan
Fomepizole	DRUG_COMBINATION	Rifampin
Fomepizole	DRUG_COMBINATION	Isoprenaline
Fomepizole	DRUG_COMBINATION	Sertraline
Fomepizole	DRUG_COMBINATION	Baclofen
Fomepizole	DRUG_COMBINATION	Oseltamivir
Fomepizole	DRUG_COMBINATION	Citalopram
Fomepizole	DRUG_COMBINATION	Mesalazine
Fomepizole	DRUG_COMBINATION	Pamidronic acid
Fomepizole	DRUG_COMBINATION	Etonogestrel
Fomepizole	DRUG_COMBINATION	Gefitinib
Fomepizole	DRUG_COMBINATION	Olanzapine
Fomepizole	DRUG_COMBINATION	Atenolol
Fomepizole	DRUG_COMBINATION	Nitisinone
Fomepizole	DRUG_COMBINATION	Chlorzoxazone
Fomepizole	DRUG_COMBINATION	Itraconazole
Fomepizole	DRUG_COMBINATION	Procarbazine
Fomepizole	DRUG_COMBINATION	Kanamycin
Fomepizole	DRUG_COMBINATION	Idarubicin
Fomepizole	DRUG_COMBINATION	Clindamycin
Fomepizole	DRUG_COMBINATION	Estramustine
Fomepizole	DRUG_COMBINATION	Docetaxel
Fomepizole	DRUG_COMBINATION	Decitabine
Fomepizole	DRUG_COMBINATION	Darunavir
Fomepizole	DRUG_COMBINATION	Sunitinib
Fomepizole	DRUG_COMBINATION	Spironolactone
Fomepizole	DRUG_COMBINATION	Methocarbamol
Fomepizole	DRUG_COMBINATION	Imipramine
Fomepizole	DRUG_COMBINATION	Triflupromazine
Fomepizole	DRUG_COMBINATION	Mephenytoin
Fomepizole	DRUG_COMBINATION	Acetohydroxamic acid
Fomepizole	DRUG_COMBINATION	Pentostatin
Fomepizole	DRUG_COMBINATION	Cisatracurium
Fomepizole	DRUG_COMBINATION	Vorinostat
Fomepizole	DRUG_COMBINATION	Fenoprofen
Fomepizole	DRUG_COMBINATION	Imatinib
Fomepizole	DRUG_COMBINATION	Oxandrolone
Fomepizole	DRUG_COMBINATION	Efavirenz
Fomepizole	DRUG_COMBINATION	Hydroxychloroquine
Fomepizole	DRUG_COMBINATION	Pargyline
Fomepizole	DRUG_COMBINATION	Oxyphenbutazone
Fomepizole	DRUG_COMBINATION	Dexmedetomidine
Fomepizole	DRUG_COMBINATION	Mebendazole
Fomepizole	DRUG_COMBINATION	Dyphylline
Fomepizole	DRUG_COMBINATION	Mecamylamine
Fomepizole	DRUG_COMBINATION	Acamprosate
Fomepizole	DRUG_COMBINATION	Sumatriptan
Fomepizole	DRUG_COMBINATION	Galantamine
Fomepizole	DRUG_COMBINATION	Naltrexone
Fomepizole	DRUG_COMBINATION	Azatadine
Fomepizole	DRUG_COMBINATION	Pentamidine
Fomepizole	DRUG_COMBINATION	Zileuton
Fomepizole	DRUG_COMBINATION	Metyrosine
Fomepizole	DRUG_COMBINATION	Acyclovir
Fomepizole	DRUG_COMBINATION	Primidone
Fomepizole	DRUG_COMBINATION	Acetazolamide
Fomepizole	DRUG_COMBINATION	Trifluoperazine
Fomepizole	DRUG_COMBINATION	Tacrolimus
Fomepizole	DRUG_COMBINATION	Isosorbide dinitrate
Fomepizole	DRUG_COMBINATION	Sulfapyridine
Fomepizole	DRUG_COMBINATION	Testolactone
Fomepizole	DRUG_COMBINATION	Tiagabine
Fomepizole	DRUG_COMBINATION	Repaglinide
Fomepizole	DRUG_COMBINATION	Phenprocoumon
Fomepizole	DRUG_COMBINATION	Ezetimibe
Fomepizole	DRUG_COMBINATION	Ethinylestradiol
Fomepizole	DRUG_COMBINATION	Cytarabine
Fomepizole	DRUG_COMBINATION	Dopamine
Fomepizole	DRUG_COMBINATION	Busulfan
Fomepizole	DRUG_COMBINATION	Pizotifen
Fomepizole	DRUG_COMBINATION	Silver sulfadiazine
Fomepizole	DRUG_COMBINATION	Lacosamide
Fomepizole	DRUG_COMBINATION	Armodafinil
Fomepizole	DRUG_COMBINATION	Triapine
Fomepizole	DRUG_COMBINATION	Anamorelin
Fomepizole	DRUG_COMBINATION	Terameprocol
Fomepizole	DRUG_COMBINATION	Artemisinin
Fomepizole	DRUG_COMBINATION	10-hydroxycamptothecin
Fomepizole	DRUG_COMBINATION	Modufolin
Fomepizole	DRUG_COMBINATION	K-134
Fomepizole	DRUG_COMBINATION	Paxalisib
Fomepizole	DRUG_COMBINATION	Benserazide
Fomepizole	DRUG_COMBINATION	Sivelestat
Finasteride	DRUG_COMBINATION	Panobinostat
Anastrozole	DRUG_COMBINATION	Ruxolitinib
Anastrozole	DRUG_COMBINATION	Vemurafenib
Anastrozole	DRUG_COMBINATION	Formestane
Anastrozole	DRUG_COMBINATION	Pomalidomide
Anastrozole	DRUG_COMBINATION	Topotecan
Anastrozole	DRUG_COMBINATION	Mercaptopurine
Anastrozole	DRUG_COMBINATION	Fludarabine
Anastrozole	DRUG_COMBINATION	Quinacrine
Anastrozole	DRUG_COMBINATION	Bicalutamide
Anastrozole	DRUG_COMBINATION	Bortezomib
Anastrozole	DRUG_COMBINATION	Bleomycin
Anastrozole	DRUG_COMBINATION	Chlorambucil
Anastrozole	DRUG_COMBINATION	Mitomycin
Anastrozole	DRUG_COMBINATION	Tioguanine
Anastrozole	DRUG_COMBINATION	Idarubicin
Anastrozole	DRUG_COMBINATION	Estramustine
Anastrozole	DRUG_COMBINATION	Paclitaxel
Anastrozole	DRUG_COMBINATION	Docetaxel
Anastrozole	DRUG_COMBINATION	Dasatinib
Anastrozole	DRUG_COMBINATION	Lapatinib
Anastrozole	DRUG_COMBINATION	Sunitinib
Anastrozole	DRUG_COMBINATION	Dexrazoxane
Anastrozole	DRUG_COMBINATION	Valrubicin
Anastrozole	DRUG_COMBINATION	Sorafenib
Anastrozole	DRUG_COMBINATION	Trifluridine
Anastrozole	DRUG_COMBINATION	Raloxifene
Anastrozole	DRUG_COMBINATION	Celecoxib
Anastrozole	DRUG_COMBINATION	Altretamine
Anastrozole	DRUG_COMBINATION	Cisplatin
Anastrozole	DRUG_COMBINATION	Cyclophosphamide
Anastrozole	DRUG_COMBINATION	Pentostatin
Anastrozole	DRUG_COMBINATION	Methotrexate
Anastrozole	DRUG_COMBINATION	Digitoxin
Anastrozole	DRUG_COMBINATION	Imatinib
Anastrozole	DRUG_COMBINATION	Genistein
Anastrozole	DRUG_COMBINATION	Dyphylline
Anastrozole	DRUG_COMBINATION	Plicamycin
Anastrozole	DRUG_COMBINATION	Pralatrexate
Anastrozole	DRUG_COMBINATION	Triptorelin
Anastrozole	DRUG_COMBINATION	Estradiol
Anastrozole	DRUG_COMBINATION	Uracil mustard
Anastrozole	DRUG_COMBINATION	Dacarbazine
Anastrozole	DRUG_COMBINATION	Sirolimus
Anastrozole	DRUG_COMBINATION	Mechlorethamine
Anastrozole	DRUG_COMBINATION	Azacitidine
Anastrozole	DRUG_COMBINATION	Fulvestrant
Anastrozole	DRUG_COMBINATION	Isoniazid
Anastrozole	DRUG_COMBINATION	Ixabepilone
Anastrozole	DRUG_COMBINATION	Nilotinib
Anastrozole	DRUG_COMBINATION	Picoplatin
Anastrozole	DRUG_COMBINATION	Tamibarotene
Anastrozole	DRUG_COMBINATION	Amonafide
Anastrozole	DRUG_COMBINATION	Dactinomycin
Anastrozole	DRUG_COMBINATION	Letrozole
Anastrozole	DRUG_COMBINATION	Busulfan
Anastrozole	DRUG_COMBINATION	Romidepsin
Anastrozole	DRUG_COMBINATION	Vandetanib
Anastrozole	DRUG_COMBINATION	Triapine
Anastrozole	DRUG_COMBINATION	Dinaciclib
Anastrozole	DRUG_COMBINATION	Terameprocol
Anastrozole	DRUG_COMBINATION	Crizotinib
Anastrozole	DRUG_COMBINATION	Liarozole
Anastrozole	DRUG_COMBINATION	10-hydroxycamptothecin
Anastrozole	DRUG_COMBINATION	Modufolin
Anastrozole	DRUG_COMBINATION	Saracatinib
Dantrolene	DRUG_COMBINATION	Topotecan
Dantrolene	DRUG_COMBINATION	Probenecid
Dantrolene	DRUG_COMBINATION	Lubiprostone
Dantrolene	DRUG_COMBINATION	Oseltamivir
Dantrolene	DRUG_COMBINATION	Citalopram
Dantrolene	DRUG_COMBINATION	Aminosalicylic acid
Dantrolene	DRUG_COMBINATION	Cefmenoxime
Dantrolene	DRUG_COMBINATION	Ethambutol
Dantrolene	DRUG_COMBINATION	Nitisinone
Dantrolene	DRUG_COMBINATION	Methylergometrine
Dantrolene	DRUG_COMBINATION	Terazosin
Dantrolene	DRUG_COMBINATION	Idarubicin
Dantrolene	DRUG_COMBINATION	Fomepizole
Dantrolene	DRUG_COMBINATION	Bepridil
Dantrolene	DRUG_COMBINATION	Sitagliptin
Dantrolene	DRUG_COMBINATION	Tacrine
Dantrolene	DRUG_COMBINATION	Triamterene
Dantrolene	DRUG_COMBINATION	Methocarbamol
Dantrolene	DRUG_COMBINATION	Allopurinol
Dantrolene	DRUG_COMBINATION	Cerivastatin
Dantrolene	DRUG_COMBINATION	Dextromethorphan
Dantrolene	DRUG_COMBINATION	Paromomycin
Dantrolene	DRUG_COMBINATION	Vorinostat
Dantrolene	DRUG_COMBINATION	Oseltamivir acid
Dantrolene	DRUG_COMBINATION	Vinblastine
Dantrolene	DRUG_COMBINATION	Amiloride
Dantrolene	DRUG_COMBINATION	Furazolidone
Dantrolene	DRUG_COMBINATION	Efavirenz
Dantrolene	DRUG_COMBINATION	Pargyline
Dantrolene	DRUG_COMBINATION	Dexmedetomidine
Dantrolene	DRUG_COMBINATION	Dyphylline
Dantrolene	DRUG_COMBINATION	Acamprosate
Dantrolene	DRUG_COMBINATION	Sumatriptan
Dantrolene	DRUG_COMBINATION	Galantamine
Dantrolene	DRUG_COMBINATION	Moricizine
Dantrolene	DRUG_COMBINATION	Diethylcarbamazine
Dantrolene	DRUG_COMBINATION	Azatadine
Dantrolene	DRUG_COMBINATION	Clopidogrel
Dantrolene	DRUG_COMBINATION	SN-38
Dantrolene	DRUG_COMBINATION	Mebutamate
Dantrolene	DRUG_COMBINATION	Metyrosine
Dantrolene	DRUG_COMBINATION	Primidone
Dantrolene	DRUG_COMBINATION	Tolazoline
Dantrolene	DRUG_COMBINATION	Trifluoperazine
Dantrolene	DRUG_COMBINATION	Tinidazole
Dantrolene	DRUG_COMBINATION	Maprotiline
Dantrolene	DRUG_COMBINATION	Dronedarone
Dantrolene	DRUG_COMBINATION	Picoplatin
Dantrolene	DRUG_COMBINATION	Dactinomycin
Dantrolene	DRUG_COMBINATION	Doxorubicin
Dantrolene	DRUG_COMBINATION	Rufinamide
Dantrolene	DRUG_COMBINATION	Lacosamide
Dantrolene	DRUG_COMBINATION	Eflornithine
Dantrolene	DRUG_COMBINATION	Mardepodect
Dantrolene	DRUG_COMBINATION	Dinaciclib
Dantrolene	DRUG_COMBINATION	Brincidofovir
Dantrolene	DRUG_COMBINATION	Carglumic acid
Dantrolene	DRUG_COMBINATION	Liarozole
Dantrolene	DRUG_COMBINATION	Emetine
Dantrolene	DRUG_COMBINATION	Clascoterone
Dantrolene	DRUG_COMBINATION	Modufolin
Dantrolene	DRUG_COMBINATION	Benserazide
Dantrolene	DRUG_COMBINATION	Luteolin
Rifaximin	DRUG_COMBINATION	Acetylcysteine
Rifaximin	DRUG_COMBINATION	Marizomib
Ketamine	DRUG_COMBINATION	Perampanel
Ketamine	DRUG_COMBINATION	Pregabalin
Ketamine	DRUG_COMBINATION	Lidocaine
Ketamine	DRUG_COMBINATION	Morphine
Ketamine	DRUG_COMBINATION	Ropivacaine
Ketamine	DRUG_COMBINATION	Amitriptyline
Ketamine	DRUG_COMBINATION	Methadone
Ketamine	DRUG_COMBINATION	Dexamethasone
Ketamine	DRUG_COMBINATION	Sevoflurane
Ketamine	DRUG_COMBINATION	Ketorolac
Ketamine	DRUG_COMBINATION	Fluoxetine
Ketamine	DRUG_COMBINATION	Methohexital
Ketamine	DRUG_COMBINATION	Oxycodone
Ketamine	DRUG_COMBINATION	Cinchocaine
Ketamine	DRUG_COMBINATION	Lamotrigine
Ketamine	DRUG_COMBINATION	Clonidine
Ketamine	DRUG_COMBINATION	Midazolam
Ketamine	DRUG_COMBINATION	Naltrexone
Ketamine	DRUG_COMBINATION	Sufentanil
Ketamine	DRUG_COMBINATION	Rocuronium
Ketamine	DRUG_COMBINATION	Riluzole
Ketamine	DRUG_COMBINATION	Modafinil
Ketamine	DRUG_COMBINATION	Fentanyl
Ketamine	DRUG_COMBINATION	Propofol
Ketamine	DRUG_COMBINATION	Remifentanil
Ketamine	DRUG_COMBINATION	Ondansetron
Ketamine	DRUG_COMBINATION	Gabapentin
Ketamine	DRUG_COMBINATION	Levobupivacaine
Ketamine	DRUG_COMBINATION	Alvimopan
Ketamine	DRUG_COMBINATION	Lithium carbonate
Ketamine	DRUG_COMBINATION	Esketamine
Ketamine	DRUG_COMBINATION	PF-04958242
Ketamine	DRUG_COMBINATION	Ketamine
Budesonide	DRUG_COMBINATION	Ruxolitinib
Budesonide	DRUG_COMBINATION	Theophylline
Budesonide	DRUG_COMBINATION	Montelukast
Budesonide	DRUG_COMBINATION	Mycophenolate mofetil
Budesonide	DRUG_COMBINATION	Methylprednisolone
Budesonide	DRUG_COMBINATION	Azelastine
Budesonide	DRUG_COMBINATION	Formoterol
Budesonide	DRUG_COMBINATION	Budesonide
Aminophylline	DRUG_COMBINATION	Furosemide
Quetiapine	DRUG_COMBINATION	Aripiprazole
Quetiapine	DRUG_COMBINATION	Paroxetine
Quetiapine	DRUG_COMBINATION	Risperidone
Paclitaxel	DRUG_COMBINATION	Formestane
Paclitaxel	DRUG_COMBINATION	Pomalidomide
Paclitaxel	DRUG_COMBINATION	Capecitabine
Paclitaxel	DRUG_COMBINATION	Quinacrine
Paclitaxel	DRUG_COMBINATION	Bortezomib
Paclitaxel	DRUG_COMBINATION	Bleomycin
Paclitaxel	DRUG_COMBINATION	Chlorambucil
Paclitaxel	DRUG_COMBINATION	Mitomycin
Paclitaxel	DRUG_COMBINATION	Idarubicin
Paclitaxel	DRUG_COMBINATION	Estramustine
Paclitaxel	DRUG_COMBINATION	Docetaxel
Paclitaxel	DRUG_COMBINATION	Dasatinib
Paclitaxel	DRUG_COMBINATION	Lapatinib
Paclitaxel	DRUG_COMBINATION	Sunitinib
Paclitaxel	DRUG_COMBINATION	Valrubicin
Paclitaxel	DRUG_COMBINATION	Sorafenib
Paclitaxel	DRUG_COMBINATION	Epirubicin
Paclitaxel	DRUG_COMBINATION	Cisplatin
Paclitaxel	DRUG_COMBINATION	Erlotinib
Paclitaxel	DRUG_COMBINATION	Cyclophosphamide
Paclitaxel	DRUG_COMBINATION	Pentostatin
Paclitaxel	DRUG_COMBINATION	Vorinostat
Paclitaxel	DRUG_COMBINATION	Imatinib
Paclitaxel	DRUG_COMBINATION	Plicamycin
Paclitaxel	DRUG_COMBINATION	Pralatrexate
Paclitaxel	DRUG_COMBINATION	Pentoxifylline
Paclitaxel	DRUG_COMBINATION	Suramin
Paclitaxel	DRUG_COMBINATION	Fulvestrant
Paclitaxel	DRUG_COMBINATION	Ixabepilone
Paclitaxel	DRUG_COMBINATION	Elacridar
Paclitaxel	DRUG_COMBINATION	Dactinomycin
Paclitaxel	DRUG_COMBINATION	Mirdametinib
Paclitaxel	DRUG_COMBINATION	Afatinib
Paclitaxel	DRUG_COMBINATION	Tirbanibulin
Paclitaxel	DRUG_COMBINATION	Tanespimycin
Paclitaxel	DRUG_COMBINATION	Alisertib
Paclitaxel	DRUG_COMBINATION	Ibrutinib
Paclitaxel	DRUG_COMBINATION	Ridaforolimus
Paclitaxel	DRUG_COMBINATION	MK-8776
Paclitaxel	DRUG_COMBINATION	Triapine
Paclitaxel	DRUG_COMBINATION	Dinaciclib
Paclitaxel	DRUG_COMBINATION	Terameprocol
Paclitaxel	DRUG_COMBINATION	Tretamine
Paclitaxel	DRUG_COMBINATION	Navitoclax
Paclitaxel	DRUG_COMBINATION	Dactolisib
Paclitaxel	DRUG_COMBINATION	Ricolinostat
Paclitaxel	DRUG_COMBINATION	10-hydroxycamptothecin
Paclitaxel	DRUG_COMBINATION	Adavosertib
Paclitaxel	DRUG_COMBINATION	Molibresib
Paclitaxel	DRUG_COMBINATION	Niraparib
Paclitaxel	DRUG_COMBINATION	MK-2206
Pemoline	DRUG_COMBINATION	Spironolactone
Diphenidol	DRUG_COMBINATION	Pomalidomide
Diphenidol	DRUG_COMBINATION	Guanfacine
Diphenidol	DRUG_COMBINATION	Novobiocin
Diphenidol	DRUG_COMBINATION	Isoprenaline
Diphenidol	DRUG_COMBINATION	Leflunomide
Diphenidol	DRUG_COMBINATION	Diazoxide
Diphenidol	DRUG_COMBINATION	Sulfinpyrazone
Diphenidol	DRUG_COMBINATION	Bortezomib
Diphenidol	DRUG_COMBINATION	Oseltamivir
Diphenidol	DRUG_COMBINATION	Citalopram
Diphenidol	DRUG_COMBINATION	Aminosalicylic acid
Diphenidol	DRUG_COMBINATION	Chlorambucil
Diphenidol	DRUG_COMBINATION	Ibutilide
Diphenidol	DRUG_COMBINATION	Gefitinib
Diphenidol	DRUG_COMBINATION	Chlorzoxazone
Diphenidol	DRUG_COMBINATION	Itraconazole
Diphenidol	DRUG_COMBINATION	Kanamycin
Diphenidol	DRUG_COMBINATION	Docetaxel
Diphenidol	DRUG_COMBINATION	Sunitinib
Diphenidol	DRUG_COMBINATION	Miglustat
Diphenidol	DRUG_COMBINATION	Methocarbamol
Diphenidol	DRUG_COMBINATION	Cerivastatin
Diphenidol	DRUG_COMBINATION	Nabilone
Diphenidol	DRUG_COMBINATION	Triflupromazine
Diphenidol	DRUG_COMBINATION	Albendazole
Diphenidol	DRUG_COMBINATION	Methotrexate
Diphenidol	DRUG_COMBINATION	Cisatracurium
Diphenidol	DRUG_COMBINATION	Paromomycin
Diphenidol	DRUG_COMBINATION	Vorinostat
Diphenidol	DRUG_COMBINATION	Fenoprofen
Diphenidol	DRUG_COMBINATION	Chloroquine
Diphenidol	DRUG_COMBINATION	Imatinib
Diphenidol	DRUG_COMBINATION	Testosterone
Diphenidol	DRUG_COMBINATION	Pargyline
Diphenidol	DRUG_COMBINATION	Oxyphenbutazone
Diphenidol	DRUG_COMBINATION	Acamprosate
Diphenidol	DRUG_COMBINATION	Trimethobenzamide
Diphenidol	DRUG_COMBINATION	Epinephrine
Diphenidol	DRUG_COMBINATION	Diethylcarbamazine
Diphenidol	DRUG_COMBINATION	Zileuton
Diphenidol	DRUG_COMBINATION	Clopidogrel
Diphenidol	DRUG_COMBINATION	SN-38
Diphenidol	DRUG_COMBINATION	Trioxsalen
Diphenidol	DRUG_COMBINATION	Metyrosine
Diphenidol	DRUG_COMBINATION	Acyclovir
Diphenidol	DRUG_COMBINATION	Acetazolamide
Diphenidol	DRUG_COMBINATION	Testolactone
Diphenidol	DRUG_COMBINATION	Maprotiline
Diphenidol	DRUG_COMBINATION	Doxorubicin
Diphenidol	DRUG_COMBINATION	Methylene blue
Diphenidol	DRUG_COMBINATION	Mardepodect
Diphenidol	DRUG_COMBINATION	Triapine
Diphenidol	DRUG_COMBINATION	Ginkgolide A
Diphenidol	DRUG_COMBINATION	Terameprocol
Saquinavir	DRUG_COMBINATION	Ritonavir
Metoclopramide	DRUG_COMBINATION	Diphenhydramine
Metoclopramide	DRUG_COMBINATION	Ketorolac
Metoclopramide	DRUG_COMBINATION	Propofol
Metoclopramide	DRUG_COMBINATION	Ondansetron
Metoclopramide	DRUG_COMBINATION	Methylprednisolone
Metoclopramide	DRUG_COMBINATION	Ketoprofen
Dexamethasone	DRUG_COMBINATION	Ruxolitinib
Dexamethasone	DRUG_COMBINATION	Teriflunomide
Dexamethasone	DRUG_COMBINATION	Carfilzomib
Dexamethasone	DRUG_COMBINATION	Pomalidomide
Dexamethasone	DRUG_COMBINATION	Ibuprofen
Dexamethasone	DRUG_COMBINATION	Diphenhydramine
Dexamethasone	DRUG_COMBINATION	Atorvastatin
Dexamethasone	DRUG_COMBINATION	Nifedipine
Dexamethasone	DRUG_COMBINATION	Bortezomib
Dexamethasone	DRUG_COMBINATION	Oseltamivir
Dexamethasone	DRUG_COMBINATION	Moxifloxacin
Dexamethasone	DRUG_COMBINATION	Lidocaine
Dexamethasone	DRUG_COMBINATION	Ropivacaine
Dexamethasone	DRUG_COMBINATION	Mitomycin
Dexamethasone	DRUG_COMBINATION	Acetaminophen
Dexamethasone	DRUG_COMBINATION	Omeprazole
Dexamethasone	DRUG_COMBINATION	Idarubicin
Dexamethasone	DRUG_COMBINATION	Clarithromycin
Dexamethasone	DRUG_COMBINATION	Metoclopramide
Dexamethasone	DRUG_COMBINATION	Docetaxel
Dexamethasone	DRUG_COMBINATION	Dasatinib
Dexamethasone	DRUG_COMBINATION	Lapatinib
Dexamethasone	DRUG_COMBINATION	Decitabine
Dexamethasone	DRUG_COMBINATION	Sunitinib
Dexamethasone	DRUG_COMBINATION	Palonosetron
Dexamethasone	DRUG_COMBINATION	Sorafenib
Dexamethasone	DRUG_COMBINATION	Zoledronic acid
Dexamethasone	DRUG_COMBINATION	Ampicillin
Dexamethasone	DRUG_COMBINATION	Gemcitabine
Dexamethasone	DRUG_COMBINATION	Betamethasone
Dexamethasone	DRUG_COMBINATION	Ketorolac
Dexamethasone	DRUG_COMBINATION	Dronabinol
Dexamethasone	DRUG_COMBINATION	Lenalidomide
Dexamethasone	DRUG_COMBINATION	Celecoxib
Dexamethasone	DRUG_COMBINATION	Cimetidine
Dexamethasone	DRUG_COMBINATION	Erlotinib
Dexamethasone	DRUG_COMBINATION	Cyclophosphamide
Dexamethasone	DRUG_COMBINATION	Ciprofloxacin
Dexamethasone	DRUG_COMBINATION	Methotrexate
Dexamethasone	DRUG_COMBINATION	Triamcinolone
Dexamethasone	DRUG_COMBINATION	Everolimus
Dexamethasone	DRUG_COMBINATION	Pemetrexed
Dexamethasone	DRUG_COMBINATION	Magnesium sulfate
Dexamethasone	DRUG_COMBINATION	Daunorubicin
Dexamethasone	DRUG_COMBINATION	Hydrocortisone
Dexamethasone	DRUG_COMBINATION	Plerixafor
Dexamethasone	DRUG_COMBINATION	Etoposide
Dexamethasone	DRUG_COMBINATION	Proparacaine
Dexamethasone	DRUG_COMBINATION	Perphenazine
Dexamethasone	DRUG_COMBINATION	Prednisolone
Dexamethasone	DRUG_COMBINATION	Tacrolimus
Dexamethasone	DRUG_COMBINATION	Ondansetron
Dexamethasone	DRUG_COMBINATION	Buprenorphine
Dexamethasone	DRUG_COMBINATION	Azacitidine
Dexamethasone	DRUG_COMBINATION	Abiraterone
Dexamethasone	DRUG_COMBINATION	Methylprednisolone
Dexamethasone	DRUG_COMBINATION	Mepivacaine
Dexamethasone	DRUG_COMBINATION	Gabapentin
Dexamethasone	DRUG_COMBINATION	Levobupivacaine
Dexamethasone	DRUG_COMBINATION	Trabectedin
Dexamethasone	DRUG_COMBINATION	Mirdametinib
Dexamethasone	DRUG_COMBINATION	Acetylcysteine
Dexamethasone	DRUG_COMBINATION	Romidepsin
Dexamethasone	DRUG_COMBINATION	Ibrutinib
Dexamethasone	DRUG_COMBINATION	Palbociclib
Dexamethasone	DRUG_COMBINATION	Ridaforolimus
Dexamethasone	DRUG_COMBINATION	Temsirolimus
Dexamethasone	DRUG_COMBINATION	MK-8776
Dexamethasone	DRUG_COMBINATION	Rolapitant
Dexamethasone	DRUG_COMBINATION	Dinaciclib
Dexamethasone	DRUG_COMBINATION	LY-3039478
Dexamethasone	DRUG_COMBINATION	Midostaurin
Dexamethasone	DRUG_COMBINATION	Panobinostat
Dexamethasone	DRUG_COMBINATION	Casopitant
Dexamethasone	DRUG_COMBINATION	Perifosine
Dexamethasone	DRUG_COMBINATION	Iberdomide
Dexamethasone	DRUG_COMBINATION	Erdafitinib
Dexamethasone	DRUG_COMBINATION	Napabucasin
Dexamethasone	DRUG_COMBINATION	Enoxolone
Dexamethasone	DRUG_COMBINATION	Venetoclax
Dexamethasone	DRUG_COMBINATION	Dactolisib
Dexamethasone	DRUG_COMBINATION	Selumetinib
Dexamethasone	DRUG_COMBINATION	Ribociclib
Dexamethasone	DRUG_COMBINATION	Adavosertib
Dexamethasone	DRUG_COMBINATION	Azeliragon
Dexamethasone	DRUG_COMBINATION	Molibresib
Dexamethasone	DRUG_COMBINATION	Remdesivir
Dexamethasone	DRUG_COMBINATION	Marizomib
Dexamethasone	DRUG_COMBINATION	Niraparib
Dexamethasone	DRUG_COMBINATION	Baricitinib
Dexamethasone	DRUG_COMBINATION	MK-2206
Dexamethasone	DRUG_COMBINATION	Dexamethasone
Levodopa	DRUG_COMBINATION	Cabergoline
Levodopa	DRUG_COMBINATION	Rotigotine
Sevoflurane	DRUG_COMBINATION	Remifentanil
Aripiprazole	DRUG_COMBINATION	Cycloserine
Aripiprazole	DRUG_COMBINATION	Olanzapine
Aripiprazole	DRUG_COMBINATION	Bupropion
Aripiprazole	DRUG_COMBINATION	Escitalopram
Aripiprazole	DRUG_COMBINATION	Paliperidone
Aripiprazole	DRUG_COMBINATION	Modafinil
Gemfibrozil	DRUG_COMBINATION	Idarubicin
Gemfibrozil	DRUG_COMBINATION	Spebrutinib
Chloroxine	DRUG_COMBINATION	Mefloquine
Chloroxine	DRUG_COMBINATION	Idarubicin
Chloroxine	DRUG_COMBINATION	Vinpocetine
Chloroxine	DRUG_COMBINATION	Cantharidin
Bepridil	DRUG_COMBINATION	Lubiprostone
Bepridil	DRUG_COMBINATION	Iloprost
Bepridil	DRUG_COMBINATION	Leflunomide
Bepridil	DRUG_COMBINATION	Diazoxide
Bepridil	DRUG_COMBINATION	Diclofenamide
Bepridil	DRUG_COMBINATION	Ethambutol
Bepridil	DRUG_COMBINATION	Chlorzoxazone
Bepridil	DRUG_COMBINATION	Idarubicin
Bepridil	DRUG_COMBINATION	Sunitinib
Bepridil	DRUG_COMBINATION	Cerivastatin
Bepridil	DRUG_COMBINATION	Triflupromazine
Bepridil	DRUG_COMBINATION	Mephenytoin
Bepridil	DRUG_COMBINATION	Vinblastine
Bepridil	DRUG_COMBINATION	Fenoprofen
Bepridil	DRUG_COMBINATION	Amodiaquine
Bepridil	DRUG_COMBINATION	Efavirenz
Bepridil	DRUG_COMBINATION	Genistein
Bepridil	DRUG_COMBINATION	Galantamine
Bepridil	DRUG_COMBINATION	Clopidogrel
Bepridil	DRUG_COMBINATION	Raltegravir
Bepridil	DRUG_COMBINATION	Metyrosine
Bepridil	DRUG_COMBINATION	Isosorbide dinitrate
Bepridil	DRUG_COMBINATION	Testolactone
Bepridil	DRUG_COMBINATION	Tiagabine
Bepridil	DRUG_COMBINATION	Maprotiline
Bepridil	DRUG_COMBINATION	Cytarabine
Bepridil	DRUG_COMBINATION	Ciprofibrate
Bepridil	DRUG_COMBINATION	Mardepodect
Bepridil	DRUG_COMBINATION	Ginkgolide A
Bepridil	DRUG_COMBINATION	Marizomib
Docetaxel	DRUG_COMBINATION	Cabozantinib
Docetaxel	DRUG_COMBINATION	Ruxolitinib
Docetaxel	DRUG_COMBINATION	Enzalutamide
Docetaxel	DRUG_COMBINATION	Formestane
Docetaxel	DRUG_COMBINATION	Pomalidomide
Docetaxel	DRUG_COMBINATION	Guanfacine
Docetaxel	DRUG_COMBINATION	Mercaptopurine
Docetaxel	DRUG_COMBINATION	Memantine
Docetaxel	DRUG_COMBINATION	Isoprenaline
Docetaxel	DRUG_COMBINATION	Capecitabine
Docetaxel	DRUG_COMBINATION	Quinacrine
Docetaxel	DRUG_COMBINATION	Sertraline
Docetaxel	DRUG_COMBINATION	Sulfinpyrazone
Docetaxel	DRUG_COMBINATION	Bortezomib
Docetaxel	DRUG_COMBINATION	Oseltamivir
Docetaxel	DRUG_COMBINATION	Citalopram
Docetaxel	DRUG_COMBINATION	Crotamiton
Docetaxel	DRUG_COMBINATION	Theophylline
Docetaxel	DRUG_COMBINATION	Liothyronine
Docetaxel	DRUG_COMBINATION	Pamidronic acid
Docetaxel	DRUG_COMBINATION	Bleomycin
Docetaxel	DRUG_COMBINATION	Chlorambucil
Docetaxel	DRUG_COMBINATION	Etomidate
Docetaxel	DRUG_COMBINATION	Mitomycin
Docetaxel	DRUG_COMBINATION	Olanzapine
Docetaxel	DRUG_COMBINATION	Nitisinone
Docetaxel	DRUG_COMBINATION	Mefloquine
Docetaxel	DRUG_COMBINATION	Vinorelbine
Docetaxel	DRUG_COMBINATION	Terazosin
Docetaxel	DRUG_COMBINATION	Idarubicin
Docetaxel	DRUG_COMBINATION	Chlormezanone
Docetaxel	DRUG_COMBINATION	Ifosfamide
Docetaxel	DRUG_COMBINATION	Estramustine
Docetaxel	DRUG_COMBINATION	Mitoxantrone
Docetaxel	DRUG_COMBINATION	Paclitaxel
Docetaxel	DRUG_COMBINATION	Dasatinib
Docetaxel	DRUG_COMBINATION	Lapatinib
Docetaxel	DRUG_COMBINATION	Sitagliptin
Docetaxel	DRUG_COMBINATION	Darunavir
Docetaxel	DRUG_COMBINATION	Sunitinib
Docetaxel	DRUG_COMBINATION	Hydralazine
Docetaxel	DRUG_COMBINATION	Palonosetron
Docetaxel	DRUG_COMBINATION	Tacrine
Docetaxel	DRUG_COMBINATION	Sorafenib
Docetaxel	DRUG_COMBINATION	Zoledronic acid
Docetaxel	DRUG_COMBINATION	Pramipexole
Docetaxel	DRUG_COMBINATION	Acetohexamide
Docetaxel	DRUG_COMBINATION	Miglustat
Docetaxel	DRUG_COMBINATION	Allopurinol
Docetaxel	DRUG_COMBINATION	Epirubicin
Docetaxel	DRUG_COMBINATION	Enoxacin
Docetaxel	DRUG_COMBINATION	Nabilone
Docetaxel	DRUG_COMBINATION	Altretamine
Docetaxel	DRUG_COMBINATION	Buspirone
Docetaxel	DRUG_COMBINATION	Entacapone
Docetaxel	DRUG_COMBINATION	Triflupromazine
Docetaxel	DRUG_COMBINATION	Cisplatin
Docetaxel	DRUG_COMBINATION	Cyclophosphamide
Docetaxel	DRUG_COMBINATION	Mephenytoin
Docetaxel	DRUG_COMBINATION	Acetohydroxamic acid
Docetaxel	DRUG_COMBINATION	Pentostatin
Docetaxel	DRUG_COMBINATION	Methoxsalen
Docetaxel	DRUG_COMBINATION	Bosentan
Docetaxel	DRUG_COMBINATION	Methotrexate
Docetaxel	DRUG_COMBINATION	Vorinostat
Docetaxel	DRUG_COMBINATION	Imatinib
Docetaxel	DRUG_COMBINATION	Testosterone
Docetaxel	DRUG_COMBINATION	Efavirenz
Docetaxel	DRUG_COMBINATION	Ursodeoxycholic acid
Docetaxel	DRUG_COMBINATION	Hydroxychloroquine
Docetaxel	DRUG_COMBINATION	Pargyline
Docetaxel	DRUG_COMBINATION	Alvocidib
Docetaxel	DRUG_COMBINATION	Prednisone
Docetaxel	DRUG_COMBINATION	Pemetrexed
Docetaxel	DRUG_COMBINATION	Dyphylline
Docetaxel	DRUG_COMBINATION	Metaxalone
Docetaxel	DRUG_COMBINATION	Epinephrine
Docetaxel	DRUG_COMBINATION	Tamoxifen
Docetaxel	DRUG_COMBINATION	Daunorubicin
Docetaxel	DRUG_COMBINATION	Diethylcarbamazine
Docetaxel	DRUG_COMBINATION	Pentamidine
Docetaxel	DRUG_COMBINATION	Zileuton
Docetaxel	DRUG_COMBINATION	Modafinil
Docetaxel	DRUG_COMBINATION	Mebutamate
Docetaxel	DRUG_COMBINATION	Plicamycin
Docetaxel	DRUG_COMBINATION	Pralatrexate
Docetaxel	DRUG_COMBINATION	Raltegravir
Docetaxel	DRUG_COMBINATION	Irinotecan
Docetaxel	DRUG_COMBINATION	Patupilone
Docetaxel	DRUG_COMBINATION	Suramin
Docetaxel	DRUG_COMBINATION	Trifluoperazine
Docetaxel	DRUG_COMBINATION	Loperamide
Docetaxel	DRUG_COMBINATION	Chlorphenesin
Docetaxel	DRUG_COMBINATION	Amantadine
Docetaxel	DRUG_COMBINATION	Azacitidine
Docetaxel	DRUG_COMBINATION	Maprotiline
Docetaxel	DRUG_COMBINATION	Ixabepilone
Docetaxel	DRUG_COMBINATION	Dronedarone
Docetaxel	DRUG_COMBINATION	Vatalanib
Docetaxel	DRUG_COMBINATION	Elacridar
Docetaxel	DRUG_COMBINATION	Dactinomycin
Docetaxel	DRUG_COMBINATION	Busulfan
Docetaxel	DRUG_COMBINATION	Afatinib
Docetaxel	DRUG_COMBINATION	Romidepsin
Docetaxel	DRUG_COMBINATION	{4-[3-(4-acetyl-3-hydroxy-2-propylphenoxy)propoxy]phenoxy}acetic acid
Docetaxel	DRUG_COMBINATION	Tanespimycin
Docetaxel	DRUG_COMBINATION	Alisertib
Docetaxel	DRUG_COMBINATION	Silver sulfadiazine
Docetaxel	DRUG_COMBINATION	Ibrutinib
Docetaxel	DRUG_COMBINATION	Rufinamide
Docetaxel	DRUG_COMBINATION	Lacosamide
Docetaxel	DRUG_COMBINATION	Tariquidar
Docetaxel	DRUG_COMBINATION	Vandetanib
Docetaxel	DRUG_COMBINATION	Temsirolimus
Docetaxel	DRUG_COMBINATION	Sonidegib
Docetaxel	DRUG_COMBINATION	Methylene blue
Docetaxel	DRUG_COMBINATION	Triapine
Docetaxel	DRUG_COMBINATION	Tasisulam
Docetaxel	DRUG_COMBINATION	Silibinin
Docetaxel	DRUG_COMBINATION	Dinaciclib
Docetaxel	DRUG_COMBINATION	Lonafarnib
Docetaxel	DRUG_COMBINATION	Axitinib
Docetaxel	DRUG_COMBINATION	Zibotentan
Docetaxel	DRUG_COMBINATION	Perifosine
Docetaxel	DRUG_COMBINATION	Taselisib
Docetaxel	DRUG_COMBINATION	Artemether
Docetaxel	DRUG_COMBINATION	Lumefantrine
Docetaxel	DRUG_COMBINATION	Cabazitaxel
Docetaxel	DRUG_COMBINATION	Terameprocol
Docetaxel	DRUG_COMBINATION	Tretamine
Docetaxel	DRUG_COMBINATION	Cianidanol
Docetaxel	DRUG_COMBINATION	Cipargamin
Docetaxel	DRUG_COMBINATION	10-hydroxycamptothecin
Docetaxel	DRUG_COMBINATION	Sonolisib
Docetaxel	DRUG_COMBINATION	Benserazide
Docetaxel	DRUG_COMBINATION	Docetaxel
Iodixanol	DRUG_COMBINATION	Bivalirudin
Iodixanol	DRUG_COMBINATION	Acetylcysteine
Iodixanol	DRUG_COMBINATION	Ioversol
Dasatinib	DRUG_COMBINATION	Formestane
Dasatinib	DRUG_COMBINATION	Pomalidomide
Dasatinib	DRUG_COMBINATION	Mercaptopurine
Dasatinib	DRUG_COMBINATION	Quinacrine
Dasatinib	DRUG_COMBINATION	Bortezomib
Dasatinib	DRUG_COMBINATION	Bleomycin
Dasatinib	DRUG_COMBINATION	Chlorambucil
Dasatinib	DRUG_COMBINATION	Mitomycin
Dasatinib	DRUG_COMBINATION	Mefloquine
Dasatinib	DRUG_COMBINATION	Idarubicin
Dasatinib	DRUG_COMBINATION	Ifosfamide
Dasatinib	DRUG_COMBINATION	Ciclopirox
Dasatinib	DRUG_COMBINATION	Lomustine
Dasatinib	DRUG_COMBINATION	Lapatinib
Dasatinib	DRUG_COMBINATION	Valrubicin
Dasatinib	DRUG_COMBINATION	Sorafenib
Dasatinib	DRUG_COMBINATION	Altretamine
Dasatinib	DRUG_COMBINATION	Cisplatin
Dasatinib	DRUG_COMBINATION	Cyclophosphamide
Dasatinib	DRUG_COMBINATION	Pentostatin
Dasatinib	DRUG_COMBINATION	Vorinostat
Dasatinib	DRUG_COMBINATION	Mebendazole
Dasatinib	DRUG_COMBINATION	Dyphylline
Dasatinib	DRUG_COMBINATION	Plicamycin
Dasatinib	DRUG_COMBINATION	Pralatrexate
Dasatinib	DRUG_COMBINATION	Fulvestrant
Dasatinib	DRUG_COMBINATION	Ixabepilone
Dasatinib	DRUG_COMBINATION	Busulfan
Dasatinib	DRUG_COMBINATION	SNS-032
Dasatinib	DRUG_COMBINATION	Plinabulin
Dasatinib	DRUG_COMBINATION	AZD-8330
Dasatinib	DRUG_COMBINATION	Ibrutinib
Dasatinib	DRUG_COMBINATION	Ridaforolimus
Dasatinib	DRUG_COMBINATION	MK-8776
Dasatinib	DRUG_COMBINATION	Triapine
Dasatinib	DRUG_COMBINATION	Dinaciclib
Dasatinib	DRUG_COMBINATION	Panobinostat
Dasatinib	DRUG_COMBINATION	Terameprocol
Dasatinib	DRUG_COMBINATION	Tretamine
Dasatinib	DRUG_COMBINATION	Cantharidin
Dasatinib	DRUG_COMBINATION	Navitoclax
Dasatinib	DRUG_COMBINATION	Dactolisib
Dasatinib	DRUG_COMBINATION	Buparlisib
Dasatinib	DRUG_COMBINATION	10-hydroxycamptothecin
Dasatinib	DRUG_COMBINATION	Selumetinib
Dasatinib	DRUG_COMBINATION	JQ1
Dasatinib	DRUG_COMBINATION	Molibresib
Dasatinib	DRUG_COMBINATION	BMS-754807
Dasatinib	DRUG_COMBINATION	Niraparib
Lisdexamfetamine	DRUG_COMBINATION	Fluoxetine
Lapatinib	DRUG_COMBINATION	Formestane
Lapatinib	DRUG_COMBINATION	Pomalidomide
Lapatinib	DRUG_COMBINATION	Topotecan
Lapatinib	DRUG_COMBINATION	Capecitabine
Lapatinib	DRUG_COMBINATION	Quinacrine
Lapatinib	DRUG_COMBINATION	Bortezomib
Lapatinib	DRUG_COMBINATION	Chlorambucil
Lapatinib	DRUG_COMBINATION	Mitomycin
Lapatinib	DRUG_COMBINATION	Valproic acid
Lapatinib	DRUG_COMBINATION	Vinorelbine
Lapatinib	DRUG_COMBINATION	Ifosfamide
Lapatinib	DRUG_COMBINATION	Lomustine
Lapatinib	DRUG_COMBINATION	Docetaxel
Lapatinib	DRUG_COMBINATION	Dasatinib
Lapatinib	DRUG_COMBINATION	Valrubicin
Lapatinib	DRUG_COMBINATION	Digoxin
Lapatinib	DRUG_COMBINATION	Sorafenib
Lapatinib	DRUG_COMBINATION	Gemcitabine
Lapatinib	DRUG_COMBINATION	Altretamine
Lapatinib	DRUG_COMBINATION	Cisplatin
Lapatinib	DRUG_COMBINATION	Erlotinib
Lapatinib	DRUG_COMBINATION	Cyclophosphamide
Lapatinib	DRUG_COMBINATION	Pentostatin
Lapatinib	DRUG_COMBINATION	Methotrexate
Lapatinib	DRUG_COMBINATION	Vorinostat
Lapatinib	DRUG_COMBINATION	Everolimus
Lapatinib	DRUG_COMBINATION	Pemetrexed
Lapatinib	DRUG_COMBINATION	Dyphylline
Lapatinib	DRUG_COMBINATION	Midazolam
Lapatinib	DRUG_COMBINATION	Plicamycin
Lapatinib	DRUG_COMBINATION	Pralatrexate
Lapatinib	DRUG_COMBINATION	Temozolomide
Lapatinib	DRUG_COMBINATION	Fulvestrant
Lapatinib	DRUG_COMBINATION	Isoniazid
Lapatinib	DRUG_COMBINATION	Ixabepilone
Lapatinib	DRUG_COMBINATION	Dactinomycin
Lapatinib	DRUG_COMBINATION	Exemestane
Lapatinib	DRUG_COMBINATION	Letrozole
Lapatinib	DRUG_COMBINATION	Busulfan
Lapatinib	DRUG_COMBINATION	Mirdametinib
Lapatinib	DRUG_COMBINATION	Ridaforolimus
Lapatinib	DRUG_COMBINATION	MK-8776
Lapatinib	DRUG_COMBINATION	Triapine
Lapatinib	DRUG_COMBINATION	Dinaciclib
Lapatinib	DRUG_COMBINATION	Panobinostat
Lapatinib	DRUG_COMBINATION	Cabazitaxel
Lapatinib	DRUG_COMBINATION	Terameprocol
Lapatinib	DRUG_COMBINATION	Tretamine
Lapatinib	DRUG_COMBINATION	Foretinib
Lapatinib	DRUG_COMBINATION	Dactolisib
Lapatinib	DRUG_COMBINATION	10-hydroxycamptothecin
Lapatinib	DRUG_COMBINATION	Adavosertib
Lapatinib	DRUG_COMBINATION	Molibresib
Lapatinib	DRUG_COMBINATION	Niraparib
Lapatinib	DRUG_COMBINATION	MK-2206
Sitagliptin	DRUG_COMBINATION	Linagliptin
Sitagliptin	DRUG_COMBINATION	Desoxycorticosterone pivalate
Sitagliptin	DRUG_COMBINATION	Pantoprazole
Sitagliptin	DRUG_COMBINATION	Pamidronic acid
Sitagliptin	DRUG_COMBINATION	Chlorzoxazone
Sitagliptin	DRUG_COMBINATION	Mefloquine
Sitagliptin	DRUG_COMBINATION	Idarubicin
Sitagliptin	DRUG_COMBINATION	Estramustine
Sitagliptin	DRUG_COMBINATION	Fomepizole
Sitagliptin	DRUG_COMBINATION	Bepridil
Sitagliptin	DRUG_COMBINATION	Palonosetron
Sitagliptin	DRUG_COMBINATION	Acetohexamide
Sitagliptin	DRUG_COMBINATION	Miglustat
Sitagliptin	DRUG_COMBINATION	Cerivastatin
Sitagliptin	DRUG_COMBINATION	Danazol
Sitagliptin	DRUG_COMBINATION	Vinblastine
Sitagliptin	DRUG_COMBINATION	Enalapril
Sitagliptin	DRUG_COMBINATION	Everolimus
Sitagliptin	DRUG_COMBINATION	Genistein
Sitagliptin	DRUG_COMBINATION	Dyphylline
Sitagliptin	DRUG_COMBINATION	Trimethobenzamide
Sitagliptin	DRUG_COMBINATION	Galantamine
Sitagliptin	DRUG_COMBINATION	Diethylcarbamazine
Sitagliptin	DRUG_COMBINATION	Mebutamate
Sitagliptin	DRUG_COMBINATION	Metyrosine
Sitagliptin	DRUG_COMBINATION	Maprotiline
Sitagliptin	DRUG_COMBINATION	Voglibose
Sitagliptin	DRUG_COMBINATION	Methylene blue
Sitagliptin	DRUG_COMBINATION	Brincidofovir
Sitagliptin	DRUG_COMBINATION	10-hydroxycamptothecin
Sitagliptin	DRUG_COMBINATION	Ipragliflozin
Decitabine	DRUG_COMBINATION	Cyclosporine
Decitabine	DRUG_COMBINATION	Valproic acid
Decitabine	DRUG_COMBINATION	Dasatinib
Decitabine	DRUG_COMBINATION	Vorinostat
Decitabine	DRUG_COMBINATION	Everolimus
Decitabine	DRUG_COMBINATION	Azacitidine
Decitabine	DRUG_COMBINATION	Cytarabine
Decitabine	DRUG_COMBINATION	Romidepsin
Decitabine	DRUG_COMBINATION	Glasdegib
Decitabine	DRUG_COMBINATION	Vosaroxin
Decitabine	DRUG_COMBINATION	Buparlisib
Decitabine	DRUG_COMBINATION	Tetrahydrouridine
Decitabine	DRUG_COMBINATION	Adavosertib
Decitabine	DRUG_COMBINATION	Paxalisib
Decitabine	DRUG_COMBINATION	Daporinad
Decitabine	DRUG_COMBINATION	Decitabine
Darunavir	DRUG_COMBINATION	Daidzin
Darunavir	DRUG_COMBINATION	Ruxolitinib
Darunavir	DRUG_COMBINATION	Linagliptin
Darunavir	DRUG_COMBINATION	Isoprenaline
Darunavir	DRUG_COMBINATION	Citalopram
Darunavir	DRUG_COMBINATION	Gefitinib
Darunavir	DRUG_COMBINATION	Methylergometrine
Darunavir	DRUG_COMBINATION	Idarubicin
Darunavir	DRUG_COMBINATION	Dantrolene
Darunavir	DRUG_COMBINATION	Sunitinib
Darunavir	DRUG_COMBINATION	Pramipexole
Darunavir	DRUG_COMBINATION	Enoxacin
Darunavir	DRUG_COMBINATION	Nabilone
Darunavir	DRUG_COMBINATION	Ritonavir
Darunavir	DRUG_COMBINATION	Mephenytoin
Darunavir	DRUG_COMBINATION	Doxapram
Darunavir	DRUG_COMBINATION	Vinblastine
Darunavir	DRUG_COMBINATION	Oxyphenbutazone
Darunavir	DRUG_COMBINATION	Dyphylline
Darunavir	DRUG_COMBINATION	Trimethobenzamide
Darunavir	DRUG_COMBINATION	Pentamidine
Darunavir	DRUG_COMBINATION	Clopidogrel
Darunavir	DRUG_COMBINATION	Raltegravir
Darunavir	DRUG_COMBINATION	Primidone
Darunavir	DRUG_COMBINATION	Tolazoline
Darunavir	DRUG_COMBINATION	Trifluoperazine
Darunavir	DRUG_COMBINATION	Chlorphenesin
Darunavir	DRUG_COMBINATION	Maprotiline
Darunavir	DRUG_COMBINATION	Daclatasvir
Darunavir	DRUG_COMBINATION	Methylene blue
Darunavir	DRUG_COMBINATION	Dinaciclib
Darunavir	DRUG_COMBINATION	Anamorelin
Darunavir	DRUG_COMBINATION	Brincidofovir
Darunavir	DRUG_COMBINATION	Clascoterone
Sunitinib	DRUG_COMBINATION	Cabozantinib
Sunitinib	DRUG_COMBINATION	Ruxolitinib
Sunitinib	DRUG_COMBINATION	Regorafenib
Sunitinib	DRUG_COMBINATION	Formestane
Sunitinib	DRUG_COMBINATION	Pomalidomide
Sunitinib	DRUG_COMBINATION	Guanfacine
Sunitinib	DRUG_COMBINATION	Probenecid
Sunitinib	DRUG_COMBINATION	Mercaptopurine
Sunitinib	DRUG_COMBINATION	Memantine
Sunitinib	DRUG_COMBINATION	Capecitabine
Sunitinib	DRUG_COMBINATION	Diazoxide
Sunitinib	DRUG_COMBINATION	Bortezomib
Sunitinib	DRUG_COMBINATION	Oseltamivir
Sunitinib	DRUG_COMBINATION	Aminosalicylic acid
Sunitinib	DRUG_COMBINATION	Bleomycin
Sunitinib	DRUG_COMBINATION	Chlorambucil
Sunitinib	DRUG_COMBINATION	Etomidate
Sunitinib	DRUG_COMBINATION	Mitomycin
Sunitinib	DRUG_COMBINATION	Ibutilide
Sunitinib	DRUG_COMBINATION	Olanzapine
Sunitinib	DRUG_COMBINATION	Methylergometrine
Sunitinib	DRUG_COMBINATION	Mefloquine
Sunitinib	DRUG_COMBINATION	Procarbazine
Sunitinib	DRUG_COMBINATION	Kanamycin
Sunitinib	DRUG_COMBINATION	Idarubicin
Sunitinib	DRUG_COMBINATION	Ifosfamide
Sunitinib	DRUG_COMBINATION	Clindamycin
Sunitinib	DRUG_COMBINATION	Lomustine
Sunitinib	DRUG_COMBINATION	Diphenidol
Sunitinib	DRUG_COMBINATION	Docetaxel
Sunitinib	DRUG_COMBINATION	Dasatinib
Sunitinib	DRUG_COMBINATION	Lapatinib
Sunitinib	DRUG_COMBINATION	Hydralazine
Sunitinib	DRUG_COMBINATION	Palonosetron
Sunitinib	DRUG_COMBINATION	Sorafenib
Sunitinib	DRUG_COMBINATION	Pramipexole
Sunitinib	DRUG_COMBINATION	Miglustat
Sunitinib	DRUG_COMBINATION	Methocarbamol
Sunitinib	DRUG_COMBINATION	Gemcitabine
Sunitinib	DRUG_COMBINATION	Acitretin
Sunitinib	DRUG_COMBINATION	Enoxacin
Sunitinib	DRUG_COMBINATION	Quinine
Sunitinib	DRUG_COMBINATION	Cisplatin
Sunitinib	DRUG_COMBINATION	Erlotinib
Sunitinib	DRUG_COMBINATION	Cyclophosphamide
Sunitinib	DRUG_COMBINATION	Acetohydroxamic acid
Sunitinib	DRUG_COMBINATION	Pentostatin
Sunitinib	DRUG_COMBINATION	Methotrexate
Sunitinib	DRUG_COMBINATION	Vorinostat
Sunitinib	DRUG_COMBINATION	Amodiaquine
Sunitinib	DRUG_COMBINATION	Furazolidone
Sunitinib	DRUG_COMBINATION	Ursodeoxycholic acid
Sunitinib	DRUG_COMBINATION	Pargyline
Sunitinib	DRUG_COMBINATION	Mebendazole
Sunitinib	DRUG_COMBINATION	Dyphylline
Sunitinib	DRUG_COMBINATION	Metaxalone
Sunitinib	DRUG_COMBINATION	Moricizine
Sunitinib	DRUG_COMBINATION	Naltrexone
Sunitinib	DRUG_COMBINATION	Diethylcarbamazine
Sunitinib	DRUG_COMBINATION	Risperidone
Sunitinib	DRUG_COMBINATION	Zileuton
Sunitinib	DRUG_COMBINATION	Lanreotide
Sunitinib	DRUG_COMBINATION	Mebutamate
Sunitinib	DRUG_COMBINATION	Plicamycin
Sunitinib	DRUG_COMBINATION	Pralatrexate
Sunitinib	DRUG_COMBINATION	Raltegravir
Sunitinib	DRUG_COMBINATION	Acyclovir
Sunitinib	DRUG_COMBINATION	Acetazolamide
Sunitinib	DRUG_COMBINATION	Trifluoperazine
Sunitinib	DRUG_COMBINATION	Temozolomide
Sunitinib	DRUG_COMBINATION	Chlorphenesin
Sunitinib	DRUG_COMBINATION	Testolactone
Sunitinib	DRUG_COMBINATION	Amantadine
Sunitinib	DRUG_COMBINATION	Phenprocoumon
Sunitinib	DRUG_COMBINATION	Fulvestrant
Sunitinib	DRUG_COMBINATION	Fluspirilene
Sunitinib	DRUG_COMBINATION	Ixabepilone
Sunitinib	DRUG_COMBINATION	Cediranib
Sunitinib	DRUG_COMBINATION	Dactinomycin
Sunitinib	DRUG_COMBINATION	Dopamine
Sunitinib	DRUG_COMBINATION	Doxorubicin
Sunitinib	DRUG_COMBINATION	Mirdametinib
Sunitinib	DRUG_COMBINATION	Pizotifen
Sunitinib	DRUG_COMBINATION	Silver sulfadiazine
Sunitinib	DRUG_COMBINATION	Ibrutinib
Sunitinib	DRUG_COMBINATION	Ciprofibrate
Sunitinib	DRUG_COMBINATION	Lacosamide
Sunitinib	DRUG_COMBINATION	Ridaforolimus
Sunitinib	DRUG_COMBINATION	Eflornithine
Sunitinib	DRUG_COMBINATION	Temsirolimus
Sunitinib	DRUG_COMBINATION	Mardepodect
Sunitinib	DRUG_COMBINATION	MK-8776
Sunitinib	DRUG_COMBINATION	Triapine
Sunitinib	DRUG_COMBINATION	Dinaciclib
Sunitinib	DRUG_COMBINATION	Axitinib
Sunitinib	DRUG_COMBINATION	Lumefantrine
Sunitinib	DRUG_COMBINATION	Ginkgolide A
Sunitinib	DRUG_COMBINATION	Terameprocol
Sunitinib	DRUG_COMBINATION	Tretamine
Sunitinib	DRUG_COMBINATION	Dactolisib
Sunitinib	DRUG_COMBINATION	10-hydroxycamptothecin
Sunitinib	DRUG_COMBINATION	Adavosertib
Sunitinib	DRUG_COMBINATION	Isoquercetin
Sunitinib	DRUG_COMBINATION	Molibresib
Sunitinib	DRUG_COMBINATION	Marizomib
Sunitinib	DRUG_COMBINATION	Niraparib
Sunitinib	DRUG_COMBINATION	MK-2206
Varenicline	DRUG_COMBINATION	Nicotine
Varenicline	DRUG_COMBINATION	Prazosin
Varenicline	DRUG_COMBINATION	Naltrexone
Varenicline	DRUG_COMBINATION	Acetylcysteine
Hydralazine	DRUG_COMBINATION	Probenecid
Hydralazine	DRUG_COMBINATION	Leflunomide
Hydralazine	DRUG_COMBINATION	Sertraline
Hydralazine	DRUG_COMBINATION	Diazoxide
Hydralazine	DRUG_COMBINATION	Sulfinpyrazone
Hydralazine	DRUG_COMBINATION	Gefitinib
Hydralazine	DRUG_COMBINATION	Mefloquine
Hydralazine	DRUG_COMBINATION	Fomepizole
Hydralazine	DRUG_COMBINATION	Dantrolene
Hydralazine	DRUG_COMBINATION	Docetaxel
Hydralazine	DRUG_COMBINATION	Sunitinib
Hydralazine	DRUG_COMBINATION	Palonosetron
Hydralazine	DRUG_COMBINATION	Albendazole
Hydralazine	DRUG_COMBINATION	Doxapram
Hydralazine	DRUG_COMBINATION	Vorinostat
Hydralazine	DRUG_COMBINATION	Vinblastine
Hydralazine	DRUG_COMBINATION	Imatinib
Hydralazine	DRUG_COMBINATION	Metaxalone
Hydralazine	DRUG_COMBINATION	Epinephrine
Hydralazine	DRUG_COMBINATION	Tamoxifen
Hydralazine	DRUG_COMBINATION	Diethylcarbamazine
Hydralazine	DRUG_COMBINATION	Riluzole
Hydralazine	DRUG_COMBINATION	SN-38
Hydralazine	DRUG_COMBINATION	Mebutamate
Hydralazine	DRUG_COMBINATION	Metyrosine
Hydralazine	DRUG_COMBINATION	Tacrolimus
Hydralazine	DRUG_COMBINATION	Isosorbide dinitrate
Hydralazine	DRUG_COMBINATION	Sulfapyridine
Hydralazine	DRUG_COMBINATION	Tiagabine
Hydralazine	DRUG_COMBINATION	Maprotiline
Hydralazine	DRUG_COMBINATION	Picoplatin
Hydralazine	DRUG_COMBINATION	Ethinylestradiol
Hydralazine	DRUG_COMBINATION	Doxorubicin
Hydralazine	DRUG_COMBINATION	Pizotifen
Hydralazine	DRUG_COMBINATION	Ciprofibrate
Hydralazine	DRUG_COMBINATION	Eflornithine
Hydralazine	DRUG_COMBINATION	Methylene blue
Hydralazine	DRUG_COMBINATION	Triapine
Hydralazine	DRUG_COMBINATION	Anamorelin
Hydralazine	DRUG_COMBINATION	Brincidofovir
Hydralazine	DRUG_COMBINATION	Carglumic acid
Hydralazine	DRUG_COMBINATION	Artemisinin
Hydralazine	DRUG_COMBINATION	K-134
Hydralazine	DRUG_COMBINATION	Luteolin
Orotic acid	DRUG_COMBINATION	Idarubicin
Irosustat	DRUG_COMBINATION	Idarubicin
Calcipotriol	DRUG_COMBINATION	Betamethasone
Trihexyphenidyl	DRUG_COMBINATION	Daidzin
Trihexyphenidyl	DRUG_COMBINATION	Rifampin
Trihexyphenidyl	DRUG_COMBINATION	Iloprost
Trihexyphenidyl	DRUG_COMBINATION	Leflunomide
Trihexyphenidyl	DRUG_COMBINATION	Sertraline
Trihexyphenidyl	DRUG_COMBINATION	Baclofen
Trihexyphenidyl	DRUG_COMBINATION	Bortezomib
Trihexyphenidyl	DRUG_COMBINATION	Oseltamivir
Trihexyphenidyl	DRUG_COMBINATION	Aminosalicylic acid
Trihexyphenidyl	DRUG_COMBINATION	Mesalazine
Trihexyphenidyl	DRUG_COMBINATION	Crotamiton
Trihexyphenidyl	DRUG_COMBINATION	Theophylline
Trihexyphenidyl	DRUG_COMBINATION	Etomidate
Trihexyphenidyl	DRUG_COMBINATION	Etonogestrel
Trihexyphenidyl	DRUG_COMBINATION	Olanzapine
Trihexyphenidyl	DRUG_COMBINATION	Kanamycin
Trihexyphenidyl	DRUG_COMBINATION	Chlormezanone
Trihexyphenidyl	DRUG_COMBINATION	Estramustine
Trihexyphenidyl	DRUG_COMBINATION	Dantrolene
Trihexyphenidyl	DRUG_COMBINATION	Diphenidol
Trihexyphenidyl	DRUG_COMBINATION	Sunitinib
Trihexyphenidyl	DRUG_COMBINATION	Triamterene
Trihexyphenidyl	DRUG_COMBINATION	Cerivastatin
Trihexyphenidyl	DRUG_COMBINATION	Nabilone
Trihexyphenidyl	DRUG_COMBINATION	Albendazole
Trihexyphenidyl	DRUG_COMBINATION	Mephenytoin
Trihexyphenidyl	DRUG_COMBINATION	Bosentan
Trihexyphenidyl	DRUG_COMBINATION	Methotrexate
Trihexyphenidyl	DRUG_COMBINATION	Vinblastine
Trihexyphenidyl	DRUG_COMBINATION	Fenoprofen
Trihexyphenidyl	DRUG_COMBINATION	Amiloride
Trihexyphenidyl	DRUG_COMBINATION	Furazolidone
Trihexyphenidyl	DRUG_COMBINATION	Imatinib
Trihexyphenidyl	DRUG_COMBINATION	Efavirenz
Trihexyphenidyl	DRUG_COMBINATION	Ursodeoxycholic acid
Trihexyphenidyl	DRUG_COMBINATION	Cilastatin
Trihexyphenidyl	DRUG_COMBINATION	Hydroxychloroquine
Trihexyphenidyl	DRUG_COMBINATION	Genistein
Trihexyphenidyl	DRUG_COMBINATION	Mebendazole
Trihexyphenidyl	DRUG_COMBINATION	Dyphylline
Trihexyphenidyl	DRUG_COMBINATION	Trazodone
Trihexyphenidyl	DRUG_COMBINATION	Mecamylamine
Trihexyphenidyl	DRUG_COMBINATION	Diethylcarbamazine
Trihexyphenidyl	DRUG_COMBINATION	Risperidone
Trihexyphenidyl	DRUG_COMBINATION	Riluzole
Trihexyphenidyl	DRUG_COMBINATION	SN-38
Trihexyphenidyl	DRUG_COMBINATION	Mebutamate
Trihexyphenidyl	DRUG_COMBINATION	Niclosamide
Trihexyphenidyl	DRUG_COMBINATION	Metyrosine
Trihexyphenidyl	DRUG_COMBINATION	Tolazoline
Trihexyphenidyl	DRUG_COMBINATION	Fosfomycin
Trihexyphenidyl	DRUG_COMBINATION	Trifluoperazine
Trihexyphenidyl	DRUG_COMBINATION	Chlorphenesin
Trihexyphenidyl	DRUG_COMBINATION	Tacrolimus
Trihexyphenidyl	DRUG_COMBINATION	Sulfapyridine
Trihexyphenidyl	DRUG_COMBINATION	Tinidazole
Trihexyphenidyl	DRUG_COMBINATION	Phenprocoumon
Trihexyphenidyl	DRUG_COMBINATION	Dronedarone
Trihexyphenidyl	DRUG_COMBINATION	Dactinomycin
Trihexyphenidyl	DRUG_COMBINATION	Ezetimibe
Trihexyphenidyl	DRUG_COMBINATION	Ethinylestradiol
Trihexyphenidyl	DRUG_COMBINATION	Pizotifen
Trihexyphenidyl	DRUG_COMBINATION	Aliskiren
Trihexyphenidyl	DRUG_COMBINATION	Ciprofibrate
Trihexyphenidyl	DRUG_COMBINATION	Rufinamide
Trihexyphenidyl	DRUG_COMBINATION	Lacosamide
Trihexyphenidyl	DRUG_COMBINATION	Armodafinil
Trihexyphenidyl	DRUG_COMBINATION	Methylene blue
Trihexyphenidyl	DRUG_COMBINATION	Brincidofovir
Trihexyphenidyl	DRUG_COMBINATION	Lumefantrine
Trihexyphenidyl	DRUG_COMBINATION	Ginkgolide A
Trihexyphenidyl	DRUG_COMBINATION	Terameprocol
Trihexyphenidyl	DRUG_COMBINATION	Emetine
Trihexyphenidyl	DRUG_COMBINATION	Luteolin
Palonosetron	DRUG_COMBINATION	Citalopram
Palonosetron	DRUG_COMBINATION	Olanzapine
Palonosetron	DRUG_COMBINATION	Miglustat
Palonosetron	DRUG_COMBINATION	Hydroxyzine
Palonosetron	DRUG_COMBINATION	Vinblastine
Palonosetron	DRUG_COMBINATION	Imatinib
Palonosetron	DRUG_COMBINATION	Oxyphenbutazone
Palonosetron	DRUG_COMBINATION	Trazodone
Palonosetron	DRUG_COMBINATION	Pentamidine
Palonosetron	DRUG_COMBINATION	Mebutamate
Palonosetron	DRUG_COMBINATION	Metyrosine
Palonosetron	DRUG_COMBINATION	Propofol
Palonosetron	DRUG_COMBINATION	Ondansetron
Palonosetron	DRUG_COMBINATION	Doxorubicin
Palonosetron	DRUG_COMBINATION	Netupitant
Palonosetron	DRUG_COMBINATION	Anamorelin
Palonosetron	DRUG_COMBINATION	Brincidofovir
Dydrogesterone	DRUG_COMBINATION	Progesterone
Dydrogesterone	DRUG_COMBINATION	Estradiol
Dexrazoxane	DRUG_COMBINATION	Vemurafenib
Dexrazoxane	DRUG_COMBINATION	Formestane
Dexrazoxane	DRUG_COMBINATION	Pomalidomide
Dexrazoxane	DRUG_COMBINATION	Topotecan
Dexrazoxane	DRUG_COMBINATION	Mercaptopurine
Dexrazoxane	DRUG_COMBINATION	Fludarabine
Dexrazoxane	DRUG_COMBINATION	Quinacrine
Dexrazoxane	DRUG_COMBINATION	Bortezomib
Dexrazoxane	DRUG_COMBINATION	Bleomycin
Dexrazoxane	DRUG_COMBINATION	Chlorambucil
Dexrazoxane	DRUG_COMBINATION	Mitomycin
Dexrazoxane	DRUG_COMBINATION	Tioguanine
Dexrazoxane	DRUG_COMBINATION	Idarubicin
Dexrazoxane	DRUG_COMBINATION	Ifosfamide
Dexrazoxane	DRUG_COMBINATION	Estramustine
Dexrazoxane	DRUG_COMBINATION	Docetaxel
Dexrazoxane	DRUG_COMBINATION	Dasatinib
Dexrazoxane	DRUG_COMBINATION	Lapatinib
Dexrazoxane	DRUG_COMBINATION	Sunitinib
Dexrazoxane	DRUG_COMBINATION	Valrubicin
Dexrazoxane	DRUG_COMBINATION	Sorafenib
Dexrazoxane	DRUG_COMBINATION	Raloxifene
Dexrazoxane	DRUG_COMBINATION	Celecoxib
Dexrazoxane	DRUG_COMBINATION	Altretamine
Dexrazoxane	DRUG_COMBINATION	Cisplatin
Dexrazoxane	DRUG_COMBINATION	Cyclophosphamide
Dexrazoxane	DRUG_COMBINATION	Methotrexate
Dexrazoxane	DRUG_COMBINATION	Digitoxin
Dexrazoxane	DRUG_COMBINATION	Imatinib
Dexrazoxane	DRUG_COMBINATION	Dyphylline
Dexrazoxane	DRUG_COMBINATION	Plicamycin
Dexrazoxane	DRUG_COMBINATION	Pralatrexate
Dexrazoxane	DRUG_COMBINATION	Uracil mustard
Dexrazoxane	DRUG_COMBINATION	Dacarbazine
Dexrazoxane	DRUG_COMBINATION	Sirolimus
Dexrazoxane	DRUG_COMBINATION	Mechlorethamine
Dexrazoxane	DRUG_COMBINATION	Azacitidine
Dexrazoxane	DRUG_COMBINATION	Fulvestrant
Dexrazoxane	DRUG_COMBINATION	Isoniazid
Dexrazoxane	DRUG_COMBINATION	Nilotinib
Dexrazoxane	DRUG_COMBINATION	Picoplatin
Dexrazoxane	DRUG_COMBINATION	Tamibarotene
Dexrazoxane	DRUG_COMBINATION	Amonafide
Dexrazoxane	DRUG_COMBINATION	Dactinomycin
Dexrazoxane	DRUG_COMBINATION	Doxorubicin
Dexrazoxane	DRUG_COMBINATION	Letrozole
Dexrazoxane	DRUG_COMBINATION	Busulfan
Dexrazoxane	DRUG_COMBINATION	Romidepsin
Dexrazoxane	DRUG_COMBINATION	Triapine
Dexrazoxane	DRUG_COMBINATION	Dinaciclib
Dexrazoxane	DRUG_COMBINATION	Terameprocol
Dexrazoxane	DRUG_COMBINATION	Crizotinib
Dexrazoxane	DRUG_COMBINATION	Liarozole
Dexrazoxane	DRUG_COMBINATION	Tretamine
Dexrazoxane	DRUG_COMBINATION	10-hydroxycamptothecin
Dexrazoxane	DRUG_COMBINATION	Modufolin
Amlodipine	DRUG_COMBINATION	Rosuvastatin
Amlodipine	DRUG_COMBINATION	Valsartan
Amlodipine	DRUG_COMBINATION	Ramipril
Amlodipine	DRUG_COMBINATION	Atenolol
Amlodipine	DRUG_COMBINATION	Spironolactone
Amlodipine	DRUG_COMBINATION	Losartan
Amlodipine	DRUG_COMBINATION	Eplerenone
Amlodipine	DRUG_COMBINATION	Raltegravir
Amlodipine	DRUG_COMBINATION	Indapamide
Amlodipine	DRUG_COMBINATION	Dobutamine
Amlodipine	DRUG_COMBINATION	Telmisartan
Amlodipine	DRUG_COMBINATION	Hydrochlorothiazide
Amlodipine	DRUG_COMBINATION	Moxonidine
Amlodipine	DRUG_COMBINATION	Candesartan
Amlodipine	DRUG_COMBINATION	Amlodipine
Tacrine	DRUG_COMBINATION	Leflunomide
Tacrine	DRUG_COMBINATION	Diazoxide
Tacrine	DRUG_COMBINATION	Gefitinib
Tacrine	DRUG_COMBINATION	Mefloquine
Tacrine	DRUG_COMBINATION	Itraconazole
Tacrine	DRUG_COMBINATION	Kanamycin
Tacrine	DRUG_COMBINATION	Idarubicin
Tacrine	DRUG_COMBINATION	Acitretin
Tacrine	DRUG_COMBINATION	Methotrexate
Tacrine	DRUG_COMBINATION	Vorinostat
Tacrine	DRUG_COMBINATION	Vinblastine
Tacrine	DRUG_COMBINATION	Furazolidone
Tacrine	DRUG_COMBINATION	Everolimus
Tacrine	DRUG_COMBINATION	Trimethobenzamide
Tacrine	DRUG_COMBINATION	Aprepitant
Tacrine	DRUG_COMBINATION	Diethylcarbamazine
Tacrine	DRUG_COMBINATION	Clopidogrel
Tacrine	DRUG_COMBINATION	Pizotifen
Tacrine	DRUG_COMBINATION	Triapine
Tacrine	DRUG_COMBINATION	Emetine
Triamterene	DRUG_COMBINATION	Teriflunomide
Triamterene	DRUG_COMBINATION	Probenecid
Triamterene	DRUG_COMBINATION	Diazoxide
Triamterene	DRUG_COMBINATION	Mefloquine
Triamterene	DRUG_COMBINATION	Docetaxel
Triamterene	DRUG_COMBINATION	Sunitinib
Triamterene	DRUG_COMBINATION	Palonosetron
Triamterene	DRUG_COMBINATION	Pramipexole
Triamterene	DRUG_COMBINATION	Cerivastatin
Triamterene	DRUG_COMBINATION	Acitretin
Triamterene	DRUG_COMBINATION	Doxapram
Triamterene	DRUG_COMBINATION	Imatinib
Triamterene	DRUG_COMBINATION	Oxyphenbutazone
Triamterene	DRUG_COMBINATION	Trimethobenzamide
Triamterene	DRUG_COMBINATION	Moricizine
Triamterene	DRUG_COMBINATION	Niclosamide
Triamterene	DRUG_COMBINATION	Phensuximide
Triamterene	DRUG_COMBINATION	Maprotiline
Triamterene	DRUG_COMBINATION	Dopamine
Triamterene	DRUG_COMBINATION	Mardepodect
Triamterene	DRUG_COMBINATION	Triapine
Triamterene	DRUG_COMBINATION	Emetine
Valrubicin	DRUG_COMBINATION	Formestane
Valrubicin	DRUG_COMBINATION	Pomalidomide
Valrubicin	DRUG_COMBINATION	Mercaptopurine
Valrubicin	DRUG_COMBINATION	Quinacrine
Valrubicin	DRUG_COMBINATION	Bortezomib
Valrubicin	DRUG_COMBINATION	Chlorambucil
Valrubicin	DRUG_COMBINATION	Mitomycin
Valrubicin	DRUG_COMBINATION	Ifosfamide
Valrubicin	DRUG_COMBINATION	Docetaxel
Valrubicin	DRUG_COMBINATION	Sunitinib
Valrubicin	DRUG_COMBINATION	Altretamine
Valrubicin	DRUG_COMBINATION	Cisplatin
Valrubicin	DRUG_COMBINATION	Cyclophosphamide
Valrubicin	DRUG_COMBINATION	Pentostatin
Valrubicin	DRUG_COMBINATION	Methotrexate
Valrubicin	DRUG_COMBINATION	Dyphylline
Valrubicin	DRUG_COMBINATION	Plicamycin
Valrubicin	DRUG_COMBINATION	Pralatrexate
Valrubicin	DRUG_COMBINATION	Sirolimus
Valrubicin	DRUG_COMBINATION	Azacitidine
Valrubicin	DRUG_COMBINATION	Isoniazid
Valrubicin	DRUG_COMBINATION	Ixabepilone
Valrubicin	DRUG_COMBINATION	Dactinomycin
Valrubicin	DRUG_COMBINATION	Busulfan
Valrubicin	DRUG_COMBINATION	Romidepsin
Valrubicin	DRUG_COMBINATION	Panobinostat
Valrubicin	DRUG_COMBINATION	Tretamine
Digoxin	DRUG_COMBINATION	Capecitabine
Digoxin	DRUG_COMBINATION	Idarubicin
Digoxin	DRUG_COMBINATION	Flecainide
Digoxin	DRUG_COMBINATION	Decitabine
Digoxin	DRUG_COMBINATION	Gepotidacin
Digoxin	DRUG_COMBINATION	Isavuconazole
Digoxin	DRUG_COMBINATION	Latrepirdine
Beclomethasone dipropionate	DRUG_COMBINATION	Budesonide
Beclomethasone dipropionate	DRUG_COMBINATION	Montelukast
Beclomethasone dipropionate	DRUG_COMBINATION	Fluticasone
Carisoprodol	DRUG_COMBINATION	Ruxolitinib
Progesterone	DRUG_COMBINATION	Ibutilide
Progesterone	DRUG_COMBINATION	Flutamide
Progesterone	DRUG_COMBINATION	Estradiol
Progesterone	DRUG_COMBINATION	Acetylsalicylic acid
Progesterone	DRUG_COMBINATION	Estetrol
Sorafenib	DRUG_COMBINATION	Formestane
Sorafenib	DRUG_COMBINATION	Pomalidomide
Sorafenib	DRUG_COMBINATION	Quinacrine
Sorafenib	DRUG_COMBINATION	Miconazole
Sorafenib	DRUG_COMBINATION	Diazoxide
Sorafenib	DRUG_COMBINATION	Bortezomib
Sorafenib	DRUG_COMBINATION	Pyrimethamine
Sorafenib	DRUG_COMBINATION	Citalopram
Sorafenib	DRUG_COMBINATION	Chlorambucil
Sorafenib	DRUG_COMBINATION	Mitomycin
Sorafenib	DRUG_COMBINATION	Gefitinib
Sorafenib	DRUG_COMBINATION	Dihydroergotamine
Sorafenib	DRUG_COMBINATION	Diltiazem
Sorafenib	DRUG_COMBINATION	Mefloquine
Sorafenib	DRUG_COMBINATION	Procarbazine
Sorafenib	DRUG_COMBINATION	Kanamycin
Sorafenib	DRUG_COMBINATION	Idarubicin
Sorafenib	DRUG_COMBINATION	Ifosfamide
Sorafenib	DRUG_COMBINATION	Dantrolene
Sorafenib	DRUG_COMBINATION	Docetaxel
Sorafenib	DRUG_COMBINATION	Miglustat
Sorafenib	DRUG_COMBINATION	Altretamine
Sorafenib	DRUG_COMBINATION	Ritonavir
Sorafenib	DRUG_COMBINATION	Cyclophosphamide
Sorafenib	DRUG_COMBINATION	Pentostatin
Sorafenib	DRUG_COMBINATION	Methotrexate
Sorafenib	DRUG_COMBINATION	4-Hydroxy-3,5-Dimethyl-5-(2-Methyl-Buta-1,3-Dienyl)-5h-Thiophen-2-One
Sorafenib	DRUG_COMBINATION	Vorinostat
Sorafenib	DRUG_COMBINATION	Genistein
Sorafenib	DRUG_COMBINATION	Dyphylline
Sorafenib	DRUG_COMBINATION	Verapamil
Sorafenib	DRUG_COMBINATION	Epinephrine
Sorafenib	DRUG_COMBINATION	Plicamycin
Sorafenib	DRUG_COMBINATION	Pralatrexate
Sorafenib	DRUG_COMBINATION	Acyclovir
Sorafenib	DRUG_COMBINATION	Phensuximide
Sorafenib	DRUG_COMBINATION	Isoniazid
Sorafenib	DRUG_COMBINATION	Fluspirilene
Sorafenib	DRUG_COMBINATION	Ixabepilone
Sorafenib	DRUG_COMBINATION	Omacetaxine mepesuccinate
Sorafenib	DRUG_COMBINATION	Cytarabine
Sorafenib	DRUG_COMBINATION	Ridaforolimus
Sorafenib	DRUG_COMBINATION	MK-8776
Sorafenib	DRUG_COMBINATION	Panobinostat
Sorafenib	DRUG_COMBINATION	Brincidofovir
Sorafenib	DRUG_COMBINATION	Pyronaridine
Sorafenib	DRUG_COMBINATION	Lumefantrine
Sorafenib	DRUG_COMBINATION	Sarpogrelate
Sorafenib	DRUG_COMBINATION	Terameprocol
Sorafenib	DRUG_COMBINATION	Tretamine
Sorafenib	DRUG_COMBINATION	Bifemelane
Zoledronic acid	DRUG_COMBINATION	Ruxolitinib
Zoledronic acid	DRUG_COMBINATION	Anastrozole
Zoledronic acid	DRUG_COMBINATION	Dasatinib
Zoledronic acid	DRUG_COMBINATION	Tamoxifen
Zoledronic acid	DRUG_COMBINATION	Olaparib
Zoledronic acid	DRUG_COMBINATION	Adavosertib
Nisoldipine	DRUG_COMBINATION	Piperaquine
Nisoldipine	DRUG_COMBINATION	Chloroquine
Nisoldipine	DRUG_COMBINATION	Artemisinin
Eszopiclone	DRUG_COMBINATION	Piperaquine
Eszopiclone	DRUG_COMBINATION	Venlafaxine
Eszopiclone	DRUG_COMBINATION	Escitalopram
Eszopiclone	DRUG_COMBINATION	Fluoxetine
Eszopiclone	DRUG_COMBINATION	Lumefantrine
Alprazolam	DRUG_COMBINATION	Caffeine
Alprazolam	DRUG_COMBINATION	Morphine
Alprazolam	DRUG_COMBINATION	gamma-Aminobutyric acid
Rosiglitazone	DRUG_COMBINATION	Cabozantinib
Pramipexole	DRUG_COMBINATION	Linagliptin
Pramipexole	DRUG_COMBINATION	Probenecid
Pramipexole	DRUG_COMBINATION	Memantine
Pramipexole	DRUG_COMBINATION	Diazoxide
Pramipexole	DRUG_COMBINATION	Oseltamivir
Pramipexole	DRUG_COMBINATION	Citalopram
Pramipexole	DRUG_COMBINATION	Liothyronine
Pramipexole	DRUG_COMBINATION	Morphine
Pramipexole	DRUG_COMBINATION	Gefitinib
Pramipexole	DRUG_COMBINATION	Atenolol
Pramipexole	DRUG_COMBINATION	Nitisinone
Pramipexole	DRUG_COMBINATION	Chlorzoxazone
Pramipexole	DRUG_COMBINATION	Mefloquine
Pramipexole	DRUG_COMBINATION	Dantrolene
Pramipexole	DRUG_COMBINATION	Docetaxel
Pramipexole	DRUG_COMBINATION	Sunitinib
Pramipexole	DRUG_COMBINATION	Hydralazine
Pramipexole	DRUG_COMBINATION	Tacrine
Pramipexole	DRUG_COMBINATION	Miglustat
Pramipexole	DRUG_COMBINATION	Quinine
Pramipexole	DRUG_COMBINATION	Methoxsalen
Pramipexole	DRUG_COMBINATION	Methotrexate
Pramipexole	DRUG_COMBINATION	Paromomycin
Pramipexole	DRUG_COMBINATION	Vorinostat
Pramipexole	DRUG_COMBINATION	Ursodeoxycholic acid
Pramipexole	DRUG_COMBINATION	Hydroxychloroquine
Pramipexole	DRUG_COMBINATION	Genistein
Pramipexole	DRUG_COMBINATION	Trimethobenzamide
Pramipexole	DRUG_COMBINATION	Epinephrine
Pramipexole	DRUG_COMBINATION	Tamoxifen
Pramipexole	DRUG_COMBINATION	Moricizine
Pramipexole	DRUG_COMBINATION	Diethylcarbamazine
Pramipexole	DRUG_COMBINATION	Pentamidine
Pramipexole	DRUG_COMBINATION	Zileuton
Pramipexole	DRUG_COMBINATION	Clopidogrel
Pramipexole	DRUG_COMBINATION	Metyrosine
Pramipexole	DRUG_COMBINATION	Loperamide
Pramipexole	DRUG_COMBINATION	Tacrolimus
Pramipexole	DRUG_COMBINATION	Tiagabine
Pramipexole	DRUG_COMBINATION	Maprotiline
Pramipexole	DRUG_COMBINATION	Dronedarone
Pramipexole	DRUG_COMBINATION	Doxorubicin
Pramipexole	DRUG_COMBINATION	Rufinamide
Pramipexole	DRUG_COMBINATION	Lacosamide
Pramipexole	DRUG_COMBINATION	Triapine
Pramipexole	DRUG_COMBINATION	Brincidofovir
Pramipexole	DRUG_COMBINATION	Emetine
Acetohexamide	DRUG_COMBINATION	Baclofen
Acetohexamide	DRUG_COMBINATION	Bortezomib
Acetohexamide	DRUG_COMBINATION	Pamidronic acid
Acetohexamide	DRUG_COMBINATION	Atenolol
Acetohexamide	DRUG_COMBINATION	Sunitinib
Acetohexamide	DRUG_COMBINATION	Hydralazine
Acetohexamide	DRUG_COMBINATION	Triflupromazine
Acetohexamide	DRUG_COMBINATION	Mephenytoin
Acetohexamide	DRUG_COMBINATION	Vorinostat
Acetohexamide	DRUG_COMBINATION	Imatinib
Acetohexamide	DRUG_COMBINATION	Mebutamate
Acetohexamide	DRUG_COMBINATION	Metyrosine
Acetohexamide	DRUG_COMBINATION	Bumetanide
Acetohexamide	DRUG_COMBINATION	Picoplatin
Acetohexamide	DRUG_COMBINATION	Cytarabine
Acetohexamide	DRUG_COMBINATION	Ciprofibrate
Acetohexamide	DRUG_COMBINATION	Lacosamide
Acetohexamide	DRUG_COMBINATION	Eflornithine
Acetohexamide	DRUG_COMBINATION	Methylene blue
Acetohexamide	DRUG_COMBINATION	Modufolin
Ampicillin	DRUG_COMBINATION	Azithromycin
Ampicillin	DRUG_COMBINATION	Nalidixic acid
Phenoxymethylpenicillin	DRUG_COMBINATION	Metronidazole
Miglustat	DRUG_COMBINATION	Topotecan
Miglustat	DRUG_COMBINATION	Leflunomide
Miglustat	DRUG_COMBINATION	Ethambutol
Miglustat	DRUG_COMBINATION	Mefloquine
Miglustat	DRUG_COMBINATION	Cilostazol
Miglustat	DRUG_COMBINATION	Idarubicin
Miglustat	DRUG_COMBINATION	Fomepizole
Miglustat	DRUG_COMBINATION	Acetohexamide
Miglustat	DRUG_COMBINATION	Vorinostat
Miglustat	DRUG_COMBINATION	Vinblastine
Miglustat	DRUG_COMBINATION	Efavirenz
Miglustat	DRUG_COMBINATION	Oxyphenbutazone
Miglustat	DRUG_COMBINATION	Epinephrine
Miglustat	DRUG_COMBINATION	SN-38
Miglustat	DRUG_COMBINATION	Metyrosine
Miglustat	DRUG_COMBINATION	Acyclovir
Miglustat	DRUG_COMBINATION	Phensuximide
Miglustat	DRUG_COMBINATION	Tinidazole
Miglustat	DRUG_COMBINATION	Meclofenamic acid
Miglustat	DRUG_COMBINATION	Dopamine
Miglustat	DRUG_COMBINATION	Mardepodect
Miglustat	DRUG_COMBINATION	Triapine
Miglustat	DRUG_COMBINATION	Anamorelin
Miglustat	DRUG_COMBINATION	Clascoterone
Spironolactone	DRUG_COMBINATION	Diazoxide
Spironolactone	DRUG_COMBINATION	Cefmenoxime
Spironolactone	DRUG_COMBINATION	Ethambutol
Spironolactone	DRUG_COMBINATION	Nitisinone
Spironolactone	DRUG_COMBINATION	Mefloquine
Spironolactone	DRUG_COMBINATION	Kanamycin
Spironolactone	DRUG_COMBINATION	Dantrolene
Spironolactone	DRUG_COMBINATION	Docetaxel
Spironolactone	DRUG_COMBINATION	Sunitinib
Spironolactone	DRUG_COMBINATION	Methotrexate
Spironolactone	DRUG_COMBINATION	Colchicine
Spironolactone	DRUG_COMBINATION	Vorinostat
Spironolactone	DRUG_COMBINATION	Vinblastine
Spironolactone	DRUG_COMBINATION	Imatinib
Spironolactone	DRUG_COMBINATION	Pargyline
Spironolactone	DRUG_COMBINATION	Trimethobenzamide
Spironolactone	DRUG_COMBINATION	Aprepitant
Spironolactone	DRUG_COMBINATION	Losartan
Spironolactone	DRUG_COMBINATION	Risperidone
Spironolactone	DRUG_COMBINATION	Estradiol
Spironolactone	DRUG_COMBINATION	Acyclovir
Spironolactone	DRUG_COMBINATION	Tinidazole
Spironolactone	DRUG_COMBINATION	Meclofenamic acid
Spironolactone	DRUG_COMBINATION	Cinacalcet
Spironolactone	DRUG_COMBINATION	Triapine
Spironolactone	DRUG_COMBINATION	Dihydralazine
Spironolactone	DRUG_COMBINATION	Carglumic acid
Spironolactone	DRUG_COMBINATION	Emetine
Spironolactone	DRUG_COMBINATION	Spironolactone
Methocarbamol	DRUG_COMBINATION	Pomalidomide
Methocarbamol	DRUG_COMBINATION	Probenecid
Methocarbamol	DRUG_COMBINATION	Leflunomide
Methocarbamol	DRUG_COMBINATION	Diazoxide
Methocarbamol	DRUG_COMBINATION	Gefitinib
Methocarbamol	DRUG_COMBINATION	Chlorzoxazone
Methocarbamol	DRUG_COMBINATION	Mefloquine
Methocarbamol	DRUG_COMBINATION	Docetaxel
Methocarbamol	DRUG_COMBINATION	Allopurinol
Methocarbamol	DRUG_COMBINATION	Cerivastatin
Methocarbamol	DRUG_COMBINATION	Albendazole
Methocarbamol	DRUG_COMBINATION	Vinblastine
Methocarbamol	DRUG_COMBINATION	Furazolidone
Methocarbamol	DRUG_COMBINATION	Imatinib
Methocarbamol	DRUG_COMBINATION	Oxyphenbutazone
Methocarbamol	DRUG_COMBINATION	Trazodone
Methocarbamol	DRUG_COMBINATION	Epinephrine
Methocarbamol	DRUG_COMBINATION	Galantamine
Methocarbamol	DRUG_COMBINATION	Niclosamide
Methocarbamol	DRUG_COMBINATION	Sulfapyridine
Methocarbamol	DRUG_COMBINATION	Amantadine
Methocarbamol	DRUG_COMBINATION	Meclofenamic acid
Methocarbamol	DRUG_COMBINATION	Picoplatin
Methocarbamol	DRUG_COMBINATION	Brincidofovir
Trifluridine	DRUG_COMBINATION	Vemurafenib
Trifluridine	DRUG_COMBINATION	Formestane
Trifluridine	DRUG_COMBINATION	Pomalidomide
Trifluridine	DRUG_COMBINATION	Topotecan
Trifluridine	DRUG_COMBINATION	Mercaptopurine
Trifluridine	DRUG_COMBINATION	Fludarabine
Trifluridine	DRUG_COMBINATION	Quinacrine
Trifluridine	DRUG_COMBINATION	Bortezomib
Trifluridine	DRUG_COMBINATION	Bleomycin
Trifluridine	DRUG_COMBINATION	Chlorambucil
Trifluridine	DRUG_COMBINATION	Mitomycin
Trifluridine	DRUG_COMBINATION	Tioguanine
Trifluridine	DRUG_COMBINATION	Idarubicin
Trifluridine	DRUG_COMBINATION	Ifosfamide
Trifluridine	DRUG_COMBINATION	Estramustine
Trifluridine	DRUG_COMBINATION	Paclitaxel
Trifluridine	DRUG_COMBINATION	Docetaxel
Trifluridine	DRUG_COMBINATION	Dasatinib
Trifluridine	DRUG_COMBINATION	Lapatinib
Trifluridine	DRUG_COMBINATION	Sunitinib
Trifluridine	DRUG_COMBINATION	Dexrazoxane
Trifluridine	DRUG_COMBINATION	Valrubicin
Trifluridine	DRUG_COMBINATION	Sorafenib
Trifluridine	DRUG_COMBINATION	Raloxifene
Trifluridine	DRUG_COMBINATION	Celecoxib
Trifluridine	DRUG_COMBINATION	Cisplatin
Trifluridine	DRUG_COMBINATION	Cyclophosphamide
Trifluridine	DRUG_COMBINATION	Methotrexate
Trifluridine	DRUG_COMBINATION	Digitoxin
Trifluridine	DRUG_COMBINATION	Imatinib
Trifluridine	DRUG_COMBINATION	Genistein
Trifluridine	DRUG_COMBINATION	Dyphylline
Trifluridine	DRUG_COMBINATION	Plicamycin
Trifluridine	DRUG_COMBINATION	Pralatrexate
Trifluridine	DRUG_COMBINATION	Uracil mustard
Trifluridine	DRUG_COMBINATION	Sirolimus
Trifluridine	DRUG_COMBINATION	Mechlorethamine
Trifluridine	DRUG_COMBINATION	Azacitidine
Trifluridine	DRUG_COMBINATION	Fulvestrant
Trifluridine	DRUG_COMBINATION	Isoniazid
Trifluridine	DRUG_COMBINATION	Ixabepilone
Trifluridine	DRUG_COMBINATION	Nilotinib
Trifluridine	DRUG_COMBINATION	Tamibarotene
Trifluridine	DRUG_COMBINATION	Amonafide
Trifluridine	DRUG_COMBINATION	Dactinomycin
Trifluridine	DRUG_COMBINATION	Letrozole
Trifluridine	DRUG_COMBINATION	Busulfan
Trifluridine	DRUG_COMBINATION	Romidepsin
Trifluridine	DRUG_COMBINATION	Ibrutinib
Trifluridine	DRUG_COMBINATION	Triapine
Trifluridine	DRUG_COMBINATION	Dinaciclib
Trifluridine	DRUG_COMBINATION	Terameprocol
Trifluridine	DRUG_COMBINATION	Crizotinib
Trifluridine	DRUG_COMBINATION	Liarozole
Trifluridine	DRUG_COMBINATION	Tretamine
Trifluridine	DRUG_COMBINATION	10-hydroxycamptothecin
Trifluridine	DRUG_COMBINATION	Modufolin
Trifluridine	DRUG_COMBINATION	Marizomib
Prochlorperazine	DRUG_COMBINATION	Diphenhydramine
Prochlorperazine	DRUG_COMBINATION	Ciclopirox
Prochlorperazine	DRUG_COMBINATION	Gemcitabine
Prochlorperazine	DRUG_COMBINATION	Prazosin
Prochlorperazine	DRUG_COMBINATION	Ketorolac
Prochlorperazine	DRUG_COMBINATION	Tamoxifen
Prochlorperazine	DRUG_COMBINATION	Marimastat
Prochlorperazine	DRUG_COMBINATION	Noscapine
Prochlorperazine	DRUG_COMBINATION	Dactolisib
Prochlorperazine	DRUG_COMBINATION	Buparlisib
Prochlorperazine	DRUG_COMBINATION	E-7820
Prochlorperazine	DRUG_COMBINATION	JQ1
Prochlorperazine	DRUG_COMBINATION	Prochlorperazine
Cyproheptadine	DRUG_COMBINATION	Prazosin
Cyproheptadine	DRUG_COMBINATION	Ondansetron
Bendroflumethiazide	DRUG_COMBINATION	Amiloride
Sulfadoxine	DRUG_COMBINATION	Idarubicin
Fosamprenavir	DRUG_COMBINATION	Ritonavir
Fosphenytoin	DRUG_COMBINATION	Clonazepam
Cefazolin	DRUG_COMBINATION	Azithromycin
Cefazolin	DRUG_COMBINATION	Metronidazole
Mestranol	DRUG_COMBINATION	Etonogestrel
Mestranol	DRUG_COMBINATION	Idarubicin
Isopropyl alcohol	DRUG_COMBINATION	Ondansetron
2-Methoxyestradiol	DRUG_COMBINATION	Everolimus
2-Methoxyestradiol	DRUG_COMBINATION	Bardoxolone methyl
2-Methoxyestradiol	DRUG_COMBINATION	Romidepsin
2-Methoxyestradiol	DRUG_COMBINATION	Dinaciclib
2-Methoxyestradiol	DRUG_COMBINATION	Buparlisib
2-Methoxyestradiol	DRUG_COMBINATION	AZD-8055
Myricetin	DRUG_COMBINATION	Idarubicin
Myricetin	DRUG_COMBINATION	Panobinostat
Tolrestat	DRUG_COMBINATION	Ruxolitinib
Allopurinol	DRUG_COMBINATION	Memantine
Allopurinol	DRUG_COMBINATION	Rifampin
Allopurinol	DRUG_COMBINATION	Novobiocin
Allopurinol	DRUG_COMBINATION	Isoprenaline
Allopurinol	DRUG_COMBINATION	Sertraline
Allopurinol	DRUG_COMBINATION	Desoxycorticosterone pivalate
Allopurinol	DRUG_COMBINATION	Ramipril
Allopurinol	DRUG_COMBINATION	Baclofen
Allopurinol	DRUG_COMBINATION	Citalopram
Allopurinol	DRUG_COMBINATION	Ethambutol
Allopurinol	DRUG_COMBINATION	Chlorzoxazone
Allopurinol	DRUG_COMBINATION	Mefloquine
Allopurinol	DRUG_COMBINATION	Idarubicin
Allopurinol	DRUG_COMBINATION	Estramustine
Allopurinol	DRUG_COMBINATION	Fomepizole
Allopurinol	DRUG_COMBINATION	Diphenidol
Allopurinol	DRUG_COMBINATION	Bepridil
Allopurinol	DRUG_COMBINATION	Darunavir
Allopurinol	DRUG_COMBINATION	Sunitinib
Allopurinol	DRUG_COMBINATION	Hydralazine
Allopurinol	DRUG_COMBINATION	Imipramine
Allopurinol	DRUG_COMBINATION	Nabilone
Allopurinol	DRUG_COMBINATION	Albendazole
Allopurinol	DRUG_COMBINATION	Methotrexate
Allopurinol	DRUG_COMBINATION	Colchicine
Allopurinol	DRUG_COMBINATION	Furazolidone
Allopurinol	DRUG_COMBINATION	Imatinib
Allopurinol	DRUG_COMBINATION	Trimethobenzamide
Allopurinol	DRUG_COMBINATION	Riluzole
Allopurinol	DRUG_COMBINATION	SN-38
Allopurinol	DRUG_COMBINATION	Niclosamide
Allopurinol	DRUG_COMBINATION	Amantadine
Allopurinol	DRUG_COMBINATION	Maprotiline
Allopurinol	DRUG_COMBINATION	Meclofenamic acid
Allopurinol	DRUG_COMBINATION	Cytarabine
Allopurinol	DRUG_COMBINATION	Doxorubicin
Allopurinol	DRUG_COMBINATION	{4-[3-(4-acetyl-3-hydroxy-2-propylphenoxy)propoxy]phenoxy}acetic acid
Allopurinol	DRUG_COMBINATION	Eflornithine
Allopurinol	DRUG_COMBINATION	Panobinostat
Allopurinol	DRUG_COMBINATION	Brincidofovir
Allopurinol	DRUG_COMBINATION	Lesinurad
Allopurinol	DRUG_COMBINATION	K-134
Allopurinol	DRUG_COMBINATION	Danusertib
Allopurinol	DRUG_COMBINATION	Arhalofenate
Allopurinol	DRUG_COMBINATION	Candesartan
Ceftazidime	DRUG_COMBINATION	Tobramycin
Ceftazidime	DRUG_COMBINATION	Meropenem
Ceftazidime	DRUG_COMBINATION	Metronidazole
Cerivastatin	DRUG_COMBINATION	Teriflunomide
Cerivastatin	DRUG_COMBINATION	Linagliptin
Cerivastatin	DRUG_COMBINATION	Guanfacine
Cerivastatin	DRUG_COMBINATION	Topotecan
Cerivastatin	DRUG_COMBINATION	Probenecid
Cerivastatin	DRUG_COMBINATION	Memantine
Cerivastatin	DRUG_COMBINATION	Lubiprostone
Cerivastatin	DRUG_COMBINATION	Iloprost
Cerivastatin	DRUG_COMBINATION	Sertraline
Cerivastatin	DRUG_COMBINATION	Diazoxide
Cerivastatin	DRUG_COMBINATION	Desoxycorticosterone pivalate
Cerivastatin	DRUG_COMBINATION	Diclofenamide
Cerivastatin	DRUG_COMBINATION	Baclofen
Cerivastatin	DRUG_COMBINATION	Oseltamivir
Cerivastatin	DRUG_COMBINATION	Citalopram
Cerivastatin	DRUG_COMBINATION	Aminosalicylic acid
Cerivastatin	DRUG_COMBINATION	Mesalazine
Cerivastatin	DRUG_COMBINATION	Crotamiton
Cerivastatin	DRUG_COMBINATION	Theophylline
Cerivastatin	DRUG_COMBINATION	Liothyronine
Cerivastatin	DRUG_COMBINATION	Pamidronic acid
Cerivastatin	DRUG_COMBINATION	Ibutilide
Cerivastatin	DRUG_COMBINATION	Dihydroergotamine
Cerivastatin	DRUG_COMBINATION	Olanzapine
Cerivastatin	DRUG_COMBINATION	Nitisinone
Cerivastatin	DRUG_COMBINATION	Methylergometrine
Cerivastatin	DRUG_COMBINATION	Chlorzoxazone
Cerivastatin	DRUG_COMBINATION	Terazosin
Cerivastatin	DRUG_COMBINATION	Itraconazole
Cerivastatin	DRUG_COMBINATION	Procarbazine
Cerivastatin	DRUG_COMBINATION	Clindamycin
Cerivastatin	DRUG_COMBINATION	Estramustine
Cerivastatin	DRUG_COMBINATION	Fomepizole
Cerivastatin	DRUG_COMBINATION	Darunavir
Cerivastatin	DRUG_COMBINATION	Hydralazine
Cerivastatin	DRUG_COMBINATION	Tacrine
Cerivastatin	DRUG_COMBINATION	Sorafenib
Cerivastatin	DRUG_COMBINATION	Pramipexole
Cerivastatin	DRUG_COMBINATION	Acetohexamide
Cerivastatin	DRUG_COMBINATION	Miglustat
Cerivastatin	DRUG_COMBINATION	Spironolactone
Cerivastatin	DRUG_COMBINATION	Methocarbamol
Cerivastatin	DRUG_COMBINATION	Acitretin
Cerivastatin	DRUG_COMBINATION	Enoxacin
Cerivastatin	DRUG_COMBINATION	Nabilone
Cerivastatin	DRUG_COMBINATION	Triflupromazine
Cerivastatin	DRUG_COMBINATION	Albendazole
Cerivastatin	DRUG_COMBINATION	Mephenytoin
Cerivastatin	DRUG_COMBINATION	Pentostatin
Cerivastatin	DRUG_COMBINATION	Methoxsalen
Cerivastatin	DRUG_COMBINATION	Bosentan
Cerivastatin	DRUG_COMBINATION	Paromomycin
Cerivastatin	DRUG_COMBINATION	Fenoprofen
Cerivastatin	DRUG_COMBINATION	Chloroquine
Cerivastatin	DRUG_COMBINATION	Amodiaquine
Cerivastatin	DRUG_COMBINATION	Oxandrolone
Cerivastatin	DRUG_COMBINATION	Efavirenz
Cerivastatin	DRUG_COMBINATION	Ursodeoxycholic acid
Cerivastatin	DRUG_COMBINATION	Hydroxychloroquine
Cerivastatin	DRUG_COMBINATION	Dyphylline
Cerivastatin	DRUG_COMBINATION	Trazodone
Cerivastatin	DRUG_COMBINATION	Acamprosate
Cerivastatin	DRUG_COMBINATION	Metaxalone
Cerivastatin	DRUG_COMBINATION	Trimethobenzamide
Cerivastatin	DRUG_COMBINATION	Epinephrine
Cerivastatin	DRUG_COMBINATION	Sumatriptan
Cerivastatin	DRUG_COMBINATION	Galantamine
Cerivastatin	DRUG_COMBINATION	Moricizine
Cerivastatin	DRUG_COMBINATION	Naltrexone
Cerivastatin	DRUG_COMBINATION	Diethylcarbamazine
Cerivastatin	DRUG_COMBINATION	Azatadine
Cerivastatin	DRUG_COMBINATION	Riluzole
Cerivastatin	DRUG_COMBINATION	Clopidogrel
Cerivastatin	DRUG_COMBINATION	Mebutamate
Cerivastatin	DRUG_COMBINATION	Raltegravir
Cerivastatin	DRUG_COMBINATION	Metyrosine
Cerivastatin	DRUG_COMBINATION	Acyclovir
Cerivastatin	DRUG_COMBINATION	Primidone
Cerivastatin	DRUG_COMBINATION	Acetazolamide
Cerivastatin	DRUG_COMBINATION	Fosfomycin
Cerivastatin	DRUG_COMBINATION	Loperamide
Cerivastatin	DRUG_COMBINATION	Tacrolimus
Cerivastatin	DRUG_COMBINATION	Isosorbide dinitrate
Cerivastatin	DRUG_COMBINATION	Sulfapyridine
Cerivastatin	DRUG_COMBINATION	Testolactone
Cerivastatin	DRUG_COMBINATION	Amantadine
Cerivastatin	DRUG_COMBINATION	Meclofenamic acid
Cerivastatin	DRUG_COMBINATION	Phenprocoumon
Cerivastatin	DRUG_COMBINATION	Fluspirilene
Cerivastatin	DRUG_COMBINATION	Dronedarone
Cerivastatin	DRUG_COMBINATION	Zaleplon
Cerivastatin	DRUG_COMBINATION	Dactinomycin
Cerivastatin	DRUG_COMBINATION	Ezetimibe
Cerivastatin	DRUG_COMBINATION	Ethinylestradiol
Cerivastatin	DRUG_COMBINATION	Ramelteon
Cerivastatin	DRUG_COMBINATION	Dopamine
Cerivastatin	DRUG_COMBINATION	Busulfan
Cerivastatin	DRUG_COMBINATION	Cinacalcet
Cerivastatin	DRUG_COMBINATION	Silver sulfadiazine
Cerivastatin	DRUG_COMBINATION	Aliskiren
Cerivastatin	DRUG_COMBINATION	Lacosamide
Cerivastatin	DRUG_COMBINATION	Mardepodect
Cerivastatin	DRUG_COMBINATION	Anamorelin
Cerivastatin	DRUG_COMBINATION	Brincidofovir
Cerivastatin	DRUG_COMBINATION	Lumefantrine
Cerivastatin	DRUG_COMBINATION	Ginkgolide A
Cerivastatin	DRUG_COMBINATION	Artemisinin
Cerivastatin	DRUG_COMBINATION	10-hydroxycamptothecin
Cerivastatin	DRUG_COMBINATION	Emetine
Cerivastatin	DRUG_COMBINATION	K-134
Cerivastatin	DRUG_COMBINATION	Luteolin
Cerivastatin	DRUG_COMBINATION	Cerivastatin
Gemcitabine	DRUG_COMBINATION	Cabozantinib
Gemcitabine	DRUG_COMBINATION	Ruxolitinib
Gemcitabine	DRUG_COMBINATION	Pomalidomide
Gemcitabine	DRUG_COMBINATION	Topotecan
Gemcitabine	DRUG_COMBINATION	Capecitabine
Gemcitabine	DRUG_COMBINATION	Bortezomib
Gemcitabine	DRUG_COMBINATION	Mitomycin
Gemcitabine	DRUG_COMBINATION	Vinorelbine
Gemcitabine	DRUG_COMBINATION	Idarubicin
Gemcitabine	DRUG_COMBINATION	Paclitaxel
Gemcitabine	DRUG_COMBINATION	Docetaxel
Gemcitabine	DRUG_COMBINATION	Dasatinib
Gemcitabine	DRUG_COMBINATION	Lapatinib
Gemcitabine	DRUG_COMBINATION	Decitabine
Gemcitabine	DRUG_COMBINATION	Sunitinib
Gemcitabine	DRUG_COMBINATION	Sorafenib
Gemcitabine	DRUG_COMBINATION	Erlotinib
Gemcitabine	DRUG_COMBINATION	Sodium bicarbonate
Gemcitabine	DRUG_COMBINATION	Chloroquine
Gemcitabine	DRUG_COMBINATION	Imatinib
Gemcitabine	DRUG_COMBINATION	Valganciclovir
Gemcitabine	DRUG_COMBINATION	Hydroxychloroquine
Gemcitabine	DRUG_COMBINATION	Pemetrexed
Gemcitabine	DRUG_COMBINATION	Pralatrexate
Gemcitabine	DRUG_COMBINATION	Irinotecan
Gemcitabine	DRUG_COMBINATION	Tadalafil
Gemcitabine	DRUG_COMBINATION	Paricalcitol
Gemcitabine	DRUG_COMBINATION	Vatalanib
Gemcitabine	DRUG_COMBINATION	Mirdametinib
Gemcitabine	DRUG_COMBINATION	Afatinib
Gemcitabine	DRUG_COMBINATION	Aldoxorubicin
Gemcitabine	DRUG_COMBINATION	Evofosfamide
Gemcitabine	DRUG_COMBINATION	Noscapine
Gemcitabine	DRUG_COMBINATION	Romidepsin
Gemcitabine	DRUG_COMBINATION	Ibrutinib
Gemcitabine	DRUG_COMBINATION	Ridaforolimus
Gemcitabine	DRUG_COMBINATION	Vandetanib
Gemcitabine	DRUG_COMBINATION	Refametinib
Gemcitabine	DRUG_COMBINATION	MK-8776
Gemcitabine	DRUG_COMBINATION	Galunisertib
Gemcitabine	DRUG_COMBINATION	LY-2090314
Gemcitabine	DRUG_COMBINATION	Tasisulam
Gemcitabine	DRUG_COMBINATION	Abemaciclib
Gemcitabine	DRUG_COMBINATION	Dinaciclib
Gemcitabine	DRUG_COMBINATION	Panobinostat
Gemcitabine	DRUG_COMBINATION	Axitinib
Gemcitabine	DRUG_COMBINATION	Rigosertib
Gemcitabine	DRUG_COMBINATION	Cabazitaxel
Gemcitabine	DRUG_COMBINATION	Masitinib
Gemcitabine	DRUG_COMBINATION	Dactolisib
Gemcitabine	DRUG_COMBINATION	Rabusertib
Gemcitabine	DRUG_COMBINATION	Ribociclib
Gemcitabine	DRUG_COMBINATION	Adavosertib
Gemcitabine	DRUG_COMBINATION	Omaveloxolone
Gemcitabine	DRUG_COMBINATION	Vorasidenib
Gemcitabine	DRUG_COMBINATION	Lurbinectedin
Gemcitabine	DRUG_COMBINATION	Milciclib Maleate
Gemcitabine	DRUG_COMBINATION	Grapiprant
Gemcitabine	DRUG_COMBINATION	Niraparib
Gemcitabine	DRUG_COMBINATION	Berzosertib
Gemcitabine	DRUG_COMBINATION	Tivozanib
Gemcitabine	DRUG_COMBINATION	MK-2206
Entecavir	DRUG_COMBINATION	Lamivudine
Entecavir	DRUG_COMBINATION	Hydronidone
Entecavir	DRUG_COMBINATION	Panobinostat
Entecavir	DRUG_COMBINATION	Adefovir
Betamethasone	DRUG_COMBINATION	Levofloxacin
Betamethasone	DRUG_COMBINATION	Ropivacaine
Betamethasone	DRUG_COMBINATION	Loratadine
Betamethasone	DRUG_COMBINATION	Prednisolone
Epirubicin	DRUG_COMBINATION	Ruxolitinib
Epirubicin	DRUG_COMBINATION	Vemurafenib
Epirubicin	DRUG_COMBINATION	Formestane
Epirubicin	DRUG_COMBINATION	Pomalidomide
Epirubicin	DRUG_COMBINATION	Topotecan
Epirubicin	DRUG_COMBINATION	Mercaptopurine
Epirubicin	DRUG_COMBINATION	Quinacrine
Epirubicin	DRUG_COMBINATION	Bortezomib
Epirubicin	DRUG_COMBINATION	Bleomycin
Epirubicin	DRUG_COMBINATION	Chlorambucil
Epirubicin	DRUG_COMBINATION	Mitomycin
Epirubicin	DRUG_COMBINATION	Gefitinib
Epirubicin	DRUG_COMBINATION	Tioguanine
Epirubicin	DRUG_COMBINATION	Idarubicin
Epirubicin	DRUG_COMBINATION	Ifosfamide
Epirubicin	DRUG_COMBINATION	Estramustine
Epirubicin	DRUG_COMBINATION	Anastrozole
Epirubicin	DRUG_COMBINATION	Paclitaxel
Epirubicin	DRUG_COMBINATION	Docetaxel
Epirubicin	DRUG_COMBINATION	Dasatinib
Epirubicin	DRUG_COMBINATION	Lapatinib
Epirubicin	DRUG_COMBINATION	Sunitinib
Epirubicin	DRUG_COMBINATION	Dexrazoxane
Epirubicin	DRUG_COMBINATION	Valrubicin
Epirubicin	DRUG_COMBINATION	Sorafenib
Epirubicin	DRUG_COMBINATION	Trifluridine
Epirubicin	DRUG_COMBINATION	Lenalidomide
Epirubicin	DRUG_COMBINATION	Raloxifene
Epirubicin	DRUG_COMBINATION	Celecoxib
Epirubicin	DRUG_COMBINATION	Altretamine
Epirubicin	DRUG_COMBINATION	Cisplatin
Epirubicin	DRUG_COMBINATION	Cyclophosphamide
Epirubicin	DRUG_COMBINATION	Pentostatin
Epirubicin	DRUG_COMBINATION	Methotrexate
Epirubicin	DRUG_COMBINATION	Digitoxin
Epirubicin	DRUG_COMBINATION	Imatinib
Epirubicin	DRUG_COMBINATION	Genistein
Epirubicin	DRUG_COMBINATION	Dyphylline
Epirubicin	DRUG_COMBINATION	Plicamycin
Epirubicin	DRUG_COMBINATION	Pralatrexate
Epirubicin	DRUG_COMBINATION	Uracil mustard
Epirubicin	DRUG_COMBINATION	Dacarbazine
Epirubicin	DRUG_COMBINATION	Sirolimus
Epirubicin	DRUG_COMBINATION	Mechlorethamine
Epirubicin	DRUG_COMBINATION	Azacitidine
Epirubicin	DRUG_COMBINATION	Fulvestrant
Epirubicin	DRUG_COMBINATION	Isoniazid
Epirubicin	DRUG_COMBINATION	Ixabepilone
Epirubicin	DRUG_COMBINATION	Nilotinib
Epirubicin	DRUG_COMBINATION	Picoplatin
Epirubicin	DRUG_COMBINATION	Abiraterone
Epirubicin	DRUG_COMBINATION	Tamibarotene
Epirubicin	DRUG_COMBINATION	Amonafide
Epirubicin	DRUG_COMBINATION	Dactinomycin
Epirubicin	DRUG_COMBINATION	Letrozole
Epirubicin	DRUG_COMBINATION	Vandetanib
Epirubicin	DRUG_COMBINATION	Triapine
Epirubicin	DRUG_COMBINATION	Dinaciclib
Epirubicin	DRUG_COMBINATION	Axitinib
Epirubicin	DRUG_COMBINATION	Cabazitaxel
Epirubicin	DRUG_COMBINATION	Terameprocol
Epirubicin	DRUG_COMBINATION	Vismodegib
Epirubicin	DRUG_COMBINATION	Crizotinib
Epirubicin	DRUG_COMBINATION	Liarozole
Epirubicin	DRUG_COMBINATION	Tretamine
Epirubicin	DRUG_COMBINATION	10-hydroxycamptothecin
Epirubicin	DRUG_COMBINATION	Modufolin
Droperidol	DRUG_COMBINATION	Diphenhydramine
Droperidol	DRUG_COMBINATION	Betamethasone
Droperidol	DRUG_COMBINATION	Fentanyl
Levothyroxine	DRUG_COMBINATION	Ruxolitinib
Levothyroxine	DRUG_COMBINATION	Methylprednisolone
Framycetin	DRUG_COMBINATION	Rifaximin
Framycetin	DRUG_COMBINATION	Cefazolin
Framycetin	DRUG_COMBINATION	Metronidazole
Meperidine	DRUG_COMBINATION	Midazolam
Loratadine	DRUG_COMBINATION	Phenylephrine
Loratadine	DRUG_COMBINATION	Montelukast
Loratadine	DRUG_COMBINATION	Famotidine
Prazosin	DRUG_COMBINATION	Naltrexone
Prazosin	DRUG_COMBINATION	Cytisine
Imipramine	DRUG_COMBINATION	Memantine
Imipramine	DRUG_COMBINATION	Rifampin
Imipramine	DRUG_COMBINATION	Leflunomide
Imipramine	DRUG_COMBINATION	Mefloquine
Imipramine	DRUG_COMBINATION	Docetaxel
Imipramine	DRUG_COMBINATION	Pramipexole
Imipramine	DRUG_COMBINATION	Spironolactone
Imipramine	DRUG_COMBINATION	Fluoxetine
Imipramine	DRUG_COMBINATION	Methoxsalen
Imipramine	DRUG_COMBINATION	Genistein
Imipramine	DRUG_COMBINATION	Sumatriptan
Imipramine	DRUG_COMBINATION	Risperidone
Imipramine	DRUG_COMBINATION	Niclosamide
Imipramine	DRUG_COMBINATION	Bumetanide
Imipramine	DRUG_COMBINATION	Maprotiline
Imipramine	DRUG_COMBINATION	Fluspirilene
Imipramine	DRUG_COMBINATION	Modufolin
Acitretin	DRUG_COMBINATION	Guanfacine
Acitretin	DRUG_COMBINATION	Lubiprostone
Acitretin	DRUG_COMBINATION	Leflunomide
Acitretin	DRUG_COMBINATION	Diazoxide
Acitretin	DRUG_COMBINATION	Oseltamivir
Acitretin	DRUG_COMBINATION	Citalopram
Acitretin	DRUG_COMBINATION	Cefmenoxime
Acitretin	DRUG_COMBINATION	Pamidronic acid
Acitretin	DRUG_COMBINATION	Etomidate
Acitretin	DRUG_COMBINATION	Idarubicin
Acitretin	DRUG_COMBINATION	Fomepizole
Acitretin	DRUG_COMBINATION	Diphenidol
Acitretin	DRUG_COMBINATION	Darunavir
Acitretin	DRUG_COMBINATION	Methocarbamol
Acitretin	DRUG_COMBINATION	Allopurinol
Acitretin	DRUG_COMBINATION	Cerivastatin
Acitretin	DRUG_COMBINATION	Acetohydroxamic acid
Acitretin	DRUG_COMBINATION	Fenoprofen
Acitretin	DRUG_COMBINATION	Amiloride
Acitretin	DRUG_COMBINATION	Chloroquine
Acitretin	DRUG_COMBINATION	Dexmedetomidine
Acitretin	DRUG_COMBINATION	Metaxalone
Acitretin	DRUG_COMBINATION	Tamoxifen
Acitretin	DRUG_COMBINATION	Zileuton
Acitretin	DRUG_COMBINATION	Fosfomycin
Acitretin	DRUG_COMBINATION	Phensuximide
Acitretin	DRUG_COMBINATION	Isosorbide dinitrate
Acitretin	DRUG_COMBINATION	Sulfapyridine
Acitretin	DRUG_COMBINATION	Testolactone
Acitretin	DRUG_COMBINATION	Repaglinide
Acitretin	DRUG_COMBINATION	Maprotiline
Acitretin	DRUG_COMBINATION	Dronedarone
Acitretin	DRUG_COMBINATION	Pizotifen
Acitretin	DRUG_COMBINATION	Silver sulfadiazine
Acitretin	DRUG_COMBINATION	Mardepodect
Acitretin	DRUG_COMBINATION	Triapine
Acitretin	DRUG_COMBINATION	Brincidofovir
Acitretin	DRUG_COMBINATION	Artemisinin
Acitretin	DRUG_COMBINATION	Emetine
Acitretin	DRUG_COMBINATION	Clascoterone
Acitretin	DRUG_COMBINATION	Sivelestat
Ketorolac	DRUG_COMBINATION	Lidocaine
Ketorolac	DRUG_COMBINATION	Ropivacaine
Ketorolac	DRUG_COMBINATION	Acetaminophen
Ketorolac	DRUG_COMBINATION	Idarubicin
Ketorolac	DRUG_COMBINATION	Oxycodone
Enoxacin	DRUG_COMBINATION	Gefitinib
Enoxacin	DRUG_COMBINATION	Idarubicin
Enoxacin	DRUG_COMBINATION	Tacrine
Enoxacin	DRUG_COMBINATION	Genistein
Enoxacin	DRUG_COMBINATION	Diethylcarbamazine
Enoxacin	DRUG_COMBINATION	Metyrosine
Enoxacin	DRUG_COMBINATION	Sulfapyridine
Enoxacin	DRUG_COMBINATION	Doxorubicin
Enoxacin	DRUG_COMBINATION	Methylene blue
Enoxacin	DRUG_COMBINATION	Triapine
Enoxacin	DRUG_COMBINATION	Anamorelin
Enoxacin	DRUG_COMBINATION	Brincidofovir
Quinine	DRUG_COMBINATION	Piperaquine
Quinine	DRUG_COMBINATION	Pomalidomide
Quinine	DRUG_COMBINATION	Rifampin
Quinine	DRUG_COMBINATION	Lubiprostone
Quinine	DRUG_COMBINATION	Sertraline
Quinine	DRUG_COMBINATION	Citalopram
Quinine	DRUG_COMBINATION	Crotamiton
Quinine	DRUG_COMBINATION	Ethambutol
Quinine	DRUG_COMBINATION	Mefloquine
Quinine	DRUG_COMBINATION	Procarbazine
Quinine	DRUG_COMBINATION	Kanamycin
Quinine	DRUG_COMBINATION	Idarubicin
Quinine	DRUG_COMBINATION	Clindamycin
Quinine	DRUG_COMBINATION	Bepridil
Quinine	DRUG_COMBINATION	Sitagliptin
Quinine	DRUG_COMBINATION	Hydralazine
Quinine	DRUG_COMBINATION	Palonosetron
Quinine	DRUG_COMBINATION	Acetohexamide
Quinine	DRUG_COMBINATION	Acetohydroxamic acid
Quinine	DRUG_COMBINATION	Bosentan
Quinine	DRUG_COMBINATION	Doxapram
Quinine	DRUG_COMBINATION	Paromomycin
Quinine	DRUG_COMBINATION	Vorinostat
Quinine	DRUG_COMBINATION	Chloroquine
Quinine	DRUG_COMBINATION	Testosterone
Quinine	DRUG_COMBINATION	Genistein
Quinine	DRUG_COMBINATION	Dexmedetomidine
Quinine	DRUG_COMBINATION	Acamprosate
Quinine	DRUG_COMBINATION	Pentamidine
Quinine	DRUG_COMBINATION	Riluzole
Quinine	DRUG_COMBINATION	SN-38
Quinine	DRUG_COMBINATION	Trioxsalen
Quinine	DRUG_COMBINATION	Mebutamate
Quinine	DRUG_COMBINATION	Acyclovir
Quinine	DRUG_COMBINATION	Patupilone
Quinine	DRUG_COMBINATION	Amantadine
Quinine	DRUG_COMBINATION	Maprotiline
Quinine	DRUG_COMBINATION	Meclofenamic acid
Quinine	DRUG_COMBINATION	Dactinomycin
Quinine	DRUG_COMBINATION	Busulfan
Quinine	DRUG_COMBINATION	Pizotifen
Quinine	DRUG_COMBINATION	Aliskiren
Quinine	DRUG_COMBINATION	Rufinamide
Quinine	DRUG_COMBINATION	Armodafinil
Quinine	DRUG_COMBINATION	Methylene blue
Quinine	DRUG_COMBINATION	Triapine
Quinine	DRUG_COMBINATION	Artemether
Quinine	DRUG_COMBINATION	Lumefantrine
Quinine	DRUG_COMBINATION	Terameprocol
Quinine	DRUG_COMBINATION	Artemisinin
Quinine	DRUG_COMBINATION	10-hydroxycamptothecin
Quinine	DRUG_COMBINATION	K-134
Quinine	DRUG_COMBINATION	Sivelestat
Dronabinol	DRUG_COMBINATION	Caffeine
Dronabinol	DRUG_COMBINATION	Acetaminophen
Dronabinol	DRUG_COMBINATION	Cyproheptadine
Montelukast	DRUG_COMBINATION	Dimethyl fumarate
Montelukast	DRUG_COMBINATION	Hydroxychloroquine
Montelukast	DRUG_COMBINATION	Levocetirizine
Fluoxetine	DRUG_COMBINATION	Olanzapine
Fluoxetine	DRUG_COMBINATION	Fingolimod
Duloxetine	DRUG_COMBINATION	Pregabalin
Duloxetine	DRUG_COMBINATION	Escitalopram
Duloxetine	DRUG_COMBINATION	Warfarin
Duloxetine	DRUG_COMBINATION	Naproxen
Duloxetine	DRUG_COMBINATION	Desvenlafaxine
Chlorpromazine	DRUG_COMBINATION	Haloperidol
Chlorpromazine	DRUG_COMBINATION	Temozolomide
Rimantadine	DRUG_COMBINATION	Idarubicin
Rimantadine	DRUG_COMBINATION	Panobinostat
Amikacin	DRUG_COMBINATION	Cefuroxime
Amikacin	DRUG_COMBINATION	Cefazolin
Lenalidomide	DRUG_COMBINATION	Vemurafenib
Lenalidomide	DRUG_COMBINATION	Formestane
Lenalidomide	DRUG_COMBINATION	Pomalidomide
Lenalidomide	DRUG_COMBINATION	Cyclosporine
Lenalidomide	DRUG_COMBINATION	Topotecan
Lenalidomide	DRUG_COMBINATION	Mercaptopurine
Lenalidomide	DRUG_COMBINATION	Fludarabine
Lenalidomide	DRUG_COMBINATION	Quinacrine
Lenalidomide	DRUG_COMBINATION	Bortezomib
Lenalidomide	DRUG_COMBINATION	Bleomycin
Lenalidomide	DRUG_COMBINATION	Chlorambucil
Lenalidomide	DRUG_COMBINATION	Mitomycin
Lenalidomide	DRUG_COMBINATION	Valproic acid
Lenalidomide	DRUG_COMBINATION	Gefitinib
Lenalidomide	DRUG_COMBINATION	Tioguanine
Lenalidomide	DRUG_COMBINATION	Idarubicin
Lenalidomide	DRUG_COMBINATION	Ifosfamide
Lenalidomide	DRUG_COMBINATION	Estramustine
Lenalidomide	DRUG_COMBINATION	Anastrozole
Lenalidomide	DRUG_COMBINATION	Paclitaxel
Lenalidomide	DRUG_COMBINATION	Docetaxel
Lenalidomide	DRUG_COMBINATION	Dasatinib
Lenalidomide	DRUG_COMBINATION	Lapatinib
Lenalidomide	DRUG_COMBINATION	Sunitinib
Lenalidomide	DRUG_COMBINATION	Dexrazoxane
Lenalidomide	DRUG_COMBINATION	Valrubicin
Lenalidomide	DRUG_COMBINATION	Sorafenib
Lenalidomide	DRUG_COMBINATION	Trifluridine
Lenalidomide	DRUG_COMBINATION	Gemcitabine
Lenalidomide	DRUG_COMBINATION	Raloxifene
Lenalidomide	DRUG_COMBINATION	Altretamine
Lenalidomide	DRUG_COMBINATION	Cisplatin
Lenalidomide	DRUG_COMBINATION	Cyclophosphamide
Lenalidomide	DRUG_COMBINATION	Pentostatin
Lenalidomide	DRUG_COMBINATION	Methotrexate
Lenalidomide	DRUG_COMBINATION	Colchicine
Lenalidomide	DRUG_COMBINATION	Digitoxin
Lenalidomide	DRUG_COMBINATION	Vorinostat
Lenalidomide	DRUG_COMBINATION	Imatinib
Lenalidomide	DRUG_COMBINATION	Everolimus
Lenalidomide	DRUG_COMBINATION	Genistein
Lenalidomide	DRUG_COMBINATION	Mebendazole
Lenalidomide	DRUG_COMBINATION	Dyphylline
Lenalidomide	DRUG_COMBINATION	Plicamycin
Lenalidomide	DRUG_COMBINATION	Pralatrexate
Lenalidomide	DRUG_COMBINATION	Irinotecan
Lenalidomide	DRUG_COMBINATION	Etoposide
Lenalidomide	DRUG_COMBINATION	Uracil mustard
Lenalidomide	DRUG_COMBINATION	Dacarbazine
Lenalidomide	DRUG_COMBINATION	Mechlorethamine
Lenalidomide	DRUG_COMBINATION	Azacitidine
Lenalidomide	DRUG_COMBINATION	Fulvestrant
Lenalidomide	DRUG_COMBINATION	Isoniazid
Lenalidomide	DRUG_COMBINATION	Ixabepilone
Lenalidomide	DRUG_COMBINATION	Nilotinib
Lenalidomide	DRUG_COMBINATION	Picoplatin
Lenalidomide	DRUG_COMBINATION	Tamibarotene
Lenalidomide	DRUG_COMBINATION	Amonafide
Lenalidomide	DRUG_COMBINATION	Dactinomycin
Lenalidomide	DRUG_COMBINATION	Cytarabine
Lenalidomide	DRUG_COMBINATION	Doxorubicin
Lenalidomide	DRUG_COMBINATION	Letrozole
Lenalidomide	DRUG_COMBINATION	Busulfan
Lenalidomide	DRUG_COMBINATION	Romidepsin
Lenalidomide	DRUG_COMBINATION	Ibrutinib
Lenalidomide	DRUG_COMBINATION	Temsirolimus
Lenalidomide	DRUG_COMBINATION	Triapine
Lenalidomide	DRUG_COMBINATION	Dinaciclib
Lenalidomide	DRUG_COMBINATION	Panobinostat
Lenalidomide	DRUG_COMBINATION	Terameprocol
Lenalidomide	DRUG_COMBINATION	Crizotinib
Lenalidomide	DRUG_COMBINATION	Liarozole
Lenalidomide	DRUG_COMBINATION	Venetoclax
Lenalidomide	DRUG_COMBINATION	Umbralisib
Lenalidomide	DRUG_COMBINATION	Acalabrutinib
Lenalidomide	DRUG_COMBINATION	Ribociclib
Lenalidomide	DRUG_COMBINATION	Modufolin
Lenalidomide	DRUG_COMBINATION	Tazemetostat
Lenalidomide	DRUG_COMBINATION	Dordaviprone
Lenalidomide	DRUG_COMBINATION	Spebrutinib
Raloxifene	DRUG_COMBINATION	Ruxolitinib
Raloxifene	DRUG_COMBINATION	Vemurafenib
Raloxifene	DRUG_COMBINATION	Carfilzomib
Raloxifene	DRUG_COMBINATION	Formestane
Raloxifene	DRUG_COMBINATION	Pomalidomide
Raloxifene	DRUG_COMBINATION	Topotecan
Raloxifene	DRUG_COMBINATION	Fludarabine
Raloxifene	DRUG_COMBINATION	Quinacrine
Raloxifene	DRUG_COMBINATION	Bicalutamide
Raloxifene	DRUG_COMBINATION	Bortezomib
Raloxifene	DRUG_COMBINATION	Bleomycin
Raloxifene	DRUG_COMBINATION	Chlorambucil
Raloxifene	DRUG_COMBINATION	Mitomycin
Raloxifene	DRUG_COMBINATION	Gefitinib
Raloxifene	DRUG_COMBINATION	Tioguanine
Raloxifene	DRUG_COMBINATION	Idarubicin
Raloxifene	DRUG_COMBINATION	Ifosfamide
Raloxifene	DRUG_COMBINATION	Estramustine
Raloxifene	DRUG_COMBINATION	Anastrozole
Raloxifene	DRUG_COMBINATION	Docetaxel
Raloxifene	DRUG_COMBINATION	Dasatinib
Raloxifene	DRUG_COMBINATION	Lapatinib
Raloxifene	DRUG_COMBINATION	Sunitinib
Raloxifene	DRUG_COMBINATION	Dexrazoxane
Raloxifene	DRUG_COMBINATION	Valrubicin
Raloxifene	DRUG_COMBINATION	Sorafenib
Raloxifene	DRUG_COMBINATION	Epirubicin
Raloxifene	DRUG_COMBINATION	Lenalidomide
Raloxifene	DRUG_COMBINATION	Celecoxib
Raloxifene	DRUG_COMBINATION	Altretamine
Raloxifene	DRUG_COMBINATION	Cisplatin
Raloxifene	DRUG_COMBINATION	Cyclophosphamide
Raloxifene	DRUG_COMBINATION	Pentostatin
Raloxifene	DRUG_COMBINATION	Methotrexate
Raloxifene	DRUG_COMBINATION	Imatinib
Raloxifene	DRUG_COMBINATION	Genistein
Raloxifene	DRUG_COMBINATION	Dyphylline
Raloxifene	DRUG_COMBINATION	Plicamycin
Raloxifene	DRUG_COMBINATION	Pralatrexate
Raloxifene	DRUG_COMBINATION	Uracil mustard
Raloxifene	DRUG_COMBINATION	Dacarbazine
Raloxifene	DRUG_COMBINATION	Sirolimus
Raloxifene	DRUG_COMBINATION	Mechlorethamine
Raloxifene	DRUG_COMBINATION	Azacitidine
Raloxifene	DRUG_COMBINATION	Fulvestrant
Raloxifene	DRUG_COMBINATION	Isoniazid
Raloxifene	DRUG_COMBINATION	Ixabepilone
Raloxifene	DRUG_COMBINATION	Nilotinib
Raloxifene	DRUG_COMBINATION	Picoplatin
Raloxifene	DRUG_COMBINATION	Abiraterone
Raloxifene	DRUG_COMBINATION	Tamibarotene
Raloxifene	DRUG_COMBINATION	Amonafide
Raloxifene	DRUG_COMBINATION	Dactinomycin
Raloxifene	DRUG_COMBINATION	Letrozole
Raloxifene	DRUG_COMBINATION	Busulfan
Raloxifene	DRUG_COMBINATION	Romidepsin
Raloxifene	DRUG_COMBINATION	Palbociclib
Raloxifene	DRUG_COMBINATION	Vandetanib
Raloxifene	DRUG_COMBINATION	Triapine
Raloxifene	DRUG_COMBINATION	Fostamatinib
Raloxifene	DRUG_COMBINATION	Dinaciclib
Raloxifene	DRUG_COMBINATION	Dorsomorphin
Raloxifene	DRUG_COMBINATION	Axitinib
Raloxifene	DRUG_COMBINATION	Cabazitaxel
Raloxifene	DRUG_COMBINATION	Terameprocol
Raloxifene	DRUG_COMBINATION	Vismodegib
Raloxifene	DRUG_COMBINATION	Crizotinib
Raloxifene	DRUG_COMBINATION	Liarozole
Raloxifene	DRUG_COMBINATION	Tretamine
Raloxifene	DRUG_COMBINATION	Cantharidin
Raloxifene	DRUG_COMBINATION	10-hydroxycamptothecin
Raloxifene	DRUG_COMBINATION	Modufolin
Raloxifene	DRUG_COMBINATION	BMS-754807
Raloxifene	DRUG_COMBINATION	Raloxifene
Celecoxib	DRUG_COMBINATION	Formestane
Celecoxib	DRUG_COMBINATION	Pomalidomide
Celecoxib	DRUG_COMBINATION	Fludarabine
Celecoxib	DRUG_COMBINATION	Capecitabine
Celecoxib	DRUG_COMBINATION	Quinacrine
Celecoxib	DRUG_COMBINATION	Oseltamivir
Celecoxib	DRUG_COMBINATION	Moxifloxacin
Celecoxib	DRUG_COMBINATION	Chlorambucil
Celecoxib	DRUG_COMBINATION	Mitomycin
Celecoxib	DRUG_COMBINATION	Acetaminophen
Celecoxib	DRUG_COMBINATION	Tioguanine
Celecoxib	DRUG_COMBINATION	Idarubicin
Celecoxib	DRUG_COMBINATION	Ifosfamide
Celecoxib	DRUG_COMBINATION	Estramustine
Celecoxib	DRUG_COMBINATION	Paclitaxel
Celecoxib	DRUG_COMBINATION	Docetaxel
Celecoxib	DRUG_COMBINATION	Dasatinib
Celecoxib	DRUG_COMBINATION	Lapatinib
Celecoxib	DRUG_COMBINATION	Decitabine
Celecoxib	DRUG_COMBINATION	Sorafenib
Celecoxib	DRUG_COMBINATION	Ketorolac
Celecoxib	DRUG_COMBINATION	Raloxifene
Celecoxib	DRUG_COMBINATION	Altretamine
Celecoxib	DRUG_COMBINATION	Erlotinib
Celecoxib	DRUG_COMBINATION	Cyclophosphamide
Celecoxib	DRUG_COMBINATION	Pentostatin
Celecoxib	DRUG_COMBINATION	Digitoxin
Celecoxib	DRUG_COMBINATION	Imatinib
Celecoxib	DRUG_COMBINATION	Ursodeoxycholic acid
Celecoxib	DRUG_COMBINATION	Dyphylline
Celecoxib	DRUG_COMBINATION	Zileuton
Celecoxib	DRUG_COMBINATION	Plicamycin
Celecoxib	DRUG_COMBINATION	Pralatrexate
Celecoxib	DRUG_COMBINATION	Irinotecan
Celecoxib	DRUG_COMBINATION	Temozolomide
Celecoxib	DRUG_COMBINATION	Sirolimus
Celecoxib	DRUG_COMBINATION	Famotidine
Celecoxib	DRUG_COMBINATION	Azacitidine
Celecoxib	DRUG_COMBINATION	Acetylsalicylic acid
Celecoxib	DRUG_COMBINATION	Fulvestrant
Celecoxib	DRUG_COMBINATION	Ixabepilone
Celecoxib	DRUG_COMBINATION	Nilotinib
Celecoxib	DRUG_COMBINATION	Tamibarotene
Celecoxib	DRUG_COMBINATION	Isotretinoin
Celecoxib	DRUG_COMBINATION	Exemestane
Celecoxib	DRUG_COMBINATION	Gabapentin
Celecoxib	DRUG_COMBINATION	Busulfan
Celecoxib	DRUG_COMBINATION	Eflornithine
Celecoxib	DRUG_COMBINATION	Triapine
Celecoxib	DRUG_COMBINATION	Parecoxib
Celecoxib	DRUG_COMBINATION	Dinaciclib
Celecoxib	DRUG_COMBINATION	Panobinostat
Celecoxib	DRUG_COMBINATION	Terameprocol
Celecoxib	DRUG_COMBINATION	Tretamine
Celecoxib	DRUG_COMBINATION	Navitoclax
Celecoxib	DRUG_COMBINATION	10-hydroxycamptothecin
Gallamine triethiodide	DRUG_COMBINATION	Idarubicin
Nabilone	DRUG_COMBINATION	Formestane
Nabilone	DRUG_COMBINATION	Rifampin
Nabilone	DRUG_COMBINATION	Leflunomide
Nabilone	DRUG_COMBINATION	Diazoxide
Nabilone	DRUG_COMBINATION	Bortezomib
Nabilone	DRUG_COMBINATION	Nitisinone
Nabilone	DRUG_COMBINATION	Methylergometrine
Nabilone	DRUG_COMBINATION	Chlorzoxazone
Nabilone	DRUG_COMBINATION	Mefloquine
Nabilone	DRUG_COMBINATION	Cilostazol
Nabilone	DRUG_COMBINATION	Procarbazine
Nabilone	DRUG_COMBINATION	Estramustine
Nabilone	DRUG_COMBINATION	Fomepizole
Nabilone	DRUG_COMBINATION	Dantrolene
Nabilone	DRUG_COMBINATION	Sunitinib
Nabilone	DRUG_COMBINATION	Hydralazine
Nabilone	DRUG_COMBINATION	Miglustat
Nabilone	DRUG_COMBINATION	Cerivastatin
Nabilone	DRUG_COMBINATION	Acitretin
Nabilone	DRUG_COMBINATION	Vinblastine
Nabilone	DRUG_COMBINATION	Imatinib
Nabilone	DRUG_COMBINATION	Genistein
Nabilone	DRUG_COMBINATION	Oxyphenbutazone
Nabilone	DRUG_COMBINATION	Epinephrine
Nabilone	DRUG_COMBINATION	Diethylcarbamazine
Nabilone	DRUG_COMBINATION	SN-38
Nabilone	DRUG_COMBINATION	Niclosamide
Nabilone	DRUG_COMBINATION	Metyrosine
Nabilone	DRUG_COMBINATION	Acetazolamide
Nabilone	DRUG_COMBINATION	Trifluoperazine
Nabilone	DRUG_COMBINATION	Tinidazole
Nabilone	DRUG_COMBINATION	Dronedarone
Nabilone	DRUG_COMBINATION	Dactinomycin
Nabilone	DRUG_COMBINATION	Cytarabine
Nabilone	DRUG_COMBINATION	Methylene blue
Nabilone	DRUG_COMBINATION	Brincidofovir
Nabilone	DRUG_COMBINATION	Lumefantrine
Nabilone	DRUG_COMBINATION	Terameprocol
Nabilone	DRUG_COMBINATION	Emetine
Pefloxacin	DRUG_COMBINATION	Ruxolitinib
Altretamine	DRUG_COMBINATION	Chlorambucil
Altretamine	DRUG_COMBINATION	Mitomycin
Altretamine	DRUG_COMBINATION	Ifosfamide
Altretamine	DRUG_COMBINATION	Cyclophosphamide
Altretamine	DRUG_COMBINATION	Pentostatin
Altretamine	DRUG_COMBINATION	Isoniazid
Sotalol	DRUG_COMBINATION	Amiodarone
Sotalol	DRUG_COMBINATION	Dofetilide
Sotalol	DRUG_COMBINATION	Flecainide
Sotalol	DRUG_COMBINATION	Digoxin
Sotalol	DRUG_COMBINATION	Chloroquine
Sotalol	DRUG_COMBINATION	Panobinostat
Sotalol	DRUG_COMBINATION	Lumefantrine
Buspirone	DRUG_COMBINATION	Diazoxide
Buspirone	DRUG_COMBINATION	Liothyronine
Buspirone	DRUG_COMBINATION	Mefloquine
Buspirone	DRUG_COMBINATION	Terazosin
Buspirone	DRUG_COMBINATION	Palonosetron
Buspirone	DRUG_COMBINATION	Triamterene
Buspirone	DRUG_COMBINATION	Sorafenib
Buspirone	DRUG_COMBINATION	Meperidine
Buspirone	DRUG_COMBINATION	Methotrexate
Buspirone	DRUG_COMBINATION	Vorinostat
Buspirone	DRUG_COMBINATION	Everolimus
Buspirone	DRUG_COMBINATION	Diethylcarbamazine
Buspirone	DRUG_COMBINATION	SN-38
Buspirone	DRUG_COMBINATION	Mebutamate
Buspirone	DRUG_COMBINATION	Sulfapyridine
Buspirone	DRUG_COMBINATION	Tiagabine
Buspirone	DRUG_COMBINATION	Maprotiline
Buspirone	DRUG_COMBINATION	Methylene blue
Buspirone	DRUG_COMBINATION	Mardepodect
Buspirone	DRUG_COMBINATION	Sivelestat
Entacapone	DRUG_COMBINATION	Memantine
Entacapone	DRUG_COMBINATION	Abacavir
Entacapone	DRUG_COMBINATION	Isoprenaline
Entacapone	DRUG_COMBINATION	Diclofenamide
Entacapone	DRUG_COMBINATION	Gefitinib
Entacapone	DRUG_COMBINATION	Olanzapine
Entacapone	DRUG_COMBINATION	Nitisinone
Entacapone	DRUG_COMBINATION	Chlorzoxazone
Entacapone	DRUG_COMBINATION	Mefloquine
Entacapone	DRUG_COMBINATION	Dantrolene
Entacapone	DRUG_COMBINATION	Bepridil
Entacapone	DRUG_COMBINATION	Sorafenib
Entacapone	DRUG_COMBINATION	Acetohexamide
Entacapone	DRUG_COMBINATION	Cerivastatin
Entacapone	DRUG_COMBINATION	Metamfetamine
Entacapone	DRUG_COMBINATION	Vinblastine
Entacapone	DRUG_COMBINATION	Everolimus
Entacapone	DRUG_COMBINATION	Trimethobenzamide
Entacapone	DRUG_COMBINATION	Epinephrine
Entacapone	DRUG_COMBINATION	Acyclovir
Entacapone	DRUG_COMBINATION	Tolazoline
Entacapone	DRUG_COMBINATION	Trifluoperazine
Entacapone	DRUG_COMBINATION	Maprotiline
Entacapone	DRUG_COMBINATION	Phenprocoumon
Entacapone	DRUG_COMBINATION	Cytarabine
Entacapone	DRUG_COMBINATION	{4-[3-(4-acetyl-3-hydroxy-2-propylphenoxy)propoxy]phenoxy}acetic acid
Entacapone	DRUG_COMBINATION	Methylene blue
Entacapone	DRUG_COMBINATION	Brincidofovir
Entacapone	DRUG_COMBINATION	Artemisinin
Zidovudine	DRUG_COMBINATION	Bortezomib
Zidovudine	DRUG_COMBINATION	Nevirapine
Zidovudine	DRUG_COMBINATION	Valproic acid
Zidovudine	DRUG_COMBINATION	Efavirenz
Zidovudine	DRUG_COMBINATION	Valganciclovir
Zidovudine	DRUG_COMBINATION	Stavudine
Zidovudine	DRUG_COMBINATION	Lamivudine
Zidovudine	DRUG_COMBINATION	Didanosine
Zidovudine	DRUG_COMBINATION	Dolutegravir
Oxycodone	DRUG_COMBINATION	Remifentanil
Phenindione	DRUG_COMBINATION	Warfarin
Flutamide	DRUG_COMBINATION	Finasteride
Flutamide	DRUG_COMBINATION	Triptorelin
Cimetidine	DRUG_COMBINATION	Gepotidacin
Haloperidol	DRUG_COMBINATION	Diphenhydramine
Haloperidol	DRUG_COMBINATION	Valproic acid
Haloperidol	DRUG_COMBINATION	Olanzapine
Haloperidol	DRUG_COMBINATION	Idarubicin
Haloperidol	DRUG_COMBINATION	Zuclopenthixol
Haloperidol	DRUG_COMBINATION	Perphenazine
Haloperidol	DRUG_COMBINATION	Temozolomide
Haloperidol	DRUG_COMBINATION	Preladenant
Ritonavir	DRUG_COMBINATION	Diltiazem
Ritonavir	DRUG_COMBINATION	Mefloquine
Ritonavir	DRUG_COMBINATION	Idarubicin
Ritonavir	DRUG_COMBINATION	Docetaxel
Ritonavir	DRUG_COMBINATION	4-Hydroxy-3,5-Dimethyl-5-(2-Methyl-Buta-1,3-Dienyl)-5h-Thiophen-2-One
Ritonavir	DRUG_COMBINATION	Mavorixafor
Ritonavir	DRUG_COMBINATION	Patupilone
Ritonavir	DRUG_COMBINATION	Lumefantrine
Ritonavir	DRUG_COMBINATION	TMC-310911
Nitazoxanide	DRUG_COMBINATION	Norfloxacin
Nitazoxanide	DRUG_COMBINATION	Dutasteride
Nitazoxanide	DRUG_COMBINATION	Oseltamivir
Nitazoxanide	DRUG_COMBINATION	Idarubicin
Nitazoxanide	DRUG_COMBINATION	Clarithromycin
Nitazoxanide	DRUG_COMBINATION	Lactulose
Nitazoxanide	DRUG_COMBINATION	Hydroxychloroquine
Nitazoxanide	DRUG_COMBINATION	Favipiravir
Triflupromazine	DRUG_COMBINATION	Probenecid
Triflupromazine	DRUG_COMBINATION	Lubiprostone
Triflupromazine	DRUG_COMBINATION	Novobiocin
Triflupromazine	DRUG_COMBINATION	Diazoxide
Triflupromazine	DRUG_COMBINATION	Baclofen
Triflupromazine	DRUG_COMBINATION	Bortezomib
Triflupromazine	DRUG_COMBINATION	Oseltamivir
Triflupromazine	DRUG_COMBINATION	Pamidronic acid
Triflupromazine	DRUG_COMBINATION	Chlorambucil
Triflupromazine	DRUG_COMBINATION	Gefitinib
Triflupromazine	DRUG_COMBINATION	Ethambutol
Triflupromazine	DRUG_COMBINATION	Mefloquine
Triflupromazine	DRUG_COMBINATION	Itraconazole
Triflupromazine	DRUG_COMBINATION	Idarubicin
Triflupromazine	DRUG_COMBINATION	Docetaxel
Triflupromazine	DRUG_COMBINATION	Sunitinib
Triflupromazine	DRUG_COMBINATION	Acetohexamide
Triflupromazine	DRUG_COMBINATION	Cisatracurium
Triflupromazine	DRUG_COMBINATION	Vinblastine
Triflupromazine	DRUG_COMBINATION	Genistein
Triflupromazine	DRUG_COMBINATION	Oxyphenbutazone
Triflupromazine	DRUG_COMBINATION	Epinephrine
Triflupromazine	DRUG_COMBINATION	Sumatriptan
Triflupromazine	DRUG_COMBINATION	Aprepitant
Triflupromazine	DRUG_COMBINATION	Tamoxifen
Triflupromazine	DRUG_COMBINATION	Diethylcarbamazine
Triflupromazine	DRUG_COMBINATION	Pentamidine
Triflupromazine	DRUG_COMBINATION	SN-38
Triflupromazine	DRUG_COMBINATION	Niclosamide
Triflupromazine	DRUG_COMBINATION	Tolazoline
Triflupromazine	DRUG_COMBINATION	Isosorbide dinitrate
Triflupromazine	DRUG_COMBINATION	Testolactone
Triflupromazine	DRUG_COMBINATION	Tiagabine
Triflupromazine	DRUG_COMBINATION	Maprotiline
Triflupromazine	DRUG_COMBINATION	Ezetimibe
Triflupromazine	DRUG_COMBINATION	Doxorubicin
Triflupromazine	DRUG_COMBINATION	Pizotifen
Triflupromazine	DRUG_COMBINATION	Methylene blue
Triflupromazine	DRUG_COMBINATION	Anamorelin
Triflupromazine	DRUG_COMBINATION	Lumefantrine
Triflupromazine	DRUG_COMBINATION	Carglumic acid
Triflupromazine	DRUG_COMBINATION	Terameprocol
Triflupromazine	DRUG_COMBINATION	Benserazide
Triflupromazine	DRUG_COMBINATION	Danusertib
Triflupromazine	DRUG_COMBINATION	Triflupromazine
Vancomycin	DRUG_COMBINATION	Moxifloxacin
Vancomycin	DRUG_COMBINATION	Aztreonam
Vancomycin	DRUG_COMBINATION	Ceftriaxone
Vancomycin	DRUG_COMBINATION	Cefazolin
Vancomycin	DRUG_COMBINATION	Ceftazidime
Vancomycin	DRUG_COMBINATION	Amikacin
Vancomycin	DRUG_COMBINATION	Nafcillin
Vancomycin	DRUG_COMBINATION	Imipenem
Vancomycin	DRUG_COMBINATION	Tobramycin
Vancomycin	DRUG_COMBINATION	Loperamide
Vancomycin	DRUG_COMBINATION	Metronidazole
Vancomycin	DRUG_COMBINATION	Teicoplanin
Dextromethorphan	DRUG_COMBINATION	Leflunomide
Dextromethorphan	DRUG_COMBINATION	Diazoxide
Dextromethorphan	DRUG_COMBINATION	Atenolol
Dextromethorphan	DRUG_COMBINATION	Estramustine
Dextromethorphan	DRUG_COMBINATION	Docetaxel
Dextromethorphan	DRUG_COMBINATION	Sunitinib
Dextromethorphan	DRUG_COMBINATION	Cerivastatin
Dextromethorphan	DRUG_COMBINATION	Enoxacin
Dextromethorphan	DRUG_COMBINATION	Nabilone
Dextromethorphan	DRUG_COMBINATION	Methotrexate
Dextromethorphan	DRUG_COMBINATION	Oseltamivir acid
Dextromethorphan	DRUG_COMBINATION	Vinblastine
Dextromethorphan	DRUG_COMBINATION	Imatinib
Dextromethorphan	DRUG_COMBINATION	Diethylcarbamazine
Dextromethorphan	DRUG_COMBINATION	SN-38
Dextromethorphan	DRUG_COMBINATION	Niclosamide
Dextromethorphan	DRUG_COMBINATION	Metyrosine
Dextromethorphan	DRUG_COMBINATION	Tiagabine
Dextromethorphan	DRUG_COMBINATION	Tinidazole
Dextromethorphan	DRUG_COMBINATION	Dactinomycin
Dextromethorphan	DRUG_COMBINATION	Cytarabine
Dextromethorphan	DRUG_COMBINATION	Brincidofovir
Dextromethorphan	DRUG_COMBINATION	Pinacidil
Dextromethorphan	DRUG_COMBINATION	Terameprocol
Dextromethorphan	DRUG_COMBINATION	Emetine
Albendazole	DRUG_COMBINATION	Daidzin
Albendazole	DRUG_COMBINATION	Leflunomide
Albendazole	DRUG_COMBINATION	Diazoxide
Albendazole	DRUG_COMBINATION	Aminosalicylic acid
Albendazole	DRUG_COMBINATION	Theophylline
Albendazole	DRUG_COMBINATION	Dihydroergotamine
Albendazole	DRUG_COMBINATION	Estramustine
Albendazole	DRUG_COMBINATION	Diphenidol
Albendazole	DRUG_COMBINATION	Docetaxel
Albendazole	DRUG_COMBINATION	Cerivastatin
Albendazole	DRUG_COMBINATION	Doxapram
Albendazole	DRUG_COMBINATION	Methotrexate
Albendazole	DRUG_COMBINATION	Ursodeoxycholic acid
Albendazole	DRUG_COMBINATION	SN-38
Albendazole	DRUG_COMBINATION	Tacrolimus
Albendazole	DRUG_COMBINATION	Tiagabine
Albendazole	DRUG_COMBINATION	Zaleplon
Albendazole	DRUG_COMBINATION	Ramelteon
Albendazole	DRUG_COMBINATION	Aliskiren
Albendazole	DRUG_COMBINATION	Mardepodect
Albendazole	DRUG_COMBINATION	Triapine
Albendazole	DRUG_COMBINATION	Brincidofovir
Albendazole	DRUG_COMBINATION	K-134
Trandolapril	DRUG_COMBINATION	Hydrochlorothiazide
Tolnaftate	DRUG_COMBINATION	Ruxolitinib
Tolnaftate	DRUG_COMBINATION	Idarubicin
Erlotinib	DRUG_COMBINATION	Cabozantinib
Erlotinib	DRUG_COMBINATION	Topotecan
Erlotinib	DRUG_COMBINATION	Capecitabine
Erlotinib	DRUG_COMBINATION	Bortezomib
Erlotinib	DRUG_COMBINATION	Theophylline
Erlotinib	DRUG_COMBINATION	Bexarotene
Erlotinib	DRUG_COMBINATION	Vinorelbine
Erlotinib	DRUG_COMBINATION	Lomustine
Erlotinib	DRUG_COMBINATION	Anastrozole
Erlotinib	DRUG_COMBINATION	Paclitaxel
Erlotinib	DRUG_COMBINATION	Docetaxel
Erlotinib	DRUG_COMBINATION	Dasatinib
Erlotinib	DRUG_COMBINATION	Sorafenib
Erlotinib	DRUG_COMBINATION	Vorinostat
Erlotinib	DRUG_COMBINATION	Fusidic acid
Erlotinib	DRUG_COMBINATION	Hydroxychloroquine
Erlotinib	DRUG_COMBINATION	Pemetrexed
Erlotinib	DRUG_COMBINATION	Irinotecan
Erlotinib	DRUG_COMBINATION	Etoposide
Erlotinib	DRUG_COMBINATION	Temozolomide
Erlotinib	DRUG_COMBINATION	Metronidazole
Erlotinib	DRUG_COMBINATION	Doxorubicin
Erlotinib	DRUG_COMBINATION	Mirdametinib
Erlotinib	DRUG_COMBINATION	Afatinib
Erlotinib	DRUG_COMBINATION	Ridaforolimus
Erlotinib	DRUG_COMBINATION	Temsirolimus
Erlotinib	DRUG_COMBINATION	Onalespib
Erlotinib	DRUG_COMBINATION	MK-8776
Erlotinib	DRUG_COMBINATION	Tasisulam
Erlotinib	DRUG_COMBINATION	Abemaciclib
Erlotinib	DRUG_COMBINATION	Panobinostat
Erlotinib	DRUG_COMBINATION	Axitinib
Erlotinib	DRUG_COMBINATION	Gilteritinib
Erlotinib	DRUG_COMBINATION	Itacitinib
Erlotinib	DRUG_COMBINATION	Tivantinib
Erlotinib	DRUG_COMBINATION	Crizotinib
Erlotinib	DRUG_COMBINATION	Alectinib
Erlotinib	DRUG_COMBINATION	Foretinib
Erlotinib	DRUG_COMBINATION	Navitoclax
Erlotinib	DRUG_COMBINATION	Dactolisib
Erlotinib	DRUG_COMBINATION	Buparlisib
Erlotinib	DRUG_COMBINATION	10-hydroxycamptothecin
Erlotinib	DRUG_COMBINATION	Bemcentinib
Erlotinib	DRUG_COMBINATION	JQ1
Erlotinib	DRUG_COMBINATION	Molibresib
Erlotinib	DRUG_COMBINATION	Momelotinib
Erlotinib	DRUG_COMBINATION	Capmatinib
Erlotinib	DRUG_COMBINATION	Niraparib
Erlotinib	DRUG_COMBINATION	Tivozanib
Erlotinib	DRUG_COMBINATION	Entinostat
Cyclophosphamide	DRUG_COMBINATION	Cyclosporine
Cyclophosphamide	DRUG_COMBINATION	Topotecan
Cyclophosphamide	DRUG_COMBINATION	Fludarabine
Cyclophosphamide	DRUG_COMBINATION	Capecitabine
Cyclophosphamide	DRUG_COMBINATION	Bortezomib
Cyclophosphamide	DRUG_COMBINATION	Chlorambucil
Cyclophosphamide	DRUG_COMBINATION	Mitomycin
Cyclophosphamide	DRUG_COMBINATION	Vinorelbine
Cyclophosphamide	DRUG_COMBINATION	Idarubicin
Cyclophosphamide	DRUG_COMBINATION	Ifosfamide
Cyclophosphamide	DRUG_COMBINATION	Paclitaxel
Cyclophosphamide	DRUG_COMBINATION	Docetaxel
Cyclophosphamide	DRUG_COMBINATION	Dasatinib
Cyclophosphamide	DRUG_COMBINATION	Lapatinib
Cyclophosphamide	DRUG_COMBINATION	Dexrazoxane
Cyclophosphamide	DRUG_COMBINATION	Sorafenib
Cyclophosphamide	DRUG_COMBINATION	Gemcitabine
Cyclophosphamide	DRUG_COMBINATION	Lenalidomide
Cyclophosphamide	DRUG_COMBINATION	Celecoxib
Cyclophosphamide	DRUG_COMBINATION	Erlotinib
Cyclophosphamide	DRUG_COMBINATION	Pentostatin
Cyclophosphamide	DRUG_COMBINATION	Methoxsalen
Cyclophosphamide	DRUG_COMBINATION	Methotrexate
Cyclophosphamide	DRUG_COMBINATION	Everolimus
Cyclophosphamide	DRUG_COMBINATION	Clofarabine
Cyclophosphamide	DRUG_COMBINATION	Mycophenolate mofetil
Cyclophosphamide	DRUG_COMBINATION	Thiotepa
Cyclophosphamide	DRUG_COMBINATION	Plerixafor
Cyclophosphamide	DRUG_COMBINATION	Etoposide
Cyclophosphamide	DRUG_COMBINATION	Tacrolimus
Cyclophosphamide	DRUG_COMBINATION	Sirolimus
Cyclophosphamide	DRUG_COMBINATION	Acetylsalicylic acid
Cyclophosphamide	DRUG_COMBINATION	Ixabepilone
Cyclophosphamide	DRUG_COMBINATION	Methylprednisolone
Cyclophosphamide	DRUG_COMBINATION	Cytarabine
Cyclophosphamide	DRUG_COMBINATION	Exemestane
Cyclophosphamide	DRUG_COMBINATION	Letrozole
Cyclophosphamide	DRUG_COMBINATION	Busulfan
Cyclophosphamide	DRUG_COMBINATION	Mirdametinib
Cyclophosphamide	DRUG_COMBINATION	MK-8776
Cyclophosphamide	DRUG_COMBINATION	Prexasertib
Cyclophosphamide	DRUG_COMBINATION	Dinaciclib
Cyclophosphamide	DRUG_COMBINATION	Adavosertib
Cyclophosphamide	DRUG_COMBINATION	Molibresib
Cyclophosphamide	DRUG_COMBINATION	Niraparib
Cyclophosphamide	DRUG_COMBINATION	MK-2206
Mephenytoin	DRUG_COMBINATION	Diazoxide
Mephenytoin	DRUG_COMBINATION	Citalopram
Mephenytoin	DRUG_COMBINATION	Valproic acid
Mephenytoin	DRUG_COMBINATION	Mefloquine
Mephenytoin	DRUG_COMBINATION	Terazosin
Mephenytoin	DRUG_COMBINATION	Dantrolene
Mephenytoin	DRUG_COMBINATION	Pramipexole
Mephenytoin	DRUG_COMBINATION	Bosentan
Mephenytoin	DRUG_COMBINATION	Vinblastine
Mephenytoin	DRUG_COMBINATION	Imatinib
Mephenytoin	DRUG_COMBINATION	Everolimus
Mephenytoin	DRUG_COMBINATION	Epinephrine
Mephenytoin	DRUG_COMBINATION	Sumatriptan
Mephenytoin	DRUG_COMBINATION	Diethylcarbamazine
Mephenytoin	DRUG_COMBINATION	Mebutamate
Mephenytoin	DRUG_COMBINATION	Niclosamide
Mephenytoin	DRUG_COMBINATION	Chlorphenesin
Mephenytoin	DRUG_COMBINATION	Doxorubicin
Mephenytoin	DRUG_COMBINATION	Pizotifen
Mephenytoin	DRUG_COMBINATION	Silver sulfadiazine
Rofecoxib	DRUG_COMBINATION	Idarubicin
Rofecoxib	DRUG_COMBINATION	Marizomib
Cefdinir	DRUG_COMBINATION	Ruxolitinib
Ciprofloxacin	DRUG_COMBINATION	Streptomycin
Ciprofloxacin	DRUG_COMBINATION	Ceftriaxone
Ciprofloxacin	DRUG_COMBINATION	Rifaximin
Ciprofloxacin	DRUG_COMBINATION	Celecoxib
Ciprofloxacin	DRUG_COMBINATION	Etoposide
Ciprofloxacin	DRUG_COMBINATION	Metronidazole
Ciprofloxacin	DRUG_COMBINATION	Lumacaftor
Ciprofloxacin	DRUG_COMBINATION	Ivacaftor
Nortriptyline	DRUG_COMBINATION	Lidocaine
Benazepril	DRUG_COMBINATION	Hydroxychloroquine
Benazepril	DRUG_COMBINATION	Candesartan
Fluorouracil	DRUG_COMBINATION	Topotecan
Fluorouracil	DRUG_COMBINATION	Bortezomib
Fluorouracil	DRUG_COMBINATION	Mitomycin
Fluorouracil	DRUG_COMBINATION	Vinorelbine
Fluorouracil	DRUG_COMBINATION	Idarubicin
Fluorouracil	DRUG_COMBINATION	Estramustine
Fluorouracil	DRUG_COMBINATION	Lomustine
Fluorouracil	DRUG_COMBINATION	Paclitaxel
Fluorouracil	DRUG_COMBINATION	Dexamethasone
Fluorouracil	DRUG_COMBINATION	Dasatinib
Fluorouracil	DRUG_COMBINATION	Lapatinib
Fluorouracil	DRUG_COMBINATION	Sunitinib
Fluorouracil	DRUG_COMBINATION	Sorafenib
Fluorouracil	DRUG_COMBINATION	Gemcitabine
Fluorouracil	DRUG_COMBINATION	Erlotinib
Fluorouracil	DRUG_COMBINATION	Cyclophosphamide
Fluorouracil	DRUG_COMBINATION	Methotrexate
Fluorouracil	DRUG_COMBINATION	Vorinostat
Fluorouracil	DRUG_COMBINATION	Vinblastine
Fluorouracil	DRUG_COMBINATION	Etoposide
Fluorouracil	DRUG_COMBINATION	Doxorubicin
Fluorouracil	DRUG_COMBINATION	Mirdametinib
Fluorouracil	DRUG_COMBINATION	Ridaforolimus
Fluorouracil	DRUG_COMBINATION	MK-8776
Fluorouracil	DRUG_COMBINATION	Dinaciclib
Fluorouracil	DRUG_COMBINATION	Dactolisib
Fluorouracil	DRUG_COMBINATION	10-hydroxycamptothecin
Fluorouracil	DRUG_COMBINATION	Adavosertib
Fluorouracil	DRUG_COMBINATION	Molibresib
Fluorouracil	DRUG_COMBINATION	Niraparib
Fluorouracil	DRUG_COMBINATION	MK-2206
Azelaic acid	DRUG_COMBINATION	Brimonidine
Propylthiouracil	DRUG_COMBINATION	Idarubicin
Propylthiouracil	DRUG_COMBINATION	Carbimazole
Propylthiouracil	DRUG_COMBINATION	Levothyroxine
Propylthiouracil	DRUG_COMBINATION	Perphenazine
Acetohydroxamic acid	DRUG_COMBINATION	Daidzin
Acetohydroxamic acid	DRUG_COMBINATION	Topotecan
Acetohydroxamic acid	DRUG_COMBINATION	Diazoxide
Acetohydroxamic acid	DRUG_COMBINATION	Citalopram
Acetohydroxamic acid	DRUG_COMBINATION	Liothyronine
Acetohydroxamic acid	DRUG_COMBINATION	Ibutilide
Acetohydroxamic acid	DRUG_COMBINATION	Chlorzoxazone
Acetohydroxamic acid	DRUG_COMBINATION	Idarubicin
Acetohydroxamic acid	DRUG_COMBINATION	Chlormezanone
Acetohydroxamic acid	DRUG_COMBINATION	Dantrolene
Acetohydroxamic acid	DRUG_COMBINATION	Hydralazine
Acetohydroxamic acid	DRUG_COMBINATION	Palonosetron
Acetohydroxamic acid	DRUG_COMBINATION	Methocarbamol
Acetohydroxamic acid	DRUG_COMBINATION	Cerivastatin
Acetohydroxamic acid	DRUG_COMBINATION	Enoxacin
Acetohydroxamic acid	DRUG_COMBINATION	Vorinostat
Acetohydroxamic acid	DRUG_COMBINATION	Vinblastine
Acetohydroxamic acid	DRUG_COMBINATION	Furazolidone
Acetohydroxamic acid	DRUG_COMBINATION	Cilastatin
Acetohydroxamic acid	DRUG_COMBINATION	Trimethobenzamide
Acetohydroxamic acid	DRUG_COMBINATION	Sumatriptan
Acetohydroxamic acid	DRUG_COMBINATION	Pentamidine
Acetohydroxamic acid	DRUG_COMBINATION	Riluzole
Acetohydroxamic acid	DRUG_COMBINATION	Niclosamide
Acetohydroxamic acid	DRUG_COMBINATION	Tacrolimus
Acetohydroxamic acid	DRUG_COMBINATION	Repaglinide
Acetohydroxamic acid	DRUG_COMBINATION	Maprotiline
Acetohydroxamic acid	DRUG_COMBINATION	Ciprofibrate
Acetohydroxamic acid	DRUG_COMBINATION	Mardepodect
Acetohydroxamic acid	DRUG_COMBINATION	Anamorelin
Acetohydroxamic acid	DRUG_COMBINATION	Ginkgolide A
Acetohydroxamic acid	DRUG_COMBINATION	Terameprocol
Acetohydroxamic acid	DRUG_COMBINATION	Emetine
Acetohydroxamic acid	DRUG_COMBINATION	Modufolin
Pentostatin	DRUG_COMBINATION	Leflunomide
Pentostatin	DRUG_COMBINATION	Diazoxide
Pentostatin	DRUG_COMBINATION	Bortezomib
Pentostatin	DRUG_COMBINATION	Chlorambucil
Pentostatin	DRUG_COMBINATION	Mefloquine
Pentostatin	DRUG_COMBINATION	Kanamycin
Pentostatin	DRUG_COMBINATION	Estramustine
Pentostatin	DRUG_COMBINATION	Dantrolene
Pentostatin	DRUG_COMBINATION	Bepridil
Pentostatin	DRUG_COMBINATION	Sunitinib
Pentostatin	DRUG_COMBINATION	Cisplatin
Pentostatin	DRUG_COMBINATION	Cyclophosphamide
Pentostatin	DRUG_COMBINATION	Acetohydroxamic acid
Pentostatin	DRUG_COMBINATION	Methotrexate
Pentostatin	DRUG_COMBINATION	Vorinostat
Pentostatin	DRUG_COMBINATION	Vinblastine
Pentostatin	DRUG_COMBINATION	Mycophenolate mofetil
Pentostatin	DRUG_COMBINATION	Phensuximide
Pentostatin	DRUG_COMBINATION	Ixabepilone
Pentostatin	DRUG_COMBINATION	Cytarabine
Pentostatin	DRUG_COMBINATION	Ciprofibrate
Pentostatin	DRUG_COMBINATION	Methylene blue
Pentostatin	DRUG_COMBINATION	Anamorelin
Pentostatin	DRUG_COMBINATION	Brincidofovir
Pentostatin	DRUG_COMBINATION	Ginkgolide A
Pentostatin	DRUG_COMBINATION	Marizomib
Methoxsalen	DRUG_COMBINATION	Isoprenaline
Methoxsalen	DRUG_COMBINATION	Bexarotene
Methoxsalen	DRUG_COMBINATION	Mefloquine
Methoxsalen	DRUG_COMBINATION	Hydralazine
Methoxsalen	DRUG_COMBINATION	Tacrine
Methoxsalen	DRUG_COMBINATION	Cerivastatin
Methoxsalen	DRUG_COMBINATION	Nabilone
Methoxsalen	DRUG_COMBINATION	Mephenytoin
Methoxsalen	DRUG_COMBINATION	Vinblastine
Methoxsalen	DRUG_COMBINATION	Oxandrolone
Methoxsalen	DRUG_COMBINATION	Oxyphenbutazone
Methoxsalen	DRUG_COMBINATION	Mebendazole
Methoxsalen	DRUG_COMBINATION	Trimethobenzamide
Methoxsalen	DRUG_COMBINATION	Riluzole
Methoxsalen	DRUG_COMBINATION	Acetazolamide
Methoxsalen	DRUG_COMBINATION	Tiagabine
Methoxsalen	DRUG_COMBINATION	Maprotiline
Methoxsalen	DRUG_COMBINATION	Lacosamide
Methoxsalen	DRUG_COMBINATION	Triapine
Methoxsalen	DRUG_COMBINATION	Benserazide
Piroxicam	DRUG_COMBINATION	Acetaminophen
Lamotrigine	DRUG_COMBINATION	Atorvastatin
Lamotrigine	DRUG_COMBINATION	Levetiracetam
Lamotrigine	DRUG_COMBINATION	Raltegravir
Lamotrigine	DRUG_COMBINATION	Eslicarbazepine acetate
Lamotrigine	DRUG_COMBINATION	Lithium carbonate
Hydroxyzine	DRUG_COMBINATION	Meperidine
Hydroxyzine	DRUG_COMBINATION	Midazolam
Zanamivir	DRUG_COMBINATION	Oseltamivir
Zanamivir	DRUG_COMBINATION	Idarubicin
Zanamivir	DRUG_COMBINATION	Zanamivir
Bosentan	DRUG_COMBINATION	Lubiprostone
Bosentan	DRUG_COMBINATION	Iloprost
Bosentan	DRUG_COMBINATION	Leflunomide
Bosentan	DRUG_COMBINATION	Diclofenamide
Bosentan	DRUG_COMBINATION	Cefmenoxime
Bosentan	DRUG_COMBINATION	Chlorzoxazone
Bosentan	DRUG_COMBINATION	Idarubicin
Bosentan	DRUG_COMBINATION	Bepridil
Bosentan	DRUG_COMBINATION	Cerivastatin
Bosentan	DRUG_COMBINATION	Entacapone
Bosentan	DRUG_COMBINATION	Pentostatin
Bosentan	DRUG_COMBINATION	Cisatracurium
Bosentan	DRUG_COMBINATION	Testosterone
Bosentan	DRUG_COMBINATION	Trazodone
Bosentan	DRUG_COMBINATION	SN-38
Bosentan	DRUG_COMBINATION	Niclosamide
Bosentan	DRUG_COMBINATION	Metyrosine
Bosentan	DRUG_COMBINATION	Alprostadil
Bosentan	DRUG_COMBINATION	Maprotiline
Bosentan	DRUG_COMBINATION	Cytarabine
Bosentan	DRUG_COMBINATION	Doxorubicin
Bosentan	DRUG_COMBINATION	Methylene blue
Bosentan	DRUG_COMBINATION	Triapine
Bosentan	DRUG_COMBINATION	Brincidofovir
Bosentan	DRUG_COMBINATION	Terameprocol
Bosentan	DRUG_COMBINATION	Modufolin
Doxapram	DRUG_COMBINATION	Leflunomide
Doxapram	DRUG_COMBINATION	Theophylline
Doxapram	DRUG_COMBINATION	Gefitinib
Doxapram	DRUG_COMBINATION	Nitisinone
Doxapram	DRUG_COMBINATION	Kanamycin
Doxapram	DRUG_COMBINATION	Fomepizole
Doxapram	DRUG_COMBINATION	Docetaxel
Doxapram	DRUG_COMBINATION	Sunitinib
Doxapram	DRUG_COMBINATION	Cerivastatin
Doxapram	DRUG_COMBINATION	Acitretin
Doxapram	DRUG_COMBINATION	Methotrexate
Doxapram	DRUG_COMBINATION	Vinblastine
Doxapram	DRUG_COMBINATION	Sumatriptan
Doxapram	DRUG_COMBINATION	Isosorbide dinitrate
Doxapram	DRUG_COMBINATION	Tiagabine
Doxapram	DRUG_COMBINATION	Maprotiline
Doxapram	DRUG_COMBINATION	Dronedarone
Doxapram	DRUG_COMBINATION	Rufinamide
Methotrexate	DRUG_COMBINATION	Piperaquine
Methotrexate	DRUG_COMBINATION	Teriflunomide
Methotrexate	DRUG_COMBINATION	Tofacitinib
Methotrexate	DRUG_COMBINATION	Pomalidomide
Methotrexate	DRUG_COMBINATION	Cyclosporine
Methotrexate	DRUG_COMBINATION	Mercaptopurine
Methotrexate	DRUG_COMBINATION	Memantine
Methotrexate	DRUG_COMBINATION	Rifampin
Methotrexate	DRUG_COMBINATION	Novobiocin
Methotrexate	DRUG_COMBINATION	Fludarabine
Methotrexate	DRUG_COMBINATION	Atorvastatin
Methotrexate	DRUG_COMBINATION	Iloprost
Methotrexate	DRUG_COMBINATION	Leflunomide
Methotrexate	DRUG_COMBINATION	Quinacrine
Methotrexate	DRUG_COMBINATION	Sertraline
Methotrexate	DRUG_COMBINATION	Desoxycorticosterone pivalate
Methotrexate	DRUG_COMBINATION	Diclofenamide
Methotrexate	DRUG_COMBINATION	Baclofen
Methotrexate	DRUG_COMBINATION	Bortezomib
Methotrexate	DRUG_COMBINATION	Oseltamivir
Methotrexate	DRUG_COMBINATION	Citalopram
Methotrexate	DRUG_COMBINATION	Crotamiton
Methotrexate	DRUG_COMBINATION	Chlorambucil
Methotrexate	DRUG_COMBINATION	Mitomycin
Methotrexate	DRUG_COMBINATION	Bexarotene
Methotrexate	DRUG_COMBINATION	Gefitinib
Methotrexate	DRUG_COMBINATION	Dihydroergotamine
Methotrexate	DRUG_COMBINATION	Atenolol
Methotrexate	DRUG_COMBINATION	Tioguanine
Methotrexate	DRUG_COMBINATION	Procarbazine
Methotrexate	DRUG_COMBINATION	Idarubicin
Methotrexate	DRUG_COMBINATION	Ifosfamide
Methotrexate	DRUG_COMBINATION	Clindamycin
Methotrexate	DRUG_COMBINATION	Docetaxel
Methotrexate	DRUG_COMBINATION	Dasatinib
Methotrexate	DRUG_COMBINATION	Lapatinib
Methotrexate	DRUG_COMBINATION	Sitagliptin
Methotrexate	DRUG_COMBINATION	Sunitinib
Methotrexate	DRUG_COMBINATION	Sorafenib
Methotrexate	DRUG_COMBINATION	Pramipexole
Methotrexate	DRUG_COMBINATION	2-Methoxyestradiol
Methotrexate	DRUG_COMBINATION	Cerivastatin
Methotrexate	DRUG_COMBINATION	Loratadine
Methotrexate	DRUG_COMBINATION	Acitretin
Methotrexate	DRUG_COMBINATION	Raloxifene
Methotrexate	DRUG_COMBINATION	Nabilone
Methotrexate	DRUG_COMBINATION	Altretamine
Methotrexate	DRUG_COMBINATION	Erlotinib
Methotrexate	DRUG_COMBINATION	Pentostatin
Methotrexate	DRUG_COMBINATION	Colchicine
Methotrexate	DRUG_COMBINATION	Vorinostat
Methotrexate	DRUG_COMBINATION	Vinblastine
Methotrexate	DRUG_COMBINATION	Fenoprofen
Methotrexate	DRUG_COMBINATION	Chloroquine
Methotrexate	DRUG_COMBINATION	Furazolidone
Methotrexate	DRUG_COMBINATION	Imatinib
Methotrexate	DRUG_COMBINATION	Cilastatin
Methotrexate	DRUG_COMBINATION	Hydroxychloroquine
Methotrexate	DRUG_COMBINATION	Pargyline
Methotrexate	DRUG_COMBINATION	Clofarabine
Methotrexate	DRUG_COMBINATION	Dexmedetomidine
Methotrexate	DRUG_COMBINATION	Leucovorin
Methotrexate	DRUG_COMBINATION	Mecamylamine
Methotrexate	DRUG_COMBINATION	Epinephrine
Methotrexate	DRUG_COMBINATION	Sumatriptan
Methotrexate	DRUG_COMBINATION	Moricizine
Methotrexate	DRUG_COMBINATION	Mycophenolate mofetil
Methotrexate	DRUG_COMBINATION	Paroxetine
Methotrexate	DRUG_COMBINATION	Clopidogrel
Methotrexate	DRUG_COMBINATION	Thiotepa
Methotrexate	DRUG_COMBINATION	Raltegravir
Methotrexate	DRUG_COMBINATION	Phensuximide
Methotrexate	DRUG_COMBINATION	Temozolomide
Methotrexate	DRUG_COMBINATION	Chlorphenesin
Methotrexate	DRUG_COMBINATION	Prednisolone
Methotrexate	DRUG_COMBINATION	Tacrolimus
Methotrexate	DRUG_COMBINATION	Sirolimus
Methotrexate	DRUG_COMBINATION	Isosorbide dinitrate
Methotrexate	DRUG_COMBINATION	Sulfapyridine
Methotrexate	DRUG_COMBINATION	Ondansetron
Methotrexate	DRUG_COMBINATION	Tiagabine
Methotrexate	DRUG_COMBINATION	Phenprocoumon
Methotrexate	DRUG_COMBINATION	Isoniazid
Methotrexate	DRUG_COMBINATION	Fluspirilene
Methotrexate	DRUG_COMBINATION	Ixabepilone
Methotrexate	DRUG_COMBINATION	Febuxostat
Methotrexate	DRUG_COMBINATION	Nilotinib
Methotrexate	DRUG_COMBINATION	Tamibarotene
Methotrexate	DRUG_COMBINATION	Dactinomycin
Methotrexate	DRUG_COMBINATION	Ezetimibe
Methotrexate	DRUG_COMBINATION	Cytarabine
Methotrexate	DRUG_COMBINATION	Azathioprine
Methotrexate	DRUG_COMBINATION	Busulfan
Methotrexate	DRUG_COMBINATION	Mirdametinib
Methotrexate	DRUG_COMBINATION	Noscapine
Methotrexate	DRUG_COMBINATION	Romidepsin
Methotrexate	DRUG_COMBINATION	Ibrutinib
Methotrexate	DRUG_COMBINATION	Ciprofibrate
Methotrexate	DRUG_COMBINATION	Lacosamide
Methotrexate	DRUG_COMBINATION	Ridaforolimus
Methotrexate	DRUG_COMBINATION	Eflornithine
Methotrexate	DRUG_COMBINATION	Methylene blue
Methotrexate	DRUG_COMBINATION	Mardepodect
Methotrexate	DRUG_COMBINATION	MK-8776
Methotrexate	DRUG_COMBINATION	Dinaciclib
Methotrexate	DRUG_COMBINATION	Brincidofovir
Methotrexate	DRUG_COMBINATION	Bucillamine
Methotrexate	DRUG_COMBINATION	Pyronaridine
Methotrexate	DRUG_COMBINATION	Lumefantrine
Methotrexate	DRUG_COMBINATION	Ticagrelor
Methotrexate	DRUG_COMBINATION	Liarozole
Methotrexate	DRUG_COMBINATION	Isavuconazole
Methotrexate	DRUG_COMBINATION	Dactolisib
Methotrexate	DRUG_COMBINATION	Treosulfan
Methotrexate	DRUG_COMBINATION	Adavosertib
Methotrexate	DRUG_COMBINATION	Eltanexor
Methotrexate	DRUG_COMBINATION	Molibresib
Methotrexate	DRUG_COMBINATION	Sivelestat
Methotrexate	DRUG_COMBINATION	Quizartinib
Methotrexate	DRUG_COMBINATION	Niraparib
Methotrexate	DRUG_COMBINATION	MK-2206
Methotrexate	DRUG_COMBINATION	Methotrexate
Cisatracurium	DRUG_COMBINATION	Daidzin
Cisatracurium	DRUG_COMBINATION	Probenecid
Cisatracurium	DRUG_COMBINATION	Lubiprostone
Cisatracurium	DRUG_COMBINATION	Abacavir
Cisatracurium	DRUG_COMBINATION	Isoprenaline
Cisatracurium	DRUG_COMBINATION	Iloprost
Cisatracurium	DRUG_COMBINATION	Leflunomide
Cisatracurium	DRUG_COMBINATION	Diazoxide
Cisatracurium	DRUG_COMBINATION	Crotamiton
Cisatracurium	DRUG_COMBINATION	Idarubicin
Cisatracurium	DRUG_COMBINATION	Estramustine
Cisatracurium	DRUG_COMBINATION	Dantrolene
Cisatracurium	DRUG_COMBINATION	Diphenidol
Cisatracurium	DRUG_COMBINATION	Cerivastatin
Cisatracurium	DRUG_COMBINATION	Imipramine
Cisatracurium	DRUG_COMBINATION	Quinine
Cisatracurium	DRUG_COMBINATION	Oxandrolone
Cisatracurium	DRUG_COMBINATION	Testosterone
Cisatracurium	DRUG_COMBINATION	Efavirenz
Cisatracurium	DRUG_COMBINATION	Genistein
Cisatracurium	DRUG_COMBINATION	Oxyphenbutazone
Cisatracurium	DRUG_COMBINATION	Magnesium sulfate
Cisatracurium	DRUG_COMBINATION	Acamprosate
Cisatracurium	DRUG_COMBINATION	Metaxalone
Cisatracurium	DRUG_COMBINATION	Diethylcarbamazine
Cisatracurium	DRUG_COMBINATION	Metyrosine
Cisatracurium	DRUG_COMBINATION	Tolazoline
Cisatracurium	DRUG_COMBINATION	Maprotiline
Cisatracurium	DRUG_COMBINATION	Phenprocoumon
Cisatracurium	DRUG_COMBINATION	Fluspirilene
Cisatracurium	DRUG_COMBINATION	Cytarabine
Cisatracurium	DRUG_COMBINATION	Doxorubicin
Cisatracurium	DRUG_COMBINATION	Busulfan
Cisatracurium	DRUG_COMBINATION	Pizotifen
Cisatracurium	DRUG_COMBINATION	Lacosamide
Cisatracurium	DRUG_COMBINATION	Methylene blue
Cisatracurium	DRUG_COMBINATION	Triapine
Cisatracurium	DRUG_COMBINATION	Anamorelin
Cisatracurium	DRUG_COMBINATION	Carglumic acid
Cisatracurium	DRUG_COMBINATION	Emetine
Cisatracurium	DRUG_COMBINATION	Modufolin
Cisatracurium	DRUG_COMBINATION	Benserazide
Geldanamycin	DRUG_COMBINATION	Panobinostat
Cortisone acetate	DRUG_COMBINATION	Ruxolitinib
Cortisone acetate	DRUG_COMBINATION	Cortisone
Sodium bicarbonate	DRUG_COMBINATION	Acetylcysteine
Sodium bicarbonate	DRUG_COMBINATION	Potassium citrate
Yohimbine	DRUG_COMBINATION	Hydrocortisone
Colchicine	DRUG_COMBINATION	Ruxolitinib
Colchicine	DRUG_COMBINATION	Piperacetazine
Colchicine	DRUG_COMBINATION	Apilimod
Colchicine	DRUG_COMBINATION	Panobinostat
Colchicine	DRUG_COMBINATION	GDC-0810
Colchicine	DRUG_COMBINATION	Mizoribine
Colchicine	DRUG_COMBINATION	Lurbinectedin
Drospirenone	DRUG_COMBINATION	Ruxolitinib
Drospirenone	DRUG_COMBINATION	Idarubicin
Digitoxin	DRUG_COMBINATION	Formestane
Digitoxin	DRUG_COMBINATION	Pomalidomide
Digitoxin	DRUG_COMBINATION	Mercaptopurine
Digitoxin	DRUG_COMBINATION	Bortezomib
Digitoxin	DRUG_COMBINATION	Bleomycin
Digitoxin	DRUG_COMBINATION	Mitomycin
Digitoxin	DRUG_COMBINATION	Idarubicin
Digitoxin	DRUG_COMBINATION	Ifosfamide
Digitoxin	DRUG_COMBINATION	Estramustine
Digitoxin	DRUG_COMBINATION	Paclitaxel
Digitoxin	DRUG_COMBINATION	Docetaxel
Digitoxin	DRUG_COMBINATION	Dasatinib
Digitoxin	DRUG_COMBINATION	Lapatinib
Digitoxin	DRUG_COMBINATION	Sunitinib
Digitoxin	DRUG_COMBINATION	Valrubicin
Digitoxin	DRUG_COMBINATION	Sorafenib
Digitoxin	DRUG_COMBINATION	Raloxifene
Digitoxin	DRUG_COMBINATION	Cisplatin
Digitoxin	DRUG_COMBINATION	Cyclophosphamide
Digitoxin	DRUG_COMBINATION	Pentostatin
Digitoxin	DRUG_COMBINATION	Imatinib
Digitoxin	DRUG_COMBINATION	Dyphylline
Digitoxin	DRUG_COMBINATION	Plicamycin
Digitoxin	DRUG_COMBINATION	Sirolimus
Digitoxin	DRUG_COMBINATION	Azacitidine
Digitoxin	DRUG_COMBINATION	Ixabepilone
Digitoxin	DRUG_COMBINATION	Nilotinib
Digitoxin	DRUG_COMBINATION	Tamibarotene
Digitoxin	DRUG_COMBINATION	Dactinomycin
Digitoxin	DRUG_COMBINATION	Busulfan
Digitoxin	DRUG_COMBINATION	Romidepsin
Digitoxin	DRUG_COMBINATION	Triapine
Digitoxin	DRUG_COMBINATION	Dinaciclib
Digitoxin	DRUG_COMBINATION	10-hydroxycamptothecin
Neostigmine	DRUG_COMBINATION	Rocuronium
Danazol	DRUG_COMBINATION	Teriflunomide
Ciclesonide	DRUG_COMBINATION	Idarubicin
Cefpodoxime	DRUG_COMBINATION	Azithromycin
Acenocoumarol	DRUG_COMBINATION	Warfarin
Paromomycin	DRUG_COMBINATION	Ibutilide
Paromomycin	DRUG_COMBINATION	Dihydroergotamine
Paromomycin	DRUG_COMBINATION	Chlorzoxazone
Paromomycin	DRUG_COMBINATION	Mefloquine
Paromomycin	DRUG_COMBINATION	Sunitinib
Paromomycin	DRUG_COMBINATION	Hydralazine
Paromomycin	DRUG_COMBINATION	Palonosetron
Paromomycin	DRUG_COMBINATION	Cisatracurium
Paromomycin	DRUG_COMBINATION	Vorinostat
Paromomycin	DRUG_COMBINATION	Vinblastine
Paromomycin	DRUG_COMBINATION	Imatinib
Paromomycin	DRUG_COMBINATION	Genistein
Paromomycin	DRUG_COMBINATION	Metaxalone
Paromomycin	DRUG_COMBINATION	Pentamidine
Paromomycin	DRUG_COMBINATION	Acyclovir
Paromomycin	DRUG_COMBINATION	Repaglinide
Paromomycin	DRUG_COMBINATION	Cytarabine
Paromomycin	DRUG_COMBINATION	Dopamine
Paromomycin	DRUG_COMBINATION	Pizotifen
Paromomycin	DRUG_COMBINATION	Miltefosine
Paromomycin	DRUG_COMBINATION	Lacosamide
Paromomycin	DRUG_COMBINATION	Methylene blue
Paromomycin	DRUG_COMBINATION	Triapine
Paromomycin	DRUG_COMBINATION	Terameprocol
Paromomycin	DRUG_COMBINATION	10-hydroxycamptothecin
Paromomycin	DRUG_COMBINATION	Modufolin
Midomafetamine	DRUG_COMBINATION	Midomafetamine
Brivudine	DRUG_COMBINATION	Idarubicin
Trichostatin A	DRUG_COMBINATION	Piperaquine
Trichostatin A	DRUG_COMBINATION	Ruxolitinib
Trichostatin A	DRUG_COMBINATION	Nitisinone
Trichostatin A	DRUG_COMBINATION	Mefloquine
Trichostatin A	DRUG_COMBINATION	Clindamycin
Trichostatin A	DRUG_COMBINATION	Quinine
Trichostatin A	DRUG_COMBINATION	Chloroquine
Trichostatin A	DRUG_COMBINATION	Midostaurin
Trichostatin A	DRUG_COMBINATION	Panobinostat
Trichostatin A	DRUG_COMBINATION	Pyronaridine
4-Hydroxy-3,5-Dimethyl-5-(2-Methyl-Buta-1,3-Dienyl)-5h-Thiophen-2-One	DRUG_COMBINATION	Miconazole
4-Hydroxy-3,5-Dimethyl-5-(2-Methyl-Buta-1,3-Dienyl)-5h-Thiophen-2-One	DRUG_COMBINATION	Diltiazem
4-Hydroxy-3,5-Dimethyl-5-(2-Methyl-Buta-1,3-Dienyl)-5h-Thiophen-2-One	DRUG_COMBINATION	Mefloquine
4-Hydroxy-3,5-Dimethyl-5-(2-Methyl-Buta-1,3-Dienyl)-5h-Thiophen-2-One	DRUG_COMBINATION	Patupilone
4-Hydroxy-3,5-Dimethyl-5-(2-Methyl-Buta-1,3-Dienyl)-5h-Thiophen-2-One	DRUG_COMBINATION	Omacetaxine mepesuccinate
4-Hydroxy-3,5-Dimethyl-5-(2-Methyl-Buta-1,3-Dienyl)-5h-Thiophen-2-One	DRUG_COMBINATION	Pyronaridine
4-Hydroxy-3,5-Dimethyl-5-(2-Methyl-Buta-1,3-Dienyl)-5h-Thiophen-2-One	DRUG_COMBINATION	Artemether
4-Hydroxy-3,5-Dimethyl-5-(2-Methyl-Buta-1,3-Dienyl)-5h-Thiophen-2-One	DRUG_COMBINATION	Lumefantrine
4-Hydroxy-3,5-Dimethyl-5-(2-Methyl-Buta-1,3-Dienyl)-5h-Thiophen-2-One	DRUG_COMBINATION	Cipargamin
Vorinostat	DRUG_COMBINATION	Daidzin
Vorinostat	DRUG_COMBINATION	Ruxolitinib
Vorinostat	DRUG_COMBINATION	Teriflunomide
Vorinostat	DRUG_COMBINATION	Probenecid
Vorinostat	DRUG_COMBINATION	Iloprost
Vorinostat	DRUG_COMBINATION	Diazoxide
Vorinostat	DRUG_COMBINATION	Desoxycorticosterone pivalate
Vorinostat	DRUG_COMBINATION	Sulfinpyrazone
Vorinostat	DRUG_COMBINATION	Mesalazine
Vorinostat	DRUG_COMBINATION	Theophylline
Vorinostat	DRUG_COMBINATION	Liothyronine
Vorinostat	DRUG_COMBINATION	Etomidate
Vorinostat	DRUG_COMBINATION	Mitomycin
Vorinostat	DRUG_COMBINATION	Ibutilide
Vorinostat	DRUG_COMBINATION	Ethambutol
Vorinostat	DRUG_COMBINATION	Olanzapine
Vorinostat	DRUG_COMBINATION	Atenolol
Vorinostat	DRUG_COMBINATION	Mefloquine
Vorinostat	DRUG_COMBINATION	Cilostazol
Vorinostat	DRUG_COMBINATION	Itraconazole
Vorinostat	DRUG_COMBINATION	Kanamycin
Vorinostat	DRUG_COMBINATION	Idarubicin
Vorinostat	DRUG_COMBINATION	Clindamycin
Vorinostat	DRUG_COMBINATION	Diphenidol
Vorinostat	DRUG_COMBINATION	Bepridil
Vorinostat	DRUG_COMBINATION	Docetaxel
Vorinostat	DRUG_COMBINATION	Palonosetron
Vorinostat	DRUG_COMBINATION	Sorafenib
Vorinostat	DRUG_COMBINATION	Methocarbamol
Vorinostat	DRUG_COMBINATION	Cerivastatin
Vorinostat	DRUG_COMBINATION	Imipramine
Vorinostat	DRUG_COMBINATION	Quinine
Vorinostat	DRUG_COMBINATION	Entacapone
Vorinostat	DRUG_COMBINATION	Albendazole
Vorinostat	DRUG_COMBINATION	Mephenytoin
Vorinostat	DRUG_COMBINATION	Methoxsalen
Vorinostat	DRUG_COMBINATION	Doxapram
Vorinostat	DRUG_COMBINATION	Cisatracurium
Vorinostat	DRUG_COMBINATION	4-Hydroxy-3,5-Dimethyl-5-(2-Methyl-Buta-1,3-Dienyl)-5h-Thiophen-2-One
Vorinostat	DRUG_COMBINATION	Fenoprofen
Vorinostat	DRUG_COMBINATION	Chloroquine
Vorinostat	DRUG_COMBINATION	Amodiaquine
Vorinostat	DRUG_COMBINATION	Furazolidone
Vorinostat	DRUG_COMBINATION	Efavirenz
Vorinostat	DRUG_COMBINATION	Everolimus
Vorinostat	DRUG_COMBINATION	Hydroxychloroquine
Vorinostat	DRUG_COMBINATION	Alvocidib
Vorinostat	DRUG_COMBINATION	Oxyphenbutazone
Vorinostat	DRUG_COMBINATION	Dyphylline
Vorinostat	DRUG_COMBINATION	Trazodone
Vorinostat	DRUG_COMBINATION	Mecamylamine
Vorinostat	DRUG_COMBINATION	Acamprosate
Vorinostat	DRUG_COMBINATION	Trimethobenzamide
Vorinostat	DRUG_COMBINATION	Moricizine
Vorinostat	DRUG_COMBINATION	Diethylcarbamazine
Vorinostat	DRUG_COMBINATION	Pentamidine
Vorinostat	DRUG_COMBINATION	Zileuton
Vorinostat	DRUG_COMBINATION	Clopidogrel
Vorinostat	DRUG_COMBINATION	Metyrosine
Vorinostat	DRUG_COMBINATION	Tolazoline
Vorinostat	DRUG_COMBINATION	Patupilone
Vorinostat	DRUG_COMBINATION	Phensuximide
Vorinostat	DRUG_COMBINATION	Chlorphenesin
Vorinostat	DRUG_COMBINATION	Meclofenamic acid
Vorinostat	DRUG_COMBINATION	Picoplatin
Vorinostat	DRUG_COMBINATION	Doxorubicin
Vorinostat	DRUG_COMBINATION	Cinacalcet
Vorinostat	DRUG_COMBINATION	Fenretinide
Vorinostat	DRUG_COMBINATION	Pizotifen
Vorinostat	DRUG_COMBINATION	Ibrutinib
Vorinostat	DRUG_COMBINATION	Lacosamide
Vorinostat	DRUG_COMBINATION	Ridaforolimus
Vorinostat	DRUG_COMBINATION	Eflornithine
Vorinostat	DRUG_COMBINATION	Armodafinil
Vorinostat	DRUG_COMBINATION	MK-8776
Vorinostat	DRUG_COMBINATION	Brincidofovir
Vorinostat	DRUG_COMBINATION	Pyronaridine
Vorinostat	DRUG_COMBINATION	Lumefantrine
Vorinostat	DRUG_COMBINATION	Ginkgolide A
Vorinostat	DRUG_COMBINATION	TAK-733
Vorinostat	DRUG_COMBINATION	Dactolisib
Vorinostat	DRUG_COMBINATION	Emetine
Vorinostat	DRUG_COMBINATION	Clascoterone
Vorinostat	DRUG_COMBINATION	Benserazide
Vorinostat	DRUG_COMBINATION	Sivelestat
PD173955	DRUG_COMBINATION	Piperaquine
PD173955	DRUG_COMBINATION	Ruxolitinib
PD173955	DRUG_COMBINATION	Chloroquine
PD173955	DRUG_COMBINATION	Omipalisib
Oseltamivir acid	DRUG_COMBINATION	Diazoxide
Oseltamivir acid	DRUG_COMBINATION	Bortezomib
Oseltamivir acid	DRUG_COMBINATION	Chlorzoxazone
Oseltamivir acid	DRUG_COMBINATION	Estramustine
Oseltamivir acid	DRUG_COMBINATION	Sunitinib
Oseltamivir acid	DRUG_COMBINATION	Pramipexole
Oseltamivir acid	DRUG_COMBINATION	Cerivastatin
Oseltamivir acid	DRUG_COMBINATION	Enoxacin
Oseltamivir acid	DRUG_COMBINATION	Vinblastine
Oseltamivir acid	DRUG_COMBINATION	Imatinib
Oseltamivir acid	DRUG_COMBINATION	Genistein
Oseltamivir acid	DRUG_COMBINATION	Oxyphenbutazone
Oseltamivir acid	DRUG_COMBINATION	Diethylcarbamazine
Oseltamivir acid	DRUG_COMBINATION	SN-38
Oseltamivir acid	DRUG_COMBINATION	Niclosamide
Oseltamivir acid	DRUG_COMBINATION	Metyrosine
Oseltamivir acid	DRUG_COMBINATION	Trifluoperazine
Oseltamivir acid	DRUG_COMBINATION	Fluspirilene
Oseltamivir acid	DRUG_COMBINATION	Dactinomycin
Oseltamivir acid	DRUG_COMBINATION	Methylene blue
Oseltamivir acid	DRUG_COMBINATION	Brincidofovir
Oseltamivir acid	DRUG_COMBINATION	Terameprocol
Oseltamivir acid	DRUG_COMBINATION	10-hydroxycamptothecin
Oseltamivir acid	DRUG_COMBINATION	Emetine
Cholic Acid	DRUG_COMBINATION	Idarubicin
Dextroamphetamine	DRUG_COMBINATION	Amphetamine
Dextroamphetamine	DRUG_COMBINATION	Levodopa
Dextroamphetamine	DRUG_COMBINATION	Risperidone
Dextroamphetamine	DRUG_COMBINATION	Modafinil
Phendimetrazine	DRUG_COMBINATION	Cocaine
Cephalexin	DRUG_COMBINATION	Cefadroxil
Cephalexin	DRUG_COMBINATION	Cefazolin
Cephalexin	DRUG_COMBINATION	Metronidazole
Cephalexin	DRUG_COMBINATION	Gilteritinib
Vinblastine	DRUG_COMBINATION	Daidzin
Vinblastine	DRUG_COMBINATION	Ruxolitinib
Vinblastine	DRUG_COMBINATION	Teriflunomide
Vinblastine	DRUG_COMBINATION	Linagliptin
Vinblastine	DRUG_COMBINATION	Abacavir
Vinblastine	DRUG_COMBINATION	Novobiocin
Vinblastine	DRUG_COMBINATION	Isoprenaline
Vinblastine	DRUG_COMBINATION	Iloprost
Vinblastine	DRUG_COMBINATION	Diazoxide
Vinblastine	DRUG_COMBINATION	Sulfinpyrazone
Vinblastine	DRUG_COMBINATION	Bortezomib
Vinblastine	DRUG_COMBINATION	Aminosalicylic acid
Vinblastine	DRUG_COMBINATION	Crotamiton
Vinblastine	DRUG_COMBINATION	Etomidate
Vinblastine	DRUG_COMBINATION	Chlorzoxazone
Vinblastine	DRUG_COMBINATION	Itraconazole
Vinblastine	DRUG_COMBINATION	Kanamycin
Vinblastine	DRUG_COMBINATION	Idarubicin
Vinblastine	DRUG_COMBINATION	Chlormezanone
Vinblastine	DRUG_COMBINATION	Clindamycin
Vinblastine	DRUG_COMBINATION	Dasatinib
Vinblastine	DRUG_COMBINATION	Lapatinib
Vinblastine	DRUG_COMBINATION	Sunitinib
Vinblastine	DRUG_COMBINATION	Triamterene
Vinblastine	DRUG_COMBINATION	Sorafenib
Vinblastine	DRUG_COMBINATION	Pramipexole
Vinblastine	DRUG_COMBINATION	Imipramine
Vinblastine	DRUG_COMBINATION	Enoxacin
Vinblastine	DRUG_COMBINATION	Quinine
Vinblastine	DRUG_COMBINATION	Nabilone
Vinblastine	DRUG_COMBINATION	Buspirone
Vinblastine	DRUG_COMBINATION	Albendazole
Vinblastine	DRUG_COMBINATION	Erlotinib
Vinblastine	DRUG_COMBINATION	Bosentan
Vinblastine	DRUG_COMBINATION	Cisatracurium
Vinblastine	DRUG_COMBINATION	Furazolidone
Vinblastine	DRUG_COMBINATION	Cilastatin
Vinblastine	DRUG_COMBINATION	Trazodone
Vinblastine	DRUG_COMBINATION	Moricizine
Vinblastine	DRUG_COMBINATION	Diethylcarbamazine
Vinblastine	DRUG_COMBINATION	Azatadine
Vinblastine	DRUG_COMBINATION	Riluzole
Vinblastine	DRUG_COMBINATION	Trioxsalen
Vinblastine	DRUG_COMBINATION	Mebutamate
Vinblastine	DRUG_COMBINATION	Raltegravir
Vinblastine	DRUG_COMBINATION	Fosfomycin
Vinblastine	DRUG_COMBINATION	Trifluoperazine
Vinblastine	DRUG_COMBINATION	Loperamide
Vinblastine	DRUG_COMBINATION	Bumetanide
Vinblastine	DRUG_COMBINATION	Tinidazole
Vinblastine	DRUG_COMBINATION	Repaglinide
Vinblastine	DRUG_COMBINATION	Amantadine
Vinblastine	DRUG_COMBINATION	Maprotiline
Vinblastine	DRUG_COMBINATION	Phenprocoumon
Vinblastine	DRUG_COMBINATION	Dronedarone
Vinblastine	DRUG_COMBINATION	Nilotinib
Vinblastine	DRUG_COMBINATION	Ethinylestradiol
Vinblastine	DRUG_COMBINATION	Cytarabine
Vinblastine	DRUG_COMBINATION	Doxorubicin
Vinblastine	DRUG_COMBINATION	Mirdametinib
Vinblastine	DRUG_COMBINATION	Silver sulfadiazine
Vinblastine	DRUG_COMBINATION	Ridaforolimus
Vinblastine	DRUG_COMBINATION	Temsirolimus
Vinblastine	DRUG_COMBINATION	MK-8776
Vinblastine	DRUG_COMBINATION	Dinaciclib
Vinblastine	DRUG_COMBINATION	Artemisinin
Vinblastine	DRUG_COMBINATION	Dactolisib
Vinblastine	DRUG_COMBINATION	Adavosertib
Vinblastine	DRUG_COMBINATION	Emetine
Vinblastine	DRUG_COMBINATION	Molibresib
Vinblastine	DRUG_COMBINATION	Sivelestat
Vinblastine	DRUG_COMBINATION	Niraparib
Vinblastine	DRUG_COMBINATION	MK-2206
Propranolol	DRUG_COMBINATION	Fenofibrate
Propranolol	DRUG_COMBINATION	Isoprenaline
Propranolol	DRUG_COMBINATION	Rosuvastatin
Propranolol	DRUG_COMBINATION	Midodrine
Propranolol	DRUG_COMBINATION	Ceftriaxone
Propranolol	DRUG_COMBINATION	Sunitinib
Propranolol	DRUG_COMBINATION	Prazosin
Propranolol	DRUG_COMBINATION	Duloxetine
Propranolol	DRUG_COMBINATION	Alendronic acid
Propranolol	DRUG_COMBINATION	Warfarin
Propranolol	DRUG_COMBINATION	Midazolam
Propranolol	DRUG_COMBINATION	Naltrexone
Propranolol	DRUG_COMBINATION	Modafinil
Propranolol	DRUG_COMBINATION	Prednisolone
Propranolol	DRUG_COMBINATION	Amantadine
Propranolol	DRUG_COMBINATION	Misoprostol
Propranolol	DRUG_COMBINATION	Albuterol
Fenoprofen	DRUG_COMBINATION	Linagliptin
Fenoprofen	DRUG_COMBINATION	Formestane
Fenoprofen	DRUG_COMBINATION	Guanfacine
Fenoprofen	DRUG_COMBINATION	Citalopram
Fenoprofen	DRUG_COMBINATION	Etonogestrel
Fenoprofen	DRUG_COMBINATION	Dihydroergotamine
Fenoprofen	DRUG_COMBINATION	Chlorzoxazone
Fenoprofen	DRUG_COMBINATION	Clindamycin
Fenoprofen	DRUG_COMBINATION	Estramustine
Fenoprofen	DRUG_COMBINATION	Dantrolene
Fenoprofen	DRUG_COMBINATION	Darunavir
Fenoprofen	DRUG_COMBINATION	Sunitinib
Fenoprofen	DRUG_COMBINATION	Palonosetron
Fenoprofen	DRUG_COMBINATION	Cerivastatin
Fenoprofen	DRUG_COMBINATION	Buspirone
Fenoprofen	DRUG_COMBINATION	Triflupromazine
Fenoprofen	DRUG_COMBINATION	Cisatracurium
Fenoprofen	DRUG_COMBINATION	Vinblastine
Fenoprofen	DRUG_COMBINATION	Oxyphenbutazone
Fenoprofen	DRUG_COMBINATION	Acamprosate
Fenoprofen	DRUG_COMBINATION	Tamoxifen
Fenoprofen	DRUG_COMBINATION	Diethylcarbamazine
Fenoprofen	DRUG_COMBINATION	Pentamidine
Fenoprofen	DRUG_COMBINATION	Metyrosine
Fenoprofen	DRUG_COMBINATION	Acyclovir
Fenoprofen	DRUG_COMBINATION	Tolazoline
Fenoprofen	DRUG_COMBINATION	Trifluoperazine
Fenoprofen	DRUG_COMBINATION	Phensuximide
Fenoprofen	DRUG_COMBINATION	Testolactone
Fenoprofen	DRUG_COMBINATION	Tiagabine
Fenoprofen	DRUG_COMBINATION	Maprotiline
Fenoprofen	DRUG_COMBINATION	Phenprocoumon
Fenoprofen	DRUG_COMBINATION	Cytarabine
Fenoprofen	DRUG_COMBINATION	Doxorubicin
Fenoprofen	DRUG_COMBINATION	Ciprofibrate
Fenoprofen	DRUG_COMBINATION	Methylene blue
Fenoprofen	DRUG_COMBINATION	Triapine
Fenoprofen	DRUG_COMBINATION	Lumefantrine
Fenoprofen	DRUG_COMBINATION	Terameprocol
Fenoprofen	DRUG_COMBINATION	Emetine
Fenoprofen	DRUG_COMBINATION	Clascoterone
Fenoprofen	DRUG_COMBINATION	Luteolin
Fenoprofen	DRUG_COMBINATION	Danusertib
Clonidine	DRUG_COMBINATION	Lorazepam
Clonidine	DRUG_COMBINATION	Lidocaine
Clonidine	DRUG_COMBINATION	Ropivacaine
Clonidine	DRUG_COMBINATION	Idarubicin
Clonidine	DRUG_COMBINATION	Sevoflurane
Clonidine	DRUG_COMBINATION	Enalapril
Clonidine	DRUG_COMBINATION	Telmisartan
Clonidine	DRUG_COMBINATION	Gabapentin
Clonidine	DRUG_COMBINATION	Levobupivacaine
Sulfamethizole	DRUG_COMBINATION	Idarubicin
Valaciclovir	DRUG_COMBINATION	Ruxolitinib
Valaciclovir	DRUG_COMBINATION	Temozolomide
Valaciclovir	DRUG_COMBINATION	Sorivudine
Lactulose	DRUG_COMBINATION	Ruxolitinib
Lactulose	DRUG_COMBINATION	Idarubicin
Lactulose	DRUG_COMBINATION	Rifaximin
Lactulose	DRUG_COMBINATION	Metronidazole
Voriconazole	DRUG_COMBINATION	Atazanavir
Voriconazole	DRUG_COMBINATION	Fluconazole
Voriconazole	DRUG_COMBINATION	Idarubicin
Voriconazole	DRUG_COMBINATION	Efavirenz
Voriconazole	DRUG_COMBINATION	Amphotericin B
Voriconazole	DRUG_COMBINATION	Natamycin
Voriconazole	DRUG_COMBINATION	Gilteritinib
Voriconazole	DRUG_COMBINATION	Ibrexafungerp
Voriconazole	DRUG_COMBINATION	Marizomib
Diclofenac	DRUG_COMBINATION	Morphine
Diclofenac	DRUG_COMBINATION	Acetaminophen
Diclofenac	DRUG_COMBINATION	Magnesium sulfate
Diclofenac	DRUG_COMBINATION	Midazolam
Diclofenac	DRUG_COMBINATION	Nepafenac
Diclofenac	DRUG_COMBINATION	Lacosamide
Fluticasone propionate	DRUG_COMBINATION	Ruxolitinib
Fluticasone propionate	DRUG_COMBINATION	Fluticasone furoate
Fluticasone propionate	DRUG_COMBINATION	Idarubicin
Doxazosin	DRUG_COMBINATION	Nifedipine
Doxazosin	DRUG_COMBINATION	Valsartan
Fluocinolone acetonide	DRUG_COMBINATION	Ruxolitinib
Ethosuximide	DRUG_COMBINATION	Escitalopram
Ethosuximide	DRUG_COMBINATION	Panobinostat
Amiloride	DRUG_COMBINATION	Topotecan
Amiloride	DRUG_COMBINATION	Leflunomide
Amiloride	DRUG_COMBINATION	Diazoxide
Amiloride	DRUG_COMBINATION	Cefmenoxime
Amiloride	DRUG_COMBINATION	Itraconazole
Amiloride	DRUG_COMBINATION	Idarubicin
Amiloride	DRUG_COMBINATION	Fomepizole
Amiloride	DRUG_COMBINATION	Cerivastatin
Amiloride	DRUG_COMBINATION	Entacapone
Amiloride	DRUG_COMBINATION	Albendazole
Amiloride	DRUG_COMBINATION	Vorinostat
Amiloride	DRUG_COMBINATION	Testosterone
Amiloride	DRUG_COMBINATION	Everolimus
Amiloride	DRUG_COMBINATION	Cilastatin
Amiloride	DRUG_COMBINATION	Dyphylline
Amiloride	DRUG_COMBINATION	Trimethobenzamide
Amiloride	DRUG_COMBINATION	Epinephrine
Amiloride	DRUG_COMBINATION	Moricizine
Amiloride	DRUG_COMBINATION	Pentamidine
Amiloride	DRUG_COMBINATION	Niclosamide
Amiloride	DRUG_COMBINATION	Metyrosine
Amiloride	DRUG_COMBINATION	Phensuximide
Amiloride	DRUG_COMBINATION	Tiagabine
Amiloride	DRUG_COMBINATION	Amantadine
Amiloride	DRUG_COMBINATION	Doxorubicin
Amiloride	DRUG_COMBINATION	Hydrochlorothiazide
Amiloride	DRUG_COMBINATION	Lacosamide
Amiloride	DRUG_COMBINATION	Methylene blue
Amiloride	DRUG_COMBINATION	Triapine
Amiloride	DRUG_COMBINATION	Terameprocol
Amiloride	DRUG_COMBINATION	Modufolin
Amiloride	DRUG_COMBINATION	K-134
Labetalol	DRUG_COMBINATION	Nifedipine
Labetalol	DRUG_COMBINATION	Atenolol
Labetalol	DRUG_COMBINATION	Enalapril
Labetalol	DRUG_COMBINATION	Furosemide
Thiopental	DRUG_COMBINATION	Rocuronium
Thiopental	DRUG_COMBINATION	Alfentanil
Monobenzone	DRUG_COMBINATION	Idarubicin
Linezolid	DRUG_COMBINATION	Bedaquiline
Linezolid	DRUG_COMBINATION	Moxifloxacin
Linezolid	DRUG_COMBINATION	Pyrazinamide
Linezolid	DRUG_COMBINATION	Aztreonam
Linezolid	DRUG_COMBINATION	Vancomycin
Linezolid	DRUG_COMBINATION	Cilastatin
Linezolid	DRUG_COMBINATION	Tazobactam
Linezolid	DRUG_COMBINATION	Meropenem
Linezolid	DRUG_COMBINATION	Cefiderocol
Sulindac	DRUG_COMBINATION	Ruxolitinib
Sulindac	DRUG_COMBINATION	Idarubicin
Sulindac	DRUG_COMBINATION	Erlotinib
Sulindac	DRUG_COMBINATION	Cytarabine
Sulindac	DRUG_COMBINATION	Eflornithine
Chloroquine	DRUG_COMBINATION	Piperaquine
Chloroquine	DRUG_COMBINATION	Memantine
Chloroquine	DRUG_COMBINATION	Novobiocin
Chloroquine	DRUG_COMBINATION	Leflunomide
Chloroquine	DRUG_COMBINATION	Sertraline
Chloroquine	DRUG_COMBINATION	Baclofen
Chloroquine	DRUG_COMBINATION	Liothyronine
Chloroquine	DRUG_COMBINATION	Dihydroergotamine
Chloroquine	DRUG_COMBINATION	Chlorzoxazone
Chloroquine	DRUG_COMBINATION	Kanamycin
Chloroquine	DRUG_COMBINATION	Idarubicin
Chloroquine	DRUG_COMBINATION	Fomepizole
Chloroquine	DRUG_COMBINATION	Chloroxine
Chloroquine	DRUG_COMBINATION	Bepridil
Chloroquine	DRUG_COMBINATION	Docetaxel
Chloroquine	DRUG_COMBINATION	Hydralazine
Chloroquine	DRUG_COMBINATION	Cerivastatin
Chloroquine	DRUG_COMBINATION	Acetohydroxamic acid
Chloroquine	DRUG_COMBINATION	Vinblastine
Chloroquine	DRUG_COMBINATION	Imatinib
Chloroquine	DRUG_COMBINATION	Nicardipine
Chloroquine	DRUG_COMBINATION	Everolimus
Chloroquine	DRUG_COMBINATION	Hydroxychloroquine
Chloroquine	DRUG_COMBINATION	Riluzole
Chloroquine	DRUG_COMBINATION	Metyrosine
Chloroquine	DRUG_COMBINATION	Acyclovir
Chloroquine	DRUG_COMBINATION	Trifluoperazine
Chloroquine	DRUG_COMBINATION	Phensuximide
Chloroquine	DRUG_COMBINATION	Sulfapyridine
Chloroquine	DRUG_COMBINATION	Maprotiline
Chloroquine	DRUG_COMBINATION	Doxorubicin
Chloroquine	DRUG_COMBINATION	Fendiline
Chloroquine	DRUG_COMBINATION	Cytisine
Chloroquine	DRUG_COMBINATION	Methylene blue
Chloroquine	DRUG_COMBINATION	Vinpocetine
Chloroquine	DRUG_COMBINATION	Artemether
Chloroquine	DRUG_COMBINATION	Lumefantrine
Chloroquine	DRUG_COMBINATION	Terameprocol
Chloroquine	DRUG_COMBINATION	Artemisinin
Chloroquine	DRUG_COMBINATION	Tetrandrine
Chloroquine	DRUG_COMBINATION	Cantharidin
Chloroquine	DRUG_COMBINATION	MK-3207
Chloroquine	DRUG_COMBINATION	Lidoflazine
Butorphanol	DRUG_COMBINATION	Remifentanil
Bisoprolol	DRUG_COMBINATION	Ramipril
Bisoprolol	DRUG_COMBINATION	Atenolol
Bisoprolol	DRUG_COMBINATION	Albuterol
Amodiaquine	DRUG_COMBINATION	Ruxolitinib
Amodiaquine	DRUG_COMBINATION	Teriflunomide
Amodiaquine	DRUG_COMBINATION	Probenecid
Amodiaquine	DRUG_COMBINATION	Novobiocin
Amodiaquine	DRUG_COMBINATION	Diazoxide
Amodiaquine	DRUG_COMBINATION	Bortezomib
Amodiaquine	DRUG_COMBINATION	Citalopram
Amodiaquine	DRUG_COMBINATION	Ethambutol
Amodiaquine	DRUG_COMBINATION	Chlorzoxazone
Amodiaquine	DRUG_COMBINATION	Kanamycin
Amodiaquine	DRUG_COMBINATION	Idarubicin
Amodiaquine	DRUG_COMBINATION	Docetaxel
Amodiaquine	DRUG_COMBINATION	Triamterene
Amodiaquine	DRUG_COMBINATION	Cerivastatin
Amodiaquine	DRUG_COMBINATION	Acitretin
Amodiaquine	DRUG_COMBINATION	Enoxacin
Amodiaquine	DRUG_COMBINATION	Albendazole
Amodiaquine	DRUG_COMBINATION	Vinblastine
Amodiaquine	DRUG_COMBINATION	Imatinib
Amodiaquine	DRUG_COMBINATION	Testosterone
Amodiaquine	DRUG_COMBINATION	Aprepitant
Amodiaquine	DRUG_COMBINATION	Diethylcarbamazine
Amodiaquine	DRUG_COMBINATION	Mebutamate
Amodiaquine	DRUG_COMBINATION	Metyrosine
Amodiaquine	DRUG_COMBINATION	Acetazolamide
Amodiaquine	DRUG_COMBINATION	Maprotiline
Amodiaquine	DRUG_COMBINATION	Phenprocoumon
Amodiaquine	DRUG_COMBINATION	Ezetimibe
Amodiaquine	DRUG_COMBINATION	Doxorubicin
Amodiaquine	DRUG_COMBINATION	Busulfan
Amodiaquine	DRUG_COMBINATION	Lacosamide
Amodiaquine	DRUG_COMBINATION	Mardepodect
Amodiaquine	DRUG_COMBINATION	Triapine
Amodiaquine	DRUG_COMBINATION	Artesunate
Amodiaquine	DRUG_COMBINATION	Brincidofovir
Amodiaquine	DRUG_COMBINATION	K-134
Furazolidone	DRUG_COMBINATION	Amoxicillin
Furazolidone	DRUG_COMBINATION	Isoprenaline
Furazolidone	DRUG_COMBINATION	Leflunomide
Furazolidone	DRUG_COMBINATION	Liothyronine
Furazolidone	DRUG_COMBINATION	Estramustine
Furazolidone	DRUG_COMBINATION	Docetaxel
Furazolidone	DRUG_COMBINATION	Pramipexole
Furazolidone	DRUG_COMBINATION	Cerivastatin
Furazolidone	DRUG_COMBINATION	Fenoprofen
Furazolidone	DRUG_COMBINATION	Everolimus
Furazolidone	DRUG_COMBINATION	Cilastatin
Furazolidone	DRUG_COMBINATION	Genistein
Furazolidone	DRUG_COMBINATION	Trimethobenzamide
Furazolidone	DRUG_COMBINATION	Pentamidine
Furazolidone	DRUG_COMBINATION	Mebutamate
Furazolidone	DRUG_COMBINATION	Niclosamide
Furazolidone	DRUG_COMBINATION	Primidone
Furazolidone	DRUG_COMBINATION	Acetazolamide
Furazolidone	DRUG_COMBINATION	Maprotiline
Furazolidone	DRUG_COMBINATION	Lacosamide
Furazolidone	DRUG_COMBINATION	Methylene blue
Imatinib	DRUG_COMBINATION	Daidzin
Imatinib	DRUG_COMBINATION	Ponatinib
Imatinib	DRUG_COMBINATION	Formestane
Imatinib	DRUG_COMBINATION	Pomalidomide
Imatinib	DRUG_COMBINATION	Probenecid
Imatinib	DRUG_COMBINATION	Abacavir
Imatinib	DRUG_COMBINATION	Novobiocin
Imatinib	DRUG_COMBINATION	Capecitabine
Imatinib	DRUG_COMBINATION	Quinacrine
Imatinib	DRUG_COMBINATION	Diazoxide
Imatinib	DRUG_COMBINATION	Baclofen
Imatinib	DRUG_COMBINATION	Bortezomib
Imatinib	DRUG_COMBINATION	Citalopram
Imatinib	DRUG_COMBINATION	Mesalazine
Imatinib	DRUG_COMBINATION	Theophylline
Imatinib	DRUG_COMBINATION	Chlorambucil
Imatinib	DRUG_COMBINATION	Mitomycin
Imatinib	DRUG_COMBINATION	Ibutilide
Imatinib	DRUG_COMBINATION	Ethambutol
Imatinib	DRUG_COMBINATION	Methylergometrine
Imatinib	DRUG_COMBINATION	Chlorzoxazone
Imatinib	DRUG_COMBINATION	Idarubicin
Imatinib	DRUG_COMBINATION	Ifosfamide
Imatinib	DRUG_COMBINATION	Estramustine
Imatinib	DRUG_COMBINATION	Paclitaxel
Imatinib	DRUG_COMBINATION	Diphenidol
Imatinib	DRUG_COMBINATION	Bepridil
Imatinib	DRUG_COMBINATION	Docetaxel
Imatinib	DRUG_COMBINATION	Dasatinib
Imatinib	DRUG_COMBINATION	Lapatinib
Imatinib	DRUG_COMBINATION	Sunitinib
Imatinib	DRUG_COMBINATION	Hydralazine
Imatinib	DRUG_COMBINATION	Tacrine
Imatinib	DRUG_COMBINATION	Valrubicin
Imatinib	DRUG_COMBINATION	Sorafenib
Imatinib	DRUG_COMBINATION	Pramipexole
Imatinib	DRUG_COMBINATION	Imipramine
Imatinib	DRUG_COMBINATION	Enoxacin
Imatinib	DRUG_COMBINATION	Raloxifene
Imatinib	DRUG_COMBINATION	Altretamine
Imatinib	DRUG_COMBINATION	Buspirone
Imatinib	DRUG_COMBINATION	Entacapone
Imatinib	DRUG_COMBINATION	Triflupromazine
Imatinib	DRUG_COMBINATION	Cisplatin
Imatinib	DRUG_COMBINATION	Cyclophosphamide
Imatinib	DRUG_COMBINATION	Acetohydroxamic acid
Imatinib	DRUG_COMBINATION	Pentostatin
Imatinib	DRUG_COMBINATION	Doxapram
Imatinib	DRUG_COMBINATION	Vorinostat
Imatinib	DRUG_COMBINATION	Fenoprofen
Imatinib	DRUG_COMBINATION	Amiloride
Imatinib	DRUG_COMBINATION	Furazolidone
Imatinib	DRUG_COMBINATION	Oxandrolone
Imatinib	DRUG_COMBINATION	Testosterone
Imatinib	DRUG_COMBINATION	Ursodeoxycholic acid
Imatinib	DRUG_COMBINATION	Everolimus
Imatinib	DRUG_COMBINATION	Cilastatin
Imatinib	DRUG_COMBINATION	Pargyline
Imatinib	DRUG_COMBINATION	Genistein
Imatinib	DRUG_COMBINATION	Oxyphenbutazone
Imatinib	DRUG_COMBINATION	Dexmedetomidine
Imatinib	DRUG_COMBINATION	Dyphylline
Imatinib	DRUG_COMBINATION	Trazodone
Imatinib	DRUG_COMBINATION	Acamprosate
Imatinib	DRUG_COMBINATION	Trimethobenzamide
Imatinib	DRUG_COMBINATION	Epinephrine
Imatinib	DRUG_COMBINATION	Aprepitant
Imatinib	DRUG_COMBINATION	Moricizine
Imatinib	DRUG_COMBINATION	Azatadine
Imatinib	DRUG_COMBINATION	Trioxsalen
Imatinib	DRUG_COMBINATION	Pralatrexate
Imatinib	DRUG_COMBINATION	Raltegravir
Imatinib	DRUG_COMBINATION	Acyclovir
Imatinib	DRUG_COMBINATION	Fosfomycin
Imatinib	DRUG_COMBINATION	Trifluoperazine
Imatinib	DRUG_COMBINATION	Phensuximide
Imatinib	DRUG_COMBINATION	Loperamide
Imatinib	DRUG_COMBINATION	Chlorphenesin
Imatinib	DRUG_COMBINATION	Sirolimus
Imatinib	DRUG_COMBINATION	Testolactone
Imatinib	DRUG_COMBINATION	Tinidazole
Imatinib	DRUG_COMBINATION	Amantadine
Imatinib	DRUG_COMBINATION	Fulvestrant
Imatinib	DRUG_COMBINATION	Isoniazid
Imatinib	DRUG_COMBINATION	Ixabepilone
Imatinib	DRUG_COMBINATION	Dronedarone
Imatinib	DRUG_COMBINATION	Nilotinib
Imatinib	DRUG_COMBINATION	Dactinomycin
Imatinib	DRUG_COMBINATION	Ezetimibe
Imatinib	DRUG_COMBINATION	Dopamine
Imatinib	DRUG_COMBINATION	Hydroxyurea
Imatinib	DRUG_COMBINATION	Busulfan
Imatinib	DRUG_COMBINATION	Pizotifen
Imatinib	DRUG_COMBINATION	Romidepsin
Imatinib	DRUG_COMBINATION	Silver sulfadiazine
Imatinib	DRUG_COMBINATION	Lacosamide
Imatinib	DRUG_COMBINATION	Eflornithine
Imatinib	DRUG_COMBINATION	Triapine
Imatinib	DRUG_COMBINATION	Dinaciclib
Imatinib	DRUG_COMBINATION	Brincidofovir
Imatinib	DRUG_COMBINATION	Lumefantrine
Imatinib	DRUG_COMBINATION	Ginkgolide A
Imatinib	DRUG_COMBINATION	Terameprocol
Imatinib	DRUG_COMBINATION	Artemisinin
Imatinib	DRUG_COMBINATION	Tretamine
Imatinib	DRUG_COMBINATION	10-hydroxycamptothecin
Imatinib	DRUG_COMBINATION	Emetine
Imatinib	DRUG_COMBINATION	Clascoterone
Imatinib	DRUG_COMBINATION	Modufolin
Imatinib	DRUG_COMBINATION	Benserazide
Imatinib	DRUG_COMBINATION	Danusertib
Triamcinolone	DRUG_COMBINATION	Lidocaine
Oxandrolone	DRUG_COMBINATION	Novobiocin
Oxandrolone	DRUG_COMBINATION	Gefitinib
Oxandrolone	DRUG_COMBINATION	Chlorzoxazone
Oxandrolone	DRUG_COMBINATION	Itraconazole
Oxandrolone	DRUG_COMBINATION	Chlormezanone
Oxandrolone	DRUG_COMBINATION	Dantrolene
Oxandrolone	DRUG_COMBINATION	Docetaxel
Oxandrolone	DRUG_COMBINATION	Sunitinib
Oxandrolone	DRUG_COMBINATION	Cerivastatin
Oxandrolone	DRUG_COMBINATION	Quinine
Oxandrolone	DRUG_COMBINATION	Buspirone
Oxandrolone	DRUG_COMBINATION	Vorinostat
Oxandrolone	DRUG_COMBINATION	Epinephrine
Oxandrolone	DRUG_COMBINATION	Metyrosine
Oxandrolone	DRUG_COMBINATION	Tiagabine
Oxandrolone	DRUG_COMBINATION	Maprotiline
Oxandrolone	DRUG_COMBINATION	Dactinomycin
Oxandrolone	DRUG_COMBINATION	Triapine
Oxandrolone	DRUG_COMBINATION	Dinaciclib
Nicardipine	DRUG_COMBINATION	Labetalol
Testosterone	DRUG_COMBINATION	Ruxolitinib
Testosterone	DRUG_COMBINATION	Pomalidomide
Testosterone	DRUG_COMBINATION	Topotecan
Testosterone	DRUG_COMBINATION	Rifampin
Testosterone	DRUG_COMBINATION	Leflunomide
Testosterone	DRUG_COMBINATION	Dutasteride
Testosterone	DRUG_COMBINATION	Ibutilide
Testosterone	DRUG_COMBINATION	Gefitinib
Testosterone	DRUG_COMBINATION	Methylergometrine
Testosterone	DRUG_COMBINATION	Chlorzoxazone
Testosterone	DRUG_COMBINATION	Mefloquine
Testosterone	DRUG_COMBINATION	Itraconazole
Testosterone	DRUG_COMBINATION	Idarubicin
Testosterone	DRUG_COMBINATION	Fomepizole
Testosterone	DRUG_COMBINATION	Finasteride
Testosterone	DRUG_COMBINATION	Anastrozole
Testosterone	DRUG_COMBINATION	Bepridil
Testosterone	DRUG_COMBINATION	Sunitinib
Testosterone	DRUG_COMBINATION	Buspirone
Testosterone	DRUG_COMBINATION	Vorinostat
Testosterone	DRUG_COMBINATION	Alendronic acid
Testosterone	DRUG_COMBINATION	Everolimus
Testosterone	DRUG_COMBINATION	Genistein
Testosterone	DRUG_COMBINATION	Oxyphenbutazone
Testosterone	DRUG_COMBINATION	Trazodone
Testosterone	DRUG_COMBINATION	Trimethobenzamide
Testosterone	DRUG_COMBINATION	SN-38
Testosterone	DRUG_COMBINATION	Metyrosine
Testosterone	DRUG_COMBINATION	Acyclovir
Testosterone	DRUG_COMBINATION	Cytarabine
Testosterone	DRUG_COMBINATION	Doxorubicin
Testosterone	DRUG_COMBINATION	Silver sulfadiazine
Testosterone	DRUG_COMBINATION	Mardepodect
Testosterone	DRUG_COMBINATION	Acyline
Testosterone	DRUG_COMBINATION	Triapine
Testosterone	DRUG_COMBINATION	Anamorelin
Testosterone	DRUG_COMBINATION	Artemisinin
Testosterone	DRUG_COMBINATION	Segesterone acetate
Efavirenz	DRUG_COMBINATION	Bortezomib
Efavirenz	DRUG_COMBINATION	Terazosin
Efavirenz	DRUG_COMBINATION	Chlormezanone
Efavirenz	DRUG_COMBINATION	Sorafenib
Efavirenz	DRUG_COMBINATION	Acitretin
Efavirenz	DRUG_COMBINATION	Albendazole
Efavirenz	DRUG_COMBINATION	Bosentan
Efavirenz	DRUG_COMBINATION	Methotrexate
Efavirenz	DRUG_COMBINATION	Trimethobenzamide
Efavirenz	DRUG_COMBINATION	Galantamine
Efavirenz	DRUG_COMBINATION	SN-38
Efavirenz	DRUG_COMBINATION	Maprotiline
Efavirenz	DRUG_COMBINATION	Phenprocoumon
Efavirenz	DRUG_COMBINATION	Doxorubicin
Efavirenz	DRUG_COMBINATION	Pretomanid
Efavirenz	DRUG_COMBINATION	Methylene blue
Efavirenz	DRUG_COMBINATION	Mardepodect
Efavirenz	DRUG_COMBINATION	Panobinostat
Efavirenz	DRUG_COMBINATION	Terameprocol
Efavirenz	DRUG_COMBINATION	Pitavastatin
Efavirenz	DRUG_COMBINATION	Rilpivirine
Efavirenz	DRUG_COMBINATION	Emetine
Efavirenz	DRUG_COMBINATION	Ganaplacide
Niacin	DRUG_COMBINATION	Idarubicin
Nicotinamide	DRUG_COMBINATION	Idarubicin
Nicotinamide	DRUG_COMBINATION	Vorinostat
Resveratrol	DRUG_COMBINATION	Idarubicin
Resveratrol	DRUG_COMBINATION	Losartan
Ursodeoxycholic acid	DRUG_COMBINATION	Formestane
Ursodeoxycholic acid	DRUG_COMBINATION	Fenofibrate
Ursodeoxycholic acid	DRUG_COMBINATION	Diazoxide
Ursodeoxycholic acid	DRUG_COMBINATION	Oseltamivir
Ursodeoxycholic acid	DRUG_COMBINATION	Etomidate
Ursodeoxycholic acid	DRUG_COMBINATION	Gefitinib
Ursodeoxycholic acid	DRUG_COMBINATION	Mefloquine
Ursodeoxycholic acid	DRUG_COMBINATION	Itraconazole
Ursodeoxycholic acid	DRUG_COMBINATION	Kanamycin
Ursodeoxycholic acid	DRUG_COMBINATION	Idarubicin
Ursodeoxycholic acid	DRUG_COMBINATION	Darunavir
Ursodeoxycholic acid	DRUG_COMBINATION	Cerivastatin
Ursodeoxycholic acid	DRUG_COMBINATION	Quinine
Ursodeoxycholic acid	DRUG_COMBINATION	Bezafibrate
Ursodeoxycholic acid	DRUG_COMBINATION	Mebendazole
Ursodeoxycholic acid	DRUG_COMBINATION	Trazodone
Ursodeoxycholic acid	DRUG_COMBINATION	Trimethobenzamide
Ursodeoxycholic acid	DRUG_COMBINATION	Diethylcarbamazine
Ursodeoxycholic acid	DRUG_COMBINATION	Zileuton
Ursodeoxycholic acid	DRUG_COMBINATION	Phensuximide
Ursodeoxycholic acid	DRUG_COMBINATION	Tiagabine
Ursodeoxycholic acid	DRUG_COMBINATION	Cytarabine
Ursodeoxycholic acid	DRUG_COMBINATION	Dopamine
Ursodeoxycholic acid	DRUG_COMBINATION	{4-[3-(4-acetyl-3-hydroxy-2-propylphenoxy)propoxy]phenoxy}acetic acid
Ursodeoxycholic acid	DRUG_COMBINATION	Armodafinil
Ursodeoxycholic acid	DRUG_COMBINATION	Mardepodect
Ursodeoxycholic acid	DRUG_COMBINATION	Lumefantrine
Ursodeoxycholic acid	DRUG_COMBINATION	Terameprocol
Everolimus	DRUG_COMBINATION	Goserelin
Everolimus	DRUG_COMBINATION	Ruxolitinib
Everolimus	DRUG_COMBINATION	Carfilzomib
Everolimus	DRUG_COMBINATION	Enzalutamide
Everolimus	DRUG_COMBINATION	Ponatinib
Everolimus	DRUG_COMBINATION	Pomalidomide
Everolimus	DRUG_COMBINATION	Trametinib
Everolimus	DRUG_COMBINATION	Cyclosporine
Everolimus	DRUG_COMBINATION	Topotecan
Everolimus	DRUG_COMBINATION	Memantine
Everolimus	DRUG_COMBINATION	Iloprost
Everolimus	DRUG_COMBINATION	Capecitabine
Everolimus	DRUG_COMBINATION	Sertraline
Everolimus	DRUG_COMBINATION	Bicalutamide
Everolimus	DRUG_COMBINATION	Bortezomib
Everolimus	DRUG_COMBINATION	Etomidate
Everolimus	DRUG_COMBINATION	Mitomycin
Everolimus	DRUG_COMBINATION	Gefitinib
Everolimus	DRUG_COMBINATION	Ethambutol
Everolimus	DRUG_COMBINATION	Mefloquine
Everolimus	DRUG_COMBINATION	Itraconazole
Everolimus	DRUG_COMBINATION	Kanamycin
Everolimus	DRUG_COMBINATION	Fomepizole
Everolimus	DRUG_COMBINATION	Anastrozole
Everolimus	DRUG_COMBINATION	Bepridil
Everolimus	DRUG_COMBINATION	Docetaxel
Everolimus	DRUG_COMBINATION	Dasatinib
Everolimus	DRUG_COMBINATION	Darunavir
Everolimus	DRUG_COMBINATION	Sunitinib
Everolimus	DRUG_COMBINATION	Hydralazine
Everolimus	DRUG_COMBINATION	Triamterene
Everolimus	DRUG_COMBINATION	Acitretin
Everolimus	DRUG_COMBINATION	Quinine
Everolimus	DRUG_COMBINATION	Triflupromazine
Everolimus	DRUG_COMBINATION	Albendazole
Everolimus	DRUG_COMBINATION	Erlotinib
Everolimus	DRUG_COMBINATION	Bosentan
Everolimus	DRUG_COMBINATION	Vorinostat
Everolimus	DRUG_COMBINATION	Vinblastine
Everolimus	DRUG_COMBINATION	Amodiaquine
Everolimus	DRUG_COMBINATION	Imatinib
Everolimus	DRUG_COMBINATION	Hydroxychloroquine
Everolimus	DRUG_COMBINATION	Pemetrexed
Everolimus	DRUG_COMBINATION	Mebendazole
Everolimus	DRUG_COMBINATION	Mitotane
Everolimus	DRUG_COMBINATION	Trazodone
Everolimus	DRUG_COMBINATION	Trimethobenzamide
Everolimus	DRUG_COMBINATION	Epinephrine
Everolimus	DRUG_COMBINATION	Mycophenolate mofetil
Everolimus	DRUG_COMBINATION	Riluzole
Everolimus	DRUG_COMBINATION	Clopidogrel
Everolimus	DRUG_COMBINATION	Pelitinib
Everolimus	DRUG_COMBINATION	Mebutamate
Everolimus	DRUG_COMBINATION	Niclosamide
Everolimus	DRUG_COMBINATION	Metyrosine
Everolimus	DRUG_COMBINATION	Etoposide
Everolimus	DRUG_COMBINATION	Fosfomycin
Everolimus	DRUG_COMBINATION	Phensuximide
Everolimus	DRUG_COMBINATION	Temozolomide
Everolimus	DRUG_COMBINATION	Tacrolimus
Everolimus	DRUG_COMBINATION	Phenprocoumon
Everolimus	DRUG_COMBINATION	Vatalanib
Everolimus	DRUG_COMBINATION	Belinostat
Everolimus	DRUG_COMBINATION	Methylprednisolone
Everolimus	DRUG_COMBINATION	Dactinomycin
Everolimus	DRUG_COMBINATION	Exemestane
Everolimus	DRUG_COMBINATION	Doxorubicin
Everolimus	DRUG_COMBINATION	Letrozole
Everolimus	DRUG_COMBINATION	TG-100801
Everolimus	DRUG_COMBINATION	Bardoxolone methyl
Everolimus	DRUG_COMBINATION	Ispinesib
Everolimus	DRUG_COMBINATION	Cobimetinib
Everolimus	DRUG_COMBINATION	Ibrutinib
Everolimus	DRUG_COMBINATION	Ceritinib
Everolimus	DRUG_COMBINATION	Lenvatinib
Everolimus	DRUG_COMBINATION	AT-7519
Everolimus	DRUG_COMBINATION	Vandetanib
Everolimus	DRUG_COMBINATION	Infigratinib
Everolimus	DRUG_COMBINATION	Apalutamide
Everolimus	DRUG_COMBINATION	Abemaciclib
Everolimus	DRUG_COMBINATION	Alpelisib
Everolimus	DRUG_COMBINATION	Triptolide
Everolimus	DRUG_COMBINATION	Midostaurin
Everolimus	DRUG_COMBINATION	Panobinostat
Everolimus	DRUG_COMBINATION	Pasireotide
Everolimus	DRUG_COMBINATION	Itacitinib
Everolimus	DRUG_COMBINATION	Ixazomib
Everolimus	DRUG_COMBINATION	LY-2874455
Everolimus	DRUG_COMBINATION	Artemether
Everolimus	DRUG_COMBINATION	Crizotinib
Everolimus	DRUG_COMBINATION	Navitoclax
Everolimus	DRUG_COMBINATION	Acalabrutinib
Everolimus	DRUG_COMBINATION	Ribociclib
Everolimus	DRUG_COMBINATION	Adavosertib
Everolimus	DRUG_COMBINATION	Clascoterone
Everolimus	DRUG_COMBINATION	AEE-788
Everolimus	DRUG_COMBINATION	JQ1
Everolimus	DRUG_COMBINATION	Fosbretabulin
Everolimus	DRUG_COMBINATION	K-134
Everolimus	DRUG_COMBINATION	Paxalisib
Everolimus	DRUG_COMBINATION	Eltanexor
Everolimus	DRUG_COMBINATION	Omipalisib
Everolimus	DRUG_COMBINATION	Daporinad
Everolimus	DRUG_COMBINATION	Formononetin
Everolimus	DRUG_COMBINATION	AZD-8055
Everolimus	DRUG_COMBINATION	Ombrabulin
Everolimus	DRUG_COMBINATION	BMS-754807
Everolimus	DRUG_COMBINATION	Marizomib
Everolimus	DRUG_COMBINATION	Danusertib
Everolimus	DRUG_COMBINATION	Capmatinib
Everolimus	DRUG_COMBINATION	Niraparib
Everolimus	DRUG_COMBINATION	Tivozanib
Everolimus	DRUG_COMBINATION	Litronesib
Everolimus	DRUG_COMBINATION	MK-2206
Everolimus	DRUG_COMBINATION	Everolimus
Solifenacin	DRUG_COMBINATION	Mirabegron
Solifenacin	DRUG_COMBINATION	Tadalafil
Solifenacin	DRUG_COMBINATION	Solifenacin
Cilastatin	DRUG_COMBINATION	Leflunomide
Cilastatin	DRUG_COMBINATION	Mesalazine
Cilastatin	DRUG_COMBINATION	Cilostazol
Cilastatin	DRUG_COMBINATION	Chlormezanone
Cilastatin	DRUG_COMBINATION	Dantrolene
Cilastatin	DRUG_COMBINATION	Sunitinib
Cilastatin	DRUG_COMBINATION	Fenoprofen
Cilastatin	DRUG_COMBINATION	Dyphylline
Cilastatin	DRUG_COMBINATION	Trimethobenzamide
Cilastatin	DRUG_COMBINATION	Epinephrine
Cilastatin	DRUG_COMBINATION	Aprepitant
Cilastatin	DRUG_COMBINATION	SN-38
Cilastatin	DRUG_COMBINATION	Maprotiline
Cilastatin	DRUG_COMBINATION	Dactinomycin
Cilastatin	DRUG_COMBINATION	Ciprofibrate
Cilastatin	DRUG_COMBINATION	Methylene blue
Cilastatin	DRUG_COMBINATION	Triapine
Cilastatin	DRUG_COMBINATION	Brincidofovir
Cilastatin	DRUG_COMBINATION	Emetine
Cilastatin	DRUG_COMBINATION	Modufolin
Imipenem	DRUG_COMBINATION	Idarubicin
Lopinavir	DRUG_COMBINATION	Oseltamivir
Lopinavir	DRUG_COMBINATION	Azithromycin
Lopinavir	DRUG_COMBINATION	Idarubicin
Lopinavir	DRUG_COMBINATION	Ritonavir
Lopinavir	DRUG_COMBINATION	Raltegravir
Lopinavir	DRUG_COMBINATION	Buprenorphine
Lopinavir	DRUG_COMBINATION	Isavuconazole
Lopinavir	DRUG_COMBINATION	Lopinavir
Deferasirox	DRUG_COMBINATION	Idarubicin
Deferasirox	DRUG_COMBINATION	Amlodipine
Deferasirox	DRUG_COMBINATION	Deferoxamine
Deferasirox	DRUG_COMBINATION	Cytarabine
Hydroxychloroquine	DRUG_COMBINATION	Diazoxide
Hydroxychloroquine	DRUG_COMBINATION	Bortezomib
Hydroxychloroquine	DRUG_COMBINATION	Cilostazol
Hydroxychloroquine	DRUG_COMBINATION	Dantrolene
Hydroxychloroquine	DRUG_COMBINATION	Acetohexamide
Hydroxychloroquine	DRUG_COMBINATION	Allopurinol
Hydroxychloroquine	DRUG_COMBINATION	Vinblastine
Hydroxychloroquine	DRUG_COMBINATION	Imatinib
Hydroxychloroquine	DRUG_COMBINATION	Genistein
Hydroxychloroquine	DRUG_COMBINATION	Trimethobenzamide
Hydroxychloroquine	DRUG_COMBINATION	Aprepitant
Hydroxychloroquine	DRUG_COMBINATION	Tolazoline
Hydroxychloroquine	DRUG_COMBINATION	Tiagabine
Hydroxychloroquine	DRUG_COMBINATION	Maprotiline
Hydroxychloroquine	DRUG_COMBINATION	Artemisinin
Pargyline	DRUG_COMBINATION	Isoprenaline
Pargyline	DRUG_COMBINATION	Baclofen
Pargyline	DRUG_COMBINATION	Chlorambucil
Pargyline	DRUG_COMBINATION	Dihydroergotamine
Pargyline	DRUG_COMBINATION	Nitisinone
Pargyline	DRUG_COMBINATION	Chlorzoxazone
Pargyline	DRUG_COMBINATION	Cerivastatin
Pargyline	DRUG_COMBINATION	Doxapram
Pargyline	DRUG_COMBINATION	Cisatracurium
Pargyline	DRUG_COMBINATION	Paromomycin
Pargyline	DRUG_COMBINATION	Efavirenz
Pargyline	DRUG_COMBINATION	Trimethobenzamide
Pargyline	DRUG_COMBINATION	Galantamine
Pargyline	DRUG_COMBINATION	Diethylcarbamazine
Pargyline	DRUG_COMBINATION	Clopidogrel
Pargyline	DRUG_COMBINATION	Tiagabine
Pargyline	DRUG_COMBINATION	Cytarabine
Pargyline	DRUG_COMBINATION	Doxorubicin
Pargyline	DRUG_COMBINATION	Methylene blue
Pargyline	DRUG_COMBINATION	Ginkgolide A
Pargyline	DRUG_COMBINATION	Carglumic acid
Etoricoxib	DRUG_COMBINATION	Celecoxib
Etoricoxib	DRUG_COMBINATION	Diclofenac
Etoricoxib	DRUG_COMBINATION	Dactolisib
Sorbitol	DRUG_COMBINATION	Lamivudine
Genistein	DRUG_COMBINATION	Daidzin
Genistein	DRUG_COMBINATION	Ruxolitinib
Genistein	DRUG_COMBINATION	Pomalidomide
Genistein	DRUG_COMBINATION	Guanfacine
Genistein	DRUG_COMBINATION	Topotecan
Genistein	DRUG_COMBINATION	Mercaptopurine
Genistein	DRUG_COMBINATION	Rifampin
Genistein	DRUG_COMBINATION	Novobiocin
Genistein	DRUG_COMBINATION	Isoprenaline
Genistein	DRUG_COMBINATION	Fludarabine
Genistein	DRUG_COMBINATION	Quinacrine
Genistein	DRUG_COMBINATION	Sertraline
Genistein	DRUG_COMBINATION	Baclofen
Genistein	DRUG_COMBINATION	Bortezomib
Genistein	DRUG_COMBINATION	Theophylline
Genistein	DRUG_COMBINATION	Liothyronine
Genistein	DRUG_COMBINATION	Pamidronic acid
Genistein	DRUG_COMBINATION	Bleomycin
Genistein	DRUG_COMBINATION	Chlorambucil
Genistein	DRUG_COMBINATION	Etonogestrel
Genistein	DRUG_COMBINATION	Mitomycin
Genistein	DRUG_COMBINATION	Valproic acid
Genistein	DRUG_COMBINATION	Tioguanine
Genistein	DRUG_COMBINATION	Chlorzoxazone
Genistein	DRUG_COMBINATION	Terazosin
Genistein	DRUG_COMBINATION	Cilostazol
Genistein	DRUG_COMBINATION	Itraconazole
Genistein	DRUG_COMBINATION	Kanamycin
Genistein	DRUG_COMBINATION	Idarubicin
Genistein	DRUG_COMBINATION	Ifosfamide
Genistein	DRUG_COMBINATION	Estramustine
Genistein	DRUG_COMBINATION	Dantrolene
Genistein	DRUG_COMBINATION	Paclitaxel
Genistein	DRUG_COMBINATION	Diphenidol
Genistein	DRUG_COMBINATION	Docetaxel
Genistein	DRUG_COMBINATION	Dasatinib
Genistein	DRUG_COMBINATION	Lapatinib
Genistein	DRUG_COMBINATION	Darunavir
Genistein	DRUG_COMBINATION	Sunitinib
Genistein	DRUG_COMBINATION	Dexrazoxane
Genistein	DRUG_COMBINATION	Triamterene
Genistein	DRUG_COMBINATION	Valrubicin
Genistein	DRUG_COMBINATION	Sorafenib
Genistein	DRUG_COMBINATION	Acetohexamide
Genistein	DRUG_COMBINATION	Methocarbamol
Genistein	DRUG_COMBINATION	Cerivastatin
Genistein	DRUG_COMBINATION	Raloxifene
Genistein	DRUG_COMBINATION	Celecoxib
Genistein	DRUG_COMBINATION	Nabilone
Genistein	DRUG_COMBINATION	Altretamine
Genistein	DRUG_COMBINATION	Buspirone
Genistein	DRUG_COMBINATION	Entacapone
Genistein	DRUG_COMBINATION	Cyclophosphamide
Genistein	DRUG_COMBINATION	Mephenytoin
Genistein	DRUG_COMBINATION	Acetohydroxamic acid
Genistein	DRUG_COMBINATION	Methoxsalen
Genistein	DRUG_COMBINATION	Methotrexate
Genistein	DRUG_COMBINATION	Digitoxin
Genistein	DRUG_COMBINATION	Fenoprofen
Genistein	DRUG_COMBINATION	Amiloride
Genistein	DRUG_COMBINATION	Imatinib
Genistein	DRUG_COMBINATION	Oxandrolone
Genistein	DRUG_COMBINATION	Efavirenz
Genistein	DRUG_COMBINATION	Ursodeoxycholic acid
Genistein	DRUG_COMBINATION	Everolimus
Genistein	DRUG_COMBINATION	Pargyline
Genistein	DRUG_COMBINATION	Mebendazole
Genistein	DRUG_COMBINATION	Dyphylline
Genistein	DRUG_COMBINATION	Mecamylamine
Genistein	DRUG_COMBINATION	Trimethobenzamide
Genistein	DRUG_COMBINATION	Sumatriptan
Genistein	DRUG_COMBINATION	Aprepitant
Genistein	DRUG_COMBINATION	Galantamine
Genistein	DRUG_COMBINATION	Tamoxifen
Genistein	DRUG_COMBINATION	Moricizine
Genistein	DRUG_COMBINATION	Pentamidine
Genistein	DRUG_COMBINATION	Zileuton
Genistein	DRUG_COMBINATION	Plicamycin
Genistein	DRUG_COMBINATION	Pralatrexate
Genistein	DRUG_COMBINATION	Metyrosine
Genistein	DRUG_COMBINATION	Acyclovir
Genistein	DRUG_COMBINATION	Uracil mustard
Genistein	DRUG_COMBINATION	Phensuximide
Genistein	DRUG_COMBINATION	Tacrolimus
Genistein	DRUG_COMBINATION	Sirolimus
Genistein	DRUG_COMBINATION	Isosorbide dinitrate
Genistein	DRUG_COMBINATION	Mechlorethamine
Genistein	DRUG_COMBINATION	Sulfapyridine
Genistein	DRUG_COMBINATION	Testolactone
Genistein	DRUG_COMBINATION	Tiagabine
Genistein	DRUG_COMBINATION	Repaglinide
Genistein	DRUG_COMBINATION	Azacitidine
Genistein	DRUG_COMBINATION	Meclofenamic acid
Genistein	DRUG_COMBINATION	Phenprocoumon
Genistein	DRUG_COMBINATION	Fulvestrant
Genistein	DRUG_COMBINATION	Fluspirilene
Genistein	DRUG_COMBINATION	Ixabepilone
Genistein	DRUG_COMBINATION	Nilotinib
Genistein	DRUG_COMBINATION	Tamibarotene
Genistein	DRUG_COMBINATION	Amonafide
Genistein	DRUG_COMBINATION	Dactinomycin
Genistein	DRUG_COMBINATION	Ezetimibe
Genistein	DRUG_COMBINATION	Dopamine
Genistein	DRUG_COMBINATION	Busulfan
Genistein	DRUG_COMBINATION	Pizotifen
Genistein	DRUG_COMBINATION	Romidepsin
Genistein	DRUG_COMBINATION	{4-[3-(4-acetyl-3-hydroxy-2-propylphenoxy)propoxy]phenoxy}acetic acid
Genistein	DRUG_COMBINATION	Silver sulfadiazine
Genistein	DRUG_COMBINATION	Aliskiren
Genistein	DRUG_COMBINATION	Ciprofibrate
Genistein	DRUG_COMBINATION	Rufinamide
Genistein	DRUG_COMBINATION	Eflornithine
Genistein	DRUG_COMBINATION	Armodafinil
Genistein	DRUG_COMBINATION	Mardepodect
Genistein	DRUG_COMBINATION	Triapine
Genistein	DRUG_COMBINATION	Dinaciclib
Genistein	DRUG_COMBINATION	Anamorelin
Genistein	DRUG_COMBINATION	Brincidofovir
Genistein	DRUG_COMBINATION	Ginkgolide A
Genistein	DRUG_COMBINATION	Terameprocol
Genistein	DRUG_COMBINATION	Crizotinib
Genistein	DRUG_COMBINATION	Liarozole
Genistein	DRUG_COMBINATION	Artemisinin
Genistein	DRUG_COMBINATION	10-hydroxycamptothecin
Genistein	DRUG_COMBINATION	Modufolin
Genistein	DRUG_COMBINATION	Benserazide
Roflumilast	DRUG_COMBINATION	Theophylline
Alvocidib	DRUG_COMBINATION	Ruxolitinib
Alvocidib	DRUG_COMBINATION	Trametinib
Alvocidib	DRUG_COMBINATION	Fludarabine
Alvocidib	DRUG_COMBINATION	Mitomycin
Alvocidib	DRUG_COMBINATION	Mitoxantrone
Alvocidib	DRUG_COMBINATION	Vorinostat
Alvocidib	DRUG_COMBINATION	Daunorubicin
Alvocidib	DRUG_COMBINATION	Irinotecan
Alvocidib	DRUG_COMBINATION	Ibrutinib
Alvocidib	DRUG_COMBINATION	TAK-733
Alvocidib	DRUG_COMBINATION	JQ1
Alvocidib	DRUG_COMBINATION	BMS-754807
Alvocidib	DRUG_COMBINATION	Marizomib
Brequinar	DRUG_COMBINATION	Dihydroergotamine
Brequinar	DRUG_COMBINATION	Chloroquine
Brequinar	DRUG_COMBINATION	Dipyridamole
Oxyphenbutazone	DRUG_COMBINATION	Guanfacine
Oxyphenbutazone	DRUG_COMBINATION	Leflunomide
Oxyphenbutazone	DRUG_COMBINATION	Citalopram
Oxyphenbutazone	DRUG_COMBINATION	Pamidronic acid
Oxyphenbutazone	DRUG_COMBINATION	Chlorambucil
Oxyphenbutazone	DRUG_COMBINATION	Etonogestrel
Oxyphenbutazone	DRUG_COMBINATION	Gefitinib
Oxyphenbutazone	DRUG_COMBINATION	Idarubicin
Oxyphenbutazone	DRUG_COMBINATION	Dantrolene
Oxyphenbutazone	DRUG_COMBINATION	Hydralazine
Oxyphenbutazone	DRUG_COMBINATION	Pramipexole
Oxyphenbutazone	DRUG_COMBINATION	Cerivastatin
Oxyphenbutazone	DRUG_COMBINATION	Imipramine
Oxyphenbutazone	DRUG_COMBINATION	Enoxacin
Oxyphenbutazone	DRUG_COMBINATION	Acetohydroxamic acid
Oxyphenbutazone	DRUG_COMBINATION	Doxapram
Oxyphenbutazone	DRUG_COMBINATION	Vinblastine
Oxyphenbutazone	DRUG_COMBINATION	Fenoprofen
Oxyphenbutazone	DRUG_COMBINATION	Amodiaquine
Oxyphenbutazone	DRUG_COMBINATION	Cilastatin
Oxyphenbutazone	DRUG_COMBINATION	Trazodone
Oxyphenbutazone	DRUG_COMBINATION	Mebutamate
Oxyphenbutazone	DRUG_COMBINATION	Loperamide
Oxyphenbutazone	DRUG_COMBINATION	Maprotiline
Oxyphenbutazone	DRUG_COMBINATION	Dopamine
Oxyphenbutazone	DRUG_COMBINATION	{4-[3-(4-acetyl-3-hydroxy-2-propylphenoxy)propoxy]phenoxy}acetic acid
Oxyphenbutazone	DRUG_COMBINATION	Lacosamide
Oxyphenbutazone	DRUG_COMBINATION	Armodafinil
Oxyphenbutazone	DRUG_COMBINATION	Modufolin
Clofarabine	DRUG_COMBINATION	Fludarabine
Clofarabine	DRUG_COMBINATION	Idarubicin
Clofarabine	DRUG_COMBINATION	Mitoxantrone
Clofarabine	DRUG_COMBINATION	Decitabine
Clofarabine	DRUG_COMBINATION	Mycophenolate mofetil
Clofarabine	DRUG_COMBINATION	Sirolimus
Clofarabine	DRUG_COMBINATION	Cytarabine
Clofarabine	DRUG_COMBINATION	Busulfan
Docosanol	DRUG_COMBINATION	Idarubicin
Dexmedetomidine	DRUG_COMBINATION	Probenecid
Dexmedetomidine	DRUG_COMBINATION	Iloprost
Dexmedetomidine	DRUG_COMBINATION	Leflunomide
Dexmedetomidine	DRUG_COMBINATION	Sulfinpyrazone
Dexmedetomidine	DRUG_COMBINATION	Oseltamivir
Dexmedetomidine	DRUG_COMBINATION	Citalopram
Dexmedetomidine	DRUG_COMBINATION	Terazosin
Dexmedetomidine	DRUG_COMBINATION	Docetaxel
Dexmedetomidine	DRUG_COMBINATION	Sunitinib
Dexmedetomidine	DRUG_COMBINATION	Cerivastatin
Dexmedetomidine	DRUG_COMBINATION	Enoxacin
Dexmedetomidine	DRUG_COMBINATION	Nabilone
Dexmedetomidine	DRUG_COMBINATION	Albendazole
Dexmedetomidine	DRUG_COMBINATION	Mephenytoin
Dexmedetomidine	DRUG_COMBINATION	Vorinostat
Dexmedetomidine	DRUG_COMBINATION	Vinblastine
Dexmedetomidine	DRUG_COMBINATION	Oxandrolone
Dexmedetomidine	DRUG_COMBINATION	Genistein
Dexmedetomidine	DRUG_COMBINATION	Trimethobenzamide
Dexmedetomidine	DRUG_COMBINATION	Diethylcarbamazine
Dexmedetomidine	DRUG_COMBINATION	SN-38
Dexmedetomidine	DRUG_COMBINATION	Phensuximide
Dexmedetomidine	DRUG_COMBINATION	Isosorbide dinitrate
Dexmedetomidine	DRUG_COMBINATION	Tiagabine
Dexmedetomidine	DRUG_COMBINATION	Maprotiline
Dexmedetomidine	DRUG_COMBINATION	Meclofenamic acid
Dexmedetomidine	DRUG_COMBINATION	Armodafinil
Dexmedetomidine	DRUG_COMBINATION	Mardepodect
Dexmedetomidine	DRUG_COMBINATION	Brincidofovir
Prednisone	DRUG_COMBINATION	Ruxolitinib
Prednisone	DRUG_COMBINATION	Tofacitinib
Prednisone	DRUG_COMBINATION	Dipyridamole
Clofibrate	DRUG_COMBINATION	Idarubicin
Adenosine	DRUG_COMBINATION	Dipyridamole
Simvastatin	DRUG_COMBINATION	Fenofibrate
Simvastatin	DRUG_COMBINATION	Atorvastatin
Simvastatin	DRUG_COMBINATION	Nifedipine
Simvastatin	DRUG_COMBINATION	Valsartan
Simvastatin	DRUG_COMBINATION	Olanzapine
Simvastatin	DRUG_COMBINATION	Idarubicin
Simvastatin	DRUG_COMBINATION	Anastrozole
Simvastatin	DRUG_COMBINATION	Rifaximin
Simvastatin	DRUG_COMBINATION	Dexamethasone
Simvastatin	DRUG_COMBINATION	Aripiprazole
Simvastatin	DRUG_COMBINATION	Rosiglitazone
Simvastatin	DRUG_COMBINATION	Entecavir
Simvastatin	DRUG_COMBINATION	Methotrexate
Simvastatin	DRUG_COMBINATION	Losartan
Simvastatin	DRUG_COMBINATION	Lisinopril
Simvastatin	DRUG_COMBINATION	Perphenazine
Simvastatin	DRUG_COMBINATION	Acetylsalicylic acid
Simvastatin	DRUG_COMBINATION	Ezetimibe
Simvastatin	DRUG_COMBINATION	Letrozole
Simvastatin	DRUG_COMBINATION	Afatinib
Simvastatin	DRUG_COMBINATION	Gemcabene
Simvastatin	DRUG_COMBINATION	Dapagliflozin
Simvastatin	DRUG_COMBINATION	Eslicarbazepine acetate
Simvastatin	DRUG_COMBINATION	Fostamatinib
Simvastatin	DRUG_COMBINATION	Cianidanol
Simvastatin	DRUG_COMBINATION	Voclosporin
Simvastatin	DRUG_COMBINATION	SB-649868
Pemetrexed	DRUG_COMBINATION	Irinotecan
Pemetrexed	DRUG_COMBINATION	Vatalanib
Pemetrexed	DRUG_COMBINATION	Vandetanib
Pemetrexed	DRUG_COMBINATION	Temsirolimus
Pemetrexed	DRUG_COMBINATION	Panobinostat
Pemetrexed	DRUG_COMBINATION	Bosutinib
Mebendazole	DRUG_COMBINATION	Ruxolitinib
Mebendazole	DRUG_COMBINATION	Trametinib
Mebendazole	DRUG_COMBINATION	Isoprenaline
Mebendazole	DRUG_COMBINATION	Liothyronine
Mebendazole	DRUG_COMBINATION	Etomidate
Mebendazole	DRUG_COMBINATION	Gefitinib
Mebendazole	DRUG_COMBINATION	Chlorzoxazone
Mebendazole	DRUG_COMBINATION	Mefloquine
Mebendazole	DRUG_COMBINATION	Terazosin
Mebendazole	DRUG_COMBINATION	Itraconazole
Mebendazole	DRUG_COMBINATION	Estramustine
Mebendazole	DRUG_COMBINATION	Docetaxel
Mebendazole	DRUG_COMBINATION	Imatinib
Mebendazole	DRUG_COMBINATION	Epinephrine
Mebendazole	DRUG_COMBINATION	Aprepitant
Mebendazole	DRUG_COMBINATION	Diethylcarbamazine
Mebendazole	DRUG_COMBINATION	SN-38
Mebendazole	DRUG_COMBINATION	Pelitinib
Mebendazole	DRUG_COMBINATION	Raltegravir
Mebendazole	DRUG_COMBINATION	Fosfomycin
Mebendazole	DRUG_COMBINATION	Mifepristone
Mebendazole	DRUG_COMBINATION	Bardoxolone methyl
Mebendazole	DRUG_COMBINATION	AZD-8330
Mebendazole	DRUG_COMBINATION	Pizotifen
Mebendazole	DRUG_COMBINATION	CA4P
Mebendazole	DRUG_COMBINATION	Methylene blue
Mebendazole	DRUG_COMBINATION	Panobinostat
Mebendazole	DRUG_COMBINATION	Brincidofovir
Mebendazole	DRUG_COMBINATION	Terameprocol
Mebendazole	DRUG_COMBINATION	BIIB021
Mebendazole	DRUG_COMBINATION	Pictilisib
Mebendazole	DRUG_COMBINATION	Buparlisib
Mebendazole	DRUG_COMBINATION	JQ1
Mebendazole	DRUG_COMBINATION	Milciclib Maleate
Mebendazole	DRUG_COMBINATION	BMS-754807
Stavudine	DRUG_COMBINATION	Ruxolitinib
Stavudine	DRUG_COMBINATION	Efavirenz
Stavudine	DRUG_COMBINATION	Lamivudine
Leucovorin	DRUG_COMBINATION	Dasatinib
Leucovorin	DRUG_COMBINATION	Fluorouracil
Leucovorin	DRUG_COMBINATION	Tegafur-uracil
Dyphylline	DRUG_COMBINATION	Pomalidomide
Dyphylline	DRUG_COMBINATION	Bortezomib
Dyphylline	DRUG_COMBINATION	Chlorambucil
Dyphylline	DRUG_COMBINATION	Mitomycin
Dyphylline	DRUG_COMBINATION	Gefitinib
Dyphylline	DRUG_COMBINATION	Atenolol
Dyphylline	DRUG_COMBINATION	Itraconazole
Dyphylline	DRUG_COMBINATION	Idarubicin
Dyphylline	DRUG_COMBINATION	Ifosfamide
Dyphylline	DRUG_COMBINATION	Cerivastatin
Dyphylline	DRUG_COMBINATION	Quinine
Dyphylline	DRUG_COMBINATION	Altretamine
Dyphylline	DRUG_COMBINATION	Cyclophosphamide
Dyphylline	DRUG_COMBINATION	Pentostatin
Dyphylline	DRUG_COMBINATION	Methotrexate
Dyphylline	DRUG_COMBINATION	Fenoprofen
Dyphylline	DRUG_COMBINATION	Imatinib
Dyphylline	DRUG_COMBINATION	Mebendazole
Dyphylline	DRUG_COMBINATION	Mebutamate
Dyphylline	DRUG_COMBINATION	Metyrosine
Dyphylline	DRUG_COMBINATION	Chlorphenesin
Dyphylline	DRUG_COMBINATION	Isoniazid
Dyphylline	DRUG_COMBINATION	Methylene blue
Dyphylline	DRUG_COMBINATION	Panobinostat
Dyphylline	DRUG_COMBINATION	Brincidofovir
Dyphylline	DRUG_COMBINATION	Modufolin
Magnesium sulfate	DRUG_COMBINATION	Midazolam
Magnesium sulfate	DRUG_COMBINATION	Rocuronium
Latanoprost	DRUG_COMBINATION	Trabodenoson
Trazodone	DRUG_COMBINATION	Daidzin
Trazodone	DRUG_COMBINATION	Ruxolitinib
Trazodone	DRUG_COMBINATION	Probenecid
Trazodone	DRUG_COMBINATION	Oseltamivir
Trazodone	DRUG_COMBINATION	Gefitinib
Trazodone	DRUG_COMBINATION	Zolpidem
Trazodone	DRUG_COMBINATION	Fenoprofen
Trazodone	DRUG_COMBINATION	Amiloride
Trazodone	DRUG_COMBINATION	Diethylcarbamazine
Trazodone	DRUG_COMBINATION	Risperidone
Trazodone	DRUG_COMBINATION	Methylene blue
Trazodone	DRUG_COMBINATION	Brincidofovir
Trazodone	DRUG_COMBINATION	Modufolin
Trazodone	DRUG_COMBINATION	Sivelestat
Mecamylamine	DRUG_COMBINATION	Leflunomide
Mecamylamine	DRUG_COMBINATION	Diazoxide
Mecamylamine	DRUG_COMBINATION	Chlorambucil
Mecamylamine	DRUG_COMBINATION	Gefitinib
Mecamylamine	DRUG_COMBINATION	Mefloquine
Mecamylamine	DRUG_COMBINATION	Idarubicin
Mecamylamine	DRUG_COMBINATION	Bepridil
Mecamylamine	DRUG_COMBINATION	Palonosetron
Mecamylamine	DRUG_COMBINATION	Cerivastatin
Mecamylamine	DRUG_COMBINATION	Acitretin
Mecamylamine	DRUG_COMBINATION	Paromomycin
Mecamylamine	DRUG_COMBINATION	Imatinib
Mecamylamine	DRUG_COMBINATION	Efavirenz
Mecamylamine	DRUG_COMBINATION	Everolimus
Mecamylamine	DRUG_COMBINATION	Dexmedetomidine
Mecamylamine	DRUG_COMBINATION	Metaxalone
Mecamylamine	DRUG_COMBINATION	Trimethobenzamide
Mecamylamine	DRUG_COMBINATION	Mebutamate
Mecamylamine	DRUG_COMBINATION	Metyrosine
Mecamylamine	DRUG_COMBINATION	Tiagabine
Mecamylamine	DRUG_COMBINATION	Maprotiline
Mecamylamine	DRUG_COMBINATION	Methylene blue
Mecamylamine	DRUG_COMBINATION	Mardepodect
Mecamylamine	DRUG_COMBINATION	Dinaciclib
Mecamylamine	DRUG_COMBINATION	Brincidofovir
Mecamylamine	DRUG_COMBINATION	Terameprocol
Mecamylamine	DRUG_COMBINATION	Clascoterone
Acamprosate	DRUG_COMBINATION	Teriflunomide
Acamprosate	DRUG_COMBINATION	Linagliptin
Acamprosate	DRUG_COMBINATION	Formestane
Acamprosate	DRUG_COMBINATION	Pomalidomide
Acamprosate	DRUG_COMBINATION	Topotecan
Acamprosate	DRUG_COMBINATION	Rifampin
Acamprosate	DRUG_COMBINATION	Lubiprostone
Acamprosate	DRUG_COMBINATION	Leflunomide
Acamprosate	DRUG_COMBINATION	Miconazole
Acamprosate	DRUG_COMBINATION	Diazoxide
Acamprosate	DRUG_COMBINATION	Desoxycorticosterone pivalate
Acamprosate	DRUG_COMBINATION	Sulfinpyrazone
Acamprosate	DRUG_COMBINATION	Diclofenamide
Acamprosate	DRUG_COMBINATION	Bortezomib
Acamprosate	DRUG_COMBINATION	Aminosalicylic acid
Acamprosate	DRUG_COMBINATION	Mesalazine
Acamprosate	DRUG_COMBINATION	Cefmenoxime
Acamprosate	DRUG_COMBINATION	Theophylline
Acamprosate	DRUG_COMBINATION	Liothyronine
Acamprosate	DRUG_COMBINATION	Ibutilide
Acamprosate	DRUG_COMBINATION	Valproic acid
Acamprosate	DRUG_COMBINATION	Ethambutol
Acamprosate	DRUG_COMBINATION	Nitisinone
Acamprosate	DRUG_COMBINATION	Mefloquine
Acamprosate	DRUG_COMBINATION	Terazosin
Acamprosate	DRUG_COMBINATION	Cilostazol
Acamprosate	DRUG_COMBINATION	Idarubicin
Acamprosate	DRUG_COMBINATION	Clindamycin
Acamprosate	DRUG_COMBINATION	Estramustine
Acamprosate	DRUG_COMBINATION	Dantrolene
Acamprosate	DRUG_COMBINATION	Diphenidol
Acamprosate	DRUG_COMBINATION	Docetaxel
Acamprosate	DRUG_COMBINATION	Sitagliptin
Acamprosate	DRUG_COMBINATION	Sunitinib
Acamprosate	DRUG_COMBINATION	Hydralazine
Acamprosate	DRUG_COMBINATION	Tacrine
Acamprosate	DRUG_COMBINATION	Triamterene
Acamprosate	DRUG_COMBINATION	Pramipexole
Acamprosate	DRUG_COMBINATION	Miglustat
Acamprosate	DRUG_COMBINATION	Spironolactone
Acamprosate	DRUG_COMBINATION	Cerivastatin
Acamprosate	DRUG_COMBINATION	Entacapone
Acamprosate	DRUG_COMBINATION	Triflupromazine
Acamprosate	DRUG_COMBINATION	Acetohydroxamic acid
Acamprosate	DRUG_COMBINATION	Pentostatin
Acamprosate	DRUG_COMBINATION	Methoxsalen
Acamprosate	DRUG_COMBINATION	Bosentan
Acamprosate	DRUG_COMBINATION	Methotrexate
Acamprosate	DRUG_COMBINATION	Cisatracurium
Acamprosate	DRUG_COMBINATION	Paromomycin
Acamprosate	DRUG_COMBINATION	Vorinostat
Acamprosate	DRUG_COMBINATION	Fenoprofen
Acamprosate	DRUG_COMBINATION	Amiloride
Acamprosate	DRUG_COMBINATION	Chloroquine
Acamprosate	DRUG_COMBINATION	Amodiaquine
Acamprosate	DRUG_COMBINATION	Imatinib
Acamprosate	DRUG_COMBINATION	Testosterone
Acamprosate	DRUG_COMBINATION	Ursodeoxycholic acid
Acamprosate	DRUG_COMBINATION	Genistein
Acamprosate	DRUG_COMBINATION	Oxyphenbutazone
Acamprosate	DRUG_COMBINATION	Mebendazole
Acamprosate	DRUG_COMBINATION	Mecamylamine
Acamprosate	DRUG_COMBINATION	Metaxalone
Acamprosate	DRUG_COMBINATION	Trimethobenzamide
Acamprosate	DRUG_COMBINATION	Epinephrine
Acamprosate	DRUG_COMBINATION	Sumatriptan
Acamprosate	DRUG_COMBINATION	Galantamine
Acamprosate	DRUG_COMBINATION	Tamoxifen
Acamprosate	DRUG_COMBINATION	Naltrexone
Acamprosate	DRUG_COMBINATION	Diethylcarbamazine
Acamprosate	DRUG_COMBINATION	Azatadine
Acamprosate	DRUG_COMBINATION	Risperidone
Acamprosate	DRUG_COMBINATION	Pentamidine
Acamprosate	DRUG_COMBINATION	Riluzole
Acamprosate	DRUG_COMBINATION	Clopidogrel
Acamprosate	DRUG_COMBINATION	SN-38
Acamprosate	DRUG_COMBINATION	Trioxsalen
Acamprosate	DRUG_COMBINATION	Niclosamide
Acamprosate	DRUG_COMBINATION	Metyrosine
Acamprosate	DRUG_COMBINATION	Acyclovir
Acamprosate	DRUG_COMBINATION	Tolazoline
Acamprosate	DRUG_COMBINATION	Acetazolamide
Acamprosate	DRUG_COMBINATION	Fosfomycin
Acamprosate	DRUG_COMBINATION	Loperamide
Acamprosate	DRUG_COMBINATION	Bumetanide
Acamprosate	DRUG_COMBINATION	Tiagabine
Acamprosate	DRUG_COMBINATION	Maprotiline
Acamprosate	DRUG_COMBINATION	Meclofenamic acid
Acamprosate	DRUG_COMBINATION	Dronedarone
Acamprosate	DRUG_COMBINATION	Zaleplon
Acamprosate	DRUG_COMBINATION	Dactinomycin
Acamprosate	DRUG_COMBINATION	Ezetimibe
Acamprosate	DRUG_COMBINATION	Ethinylestradiol
Acamprosate	DRUG_COMBINATION	Ramelteon
Acamprosate	DRUG_COMBINATION	Cytarabine
Acamprosate	DRUG_COMBINATION	Busulfan
Acamprosate	DRUG_COMBINATION	Cinacalcet
Acamprosate	DRUG_COMBINATION	{4-[3-(4-acetyl-3-hydroxy-2-propylphenoxy)propoxy]phenoxy}acetic acid
Acamprosate	DRUG_COMBINATION	Aliskiren
Acamprosate	DRUG_COMBINATION	Rufinamide
Acamprosate	DRUG_COMBINATION	Lacosamide
Acamprosate	DRUG_COMBINATION	Armodafinil
Acamprosate	DRUG_COMBINATION	Methylene blue
Acamprosate	DRUG_COMBINATION	Mardepodect
Acamprosate	DRUG_COMBINATION	Triapine
Acamprosate	DRUG_COMBINATION	Dinaciclib
Acamprosate	DRUG_COMBINATION	Anamorelin
Acamprosate	DRUG_COMBINATION	Brincidofovir
Acamprosate	DRUG_COMBINATION	Lumefantrine
Acamprosate	DRUG_COMBINATION	Carglumic acid
Acamprosate	DRUG_COMBINATION	Terameprocol
Acamprosate	DRUG_COMBINATION	Clascoterone
Acamprosate	DRUG_COMBINATION	Modufolin
Acamprosate	DRUG_COMBINATION	Sivelestat
Acamprosate	DRUG_COMBINATION	Danusertib
Acamprosate	DRUG_COMBINATION	Acamprosate
Metaxalone	DRUG_COMBINATION	Formestane
Metaxalone	DRUG_COMBINATION	Topotecan
Metaxalone	DRUG_COMBINATION	Novobiocin
Metaxalone	DRUG_COMBINATION	Iloprost
Metaxalone	DRUG_COMBINATION	Leflunomide
Metaxalone	DRUG_COMBINATION	Diazoxide
Metaxalone	DRUG_COMBINATION	Baclofen
Metaxalone	DRUG_COMBINATION	Citalopram
Metaxalone	DRUG_COMBINATION	Cefmenoxime
Metaxalone	DRUG_COMBINATION	Valproic acid
Metaxalone	DRUG_COMBINATION	Gefitinib
Metaxalone	DRUG_COMBINATION	Nitisinone
Metaxalone	DRUG_COMBINATION	Chlorzoxazone
Metaxalone	DRUG_COMBINATION	Cilostazol
Metaxalone	DRUG_COMBINATION	Idarubicin
Metaxalone	DRUG_COMBINATION	Docetaxel
Metaxalone	DRUG_COMBINATION	Sunitinib
Metaxalone	DRUG_COMBINATION	Cerivastatin
Metaxalone	DRUG_COMBINATION	Quinine
Metaxalone	DRUG_COMBINATION	Nabilone
Metaxalone	DRUG_COMBINATION	Methoxsalen
Metaxalone	DRUG_COMBINATION	Vorinostat
Metaxalone	DRUG_COMBINATION	Vinblastine
Metaxalone	DRUG_COMBINATION	Amodiaquine
Metaxalone	DRUG_COMBINATION	Imatinib
Metaxalone	DRUG_COMBINATION	Genistein
Metaxalone	DRUG_COMBINATION	Epinephrine
Metaxalone	DRUG_COMBINATION	Sumatriptan
Metaxalone	DRUG_COMBINATION	Aprepitant
Metaxalone	DRUG_COMBINATION	Trioxsalen
Metaxalone	DRUG_COMBINATION	Tolazoline
Metaxalone	DRUG_COMBINATION	Phensuximide
Metaxalone	DRUG_COMBINATION	Tiagabine
Metaxalone	DRUG_COMBINATION	Maprotiline
Metaxalone	DRUG_COMBINATION	Phenprocoumon
Metaxalone	DRUG_COMBINATION	Cytarabine
Metaxalone	DRUG_COMBINATION	Armodafinil
Metaxalone	DRUG_COMBINATION	Methylene blue
Metaxalone	DRUG_COMBINATION	Mardepodect
Metaxalone	DRUG_COMBINATION	Triapine
Metaxalone	DRUG_COMBINATION	Dinaciclib
Metaxalone	DRUG_COMBINATION	Anamorelin
Metaxalone	DRUG_COMBINATION	Brincidofovir
Metaxalone	DRUG_COMBINATION	Modufolin
Verapamil	DRUG_COMBINATION	Canagliflozin
Verapamil	DRUG_COMBINATION	Diltiazem
Verapamil	DRUG_COMBINATION	Nitisinone
Verapamil	DRUG_COMBINATION	Mefloquine
Verapamil	DRUG_COMBINATION	Vorinostat
Verapamil	DRUG_COMBINATION	Patupilone
Verapamil	DRUG_COMBINATION	Hydroxyurea
Verapamil	DRUG_COMBINATION	Lumefantrine
Verapamil	DRUG_COMBINATION	Artemisinin
Trimethobenzamide	DRUG_COMBINATION	Daidzin
Trimethobenzamide	DRUG_COMBINATION	Guanfacine
Trimethobenzamide	DRUG_COMBINATION	Probenecid
Trimethobenzamide	DRUG_COMBINATION	Memantine
Trimethobenzamide	DRUG_COMBINATION	Abacavir
Trimethobenzamide	DRUG_COMBINATION	Novobiocin
Trimethobenzamide	DRUG_COMBINATION	Leflunomide
Trimethobenzamide	DRUG_COMBINATION	Baclofen
Trimethobenzamide	DRUG_COMBINATION	Aminosalicylic acid
Trimethobenzamide	DRUG_COMBINATION	Liothyronine
Trimethobenzamide	DRUG_COMBINATION	Pamidronic acid
Trimethobenzamide	DRUG_COMBINATION	Chlorambucil
Trimethobenzamide	DRUG_COMBINATION	Etomidate
Trimethobenzamide	DRUG_COMBINATION	Etonogestrel
Trimethobenzamide	DRUG_COMBINATION	Ibutilide
Trimethobenzamide	DRUG_COMBINATION	Gefitinib
Trimethobenzamide	DRUG_COMBINATION	Chlorzoxazone
Trimethobenzamide	DRUG_COMBINATION	Kanamycin
Trimethobenzamide	DRUG_COMBINATION	Idarubicin
Trimethobenzamide	DRUG_COMBINATION	Chlormezanone
Trimethobenzamide	DRUG_COMBINATION	Fomepizole
Trimethobenzamide	DRUG_COMBINATION	Dantrolene
Trimethobenzamide	DRUG_COMBINATION	Bepridil
Trimethobenzamide	DRUG_COMBINATION	Docetaxel
Trimethobenzamide	DRUG_COMBINATION	Sunitinib
Trimethobenzamide	DRUG_COMBINATION	Sorafenib
Trimethobenzamide	DRUG_COMBINATION	Pramipexole
Trimethobenzamide	DRUG_COMBINATION	Cerivastatin
Trimethobenzamide	DRUG_COMBINATION	Imipramine
Trimethobenzamide	DRUG_COMBINATION	Acitretin
Trimethobenzamide	DRUG_COMBINATION	Enoxacin
Trimethobenzamide	DRUG_COMBINATION	Quinine
Trimethobenzamide	DRUG_COMBINATION	Albendazole
Trimethobenzamide	DRUG_COMBINATION	Mephenytoin
Trimethobenzamide	DRUG_COMBINATION	Acetohydroxamic acid
Trimethobenzamide	DRUG_COMBINATION	Pentostatin
Trimethobenzamide	DRUG_COMBINATION	Methoxsalen
Trimethobenzamide	DRUG_COMBINATION	Paromomycin
Trimethobenzamide	DRUG_COMBINATION	Vinblastine
Trimethobenzamide	DRUG_COMBINATION	Imatinib
Trimethobenzamide	DRUG_COMBINATION	Hydroxychloroquine
Trimethobenzamide	DRUG_COMBINATION	Mebendazole
Trimethobenzamide	DRUG_COMBINATION	Trazodone
Trimethobenzamide	DRUG_COMBINATION	Epinephrine
Trimethobenzamide	DRUG_COMBINATION	Aprepitant
Trimethobenzamide	DRUG_COMBINATION	Galantamine
Trimethobenzamide	DRUG_COMBINATION	Moricizine
Trimethobenzamide	DRUG_COMBINATION	Diethylcarbamazine
Trimethobenzamide	DRUG_COMBINATION	Riluzole
Trimethobenzamide	DRUG_COMBINATION	Zileuton
Trimethobenzamide	DRUG_COMBINATION	SN-38
Trimethobenzamide	DRUG_COMBINATION	Raltegravir
Trimethobenzamide	DRUG_COMBINATION	Metyrosine
Trimethobenzamide	DRUG_COMBINATION	Primidone
Trimethobenzamide	DRUG_COMBINATION	Tolazoline
Trimethobenzamide	DRUG_COMBINATION	Tacrolimus
Trimethobenzamide	DRUG_COMBINATION	Sulfapyridine
Trimethobenzamide	DRUG_COMBINATION	Tiagabine
Trimethobenzamide	DRUG_COMBINATION	Maprotiline
Trimethobenzamide	DRUG_COMBINATION	Phenprocoumon
Trimethobenzamide	DRUG_COMBINATION	Doxorubicin
Trimethobenzamide	DRUG_COMBINATION	Silver sulfadiazine
Trimethobenzamide	DRUG_COMBINATION	Aliskiren
Trimethobenzamide	DRUG_COMBINATION	Eflornithine
Trimethobenzamide	DRUG_COMBINATION	Brincidofovir
Trimethobenzamide	DRUG_COMBINATION	Terameprocol
Trimethobenzamide	DRUG_COMBINATION	Emetine
Trimethobenzamide	DRUG_COMBINATION	Modufolin
Trimethobenzamide	DRUG_COMBINATION	Benserazide
Trimethobenzamide	DRUG_COMBINATION	Sivelestat
Trimethobenzamide	DRUG_COMBINATION	Trimethobenzamide
Nilutamide	DRUG_COMBINATION	Flutamide
Epinephrine	DRUG_COMBINATION	Topotecan
Epinephrine	DRUG_COMBINATION	Probenecid
Epinephrine	DRUG_COMBINATION	Memantine
Epinephrine	DRUG_COMBINATION	Rifampin
Epinephrine	DRUG_COMBINATION	Iloprost
Epinephrine	DRUG_COMBINATION	Leflunomide
Epinephrine	DRUG_COMBINATION	Diazoxide
Epinephrine	DRUG_COMBINATION	Baclofen
Epinephrine	DRUG_COMBINATION	Citalopram
Epinephrine	DRUG_COMBINATION	Theophylline
Epinephrine	DRUG_COMBINATION	Liothyronine
Epinephrine	DRUG_COMBINATION	Lidocaine
Epinephrine	DRUG_COMBINATION	Etomidate
Epinephrine	DRUG_COMBINATION	Ropivacaine
Epinephrine	DRUG_COMBINATION	Ibutilide
Epinephrine	DRUG_COMBINATION	Dihydroergotamine
Epinephrine	DRUG_COMBINATION	Indomethacin
Epinephrine	DRUG_COMBINATION	Ethambutol
Epinephrine	DRUG_COMBINATION	Chlorzoxazone
Epinephrine	DRUG_COMBINATION	Norepinephrine
Epinephrine	DRUG_COMBINATION	Terazosin
Epinephrine	DRUG_COMBINATION	Kanamycin
Epinephrine	DRUG_COMBINATION	Idarubicin
Epinephrine	DRUG_COMBINATION	Estramustine
Epinephrine	DRUG_COMBINATION	Fomepizole
Epinephrine	DRUG_COMBINATION	Diphenidol
Epinephrine	DRUG_COMBINATION	Dexamethasone
Epinephrine	DRUG_COMBINATION	Bepridil
Epinephrine	DRUG_COMBINATION	Darunavir
Epinephrine	DRUG_COMBINATION	Palonosetron
Epinephrine	DRUG_COMBINATION	Tacrine
Epinephrine	DRUG_COMBINATION	Phenylephrine
Epinephrine	DRUG_COMBINATION	Pramipexole
Epinephrine	DRUG_COMBINATION	Acetohexamide
Epinephrine	DRUG_COMBINATION	Spironolactone
Epinephrine	DRUG_COMBINATION	Betamethasone
Epinephrine	DRUG_COMBINATION	Imipramine
Epinephrine	DRUG_COMBINATION	Acitretin
Epinephrine	DRUG_COMBINATION	Ketorolac
Epinephrine	DRUG_COMBINATION	Triflupromazine
Epinephrine	DRUG_COMBINATION	Pentostatin
Epinephrine	DRUG_COMBINATION	Methoxsalen
Epinephrine	DRUG_COMBINATION	Bosentan
Epinephrine	DRUG_COMBINATION	Doxapram
Epinephrine	DRUG_COMBINATION	Cisatracurium
Epinephrine	DRUG_COMBINATION	Vinblastine
Epinephrine	DRUG_COMBINATION	Clonidine
Epinephrine	DRUG_COMBINATION	Furazolidone
Epinephrine	DRUG_COMBINATION	Ursodeoxycholic acid
Epinephrine	DRUG_COMBINATION	Hydroxychloroquine
Epinephrine	DRUG_COMBINATION	Pargyline
Epinephrine	DRUG_COMBINATION	Oxyphenbutazone
Epinephrine	DRUG_COMBINATION	Dexmedetomidine
Epinephrine	DRUG_COMBINATION	Dyphylline
Epinephrine	DRUG_COMBINATION	Sumatriptan
Epinephrine	DRUG_COMBINATION	Aprepitant
Epinephrine	DRUG_COMBINATION	Moricizine
Epinephrine	DRUG_COMBINATION	Diethylcarbamazine
Epinephrine	DRUG_COMBINATION	Pentamidine
Epinephrine	DRUG_COMBINATION	Zileuton
Epinephrine	DRUG_COMBINATION	Clopidogrel
Epinephrine	DRUG_COMBINATION	Mebutamate
Epinephrine	DRUG_COMBINATION	Niclosamide
Epinephrine	DRUG_COMBINATION	Propofol
Epinephrine	DRUG_COMBINATION	Phensuximide
Epinephrine	DRUG_COMBINATION	Dobutamine
Epinephrine	DRUG_COMBINATION	Chlorphenesin
Epinephrine	DRUG_COMBINATION	Isosorbide dinitrate
Epinephrine	DRUG_COMBINATION	Sulfapyridine
Epinephrine	DRUG_COMBINATION	Testolactone
Epinephrine	DRUG_COMBINATION	Tiagabine
Epinephrine	DRUG_COMBINATION	Repaglinide
Epinephrine	DRUG_COMBINATION	Dronedarone
Epinephrine	DRUG_COMBINATION	Picoplatin
Epinephrine	DRUG_COMBINATION	Ezetimibe
Epinephrine	DRUG_COMBINATION	Dopamine
Epinephrine	DRUG_COMBINATION	Levobupivacaine
Epinephrine	DRUG_COMBINATION	{4-[3-(4-acetyl-3-hydroxy-2-propylphenoxy)propoxy]phenoxy}acetic acid
Epinephrine	DRUG_COMBINATION	Silver sulfadiazine
Epinephrine	DRUG_COMBINATION	Articaine
Epinephrine	DRUG_COMBINATION	Aliskiren
Epinephrine	DRUG_COMBINATION	Ciprofibrate
Epinephrine	DRUG_COMBINATION	Lacosamide
Epinephrine	DRUG_COMBINATION	Eflornithine
Epinephrine	DRUG_COMBINATION	Panobinostat
Epinephrine	DRUG_COMBINATION	Lumefantrine
Epinephrine	DRUG_COMBINATION	Carglumic acid
Epinephrine	DRUG_COMBINATION	Emetine
Sumatriptan	DRUG_COMBINATION	Ruxolitinib
Sumatriptan	DRUG_COMBINATION	Guanfacine
Sumatriptan	DRUG_COMBINATION	Isosorbide mononitrate
Sumatriptan	DRUG_COMBINATION	Probenecid
Sumatriptan	DRUG_COMBINATION	Memantine
Sumatriptan	DRUG_COMBINATION	Promethazine
Sumatriptan	DRUG_COMBINATION	Leflunomide
Sumatriptan	DRUG_COMBINATION	Crotamiton
Sumatriptan	DRUG_COMBINATION	Gefitinib
Sumatriptan	DRUG_COMBINATION	Mefloquine
Sumatriptan	DRUG_COMBINATION	Cilostazol
Sumatriptan	DRUG_COMBINATION	Procarbazine
Sumatriptan	DRUG_COMBINATION	Docetaxel
Sumatriptan	DRUG_COMBINATION	Hydralazine
Sumatriptan	DRUG_COMBINATION	Palonosetron
Sumatriptan	DRUG_COMBINATION	Pramipexole
Sumatriptan	DRUG_COMBINATION	Acetohexamide
Sumatriptan	DRUG_COMBINATION	Cerivastatin
Sumatriptan	DRUG_COMBINATION	Acitretin
Sumatriptan	DRUG_COMBINATION	Quinine
Sumatriptan	DRUG_COMBINATION	Nabilone
Sumatriptan	DRUG_COMBINATION	Pentostatin
Sumatriptan	DRUG_COMBINATION	Vorinostat
Sumatriptan	DRUG_COMBINATION	Vinblastine
Sumatriptan	DRUG_COMBINATION	Efavirenz
Sumatriptan	DRUG_COMBINATION	Everolimus
Sumatriptan	DRUG_COMBINATION	Genistein
Sumatriptan	DRUG_COMBINATION	Mecamylamine
Sumatriptan	DRUG_COMBINATION	Epinephrine
Sumatriptan	DRUG_COMBINATION	Moricizine
Sumatriptan	DRUG_COMBINATION	Naltrexone
Sumatriptan	DRUG_COMBINATION	Diethylcarbamazine
Sumatriptan	DRUG_COMBINATION	Clopidogrel
Sumatriptan	DRUG_COMBINATION	SN-38
Sumatriptan	DRUG_COMBINATION	Naproxen
Sumatriptan	DRUG_COMBINATION	Bumetanide
Sumatriptan	DRUG_COMBINATION	Tiagabine
Sumatriptan	DRUG_COMBINATION	Repaglinide
Sumatriptan	DRUG_COMBINATION	Maprotiline
Sumatriptan	DRUG_COMBINATION	Ramelteon
Sumatriptan	DRUG_COMBINATION	Armodafinil
Sumatriptan	DRUG_COMBINATION	Methylene blue
Sumatriptan	DRUG_COMBINATION	Triapine
Sumatriptan	DRUG_COMBINATION	Dinaciclib
Sumatriptan	DRUG_COMBINATION	Lumefantrine
Sumatriptan	DRUG_COMBINATION	Lasmiditan
Sumatriptan	DRUG_COMBINATION	Emetine
Sumatriptan	DRUG_COMBINATION	Benserazide
Sumatriptan	DRUG_COMBINATION	Sivelestat
Aprepitant	DRUG_COMBINATION	Linagliptin
Aprepitant	DRUG_COMBINATION	Topotecan
Aprepitant	DRUG_COMBINATION	Probenecid
Aprepitant	DRUG_COMBINATION	Novobiocin
Aprepitant	DRUG_COMBINATION	Citalopram
Aprepitant	DRUG_COMBINATION	Aminosalicylic acid
Aprepitant	DRUG_COMBINATION	Etonogestrel
Aprepitant	DRUG_COMBINATION	Dihydroergotamine
Aprepitant	DRUG_COMBINATION	Olanzapine
Aprepitant	DRUG_COMBINATION	Cilostazol
Aprepitant	DRUG_COMBINATION	Kanamycin
Aprepitant	DRUG_COMBINATION	Idarubicin
Aprepitant	DRUG_COMBINATION	Estramustine
Aprepitant	DRUG_COMBINATION	Fomepizole
Aprepitant	DRUG_COMBINATION	Dexamethasone
Aprepitant	DRUG_COMBINATION	Darunavir
Aprepitant	DRUG_COMBINATION	Palonosetron
Aprepitant	DRUG_COMBINATION	Miglustat
Aprepitant	DRUG_COMBINATION	Oxycodone
Aprepitant	DRUG_COMBINATION	Cisatracurium
Aprepitant	DRUG_COMBINATION	Fenoprofen
Aprepitant	DRUG_COMBINATION	Everolimus
Aprepitant	DRUG_COMBINATION	Oxyphenbutazone
Aprepitant	DRUG_COMBINATION	Acamprosate
Aprepitant	DRUG_COMBINATION	Trimethobenzamide
Aprepitant	DRUG_COMBINATION	Zileuton
Aprepitant	DRUG_COMBINATION	Raltegravir
Aprepitant	DRUG_COMBINATION	Metyrosine
Aprepitant	DRUG_COMBINATION	Ondansetron
Aprepitant	DRUG_COMBINATION	Tinidazole
Aprepitant	DRUG_COMBINATION	Desloratadine
Aprepitant	DRUG_COMBINATION	Ramosetron
Aprepitant	DRUG_COMBINATION	Ginkgolide A
Galantamine	DRUG_COMBINATION	Isoprenaline
Galantamine	DRUG_COMBINATION	Chlorzoxazone
Galantamine	DRUG_COMBINATION	Kanamycin
Galantamine	DRUG_COMBINATION	Darunavir
Galantamine	DRUG_COMBINATION	Nimodipine
Galantamine	DRUG_COMBINATION	Sorafenib
Galantamine	DRUG_COMBINATION	Cerivastatin
Galantamine	DRUG_COMBINATION	Quinine
Galantamine	DRUG_COMBINATION	Vorinostat
Galantamine	DRUG_COMBINATION	Fenoprofen
Galantamine	DRUG_COMBINATION	Oxyphenbutazone
Galantamine	DRUG_COMBINATION	Epinephrine
Galantamine	DRUG_COMBINATION	Aprepitant
Galantamine	DRUG_COMBINATION	Tacrolimus
Galantamine	DRUG_COMBINATION	Cytarabine
Galantamine	DRUG_COMBINATION	Busulfan
Galantamine	DRUG_COMBINATION	Lacosamide
Galantamine	DRUG_COMBINATION	Methylene blue
Galantamine	DRUG_COMBINATION	Brincidofovir
Galantamine	DRUG_COMBINATION	Terameprocol
Galantamine	DRUG_COMBINATION	Sivelestat
Tamoxifen	DRUG_COMBINATION	Guanfacine
Tamoxifen	DRUG_COMBINATION	Abacavir
Tamoxifen	DRUG_COMBINATION	Leflunomide
Tamoxifen	DRUG_COMBINATION	Citalopram
Tamoxifen	DRUG_COMBINATION	Crotamiton
Tamoxifen	DRUG_COMBINATION	Theophylline
Tamoxifen	DRUG_COMBINATION	Liothyronine
Tamoxifen	DRUG_COMBINATION	Etomidate
Tamoxifen	DRUG_COMBINATION	Etonogestrel
Tamoxifen	DRUG_COMBINATION	Gefitinib
Tamoxifen	DRUG_COMBINATION	Ethambutol
Tamoxifen	DRUG_COMBINATION	Mefloquine
Tamoxifen	DRUG_COMBINATION	Kanamycin
Tamoxifen	DRUG_COMBINATION	Estramustine
Tamoxifen	DRUG_COMBINATION	Anastrozole
Tamoxifen	DRUG_COMBINATION	Dantrolene
Tamoxifen	DRUG_COMBINATION	Bepridil
Tamoxifen	DRUG_COMBINATION	Palonosetron
Tamoxifen	DRUG_COMBINATION	Enoxacin
Tamoxifen	DRUG_COMBINATION	Albendazole
Tamoxifen	DRUG_COMBINATION	Doxapram
Tamoxifen	DRUG_COMBINATION	Methotrexate
Tamoxifen	DRUG_COMBINATION	Paromomycin
Tamoxifen	DRUG_COMBINATION	Amiloride
Tamoxifen	DRUG_COMBINATION	Imatinib
Tamoxifen	DRUG_COMBINATION	Everolimus
Tamoxifen	DRUG_COMBINATION	Trazodone
Tamoxifen	DRUG_COMBINATION	Trimethobenzamide
Tamoxifen	DRUG_COMBINATION	Epinephrine
Tamoxifen	DRUG_COMBINATION	Aprepitant
Tamoxifen	DRUG_COMBINATION	Diethylcarbamazine
Tamoxifen	DRUG_COMBINATION	Tolazoline
Tamoxifen	DRUG_COMBINATION	Fosfomycin
Tamoxifen	DRUG_COMBINATION	Loperamide
Tamoxifen	DRUG_COMBINATION	Sulfapyridine
Tamoxifen	DRUG_COMBINATION	Testolactone
Tamoxifen	DRUG_COMBINATION	Tiagabine
Tamoxifen	DRUG_COMBINATION	Maprotiline
Tamoxifen	DRUG_COMBINATION	Phenprocoumon
Tamoxifen	DRUG_COMBINATION	Cytarabine
Tamoxifen	DRUG_COMBINATION	Doxorubicin
Tamoxifen	DRUG_COMBINATION	Lacosamide
Tamoxifen	DRUG_COMBINATION	Eflornithine
Tamoxifen	DRUG_COMBINATION	Armodafinil
Tamoxifen	DRUG_COMBINATION	Methylene blue
Tamoxifen	DRUG_COMBINATION	Mardepodect
Tamoxifen	DRUG_COMBINATION	Triapine
Tamoxifen	DRUG_COMBINATION	Vinpocetine
Tamoxifen	DRUG_COMBINATION	Clascoterone
Tamoxifen	DRUG_COMBINATION	Modufolin
Losartan	DRUG_COMBINATION	Leucovorin
Losartan	DRUG_COMBINATION	Pentoxifylline
Losartan	DRUG_COMBINATION	Hydrochlorothiazide
Moricizine	DRUG_COMBINATION	Probenecid
Moricizine	DRUG_COMBINATION	Lubiprostone
Moricizine	DRUG_COMBINATION	Gefitinib
Moricizine	DRUG_COMBINATION	Procarbazine
Moricizine	DRUG_COMBINATION	Sitagliptin
Moricizine	DRUG_COMBINATION	Methoxsalen
Moricizine	DRUG_COMBINATION	Fenoprofen
Moricizine	DRUG_COMBINATION	Everolimus
Moricizine	DRUG_COMBINATION	Pentamidine
Moricizine	DRUG_COMBINATION	Zileuton
Moricizine	DRUG_COMBINATION	Niclosamide
Moricizine	DRUG_COMBINATION	Maprotiline
Moricizine	DRUG_COMBINATION	Ezetimibe
Moricizine	DRUG_COMBINATION	Doxorubicin
Moricizine	DRUG_COMBINATION	Methylene blue
Moricizine	DRUG_COMBINATION	Brincidofovir
Moricizine	DRUG_COMBINATION	Artemisinin
Warfarin	DRUG_COMBINATION	Oseltamivir
Warfarin	DRUG_COMBINATION	Rivaroxaban
Warfarin	DRUG_COMBINATION	Imrecoxib
Warfarin	DRUG_COMBINATION	Isavuconazole
Warfarin	DRUG_COMBINATION	Latrepirdine
Midazolam	DRUG_COMBINATION	Etomidate
Midazolam	DRUG_COMBINATION	Remifentanil
Tobramycin	DRUG_COMBINATION	Acyclovir
Fludrocortisone	DRUG_COMBINATION	Bromocriptine
Mycophenolate mofetil	DRUG_COMBINATION	Cyclosporine
Mycophenolate mofetil	DRUG_COMBINATION	Melphalan
Mycophenolate mofetil	DRUG_COMBINATION	Fludarabine
Mycophenolate mofetil	DRUG_COMBINATION	Bortezomib
Mycophenolate mofetil	DRUG_COMBINATION	Pantoprazole
Mycophenolate mofetil	DRUG_COMBINATION	Allopurinol
Mycophenolate mofetil	DRUG_COMBINATION	Prednisolone
Mycophenolate mofetil	DRUG_COMBINATION	Tacrolimus
Mycophenolate mofetil	DRUG_COMBINATION	Sirolimus
Mycophenolate mofetil	DRUG_COMBINATION	Methylprednisolone
Mycophenolate mofetil	DRUG_COMBINATION	Azathioprine
Mycophenolate mofetil	DRUG_COMBINATION	Voclosporin
Daunorubicin	DRUG_COMBINATION	Dasatinib
Daunorubicin	DRUG_COMBINATION	Azacitidine
Daunorubicin	DRUG_COMBINATION	Cytarabine
Daunorubicin	DRUG_COMBINATION	Glasdegib
Daunorubicin	DRUG_COMBINATION	Panobinostat
Daunorubicin	DRUG_COMBINATION	Gilteritinib
Furosemide	DRUG_COMBINATION	Torasemide
Furosemide	DRUG_COMBINATION	Spironolactone
Furosemide	DRUG_COMBINATION	Amiloride
Furosemide	DRUG_COMBINATION	Losartan
Furosemide	DRUG_COMBINATION	Mannitol
Furosemide	DRUG_COMBINATION	Bumetanide
Furosemide	DRUG_COMBINATION	Dopamine
Furosemide	DRUG_COMBINATION	Hydrochlorothiazide
Nitrofurantoin	DRUG_COMBINATION	Cefuroxime
Nitrofurantoin	DRUG_COMBINATION	Ampicillin
Nitrofurantoin	DRUG_COMBINATION	Cephalexin
Naltrexone	DRUG_COMBINATION	Piperaquine
Naltrexone	DRUG_COMBINATION	Ruxolitinib
Naltrexone	DRUG_COMBINATION	Isoprenaline
Naltrexone	DRUG_COMBINATION	Bortezomib
Naltrexone	DRUG_COMBINATION	Gefitinib
Naltrexone	DRUG_COMBINATION	Mefloquine
Naltrexone	DRUG_COMBINATION	Desipramine
Naltrexone	DRUG_COMBINATION	Idarubicin
Naltrexone	DRUG_COMBINATION	Dantrolene
Naltrexone	DRUG_COMBINATION	Tacrine
Naltrexone	DRUG_COMBINATION	Spironolactone
Naltrexone	DRUG_COMBINATION	Cerivastatin
Naltrexone	DRUG_COMBINATION	Methotrexate
Naltrexone	DRUG_COMBINATION	Colchicine
Naltrexone	DRUG_COMBINATION	Imatinib
Naltrexone	DRUG_COMBINATION	Testosterone
Naltrexone	DRUG_COMBINATION	Genistein
Naltrexone	DRUG_COMBINATION	Oxyphenbutazone
Naltrexone	DRUG_COMBINATION	Sumatriptan
Naltrexone	DRUG_COMBINATION	Norethisterone
Naltrexone	DRUG_COMBINATION	Modafinil
Naltrexone	DRUG_COMBINATION	SN-38
Naltrexone	DRUG_COMBINATION	Niclosamide
Naltrexone	DRUG_COMBINATION	Meclofenamic acid
Naltrexone	DRUG_COMBINATION	Cytarabine
Naltrexone	DRUG_COMBINATION	Doxorubicin
Naltrexone	DRUG_COMBINATION	Busulfan
Naltrexone	DRUG_COMBINATION	Ciprofibrate
Naltrexone	DRUG_COMBINATION	Methylene blue
Naltrexone	DRUG_COMBINATION	Pyronaridine
Naltrexone	DRUG_COMBINATION	Artemether
Naltrexone	DRUG_COMBINATION	Lumefantrine
Naltrexone	DRUG_COMBINATION	Ginkgolide A
Naltrexone	DRUG_COMBINATION	Carglumic acid
Naltrexone	DRUG_COMBINATION	Artemisinin
Naltrexone	DRUG_COMBINATION	Clascoterone
Naltrexone	DRUG_COMBINATION	Modufolin
Tamsulosin	DRUG_COMBINATION	Mirabegron
Tamsulosin	DRUG_COMBINATION	Tolterodine
Tamsulosin	DRUG_COMBINATION	Dutasteride
Tamsulosin	DRUG_COMBINATION	Acetaminophen
Tamsulosin	DRUG_COMBINATION	Finasteride
Tamsulosin	DRUG_COMBINATION	Diclofenac
Tamsulosin	DRUG_COMBINATION	Solifenacin
Tamsulosin	DRUG_COMBINATION	Tadalafil
Sufentanil	DRUG_COMBINATION	Sevoflurane
Sufentanil	DRUG_COMBINATION	Midazolam
Lamivudine	DRUG_COMBINATION	Atazanavir
Lamivudine	DRUG_COMBINATION	Idarubicin
Lamivudine	DRUG_COMBINATION	Darunavir
Lamivudine	DRUG_COMBINATION	Lopinavir
Lamivudine	DRUG_COMBINATION	Raltegravir
Lamivudine	DRUG_COMBINATION	Panobinostat
Lamivudine	DRUG_COMBINATION	Adefovir
Ibandronate	DRUG_COMBINATION	Alendronic acid
Diethylcarbamazine	DRUG_COMBINATION	Pomalidomide
Diethylcarbamazine	DRUG_COMBINATION	Leflunomide
Diethylcarbamazine	DRUG_COMBINATION	Sertraline
Diethylcarbamazine	DRUG_COMBINATION	Bortezomib
Diethylcarbamazine	DRUG_COMBINATION	Oseltamivir
Diethylcarbamazine	DRUG_COMBINATION	Aminosalicylic acid
Diethylcarbamazine	DRUG_COMBINATION	Cefmenoxime
Diethylcarbamazine	DRUG_COMBINATION	Dihydroergotamine
Diethylcarbamazine	DRUG_COMBINATION	Ethambutol
Diethylcarbamazine	DRUG_COMBINATION	Olanzapine
Diethylcarbamazine	DRUG_COMBINATION	Chlorzoxazone
Diethylcarbamazine	DRUG_COMBINATION	Chlormezanone
Diethylcarbamazine	DRUG_COMBINATION	Clindamycin
Diethylcarbamazine	DRUG_COMBINATION	Bepridil
Diethylcarbamazine	DRUG_COMBINATION	Docetaxel
Diethylcarbamazine	DRUG_COMBINATION	Sitagliptin
Diethylcarbamazine	DRUG_COMBINATION	Darunavir
Diethylcarbamazine	DRUG_COMBINATION	Sunitinib
Diethylcarbamazine	DRUG_COMBINATION	Hydralazine
Diethylcarbamazine	DRUG_COMBINATION	Spironolactone
Diethylcarbamazine	DRUG_COMBINATION	Cerivastatin
Diethylcarbamazine	DRUG_COMBINATION	Imipramine
Diethylcarbamazine	DRUG_COMBINATION	Acitretin
Diethylcarbamazine	DRUG_COMBINATION	Nabilone
Diethylcarbamazine	DRUG_COMBINATION	Buspirone
Diethylcarbamazine	DRUG_COMBINATION	Albendazole
Diethylcarbamazine	DRUG_COMBINATION	Acetohydroxamic acid
Diethylcarbamazine	DRUG_COMBINATION	Methotrexate
Diethylcarbamazine	DRUG_COMBINATION	Imatinib
Diethylcarbamazine	DRUG_COMBINATION	Hydroxychloroquine
Diethylcarbamazine	DRUG_COMBINATION	Pargyline
Diethylcarbamazine	DRUG_COMBINATION	Genistein
Diethylcarbamazine	DRUG_COMBINATION	Oxyphenbutazone
Diethylcarbamazine	DRUG_COMBINATION	Trimethobenzamide
Diethylcarbamazine	DRUG_COMBINATION	Aprepitant
Diethylcarbamazine	DRUG_COMBINATION	Galantamine
Diethylcarbamazine	DRUG_COMBINATION	Pentamidine
Diethylcarbamazine	DRUG_COMBINATION	SN-38
Diethylcarbamazine	DRUG_COMBINATION	Metyrosine
Diethylcarbamazine	DRUG_COMBINATION	Primidone
Diethylcarbamazine	DRUG_COMBINATION	Trifluoperazine
Diethylcarbamazine	DRUG_COMBINATION	Chlorphenesin
Diethylcarbamazine	DRUG_COMBINATION	Tacrolimus
Diethylcarbamazine	DRUG_COMBINATION	Repaglinide
Diethylcarbamazine	DRUG_COMBINATION	Maprotiline
Diethylcarbamazine	DRUG_COMBINATION	Ethinylestradiol
Diethylcarbamazine	DRUG_COMBINATION	Cytarabine
Diethylcarbamazine	DRUG_COMBINATION	Cinacalcet
Diethylcarbamazine	DRUG_COMBINATION	Pizotifen
Diethylcarbamazine	DRUG_COMBINATION	Rufinamide
Diethylcarbamazine	DRUG_COMBINATION	Lacosamide
Diethylcarbamazine	DRUG_COMBINATION	Eflornithine
Diethylcarbamazine	DRUG_COMBINATION	Armodafinil
Diethylcarbamazine	DRUG_COMBINATION	Methylene blue
Diethylcarbamazine	DRUG_COMBINATION	Triapine
Diethylcarbamazine	DRUG_COMBINATION	Brincidofovir
Diethylcarbamazine	DRUG_COMBINATION	Carglumic acid
Diethylcarbamazine	DRUG_COMBINATION	Moxidectin
Diethylcarbamazine	DRUG_COMBINATION	Emetine
Diethylcarbamazine	DRUG_COMBINATION	Diethylcarbamazine
Flurbiprofen	DRUG_COMBINATION	Acetaminophen
Flurbiprofen	DRUG_COMBINATION	Idarubicin
Flurbiprofen	DRUG_COMBINATION	Dezocine
Paroxetine	DRUG_COMBINATION	Pregabalin
Paroxetine	DRUG_COMBINATION	Mirtazapine
Paroxetine	DRUG_COMBINATION	Buspirone
Paroxetine	DRUG_COMBINATION	Lamotrigine
Paroxetine	DRUG_COMBINATION	Naltrexone
Paroxetine	DRUG_COMBINATION	Telaprevir
Paroxetine	DRUG_COMBINATION	Saredutant
Paroxetine	DRUG_COMBINATION	Paroxetine
Azatadine	DRUG_COMBINATION	Topotecan
Azatadine	DRUG_COMBINATION	Iloprost
Azatadine	DRUG_COMBINATION	Leflunomide
Azatadine	DRUG_COMBINATION	Diazoxide
Azatadine	DRUG_COMBINATION	Chlorzoxazone
Azatadine	DRUG_COMBINATION	Estramustine
Azatadine	DRUG_COMBINATION	Bepridil
Azatadine	DRUG_COMBINATION	Docetaxel
Azatadine	DRUG_COMBINATION	Hydralazine
Azatadine	DRUG_COMBINATION	Acetohexamide
Azatadine	DRUG_COMBINATION	Methocarbamol
Azatadine	DRUG_COMBINATION	Cerivastatin
Azatadine	DRUG_COMBINATION	Acitretin
Azatadine	DRUG_COMBINATION	Quinine
Azatadine	DRUG_COMBINATION	Vorinostat
Azatadine	DRUG_COMBINATION	Genistein
Azatadine	DRUG_COMBINATION	Mebendazole
Azatadine	DRUG_COMBINATION	Trimethobenzamide
Azatadine	DRUG_COMBINATION	Sumatriptan
Azatadine	DRUG_COMBINATION	Aprepitant
Azatadine	DRUG_COMBINATION	SN-38
Azatadine	DRUG_COMBINATION	Tiagabine
Azatadine	DRUG_COMBINATION	Amantadine
Azatadine	DRUG_COMBINATION	Maprotiline
Azatadine	DRUG_COMBINATION	Ramelteon
Azatadine	DRUG_COMBINATION	Cytarabine
Azatadine	DRUG_COMBINATION	Doxorubicin
Azatadine	DRUG_COMBINATION	Armodafinil
Azatadine	DRUG_COMBINATION	Triapine
Azatadine	DRUG_COMBINATION	Dinaciclib
Azatadine	DRUG_COMBINATION	Modufolin
Lisinopril	DRUG_COMBINATION	Carvedilol
Lisinopril	DRUG_COMBINATION	Pravastatin
Lisinopril	DRUG_COMBINATION	Amlodipine
Lisinopril	DRUG_COMBINATION	Losartan
Lisinopril	DRUG_COMBINATION	Prednisolone
Lisinopril	DRUG_COMBINATION	Telmisartan
Lisinopril	DRUG_COMBINATION	Aleglitazar
Imiquimod	DRUG_COMBINATION	Gemcitabine
Imiquimod	DRUG_COMBINATION	Cyclophosphamide
Imiquimod	DRUG_COMBINATION	Sonidegib
Nitroglycerin	DRUG_COMBINATION	Nitroglycerin
Rocuronium	DRUG_COMBINATION	Sevoflurane
Rocuronium	DRUG_COMBINATION	Rocuronium
Risperidone	DRUG_COMBINATION	Guanfacine
Risperidone	DRUG_COMBINATION	Topotecan
Risperidone	DRUG_COMBINATION	Leflunomide
Risperidone	DRUG_COMBINATION	Baclofen
Risperidone	DRUG_COMBINATION	Citalopram
Risperidone	DRUG_COMBINATION	Crotamiton
Risperidone	DRUG_COMBINATION	Cefmenoxime
Risperidone	DRUG_COMBINATION	Olanzapine
Risperidone	DRUG_COMBINATION	Chlorzoxazone
Risperidone	DRUG_COMBINATION	Idarubicin
Risperidone	DRUG_COMBINATION	Docetaxel
Risperidone	DRUG_COMBINATION	Pramipexole
Risperidone	DRUG_COMBINATION	Cerivastatin
Risperidone	DRUG_COMBINATION	Quinine
Risperidone	DRUG_COMBINATION	Oxycodone
Risperidone	DRUG_COMBINATION	Vorinostat
Risperidone	DRUG_COMBINATION	Vinblastine
Risperidone	DRUG_COMBINATION	Amiloride
Risperidone	DRUG_COMBINATION	Pargyline
Risperidone	DRUG_COMBINATION	Genistein
Risperidone	DRUG_COMBINATION	Mecamylamine
Risperidone	DRUG_COMBINATION	Tamoxifen
Risperidone	DRUG_COMBINATION	Diethylcarbamazine
Risperidone	DRUG_COMBINATION	Modafinil
Risperidone	DRUG_COMBINATION	Trioxsalen
Risperidone	DRUG_COMBINATION	Metyrosine
Risperidone	DRUG_COMBINATION	Acyclovir
Risperidone	DRUG_COMBINATION	Trifluoperazine
Risperidone	DRUG_COMBINATION	Maprotiline
Risperidone	DRUG_COMBINATION	Cytarabine
Risperidone	DRUG_COMBINATION	Rufinamide
Risperidone	DRUG_COMBINATION	Methylene blue
Risperidone	DRUG_COMBINATION	Anamorelin
Risperidone	DRUG_COMBINATION	Brincidofovir
Esomeprazole	DRUG_COMBINATION	Amoxicillin
Esomeprazole	DRUG_COMBINATION	Levofloxacin
Esomeprazole	DRUG_COMBINATION	Moxifloxacin
Esomeprazole	DRUG_COMBINATION	Itraconazole
Esomeprazole	DRUG_COMBINATION	Metronidazole
Esomeprazole	DRUG_COMBINATION	Acetylsalicylic acid
Esomeprazole	DRUG_COMBINATION	Methylprednisolone
Esomeprazole	DRUG_COMBINATION	Alisertib
Esomeprazole	DRUG_COMBINATION	Potassium citrate
Esomeprazole	DRUG_COMBINATION	Isavuconazole
Esomeprazole	DRUG_COMBINATION	Esomeprazole
Pentamidine	DRUG_COMBINATION	Ruxolitinib
Pentamidine	DRUG_COMBINATION	Topotecan
Pentamidine	DRUG_COMBINATION	Sertraline
Pentamidine	DRUG_COMBINATION	Diazoxide
Pentamidine	DRUG_COMBINATION	Desoxycorticosterone pivalate
Pentamidine	DRUG_COMBINATION	Bortezomib
Pentamidine	DRUG_COMBINATION	Mefloquine
Pentamidine	DRUG_COMBINATION	Kanamycin
Pentamidine	DRUG_COMBINATION	Chlormezanone
Pentamidine	DRUG_COMBINATION	Fomepizole
Pentamidine	DRUG_COMBINATION	Bepridil
Pentamidine	DRUG_COMBINATION	Docetaxel
Pentamidine	DRUG_COMBINATION	Sunitinib
Pentamidine	DRUG_COMBINATION	Pramipexole
Pentamidine	DRUG_COMBINATION	Methocarbamol
Pentamidine	DRUG_COMBINATION	Allopurinol
Pentamidine	DRUG_COMBINATION	Cerivastatin
Pentamidine	DRUG_COMBINATION	Acitretin
Pentamidine	DRUG_COMBINATION	Buspirone
Pentamidine	DRUG_COMBINATION	Mephenytoin
Pentamidine	DRUG_COMBINATION	Cisatracurium
Pentamidine	DRUG_COMBINATION	Vorinostat
Pentamidine	DRUG_COMBINATION	Imatinib
Pentamidine	DRUG_COMBINATION	Everolimus
Pentamidine	DRUG_COMBINATION	Cilastatin
Pentamidine	DRUG_COMBINATION	Dexmedetomidine
Pentamidine	DRUG_COMBINATION	Trimethobenzamide
Pentamidine	DRUG_COMBINATION	Epinephrine
Pentamidine	DRUG_COMBINATION	Sumatriptan
Pentamidine	DRUG_COMBINATION	Naltrexone
Pentamidine	DRUG_COMBINATION	Zileuton
Pentamidine	DRUG_COMBINATION	SN-38
Pentamidine	DRUG_COMBINATION	Metyrosine
Pentamidine	DRUG_COMBINATION	Acyclovir
Pentamidine	DRUG_COMBINATION	Trifluoperazine
Pentamidine	DRUG_COMBINATION	Tiagabine
Pentamidine	DRUG_COMBINATION	Amantadine
Pentamidine	DRUG_COMBINATION	Maprotiline
Pentamidine	DRUG_COMBINATION	Cytarabine
Pentamidine	DRUG_COMBINATION	Doxorubicin
Pentamidine	DRUG_COMBINATION	Pizotifen
Pentamidine	DRUG_COMBINATION	Lacosamide
Pentamidine	DRUG_COMBINATION	Methylene blue
Pentamidine	DRUG_COMBINATION	Mardepodect
Pentamidine	DRUG_COMBINATION	Triapine
Pentamidine	DRUG_COMBINATION	Dinaciclib
Pentamidine	DRUG_COMBINATION	Lumefantrine
Pentamidine	DRUG_COMBINATION	Terameprocol
Pentamidine	DRUG_COMBINATION	Artemisinin
Pentamidine	DRUG_COMBINATION	Emetine
Pentamidine	DRUG_COMBINATION	Modufolin
Riluzole	DRUG_COMBINATION	Probenecid
Riluzole	DRUG_COMBINATION	Diazoxide
Riluzole	DRUG_COMBINATION	Bortezomib
Riluzole	DRUG_COMBINATION	Gefitinib
Riluzole	DRUG_COMBINATION	Chlorzoxazone
Riluzole	DRUG_COMBINATION	Mefloquine
Riluzole	DRUG_COMBINATION	Idarubicin
Riluzole	DRUG_COMBINATION	Fomepizole
Riluzole	DRUG_COMBINATION	Docetaxel
Riluzole	DRUG_COMBINATION	Sunitinib
Riluzole	DRUG_COMBINATION	Hydralazine
Riluzole	DRUG_COMBINATION	Cerivastatin
Riluzole	DRUG_COMBINATION	Enoxacin
Riluzole	DRUG_COMBINATION	Cisatracurium
Riluzole	DRUG_COMBINATION	Paromomycin
Riluzole	DRUG_COMBINATION	Genistein
Riluzole	DRUG_COMBINATION	Oxyphenbutazone
Riluzole	DRUG_COMBINATION	Epinephrine
Riluzole	DRUG_COMBINATION	Clopidogrel
Riluzole	DRUG_COMBINATION	SN-38
Riluzole	DRUG_COMBINATION	Amantadine
Riluzole	DRUG_COMBINATION	Zaleplon
Riluzole	DRUG_COMBINATION	Doxorubicin
Riluzole	DRUG_COMBINATION	Lacosamide
Riluzole	DRUG_COMBINATION	Armodafinil
Riluzole	DRUG_COMBINATION	Methylene blue
Riluzole	DRUG_COMBINATION	Brincidofovir
Riluzole	DRUG_COMBINATION	Pyronaridine
Riluzole	DRUG_COMBINATION	Lumefantrine
Riluzole	DRUG_COMBINATION	Terameprocol
Riluzole	DRUG_COMBINATION	Masitinib
Riluzole	DRUG_COMBINATION	Emetine
Riluzole	DRUG_COMBINATION	Sivelestat
Hydrocortisone	DRUG_COMBINATION	Cyclosporine
Hydrocortisone	DRUG_COMBINATION	Fludrocortisone
Hydrocortisone	DRUG_COMBINATION	Mannitol
Hydrocortisone	DRUG_COMBINATION	Prednisolone
Hydrocortisone	DRUG_COMBINATION	Dopamine
Hydrocortisone	DRUG_COMBINATION	Azathioprine
Zileuton	DRUG_COMBINATION	Probenecid
Zileuton	DRUG_COMBINATION	Leflunomide
Zileuton	DRUG_COMBINATION	Diazoxide
Zileuton	DRUG_COMBINATION	Ibutilide
Zileuton	DRUG_COMBINATION	Gefitinib
Zileuton	DRUG_COMBINATION	Mefloquine
Zileuton	DRUG_COMBINATION	Idarubicin
Zileuton	DRUG_COMBINATION	Dantrolene
Zileuton	DRUG_COMBINATION	Bepridil
Zileuton	DRUG_COMBINATION	Darunavir
Zileuton	DRUG_COMBINATION	Cerivastatin
Zileuton	DRUG_COMBINATION	Methoxsalen
Zileuton	DRUG_COMBINATION	Efavirenz
Zileuton	DRUG_COMBINATION	Everolimus
Zileuton	DRUG_COMBINATION	Oxyphenbutazone
Zileuton	DRUG_COMBINATION	Dyphylline
Zileuton	DRUG_COMBINATION	Clopidogrel
Zileuton	DRUG_COMBINATION	Raltegravir
Zileuton	DRUG_COMBINATION	Fosfomycin
Zileuton	DRUG_COMBINATION	Isosorbide dinitrate
Zileuton	DRUG_COMBINATION	Sulfapyridine
Zileuton	DRUG_COMBINATION	Maprotiline
Zileuton	DRUG_COMBINATION	Brincidofovir
Deferoxamine	DRUG_COMBINATION	Hydroxyurea
Deferoxamine	DRUG_COMBINATION	Deferiprone
Prilocaine	DRUG_COMBINATION	Morphine
Prilocaine	DRUG_COMBINATION	Midazolam
Prilocaine	DRUG_COMBINATION	Prilocaine
Isoflurane	DRUG_COMBINATION	Sevoflurane
Tretinoin	DRUG_COMBINATION	Ruxolitinib
Tretinoin	DRUG_COMBINATION	Idarubicin
Tretinoin	DRUG_COMBINATION	Panobinostat
Tretinoin	DRUG_COMBINATION	Marizomib
Clopidogrel	DRUG_COMBINATION	Teriflunomide
Clopidogrel	DRUG_COMBINATION	Guanfacine
Clopidogrel	DRUG_COMBINATION	Leflunomide
Clopidogrel	DRUG_COMBINATION	Diazoxide
Clopidogrel	DRUG_COMBINATION	Ramipril
Clopidogrel	DRUG_COMBINATION	Bortezomib
Clopidogrel	DRUG_COMBINATION	Mesalazine
Clopidogrel	DRUG_COMBINATION	Gefitinib
Clopidogrel	DRUG_COMBINATION	Mefloquine
Clopidogrel	DRUG_COMBINATION	Itraconazole
Clopidogrel	DRUG_COMBINATION	Idarubicin
Clopidogrel	DRUG_COMBINATION	Fomepizole
Clopidogrel	DRUG_COMBINATION	Docetaxel
Clopidogrel	DRUG_COMBINATION	Darunavir
Clopidogrel	DRUG_COMBINATION	Sunitinib
Clopidogrel	DRUG_COMBINATION	Pramipexole
Clopidogrel	DRUG_COMBINATION	Allopurinol
Clopidogrel	DRUG_COMBINATION	Cerivastatin
Clopidogrel	DRUG_COMBINATION	Imipramine
Clopidogrel	DRUG_COMBINATION	Acitretin
Clopidogrel	DRUG_COMBINATION	Quinine
Clopidogrel	DRUG_COMBINATION	Albendazole
Clopidogrel	DRUG_COMBINATION	Acetohydroxamic acid
Clopidogrel	DRUG_COMBINATION	Doxapram
Clopidogrel	DRUG_COMBINATION	Vinblastine
Clopidogrel	DRUG_COMBINATION	Imatinib
Clopidogrel	DRUG_COMBINATION	Genistein
Clopidogrel	DRUG_COMBINATION	Tamoxifen
Clopidogrel	DRUG_COMBINATION	Mebutamate
Clopidogrel	DRUG_COMBINATION	Metyrosine
Clopidogrel	DRUG_COMBINATION	Trifluoperazine
Clopidogrel	DRUG_COMBINATION	Tinidazole
Clopidogrel	DRUG_COMBINATION	Maprotiline
Clopidogrel	DRUG_COMBINATION	Cytarabine
Clopidogrel	DRUG_COMBINATION	Doxorubicin
Clopidogrel	DRUG_COMBINATION	Rivaroxaban
Clopidogrel	DRUG_COMBINATION	Methylene blue
Clopidogrel	DRUG_COMBINATION	Mardepodect
Clopidogrel	DRUG_COMBINATION	Triapine
Clopidogrel	DRUG_COMBINATION	Anamorelin
Clopidogrel	DRUG_COMBINATION	Brincidofovir
Clopidogrel	DRUG_COMBINATION	Modufolin
Meropenem	DRUG_COMBINATION	Amoxicillin
Meropenem	DRUG_COMBINATION	Levofloxacin
Meropenem	DRUG_COMBINATION	Vaborbactam
Meropenem	DRUG_COMBINATION	Plazomicin
Canertinib	DRUG_COMBINATION	Panobinostat
PX-12	DRUG_COMBINATION	Panobinostat
PX-12	DRUG_COMBINATION	Marizomib
Tandutinib	DRUG_COMBINATION	Panobinostat
Palovarotene	DRUG_COMBINATION	Midazolam
VX-702	DRUG_COMBINATION	Idarubicin
VX-702	DRUG_COMBINATION	Marizomib
SN-38	DRUG_COMBINATION	Ruxolitinib
SN-38	DRUG_COMBINATION	Teriflunomide
SN-38	DRUG_COMBINATION	Guanfacine
SN-38	DRUG_COMBINATION	Novobiocin
SN-38	DRUG_COMBINATION	Iloprost
SN-38	DRUG_COMBINATION	Diclofenamide
SN-38	DRUG_COMBINATION	Oseltamivir
SN-38	DRUG_COMBINATION	Mesalazine
SN-38	DRUG_COMBINATION	Pamidronic acid
SN-38	DRUG_COMBINATION	Chlorambucil
SN-38	DRUG_COMBINATION	Gefitinib
SN-38	DRUG_COMBINATION	Ethambutol
SN-38	DRUG_COMBINATION	Olanzapine
SN-38	DRUG_COMBINATION	Atenolol
SN-38	DRUG_COMBINATION	Methylergometrine
SN-38	DRUG_COMBINATION	Terazosin
SN-38	DRUG_COMBINATION	Procarbazine
SN-38	DRUG_COMBINATION	Idarubicin
SN-38	DRUG_COMBINATION	Diphenidol
SN-38	DRUG_COMBINATION	Darunavir
SN-38	DRUG_COMBINATION	Hydralazine
SN-38	DRUG_COMBINATION	Tacrine
SN-38	DRUG_COMBINATION	Triamterene
SN-38	DRUG_COMBINATION	Sorafenib
SN-38	DRUG_COMBINATION	Pramipexole
SN-38	DRUG_COMBINATION	Cerivastatin
SN-38	DRUG_COMBINATION	Imipramine
SN-38	DRUG_COMBINATION	Triflupromazine
SN-38	DRUG_COMBINATION	Mephenytoin
SN-38	DRUG_COMBINATION	Pentostatin
SN-38	DRUG_COMBINATION	Methoxsalen
SN-38	DRUG_COMBINATION	Cisatracurium
SN-38	DRUG_COMBINATION	Paromomycin
SN-38	DRUG_COMBINATION	Vorinostat
SN-38	DRUG_COMBINATION	Furazolidone
SN-38	DRUG_COMBINATION	Everolimus
SN-38	DRUG_COMBINATION	Hydroxychloroquine
SN-38	DRUG_COMBINATION	Pargyline
SN-38	DRUG_COMBINATION	Dyphylline
SN-38	DRUG_COMBINATION	Mecamylamine
SN-38	DRUG_COMBINATION	Metaxalone
SN-38	DRUG_COMBINATION	Epinephrine
SN-38	DRUG_COMBINATION	Galantamine
SN-38	DRUG_COMBINATION	Diethylcarbamazine
SN-38	DRUG_COMBINATION	Risperidone
SN-38	DRUG_COMBINATION	Pentamidine
SN-38	DRUG_COMBINATION	Zileuton
SN-38	DRUG_COMBINATION	Acyclovir
SN-38	DRUG_COMBINATION	Primidone
SN-38	DRUG_COMBINATION	Tacrolimus
SN-38	DRUG_COMBINATION	Isosorbide dinitrate
SN-38	DRUG_COMBINATION	Bumetanide
SN-38	DRUG_COMBINATION	Testolactone
SN-38	DRUG_COMBINATION	Repaglinide
SN-38	DRUG_COMBINATION	Phenprocoumon
SN-38	DRUG_COMBINATION	Fluspirilene
SN-38	DRUG_COMBINATION	Ethinylestradiol
SN-38	DRUG_COMBINATION	{4-[3-(4-acetyl-3-hydroxy-2-propylphenoxy)propoxy]phenoxy}acetic acid
SN-38	DRUG_COMBINATION	Silver sulfadiazine
SN-38	DRUG_COMBINATION	Aliskiren
SN-38	DRUG_COMBINATION	Armodafinil
SN-38	DRUG_COMBINATION	Brincidofovir
SN-38	DRUG_COMBINATION	Lumefantrine
SN-38	DRUG_COMBINATION	Carglumic acid
SN-38	DRUG_COMBINATION	10-hydroxycamptothecin
SN-38	DRUG_COMBINATION	Ribociclib
SN-38	DRUG_COMBINATION	K-134
SN-38	DRUG_COMBINATION	Benserazide
SN-38	DRUG_COMBINATION	BMS-754807
Telaprevir	DRUG_COMBINATION	Cyclosporine
Telaprevir	DRUG_COMBINATION	Tacrolimus
Pelitinib	DRUG_COMBINATION	Carfilzomib
Pelitinib	DRUG_COMBINATION	Trametinib
Pelitinib	DRUG_COMBINATION	Bortezomib
Pelitinib	DRUG_COMBINATION	Cladribine
Pelitinib	DRUG_COMBINATION	Mitomycin
Pelitinib	DRUG_COMBINATION	Decitabine
Pelitinib	DRUG_COMBINATION	Mitotane
Pelitinib	DRUG_COMBINATION	Nilutamide
Pelitinib	DRUG_COMBINATION	Pralatrexate
Pelitinib	DRUG_COMBINATION	Azathioprine
Pelitinib	DRUG_COMBINATION	Ispinesib
Pelitinib	DRUG_COMBINATION	AT-7519
Pelitinib	DRUG_COMBINATION	Temsirolimus
Pelitinib	DRUG_COMBINATION	Dinaciclib
Pelitinib	DRUG_COMBINATION	Panobinostat
Pelitinib	DRUG_COMBINATION	Navitoclax
Pelitinib	DRUG_COMBINATION	Buparlisib
Pelitinib	DRUG_COMBINATION	Paxalisib
Pelitinib	DRUG_COMBINATION	Omipalisib
Pelitinib	DRUG_COMBINATION	Daporinad
Pelitinib	DRUG_COMBINATION	Danusertib
Pelitinib	DRUG_COMBINATION	Sapanisertib
TG100-115	DRUG_COMBINATION	Piperaquine
TG100-115	DRUG_COMBINATION	Ruxolitinib
TG100-115	DRUG_COMBINATION	Idarubicin
TG100-115	DRUG_COMBINATION	Quinine
TG100-115	DRUG_COMBINATION	Pyronaridine
TG100-115	DRUG_COMBINATION	beta-Sitosterol
TG100-115	DRUG_COMBINATION	Marizomib
Motesanib	DRUG_COMBINATION	Panobinostat
Niflumic acid	DRUG_COMBINATION	Idarubicin
Trioxsalen	DRUG_COMBINATION	Ruxolitinib
Trioxsalen	DRUG_COMBINATION	Linagliptin
Trioxsalen	DRUG_COMBINATION	Diclofenamide
Trioxsalen	DRUG_COMBINATION	Bortezomib
Trioxsalen	DRUG_COMBINATION	Oseltamivir
Trioxsalen	DRUG_COMBINATION	Citalopram
Trioxsalen	DRUG_COMBINATION	Etonogestrel
Trioxsalen	DRUG_COMBINATION	Valproic acid
Trioxsalen	DRUG_COMBINATION	Gefitinib
Trioxsalen	DRUG_COMBINATION	Methylergometrine
Trioxsalen	DRUG_COMBINATION	Itraconazole
Trioxsalen	DRUG_COMBINATION	Idarubicin
Trioxsalen	DRUG_COMBINATION	Diphenidol
Trioxsalen	DRUG_COMBINATION	Sorafenib
Trioxsalen	DRUG_COMBINATION	Cerivastatin
Trioxsalen	DRUG_COMBINATION	Pentostatin
Trioxsalen	DRUG_COMBINATION	Methotrexate
Trioxsalen	DRUG_COMBINATION	Genistein
Trioxsalen	DRUG_COMBINATION	SN-38
Trioxsalen	DRUG_COMBINATION	Metyrosine
Trioxsalen	DRUG_COMBINATION	Acyclovir
Trioxsalen	DRUG_COMBINATION	Fluspirilene
Trioxsalen	DRUG_COMBINATION	Doxorubicin
Trioxsalen	DRUG_COMBINATION	Ciprofibrate
Trioxsalen	DRUG_COMBINATION	Rufinamide
Trioxsalen	DRUG_COMBINATION	Methylene blue
Trioxsalen	DRUG_COMBINATION	Panobinostat
Trioxsalen	DRUG_COMBINATION	Terameprocol
Thiotepa	DRUG_COMBINATION	Melphalan
Thiotepa	DRUG_COMBINATION	Fludarabine
Thiotepa	DRUG_COMBINATION	Carmustine
Estriol	DRUG_COMBINATION	Norethisterone
Estriol	DRUG_COMBINATION	Panobinostat
Aniracetam	DRUG_COMBINATION	Panobinostat
Cycloleucine	DRUG_COMBINATION	Paclitaxel
Cycloleucine	DRUG_COMBINATION	Irinotecan
Cycloleucine	DRUG_COMBINATION	Etoposide
Uridine	DRUG_COMBINATION	Idarubicin
Uridine	DRUG_COMBINATION	Panobinostat
Camptothecin	DRUG_COMBINATION	Ruxolitinib
Camptothecin	DRUG_COMBINATION	Panobinostat
Difluprednate	DRUG_COMBINATION	Nepafenac
Lanreotide	DRUG_COMBINATION	Cabozantinib
Mebutamate	DRUG_COMBINATION	Leflunomide
Mebutamate	DRUG_COMBINATION	Diazoxide
Mebutamate	DRUG_COMBINATION	Diclofenamide
Mebutamate	DRUG_COMBINATION	Oseltamivir
Mebutamate	DRUG_COMBINATION	Gefitinib
Mebutamate	DRUG_COMBINATION	Methylergometrine
Mebutamate	DRUG_COMBINATION	Kanamycin
Mebutamate	DRUG_COMBINATION	Fomepizole
Mebutamate	DRUG_COMBINATION	Diphenidol
Mebutamate	DRUG_COMBINATION	Docetaxel
Mebutamate	DRUG_COMBINATION	Tacrine
Mebutamate	DRUG_COMBINATION	Sorafenib
Mebutamate	DRUG_COMBINATION	Miglustat
Mebutamate	DRUG_COMBINATION	Imipramine
Mebutamate	DRUG_COMBINATION	Acitretin
Mebutamate	DRUG_COMBINATION	Buspirone
Mebutamate	DRUG_COMBINATION	Albendazole
Mebutamate	DRUG_COMBINATION	Bosentan
Mebutamate	DRUG_COMBINATION	Vorinostat
Mebutamate	DRUG_COMBINATION	Furazolidone
Mebutamate	DRUG_COMBINATION	Imatinib
Mebutamate	DRUG_COMBINATION	Genistein
Mebutamate	DRUG_COMBINATION	Trazodone
Mebutamate	DRUG_COMBINATION	Trimethobenzamide
Mebutamate	DRUG_COMBINATION	Epinephrine
Mebutamate	DRUG_COMBINATION	Aprepitant
Mebutamate	DRUG_COMBINATION	Galantamine
Mebutamate	DRUG_COMBINATION	Moricizine
Mebutamate	DRUG_COMBINATION	Pentamidine
Mebutamate	DRUG_COMBINATION	SN-38
Mebutamate	DRUG_COMBINATION	Loperamide
Mebutamate	DRUG_COMBINATION	Tinidazole
Mebutamate	DRUG_COMBINATION	Fluspirilene
Mebutamate	DRUG_COMBINATION	Cytarabine
Mebutamate	DRUG_COMBINATION	Doxorubicin
Mebutamate	DRUG_COMBINATION	Cinacalcet
Mebutamate	DRUG_COMBINATION	Pizotifen
Mebutamate	DRUG_COMBINATION	Mardepodect
Mebutamate	DRUG_COMBINATION	Anamorelin
Mebutamate	DRUG_COMBINATION	Brincidofovir
Mebutamate	DRUG_COMBINATION	Ginkgolide A
Mebutamate	DRUG_COMBINATION	Terameprocol
Mebutamate	DRUG_COMBINATION	Artemisinin
Mebutamate	DRUG_COMBINATION	Modufolin
Nepafenac	DRUG_COMBINATION	Idarubicin
Niclosamide	DRUG_COMBINATION	Linagliptin
Niclosamide	DRUG_COMBINATION	Guanfacine
Niclosamide	DRUG_COMBINATION	Leflunomide
Niclosamide	DRUG_COMBINATION	Sertraline
Niclosamide	DRUG_COMBINATION	Diazoxide
Niclosamide	DRUG_COMBINATION	Aminosalicylic acid
Niclosamide	DRUG_COMBINATION	Etomidate
Niclosamide	DRUG_COMBINATION	Ibutilide
Niclosamide	DRUG_COMBINATION	Valproic acid
Niclosamide	DRUG_COMBINATION	Gefitinib
Niclosamide	DRUG_COMBINATION	Chlorzoxazone
Niclosamide	DRUG_COMBINATION	Idarubicin
Niclosamide	DRUG_COMBINATION	Fomepizole
Niclosamide	DRUG_COMBINATION	Tacrine
Niclosamide	DRUG_COMBINATION	Miglustat
Niclosamide	DRUG_COMBINATION	Spironolactone
Niclosamide	DRUG_COMBINATION	Acitretin
Niclosamide	DRUG_COMBINATION	Enoxacin
Niclosamide	DRUG_COMBINATION	Quinine
Niclosamide	DRUG_COMBINATION	Doxapram
Niclosamide	DRUG_COMBINATION	Vorinostat
Niclosamide	DRUG_COMBINATION	Fenoprofen
Niclosamide	DRUG_COMBINATION	Cilastatin
Niclosamide	DRUG_COMBINATION	Pargyline
Niclosamide	DRUG_COMBINATION	Dexmedetomidine
Niclosamide	DRUG_COMBINATION	Acamprosate
Niclosamide	DRUG_COMBINATION	Diethylcarbamazine
Niclosamide	DRUG_COMBINATION	SN-38
Niclosamide	DRUG_COMBINATION	Raltegravir
Niclosamide	DRUG_COMBINATION	Testolactone
Niclosamide	DRUG_COMBINATION	Tinidazole
Niclosamide	DRUG_COMBINATION	Amantadine
Niclosamide	DRUG_COMBINATION	Maprotiline
Niclosamide	DRUG_COMBINATION	Meclofenamic acid
Niclosamide	DRUG_COMBINATION	Ramelteon
Niclosamide	DRUG_COMBINATION	Eflornithine
Niclosamide	DRUG_COMBINATION	Panobinostat
Niclosamide	DRUG_COMBINATION	Carglumic acid
Niclosamide	DRUG_COMBINATION	10-hydroxycamptothecin
Niclosamide	DRUG_COMBINATION	Clascoterone
Niclosamide	DRUG_COMBINATION	Modufolin
Piperacetazine	DRUG_COMBINATION	Colchicine
Piperacetazine	DRUG_COMBINATION	Lurbinectedin
Plerixafor	DRUG_COMBINATION	Bortezomib
Plerixafor	DRUG_COMBINATION	Decitabine
Plerixafor	DRUG_COMBINATION	Clofarabine
Plerixafor	DRUG_COMBINATION	Etoposide
Plerixafor	DRUG_COMBINATION	Temozolomide
Plerixafor	DRUG_COMBINATION	Azacitidine
Plicamycin	DRUG_COMBINATION	Ruxolitinib
Plicamycin	DRUG_COMBINATION	Formestane
Plicamycin	DRUG_COMBINATION	Pomalidomide
Plicamycin	DRUG_COMBINATION	Quinacrine
Plicamycin	DRUG_COMBINATION	Bortezomib
Plicamycin	DRUG_COMBINATION	Bleomycin
Plicamycin	DRUG_COMBINATION	Chlorambucil
Plicamycin	DRUG_COMBINATION	Mitomycin
Plicamycin	DRUG_COMBINATION	Ifosfamide
Plicamycin	DRUG_COMBINATION	Valrubicin
Plicamycin	DRUG_COMBINATION	Raloxifene
Plicamycin	DRUG_COMBINATION	Altretamine
Plicamycin	DRUG_COMBINATION	Cisplatin
Plicamycin	DRUG_COMBINATION	Cyclophosphamide
Plicamycin	DRUG_COMBINATION	Pentostatin
Plicamycin	DRUG_COMBINATION	Methotrexate
Plicamycin	DRUG_COMBINATION	Dyphylline
Plicamycin	DRUG_COMBINATION	Pralatrexate
Plicamycin	DRUG_COMBINATION	Sirolimus
Plicamycin	DRUG_COMBINATION	Fulvestrant
Plicamycin	DRUG_COMBINATION	Isoniazid
Plicamycin	DRUG_COMBINATION	Ixabepilone
Plicamycin	DRUG_COMBINATION	Nilotinib
Plicamycin	DRUG_COMBINATION	Elacridar
Plicamycin	DRUG_COMBINATION	Dactinomycin
Plicamycin	DRUG_COMBINATION	Busulfan
Plicamycin	DRUG_COMBINATION	Triapine
Pralatrexate	DRUG_COMBINATION	Pomalidomide
Pralatrexate	DRUG_COMBINATION	Quinacrine
Pralatrexate	DRUG_COMBINATION	Bortezomib
Pralatrexate	DRUG_COMBINATION	Chlorambucil
Pralatrexate	DRUG_COMBINATION	Mitomycin
Pralatrexate	DRUG_COMBINATION	Ifosfamide
Pralatrexate	DRUG_COMBINATION	Docetaxel
Pralatrexate	DRUG_COMBINATION	Altretamine
Pralatrexate	DRUG_COMBINATION	Cisplatin
Pralatrexate	DRUG_COMBINATION	Cyclophosphamide
Pralatrexate	DRUG_COMBINATION	Pentostatin
Pralatrexate	DRUG_COMBINATION	Methotrexate
Pralatrexate	DRUG_COMBINATION	Dyphylline
Pralatrexate	DRUG_COMBINATION	Isoniazid
Pralatrexate	DRUG_COMBINATION	Ixabepilone
Pralatrexate	DRUG_COMBINATION	Dactinomycin
Pralatrexate	DRUG_COMBINATION	Busulfan
Pralatrexate	DRUG_COMBINATION	Romidepsin
Pralatrexate	DRUG_COMBINATION	Ibrutinib
Pralatrexate	DRUG_COMBINATION	Levoleucovorin
Raltegravir	DRUG_COMBINATION	Abacavir
Raltegravir	DRUG_COMBINATION	Leflunomide
Raltegravir	DRUG_COMBINATION	Chlorambucil
Raltegravir	DRUG_COMBINATION	Idarubicin
Raltegravir	DRUG_COMBINATION	Fomepizole
Raltegravir	DRUG_COMBINATION	Dantrolene
Raltegravir	DRUG_COMBINATION	Allopurinol
Raltegravir	DRUG_COMBINATION	Acetohydroxamic acid
Raltegravir	DRUG_COMBINATION	Fenoprofen
Raltegravir	DRUG_COMBINATION	Azatadine
Raltegravir	DRUG_COMBINATION	Risperidone
Raltegravir	DRUG_COMBINATION	SN-38
Raltegravir	DRUG_COMBINATION	Cytarabine
Raltegravir	DRUG_COMBINATION	Doxorubicin
Raltegravir	DRUG_COMBINATION	Methylene blue
Raltegravir	DRUG_COMBINATION	Triapine
Raltegravir	DRUG_COMBINATION	Artemisinin
Sulfameter	DRUG_COMBINATION	Ruxolitinib
MKC-1	DRUG_COMBINATION	Pemetrexed
MKC-1	DRUG_COMBINATION	Panobinostat
Apilimod	DRUG_COMBINATION	Ruxolitinib
Apilimod	DRUG_COMBINATION	Piperacetazine
Apilimod	DRUG_COMBINATION	GDC-0810
Irinotecan	DRUG_COMBINATION	Cyclosporine
Irinotecan	DRUG_COMBINATION	Capecitabine
Irinotecan	DRUG_COMBINATION	Carmustine
Irinotecan	DRUG_COMBINATION	Raltitrexed
Irinotecan	DRUG_COMBINATION	7-Hydroxystaurosporine
Irinotecan	DRUG_COMBINATION	Temsirolimus
Irinotecan	DRUG_COMBINATION	RRx-001
Irinotecan	DRUG_COMBINATION	Panobinostat
Irinotecan	DRUG_COMBINATION	Marizomib
Irinotecan	DRUG_COMBINATION	Berzosertib
Methimazole	DRUG_COMBINATION	Liothyronine
Methimazole	DRUG_COMBINATION	Propylthiouracil
Methimazole	DRUG_COMBINATION	Propranolol
Methimazole	DRUG_COMBINATION	Mycophenolate mofetil
Mometasone	DRUG_COMBINATION	Montelukast
Mometasone	DRUG_COMBINATION	Azelastine
Mometasone	DRUG_COMBINATION	Esketamine
Metyrosine	DRUG_COMBINATION	Memantine
Metyrosine	DRUG_COMBINATION	Novobiocin
Metyrosine	DRUG_COMBINATION	Isoprenaline
Metyrosine	DRUG_COMBINATION	Iloprost
Metyrosine	DRUG_COMBINATION	Leflunomide
Metyrosine	DRUG_COMBINATION	Sertraline
Metyrosine	DRUG_COMBINATION	Citalopram
Metyrosine	DRUG_COMBINATION	Crotamiton
Metyrosine	DRUG_COMBINATION	Pamidronic acid
Metyrosine	DRUG_COMBINATION	Valproic acid
Metyrosine	DRUG_COMBINATION	Mefloquine
Metyrosine	DRUG_COMBINATION	Terazosin
Metyrosine	DRUG_COMBINATION	Cilostazol
Metyrosine	DRUG_COMBINATION	Procarbazine
Metyrosine	DRUG_COMBINATION	Clindamycin
Metyrosine	DRUG_COMBINATION	Estramustine
Metyrosine	DRUG_COMBINATION	Docetaxel
Metyrosine	DRUG_COMBINATION	Sunitinib
Metyrosine	DRUG_COMBINATION	Triamterene
Metyrosine	DRUG_COMBINATION	Sorafenib
Metyrosine	DRUG_COMBINATION	Spironolactone
Metyrosine	DRUG_COMBINATION	Methocarbamol
Metyrosine	DRUG_COMBINATION	Imipramine
Metyrosine	DRUG_COMBINATION	Acitretin
Metyrosine	DRUG_COMBINATION	Nabilone
Metyrosine	DRUG_COMBINATION	Buspirone
Metyrosine	DRUG_COMBINATION	Entacapone
Metyrosine	DRUG_COMBINATION	Triflupromazine
Metyrosine	DRUG_COMBINATION	Mephenytoin
Metyrosine	DRUG_COMBINATION	Acetohydroxamic acid
Metyrosine	DRUG_COMBINATION	Doxapram
Metyrosine	DRUG_COMBINATION	Furazolidone
Metyrosine	DRUG_COMBINATION	Efavirenz
Metyrosine	DRUG_COMBINATION	Cilastatin
Metyrosine	DRUG_COMBINATION	Hydroxychloroquine
Metyrosine	DRUG_COMBINATION	Pargyline
Metyrosine	DRUG_COMBINATION	Mebendazole
Metyrosine	DRUG_COMBINATION	Trazodone
Metyrosine	DRUG_COMBINATION	Acamprosate
Metyrosine	DRUG_COMBINATION	Metaxalone
Metyrosine	DRUG_COMBINATION	Trimethobenzamide
Metyrosine	DRUG_COMBINATION	Epinephrine
Metyrosine	DRUG_COMBINATION	Sumatriptan
Metyrosine	DRUG_COMBINATION	Diethylcarbamazine
Metyrosine	DRUG_COMBINATION	Azatadine
Metyrosine	DRUG_COMBINATION	Pentamidine
Metyrosine	DRUG_COMBINATION	Clopidogrel
Metyrosine	DRUG_COMBINATION	Tolazoline
Metyrosine	DRUG_COMBINATION	Trifluoperazine
Metyrosine	DRUG_COMBINATION	Chlorphenesin
Metyrosine	DRUG_COMBINATION	Isosorbide dinitrate
Metyrosine	DRUG_COMBINATION	Sulfapyridine
Metyrosine	DRUG_COMBINATION	Tinidazole
Metyrosine	DRUG_COMBINATION	Repaglinide
Metyrosine	DRUG_COMBINATION	Amantadine
Metyrosine	DRUG_COMBINATION	Maprotiline
Metyrosine	DRUG_COMBINATION	Fluspirilene
Metyrosine	DRUG_COMBINATION	Picoplatin
Metyrosine	DRUG_COMBINATION	Dactinomycin
Metyrosine	DRUG_COMBINATION	Cytarabine
Metyrosine	DRUG_COMBINATION	Pizotifen
Metyrosine	DRUG_COMBINATION	Lacosamide
Metyrosine	DRUG_COMBINATION	Eflornithine
Metyrosine	DRUG_COMBINATION	Methylene blue
Metyrosine	DRUG_COMBINATION	Mardepodect
Metyrosine	DRUG_COMBINATION	Terameprocol
Metyrosine	DRUG_COMBINATION	K-134
Metyrosine	DRUG_COMBINATION	Sivelestat
Clavulanic acid	DRUG_COMBINATION	Amoxicillin
Alprostadil	DRUG_COMBINATION	Marizomib
Etoposide	DRUG_COMBINATION	Melphalan
Etoposide	DRUG_COMBINATION	Bortezomib
Etoposide	DRUG_COMBINATION	Carmustine
Etoposide	DRUG_COMBINATION	Idarubicin
Etoposide	DRUG_COMBINATION	Mitoxantrone
Etoposide	DRUG_COMBINATION	Dasatinib
Etoposide	DRUG_COMBINATION	Lapatinib
Etoposide	DRUG_COMBINATION	Sunitinib
Etoposide	DRUG_COMBINATION	Sorafenib
Etoposide	DRUG_COMBINATION	Erlotinib
Etoposide	DRUG_COMBINATION	Vorinostat
Etoposide	DRUG_COMBINATION	Nicotinamide
Etoposide	DRUG_COMBINATION	Daunorubicin
Etoposide	DRUG_COMBINATION	Temozolomide
Etoposide	DRUG_COMBINATION	Tipifarnib
Etoposide	DRUG_COMBINATION	Cytarabine
Etoposide	DRUG_COMBINATION	Doxorubicin
Etoposide	DRUG_COMBINATION	Busulfan
Etoposide	DRUG_COMBINATION	Mirdametinib
Etoposide	DRUG_COMBINATION	Romidepsin
Etoposide	DRUG_COMBINATION	Ibrutinib
Etoposide	DRUG_COMBINATION	Ridaforolimus
Etoposide	DRUG_COMBINATION	Eflornithine
Etoposide	DRUG_COMBINATION	AT-7519
Etoposide	DRUG_COMBINATION	MK-8776
Etoposide	DRUG_COMBINATION	Dinaciclib
Etoposide	DRUG_COMBINATION	Panobinostat
Etoposide	DRUG_COMBINATION	Dactolisib
Etoposide	DRUG_COMBINATION	Tetrahydrouridine
Etoposide	DRUG_COMBINATION	Adavosertib
Etoposide	DRUG_COMBINATION	AEE-788
Etoposide	DRUG_COMBINATION	Paxalisib
Etoposide	DRUG_COMBINATION	Molibresib
Etoposide	DRUG_COMBINATION	Niraparib
Etoposide	DRUG_COMBINATION	MK-2206
Oxcarbazepine	DRUG_COMBINATION	Lamotrigine
Oxcarbazepine	DRUG_COMBINATION	Eslicarbazepine acetate
Roxithromycin	DRUG_COMBINATION	Ruxolitinib
Roxithromycin	DRUG_COMBINATION	Idarubicin
Phenelzine	DRUG_COMBINATION	Ruxolitinib
Estradiol	DRUG_COMBINATION	Naproxen
Mefenamic acid	DRUG_COMBINATION	Acetaminophen
Marimastat	DRUG_COMBINATION	CA4P
Marimastat	DRUG_COMBINATION	Panobinostat
Marimastat	DRUG_COMBINATION	E-7820
Marimastat	DRUG_COMBINATION	BMS-754807
Acyclovir	DRUG_COMBINATION	Leflunomide
Acyclovir	DRUG_COMBINATION	Sulfinpyrazone
Acyclovir	DRUG_COMBINATION	Cefmenoxime
Acyclovir	DRUG_COMBINATION	Methylergometrine
Acyclovir	DRUG_COMBINATION	Idarubicin
Acyclovir	DRUG_COMBINATION	Dantrolene
Acyclovir	DRUG_COMBINATION	Docetaxel
Acyclovir	DRUG_COMBINATION	Tacrine
Acyclovir	DRUG_COMBINATION	Triflupromazine
Acyclovir	DRUG_COMBINATION	Mephenytoin
Acyclovir	DRUG_COMBINATION	Vinblastine
Acyclovir	DRUG_COMBINATION	Pargyline
Acyclovir	DRUG_COMBINATION	Trazodone
Acyclovir	DRUG_COMBINATION	Mecamylamine
Acyclovir	DRUG_COMBINATION	Trimethobenzamide
Acyclovir	DRUG_COMBINATION	Naltrexone
Acyclovir	DRUG_COMBINATION	Diethylcarbamazine
Acyclovir	DRUG_COMBINATION	Pentamidine
Acyclovir	DRUG_COMBINATION	Metyrosine
Acyclovir	DRUG_COMBINATION	Isosorbide dinitrate
Acyclovir	DRUG_COMBINATION	Testolactone
Acyclovir	DRUG_COMBINATION	Ezetimibe
Acyclovir	DRUG_COMBINATION	Silver sulfadiazine
Acyclovir	DRUG_COMBINATION	Mardepodect
Acyclovir	DRUG_COMBINATION	Brincidofovir
Uracil mustard	DRUG_COMBINATION	Vemurafenib
Uracil mustard	DRUG_COMBINATION	Pomalidomide
Uracil mustard	DRUG_COMBINATION	Topotecan
Uracil mustard	DRUG_COMBINATION	Fludarabine
Uracil mustard	DRUG_COMBINATION	Quinacrine
Uracil mustard	DRUG_COMBINATION	Bortezomib
Uracil mustard	DRUG_COMBINATION	Bleomycin
Uracil mustard	DRUG_COMBINATION	Chlorambucil
Uracil mustard	DRUG_COMBINATION	Mitomycin
Uracil mustard	DRUG_COMBINATION	Tioguanine
Uracil mustard	DRUG_COMBINATION	Idarubicin
Uracil mustard	DRUG_COMBINATION	Ifosfamide
Uracil mustard	DRUG_COMBINATION	Estramustine
Uracil mustard	DRUG_COMBINATION	Paclitaxel
Uracil mustard	DRUG_COMBINATION	Docetaxel
Uracil mustard	DRUG_COMBINATION	Dasatinib
Uracil mustard	DRUG_COMBINATION	Lapatinib
Uracil mustard	DRUG_COMBINATION	Sunitinib
Uracil mustard	DRUG_COMBINATION	Sorafenib
Uracil mustard	DRUG_COMBINATION	Raloxifene
Uracil mustard	DRUG_COMBINATION	Celecoxib
Uracil mustard	DRUG_COMBINATION	Altretamine
Uracil mustard	DRUG_COMBINATION	Cyclophosphamide
Uracil mustard	DRUG_COMBINATION	Methotrexate
Uracil mustard	DRUG_COMBINATION	Imatinib
Uracil mustard	DRUG_COMBINATION	Plicamycin
Uracil mustard	DRUG_COMBINATION	Pralatrexate
Uracil mustard	DRUG_COMBINATION	Dacarbazine
Uracil mustard	DRUG_COMBINATION	Sirolimus
Uracil mustard	DRUG_COMBINATION	Mechlorethamine
Uracil mustard	DRUG_COMBINATION	Isoniazid
Uracil mustard	DRUG_COMBINATION	Ixabepilone
Uracil mustard	DRUG_COMBINATION	Nilotinib
Uracil mustard	DRUG_COMBINATION	Picoplatin
Uracil mustard	DRUG_COMBINATION	Tamibarotene
Uracil mustard	DRUG_COMBINATION	Dactinomycin
Uracil mustard	DRUG_COMBINATION	Busulfan
Uracil mustard	DRUG_COMBINATION	Romidepsin
Uracil mustard	DRUG_COMBINATION	Triapine
Uracil mustard	DRUG_COMBINATION	Dinaciclib
Uracil mustard	DRUG_COMBINATION	Terameprocol
Uracil mustard	DRUG_COMBINATION	Crizotinib
Uracil mustard	DRUG_COMBINATION	Liarozole
Uracil mustard	DRUG_COMBINATION	10-hydroxycamptothecin
Uracil mustard	DRUG_COMBINATION	Modufolin
Primidone	DRUG_COMBINATION	Bortezomib
Primidone	DRUG_COMBINATION	Oseltamivir
Primidone	DRUG_COMBINATION	Kanamycin
Primidone	DRUG_COMBINATION	Idarubicin
Primidone	DRUG_COMBINATION	Sunitinib
Primidone	DRUG_COMBINATION	Palonosetron
Primidone	DRUG_COMBINATION	Cerivastatin
Primidone	DRUG_COMBINATION	Acetohydroxamic acid
Primidone	DRUG_COMBINATION	Imatinib
Primidone	DRUG_COMBINATION	Genistein
Primidone	DRUG_COMBINATION	Metaxalone
Primidone	DRUG_COMBINATION	Amantadine
Primidone	DRUG_COMBINATION	Fluspirilene
Primidone	DRUG_COMBINATION	Doxorubicin
Primidone	DRUG_COMBINATION	Ginkgolide A
Primidone	DRUG_COMBINATION	Terameprocol
Tolazoline	DRUG_COMBINATION	Diazoxide
Tolazoline	DRUG_COMBINATION	Citalopram
Tolazoline	DRUG_COMBINATION	Crotamiton
Tolazoline	DRUG_COMBINATION	Theophylline
Tolazoline	DRUG_COMBINATION	Gefitinib
Tolazoline	DRUG_COMBINATION	Nitisinone
Tolazoline	DRUG_COMBINATION	Chlorzoxazone
Tolazoline	DRUG_COMBINATION	Mefloquine
Tolazoline	DRUG_COMBINATION	Itraconazole
Tolazoline	DRUG_COMBINATION	Idarubicin
Tolazoline	DRUG_COMBINATION	Estramustine
Tolazoline	DRUG_COMBINATION	Docetaxel
Tolazoline	DRUG_COMBINATION	Sunitinib
Tolazoline	DRUG_COMBINATION	Hydralazine
Tolazoline	DRUG_COMBINATION	Tacrine
Tolazoline	DRUG_COMBINATION	Allopurinol
Tolazoline	DRUG_COMBINATION	Cerivastatin
Tolazoline	DRUG_COMBINATION	Acitretin
Tolazoline	DRUG_COMBINATION	Acetohydroxamic acid
Tolazoline	DRUG_COMBINATION	Vorinostat
Tolazoline	DRUG_COMBINATION	Vinblastine
Tolazoline	DRUG_COMBINATION	Imatinib
Tolazoline	DRUG_COMBINATION	Everolimus
Tolazoline	DRUG_COMBINATION	Genistein
Tolazoline	DRUG_COMBINATION	Oxyphenbutazone
Tolazoline	DRUG_COMBINATION	Trimethobenzamide
Tolazoline	DRUG_COMBINATION	Epinephrine
Tolazoline	DRUG_COMBINATION	Sumatriptan
Tolazoline	DRUG_COMBINATION	Diethylcarbamazine
Tolazoline	DRUG_COMBINATION	SN-38
Tolazoline	DRUG_COMBINATION	Metyrosine
Tolazoline	DRUG_COMBINATION	Sulfapyridine
Tolazoline	DRUG_COMBINATION	Tiagabine
Tolazoline	DRUG_COMBINATION	Maprotiline
Tolazoline	DRUG_COMBINATION	Ethinylestradiol
Tolazoline	DRUG_COMBINATION	Cytarabine
Tolazoline	DRUG_COMBINATION	Doxorubicin
Tolazoline	DRUG_COMBINATION	Pizotifen
Tolazoline	DRUG_COMBINATION	Armodafinil
Tolazoline	DRUG_COMBINATION	Mardepodect
Tolazoline	DRUG_COMBINATION	Triapine
Tolazoline	DRUG_COMBINATION	Brincidofovir
Tazarotene	DRUG_COMBINATION	Ruxolitinib
Tazarotene	DRUG_COMBINATION	Idarubicin
Fenoldopam	DRUG_COMBINATION	Acetylcysteine
Alfentanil	DRUG_COMBINATION	Midazolam
Pentoxifylline	DRUG_COMBINATION	Colchicine
Proparacaine	DRUG_COMBINATION	Pilocarpine
Proparacaine	DRUG_COMBINATION	Ropivacaine
Proparacaine	DRUG_COMBINATION	Acetaminophen
Proparacaine	DRUG_COMBINATION	Artemisinin
Tropicamide	DRUG_COMBINATION	Phenylephrine
Tropicamide	DRUG_COMBINATION	Brimonidine
Tropicamide	DRUG_COMBINATION	Proparacaine
Tropicamide	DRUG_COMBINATION	Tropicamide
Biperiden	DRUG_COMBINATION	Piperaquine
Biperiden	DRUG_COMBINATION	Ruxolitinib
Biperiden	DRUG_COMBINATION	Caffeine
Biperiden	DRUG_COMBINATION	Mefloquine
Biperiden	DRUG_COMBINATION	Clindamycin
Biperiden	DRUG_COMBINATION	Quinine
Biperiden	DRUG_COMBINATION	Chloroquine
Biperiden	DRUG_COMBINATION	Panobinostat
Biperiden	DRUG_COMBINATION	Pyronaridine
Biperiden	DRUG_COMBINATION	Lumefantrine
Ribavirin	DRUG_COMBINATION	Lopinavir
Fentanyl	DRUG_COMBINATION	Lidocaine
Fentanyl	DRUG_COMBINATION	Etomidate
Fentanyl	DRUG_COMBINATION	Morphine
Fentanyl	DRUG_COMBINATION	Ropivacaine
Fentanyl	DRUG_COMBINATION	Acetaminophen
Fentanyl	DRUG_COMBINATION	Hydromorphone
Fentanyl	DRUG_COMBINATION	Chloroprocaine
Fentanyl	DRUG_COMBINATION	Meperidine
Fentanyl	DRUG_COMBINATION	Ketorolac
Fentanyl	DRUG_COMBINATION	Oxycodone
Fentanyl	DRUG_COMBINATION	Labetalol
Fentanyl	DRUG_COMBINATION	Midazolam
Fentanyl	DRUG_COMBINATION	Naltrexone
Fentanyl	DRUG_COMBINATION	Flurbiprofen
Fentanyl	DRUG_COMBINATION	Isoflurane
Fentanyl	DRUG_COMBINATION	Propofol
Fentanyl	DRUG_COMBINATION	Remifentanil
Fentanyl	DRUG_COMBINATION	Acetylsalicylic acid
Fentanyl	DRUG_COMBINATION	Ticagrelor
Fentanyl	DRUG_COMBINATION	Remimazolam
Meloxicam	DRUG_COMBINATION	Idarubicin
Propofol	DRUG_COMBINATION	Etomidate
Propofol	DRUG_COMBINATION	Sevoflurane
Propofol	DRUG_COMBINATION	Meperidine
Propofol	DRUG_COMBINATION	Magnesium sulfate
Propofol	DRUG_COMBINATION	Midazolam
Propofol	DRUG_COMBINATION	Sufentanil
Propofol	DRUG_COMBINATION	Rocuronium
Propofol	DRUG_COMBINATION	Alfentanil
Propofol	DRUG_COMBINATION	Remifentanil
Propofol	DRUG_COMBINATION	Esketamine
Acetazolamide	DRUG_COMBINATION	Guanfacine
Acetazolamide	DRUG_COMBINATION	Leflunomide
Acetazolamide	DRUG_COMBINATION	Sertraline
Acetazolamide	DRUG_COMBINATION	Diazoxide
Acetazolamide	DRUG_COMBINATION	Gefitinib
Acetazolamide	DRUG_COMBINATION	Chlorzoxazone
Acetazolamide	DRUG_COMBINATION	Mefloquine
Acetazolamide	DRUG_COMBINATION	Idarubicin
Acetazolamide	DRUG_COMBINATION	Dantrolene
Acetazolamide	DRUG_COMBINATION	Darunavir
Acetazolamide	DRUG_COMBINATION	Nimodipine
Acetazolamide	DRUG_COMBINATION	Enoxacin
Acetazolamide	DRUG_COMBINATION	Buspirone
Acetazolamide	DRUG_COMBINATION	Bosentan
Acetazolamide	DRUG_COMBINATION	Vorinostat
Acetazolamide	DRUG_COMBINATION	Vinblastine
Acetazolamide	DRUG_COMBINATION	Imatinib
Acetazolamide	DRUG_COMBINATION	Everolimus
Acetazolamide	DRUG_COMBINATION	Genistein
Acetazolamide	DRUG_COMBINATION	Epinephrine
Acetazolamide	DRUG_COMBINATION	Moricizine
Acetazolamide	DRUG_COMBINATION	Raltegravir
Acetazolamide	DRUG_COMBINATION	Metyrosine
Acetazolamide	DRUG_COMBINATION	Tolazoline
Acetazolamide	DRUG_COMBINATION	Temozolomide
Acetazolamide	DRUG_COMBINATION	Famotidine
Acetazolamide	DRUG_COMBINATION	Ramelteon
Acetazolamide	DRUG_COMBINATION	Cytarabine
Acetazolamide	DRUG_COMBINATION	Doxorubicin
Acetazolamide	DRUG_COMBINATION	Hydroxyurea
Acetazolamide	DRUG_COMBINATION	Acetylcysteine
Acetazolamide	DRUG_COMBINATION	Rufinamide
Acetazolamide	DRUG_COMBINATION	Triapine
Acetazolamide	DRUG_COMBINATION	Brincidofovir
Acetazolamide	DRUG_COMBINATION	Modufolin
Tadalafil	DRUG_COMBINATION	Mirabegron
Tadalafil	DRUG_COMBINATION	Dutasteride
Tadalafil	DRUG_COMBINATION	Idarubicin
Tadalafil	DRUG_COMBINATION	Finasteride
Tadalafil	DRUG_COMBINATION	Dapoxetine
Tadalafil	DRUG_COMBINATION	Hydroxyurea
Tadalafil	DRUG_COMBINATION	Macitentan
Tadalafil	DRUG_COMBINATION	Sitaxentan
Disulfiram	DRUG_COMBINATION	Perampanel
Disulfiram	DRUG_COMBINATION	Methadone
Disulfiram	DRUG_COMBINATION	Idarubicin
Disulfiram	DRUG_COMBINATION	Lomustine
Disulfiram	DRUG_COMBINATION	Naltrexone
Disulfiram	DRUG_COMBINATION	Temozolomide
Disulfiram	DRUG_COMBINATION	Osimertinib
Fosmidomycin	DRUG_COMBINATION	Azithromycin
Patupilone	DRUG_COMBINATION	Docetaxel
Patupilone	DRUG_COMBINATION	Omacetaxine mepesuccinate
Licofelone	DRUG_COMBINATION	Ruxolitinib
Bifonazole	DRUG_COMBINATION	Urea
Metamizole	DRUG_COMBINATION	Acetaminophen
Metamizole	DRUG_COMBINATION	Codeine
Niraxostat	DRUG_COMBINATION	Mitomycin
Batimastat	DRUG_COMBINATION	Panobinostat
Epothilone D	DRUG_COMBINATION	Ruxolitinib
Epothilone D	DRUG_COMBINATION	Idarubicin
Epothilone D	DRUG_COMBINATION	Decitabine
Epothilone D	DRUG_COMBINATION	Everolimus
Epothilone D	DRUG_COMBINATION	AT-7519
Epothilone D	DRUG_COMBINATION	Buparlisib
Epothilone D	DRUG_COMBINATION	Adavosertib
Epothilone D	DRUG_COMBINATION	Eltanexor
3,4-Dihydroxycinnamic Acid	DRUG_COMBINATION	Idarubicin
Natamycin	DRUG_COMBINATION	Idarubicin
Fosfomycin	DRUG_COMBINATION	Pomalidomide
Fosfomycin	DRUG_COMBINATION	Abacavir
Fosfomycin	DRUG_COMBINATION	Pamidronic acid
Fosfomycin	DRUG_COMBINATION	Gefitinib
Fosfomycin	DRUG_COMBINATION	Mefloquine
Fosfomycin	DRUG_COMBINATION	Estramustine
Fosfomycin	DRUG_COMBINATION	Dantrolene
Fosfomycin	DRUG_COMBINATION	Docetaxel
Fosfomycin	DRUG_COMBINATION	Tacrine
Fosfomycin	DRUG_COMBINATION	Quinine
Fosfomycin	DRUG_COMBINATION	Amodiaquine
Fosfomycin	DRUG_COMBINATION	Hydroxychloroquine
Fosfomycin	DRUG_COMBINATION	Genistein
Fosfomycin	DRUG_COMBINATION	Trazodone
Fosfomycin	DRUG_COMBINATION	Galantamine
Fosfomycin	DRUG_COMBINATION	SN-38
Fosfomycin	DRUG_COMBINATION	Mebutamate
Fosfomycin	DRUG_COMBINATION	Metyrosine
Fosfomycin	DRUG_COMBINATION	Primidone
Fosfomycin	DRUG_COMBINATION	Phensuximide
Fosfomycin	DRUG_COMBINATION	Busulfan
Fosfomycin	DRUG_COMBINATION	Ciprofibrate
Fosfomycin	DRUG_COMBINATION	Brincidofovir
Diazepam	DRUG_COMBINATION	Baclofen
Diazepam	DRUG_COMBINATION	Lidocaine
Diazepam	DRUG_COMBINATION	Meperidine
Diazepam	DRUG_COMBINATION	Cinnarizine
Diazepam	DRUG_COMBINATION	Midazolam
Diazepam	DRUG_COMBINATION	Naproxen
Diazepam	DRUG_COMBINATION	Ondansetron
Trifluoperazine	DRUG_COMBINATION	Leflunomide
Trifluoperazine	DRUG_COMBINATION	Sertraline
Trifluoperazine	DRUG_COMBINATION	Sulfinpyrazone
Trifluoperazine	DRUG_COMBINATION	Citalopram
Trifluoperazine	DRUG_COMBINATION	Chlorzoxazone
Trifluoperazine	DRUG_COMBINATION	Mefloquine
Trifluoperazine	DRUG_COMBINATION	Itraconazole
Trifluoperazine	DRUG_COMBINATION	Cerivastatin
Trifluoperazine	DRUG_COMBINATION	Cisatracurium
Trifluoperazine	DRUG_COMBINATION	Vorinostat
Trifluoperazine	DRUG_COMBINATION	Efavirenz
Trifluoperazine	DRUG_COMBINATION	Oxyphenbutazone
Trifluoperazine	DRUG_COMBINATION	SN-38
Trifluoperazine	DRUG_COMBINATION	Tiagabine
Trifluoperazine	DRUG_COMBINATION	Maprotiline
Trifluoperazine	DRUG_COMBINATION	Doxorubicin
Trifluoperazine	DRUG_COMBINATION	Methylene blue
Trifluoperazine	DRUG_COMBINATION	Dinaciclib
Trifluoperazine	DRUG_COMBINATION	Panobinostat
Trifluoperazine	DRUG_COMBINATION	Brincidofovir
Trifluoperazine	DRUG_COMBINATION	Emetine
Phensuximide	DRUG_COMBINATION	Probenecid
Phensuximide	DRUG_COMBINATION	Leflunomide
Phensuximide	DRUG_COMBINATION	Sertraline
Phensuximide	DRUG_COMBINATION	Gefitinib
Phensuximide	DRUG_COMBINATION	Dihydroergotamine
Phensuximide	DRUG_COMBINATION	Chlorzoxazone
Phensuximide	DRUG_COMBINATION	Itraconazole
Phensuximide	DRUG_COMBINATION	Idarubicin
Phensuximide	DRUG_COMBINATION	Chlormezanone
Phensuximide	DRUG_COMBINATION	Fomepizole
Phensuximide	DRUG_COMBINATION	Dantrolene
Phensuximide	DRUG_COMBINATION	Sitagliptin
Phensuximide	DRUG_COMBINATION	Quinine
Phensuximide	DRUG_COMBINATION	Buspirone
Phensuximide	DRUG_COMBINATION	Cisatracurium
Phensuximide	DRUG_COMBINATION	Fenoprofen
Phensuximide	DRUG_COMBINATION	Metaxalone
Phensuximide	DRUG_COMBINATION	Trimethobenzamide
Phensuximide	DRUG_COMBINATION	Aprepitant
Phensuximide	DRUG_COMBINATION	Metyrosine
Phensuximide	DRUG_COMBINATION	Amantadine
Phensuximide	DRUG_COMBINATION	Maprotiline
Phensuximide	DRUG_COMBINATION	Eflornithine
Phensuximide	DRUG_COMBINATION	Triapine
Phensuximide	DRUG_COMBINATION	Brincidofovir
Phensuximide	DRUG_COMBINATION	Artemisinin
Cefaclor	DRUG_COMBINATION	Idarubicin
Mifepristone	DRUG_COMBINATION	Ciclopirox
Mifepristone	DRUG_COMBINATION	Misoprostol
Mifepristone	DRUG_COMBINATION	Letrozole
Loperamide	DRUG_COMBINATION	Teriflunomide
Loperamide	DRUG_COMBINATION	Bortezomib
Loperamide	DRUG_COMBINATION	Aminosalicylic acid
Loperamide	DRUG_COMBINATION	Theophylline
Loperamide	DRUG_COMBINATION	Chlorambucil
Loperamide	DRUG_COMBINATION	Gefitinib
Loperamide	DRUG_COMBINATION	Chlorzoxazone
Loperamide	DRUG_COMBINATION	Terazosin
Loperamide	DRUG_COMBINATION	Idarubicin
Loperamide	DRUG_COMBINATION	Fomepizole
Loperamide	DRUG_COMBINATION	Rifaximin
Loperamide	DRUG_COMBINATION	Sunitinib
Loperamide	DRUG_COMBINATION	Hydralazine
Loperamide	DRUG_COMBINATION	Allopurinol
Loperamide	DRUG_COMBINATION	Cerivastatin
Loperamide	DRUG_COMBINATION	Entacapone
Loperamide	DRUG_COMBINATION	Cisatracurium
Loperamide	DRUG_COMBINATION	Everolimus
Loperamide	DRUG_COMBINATION	Genistein
Loperamide	DRUG_COMBINATION	Metaxalone
Loperamide	DRUG_COMBINATION	Epinephrine
Loperamide	DRUG_COMBINATION	Riluzole
Loperamide	DRUG_COMBINATION	Tolazoline
Loperamide	DRUG_COMBINATION	Tiagabine
Loperamide	DRUG_COMBINATION	Maprotiline
Loperamide	DRUG_COMBINATION	Ramelteon
Loperamide	DRUG_COMBINATION	Cytarabine
Loperamide	DRUG_COMBINATION	Doxorubicin
Loperamide	DRUG_COMBINATION	Afatinib
Loperamide	DRUG_COMBINATION	Lacosamide
Loperamide	DRUG_COMBINATION	Methylene blue
Loperamide	DRUG_COMBINATION	Triapine
Loperamide	DRUG_COMBINATION	Simethicone
Loperamide	DRUG_COMBINATION	Terameprocol
Loperamide	DRUG_COMBINATION	Artemisinin
Loperamide	DRUG_COMBINATION	K-134
Loperamide	DRUG_COMBINATION	Benserazide
Loperamide	DRUG_COMBINATION	Danusertib
Dobutamine	DRUG_COMBINATION	Norepinephrine
Dobutamine	DRUG_COMBINATION	Allopurinol
Levamisole	DRUG_COMBINATION	Linagliptin
Levamisole	DRUG_COMBINATION	Formestane
Levamisole	DRUG_COMBINATION	Topotecan
Levamisole	DRUG_COMBINATION	Rifampin
Levamisole	DRUG_COMBINATION	Diazoxide
Levamisole	DRUG_COMBINATION	Desoxycorticosterone pivalate
Levamisole	DRUG_COMBINATION	Sulfinpyrazone
Levamisole	DRUG_COMBINATION	Diclofenamide
Levamisole	DRUG_COMBINATION	Bortezomib
Levamisole	DRUG_COMBINATION	Aminosalicylic acid
Levamisole	DRUG_COMBINATION	Mesalazine
Levamisole	DRUG_COMBINATION	Cefmenoxime
Levamisole	DRUG_COMBINATION	Valproic acid
Levamisole	DRUG_COMBINATION	Dihydroergotamine
Levamisole	DRUG_COMBINATION	Nitisinone
Levamisole	DRUG_COMBINATION	Chlorzoxazone
Levamisole	DRUG_COMBINATION	Cilostazol
Levamisole	DRUG_COMBINATION	Itraconazole
Levamisole	DRUG_COMBINATION	Procarbazine
Levamisole	DRUG_COMBINATION	Chlormezanone
Levamisole	DRUG_COMBINATION	Clindamycin
Levamisole	DRUG_COMBINATION	Estramustine
Levamisole	DRUG_COMBINATION	Diphenidol
Levamisole	DRUG_COMBINATION	Docetaxel
Levamisole	DRUG_COMBINATION	Sitagliptin
Levamisole	DRUG_COMBINATION	Sunitinib
Levamisole	DRUG_COMBINATION	Hydralazine
Levamisole	DRUG_COMBINATION	Trihexyphenidyl
Levamisole	DRUG_COMBINATION	Tacrine
Levamisole	DRUG_COMBINATION	Triamterene
Levamisole	DRUG_COMBINATION	Pramipexole
Levamisole	DRUG_COMBINATION	Miglustat
Levamisole	DRUG_COMBINATION	Spironolactone
Levamisole	DRUG_COMBINATION	Cerivastatin
Levamisole	DRUG_COMBINATION	Acitretin
Levamisole	DRUG_COMBINATION	Triflupromazine
Levamisole	DRUG_COMBINATION	Methoxsalen
Levamisole	DRUG_COMBINATION	Bosentan
Levamisole	DRUG_COMBINATION	Methotrexate
Levamisole	DRUG_COMBINATION	Paromomycin
Levamisole	DRUG_COMBINATION	Vorinostat
Levamisole	DRUG_COMBINATION	Vinblastine
Levamisole	DRUG_COMBINATION	Fenoprofen
Levamisole	DRUG_COMBINATION	Amiloride
Levamisole	DRUG_COMBINATION	Chloroquine
Levamisole	DRUG_COMBINATION	Amodiaquine
Levamisole	DRUG_COMBINATION	Imatinib
Levamisole	DRUG_COMBINATION	Testosterone
Levamisole	DRUG_COMBINATION	Ursodeoxycholic acid
Levamisole	DRUG_COMBINATION	Cilastatin
Levamisole	DRUG_COMBINATION	Hydroxychloroquine
Levamisole	DRUG_COMBINATION	Genistein
Levamisole	DRUG_COMBINATION	Oxyphenbutazone
Levamisole	DRUG_COMBINATION	Dexmedetomidine
Levamisole	DRUG_COMBINATION	Mebendazole
Levamisole	DRUG_COMBINATION	Mecamylamine
Levamisole	DRUG_COMBINATION	Acamprosate
Levamisole	DRUG_COMBINATION	Metaxalone
Levamisole	DRUG_COMBINATION	Trimethobenzamide
Levamisole	DRUG_COMBINATION	Sumatriptan
Levamisole	DRUG_COMBINATION	Tamoxifen
Levamisole	DRUG_COMBINATION	Naltrexone
Levamisole	DRUG_COMBINATION	Diethylcarbamazine
Levamisole	DRUG_COMBINATION	Azatadine
Levamisole	DRUG_COMBINATION	Risperidone
Levamisole	DRUG_COMBINATION	Pentamidine
Levamisole	DRUG_COMBINATION	Riluzole
Levamisole	DRUG_COMBINATION	Clopidogrel
Levamisole	DRUG_COMBINATION	SN-38
Levamisole	DRUG_COMBINATION	Trioxsalen
Levamisole	DRUG_COMBINATION	Mebutamate
Levamisole	DRUG_COMBINATION	Niclosamide
Levamisole	DRUG_COMBINATION	Metyrosine
Levamisole	DRUG_COMBINATION	Tolazoline
Levamisole	DRUG_COMBINATION	Acetazolamide
Levamisole	DRUG_COMBINATION	Fosfomycin
Levamisole	DRUG_COMBINATION	Loperamide
Levamisole	DRUG_COMBINATION	Bumetanide
Levamisole	DRUG_COMBINATION	Tiagabine
Levamisole	DRUG_COMBINATION	Maprotiline
Levamisole	DRUG_COMBINATION	Dronedarone
Levamisole	DRUG_COMBINATION	Zaleplon
Levamisole	DRUG_COMBINATION	Dactinomycin
Levamisole	DRUG_COMBINATION	Ezetimibe
Levamisole	DRUG_COMBINATION	Ethinylestradiol
Levamisole	DRUG_COMBINATION	Ramelteon
Levamisole	DRUG_COMBINATION	Cytarabine
Levamisole	DRUG_COMBINATION	Doxorubicin
Levamisole	DRUG_COMBINATION	Busulfan
Levamisole	DRUG_COMBINATION	Cinacalcet
Levamisole	DRUG_COMBINATION	{4-[3-(4-acetyl-3-hydroxy-2-propylphenoxy)propoxy]phenoxy}acetic acid
Levamisole	DRUG_COMBINATION	Rufinamide
Levamisole	DRUG_COMBINATION	Armodafinil
Levamisole	DRUG_COMBINATION	Methylene blue
Levamisole	DRUG_COMBINATION	Dinaciclib
Levamisole	DRUG_COMBINATION	Carglumic acid
Levamisole	DRUG_COMBINATION	Terameprocol
Levamisole	DRUG_COMBINATION	Artemisinin
Levamisole	DRUG_COMBINATION	Modufolin
Levamisole	DRUG_COMBINATION	Sivelestat
Levamisole	DRUG_COMBINATION	Luteolin
Levamisole	DRUG_COMBINATION	Danusertib
Dacarbazine	DRUG_COMBINATION	Vemurafenib
Dacarbazine	DRUG_COMBINATION	Formestane
Dacarbazine	DRUG_COMBINATION	Pomalidomide
Dacarbazine	DRUG_COMBINATION	Topotecan
Dacarbazine	DRUG_COMBINATION	Mercaptopurine
Dacarbazine	DRUG_COMBINATION	Fludarabine
Dacarbazine	DRUG_COMBINATION	Quinacrine
Dacarbazine	DRUG_COMBINATION	Bortezomib
Dacarbazine	DRUG_COMBINATION	Bleomycin
Dacarbazine	DRUG_COMBINATION	Chlorambucil
Dacarbazine	DRUG_COMBINATION	Mitomycin
Dacarbazine	DRUG_COMBINATION	Tioguanine
Dacarbazine	DRUG_COMBINATION	Idarubicin
Dacarbazine	DRUG_COMBINATION	Estramustine
Dacarbazine	DRUG_COMBINATION	Docetaxel
Dacarbazine	DRUG_COMBINATION	Dasatinib
Dacarbazine	DRUG_COMBINATION	Lapatinib
Dacarbazine	DRUG_COMBINATION	Sunitinib
Dacarbazine	DRUG_COMBINATION	Valrubicin
Dacarbazine	DRUG_COMBINATION	Sorafenib
Dacarbazine	DRUG_COMBINATION	Raloxifene
Dacarbazine	DRUG_COMBINATION	Celecoxib
Dacarbazine	DRUG_COMBINATION	Altretamine
Dacarbazine	DRUG_COMBINATION	Cisplatin
Dacarbazine	DRUG_COMBINATION	Cyclophosphamide
Dacarbazine	DRUG_COMBINATION	Pentostatin
Dacarbazine	DRUG_COMBINATION	Methotrexate
Dacarbazine	DRUG_COMBINATION	Digitoxin
Dacarbazine	DRUG_COMBINATION	Imatinib
Dacarbazine	DRUG_COMBINATION	Plicamycin
Dacarbazine	DRUG_COMBINATION	Pralatrexate
Dacarbazine	DRUG_COMBINATION	Sirolimus
Dacarbazine	DRUG_COMBINATION	Mechlorethamine
Dacarbazine	DRUG_COMBINATION	Azacitidine
Dacarbazine	DRUG_COMBINATION	Fulvestrant
Dacarbazine	DRUG_COMBINATION	Isoniazid
Dacarbazine	DRUG_COMBINATION	Ixabepilone
Dacarbazine	DRUG_COMBINATION	Nilotinib
Dacarbazine	DRUG_COMBINATION	Picoplatin
Dacarbazine	DRUG_COMBINATION	Tamibarotene
Dacarbazine	DRUG_COMBINATION	Dactinomycin
Dacarbazine	DRUG_COMBINATION	Letrozole
Dacarbazine	DRUG_COMBINATION	Busulfan
Dacarbazine	DRUG_COMBINATION	Romidepsin
Dacarbazine	DRUG_COMBINATION	Triapine
Dacarbazine	DRUG_COMBINATION	Dinaciclib
Dacarbazine	DRUG_COMBINATION	Terameprocol
Dacarbazine	DRUG_COMBINATION	Crizotinib
Dacarbazine	DRUG_COMBINATION	Liarozole
Dacarbazine	DRUG_COMBINATION	Tretamine
Dacarbazine	DRUG_COMBINATION	10-hydroxycamptothecin
Dacarbazine	DRUG_COMBINATION	Modufolin
Temozolomide	DRUG_COMBINATION	Topotecan
Temozolomide	DRUG_COMBINATION	Capecitabine
Temozolomide	DRUG_COMBINATION	Bortezomib
Temozolomide	DRUG_COMBINATION	Carmustine
Temozolomide	DRUG_COMBINATION	Valproic acid
Temozolomide	DRUG_COMBINATION	Vinorelbine
Temozolomide	DRUG_COMBINATION	Lomustine
Temozolomide	DRUG_COMBINATION	Dasatinib
Temozolomide	DRUG_COMBINATION	Decitabine
Temozolomide	DRUG_COMBINATION	Mibefradil
Temozolomide	DRUG_COMBINATION	Vorinostat
Temozolomide	DRUG_COMBINATION	Chloroquine
Temozolomide	DRUG_COMBINATION	Imatinib
Temozolomide	DRUG_COMBINATION	Valganciclovir
Temozolomide	DRUG_COMBINATION	Hydroxychloroquine
Temozolomide	DRUG_COMBINATION	Pemetrexed
Temozolomide	DRUG_COMBINATION	Mycophenolate mofetil
Temozolomide	DRUG_COMBINATION	Irinotecan
Temozolomide	DRUG_COMBINATION	Lucanthone
Temozolomide	DRUG_COMBINATION	Methylprednisolone
Temozolomide	DRUG_COMBINATION	Hydroxyurea
Temozolomide	DRUG_COMBINATION	Afatinib
Temozolomide	DRUG_COMBINATION	Alisertib
Temozolomide	DRUG_COMBINATION	Ibrutinib
Temozolomide	DRUG_COMBINATION	Vandetanib
Temozolomide	DRUG_COMBINATION	Temsirolimus
Temozolomide	DRUG_COMBINATION	Vistusertib
Temozolomide	DRUG_COMBINATION	Panobinostat
Temozolomide	DRUG_COMBINATION	Pexidartinib
Temozolomide	DRUG_COMBINATION	Ribociclib
Temozolomide	DRUG_COMBINATION	Indoximod
Temozolomide	DRUG_COMBINATION	Niraparib
Chlorphenesin	DRUG_COMBINATION	Teriflunomide
Chlorphenesin	DRUG_COMBINATION	Mefloquine
Chlorphenesin	DRUG_COMBINATION	Genistein
Chlorphenesin	DRUG_COMBINATION	Oxyphenbutazone
Chlorphenesin	DRUG_COMBINATION	Niclosamide
Chlorphenesin	DRUG_COMBINATION	Tiagabine
Chlorphenesin	DRUG_COMBINATION	Maprotiline
Chlorphenesin	DRUG_COMBINATION	Cytarabine
Chlorphenesin	DRUG_COMBINATION	Methylene blue
Chlorphenesin	DRUG_COMBINATION	Anamorelin
Chlorphenesin	DRUG_COMBINATION	Artemisinin
Penicillamine	DRUG_COMBINATION	Idarubicin
Penicillamine	DRUG_COMBINATION	Panobinostat
Prednisolone	DRUG_COMBINATION	Cyclosporine
Prednisolone	DRUG_COMBINATION	Leflunomide
Prednisolone	DRUG_COMBINATION	Levofloxacin
Prednisolone	DRUG_COMBINATION	Azithromycin
Prednisolone	DRUG_COMBINATION	Idarubicin
Prednisolone	DRUG_COMBINATION	Hydroxychloroquine
Prednisolone	DRUG_COMBINATION	Losartan
Prednisolone	DRUG_COMBINATION	Nepafenac
Prednisolone	DRUG_COMBINATION	Apremilast
Prednisolone	DRUG_COMBINATION	Tacrolimus
Prednisolone	DRUG_COMBINATION	Acetylcysteine
Vardenafil	DRUG_COMBINATION	Idarubicin
Tacrolimus	DRUG_COMBINATION	Sulfinpyrazone
Tacrolimus	DRUG_COMBINATION	Bortezomib
Tacrolimus	DRUG_COMBINATION	Mesalazine
Tacrolimus	DRUG_COMBINATION	Dantrolene
Tacrolimus	DRUG_COMBINATION	Docetaxel
Tacrolimus	DRUG_COMBINATION	Quinine
Tacrolimus	DRUG_COMBINATION	Buspirone
Tacrolimus	DRUG_COMBINATION	Vinblastine
Tacrolimus	DRUG_COMBINATION	Imatinib
Tacrolimus	DRUG_COMBINATION	Epinephrine
Tacrolimus	DRUG_COMBINATION	Metyrosine
Tacrolimus	DRUG_COMBINATION	Lacosamide
Tacrolimus	DRUG_COMBINATION	Mardepodect
Tacrolimus	DRUG_COMBINATION	Triapine
Tacrolimus	DRUG_COMBINATION	Brincidofovir
Tacrolimus	DRUG_COMBINATION	Artemisinin
Terbutaline	DRUG_COMBINATION	Danazol
Flupentixol	DRUG_COMBINATION	Haloperidol
Sirolimus	DRUG_COMBINATION	Ruxolitinib
Sirolimus	DRUG_COMBINATION	Formestane
Sirolimus	DRUG_COMBINATION	Pomalidomide
Sirolimus	DRUG_COMBINATION	Mercaptopurine
Sirolimus	DRUG_COMBINATION	Melphalan
Sirolimus	DRUG_COMBINATION	Bortezomib
Sirolimus	DRUG_COMBINATION	Bleomycin
Sirolimus	DRUG_COMBINATION	Chlorambucil
Sirolimus	DRUG_COMBINATION	Mitomycin
Sirolimus	DRUG_COMBINATION	Idarubicin
Sirolimus	DRUG_COMBINATION	Ifosfamide
Sirolimus	DRUG_COMBINATION	Paclitaxel
Sirolimus	DRUG_COMBINATION	Docetaxel
Sirolimus	DRUG_COMBINATION	Dasatinib
Sirolimus	DRUG_COMBINATION	Lapatinib
Sirolimus	DRUG_COMBINATION	Sunitinib
Sirolimus	DRUG_COMBINATION	Valrubicin
Sirolimus	DRUG_COMBINATION	Sorafenib
Sirolimus	DRUG_COMBINATION	Altretamine
Sirolimus	DRUG_COMBINATION	Cisplatin
Sirolimus	DRUG_COMBINATION	Cyclophosphamide
Sirolimus	DRUG_COMBINATION	Pentostatin
Sirolimus	DRUG_COMBINATION	Methotrexate
Sirolimus	DRUG_COMBINATION	Dyphylline
Sirolimus	DRUG_COMBINATION	Pralatrexate
Sirolimus	DRUG_COMBINATION	Azacitidine
Sirolimus	DRUG_COMBINATION	Fulvestrant
Sirolimus	DRUG_COMBINATION	Ixabepilone
Sirolimus	DRUG_COMBINATION	Busulfan
Sirolimus	DRUG_COMBINATION	Romidepsin
Sirolimus	DRUG_COMBINATION	Ibrutinib
Sirolimus	DRUG_COMBINATION	Dinaciclib
Sirolimus	DRUG_COMBINATION	Panobinostat
Sirolimus	DRUG_COMBINATION	Terameprocol
Sirolimus	DRUG_COMBINATION	Tretamine
Sirolimus	DRUG_COMBINATION	Acalabrutinib
Chlorhexidine	DRUG_COMBINATION	Amoxicillin
Chlorhexidine	DRUG_COMBINATION	Acetaminophen
Chlorhexidine	DRUG_COMBINATION	Mupirocin
Emtricitabine	DRUG_COMBINATION	Atazanavir
Emtricitabine	DRUG_COMBINATION	Idarubicin
Emtricitabine	DRUG_COMBINATION	Darunavir
Emtricitabine	DRUG_COMBINATION	Lopinavir
Emtricitabine	DRUG_COMBINATION	Raltegravir
Emtricitabine	DRUG_COMBINATION	Didanosine
Emtricitabine	DRUG_COMBINATION	Tenofovir alafenamide
Chlorothiazide	DRUG_COMBINATION	Idarubicin
Isosorbide dinitrate	DRUG_COMBINATION	Topotecan
Isosorbide dinitrate	DRUG_COMBINATION	Desoxycorticosterone pivalate
Isosorbide dinitrate	DRUG_COMBINATION	Mesalazine
Isosorbide dinitrate	DRUG_COMBINATION	Gefitinib
Isosorbide dinitrate	DRUG_COMBINATION	Chlorzoxazone
Isosorbide dinitrate	DRUG_COMBINATION	Mefloquine
Isosorbide dinitrate	DRUG_COMBINATION	Idarubicin
Isosorbide dinitrate	DRUG_COMBINATION	Docetaxel
Isosorbide dinitrate	DRUG_COMBINATION	Sunitinib
Isosorbide dinitrate	DRUG_COMBINATION	Cerivastatin
Isosorbide dinitrate	DRUG_COMBINATION	Cisatracurium
Isosorbide dinitrate	DRUG_COMBINATION	Vorinostat
Isosorbide dinitrate	DRUG_COMBINATION	Vinblastine
Isosorbide dinitrate	DRUG_COMBINATION	Imatinib
Isosorbide dinitrate	DRUG_COMBINATION	Trimethobenzamide
Isosorbide dinitrate	DRUG_COMBINATION	Primidone
Isosorbide dinitrate	DRUG_COMBINATION	Fluspirilene
Isosorbide dinitrate	DRUG_COMBINATION	Cytarabine
Isosorbide dinitrate	DRUG_COMBINATION	Doxorubicin
Isosorbide dinitrate	DRUG_COMBINATION	Methylene blue
Isosorbide dinitrate	DRUG_COMBINATION	Brincidofovir
Isosorbide dinitrate	DRUG_COMBINATION	Carglumic acid
Isosorbide dinitrate	DRUG_COMBINATION	Modufolin
Risedronic acid	DRUG_COMBINATION	Anastrozole
Risedronic acid	DRUG_COMBINATION	Testosterone
Risedronic acid	DRUG_COMBINATION	Panobinostat
Risedronic acid	DRUG_COMBINATION	Marizomib
Bumetanide	DRUG_COMBINATION	Daidzin
Bumetanide	DRUG_COMBINATION	Piperaquine
Bumetanide	DRUG_COMBINATION	Guanfacine
Bumetanide	DRUG_COMBINATION	Iloprost
Bumetanide	DRUG_COMBINATION	Leflunomide
Bumetanide	DRUG_COMBINATION	Oseltamivir
Bumetanide	DRUG_COMBINATION	Nitisinone
Bumetanide	DRUG_COMBINATION	Fomepizole
Bumetanide	DRUG_COMBINATION	Dantrolene
Bumetanide	DRUG_COMBINATION	Docetaxel
Bumetanide	DRUG_COMBINATION	Sunitinib
Bumetanide	DRUG_COMBINATION	Allopurinol
Bumetanide	DRUG_COMBINATION	Cisatracurium
Bumetanide	DRUG_COMBINATION	Vorinostat
Bumetanide	DRUG_COMBINATION	Chloroquine
Bumetanide	DRUG_COMBINATION	Imatinib
Bumetanide	DRUG_COMBINATION	Epinephrine
Bumetanide	DRUG_COMBINATION	Aprepitant
Bumetanide	DRUG_COMBINATION	Diethylcarbamazine
Bumetanide	DRUG_COMBINATION	Tiagabine
Bumetanide	DRUG_COMBINATION	Aliskiren
Bumetanide	DRUG_COMBINATION	Lumefantrine
Bumetanide	DRUG_COMBINATION	Artemisinin
Mechlorethamine	DRUG_COMBINATION	Vemurafenib
Mechlorethamine	DRUG_COMBINATION	Formestane
Mechlorethamine	DRUG_COMBINATION	Pomalidomide
Mechlorethamine	DRUG_COMBINATION	Topotecan
Mechlorethamine	DRUG_COMBINATION	Mercaptopurine
Mechlorethamine	DRUG_COMBINATION	Fludarabine
Mechlorethamine	DRUG_COMBINATION	Quinacrine
Mechlorethamine	DRUG_COMBINATION	Bortezomib
Mechlorethamine	DRUG_COMBINATION	Bleomycin
Mechlorethamine	DRUG_COMBINATION	Chlorambucil
Mechlorethamine	DRUG_COMBINATION	Mitomycin
Mechlorethamine	DRUG_COMBINATION	Tioguanine
Mechlorethamine	DRUG_COMBINATION	Idarubicin
Mechlorethamine	DRUG_COMBINATION	Ifosfamide
Mechlorethamine	DRUG_COMBINATION	Estramustine
Mechlorethamine	DRUG_COMBINATION	Docetaxel
Mechlorethamine	DRUG_COMBINATION	Dasatinib
Mechlorethamine	DRUG_COMBINATION	Lapatinib
Mechlorethamine	DRUG_COMBINATION	Sunitinib
Mechlorethamine	DRUG_COMBINATION	Valrubicin
Mechlorethamine	DRUG_COMBINATION	Raloxifene
Mechlorethamine	DRUG_COMBINATION	Celecoxib
Mechlorethamine	DRUG_COMBINATION	Altretamine
Mechlorethamine	DRUG_COMBINATION	Cisplatin
Mechlorethamine	DRUG_COMBINATION	Cyclophosphamide
Mechlorethamine	DRUG_COMBINATION	Pentostatin
Mechlorethamine	DRUG_COMBINATION	Methotrexate
Mechlorethamine	DRUG_COMBINATION	Digitoxin
Mechlorethamine	DRUG_COMBINATION	Imatinib
Mechlorethamine	DRUG_COMBINATION	Dyphylline
Mechlorethamine	DRUG_COMBINATION	Plicamycin
Mechlorethamine	DRUG_COMBINATION	Pralatrexate
Mechlorethamine	DRUG_COMBINATION	Azacitidine
Mechlorethamine	DRUG_COMBINATION	Fulvestrant
Mechlorethamine	DRUG_COMBINATION	Isoniazid
Mechlorethamine	DRUG_COMBINATION	Ixabepilone
Mechlorethamine	DRUG_COMBINATION	Nilotinib
Mechlorethamine	DRUG_COMBINATION	Picoplatin
Mechlorethamine	DRUG_COMBINATION	Tamibarotene
Mechlorethamine	DRUG_COMBINATION	Dactinomycin
Mechlorethamine	DRUG_COMBINATION	Letrozole
Mechlorethamine	DRUG_COMBINATION	Busulfan
Mechlorethamine	DRUG_COMBINATION	Romidepsin
Mechlorethamine	DRUG_COMBINATION	Triapine
Mechlorethamine	DRUG_COMBINATION	Dinaciclib
Mechlorethamine	DRUG_COMBINATION	Terameprocol
Mechlorethamine	DRUG_COMBINATION	Crizotinib
Mechlorethamine	DRUG_COMBINATION	Liarozole
Mechlorethamine	DRUG_COMBINATION	Tretamine
Mechlorethamine	DRUG_COMBINATION	10-hydroxycamptothecin
Mechlorethamine	DRUG_COMBINATION	Modufolin
Dienestrol	DRUG_COMBINATION	Idarubicin
Sulfapyridine	DRUG_COMBINATION	Probenecid
Sulfapyridine	DRUG_COMBINATION	Memantine
Sulfapyridine	DRUG_COMBINATION	Desoxycorticosterone pivalate
Sulfapyridine	DRUG_COMBINATION	Chlorzoxazone
Sulfapyridine	DRUG_COMBINATION	Idarubicin
Sulfapyridine	DRUG_COMBINATION	Dantrolene
Sulfapyridine	DRUG_COMBINATION	Diphenidol
Sulfapyridine	DRUG_COMBINATION	Albendazole
Sulfapyridine	DRUG_COMBINATION	Imatinib
Sulfapyridine	DRUG_COMBINATION	Efavirenz
Sulfapyridine	DRUG_COMBINATION	Sumatriptan
Sulfapyridine	DRUG_COMBINATION	Galantamine
Sulfapyridine	DRUG_COMBINATION	SN-38
Sulfapyridine	DRUG_COMBINATION	Phenprocoumon
Sulfapyridine	DRUG_COMBINATION	Cytarabine
Sulfapyridine	DRUG_COMBINATION	Lacosamide
Sulfapyridine	DRUG_COMBINATION	Methylene blue
Sulfapyridine	DRUG_COMBINATION	Brincidofovir
Sulfapyridine	DRUG_COMBINATION	Lumefantrine
Sulfapyridine	DRUG_COMBINATION	Terameprocol
Sulfapyridine	DRUG_COMBINATION	K-134
Testolactone	DRUG_COMBINATION	Formestane
Testolactone	DRUG_COMBINATION	Guanfacine
Testolactone	DRUG_COMBINATION	Sulfinpyrazone
Testolactone	DRUG_COMBINATION	Atenolol
Testolactone	DRUG_COMBINATION	Chlorzoxazone
Testolactone	DRUG_COMBINATION	Dantrolene
Testolactone	DRUG_COMBINATION	Docetaxel
Testolactone	DRUG_COMBINATION	Sitagliptin
Testolactone	DRUG_COMBINATION	Pramipexole
Testolactone	DRUG_COMBINATION	Quinine
Testolactone	DRUG_COMBINATION	Vorinostat
Testolactone	DRUG_COMBINATION	Everolimus
Testolactone	DRUG_COMBINATION	Oxyphenbutazone
Testolactone	DRUG_COMBINATION	Trimethobenzamide
Testolactone	DRUG_COMBINATION	Diethylcarbamazine
Testolactone	DRUG_COMBINATION	Pentamidine
Testolactone	DRUG_COMBINATION	Metyrosine
Testolactone	DRUG_COMBINATION	Tiagabine
Testolactone	DRUG_COMBINATION	Maprotiline
Testolactone	DRUG_COMBINATION	Cytarabine
Testolactone	DRUG_COMBINATION	Aliskiren
Testolactone	DRUG_COMBINATION	Ciprofibrate
Testolactone	DRUG_COMBINATION	Lacosamide
Testolactone	DRUG_COMBINATION	Armodafinil
Testolactone	DRUG_COMBINATION	Triapine
Testolactone	DRUG_COMBINATION	Clascoterone
Ethanol	DRUG_COMBINATION	Nicotine
Ethanol	DRUG_COMBINATION	Lidocaine
Ethanol	DRUG_COMBINATION	Framycetin
Ethanol	DRUG_COMBINATION	Acetylcysteine
Ethanol	DRUG_COMBINATION	Tasimelteon
Ethanol	DRUG_COMBINATION	Ethanol
Didanosine	DRUG_COMBINATION	Abacavir
Didanosine	DRUG_COMBINATION	Idarubicin
Ondansetron	DRUG_COMBINATION	Ruxolitinib
Ondansetron	DRUG_COMBINATION	Olanzapine
Ondansetron	DRUG_COMBINATION	Lactulose
Ondansetron	DRUG_COMBINATION	Sufentanil
Ondansetron	DRUG_COMBINATION	Acetylcysteine
Tiagabine	DRUG_COMBINATION	Daidzin
Tiagabine	DRUG_COMBINATION	Teriflunomide
Tiagabine	DRUG_COMBINATION	Rifampin
Tiagabine	DRUG_COMBINATION	Lubiprostone
Tiagabine	DRUG_COMBINATION	Novobiocin
Tiagabine	DRUG_COMBINATION	Isoprenaline
Tiagabine	DRUG_COMBINATION	Diazoxide
Tiagabine	DRUG_COMBINATION	Diclofenamide
Tiagabine	DRUG_COMBINATION	Oseltamivir
Tiagabine	DRUG_COMBINATION	Citalopram
Tiagabine	DRUG_COMBINATION	Mesalazine
Tiagabine	DRUG_COMBINATION	Etomidate
Tiagabine	DRUG_COMBINATION	Etonogestrel
Tiagabine	DRUG_COMBINATION	Ibutilide
Tiagabine	DRUG_COMBINATION	Gefitinib
Tiagabine	DRUG_COMBINATION	Ethambutol
Tiagabine	DRUG_COMBINATION	Mefloquine
Tiagabine	DRUG_COMBINATION	Cilostazol
Tiagabine	DRUG_COMBINATION	Estramustine
Tiagabine	DRUG_COMBINATION	Darunavir
Tiagabine	DRUG_COMBINATION	Hydralazine
Tiagabine	DRUG_COMBINATION	Tacrine
Tiagabine	DRUG_COMBINATION	Triamterene
Tiagabine	DRUG_COMBINATION	Sorafenib
Tiagabine	DRUG_COMBINATION	Spironolactone
Tiagabine	DRUG_COMBINATION	Cerivastatin
Tiagabine	DRUG_COMBINATION	Imipramine
Tiagabine	DRUG_COMBINATION	Enoxacin
Tiagabine	DRUG_COMBINATION	Nabilone
Tiagabine	DRUG_COMBINATION	Mephenytoin
Tiagabine	DRUG_COMBINATION	Acetohydroxamic acid
Tiagabine	DRUG_COMBINATION	Pentostatin
Tiagabine	DRUG_COMBINATION	Cisatracurium
Tiagabine	DRUG_COMBINATION	Paromomycin
Tiagabine	DRUG_COMBINATION	Fenoprofen
Tiagabine	DRUG_COMBINATION	Chloroquine
Tiagabine	DRUG_COMBINATION	Furazolidone
Tiagabine	DRUG_COMBINATION	Oxyphenbutazone
Tiagabine	DRUG_COMBINATION	Mebendazole
Tiagabine	DRUG_COMBINATION	Dyphylline
Tiagabine	DRUG_COMBINATION	Acamprosate
Tiagabine	DRUG_COMBINATION	Metaxalone
Tiagabine	DRUG_COMBINATION	Aprepitant
Tiagabine	DRUG_COMBINATION	Moricizine
Tiagabine	DRUG_COMBINATION	Diethylcarbamazine
Tiagabine	DRUG_COMBINATION	Risperidone
Tiagabine	DRUG_COMBINATION	Zileuton
Tiagabine	DRUG_COMBINATION	Clopidogrel
Tiagabine	DRUG_COMBINATION	Mebutamate
Tiagabine	DRUG_COMBINATION	Metyrosine
Tiagabine	DRUG_COMBINATION	Acyclovir
Tiagabine	DRUG_COMBINATION	Primidone
Tiagabine	DRUG_COMBINATION	Tacrolimus
Tiagabine	DRUG_COMBINATION	Sulfapyridine
Tiagabine	DRUG_COMBINATION	Fluspirilene
Tiagabine	DRUG_COMBINATION	Ethinylestradiol
Tiagabine	DRUG_COMBINATION	Busulfan
Tiagabine	DRUG_COMBINATION	Ciprofibrate
Tiagabine	DRUG_COMBINATION	Rufinamide
Tiagabine	DRUG_COMBINATION	Lacosamide
Tiagabine	DRUG_COMBINATION	Armodafinil
Tiagabine	DRUG_COMBINATION	Methylene blue
Tiagabine	DRUG_COMBINATION	Triapine
Tiagabine	DRUG_COMBINATION	Ginkgolide A
Tiagabine	DRUG_COMBINATION	10-hydroxycamptothecin
Tiagabine	DRUG_COMBINATION	Danusertib
Cocaine	DRUG_COMBINATION	Vigabatrin
Cocaine	DRUG_COMBINATION	Acetylcysteine
Zonisamide	DRUG_COMBINATION	Bupropion
Zonisamide	DRUG_COMBINATION	Lamotrigine
Zonisamide	DRUG_COMBINATION	Zonisamide
Tinidazole	DRUG_COMBINATION	Daidzin
Tinidazole	DRUG_COMBINATION	Memantine
Tinidazole	DRUG_COMBINATION	Amoxicillin
Tinidazole	DRUG_COMBINATION	Leflunomide
Tinidazole	DRUG_COMBINATION	Azithromycin
Tinidazole	DRUG_COMBINATION	Chlorzoxazone
Tinidazole	DRUG_COMBINATION	Idarubicin
Tinidazole	DRUG_COMBINATION	Clarithromycin
Tinidazole	DRUG_COMBINATION	Entacapone
Tinidazole	DRUG_COMBINATION	Acetohydroxamic acid
Tinidazole	DRUG_COMBINATION	Methotrexate
Tinidazole	DRUG_COMBINATION	Efavirenz
Tinidazole	DRUG_COMBINATION	Hydroxychloroquine
Tinidazole	DRUG_COMBINATION	Genistein
Tinidazole	DRUG_COMBINATION	Oxyphenbutazone
Tinidazole	DRUG_COMBINATION	Epinephrine
Tinidazole	DRUG_COMBINATION	Diethylcarbamazine
Tinidazole	DRUG_COMBINATION	Esomeprazole
Tinidazole	DRUG_COMBINATION	Pentamidine
Tinidazole	DRUG_COMBINATION	Tiagabine
Tinidazole	DRUG_COMBINATION	Maprotiline
Tinidazole	DRUG_COMBINATION	Methylene blue
Tinidazole	DRUG_COMBINATION	Triapine
Tinidazole	DRUG_COMBINATION	Brincidofovir
Tinidazole	DRUG_COMBINATION	Clascoterone
Repaglinide	DRUG_COMBINATION	Leflunomide
Repaglinide	DRUG_COMBINATION	Diazoxide
Repaglinide	DRUG_COMBINATION	Diclofenamide
Repaglinide	DRUG_COMBINATION	Caffeine
Repaglinide	DRUG_COMBINATION	Chlorambucil
Repaglinide	DRUG_COMBINATION	Idarubicin
Repaglinide	DRUG_COMBINATION	Estramustine
Repaglinide	DRUG_COMBINATION	Docetaxel
Repaglinide	DRUG_COMBINATION	Darunavir
Repaglinide	DRUG_COMBINATION	Rosiglitazone
Repaglinide	DRUG_COMBINATION	Cerivastatin
Repaglinide	DRUG_COMBINATION	Quinine
Repaglinide	DRUG_COMBINATION	Albendazole
Repaglinide	DRUG_COMBINATION	Hydroxychloroquine
Repaglinide	DRUG_COMBINATION	Trimethobenzamide
Repaglinide	DRUG_COMBINATION	Trifluoperazine
Repaglinide	DRUG_COMBINATION	Isosorbide dinitrate
Repaglinide	DRUG_COMBINATION	Maprotiline
Repaglinide	DRUG_COMBINATION	Dopamine
Repaglinide	DRUG_COMBINATION	Doxorubicin
Repaglinide	DRUG_COMBINATION	{4-[3-(4-acetyl-3-hydroxy-2-propylphenoxy)propoxy]phenoxy}acetic acid
Repaglinide	DRUG_COMBINATION	Anamorelin
Repaglinide	DRUG_COMBINATION	Emetine
Amantadine	DRUG_COMBINATION	Bortezomib
Amantadine	DRUG_COMBINATION	Gefitinib
Amantadine	DRUG_COMBINATION	Methylergometrine
Amantadine	DRUG_COMBINATION	Mefloquine
Amantadine	DRUG_COMBINATION	Fomepizole
Amantadine	DRUG_COMBINATION	Vorinostat
Amantadine	DRUG_COMBINATION	Dexmedetomidine
Amantadine	DRUG_COMBINATION	SN-38
Amantadine	DRUG_COMBINATION	Tiagabine
Amantadine	DRUG_COMBINATION	Ginkgolide A
Amantadine	DRUG_COMBINATION	Modufolin
Metronidazole	DRUG_COMBINATION	Amoxicillin
Spectinomycin	DRUG_COMBINATION	Idarubicin
Buprenorphine	DRUG_COMBINATION	Venlafaxine
Buprenorphine	DRUG_COMBINATION	Morphine
Buprenorphine	DRUG_COMBINATION	Acetaminophen
Buprenorphine	DRUG_COMBINATION	Methadone
Buprenorphine	DRUG_COMBINATION	Naltrexone
Buprenorphine	DRUG_COMBINATION	Buprenorphine
Levosimendan	DRUG_COMBINATION	Idarubicin
Levosimendan	DRUG_COMBINATION	Magnesium sulfate
Levosimendan	DRUG_COMBINATION	Panobinostat
Cyclobenzaprine	DRUG_COMBINATION	Ibuprofen
Cyclobenzaprine	DRUG_COMBINATION	Naproxen
Famotidine	DRUG_COMBINATION	Idarubicin
Famotidine	DRUG_COMBINATION	Raltegravir
Azacitidine	DRUG_COMBINATION	Ruxolitinib
Azacitidine	DRUG_COMBINATION	Ponatinib
Azacitidine	DRUG_COMBINATION	Formestane
Azacitidine	DRUG_COMBINATION	Mercaptopurine
Azacitidine	DRUG_COMBINATION	Quinacrine
Azacitidine	DRUG_COMBINATION	Bleomycin
Azacitidine	DRUG_COMBINATION	Chlorambucil
Azacitidine	DRUG_COMBINATION	Mitomycin
Azacitidine	DRUG_COMBINATION	Dasatinib
Azacitidine	DRUG_COMBINATION	Lapatinib
Azacitidine	DRUG_COMBINATION	Valrubicin
Azacitidine	DRUG_COMBINATION	Cisplatin
Azacitidine	DRUG_COMBINATION	Pentostatin
Azacitidine	DRUG_COMBINATION	Vorinostat
Azacitidine	DRUG_COMBINATION	Plicamycin
Azacitidine	DRUG_COMBINATION	Pralatrexate
Azacitidine	DRUG_COMBINATION	Fulvestrant
Azacitidine	DRUG_COMBINATION	Isoniazid
Azacitidine	DRUG_COMBINATION	Ixabepilone
Azacitidine	DRUG_COMBINATION	Dactinomycin
Azacitidine	DRUG_COMBINATION	Cytarabine
Azacitidine	DRUG_COMBINATION	Busulfan
Azacitidine	DRUG_COMBINATION	Acetylcysteine
Azacitidine	DRUG_COMBINATION	Pracinostat
Azacitidine	DRUG_COMBINATION	Ibrutinib
Azacitidine	DRUG_COMBINATION	Triapine
Azacitidine	DRUG_COMBINATION	Vosaroxin
Azacitidine	DRUG_COMBINATION	Gilteritinib
Azacitidine	DRUG_COMBINATION	Terameprocol
Azacitidine	DRUG_COMBINATION	Tretamine
Azacitidine	DRUG_COMBINATION	Crenolanib
Azacitidine	DRUG_COMBINATION	Azacitidine
Misoprostol	DRUG_COMBINATION	Estradiol
Misoprostol	DRUG_COMBINATION	Dinoprostone
Tipranavir	DRUG_COMBINATION	Rosuvastatin
Tipranavir	DRUG_COMBINATION	Ritonavir
Maprotiline	DRUG_COMBINATION	Daidzin
Maprotiline	DRUG_COMBINATION	Formestane
Maprotiline	DRUG_COMBINATION	Probenecid
Maprotiline	DRUG_COMBINATION	Rifampin
Maprotiline	DRUG_COMBINATION	Lubiprostone
Maprotiline	DRUG_COMBINATION	Novobiocin
Maprotiline	DRUG_COMBINATION	Isoprenaline
Maprotiline	DRUG_COMBINATION	Iloprost
Maprotiline	DRUG_COMBINATION	Sertraline
Maprotiline	DRUG_COMBINATION	Desoxycorticosterone pivalate
Maprotiline	DRUG_COMBINATION	Oseltamivir
Maprotiline	DRUG_COMBINATION	Mesalazine
Maprotiline	DRUG_COMBINATION	Theophylline
Maprotiline	DRUG_COMBINATION	Liothyronine
Maprotiline	DRUG_COMBINATION	Chlorambucil
Maprotiline	DRUG_COMBINATION	Ibutilide
Maprotiline	DRUG_COMBINATION	Gefitinib
Maprotiline	DRUG_COMBINATION	Dihydroergotamine
Maprotiline	DRUG_COMBINATION	Ethambutol
Maprotiline	DRUG_COMBINATION	Olanzapine
Maprotiline	DRUG_COMBINATION	Atenolol
Maprotiline	DRUG_COMBINATION	Nitisinone
Maprotiline	DRUG_COMBINATION	Methylergometrine
Maprotiline	DRUG_COMBINATION	Chlorzoxazone
Maprotiline	DRUG_COMBINATION	Kanamycin
Maprotiline	DRUG_COMBINATION	Idarubicin
Maprotiline	DRUG_COMBINATION	Chlormezanone
Maprotiline	DRUG_COMBINATION	Clindamycin
Maprotiline	DRUG_COMBINATION	Fomepizole
Maprotiline	DRUG_COMBINATION	Diphenidol
Maprotiline	DRUG_COMBINATION	Sorafenib
Maprotiline	DRUG_COMBINATION	Miglustat
Maprotiline	DRUG_COMBINATION	Spironolactone
Maprotiline	DRUG_COMBINATION	Methocarbamol
Maprotiline	DRUG_COMBINATION	Allopurinol
Maprotiline	DRUG_COMBINATION	Imipramine
Maprotiline	DRUG_COMBINATION	Mephenytoin
Maprotiline	DRUG_COMBINATION	Pentostatin
Maprotiline	DRUG_COMBINATION	Cisatracurium
Maprotiline	DRUG_COMBINATION	Vorinostat
Maprotiline	DRUG_COMBINATION	Amiloride
Maprotiline	DRUG_COMBINATION	Testosterone
Maprotiline	DRUG_COMBINATION	Efavirenz
Maprotiline	DRUG_COMBINATION	Ursodeoxycholic acid
Maprotiline	DRUG_COMBINATION	Everolimus
Maprotiline	DRUG_COMBINATION	Cilastatin
Maprotiline	DRUG_COMBINATION	Pargyline
Maprotiline	DRUG_COMBINATION	Genistein
Maprotiline	DRUG_COMBINATION	Oxyphenbutazone
Maprotiline	DRUG_COMBINATION	Mebendazole
Maprotiline	DRUG_COMBINATION	Dyphylline
Maprotiline	DRUG_COMBINATION	Metaxalone
Maprotiline	DRUG_COMBINATION	Trimethobenzamide
Maprotiline	DRUG_COMBINATION	Sumatriptan
Maprotiline	DRUG_COMBINATION	Aprepitant
Maprotiline	DRUG_COMBINATION	Galantamine
Maprotiline	DRUG_COMBINATION	Diethylcarbamazine
Maprotiline	DRUG_COMBINATION	Riluzole
Maprotiline	DRUG_COMBINATION	Zileuton
Maprotiline	DRUG_COMBINATION	Clopidogrel
Maprotiline	DRUG_COMBINATION	SN-38
Maprotiline	DRUG_COMBINATION	Mebutamate
Maprotiline	DRUG_COMBINATION	Niclosamide
Maprotiline	DRUG_COMBINATION	Metyrosine
Maprotiline	DRUG_COMBINATION	Acyclovir
Maprotiline	DRUG_COMBINATION	Primidone
Maprotiline	DRUG_COMBINATION	Tolazoline
Maprotiline	DRUG_COMBINATION	Acetazolamide
Maprotiline	DRUG_COMBINATION	Chlorphenesin
Maprotiline	DRUG_COMBINATION	Isosorbide dinitrate
Maprotiline	DRUG_COMBINATION	Sulfapyridine
Maprotiline	DRUG_COMBINATION	Testolactone
Maprotiline	DRUG_COMBINATION	Tiagabine
Maprotiline	DRUG_COMBINATION	Tinidazole
Maprotiline	DRUG_COMBINATION	Repaglinide
Maprotiline	DRUG_COMBINATION	Amantadine
Maprotiline	DRUG_COMBINATION	Meclofenamic acid
Maprotiline	DRUG_COMBINATION	Dronedarone
Maprotiline	DRUG_COMBINATION	Picoplatin
Maprotiline	DRUG_COMBINATION	Zaleplon
Maprotiline	DRUG_COMBINATION	Ezetimibe
Maprotiline	DRUG_COMBINATION	Ethinylestradiol
Maprotiline	DRUG_COMBINATION	Cytarabine
Maprotiline	DRUG_COMBINATION	Dopamine
Maprotiline	DRUG_COMBINATION	Pizotifen
Maprotiline	DRUG_COMBINATION	{4-[3-(4-acetyl-3-hydroxy-2-propylphenoxy)propoxy]phenoxy}acetic acid
Maprotiline	DRUG_COMBINATION	Aliskiren
Maprotiline	DRUG_COMBINATION	Eflornithine
Maprotiline	DRUG_COMBINATION	Methylene blue
Maprotiline	DRUG_COMBINATION	Mardepodect
Maprotiline	DRUG_COMBINATION	Triapine
Maprotiline	DRUG_COMBINATION	Panobinostat
Maprotiline	DRUG_COMBINATION	Anamorelin
Maprotiline	DRUG_COMBINATION	Brincidofovir
Maprotiline	DRUG_COMBINATION	Ginkgolide A
Maprotiline	DRUG_COMBINATION	10-hydroxycamptothecin
Maprotiline	DRUG_COMBINATION	Emetine
Maprotiline	DRUG_COMBINATION	K-134
Maprotiline	DRUG_COMBINATION	Benserazide
Maprotiline	DRUG_COMBINATION	Luteolin
Oxymetazoline	DRUG_COMBINATION	Esketamine
Salmeterol	DRUG_COMBINATION	Fluticasone propionate
Salmeterol	DRUG_COMBINATION	Formoterol
Meclofenamic acid	DRUG_COMBINATION	Fomepizole
Meclofenamic acid	DRUG_COMBINATION	Darunavir
Meclofenamic acid	DRUG_COMBINATION	Methotrexate
Meclofenamic acid	DRUG_COMBINATION	Imatinib
Meclofenamic acid	DRUG_COMBINATION	Moricizine
Meclofenamic acid	DRUG_COMBINATION	Raltegravir
Meclofenamic acid	DRUG_COMBINATION	Acyclovir
Meclofenamic acid	DRUG_COMBINATION	Maprotiline
Meclofenamic acid	DRUG_COMBINATION	Dronedarone
Acetylsalicylic acid	DRUG_COMBINATION	Bivalirudin
Acetylsalicylic acid	DRUG_COMBINATION	Ponatinib
Acetylsalicylic acid	DRUG_COMBINATION	Dimethyl fumarate
Acetylsalicylic acid	DRUG_COMBINATION	Levofloxacin
Acetylsalicylic acid	DRUG_COMBINATION	Caffeine
Acetylsalicylic acid	DRUG_COMBINATION	Pantoprazole
Acetylsalicylic acid	DRUG_COMBINATION	Acetaminophen
Acetylsalicylic acid	DRUG_COMBINATION	Ketorolac
Acetylsalicylic acid	DRUG_COMBINATION	Colchicine
Acetylsalicylic acid	DRUG_COMBINATION	Losartan
Acetylsalicylic acid	DRUG_COMBINATION	Warfarin
Acetylsalicylic acid	DRUG_COMBINATION	Lamivudine
Acetylsalicylic acid	DRUG_COMBINATION	Esomeprazole
Acetylsalicylic acid	DRUG_COMBINATION	Zileuton
Acetylsalicylic acid	DRUG_COMBINATION	Clopidogrel
Acetylsalicylic acid	DRUG_COMBINATION	Doconexent
Acetylsalicylic acid	DRUG_COMBINATION	Tirofiban
Acetylsalicylic acid	DRUG_COMBINATION	Naproxen
Acetylsalicylic acid	DRUG_COMBINATION	Pseudoephedrine
Acetylsalicylic acid	DRUG_COMBINATION	Prednisolone
Acetylsalicylic acid	DRUG_COMBINATION	Hydroxyurea
Acetylsalicylic acid	DRUG_COMBINATION	Cytisine
Acetylsalicylic acid	DRUG_COMBINATION	Rivaroxaban
Acetylsalicylic acid	DRUG_COMBINATION	Eflornithine
Acetylsalicylic acid	DRUG_COMBINATION	Osimertinib
Acetylsalicylic acid	DRUG_COMBINATION	Vinpocetine
Acetylsalicylic acid	DRUG_COMBINATION	Sarpogrelate
Acetylsalicylic acid	DRUG_COMBINATION	Marizomib
Acetylsalicylic acid	DRUG_COMBINATION	Acetylsalicylic acid
Phenprocoumon	DRUG_COMBINATION	Bortezomib
Phenprocoumon	DRUG_COMBINATION	Mefloquine
Phenprocoumon	DRUG_COMBINATION	Cerivastatin
Phenprocoumon	DRUG_COMBINATION	Acenocoumarol
Phenprocoumon	DRUG_COMBINATION	Vorinostat
Phenprocoumon	DRUG_COMBINATION	Epinephrine
Phenprocoumon	DRUG_COMBINATION	Aprepitant
Phenprocoumon	DRUG_COMBINATION	Pentamidine
Phenprocoumon	DRUG_COMBINATION	Mebutamate
Phenprocoumon	DRUG_COMBINATION	Niclosamide
Phenprocoumon	DRUG_COMBINATION	Fosfomycin
Phenprocoumon	DRUG_COMBINATION	Tiagabine
Phenprocoumon	DRUG_COMBINATION	Mardepodect
Phenprocoumon	DRUG_COMBINATION	Panobinostat
Phenprocoumon	DRUG_COMBINATION	Carglumic acid
Fulvestrant	DRUG_COMBINATION	Goserelin
Fulvestrant	DRUG_COMBINATION	Cabozantinib
Fulvestrant	DRUG_COMBINATION	Regorafenib
Fulvestrant	DRUG_COMBINATION	Enzalutamide
Fulvestrant	DRUG_COMBINATION	Formestane
Fulvestrant	DRUG_COMBINATION	Pomalidomide
Fulvestrant	DRUG_COMBINATION	Capecitabine
Fulvestrant	DRUG_COMBINATION	Quinacrine
Fulvestrant	DRUG_COMBINATION	Bortezomib
Fulvestrant	DRUG_COMBINATION	Chlorambucil
Fulvestrant	DRUG_COMBINATION	Mitomycin
Fulvestrant	DRUG_COMBINATION	Gefitinib
Fulvestrant	DRUG_COMBINATION	Idarubicin
Fulvestrant	DRUG_COMBINATION	Ifosfamide
Fulvestrant	DRUG_COMBINATION	Anastrozole
Fulvestrant	DRUG_COMBINATION	Docetaxel
Fulvestrant	DRUG_COMBINATION	Dasatinib
Fulvestrant	DRUG_COMBINATION	Lapatinib
Fulvestrant	DRUG_COMBINATION	Sorafenib
Fulvestrant	DRUG_COMBINATION	Raloxifene
Fulvestrant	DRUG_COMBINATION	Altretamine
Fulvestrant	DRUG_COMBINATION	Cisplatin
Fulvestrant	DRUG_COMBINATION	Erlotinib
Fulvestrant	DRUG_COMBINATION	Cyclophosphamide
Fulvestrant	DRUG_COMBINATION	Pentostatin
Fulvestrant	DRUG_COMBINATION	Methotrexate
Fulvestrant	DRUG_COMBINATION	Everolimus
Fulvestrant	DRUG_COMBINATION	Dyphylline
Fulvestrant	DRUG_COMBINATION	Pralatrexate
Fulvestrant	DRUG_COMBINATION	Azacitidine
Fulvestrant	DRUG_COMBINATION	Isoniazid
Fulvestrant	DRUG_COMBINATION	Ixabepilone
Fulvestrant	DRUG_COMBINATION	Tipifarnib
Fulvestrant	DRUG_COMBINATION	Exemestane
Fulvestrant	DRUG_COMBINATION	Letrozole
Fulvestrant	DRUG_COMBINATION	Busulfan
Fulvestrant	DRUG_COMBINATION	Palbociclib
Fulvestrant	DRUG_COMBINATION	Olaparib
Fulvestrant	DRUG_COMBINATION	Vandetanib
Fulvestrant	DRUG_COMBINATION	Gedatolisib
Fulvestrant	DRUG_COMBINATION	Binimetinib
Fulvestrant	DRUG_COMBINATION	Abemaciclib
Fulvestrant	DRUG_COMBINATION	Alpelisib
Fulvestrant	DRUG_COMBINATION	Enzastaurin
Fulvestrant	DRUG_COMBINATION	Panobinostat
Fulvestrant	DRUG_COMBINATION	Taselisib
Fulvestrant	DRUG_COMBINATION	Apitolisib
Fulvestrant	DRUG_COMBINATION	Capivasertib
Fulvestrant	DRUG_COMBINATION	Tretamine
Fulvestrant	DRUG_COMBINATION	Venetoclax
Fulvestrant	DRUG_COMBINATION	Tucatinib
Fulvestrant	DRUG_COMBINATION	Pictilisib
Fulvestrant	DRUG_COMBINATION	Buparlisib
Fulvestrant	DRUG_COMBINATION	10-hydroxycamptothecin
Fulvestrant	DRUG_COMBINATION	Selumetinib
Fulvestrant	DRUG_COMBINATION	Ribociclib
Fulvestrant	DRUG_COMBINATION	Ipatasertib
Fulvestrant	DRUG_COMBINATION	Niraparib
Fulvestrant	DRUG_COMBINATION	Neratinib
Fulvestrant	DRUG_COMBINATION	Sapanisertib
Fulvestrant	DRUG_COMBINATION	Entinostat
Fexofenadine	DRUG_COMBINATION	Montelukast
Fexofenadine	DRUG_COMBINATION	Midazolam
Isoniazid	DRUG_COMBINATION	Fluconazole
Isoniazid	DRUG_COMBINATION	Chlorambucil
Isoniazid	DRUG_COMBINATION	Mitomycin
Isoniazid	DRUG_COMBINATION	Methadone
Isoniazid	DRUG_COMBINATION	Idarubicin
Isoniazid	DRUG_COMBINATION	Ifosfamide
Isoniazid	DRUG_COMBINATION	Rifapentine
Isoniazid	DRUG_COMBINATION	Cisplatin
Isoniazid	DRUG_COMBINATION	Cyclophosphamide
Isoniazid	DRUG_COMBINATION	Pentostatin
Isoniazid	DRUG_COMBINATION	Misoprostol
Isoniazid	DRUG_COMBINATION	Marizomib
Flunarizine	DRUG_COMBINATION	Idarubicin
Fluspirilene	DRUG_COMBINATION	Chlorzoxazone
Fluspirilene	DRUG_COMBINATION	Fomepizole
Fluspirilene	DRUG_COMBINATION	Dantrolene
Fluspirilene	DRUG_COMBINATION	Docetaxel
Fluspirilene	DRUG_COMBINATION	Pramipexole
Fluspirilene	DRUG_COMBINATION	Quinine
Fluspirilene	DRUG_COMBINATION	Nabilone
Fluspirilene	DRUG_COMBINATION	Entacapone
Fluspirilene	DRUG_COMBINATION	Chloroquine
Fluspirilene	DRUG_COMBINATION	Sumatriptan
Fluspirilene	DRUG_COMBINATION	Tamoxifen
Fluspirilene	DRUG_COMBINATION	Pentamidine
Fluspirilene	DRUG_COMBINATION	Clopidogrel
Fluspirilene	DRUG_COMBINATION	Trifluoperazine
Fluspirilene	DRUG_COMBINATION	Amantadine
Fluspirilene	DRUG_COMBINATION	Maprotiline
Fluspirilene	DRUG_COMBINATION	Dactinomycin
Fluspirilene	DRUG_COMBINATION	Armodafinil
Fluspirilene	DRUG_COMBINATION	Artemisinin
Ixabepilone	DRUG_COMBINATION	Rifampin
Ixabepilone	DRUG_COMBINATION	Capecitabine
Ixabepilone	DRUG_COMBINATION	Bortezomib
Ixabepilone	DRUG_COMBINATION	Dasatinib
Ixabepilone	DRUG_COMBINATION	Epirubicin
Ixabepilone	DRUG_COMBINATION	Cisplatin
Ixabepilone	DRUG_COMBINATION	Cyclophosphamide
Ixabepilone	DRUG_COMBINATION	Hydroxychloroquine
Ixabepilone	DRUG_COMBINATION	Pemetrexed
Ixabepilone	DRUG_COMBINATION	Panobinostat
Ixabepilone	DRUG_COMBINATION	Marizomib
Roxadustat	DRUG_COMBINATION	Warfarin
Cediranib	DRUG_COMBINATION	Panobinostat
Febuxostat	DRUG_COMBINATION	Allopurinol
Febuxostat	DRUG_COMBINATION	Colchicine
Febuxostat	DRUG_COMBINATION	Lesinurad
Febuxostat	DRUG_COMBINATION	Arhalofenate
Dronedarone	DRUG_COMBINATION	Pomalidomide
Dronedarone	DRUG_COMBINATION	Leflunomide
Dronedarone	DRUG_COMBINATION	Sertraline
Dronedarone	DRUG_COMBINATION	Bortezomib
Dronedarone	DRUG_COMBINATION	Gefitinib
Dronedarone	DRUG_COMBINATION	Chlorzoxazone
Dronedarone	DRUG_COMBINATION	Terazosin
Dronedarone	DRUG_COMBINATION	Fomepizole
Dronedarone	DRUG_COMBINATION	Sunitinib
Dronedarone	DRUG_COMBINATION	Hydralazine
Dronedarone	DRUG_COMBINATION	Cerivastatin
Dronedarone	DRUG_COMBINATION	Triflupromazine
Dronedarone	DRUG_COMBINATION	Fenoprofen
Dronedarone	DRUG_COMBINATION	Trimethobenzamide
Dronedarone	DRUG_COMBINATION	Diethylcarbamazine
Dronedarone	DRUG_COMBINATION	Clopidogrel
Dronedarone	DRUG_COMBINATION	Trioxsalen
Dronedarone	DRUG_COMBINATION	Mebutamate
Dronedarone	DRUG_COMBINATION	Metyrosine
Dronedarone	DRUG_COMBINATION	Loperamide
Dronedarone	DRUG_COMBINATION	Tiagabine
Dronedarone	DRUG_COMBINATION	Fluspirilene
Dronedarone	DRUG_COMBINATION	Picoplatin
Dronedarone	DRUG_COMBINATION	Cytarabine
Dronedarone	DRUG_COMBINATION	Methylene blue
Dronedarone	DRUG_COMBINATION	Triapine
Dronedarone	DRUG_COMBINATION	Brincidofovir
Dronedarone	DRUG_COMBINATION	Artemisinin
Dronedarone	DRUG_COMBINATION	Emetine
Nebivolol	DRUG_COMBINATION	Ramipril
Nebivolol	DRUG_COMBINATION	Metoprolol
Nebivolol	DRUG_COMBINATION	Amlodipine
Nebivolol	DRUG_COMBINATION	Hydrochlorothiazide
Merimepodib	DRUG_COMBINATION	Remdesivir
Omacetaxine mepesuccinate	DRUG_COMBINATION	Ruxolitinib
Omacetaxine mepesuccinate	DRUG_COMBINATION	Primaquine
Omacetaxine mepesuccinate	DRUG_COMBINATION	Miconazole
Omacetaxine mepesuccinate	DRUG_COMBINATION	Diltiazem
Omacetaxine mepesuccinate	DRUG_COMBINATION	Mefloquine
Omacetaxine mepesuccinate	DRUG_COMBINATION	Idarubicin
Omacetaxine mepesuccinate	DRUG_COMBINATION	Docetaxel
Omacetaxine mepesuccinate	DRUG_COMBINATION	Decitabine
Omacetaxine mepesuccinate	DRUG_COMBINATION	Quinine
Omacetaxine mepesuccinate	DRUG_COMBINATION	Ritonavir
Omacetaxine mepesuccinate	DRUG_COMBINATION	4-Hydroxy-3,5-Dimethyl-5-(2-Methyl-Buta-1,3-Dienyl)-5h-Thiophen-2-One
Omacetaxine mepesuccinate	DRUG_COMBINATION	Verapamil
Omacetaxine mepesuccinate	DRUG_COMBINATION	Apilimod
Omacetaxine mepesuccinate	DRUG_COMBINATION	Patupilone
Omacetaxine mepesuccinate	DRUG_COMBINATION	Azacitidine
Omacetaxine mepesuccinate	DRUG_COMBINATION	Cytarabine
Omacetaxine mepesuccinate	DRUG_COMBINATION	Bardoxolone methyl
Omacetaxine mepesuccinate	DRUG_COMBINATION	Panobinostat
Omacetaxine mepesuccinate	DRUG_COMBINATION	Pyronaridine
Omacetaxine mepesuccinate	DRUG_COMBINATION	Lumefantrine
Omacetaxine mepesuccinate	DRUG_COMBINATION	Sarpogrelate
Omacetaxine mepesuccinate	DRUG_COMBINATION	GDC-0810
Omacetaxine mepesuccinate	DRUG_COMBINATION	Artemisinin
Omacetaxine mepesuccinate	DRUG_COMBINATION	Bifemelane
Omacetaxine mepesuccinate	DRUG_COMBINATION	Omacetaxine mepesuccinate
Nilotinib	DRUG_COMBINATION	Ruxolitinib
Nilotinib	DRUG_COMBINATION	Formestane
Nilotinib	DRUG_COMBINATION	Pomalidomide
Nilotinib	DRUG_COMBINATION	Quinacrine
Nilotinib	DRUG_COMBINATION	Bleomycin
Nilotinib	DRUG_COMBINATION	Chlorambucil
Nilotinib	DRUG_COMBINATION	Mitomycin
Nilotinib	DRUG_COMBINATION	Nitisinone
Nilotinib	DRUG_COMBINATION	Idarubicin
Nilotinib	DRUG_COMBINATION	Ifosfamide
Nilotinib	DRUG_COMBINATION	Paclitaxel
Nilotinib	DRUG_COMBINATION	Docetaxel
Nilotinib	DRUG_COMBINATION	Dasatinib
Nilotinib	DRUG_COMBINATION	Lapatinib
Nilotinib	DRUG_COMBINATION	Valrubicin
Nilotinib	DRUG_COMBINATION	Sorafenib
Nilotinib	DRUG_COMBINATION	Raloxifene
Nilotinib	DRUG_COMBINATION	Altretamine
Nilotinib	DRUG_COMBINATION	Cisplatin
Nilotinib	DRUG_COMBINATION	Cyclophosphamide
Nilotinib	DRUG_COMBINATION	Pentostatin
Nilotinib	DRUG_COMBINATION	PD173955
Nilotinib	DRUG_COMBINATION	Chloroquine
Nilotinib	DRUG_COMBINATION	Imatinib
Nilotinib	DRUG_COMBINATION	Dyphylline
Nilotinib	DRUG_COMBINATION	Pralatrexate
Nilotinib	DRUG_COMBINATION	Sirolimus
Nilotinib	DRUG_COMBINATION	Fulvestrant
Nilotinib	DRUG_COMBINATION	Isoniazid
Nilotinib	DRUG_COMBINATION	Ixabepilone
Nilotinib	DRUG_COMBINATION	Busulfan
Nilotinib	DRUG_COMBINATION	Terameprocol
Nilotinib	DRUG_COMBINATION	Tretamine
Lorcaserin	DRUG_COMBINATION	Varenicline
Picoplatin	DRUG_COMBINATION	Vemurafenib
Picoplatin	DRUG_COMBINATION	Formestane
Picoplatin	DRUG_COMBINATION	Pomalidomide
Picoplatin	DRUG_COMBINATION	Mercaptopurine
Picoplatin	DRUG_COMBINATION	Memantine
Picoplatin	DRUG_COMBINATION	Abacavir
Picoplatin	DRUG_COMBINATION	Quinacrine
Picoplatin	DRUG_COMBINATION	Bortezomib
Picoplatin	DRUG_COMBINATION	Pamidronic acid
Picoplatin	DRUG_COMBINATION	Bleomycin
Picoplatin	DRUG_COMBINATION	Chlorambucil
Picoplatin	DRUG_COMBINATION	Mitomycin
Picoplatin	DRUG_COMBINATION	Gefitinib
Picoplatin	DRUG_COMBINATION	Chlorzoxazone
Picoplatin	DRUG_COMBINATION	Mefloquine
Picoplatin	DRUG_COMBINATION	Cilostazol
Picoplatin	DRUG_COMBINATION	Itraconazole
Picoplatin	DRUG_COMBINATION	Idarubicin
Picoplatin	DRUG_COMBINATION	Ifosfamide
Picoplatin	DRUG_COMBINATION	Estramustine
Picoplatin	DRUG_COMBINATION	Docetaxel
Picoplatin	DRUG_COMBINATION	Dasatinib
Picoplatin	DRUG_COMBINATION	Lapatinib
Picoplatin	DRUG_COMBINATION	Sunitinib
Picoplatin	DRUG_COMBINATION	Valrubicin
Picoplatin	DRUG_COMBINATION	Cerivastatin
Picoplatin	DRUG_COMBINATION	Raloxifene
Picoplatin	DRUG_COMBINATION	Celecoxib
Picoplatin	DRUG_COMBINATION	Altretamine
Picoplatin	DRUG_COMBINATION	Cisplatin
Picoplatin	DRUG_COMBINATION	Cyclophosphamide
Picoplatin	DRUG_COMBINATION	Methotrexate
Picoplatin	DRUG_COMBINATION	Fenoprofen
Picoplatin	DRUG_COMBINATION	Imatinib
Picoplatin	DRUG_COMBINATION	Dyphylline
Picoplatin	DRUG_COMBINATION	Aprepitant
Picoplatin	DRUG_COMBINATION	Pentamidine
Picoplatin	DRUG_COMBINATION	Zileuton
Picoplatin	DRUG_COMBINATION	SN-38
Picoplatin	DRUG_COMBINATION	Plicamycin
Picoplatin	DRUG_COMBINATION	Pralatrexate
Picoplatin	DRUG_COMBINATION	Tolazoline
Picoplatin	DRUG_COMBINATION	Chlorphenesin
Picoplatin	DRUG_COMBINATION	Tiagabine
Picoplatin	DRUG_COMBINATION	Azacitidine
Picoplatin	DRUG_COMBINATION	Isoniazid
Picoplatin	DRUG_COMBINATION	Ixabepilone
Picoplatin	DRUG_COMBINATION	Nilotinib
Picoplatin	DRUG_COMBINATION	Tamibarotene
Picoplatin	DRUG_COMBINATION	Dactinomycin
Picoplatin	DRUG_COMBINATION	Letrozole
Picoplatin	DRUG_COMBINATION	Busulfan
Picoplatin	DRUG_COMBINATION	Romidepsin
Picoplatin	DRUG_COMBINATION	Triapine
Picoplatin	DRUG_COMBINATION	Dinaciclib
Picoplatin	DRUG_COMBINATION	Terameprocol
Picoplatin	DRUG_COMBINATION	Crizotinib
Picoplatin	DRUG_COMBINATION	Liarozole
Picoplatin	DRUG_COMBINATION	Tretamine
Picoplatin	DRUG_COMBINATION	Modufolin
Pralnacasan	DRUG_COMBINATION	Marizomib
Elesclomol	DRUG_COMBINATION	Ruxolitinib
Elesclomol	DRUG_COMBINATION	Mitomycin
Elesclomol	DRUG_COMBINATION	Ibrutinib
Irofulven	DRUG_COMBINATION	Docetaxel
Cositecan	DRUG_COMBINATION	Valproic acid
Abiraterone	DRUG_COMBINATION	Goserelin
Abiraterone	DRUG_COMBINATION	Cabozantinib
Abiraterone	DRUG_COMBINATION	Ruxolitinib
Abiraterone	DRUG_COMBINATION	Vemurafenib
Abiraterone	DRUG_COMBINATION	Enzalutamide
Abiraterone	DRUG_COMBINATION	Formestane
Abiraterone	DRUG_COMBINATION	Pomalidomide
Abiraterone	DRUG_COMBINATION	Topotecan
Abiraterone	DRUG_COMBINATION	Mercaptopurine
Abiraterone	DRUG_COMBINATION	Fludarabine
Abiraterone	DRUG_COMBINATION	Quinacrine
Abiraterone	DRUG_COMBINATION	Dutasteride
Abiraterone	DRUG_COMBINATION	Bortezomib
Abiraterone	DRUG_COMBINATION	Bleomycin
Abiraterone	DRUG_COMBINATION	Chlorambucil
Abiraterone	DRUG_COMBINATION	Mitomycin
Abiraterone	DRUG_COMBINATION	Gefitinib
Abiraterone	DRUG_COMBINATION	Tioguanine
Abiraterone	DRUG_COMBINATION	Idarubicin
Abiraterone	DRUG_COMBINATION	Ifosfamide
Abiraterone	DRUG_COMBINATION	Estramustine
Abiraterone	DRUG_COMBINATION	Anastrozole
Abiraterone	DRUG_COMBINATION	Paclitaxel
Abiraterone	DRUG_COMBINATION	Docetaxel
Abiraterone	DRUG_COMBINATION	Dasatinib
Abiraterone	DRUG_COMBINATION	Lapatinib
Abiraterone	DRUG_COMBINATION	Sunitinib
Abiraterone	DRUG_COMBINATION	Dexrazoxane
Abiraterone	DRUG_COMBINATION	Valrubicin
Abiraterone	DRUG_COMBINATION	Sorafenib
Abiraterone	DRUG_COMBINATION	Trifluridine
Abiraterone	DRUG_COMBINATION	Epirubicin
Abiraterone	DRUG_COMBINATION	Lenalidomide
Abiraterone	DRUG_COMBINATION	Raloxifene
Abiraterone	DRUG_COMBINATION	Celecoxib
Abiraterone	DRUG_COMBINATION	Altretamine
Abiraterone	DRUG_COMBINATION	Cisplatin
Abiraterone	DRUG_COMBINATION	Cyclophosphamide
Abiraterone	DRUG_COMBINATION	Pentostatin
Abiraterone	DRUG_COMBINATION	Digitoxin
Abiraterone	DRUG_COMBINATION	Imatinib
Abiraterone	DRUG_COMBINATION	Genistein
Abiraterone	DRUG_COMBINATION	Prednisone
Abiraterone	DRUG_COMBINATION	Dyphylline
Abiraterone	DRUG_COMBINATION	Hydrocortisone
Abiraterone	DRUG_COMBINATION	Niclosamide
Abiraterone	DRUG_COMBINATION	Plicamycin
Abiraterone	DRUG_COMBINATION	Pralatrexate
Abiraterone	DRUG_COMBINATION	Uracil mustard
Abiraterone	DRUG_COMBINATION	Dacarbazine
Abiraterone	DRUG_COMBINATION	Prednisolone
Abiraterone	DRUG_COMBINATION	Sirolimus
Abiraterone	DRUG_COMBINATION	Mechlorethamine
Abiraterone	DRUG_COMBINATION	Azacitidine
Abiraterone	DRUG_COMBINATION	Fulvestrant
Abiraterone	DRUG_COMBINATION	Isoniazid
Abiraterone	DRUG_COMBINATION	Ixabepilone
Abiraterone	DRUG_COMBINATION	Nilotinib
Abiraterone	DRUG_COMBINATION	Picoplatin
Abiraterone	DRUG_COMBINATION	Tamibarotene
Abiraterone	DRUG_COMBINATION	Amonafide
Abiraterone	DRUG_COMBINATION	Dactinomycin
Abiraterone	DRUG_COMBINATION	Letrozole
Abiraterone	DRUG_COMBINATION	Busulfan
Abiraterone	DRUG_COMBINATION	Romidepsin
Abiraterone	DRUG_COMBINATION	Vandetanib
Abiraterone	DRUG_COMBINATION	Apalutamide
Abiraterone	DRUG_COMBINATION	Triapine
Abiraterone	DRUG_COMBINATION	Abemaciclib
Abiraterone	DRUG_COMBINATION	Dinaciclib
Abiraterone	DRUG_COMBINATION	Axitinib
Abiraterone	DRUG_COMBINATION	Cabazitaxel
Abiraterone	DRUG_COMBINATION	Capivasertib
Abiraterone	DRUG_COMBINATION	Terameprocol
Abiraterone	DRUG_COMBINATION	Vismodegib
Abiraterone	DRUG_COMBINATION	Crizotinib
Abiraterone	DRUG_COMBINATION	Liarozole
Abiraterone	DRUG_COMBINATION	Tretamine
Abiraterone	DRUG_COMBINATION	Navitoclax
Abiraterone	DRUG_COMBINATION	10-hydroxycamptothecin
Abiraterone	DRUG_COMBINATION	Onapristone
Abiraterone	DRUG_COMBINATION	Modufolin
Abiraterone	DRUG_COMBINATION	Abiraterone
Laromustine	DRUG_COMBINATION	Cytarabine
7-Hydroxystaurosporine	DRUG_COMBINATION	Panobinostat
7-Hydroxystaurosporine	DRUG_COMBINATION	Perifosine
7-Hydroxystaurosporine	DRUG_COMBINATION	Marizomib
Staurosporine	DRUG_COMBINATION	Panobinostat
Staurosporine	DRUG_COMBINATION	Marizomib
PLX-4720	DRUG_COMBINATION	Idarubicin
PLX-4720	DRUG_COMBINATION	Ibrutinib
PLX-4720	DRUG_COMBINATION	Panobinostat
Berberine	DRUG_COMBINATION	Piperaquine
Berberine	DRUG_COMBINATION	Rabeprazole
Berberine	DRUG_COMBINATION	Proguanil
Berberine	DRUG_COMBINATION	Carvedilol
Berberine	DRUG_COMBINATION	Clindamycin
Berberine	DRUG_COMBINATION	Naltrexone
Berberine	DRUG_COMBINATION	Pyronaridine
Berberine	DRUG_COMBINATION	Lumefantrine
Oritavancin	DRUG_COMBINATION	Warfarin
Idronoxil	DRUG_COMBINATION	Docetaxel
Eritoran	DRUG_COMBINATION	Apremilast
Ospemifene	DRUG_COMBINATION	Ruxolitinib
Ospemifene	DRUG_COMBINATION	Idarubicin
Ospemifene	DRUG_COMBINATION	Colchicine
Ospemifene	DRUG_COMBINATION	Panobinostat
Ospemifene	DRUG_COMBINATION	GDC-0810
Ospemifene	DRUG_COMBINATION	Mizoribine
Tamibarotene	DRUG_COMBINATION	Formestane
Tamibarotene	DRUG_COMBINATION	Pomalidomide
Tamibarotene	DRUG_COMBINATION	Bortezomib
Tamibarotene	DRUG_COMBINATION	Bleomycin
Tamibarotene	DRUG_COMBINATION	Chlorambucil
Tamibarotene	DRUG_COMBINATION	Mitomycin
Tamibarotene	DRUG_COMBINATION	Idarubicin
Tamibarotene	DRUG_COMBINATION	Ifosfamide
Tamibarotene	DRUG_COMBINATION	Estramustine
Tamibarotene	DRUG_COMBINATION	Paclitaxel
Tamibarotene	DRUG_COMBINATION	Docetaxel
Tamibarotene	DRUG_COMBINATION	Dasatinib
Tamibarotene	DRUG_COMBINATION	Lapatinib
Tamibarotene	DRUG_COMBINATION	Sunitinib
Tamibarotene	DRUG_COMBINATION	Valrubicin
Tamibarotene	DRUG_COMBINATION	Sorafenib
Tamibarotene	DRUG_COMBINATION	Raloxifene
Tamibarotene	DRUG_COMBINATION	Altretamine
Tamibarotene	DRUG_COMBINATION	Cisplatin
Tamibarotene	DRUG_COMBINATION	Cyclophosphamide
Tamibarotene	DRUG_COMBINATION	Pentostatin
Tamibarotene	DRUG_COMBINATION	Imatinib
Tamibarotene	DRUG_COMBINATION	Dyphylline
Tamibarotene	DRUG_COMBINATION	Plicamycin
Tamibarotene	DRUG_COMBINATION	Pralatrexate
Tamibarotene	DRUG_COMBINATION	Sirolimus
Tamibarotene	DRUG_COMBINATION	Azacitidine
Tamibarotene	DRUG_COMBINATION	Fulvestrant
Tamibarotene	DRUG_COMBINATION	Isoniazid
Tamibarotene	DRUG_COMBINATION	Ixabepilone
Tamibarotene	DRUG_COMBINATION	Nilotinib
Tamibarotene	DRUG_COMBINATION	Dactinomycin
Tamibarotene	DRUG_COMBINATION	Busulfan
Tamibarotene	DRUG_COMBINATION	Triapine
Tamibarotene	DRUG_COMBINATION	Dinaciclib
Tamibarotene	DRUG_COMBINATION	Panobinostat
Tamibarotene	DRUG_COMBINATION	Terameprocol
Tamibarotene	DRUG_COMBINATION	Tretamine
Tamibarotene	DRUG_COMBINATION	Venetoclax
Tamibarotene	DRUG_COMBINATION	10-hydroxycamptothecin
Tamibarotene	DRUG_COMBINATION	Marizomib
Acadesine	DRUG_COMBINATION	Idarubicin
Lofexidine	DRUG_COMBINATION	Dronabinol
Pirfenidone	DRUG_COMBINATION	Acetylcysteine
Tipifarnib	DRUG_COMBINATION	Capecitabine
Tipifarnib	DRUG_COMBINATION	Bortezomib
Tipifarnib	DRUG_COMBINATION	Mitomycin
Tipifarnib	DRUG_COMBINATION	Idarubicin
Tipifarnib	DRUG_COMBINATION	Imatinib
Tipifarnib	DRUG_COMBINATION	Temozolomide
Tipifarnib	DRUG_COMBINATION	Ibrutinib
Tipifarnib	DRUG_COMBINATION	Osimertinib
Lucanthone	DRUG_COMBINATION	Ruxolitinib
Lucanthone	DRUG_COMBINATION	Panobinostat
Rimiducid	DRUG_COMBINATION	Cyclophosphamide
Banoxantrone	DRUG_COMBINATION	Panobinostat
Belinostat	DRUG_COMBINATION	Ruxolitinib
Belinostat	DRUG_COMBINATION	Ponatinib
Belinostat	DRUG_COMBINATION	Trametinib
Belinostat	DRUG_COMBINATION	Atazanavir
Belinostat	DRUG_COMBINATION	Bortezomib
Belinostat	DRUG_COMBINATION	Mitomycin
Belinostat	DRUG_COMBINATION	Idarubicin
Belinostat	DRUG_COMBINATION	Gemcitabine
Belinostat	DRUG_COMBINATION	Azacitidine
Belinostat	DRUG_COMBINATION	Tanespimycin
Belinostat	DRUG_COMBINATION	Ceritinib
Belinostat	DRUG_COMBINATION	Panobinostat
Belinostat	DRUG_COMBINATION	Ribociclib
Belinostat	DRUG_COMBINATION	JQ1
Belinostat	DRUG_COMBINATION	Tazemetostat
Belinostat	DRUG_COMBINATION	BMS-754807
Belinostat	DRUG_COMBINATION	MK-2206
Amonafide	DRUG_COMBINATION	Ruxolitinib
Amonafide	DRUG_COMBINATION	Vemurafenib
Amonafide	DRUG_COMBINATION	Formestane
Amonafide	DRUG_COMBINATION	Topotecan
Amonafide	DRUG_COMBINATION	Mercaptopurine
Amonafide	DRUG_COMBINATION	Fludarabine
Amonafide	DRUG_COMBINATION	Quinacrine
Amonafide	DRUG_COMBINATION	Bortezomib
Amonafide	DRUG_COMBINATION	Bleomycin
Amonafide	DRUG_COMBINATION	Chlorambucil
Amonafide	DRUG_COMBINATION	Mitomycin
Amonafide	DRUG_COMBINATION	Tioguanine
Amonafide	DRUG_COMBINATION	Idarubicin
Amonafide	DRUG_COMBINATION	Ifosfamide
Amonafide	DRUG_COMBINATION	Estramustine
Amonafide	DRUG_COMBINATION	Paclitaxel
Amonafide	DRUG_COMBINATION	Dasatinib
Amonafide	DRUG_COMBINATION	Lapatinib
Amonafide	DRUG_COMBINATION	Sunitinib
Amonafide	DRUG_COMBINATION	Valrubicin
Amonafide	DRUG_COMBINATION	Sorafenib
Amonafide	DRUG_COMBINATION	Raloxifene
Amonafide	DRUG_COMBINATION	Celecoxib
Amonafide	DRUG_COMBINATION	Altretamine
Amonafide	DRUG_COMBINATION	Pentostatin
Amonafide	DRUG_COMBINATION	Methotrexate
Amonafide	DRUG_COMBINATION	Digitoxin
Amonafide	DRUG_COMBINATION	Imatinib
Amonafide	DRUG_COMBINATION	Dyphylline
Amonafide	DRUG_COMBINATION	Plicamycin
Amonafide	DRUG_COMBINATION	Pralatrexate
Amonafide	DRUG_COMBINATION	Uracil mustard
Amonafide	DRUG_COMBINATION	Dacarbazine
Amonafide	DRUG_COMBINATION	Sirolimus
Amonafide	DRUG_COMBINATION	Mechlorethamine
Amonafide	DRUG_COMBINATION	Azacitidine
Amonafide	DRUG_COMBINATION	Fulvestrant
Amonafide	DRUG_COMBINATION	Ixabepilone
Amonafide	DRUG_COMBINATION	Nilotinib
Amonafide	DRUG_COMBINATION	Tamibarotene
Amonafide	DRUG_COMBINATION	Dactinomycin
Amonafide	DRUG_COMBINATION	Busulfan
Amonafide	DRUG_COMBINATION	Romidepsin
Amonafide	DRUG_COMBINATION	Triapine
Amonafide	DRUG_COMBINATION	Panobinostat
Amonafide	DRUG_COMBINATION	Terameprocol
Amonafide	DRUG_COMBINATION	Crizotinib
Amonafide	DRUG_COMBINATION	Liarozole
Amonafide	DRUG_COMBINATION	Tretamine
Amonafide	DRUG_COMBINATION	10-hydroxycamptothecin
Amonafide	DRUG_COMBINATION	Modufolin
Methylprednisolone	DRUG_COMBINATION	Azithromycin
Methylprednisolone	DRUG_COMBINATION	Etomidate
Methylprednisolone	DRUG_COMBINATION	Ropivacaine
Methylprednisolone	DRUG_COMBINATION	Hydroxychloroquine
Methylprednisolone	DRUG_COMBINATION	Prednisone
Methylprednisolone	DRUG_COMBINATION	Prednisolone
Methylprednisolone	DRUG_COMBINATION	Azathioprine
Pindolol	DRUG_COMBINATION	Midomafetamine
Mepivacaine	DRUG_COMBINATION	Ropivacaine
Zaleplon	DRUG_COMBINATION	Leflunomide
Zaleplon	DRUG_COMBINATION	Diazoxide
Zaleplon	DRUG_COMBINATION	Bortezomib
Zaleplon	DRUG_COMBINATION	Theophylline
Zaleplon	DRUG_COMBINATION	Valproic acid
Zaleplon	DRUG_COMBINATION	Gefitinib
Zaleplon	DRUG_COMBINATION	Itraconazole
Zaleplon	DRUG_COMBINATION	Fomepizole
Zaleplon	DRUG_COMBINATION	Diphenidol
Zaleplon	DRUG_COMBINATION	Cerivastatin
Zaleplon	DRUG_COMBINATION	Buspirone
Zaleplon	DRUG_COMBINATION	Pentostatin
Zaleplon	DRUG_COMBINATION	Methotrexate
Zaleplon	DRUG_COMBINATION	Cisatracurium
Zaleplon	DRUG_COMBINATION	Vorinostat
Zaleplon	DRUG_COMBINATION	Imatinib
Zaleplon	DRUG_COMBINATION	Hydroxychloroquine
Zaleplon	DRUG_COMBINATION	Trimethobenzamide
Zaleplon	DRUG_COMBINATION	Epinephrine
Zaleplon	DRUG_COMBINATION	Aprepitant
Zaleplon	DRUG_COMBINATION	Acyclovir
Zaleplon	DRUG_COMBINATION	Repaglinide
Zaleplon	DRUG_COMBINATION	Amantadine
Zaleplon	DRUG_COMBINATION	Cytarabine
Zaleplon	DRUG_COMBINATION	Eflornithine
Zaleplon	DRUG_COMBINATION	Armodafinil
Zaleplon	DRUG_COMBINATION	Ginkgolide A
Zaleplon	DRUG_COMBINATION	Terameprocol
Telmisartan	DRUG_COMBINATION	Nifedipine
Telmisartan	DRUG_COMBINATION	Idarubicin
Telmisartan	DRUG_COMBINATION	Hydrochlorothiazide
Methyldopa	DRUG_COMBINATION	Labetalol
Methyldopa	DRUG_COMBINATION	Magnesium sulfate
Dactinomycin	DRUG_COMBINATION	Ruxolitinib
Dactinomycin	DRUG_COMBINATION	Pomalidomide
Dactinomycin	DRUG_COMBINATION	Mercaptopurine
Dactinomycin	DRUG_COMBINATION	Abacavir
Dactinomycin	DRUG_COMBINATION	Fludarabine
Dactinomycin	DRUG_COMBINATION	Quinacrine
Dactinomycin	DRUG_COMBINATION	Bortezomib
Dactinomycin	DRUG_COMBINATION	Citalopram
Dactinomycin	DRUG_COMBINATION	Aminosalicylic acid
Dactinomycin	DRUG_COMBINATION	Bleomycin
Dactinomycin	DRUG_COMBINATION	Chlorambucil
Dactinomycin	DRUG_COMBINATION	Mitomycin
Dactinomycin	DRUG_COMBINATION	Gefitinib
Dactinomycin	DRUG_COMBINATION	Diltiazem
Dactinomycin	DRUG_COMBINATION	Nitisinone
Dactinomycin	DRUG_COMBINATION	Methylergometrine
Dactinomycin	DRUG_COMBINATION	Idarubicin
Dactinomycin	DRUG_COMBINATION	Ifosfamide
Dactinomycin	DRUG_COMBINATION	Estramustine
Dactinomycin	DRUG_COMBINATION	Paclitaxel
Dactinomycin	DRUG_COMBINATION	Docetaxel
Dactinomycin	DRUG_COMBINATION	Dasatinib
Dactinomycin	DRUG_COMBINATION	Lapatinib
Dactinomycin	DRUG_COMBINATION	Sunitinib
Dactinomycin	DRUG_COMBINATION	Valrubicin
Dactinomycin	DRUG_COMBINATION	Sorafenib
Dactinomycin	DRUG_COMBINATION	Methocarbamol
Dactinomycin	DRUG_COMBINATION	Raloxifene
Dactinomycin	DRUG_COMBINATION	Celecoxib
Dactinomycin	DRUG_COMBINATION	Altretamine
Dactinomycin	DRUG_COMBINATION	Cisplatin
Dactinomycin	DRUG_COMBINATION	Albendazole
Dactinomycin	DRUG_COMBINATION	Cyclophosphamide
Dactinomycin	DRUG_COMBINATION	Pentostatin
Dactinomycin	DRUG_COMBINATION	Methotrexate
Dactinomycin	DRUG_COMBINATION	Digitoxin
Dactinomycin	DRUG_COMBINATION	Vorinostat
Dactinomycin	DRUG_COMBINATION	Vinblastine
Dactinomycin	DRUG_COMBINATION	Fenoprofen
Dactinomycin	DRUG_COMBINATION	Imatinib
Dactinomycin	DRUG_COMBINATION	Genistein
Dactinomycin	DRUG_COMBINATION	Dyphylline
Dactinomycin	DRUG_COMBINATION	Moricizine
Dactinomycin	DRUG_COMBINATION	Plicamycin
Dactinomycin	DRUG_COMBINATION	Pralatrexate
Dactinomycin	DRUG_COMBINATION	Raltegravir
Dactinomycin	DRUG_COMBINATION	Patupilone
Dactinomycin	DRUG_COMBINATION	Phensuximide
Dactinomycin	DRUG_COMBINATION	Sirolimus
Dactinomycin	DRUG_COMBINATION	Sulfapyridine
Dactinomycin	DRUG_COMBINATION	Tiagabine
Dactinomycin	DRUG_COMBINATION	Azacitidine
Dactinomycin	DRUG_COMBINATION	Maprotiline
Dactinomycin	DRUG_COMBINATION	Fulvestrant
Dactinomycin	DRUG_COMBINATION	Ixabepilone
Dactinomycin	DRUG_COMBINATION	Nilotinib
Dactinomycin	DRUG_COMBINATION	Tamibarotene
Dactinomycin	DRUG_COMBINATION	Ramelteon
Dactinomycin	DRUG_COMBINATION	Doxorubicin
Dactinomycin	DRUG_COMBINATION	Busulfan
Dactinomycin	DRUG_COMBINATION	Triapine
Dactinomycin	DRUG_COMBINATION	Dinaciclib
Dactinomycin	DRUG_COMBINATION	Terameprocol
Dactinomycin	DRUG_COMBINATION	Liarozole
Dactinomycin	DRUG_COMBINATION	Tretamine
Dactinomycin	DRUG_COMBINATION	10-hydroxycamptothecin
Dactinomycin	DRUG_COMBINATION	Dactinomycin
Ezetimibe	DRUG_COMBINATION	Ruxolitinib
Ezetimibe	DRUG_COMBINATION	Pomalidomide
Ezetimibe	DRUG_COMBINATION	Cyclosporine
Ezetimibe	DRUG_COMBINATION	Fenofibrate
Ezetimibe	DRUG_COMBINATION	Lubiprostone
Ezetimibe	DRUG_COMBINATION	Atorvastatin
Ezetimibe	DRUG_COMBINATION	Rosuvastatin
Ezetimibe	DRUG_COMBINATION	Valsartan
Ezetimibe	DRUG_COMBINATION	Liothyronine
Ezetimibe	DRUG_COMBINATION	Mefloquine
Ezetimibe	DRUG_COMBINATION	Kanamycin
Ezetimibe	DRUG_COMBINATION	Idarubicin
Ezetimibe	DRUG_COMBINATION	Estramustine
Ezetimibe	DRUG_COMBINATION	Dantrolene
Ezetimibe	DRUG_COMBINATION	Docetaxel
Ezetimibe	DRUG_COMBINATION	Sorafenib
Ezetimibe	DRUG_COMBINATION	Cerivastatin
Ezetimibe	DRUG_COMBINATION	Acitretin
Ezetimibe	DRUG_COMBINATION	Vinblastine
Ezetimibe	DRUG_COMBINATION	Fenoprofen
Ezetimibe	DRUG_COMBINATION	Tiagabine
Ezetimibe	DRUG_COMBINATION	Tinidazole
Ezetimibe	DRUG_COMBINATION	Doxorubicin
Ezetimibe	DRUG_COMBINATION	Ciprofibrate
Ezetimibe	DRUG_COMBINATION	Lacosamide
Ezetimibe	DRUG_COMBINATION	Dinaciclib
Ezetimibe	DRUG_COMBINATION	Brincidofovir
Ezetimibe	DRUG_COMBINATION	Pitavastatin
Ezetimibe	DRUG_COMBINATION	Emetine
Ezetimibe	DRUG_COMBINATION	Benserazide
Ezetimibe	DRUG_COMBINATION	Marizomib
Dipyridamole	DRUG_COMBINATION	Ruxolitinib
Telithromycin	DRUG_COMBINATION	Idarubicin
Ethinylestradiol	DRUG_COMBINATION	Leflunomide
Ethinylestradiol	DRUG_COMBINATION	Diazoxide
Ethinylestradiol	DRUG_COMBINATION	Diclofenamide
Ethinylestradiol	DRUG_COMBINATION	Bortezomib
Ethinylestradiol	DRUG_COMBINATION	Gefitinib
Ethinylestradiol	DRUG_COMBINATION	Atenolol
Ethinylestradiol	DRUG_COMBINATION	Chlorzoxazone
Ethinylestradiol	DRUG_COMBINATION	Mefloquine
Ethinylestradiol	DRUG_COMBINATION	Kanamycin
Ethinylestradiol	DRUG_COMBINATION	Idarubicin
Ethinylestradiol	DRUG_COMBINATION	Clindamycin
Ethinylestradiol	DRUG_COMBINATION	Estramustine
Ethinylestradiol	DRUG_COMBINATION	Dantrolene
Ethinylestradiol	DRUG_COMBINATION	Darunavir
Ethinylestradiol	DRUG_COMBINATION	Sunitinib
Ethinylestradiol	DRUG_COMBINATION	Pramipexole
Ethinylestradiol	DRUG_COMBINATION	Cerivastatin
Ethinylestradiol	DRUG_COMBINATION	Quinine
Ethinylestradiol	DRUG_COMBINATION	Acetohydroxamic acid
Ethinylestradiol	DRUG_COMBINATION	Methotrexate
Ethinylestradiol	DRUG_COMBINATION	Vorinostat
Ethinylestradiol	DRUG_COMBINATION	Oseltamivir acid
Ethinylestradiol	DRUG_COMBINATION	Vinblastine
Ethinylestradiol	DRUG_COMBINATION	Imatinib
Ethinylestradiol	DRUG_COMBINATION	Genistein
Ethinylestradiol	DRUG_COMBINATION	Dexmedetomidine
Ethinylestradiol	DRUG_COMBINATION	Dyphylline
Ethinylestradiol	DRUG_COMBINATION	Trimethobenzamide
Ethinylestradiol	DRUG_COMBINATION	Diethylcarbamazine
Ethinylestradiol	DRUG_COMBINATION	SN-38
Ethinylestradiol	DRUG_COMBINATION	Niclosamide
Ethinylestradiol	DRUG_COMBINATION	Metyrosine
Ethinylestradiol	DRUG_COMBINATION	Acyclovir
Ethinylestradiol	DRUG_COMBINATION	Methylene blue
Ethinylestradiol	DRUG_COMBINATION	Triapine
Ethinylestradiol	DRUG_COMBINATION	Panobinostat
Ethinylestradiol	DRUG_COMBINATION	Brincidofovir
Ethinylestradiol	DRUG_COMBINATION	Terameprocol
Ethinylestradiol	DRUG_COMBINATION	Clascoterone
Ramelteon	DRUG_COMBINATION	Lubiprostone
Ramelteon	DRUG_COMBINATION	Isoprenaline
Ramelteon	DRUG_COMBINATION	Liothyronine
Ramelteon	DRUG_COMBINATION	Valproic acid
Ramelteon	DRUG_COMBINATION	Gefitinib
Ramelteon	DRUG_COMBINATION	Atenolol
Ramelteon	DRUG_COMBINATION	Mefloquine
Ramelteon	DRUG_COMBINATION	Kanamycin
Ramelteon	DRUG_COMBINATION	Escitalopram
Ramelteon	DRUG_COMBINATION	Idarubicin
Ramelteon	DRUG_COMBINATION	Sunitinib
Ramelteon	DRUG_COMBINATION	Eszopiclone
Ramelteon	DRUG_COMBINATION	Pramipexole
Ramelteon	DRUG_COMBINATION	Enoxacin
Ramelteon	DRUG_COMBINATION	Triflupromazine
Ramelteon	DRUG_COMBINATION	Acetohydroxamic acid
Ramelteon	DRUG_COMBINATION	Methotrexate
Ramelteon	DRUG_COMBINATION	Vorinostat
Ramelteon	DRUG_COMBINATION	Vinblastine
Ramelteon	DRUG_COMBINATION	Genistein
Ramelteon	DRUG_COMBINATION	Dyphylline
Ramelteon	DRUG_COMBINATION	Epinephrine
Ramelteon	DRUG_COMBINATION	SN-38
Ramelteon	DRUG_COMBINATION	Metyrosine
Ramelteon	DRUG_COMBINATION	Acyclovir
Ramelteon	DRUG_COMBINATION	Phensuximide
Ramelteon	DRUG_COMBINATION	Tiagabine
Ramelteon	DRUG_COMBINATION	Tinidazole
Ramelteon	DRUG_COMBINATION	Maprotiline
Ramelteon	DRUG_COMBINATION	Triapine
Ramelteon	DRUG_COMBINATION	Citicoline
Ramelteon	DRUG_COMBINATION	Benserazide
Isotretinoin	DRUG_COMBINATION	Cabozantinib
Isotretinoin	DRUG_COMBINATION	Itraconazole
Isotretinoin	DRUG_COMBINATION	Procarbazine
Isotretinoin	DRUG_COMBINATION	Idarubicin
Isotretinoin	DRUG_COMBINATION	Paclitaxel
Isotretinoin	DRUG_COMBINATION	Erlotinib
Isotretinoin	DRUG_COMBINATION	Vorinostat
Isotretinoin	DRUG_COMBINATION	Valaciclovir
Isotretinoin	DRUG_COMBINATION	Temozolomide
Isotretinoin	DRUG_COMBINATION	Terbinafine
Formoterol	DRUG_COMBINATION	Aclidinium
Cytarabine	DRUG_COMBINATION	Ruxolitinib
Cytarabine	DRUG_COMBINATION	Linagliptin
Cytarabine	DRUG_COMBINATION	Guanfacine
Cytarabine	DRUG_COMBINATION	Probenecid
Cytarabine	DRUG_COMBINATION	Memantine
Cytarabine	DRUG_COMBINATION	Rifampin
Cytarabine	DRUG_COMBINATION	Novobiocin
Cytarabine	DRUG_COMBINATION	Isoprenaline
Cytarabine	DRUG_COMBINATION	Aminosalicylic acid
Cytarabine	DRUG_COMBINATION	Crotamiton
Cytarabine	DRUG_COMBINATION	Cefmenoxime
Cytarabine	DRUG_COMBINATION	Theophylline
Cytarabine	DRUG_COMBINATION	Liothyronine
Cytarabine	DRUG_COMBINATION	Etomidate
Cytarabine	DRUG_COMBINATION	Etonogestrel
Cytarabine	DRUG_COMBINATION	Ibutilide
Cytarabine	DRUG_COMBINATION	Dihydroergotamine
Cytarabine	DRUG_COMBINATION	Nitisinone
Cytarabine	DRUG_COMBINATION	Cilostazol
Cytarabine	DRUG_COMBINATION	Procarbazine
Cytarabine	DRUG_COMBINATION	Idarubicin
Cytarabine	DRUG_COMBINATION	Clindamycin
Cytarabine	DRUG_COMBINATION	Dantrolene
Cytarabine	DRUG_COMBINATION	Diphenidol
Cytarabine	DRUG_COMBINATION	Darunavir
Cytarabine	DRUG_COMBINATION	Sunitinib
Cytarabine	DRUG_COMBINATION	Hydralazine
Cytarabine	DRUG_COMBINATION	Palonosetron
Cytarabine	DRUG_COMBINATION	Triamterene
Cytarabine	DRUG_COMBINATION	Pramipexole
Cytarabine	DRUG_COMBINATION	Methocarbamol
Cytarabine	DRUG_COMBINATION	Cerivastatin
Cytarabine	DRUG_COMBINATION	Imipramine
Cytarabine	DRUG_COMBINATION	Enoxacin
Cytarabine	DRUG_COMBINATION	Albendazole
Cytarabine	DRUG_COMBINATION	Mephenytoin
Cytarabine	DRUG_COMBINATION	Acetohydroxamic acid
Cytarabine	DRUG_COMBINATION	Doxapram
Cytarabine	DRUG_COMBINATION	Vorinostat
Cytarabine	DRUG_COMBINATION	Chloroquine
Cytarabine	DRUG_COMBINATION	Oxandrolone
Cytarabine	DRUG_COMBINATION	Everolimus
Cytarabine	DRUG_COMBINATION	Hydroxychloroquine
Cytarabine	DRUG_COMBINATION	Oxyphenbutazone
Cytarabine	DRUG_COMBINATION	Mebendazole
Cytarabine	DRUG_COMBINATION	Trazodone
Cytarabine	DRUG_COMBINATION	Mecamylamine
Cytarabine	DRUG_COMBINATION	Acamprosate
Cytarabine	DRUG_COMBINATION	Metaxalone
Cytarabine	DRUG_COMBINATION	Epinephrine
Cytarabine	DRUG_COMBINATION	Sumatriptan
Cytarabine	DRUG_COMBINATION	Moricizine
Cytarabine	DRUG_COMBINATION	Zileuton
Cytarabine	DRUG_COMBINATION	SN-38
Cytarabine	DRUG_COMBINATION	Trioxsalen
Cytarabine	DRUG_COMBINATION	Acyclovir
Cytarabine	DRUG_COMBINATION	Tolazoline
Cytarabine	DRUG_COMBINATION	Fosfomycin
Cytarabine	DRUG_COMBINATION	Phensuximide
Cytarabine	DRUG_COMBINATION	Tacrolimus
Cytarabine	DRUG_COMBINATION	Tiagabine
Cytarabine	DRUG_COMBINATION	Repaglinide
Cytarabine	DRUG_COMBINATION	Amantadine
Cytarabine	DRUG_COMBINATION	Phenprocoumon
Cytarabine	DRUG_COMBINATION	Fluspirilene
Cytarabine	DRUG_COMBINATION	Ramelteon
Cytarabine	DRUG_COMBINATION	Pizotifen
Cytarabine	DRUG_COMBINATION	{4-[3-(4-acetyl-3-hydroxy-2-propylphenoxy)propoxy]phenoxy}acetic acid
Cytarabine	DRUG_COMBINATION	Aliskiren
Cytarabine	DRUG_COMBINATION	Ibrutinib
Cytarabine	DRUG_COMBINATION	Lacosamide
Cytarabine	DRUG_COMBINATION	Eflornithine
Cytarabine	DRUG_COMBINATION	Armodafinil
Cytarabine	DRUG_COMBINATION	Methylene blue
Cytarabine	DRUG_COMBINATION	Brincidofovir
Cytarabine	DRUG_COMBINATION	Ginkgolide A
Cytarabine	DRUG_COMBINATION	Carglumic acid
Cytarabine	DRUG_COMBINATION	Artemisinin
Cytarabine	DRUG_COMBINATION	Clascoterone
Cytarabine	DRUG_COMBINATION	Modufolin
Cytarabine	DRUG_COMBINATION	Eltanexor
Cytarabine	DRUG_COMBINATION	Sivelestat
Cytarabine	DRUG_COMBINATION	Luteolin
Dopamine	DRUG_COMBINATION	Topotecan
Dopamine	DRUG_COMBINATION	Diazoxide
Dopamine	DRUG_COMBINATION	Desoxycorticosterone pivalate
Dopamine	DRUG_COMBINATION	Liothyronine
Dopamine	DRUG_COMBINATION	Gefitinib
Dopamine	DRUG_COMBINATION	Mefloquine
Dopamine	DRUG_COMBINATION	Kanamycin
Dopamine	DRUG_COMBINATION	Docetaxel
Dopamine	DRUG_COMBINATION	Hydralazine
Dopamine	DRUG_COMBINATION	Pramipexole
Dopamine	DRUG_COMBINATION	Allopurinol
Dopamine	DRUG_COMBINATION	Vorinostat
Dopamine	DRUG_COMBINATION	Vinblastine
Dopamine	DRUG_COMBINATION	Everolimus
Dopamine	DRUG_COMBINATION	Dyphylline
Dopamine	DRUG_COMBINATION	Trimethobenzamide
Dopamine	DRUG_COMBINATION	Naltrexone
Dopamine	DRUG_COMBINATION	Clopidogrel
Dopamine	DRUG_COMBINATION	SN-38
Dopamine	DRUG_COMBINATION	Metyrosine
Dopamine	DRUG_COMBINATION	Alprostadil
Dopamine	DRUG_COMBINATION	Phensuximide
Dopamine	DRUG_COMBINATION	Fluspirilene
Dopamine	DRUG_COMBINATION	Methylene blue
Dopamine	DRUG_COMBINATION	Triapine
Dopamine	DRUG_COMBINATION	Clascoterone
Dopamine	DRUG_COMBINATION	Danusertib
Exemestane	DRUG_COMBINATION	Goserelin
Exemestane	DRUG_COMBINATION	Enzalutamide
Exemestane	DRUG_COMBINATION	Acetylsalicylic acid
Exemestane	DRUG_COMBINATION	Letrozole
Exemestane	DRUG_COMBINATION	Ridaforolimus
Exemestane	DRUG_COMBINATION	Alpelisib
Exemestane	DRUG_COMBINATION	Panobinostat
Exemestane	DRUG_COMBINATION	Bosutinib
Exemestane	DRUG_COMBINATION	BIIB021
Exemestane	DRUG_COMBINATION	Ribociclib
Exemestane	DRUG_COMBINATION	Sapanisertib
Exemestane	DRUG_COMBINATION	Entinostat
Azathioprine	DRUG_COMBINATION	Ruxolitinib
Azathioprine	DRUG_COMBINATION	Cyclosporine
Azathioprine	DRUG_COMBINATION	Bortezomib
Azathioprine	DRUG_COMBINATION	Mesalazine
Azathioprine	DRUG_COMBINATION	Fomepizole
Azathioprine	DRUG_COMBINATION	Rifaximin
Azathioprine	DRUG_COMBINATION	Nilutamide
Azathioprine	DRUG_COMBINATION	Prednisolone
Azathioprine	DRUG_COMBINATION	Tacrolimus
Azathioprine	DRUG_COMBINATION	Metronidazole
Azathioprine	DRUG_COMBINATION	Sapanisertib
Gabapentin	DRUG_COMBINATION	Ibuprofen
Gabapentin	DRUG_COMBINATION	Morphine
Gabapentin	DRUG_COMBINATION	Ropivacaine
Gabapentin	DRUG_COMBINATION	Valproic acid
Gabapentin	DRUG_COMBINATION	Famciclovir
Gabapentin	DRUG_COMBINATION	Ketorolac
Gabapentin	DRUG_COMBINATION	Duloxetine
Doxorubicin	DRUG_COMBINATION	Ruxolitinib
Doxorubicin	DRUG_COMBINATION	Abacavir
Doxorubicin	DRUG_COMBINATION	Leflunomide
Doxorubicin	DRUG_COMBINATION	Diazoxide
Doxorubicin	DRUG_COMBINATION	Desoxycorticosterone pivalate
Doxorubicin	DRUG_COMBINATION	Baclofen
Doxorubicin	DRUG_COMBINATION	Bortezomib
Doxorubicin	DRUG_COMBINATION	Citalopram
Doxorubicin	DRUG_COMBINATION	Aminosalicylic acid
Doxorubicin	DRUG_COMBINATION	Crotamiton
Doxorubicin	DRUG_COMBINATION	Cefmenoxime
Doxorubicin	DRUG_COMBINATION	Theophylline
Doxorubicin	DRUG_COMBINATION	Etomidate
Doxorubicin	DRUG_COMBINATION	Mitomycin
Doxorubicin	DRUG_COMBINATION	Valproic acid
Doxorubicin	DRUG_COMBINATION	Gefitinib
Doxorubicin	DRUG_COMBINATION	Dihydroergotamine
Doxorubicin	DRUG_COMBINATION	Olanzapine
Doxorubicin	DRUG_COMBINATION	Cilostazol
Doxorubicin	DRUG_COMBINATION	Idarubicin
Doxorubicin	DRUG_COMBINATION	Fomepizole
Doxorubicin	DRUG_COMBINATION	Bepridil
Doxorubicin	DRUG_COMBINATION	Docetaxel
Doxorubicin	DRUG_COMBINATION	Dasatinib
Doxorubicin	DRUG_COMBINATION	Lapatinib
Doxorubicin	DRUG_COMBINATION	Sitagliptin
Doxorubicin	DRUG_COMBINATION	Darunavir
Doxorubicin	DRUG_COMBINATION	Sunitinib
Doxorubicin	DRUG_COMBINATION	Hydralazine
Doxorubicin	DRUG_COMBINATION	Triamterene
Doxorubicin	DRUG_COMBINATION	Sorafenib
Doxorubicin	DRUG_COMBINATION	Acetohexamide
Doxorubicin	DRUG_COMBINATION	Spironolactone
Doxorubicin	DRUG_COMBINATION	Methocarbamol
Doxorubicin	DRUG_COMBINATION	Cerivastatin
Doxorubicin	DRUG_COMBINATION	Quinine
Doxorubicin	DRUG_COMBINATION	Buspirone
Doxorubicin	DRUG_COMBINATION	Erlotinib
Doxorubicin	DRUG_COMBINATION	Acetohydroxamic acid
Doxorubicin	DRUG_COMBINATION	Pentostatin
Doxorubicin	DRUG_COMBINATION	Methotrexate
Doxorubicin	DRUG_COMBINATION	Paromomycin
Doxorubicin	DRUG_COMBINATION	Furazolidone
Doxorubicin	DRUG_COMBINATION	Imatinib
Doxorubicin	DRUG_COMBINATION	Hydroxychloroquine
Doxorubicin	DRUG_COMBINATION	Alvocidib
Doxorubicin	DRUG_COMBINATION	Acamprosate
Doxorubicin	DRUG_COMBINATION	Metaxalone
Doxorubicin	DRUG_COMBINATION	Epinephrine
Doxorubicin	DRUG_COMBINATION	Sumatriptan
Doxorubicin	DRUG_COMBINATION	Aprepitant
Doxorubicin	DRUG_COMBINATION	Diethylcarbamazine
Doxorubicin	DRUG_COMBINATION	Risperidone
Doxorubicin	DRUG_COMBINATION	Zileuton
Doxorubicin	DRUG_COMBINATION	Clopidogrel
Doxorubicin	DRUG_COMBINATION	Mebutamate
Doxorubicin	DRUG_COMBINATION	Acyclovir
Doxorubicin	DRUG_COMBINATION	Bumetanide
Doxorubicin	DRUG_COMBINATION	Tinidazole
Doxorubicin	DRUG_COMBINATION	Amantadine
Doxorubicin	DRUG_COMBINATION	Maprotiline
Doxorubicin	DRUG_COMBINATION	Phenprocoumon
Doxorubicin	DRUG_COMBINATION	Dronedarone
Doxorubicin	DRUG_COMBINATION	Picoplatin
Doxorubicin	DRUG_COMBINATION	Zaleplon
Doxorubicin	DRUG_COMBINATION	Dactinomycin
Doxorubicin	DRUG_COMBINATION	Ethinylestradiol
Doxorubicin	DRUG_COMBINATION	Dopamine
Doxorubicin	DRUG_COMBINATION	Mirdametinib
Doxorubicin	DRUG_COMBINATION	Plinabulin
Doxorubicin	DRUG_COMBINATION	Noscapine
Doxorubicin	DRUG_COMBINATION	Silver sulfadiazine
Doxorubicin	DRUG_COMBINATION	Ibrutinib
Doxorubicin	DRUG_COMBINATION	Ciprofibrate
Doxorubicin	DRUG_COMBINATION	Ridaforolimus
Doxorubicin	DRUG_COMBINATION	Armodafinil
Doxorubicin	DRUG_COMBINATION	MK-8776
Doxorubicin	DRUG_COMBINATION	Dinaciclib
Doxorubicin	DRUG_COMBINATION	Triptolide
Doxorubicin	DRUG_COMBINATION	Panobinostat
Doxorubicin	DRUG_COMBINATION	Ixazomib
Doxorubicin	DRUG_COMBINATION	CHS-828
Doxorubicin	DRUG_COMBINATION	Artemisinin
Doxorubicin	DRUG_COMBINATION	Dactolisib
Doxorubicin	DRUG_COMBINATION	10-hydroxycamptothecin
Doxorubicin	DRUG_COMBINATION	Resminostat
Doxorubicin	DRUG_COMBINATION	Adavosertib
Doxorubicin	DRUG_COMBINATION	Clascoterone
Doxorubicin	DRUG_COMBINATION	Abexinostat
Doxorubicin	DRUG_COMBINATION	Milciclib Maleate
Doxorubicin	DRUG_COMBINATION	Molibresib
Doxorubicin	DRUG_COMBINATION	Benserazide
Doxorubicin	DRUG_COMBINATION	Sivelestat
Doxorubicin	DRUG_COMBINATION	BMS-754807
Doxorubicin	DRUG_COMBINATION	Dordaviprone
Doxorubicin	DRUG_COMBINATION	Citarinostat
Doxorubicin	DRUG_COMBINATION	Luteolin
Doxorubicin	DRUG_COMBINATION	Marizomib
Doxorubicin	DRUG_COMBINATION	Niraparib
Doxorubicin	DRUG_COMBINATION	Sapanisertib
Doxorubicin	DRUG_COMBINATION	Entinostat
Doxorubicin	DRUG_COMBINATION	MK-2206
Doxorubicin	DRUG_COMBINATION	Doxorubicin
Hydrochlorothiazide	DRUG_COMBINATION	Panobinostat
Albuterol	DRUG_COMBINATION	Roflumilast
Albuterol	DRUG_COMBINATION	Nitroglycerin
Albuterol	DRUG_COMBINATION	Acetylcysteine
Levobupivacaine	DRUG_COMBINATION	Morphine
Levobupivacaine	DRUG_COMBINATION	Ropivacaine
Levobupivacaine	DRUG_COMBINATION	Phenylephrine
Levobupivacaine	DRUG_COMBINATION	Ketorolac
Levobupivacaine	DRUG_COMBINATION	Diclofenac
Levobupivacaine	DRUG_COMBINATION	Magnesium sulfate
Levobupivacaine	DRUG_COMBINATION	Sufentanil
Levobupivacaine	DRUG_COMBINATION	Fentanyl
Cromoglicic acid	DRUG_COMBINATION	Ibuprofen
Letrozole	DRUG_COMBINATION	Ruxolitinib
Letrozole	DRUG_COMBINATION	Formestane
Letrozole	DRUG_COMBINATION	Pomalidomide
Letrozole	DRUG_COMBINATION	Mercaptopurine
Letrozole	DRUG_COMBINATION	Fludarabine
Letrozole	DRUG_COMBINATION	Capecitabine
Letrozole	DRUG_COMBINATION	Quinacrine
Letrozole	DRUG_COMBINATION	Bicalutamide
Letrozole	DRUG_COMBINATION	Bleomycin
Letrozole	DRUG_COMBINATION	Chlorambucil
Letrozole	DRUG_COMBINATION	Mitomycin
Letrozole	DRUG_COMBINATION	Vinorelbine
Letrozole	DRUG_COMBINATION	Idarubicin
Letrozole	DRUG_COMBINATION	Ifosfamide
Letrozole	DRUG_COMBINATION	Estramustine
Letrozole	DRUG_COMBINATION	Anastrozole
Letrozole	DRUG_COMBINATION	Docetaxel
Letrozole	DRUG_COMBINATION	Dasatinib
Letrozole	DRUG_COMBINATION	Lapatinib
Letrozole	DRUG_COMBINATION	Valrubicin
Letrozole	DRUG_COMBINATION	Sorafenib
Letrozole	DRUG_COMBINATION	Zoledronic acid
Letrozole	DRUG_COMBINATION	Raloxifene
Letrozole	DRUG_COMBINATION	Celecoxib
Letrozole	DRUG_COMBINATION	Altretamine
Letrozole	DRUG_COMBINATION	Flutamide
Letrozole	DRUG_COMBINATION	Cisplatin
Letrozole	DRUG_COMBINATION	Cyclophosphamide
Letrozole	DRUG_COMBINATION	Pentostatin
Letrozole	DRUG_COMBINATION	Methotrexate
Letrozole	DRUG_COMBINATION	Digitoxin
Letrozole	DRUG_COMBINATION	Imatinib
Letrozole	DRUG_COMBINATION	Dyphylline
Letrozole	DRUG_COMBINATION	Tamoxifen
Letrozole	DRUG_COMBINATION	Plicamycin
Letrozole	DRUG_COMBINATION	Pralatrexate
Letrozole	DRUG_COMBINATION	Triptorelin
Letrozole	DRUG_COMBINATION	Temozolomide
Letrozole	DRUG_COMBINATION	Sirolimus
Letrozole	DRUG_COMBINATION	Azacitidine
Letrozole	DRUG_COMBINATION	Misoprostol
Letrozole	DRUG_COMBINATION	Fulvestrant
Letrozole	DRUG_COMBINATION	Isoniazid
Letrozole	DRUG_COMBINATION	Ixabepilone
Letrozole	DRUG_COMBINATION	Nilotinib
Letrozole	DRUG_COMBINATION	Tamibarotene
Letrozole	DRUG_COMBINATION	Dactinomycin
Letrozole	DRUG_COMBINATION	Busulfan
Letrozole	DRUG_COMBINATION	Afatinib
Letrozole	DRUG_COMBINATION	Triapine
Letrozole	DRUG_COMBINATION	Bosutinib
Letrozole	DRUG_COMBINATION	Taselisib
Letrozole	DRUG_COMBINATION	Enclomiphene
Letrozole	DRUG_COMBINATION	Terameprocol
Letrozole	DRUG_COMBINATION	Liarozole
Letrozole	DRUG_COMBINATION	Tretamine
Letrozole	DRUG_COMBINATION	BMS-690514
Letrozole	DRUG_COMBINATION	Ribociclib
Letrozole	DRUG_COMBINATION	Ipatasertib
Letrozole	DRUG_COMBINATION	Sapanisertib
Busulfan	DRUG_COMBINATION	Formestane
Busulfan	DRUG_COMBINATION	Pomalidomide
Busulfan	DRUG_COMBINATION	Probenecid
Busulfan	DRUG_COMBINATION	Memantine
Busulfan	DRUG_COMBINATION	Leflunomide
Busulfan	DRUG_COMBINATION	Diazoxide
Busulfan	DRUG_COMBINATION	Chlorambucil
Busulfan	DRUG_COMBINATION	Mitomycin
Busulfan	DRUG_COMBINATION	Chlorzoxazone
Busulfan	DRUG_COMBINATION	Cilostazol
Busulfan	DRUG_COMBINATION	Idarubicin
Busulfan	DRUG_COMBINATION	Ifosfamide
Busulfan	DRUG_COMBINATION	Dantrolene
Busulfan	DRUG_COMBINATION	Sunitinib
Busulfan	DRUG_COMBINATION	Spironolactone
Busulfan	DRUG_COMBINATION	Altretamine
Busulfan	DRUG_COMBINATION	Cisplatin
Busulfan	DRUG_COMBINATION	Cyclophosphamide
Busulfan	DRUG_COMBINATION	Acetohydroxamic acid
Busulfan	DRUG_COMBINATION	Pentostatin
Busulfan	DRUG_COMBINATION	Doxapram
Busulfan	DRUG_COMBINATION	Vorinostat
Busulfan	DRUG_COMBINATION	Oxyphenbutazone
Busulfan	DRUG_COMBINATION	Dyphylline
Busulfan	DRUG_COMBINATION	Mecamylamine
Busulfan	DRUG_COMBINATION	Epinephrine
Busulfan	DRUG_COMBINATION	Diethylcarbamazine
Busulfan	DRUG_COMBINATION	SN-38
Busulfan	DRUG_COMBINATION	Metyrosine
Busulfan	DRUG_COMBINATION	Amantadine
Busulfan	DRUG_COMBINATION	Maprotiline
Busulfan	DRUG_COMBINATION	Isoniazid
Busulfan	DRUG_COMBINATION	Doxorubicin
Busulfan	DRUG_COMBINATION	Aliskiren
Busulfan	DRUG_COMBINATION	Methylene blue
Busulfan	DRUG_COMBINATION	Triapine
Busulfan	DRUG_COMBINATION	Anamorelin
Ketoprofen	DRUG_COMBINATION	Amoxicillin
Ketoprofen	DRUG_COMBINATION	Morphine
Metyrapone	DRUG_COMBINATION	Hydrocortisone
Metyrapone	DRUG_COMBINATION	Oxazepam
Cinacalcet	DRUG_COMBINATION	Bortezomib
Cinacalcet	DRUG_COMBINATION	Liothyronine
Cinacalcet	DRUG_COMBINATION	Gefitinib
Cinacalcet	DRUG_COMBINATION	Olanzapine
Cinacalcet	DRUG_COMBINATION	Nitisinone
Cinacalcet	DRUG_COMBINATION	Terazosin
Cinacalcet	DRUG_COMBINATION	Fomepizole
Cinacalcet	DRUG_COMBINATION	Docetaxel
Cinacalcet	DRUG_COMBINATION	Sunitinib
Cinacalcet	DRUG_COMBINATION	Methocarbamol
Cinacalcet	DRUG_COMBINATION	Acitretin
Cinacalcet	DRUG_COMBINATION	Entacapone
Cinacalcet	DRUG_COMBINATION	Methotrexate
Cinacalcet	DRUG_COMBINATION	Cisatracurium
Cinacalcet	DRUG_COMBINATION	Amiloride
Cinacalcet	DRUG_COMBINATION	Imatinib
Cinacalcet	DRUG_COMBINATION	Oxandrolone
Cinacalcet	DRUG_COMBINATION	Efavirenz
Cinacalcet	DRUG_COMBINATION	Alendronic acid
Cinacalcet	DRUG_COMBINATION	Everolimus
Cinacalcet	DRUG_COMBINATION	Trimethobenzamide
Cinacalcet	DRUG_COMBINATION	Epinephrine
Cinacalcet	DRUG_COMBINATION	Moricizine
Cinacalcet	DRUG_COMBINATION	Eplerenone
Cinacalcet	DRUG_COMBINATION	Metyrosine
Cinacalcet	DRUG_COMBINATION	Acyclovir
Cinacalcet	DRUG_COMBINATION	Tiagabine
Cinacalcet	DRUG_COMBINATION	Maprotiline
Cinacalcet	DRUG_COMBINATION	Fluspirilene
Cinacalcet	DRUG_COMBINATION	Zaleplon
Cinacalcet	DRUG_COMBINATION	Cytarabine
Cinacalcet	DRUG_COMBINATION	Doxorubicin
Cinacalcet	DRUG_COMBINATION	Eflornithine
Cinacalcet	DRUG_COMBINATION	Methylene blue
Cinacalcet	DRUG_COMBINATION	Brincidofovir
Cinacalcet	DRUG_COMBINATION	Carglumic acid
Cinacalcet	DRUG_COMBINATION	Terameprocol
Cinacalcet	DRUG_COMBINATION	Benserazide
Sulfamethoxazole	DRUG_COMBINATION	Trimethoprim
Glyburide	DRUG_COMBINATION	Dapagliflozin
OSI-930	DRUG_COMBINATION	Ruxolitinib
OSI-930	DRUG_COMBINATION	Idarubicin
Varlitinib	DRUG_COMBINATION	Capecitabine
SNS-032	DRUG_COMBINATION	Ruxolitinib
SNS-032	DRUG_COMBINATION	Mefloquine
SNS-032	DRUG_COMBINATION	Prazosin
SNS-032	DRUG_COMBINATION	Mebendazole
SNS-032	DRUG_COMBINATION	Mirdametinib
Harmine	DRUG_COMBINATION	Dimethyltryptamine
Erteberel	DRUG_COMBINATION	Idarubicin
PH-797804	DRUG_COMBINATION	Idarubicin
Erdosteine	DRUG_COMBINATION	Idarubicin
TG-100801	DRUG_COMBINATION	Ruxolitinib
TG-100801	DRUG_COMBINATION	Mitotane
TG-100801	DRUG_COMBINATION	Ispinesib
TG-100801	DRUG_COMBINATION	Dinaciclib
TG-100801	DRUG_COMBINATION	Panobinostat
TG-100801	DRUG_COMBINATION	Paxalisib
Fenretinide	DRUG_COMBINATION	Carfilzomib
Fenretinide	DRUG_COMBINATION	Cladribine
Fenretinide	DRUG_COMBINATION	Bardoxolone methyl
Fenretinide	DRUG_COMBINATION	Ixazomib
Fenretinide	DRUG_COMBINATION	Apitolisib
Fenretinide	DRUG_COMBINATION	Pictilisib
Fenretinide	DRUG_COMBINATION	AZD-8055
Rupintrivir	DRUG_COMBINATION	Ruxolitinib
Trabectedin	DRUG_COMBINATION	Irinotecan
Trabectedin	DRUG_COMBINATION	Panobinostat
Rilapladib	DRUG_COMBINATION	Itraconazole
Mirdametinib	DRUG_COMBINATION	Fludarabine
Mirdametinib	DRUG_COMBINATION	Bortezomib
Mirdametinib	DRUG_COMBINATION	Mitomycin
Mirdametinib	DRUG_COMBINATION	Gefitinib
Mirdametinib	DRUG_COMBINATION	Idarubicin
Mirdametinib	DRUG_COMBINATION	Ciclopirox
Mirdametinib	DRUG_COMBINATION	Lomustine
Mirdametinib	DRUG_COMBINATION	Fomepizole
Mirdametinib	DRUG_COMBINATION	Docetaxel
Mirdametinib	DRUG_COMBINATION	Dasatinib
Mirdametinib	DRUG_COMBINATION	Lapatinib
Mirdametinib	DRUG_COMBINATION	Sunitinib
Mirdametinib	DRUG_COMBINATION	Sorafenib
Mirdametinib	DRUG_COMBINATION	Prochlorperazine
Mirdametinib	DRUG_COMBINATION	Prazosin
Mirdametinib	DRUG_COMBINATION	Lenalidomide
Mirdametinib	DRUG_COMBINATION	Erlotinib
Mirdametinib	DRUG_COMBINATION	Vorinostat
Mirdametinib	DRUG_COMBINATION	Tamoxifen
Mirdametinib	DRUG_COMBINATION	Pralatrexate
Mirdametinib	DRUG_COMBINATION	Etoposide
Mirdametinib	DRUG_COMBINATION	Plinabulin
Mirdametinib	DRUG_COMBINATION	Ibrutinib
Mirdametinib	DRUG_COMBINATION	Olaparib
Mirdametinib	DRUG_COMBINATION	Ridaforolimus
Mirdametinib	DRUG_COMBINATION	Gedatolisib
Mirdametinib	DRUG_COMBINATION	MK-8776
Mirdametinib	DRUG_COMBINATION	Abemaciclib
Mirdametinib	DRUG_COMBINATION	Panobinostat
Mirdametinib	DRUG_COMBINATION	CUDC-101
Mirdametinib	DRUG_COMBINATION	Dactolisib
Mirdametinib	DRUG_COMBINATION	10-hydroxycamptothecin
Mirdametinib	DRUG_COMBINATION	Tetrahydrouridine
Mirdametinib	DRUG_COMBINATION	Adavosertib
Mirdametinib	DRUG_COMBINATION	JQ1
Mirdametinib	DRUG_COMBINATION	Formononetin
Mirdametinib	DRUG_COMBINATION	Molibresib
Mirdametinib	DRUG_COMBINATION	BMS-754807
Mirdametinib	DRUG_COMBINATION	Marizomib
Mirdametinib	DRUG_COMBINATION	Niraparib
Mirdametinib	DRUG_COMBINATION	MK-2206
Mirdametinib	DRUG_COMBINATION	Mirdametinib
Neflamapimod	DRUG_COMBINATION	Idarubicin
Neflamapimod	DRUG_COMBINATION	Marizomib
Tamatinib	DRUG_COMBINATION	Panobinostat
CA-074 methyl ester	DRUG_COMBINATION	Ruxolitinib
Aminooxyacetic acid	DRUG_COMBINATION	Fludarabine
Aminooxyacetic acid	DRUG_COMBINATION	Pemetrexed
Aminooxyacetic acid	DRUG_COMBINATION	Temozolomide
Afatinib	DRUG_COMBINATION	Ruxolitinib
Afatinib	DRUG_COMBINATION	Carfilzomib
Afatinib	DRUG_COMBINATION	Vinorelbine
Afatinib	DRUG_COMBINATION	Prochlorperazine
Afatinib	DRUG_COMBINATION	CA4P
Afatinib	DRUG_COMBINATION	Panobinostat
Afatinib	DRUG_COMBINATION	PAC-1
Afatinib	DRUG_COMBINATION	Buparlisib
Afatinib	DRUG_COMBINATION	JQ1
Afatinib	DRUG_COMBINATION	BMS-754807
Afatinib	DRUG_COMBINATION	Afatinib
Dolutegravir	DRUG_COMBINATION	Rosuvastatin
Dolutegravir	DRUG_COMBINATION	Methadone
Dolutegravir	DRUG_COMBINATION	Darunavir
Dolutegravir	DRUG_COMBINATION	Carbamazepine
Dolutegravir	DRUG_COMBINATION	Nicotinamide
Dolutegravir	DRUG_COMBINATION	Lamivudine
Dolutegravir	DRUG_COMBINATION	Telaprevir
Dolutegravir	DRUG_COMBINATION	Daclatasvir
Dolutegravir	DRUG_COMBINATION	Simeprevir
Dolutegravir	DRUG_COMBINATION	Tenofovir alafenamide
Dolutegravir	DRUG_COMBINATION	Rilpivirine
Dolutegravir	DRUG_COMBINATION	Cabotegravir
Dolutegravir	DRUG_COMBINATION	Dolutegravir
Riociguat	DRUG_COMBINATION	Ruxolitinib
Macitentan	DRUG_COMBINATION	Riociguat
Sofosbuvir	DRUG_COMBINATION	Ledipasvir
Sofosbuvir	DRUG_COMBINATION	Daclatasvir
Fendiline	DRUG_COMBINATION	Piperaquine
Fendiline	DRUG_COMBINATION	Diltiazem
Fendiline	DRUG_COMBINATION	Mefloquine
Fendiline	DRUG_COMBINATION	Lumefantrine
Fendiline	DRUG_COMBINATION	Artemisinin
Bardoxolone methyl	DRUG_COMBINATION	Ruxolitinib
Bardoxolone methyl	DRUG_COMBINATION	Mitomycin
Bardoxolone methyl	DRUG_COMBINATION	Idarubicin
Bardoxolone methyl	DRUG_COMBINATION	Fomepizole
Bardoxolone methyl	DRUG_COMBINATION	Prochlorperazine
Bardoxolone methyl	DRUG_COMBINATION	Chloroquine
Bardoxolone methyl	DRUG_COMBINATION	Mebendazole
Bardoxolone methyl	DRUG_COMBINATION	Tamoxifen
Bardoxolone methyl	DRUG_COMBINATION	Pelitinib
Bardoxolone methyl	DRUG_COMBINATION	Mifepristone
Bardoxolone methyl	DRUG_COMBINATION	Romidepsin
Bardoxolone methyl	DRUG_COMBINATION	Ispinesib
Bardoxolone methyl	DRUG_COMBINATION	Ibrutinib
Bardoxolone methyl	DRUG_COMBINATION	Panobinostat
Bardoxolone methyl	DRUG_COMBINATION	Ixazomib
Bardoxolone methyl	DRUG_COMBINATION	LY-2874455
Bardoxolone methyl	DRUG_COMBINATION	Apitolisib
Bardoxolone methyl	DRUG_COMBINATION	TAK-733
Bardoxolone methyl	DRUG_COMBINATION	Navitoclax
Bardoxolone methyl	DRUG_COMBINATION	JQ1
Bardoxolone methyl	DRUG_COMBINATION	Paxalisib
Bardoxolone methyl	DRUG_COMBINATION	Omipalisib
Bardoxolone methyl	DRUG_COMBINATION	Daporinad
Bardoxolone methyl	DRUG_COMBINATION	Formononetin
Bardoxolone methyl	DRUG_COMBINATION	AZD-8055
Bardoxolone methyl	DRUG_COMBINATION	Ombrabulin
Bardoxolone methyl	DRUG_COMBINATION	Danusertib
RAF-265	DRUG_COMBINATION	Ruxolitinib
RAF-265	DRUG_COMBINATION	Gefitinib
RAF-265	DRUG_COMBINATION	Chloroxine
RAF-265	DRUG_COMBINATION	Mifepristone
RAF-265	DRUG_COMBINATION	Mirdametinib
RAF-265	DRUG_COMBINATION	Navitoclax
RAF-265	DRUG_COMBINATION	Marizomib
Obeticholic acid	DRUG_COMBINATION	Atorvastatin
Obeticholic acid	DRUG_COMBINATION	Bezafibrate
Obeticholic acid	DRUG_COMBINATION	Ursodeoxycholic acid
Obeticholic acid	DRUG_COMBINATION	Obeticholic acid
Plinabulin	DRUG_COMBINATION	Ruxolitinib
Plinabulin	DRUG_COMBINATION	Carfilzomib
Plinabulin	DRUG_COMBINATION	Mitomycin
Plinabulin	DRUG_COMBINATION	Podofilox
Plinabulin	DRUG_COMBINATION	Sunitinib
Plinabulin	DRUG_COMBINATION	Vorinostat
Plinabulin	DRUG_COMBINATION	Alvocidib
Plinabulin	DRUG_COMBINATION	Pelitinib
Plinabulin	DRUG_COMBINATION	Triptolide
Plinabulin	DRUG_COMBINATION	Panobinostat
Plinabulin	DRUG_COMBINATION	Selumetinib
Filanesib	DRUG_COMBINATION	Ruxolitinib
AZD-8330	DRUG_COMBINATION	Vorinostat
AZD-8330	DRUG_COMBINATION	Panobinostat
AZD-8330	DRUG_COMBINATION	JQ1
Evofosfamide	DRUG_COMBINATION	Panobinostat
Evofosfamide	DRUG_COMBINATION	Marizomib
SNS-314	DRUG_COMBINATION	Ruxolitinib
Tirbanibulin	DRUG_COMBINATION	Idarubicin
Sertindole	DRUG_COMBINATION	Risperidone
Teicoplanin	DRUG_COMBINATION	Ruxolitinib
Acetylcysteine	DRUG_COMBINATION	Famotidine
Acetylcysteine	DRUG_COMBINATION	Panobinostat
Pizotifen	DRUG_COMBINATION	Leflunomide
Pizotifen	DRUG_COMBINATION	Diazoxide
Pizotifen	DRUG_COMBINATION	Gefitinib
Pizotifen	DRUG_COMBINATION	Diltiazem
Pizotifen	DRUG_COMBINATION	Mefloquine
Pizotifen	DRUG_COMBINATION	Itraconazole
Pizotifen	DRUG_COMBINATION	Idarubicin
Pizotifen	DRUG_COMBINATION	Diphenidol
Pizotifen	DRUG_COMBINATION	Epinephrine
Pizotifen	DRUG_COMBINATION	Aprepitant
Pizotifen	DRUG_COMBINATION	Zileuton
Pizotifen	DRUG_COMBINATION	Acyclovir
Pizotifen	DRUG_COMBINATION	Testolactone
Pizotifen	DRUG_COMBINATION	Ezetimibe
Pizotifen	DRUG_COMBINATION	Dopamine
Pizotifen	DRUG_COMBINATION	Doxorubicin
Pizotifen	DRUG_COMBINATION	Lacosamide
Pizotifen	DRUG_COMBINATION	Methylene blue
Pizotifen	DRUG_COMBINATION	Triapine
Pizotifen	DRUG_COMBINATION	Panobinostat
Pizotifen	DRUG_COMBINATION	Brincidofovir
Pizotifen	DRUG_COMBINATION	Terameprocol
Rubitecan	DRUG_COMBINATION	Etoposide
Indibulin	DRUG_COMBINATION	Capecitabine
Indibulin	DRUG_COMBINATION	Erlotinib
Noscapine	DRUG_COMBINATION	Panobinostat
Romidepsin	DRUG_COMBINATION	Formestane
Romidepsin	DRUG_COMBINATION	Mercaptopurine
Romidepsin	DRUG_COMBINATION	Fludarabine
Romidepsin	DRUG_COMBINATION	Bortezomib
Romidepsin	DRUG_COMBINATION	Bleomycin
Romidepsin	DRUG_COMBINATION	Chlorambucil
Romidepsin	DRUG_COMBINATION	Mitomycin
Romidepsin	DRUG_COMBINATION	Docetaxel
Romidepsin	DRUG_COMBINATION	Lapatinib
Romidepsin	DRUG_COMBINATION	Sunitinib
Romidepsin	DRUG_COMBINATION	Valrubicin
Romidepsin	DRUG_COMBINATION	Cisplatin
Romidepsin	DRUG_COMBINATION	Methotrexate
Romidepsin	DRUG_COMBINATION	Mitotane
Romidepsin	DRUG_COMBINATION	Dyphylline
Romidepsin	DRUG_COMBINATION	Plicamycin
Romidepsin	DRUG_COMBINATION	Pralatrexate
Romidepsin	DRUG_COMBINATION	Azacitidine
Romidepsin	DRUG_COMBINATION	Fulvestrant
Romidepsin	DRUG_COMBINATION	Isoniazid
Romidepsin	DRUG_COMBINATION	Ixabepilone
Romidepsin	DRUG_COMBINATION	Elacridar
Romidepsin	DRUG_COMBINATION	Dactinomycin
Romidepsin	DRUG_COMBINATION	Doxorubicin
Romidepsin	DRUG_COMBINATION	Busulfan
Romidepsin	DRUG_COMBINATION	Triapine
Romidepsin	DRUG_COMBINATION	Dinaciclib
Romidepsin	DRUG_COMBINATION	CHS-828
Romidepsin	DRUG_COMBINATION	Buparlisib
Romidepsin	DRUG_COMBINATION	10-hydroxycamptothecin
Romidepsin	DRUG_COMBINATION	Tenalisib
Romidepsin	DRUG_COMBINATION	Formononetin
Romidepsin	DRUG_COMBINATION	Marizomib
Ispinesib	DRUG_COMBINATION	Ruxolitinib
Ispinesib	DRUG_COMBINATION	Mitomycin
Ispinesib	DRUG_COMBINATION	Everolimus
Ispinesib	DRUG_COMBINATION	TG-100801
Ispinesib	DRUG_COMBINATION	Romidepsin
Ispinesib	DRUG_COMBINATION	Buparlisib
PP-121	DRUG_COMBINATION	Panobinostat
Wortmannin	DRUG_COMBINATION	Ruxolitinib
Wortmannin	DRUG_COMBINATION	Idarubicin
Wortmannin	DRUG_COMBINATION	Panobinostat
Wortmannin	DRUG_COMBINATION	Marizomib
{4-[3-(4-acetyl-3-hydroxy-2-propylphenoxy)propoxy]phenoxy}acetic acid	DRUG_COMBINATION	Topotecan
{4-[3-(4-acetyl-3-hydroxy-2-propylphenoxy)propoxy]phenoxy}acetic acid	DRUG_COMBINATION	Probenecid
{4-[3-(4-acetyl-3-hydroxy-2-propylphenoxy)propoxy]phenoxy}acetic acid	DRUG_COMBINATION	Novobiocin
{4-[3-(4-acetyl-3-hydroxy-2-propylphenoxy)propoxy]phenoxy}acetic acid	DRUG_COMBINATION	Isoprenaline
{4-[3-(4-acetyl-3-hydroxy-2-propylphenoxy)propoxy]phenoxy}acetic acid	DRUG_COMBINATION	Leflunomide
{4-[3-(4-acetyl-3-hydroxy-2-propylphenoxy)propoxy]phenoxy}acetic acid	DRUG_COMBINATION	Diazoxide
{4-[3-(4-acetyl-3-hydroxy-2-propylphenoxy)propoxy]phenoxy}acetic acid	DRUG_COMBINATION	Bortezomib
{4-[3-(4-acetyl-3-hydroxy-2-propylphenoxy)propoxy]phenoxy}acetic acid	DRUG_COMBINATION	Cefmenoxime
{4-[3-(4-acetyl-3-hydroxy-2-propylphenoxy)propoxy]phenoxy}acetic acid	DRUG_COMBINATION	Gefitinib
{4-[3-(4-acetyl-3-hydroxy-2-propylphenoxy)propoxy]phenoxy}acetic acid	DRUG_COMBINATION	Chlorzoxazone
{4-[3-(4-acetyl-3-hydroxy-2-propylphenoxy)propoxy]phenoxy}acetic acid	DRUG_COMBINATION	Mefloquine
{4-[3-(4-acetyl-3-hydroxy-2-propylphenoxy)propoxy]phenoxy}acetic acid	DRUG_COMBINATION	Kanamycin
{4-[3-(4-acetyl-3-hydroxy-2-propylphenoxy)propoxy]phenoxy}acetic acid	DRUG_COMBINATION	Fomepizole
{4-[3-(4-acetyl-3-hydroxy-2-propylphenoxy)propoxy]phenoxy}acetic acid	DRUG_COMBINATION	Dantrolene
{4-[3-(4-acetyl-3-hydroxy-2-propylphenoxy)propoxy]phenoxy}acetic acid	DRUG_COMBINATION	Triamterene
{4-[3-(4-acetyl-3-hydroxy-2-propylphenoxy)propoxy]phenoxy}acetic acid	DRUG_COMBINATION	Pramipexole
{4-[3-(4-acetyl-3-hydroxy-2-propylphenoxy)propoxy]phenoxy}acetic acid	DRUG_COMBINATION	Cerivastatin
{4-[3-(4-acetyl-3-hydroxy-2-propylphenoxy)propoxy]phenoxy}acetic acid	DRUG_COMBINATION	Quinine
{4-[3-(4-acetyl-3-hydroxy-2-propylphenoxy)propoxy]phenoxy}acetic acid	DRUG_COMBINATION	Methotrexate
{4-[3-(4-acetyl-3-hydroxy-2-propylphenoxy)propoxy]phenoxy}acetic acid	DRUG_COMBINATION	Imatinib
{4-[3-(4-acetyl-3-hydroxy-2-propylphenoxy)propoxy]phenoxy}acetic acid	DRUG_COMBINATION	Riluzole
{4-[3-(4-acetyl-3-hydroxy-2-propylphenoxy)propoxy]phenoxy}acetic acid	DRUG_COMBINATION	Clopidogrel
{4-[3-(4-acetyl-3-hydroxy-2-propylphenoxy)propoxy]phenoxy}acetic acid	DRUG_COMBINATION	Mebutamate
{4-[3-(4-acetyl-3-hydroxy-2-propylphenoxy)propoxy]phenoxy}acetic acid	DRUG_COMBINATION	Acyclovir
{4-[3-(4-acetyl-3-hydroxy-2-propylphenoxy)propoxy]phenoxy}acetic acid	DRUG_COMBINATION	Fosfomycin
{4-[3-(4-acetyl-3-hydroxy-2-propylphenoxy)propoxy]phenoxy}acetic acid	DRUG_COMBINATION	Trifluoperazine
{4-[3-(4-acetyl-3-hydroxy-2-propylphenoxy)propoxy]phenoxy}acetic acid	DRUG_COMBINATION	Phensuximide
{4-[3-(4-acetyl-3-hydroxy-2-propylphenoxy)propoxy]phenoxy}acetic acid	DRUG_COMBINATION	Tiagabine
{4-[3-(4-acetyl-3-hydroxy-2-propylphenoxy)propoxy]phenoxy}acetic acid	DRUG_COMBINATION	Maprotiline
{4-[3-(4-acetyl-3-hydroxy-2-propylphenoxy)propoxy]phenoxy}acetic acid	DRUG_COMBINATION	Picoplatin
{4-[3-(4-acetyl-3-hydroxy-2-propylphenoxy)propoxy]phenoxy}acetic acid	DRUG_COMBINATION	Doxorubicin
{4-[3-(4-acetyl-3-hydroxy-2-propylphenoxy)propoxy]phenoxy}acetic acid	DRUG_COMBINATION	Lacosamide
{4-[3-(4-acetyl-3-hydroxy-2-propylphenoxy)propoxy]phenoxy}acetic acid	DRUG_COMBINATION	Armodafinil
{4-[3-(4-acetyl-3-hydroxy-2-propylphenoxy)propoxy]phenoxy}acetic acid	DRUG_COMBINATION	Anamorelin
{4-[3-(4-acetyl-3-hydroxy-2-propylphenoxy)propoxy]phenoxy}acetic acid	DRUG_COMBINATION	Brincidofovir
{4-[3-(4-acetyl-3-hydroxy-2-propylphenoxy)propoxy]phenoxy}acetic acid	DRUG_COMBINATION	Terameprocol
{4-[3-(4-acetyl-3-hydroxy-2-propylphenoxy)propoxy]phenoxy}acetic acid	DRUG_COMBINATION	Artemisinin
{4-[3-(4-acetyl-3-hydroxy-2-propylphenoxy)propoxy]phenoxy}acetic acid	DRUG_COMBINATION	Clascoterone
AMG-208	DRUG_COMBINATION	Panobinostat
Tanespimycin	DRUG_COMBINATION	Ruxolitinib
Tanespimycin	DRUG_COMBINATION	Bortezomib
Tanespimycin	DRUG_COMBINATION	Irinotecan
Tanespimycin	DRUG_COMBINATION	Cytarabine
Pretomanid	DRUG_COMBINATION	Moxifloxacin
Pretomanid	DRUG_COMBINATION	Idarubicin
Pretomanid	DRUG_COMBINATION	Midazolam
Pretomanid	DRUG_COMBINATION	Marizomib
Elafibranor	DRUG_COMBINATION	Indomethacin
Crisaborole	DRUG_COMBINATION	Idarubicin
Alisertib	DRUG_COMBINATION	Ruxolitinib
Alisertib	DRUG_COMBINATION	Tamoxifen
Alisertib	DRUG_COMBINATION	Mifepristone
Alisertib	DRUG_COMBINATION	SNS-032
Alisertib	DRUG_COMBINATION	Osimertinib
Alisertib	DRUG_COMBINATION	Vinpocetine
Alisertib	DRUG_COMBINATION	JQ1
Alisertib	DRUG_COMBINATION	BMS-754807
Alisertib	DRUG_COMBINATION	Marizomib
Alisertib	DRUG_COMBINATION	Sapanisertib
Pracinostat	DRUG_COMBINATION	Ruxolitinib
Pracinostat	DRUG_COMBINATION	Mitomycin
Cobimetinib	DRUG_COMBINATION	Panobinostat
Cobimetinib	DRUG_COMBINATION	Alectinib
Cobimetinib	DRUG_COMBINATION	Ipatasertib
Cobimetinib	DRUG_COMBINATION	Niraparib
Silver sulfadiazine	DRUG_COMBINATION	Diazoxide
Silver sulfadiazine	DRUG_COMBINATION	Nitisinone
Silver sulfadiazine	DRUG_COMBINATION	Methylergometrine
Silver sulfadiazine	DRUG_COMBINATION	Chlorzoxazone
Silver sulfadiazine	DRUG_COMBINATION	Kanamycin
Silver sulfadiazine	DRUG_COMBINATION	Idarubicin
Silver sulfadiazine	DRUG_COMBINATION	Dantrolene
Silver sulfadiazine	DRUG_COMBINATION	Darunavir
Silver sulfadiazine	DRUG_COMBINATION	Sorafenib
Silver sulfadiazine	DRUG_COMBINATION	Quinine
Silver sulfadiazine	DRUG_COMBINATION	Methotrexate
Silver sulfadiazine	DRUG_COMBINATION	Zileuton
Silver sulfadiazine	DRUG_COMBINATION	Trioxsalen
Silver sulfadiazine	DRUG_COMBINATION	Metyrosine
Silver sulfadiazine	DRUG_COMBINATION	Fosfomycin
Silver sulfadiazine	DRUG_COMBINATION	Tacrolimus
Silver sulfadiazine	DRUG_COMBINATION	Tiagabine
Silver sulfadiazine	DRUG_COMBINATION	Repaglinide
Silver sulfadiazine	DRUG_COMBINATION	Maprotiline
Silver sulfadiazine	DRUG_COMBINATION	Cytarabine
Silver sulfadiazine	DRUG_COMBINATION	Brincidofovir
Ronacaleret	DRUG_COMBINATION	Plerixafor
Ibudilast	DRUG_COMBINATION	Riluzole
Ibudilast	DRUG_COMBINATION	Temozolomide
Eperisone	DRUG_COMBINATION	Celecoxib
Diosmin	DRUG_COMBINATION	Ruxolitinib
Diosmin	DRUG_COMBINATION	Idarubicin
Diosmin	DRUG_COMBINATION	Rivaroxaban
Diosmin	DRUG_COMBINATION	Panobinostat
Diosmin	DRUG_COMBINATION	Marizomib
Articaine	DRUG_COMBINATION	Benzocaine
Articaine	DRUG_COMBINATION	Mepivacaine
Bromhexine	DRUG_COMBINATION	Ruxolitinib
Bromhexine	DRUG_COMBINATION	Hydroxychloroquine
Bisacodyl	DRUG_COMBINATION	Mannitol
Bisacodyl	DRUG_COMBINATION	Simethicone
Aliskiren	DRUG_COMBINATION	Linagliptin
Aliskiren	DRUG_COMBINATION	Valsartan
Aliskiren	DRUG_COMBINATION	Ramipril
Aliskiren	DRUG_COMBINATION	Valproic acid
Aliskiren	DRUG_COMBINATION	Gefitinib
Aliskiren	DRUG_COMBINATION	Atenolol
Aliskiren	DRUG_COMBINATION	Mefloquine
Aliskiren	DRUG_COMBINATION	Terazosin
Aliskiren	DRUG_COMBINATION	Kanamycin
Aliskiren	DRUG_COMBINATION	Idarubicin
Aliskiren	DRUG_COMBINATION	Captopril
Aliskiren	DRUG_COMBINATION	Fomepizole
Aliskiren	DRUG_COMBINATION	Dantrolene
Aliskiren	DRUG_COMBINATION	Amlodipine
Aliskiren	DRUG_COMBINATION	Acetohexamide
Aliskiren	DRUG_COMBINATION	Spironolactone
Aliskiren	DRUG_COMBINATION	Acitretin
Aliskiren	DRUG_COMBINATION	Fenoprofen
Aliskiren	DRUG_COMBINATION	Enalapril
Aliskiren	DRUG_COMBINATION	Imatinib
Aliskiren	DRUG_COMBINATION	Metaxalone
Aliskiren	DRUG_COMBINATION	Trimethobenzamide
Aliskiren	DRUG_COMBINATION	Aprepitant
Aliskiren	DRUG_COMBINATION	Losartan
Aliskiren	DRUG_COMBINATION	Naltrexone
Aliskiren	DRUG_COMBINATION	Metyrosine
Aliskiren	DRUG_COMBINATION	Acyclovir
Aliskiren	DRUG_COMBINATION	Chlorphenesin
Aliskiren	DRUG_COMBINATION	Tacrolimus
Aliskiren	DRUG_COMBINATION	Tiagabine
Aliskiren	DRUG_COMBINATION	Maprotiline
Aliskiren	DRUG_COMBINATION	Doxorubicin
Aliskiren	DRUG_COMBINATION	Hydrochlorothiazide
Aliskiren	DRUG_COMBINATION	{4-[3-(4-acetyl-3-hydroxy-2-propylphenoxy)propoxy]phenoxy}acetic acid
Aliskiren	DRUG_COMBINATION	Eflornithine
Aliskiren	DRUG_COMBINATION	Methylene blue
Aliskiren	DRUG_COMBINATION	Triapine
Aliskiren	DRUG_COMBINATION	Brincidofovir
Aliskiren	DRUG_COMBINATION	Ginkgolide A
Aliskiren	DRUG_COMBINATION	Aliskiren
Vorapaxar	DRUG_COMBINATION	Acetylsalicylic acid
Vorapaxar	DRUG_COMBINATION	Panobinostat
Miltefosine	DRUG_COMBINATION	Pentoxifylline
Suvorexant	DRUG_COMBINATION	Cocaine
Empagliflozin	DRUG_COMBINATION	Losartan
Empagliflozin	DRUG_COMBINATION	Gemigliptin
Tedizolid phosphate	DRUG_COMBINATION	Rosuvastatin
Ibrutinib	DRUG_COMBINATION	Idarubicin
Ibrutinib	DRUG_COMBINATION	Panobinostat
Ibrutinib	DRUG_COMBINATION	Ibrutinib
Idelalisib	DRUG_COMBINATION	Ruxolitinib
Idelalisib	DRUG_COMBINATION	Fludarabine
Idelalisib	DRUG_COMBINATION	Chlorambucil
Idelalisib	DRUG_COMBINATION	Mitomycin
Idelalisib	DRUG_COMBINATION	Idarubicin
Idelalisib	DRUG_COMBINATION	Lenalidomide
Idelalisib	DRUG_COMBINATION	Everolimus
Idelalisib	DRUG_COMBINATION	Ibrutinib
Idelalisib	DRUG_COMBINATION	Entospletinib
Idelalisib	DRUG_COMBINATION	Ricolinostat
Idelalisib	DRUG_COMBINATION	Acalabrutinib
Idelalisib	DRUG_COMBINATION	Tirabrutinib
Acipimox	DRUG_COMBINATION	Ruxolitinib
Cannabidiol	DRUG_COMBINATION	Citalopram
Cannabidiol	DRUG_COMBINATION	Morphine
Cannabidiol	DRUG_COMBINATION	Clobazam
Cannabidiol	DRUG_COMBINATION	Dronabinol
Cannabidiol	DRUG_COMBINATION	Methotrexate
Cannabidiol	DRUG_COMBINATION	Norethisterone
Cannabidiol	DRUG_COMBINATION	Remifentanil
Ceritinib	DRUG_COMBINATION	Ponatinib
Ceritinib	DRUG_COMBINATION	Trametinib
Ceritinib	DRUG_COMBINATION	Docetaxel
Ceritinib	DRUG_COMBINATION	Warfarin
Ceritinib	DRUG_COMBINATION	Ribociclib
Ceritinib	DRUG_COMBINATION	JQ1
Ceritinib	DRUG_COMBINATION	BMS-754807
Ceritinib	DRUG_COMBINATION	MK-2206
Ceritinib	DRUG_COMBINATION	Ceritinib
Ciprofibrate	DRUG_COMBINATION	Sertraline
Ciprofibrate	DRUG_COMBINATION	Mesalazine
Ciprofibrate	DRUG_COMBINATION	Docetaxel
Ciprofibrate	DRUG_COMBINATION	Palonosetron
Ciprofibrate	DRUG_COMBINATION	Pramipexole
Ciprofibrate	DRUG_COMBINATION	Cerivastatin
Ciprofibrate	DRUG_COMBINATION	Triflupromazine
Ciprofibrate	DRUG_COMBINATION	Vorinostat
Ciprofibrate	DRUG_COMBINATION	Imatinib
Ciprofibrate	DRUG_COMBINATION	Acetazolamide
Ciprofibrate	DRUG_COMBINATION	Tinidazole
Ciprofibrate	DRUG_COMBINATION	Maprotiline
Ciprofibrate	DRUG_COMBINATION	Cytarabine
Ciprofibrate	DRUG_COMBINATION	Triapine
Ciprofibrate	DRUG_COMBINATION	Brincidofovir
Ciprofibrate	DRUG_COMBINATION	Danusertib
Cobicistat	DRUG_COMBINATION	Atazanavir
Cobicistat	DRUG_COMBINATION	Darunavir
Cobicistat	DRUG_COMBINATION	Voriconazole
Cobicistat	DRUG_COMBINATION	Emtricitabine
Cobicistat	DRUG_COMBINATION	Olaparib
Cobicistat	DRUG_COMBINATION	Daclatasvir
Cobicistat	DRUG_COMBINATION	Tenofovir alafenamide
Cobicistat	DRUG_COMBINATION	Venetoclax
Vortioxetine	DRUG_COMBINATION	Pregabalin
Vortioxetine	DRUG_COMBINATION	Acamprosate
Sodium oxybate	DRUG_COMBINATION	Modafinil
Palbociclib	DRUG_COMBINATION	Trametinib
Palbociclib	DRUG_COMBINATION	Ciclopirox
Palbociclib	DRUG_COMBINATION	Letrozole
Palbociclib	DRUG_COMBINATION	Afatinib
Palbociclib	DRUG_COMBINATION	JQ1
Palbociclib	DRUG_COMBINATION	Milciclib Maleate
Palbociclib	DRUG_COMBINATION	BMS-754807
Olaparib	DRUG_COMBINATION	Ruxolitinib
Olaparib	DRUG_COMBINATION	Topotecan
Olaparib	DRUG_COMBINATION	Idarubicin
Olaparib	DRUG_COMBINATION	Anastrozole
Olaparib	DRUG_COMBINATION	Paclitaxel
Olaparib	DRUG_COMBINATION	Docetaxel
Olaparib	DRUG_COMBINATION	Vorinostat
Olaparib	DRUG_COMBINATION	Irinotecan
Olaparib	DRUG_COMBINATION	Estradiol
Olaparib	DRUG_COMBINATION	Temozolomide
Olaparib	DRUG_COMBINATION	Cediranib
Olaparib	DRUG_COMBINATION	Abiraterone
Olaparib	DRUG_COMBINATION	Letrozole
Olaparib	DRUG_COMBINATION	Trabectedin
Olaparib	DRUG_COMBINATION	Vistusertib
Olaparib	DRUG_COMBINATION	Abemaciclib
Olaparib	DRUG_COMBINATION	Alpelisib
Olaparib	DRUG_COMBINATION	Panobinostat
Olaparib	DRUG_COMBINATION	Capivasertib
Olaparib	DRUG_COMBINATION	Navitoclax
Olaparib	DRUG_COMBINATION	Selumetinib
Olaparib	DRUG_COMBINATION	Entinostat
Olaparib	DRUG_COMBINATION	Olaparib
Umeclidinium	DRUG_COMBINATION	Vilanterol
Lenvatinib	DRUG_COMBINATION	Cabozantinib
Lenvatinib	DRUG_COMBINATION	Capecitabine
Lenvatinib	DRUG_COMBINATION	Raltitrexed
Lenvatinib	DRUG_COMBINATION	Docetaxel
Lenvatinib	DRUG_COMBINATION	Erlotinib
Lenvatinib	DRUG_COMBINATION	Mebendazole
Lenvatinib	DRUG_COMBINATION	SJG-136
Lenvatinib	DRUG_COMBINATION	Golvatinib
Lenvatinib	DRUG_COMBINATION	Axitinib
Lenvatinib	DRUG_COMBINATION	Daporinad
Olodaterol	DRUG_COMBINATION	Olodaterol
Idebenone	DRUG_COMBINATION	Panobinostat
Ivabradine	DRUG_COMBINATION	Carvedilol
Ivabradine	DRUG_COMBINATION	Atenolol
Ivabradine	DRUG_COMBINATION	Bisoprolol
Tetracaine	DRUG_COMBINATION	Ropivacaine
Benzoyl peroxide	DRUG_COMBINATION	Nadifloxacin
Elvitegravir	DRUG_COMBINATION	Marizomib
Daclatasvir	DRUG_COMBINATION	Atazanavir
Daclatasvir	DRUG_COMBINATION	BMS-986094
Seliciclib	DRUG_COMBINATION	Ruxolitinib
Seliciclib	DRUG_COMBINATION	Idarubicin
Rufinamide	DRUG_COMBINATION	Guanfacine
Rufinamide	DRUG_COMBINATION	Rifampin
Rufinamide	DRUG_COMBINATION	Iloprost
Rufinamide	DRUG_COMBINATION	Cilostazol
Rufinamide	DRUG_COMBINATION	Idarubicin
Rufinamide	DRUG_COMBINATION	Hydralazine
Rufinamide	DRUG_COMBINATION	Allopurinol
Rufinamide	DRUG_COMBINATION	Cerivastatin
Rufinamide	DRUG_COMBINATION	Acetohydroxamic acid
Rufinamide	DRUG_COMBINATION	Paromomycin
Rufinamide	DRUG_COMBINATION	Vorinostat
Rufinamide	DRUG_COMBINATION	Vinblastine
Rufinamide	DRUG_COMBINATION	Efavirenz
Rufinamide	DRUG_COMBINATION	Mecamylamine
Rufinamide	DRUG_COMBINATION	Trimethobenzamide
Rufinamide	DRUG_COMBINATION	Epinephrine
Rufinamide	DRUG_COMBINATION	Moricizine
Rufinamide	DRUG_COMBINATION	Mebutamate
Rufinamide	DRUG_COMBINATION	Niclosamide
Rufinamide	DRUG_COMBINATION	Metyrosine
Rufinamide	DRUG_COMBINATION	Acyclovir
Rufinamide	DRUG_COMBINATION	Ramelteon
Rufinamide	DRUG_COMBINATION	Cytarabine
Rufinamide	DRUG_COMBINATION	Doxorubicin
Rufinamide	DRUG_COMBINATION	Ciprofibrate
Rufinamide	DRUG_COMBINATION	Methylene blue
Rufinamide	DRUG_COMBINATION	Triapine
Rufinamide	DRUG_COMBINATION	Brincidofovir
Rufinamide	DRUG_COMBINATION	Emetine
Alogliptin	DRUG_COMBINATION	Pioglitazone
Alogliptin	DRUG_COMBINATION	Sitagliptin
Prasugrel	DRUG_COMBINATION	Bivalirudin
Prasugrel	DRUG_COMBINATION	Idarubicin
Prasugrel	DRUG_COMBINATION	Clopidogrel
Prasugrel	DRUG_COMBINATION	Acetylsalicylic acid
Prasugrel	DRUG_COMBINATION	Vorapaxar
Prasugrel	DRUG_COMBINATION	Cangrelor
Prasugrel	DRUG_COMBINATION	Ticagrelor
Regadenoson	DRUG_COMBINATION	Adenosine
Regadenoson	DRUG_COMBINATION	Dobutamine
Regadenoson	DRUG_COMBINATION	Temozolomide
Lacosamide	DRUG_COMBINATION	Probenecid
Lacosamide	DRUG_COMBINATION	Abacavir
Lacosamide	DRUG_COMBINATION	Isoprenaline
Lacosamide	DRUG_COMBINATION	Leflunomide
Lacosamide	DRUG_COMBINATION	Diazoxide
Lacosamide	DRUG_COMBINATION	Sulfinpyrazone
Lacosamide	DRUG_COMBINATION	Gefitinib
Lacosamide	DRUG_COMBINATION	Atenolol
Lacosamide	DRUG_COMBINATION	Chlorzoxazone
Lacosamide	DRUG_COMBINATION	Mefloquine
Lacosamide	DRUG_COMBINATION	Chlormezanone
Lacosamide	DRUG_COMBINATION	Diphenidol
Lacosamide	DRUG_COMBINATION	Cerivastatin
Lacosamide	DRUG_COMBINATION	Quinine
Lacosamide	DRUG_COMBINATION	Mephenytoin
Lacosamide	DRUG_COMBINATION	Acetohydroxamic acid
Lacosamide	DRUG_COMBINATION	Bosentan
Lacosamide	DRUG_COMBINATION	Fenoprofen
Lacosamide	DRUG_COMBINATION	Furazolidone
Lacosamide	DRUG_COMBINATION	Oxandrolone
Lacosamide	DRUG_COMBINATION	Everolimus
Lacosamide	DRUG_COMBINATION	Oxyphenbutazone
Lacosamide	DRUG_COMBINATION	Trimethobenzamide
Lacosamide	DRUG_COMBINATION	Azatadine
Lacosamide	DRUG_COMBINATION	Zileuton
Lacosamide	DRUG_COMBINATION	Trioxsalen
Lacosamide	DRUG_COMBINATION	Raltegravir
Lacosamide	DRUG_COMBINATION	Acyclovir
Lacosamide	DRUG_COMBINATION	Trifluoperazine
Lacosamide	DRUG_COMBINATION	Maprotiline
Lacosamide	DRUG_COMBINATION	Phenprocoumon
Lacosamide	DRUG_COMBINATION	Picoplatin
Lacosamide	DRUG_COMBINATION	Zaleplon
Lacosamide	DRUG_COMBINATION	Doxorubicin
Lacosamide	DRUG_COMBINATION	{4-[3-(4-acetyl-3-hydroxy-2-propylphenoxy)propoxy]phenoxy}acetic acid
Lacosamide	DRUG_COMBINATION	Aliskiren
Lacosamide	DRUG_COMBINATION	Armodafinil
Lacosamide	DRUG_COMBINATION	Mardepodect
Lacosamide	DRUG_COMBINATION	Triapine
Lacosamide	DRUG_COMBINATION	Anamorelin
Lacosamide	DRUG_COMBINATION	Lumefantrine
Lacosamide	DRUG_COMBINATION	Liarozole
Lacosamide	DRUG_COMBINATION	Artemisinin
Lacosamide	DRUG_COMBINATION	10-hydroxycamptothecin
Rivaroxaban	DRUG_COMBINATION	Idarubicin
Rivaroxaban	DRUG_COMBINATION	Rivaroxaban
Ridaforolimus	DRUG_COMBINATION	Dasatinib
Ridaforolimus	DRUG_COMBINATION	Vorinostat
Ridaforolimus	DRUG_COMBINATION	Midazolam
Ridaforolimus	DRUG_COMBINATION	MK-8776
Ridaforolimus	DRUG_COMBINATION	Marizomib
Avanafil	DRUG_COMBINATION	Ritonavir
Avanafil	DRUG_COMBINATION	Nitroglycerin
Tariquidar	DRUG_COMBINATION	Panobinostat
Eflornithine	DRUG_COMBINATION	Linagliptin
Eflornithine	DRUG_COMBINATION	Bicalutamide
Eflornithine	DRUG_COMBINATION	Bortezomib
Eflornithine	DRUG_COMBINATION	Ibutilide
Eflornithine	DRUG_COMBINATION	Chlorzoxazone
Eflornithine	DRUG_COMBINATION	Idarubicin
Eflornithine	DRUG_COMBINATION	Lomustine
Eflornithine	DRUG_COMBINATION	Docetaxel
Eflornithine	DRUG_COMBINATION	Acitretin
Eflornithine	DRUG_COMBINATION	Quinine
Eflornithine	DRUG_COMBINATION	Entacapone
Eflornithine	DRUG_COMBINATION	Vinblastine
Eflornithine	DRUG_COMBINATION	Oxyphenbutazone
Eflornithine	DRUG_COMBINATION	Trimethobenzamide
Eflornithine	DRUG_COMBINATION	Sumatriptan
Eflornithine	DRUG_COMBINATION	SN-38
Eflornithine	DRUG_COMBINATION	Tolazoline
Eflornithine	DRUG_COMBINATION	Temozolomide
Eflornithine	DRUG_COMBINATION	Tiagabine
Eflornithine	DRUG_COMBINATION	Doxorubicin
Eflornithine	DRUG_COMBINATION	Anamorelin
Eflornithine	DRUG_COMBINATION	Brincidofovir
Eflornithine	DRUG_COMBINATION	Artemisinin
Eflornithine	DRUG_COMBINATION	10-hydroxycamptothecin
Eflornithine	DRUG_COMBINATION	Emetine
Eflornithine	DRUG_COMBINATION	Nifurtimox
Exisulind	DRUG_COMBINATION	Capecitabine
Droxidopa	DRUG_COMBINATION	Carbidopa
Droxidopa	DRUG_COMBINATION	Pyridostigmine
Amrubicin	DRUG_COMBINATION	Topotecan
Amrubicin	DRUG_COMBINATION	Lurbinectedin
AT-7519	DRUG_COMBINATION	Mitomycin
AT-7519	DRUG_COMBINATION	Mitotane
AT-7519	DRUG_COMBINATION	Cytarabine
AT-7519	DRUG_COMBINATION	Dinaciclib
AT-7519	DRUG_COMBINATION	Panobinostat
AT-7519	DRUG_COMBINATION	JQ1
AT-7519	DRUG_COMBINATION	Eltanexor
AT-7519	DRUG_COMBINATION	PF-03758309
(5E)-5-[(2,2-DIFLUORO-1,3-BENZODIOXOL-5-YL)METHYLENE]-1,3-THIAZOLIDINE-2,4-DIONE	DRUG_COMBINATION	Idarubicin
Rotigotine	DRUG_COMBINATION	Rotigotine
CA4P	DRUG_COMBINATION	Ruxolitinib
CA4P	DRUG_COMBINATION	Trametinib
CA4P	DRUG_COMBINATION	Cladribine
CA4P	DRUG_COMBINATION	Mitomycin
CA4P	DRUG_COMBINATION	Gefitinib
CA4P	DRUG_COMBINATION	Ciclopirox
CA4P	DRUG_COMBINATION	Dasatinib
CA4P	DRUG_COMBINATION	Alvocidib
CA4P	DRUG_COMBINATION	Mebendazole
CA4P	DRUG_COMBINATION	Tamoxifen
CA4P	DRUG_COMBINATION	SNS-032
CA4P	DRUG_COMBINATION	Mirdametinib
CA4P	DRUG_COMBINATION	Bardoxolone methyl
CA4P	DRUG_COMBINATION	Fostamatinib
CA4P	DRUG_COMBINATION	Dinaciclib
CA4P	DRUG_COMBINATION	Panobinostat
CA4P	DRUG_COMBINATION	Apitolisib
CA4P	DRUG_COMBINATION	Cantharidin
CA4P	DRUG_COMBINATION	BIIB021
CA4P	DRUG_COMBINATION	Dactolisib
CA4P	DRUG_COMBINATION	Pictilisib
CA4P	DRUG_COMBINATION	JQ1
CA4P	DRUG_COMBINATION	Daporinad
CA4P	DRUG_COMBINATION	AZD-8055
CA4P	DRUG_COMBINATION	BMS-754807
CA4P	DRUG_COMBINATION	Entinostat
Vandetanib	DRUG_COMBINATION	Ruxolitinib
Vandetanib	DRUG_COMBINATION	Vemurafenib
Vandetanib	DRUG_COMBINATION	Formestane
Vandetanib	DRUG_COMBINATION	Pomalidomide
Vandetanib	DRUG_COMBINATION	Topotecan
Vandetanib	DRUG_COMBINATION	Mercaptopurine
Vandetanib	DRUG_COMBINATION	Fludarabine
Vandetanib	DRUG_COMBINATION	Quinacrine
Vandetanib	DRUG_COMBINATION	Bicalutamide
Vandetanib	DRUG_COMBINATION	Bortezomib
Vandetanib	DRUG_COMBINATION	Bleomycin
Vandetanib	DRUG_COMBINATION	Mitomycin
Vandetanib	DRUG_COMBINATION	Gefitinib
Vandetanib	DRUG_COMBINATION	Tioguanine
Vandetanib	DRUG_COMBINATION	Idarubicin
Vandetanib	DRUG_COMBINATION	Ifosfamide
Vandetanib	DRUG_COMBINATION	Estramustine
Vandetanib	DRUG_COMBINATION	Anastrozole
Vandetanib	DRUG_COMBINATION	Paclitaxel
Vandetanib	DRUG_COMBINATION	Docetaxel
Vandetanib	DRUG_COMBINATION	Dasatinib
Vandetanib	DRUG_COMBINATION	Lapatinib
Vandetanib	DRUG_COMBINATION	Sunitinib
Vandetanib	DRUG_COMBINATION	Dexrazoxane
Vandetanib	DRUG_COMBINATION	Valrubicin
Vandetanib	DRUG_COMBINATION	Sorafenib
Vandetanib	DRUG_COMBINATION	Trifluridine
Vandetanib	DRUG_COMBINATION	Epirubicin
Vandetanib	DRUG_COMBINATION	Lenalidomide
Vandetanib	DRUG_COMBINATION	Raloxifene
Vandetanib	DRUG_COMBINATION	Celecoxib
Vandetanib	DRUG_COMBINATION	Altretamine
Vandetanib	DRUG_COMBINATION	Cisplatin
Vandetanib	DRUG_COMBINATION	Cyclophosphamide
Vandetanib	DRUG_COMBINATION	Pentostatin
Vandetanib	DRUG_COMBINATION	Methotrexate
Vandetanib	DRUG_COMBINATION	Digitoxin
Vandetanib	DRUG_COMBINATION	Imatinib
Vandetanib	DRUG_COMBINATION	Genistein
Vandetanib	DRUG_COMBINATION	Dyphylline
Vandetanib	DRUG_COMBINATION	Plicamycin
Vandetanib	DRUG_COMBINATION	Pralatrexate
Vandetanib	DRUG_COMBINATION	Uracil mustard
Vandetanib	DRUG_COMBINATION	Dacarbazine
Vandetanib	DRUG_COMBINATION	Sirolimus
Vandetanib	DRUG_COMBINATION	Mechlorethamine
Vandetanib	DRUG_COMBINATION	Azacitidine
Vandetanib	DRUG_COMBINATION	Fulvestrant
Vandetanib	DRUG_COMBINATION	Isoniazid
Vandetanib	DRUG_COMBINATION	Ixabepilone
Vandetanib	DRUG_COMBINATION	Nilotinib
Vandetanib	DRUG_COMBINATION	Abiraterone
Vandetanib	DRUG_COMBINATION	Tamibarotene
Vandetanib	DRUG_COMBINATION	Amonafide
Vandetanib	DRUG_COMBINATION	Dactinomycin
Vandetanib	DRUG_COMBINATION	Letrozole
Vandetanib	DRUG_COMBINATION	Busulfan
Vandetanib	DRUG_COMBINATION	Romidepsin
Vandetanib	DRUG_COMBINATION	Triapine
Vandetanib	DRUG_COMBINATION	Dinaciclib
Vandetanib	DRUG_COMBINATION	Axitinib
Vandetanib	DRUG_COMBINATION	Cabazitaxel
Vandetanib	DRUG_COMBINATION	Terameprocol
Vandetanib	DRUG_COMBINATION	Vismodegib
Vandetanib	DRUG_COMBINATION	Crizotinib
Vandetanib	DRUG_COMBINATION	Liarozole
Vandetanib	DRUG_COMBINATION	Tretamine
Vandetanib	DRUG_COMBINATION	10-hydroxycamptothecin
Vandetanib	DRUG_COMBINATION	Modufolin
Dexlansoprazole	DRUG_COMBINATION	Clarithromycin
Supinoxin	DRUG_COMBINATION	Marizomib
Elimusertib	DRUG_COMBINATION	Panobinostat
Sitaxentan	DRUG_COMBINATION	Ritonavir
Torcetrapib	DRUG_COMBINATION	Idarubicin
Temsirolimus	DRUG_COMBINATION	Bicalutamide
Temsirolimus	DRUG_COMBINATION	Valproic acid
Temsirolimus	DRUG_COMBINATION	Idarubicin
Temsirolimus	DRUG_COMBINATION	Vorinostat
Temsirolimus	DRUG_COMBINATION	Cediranib
Temsirolimus	DRUG_COMBINATION	Panobinostat
Temsirolimus	DRUG_COMBINATION	Perifosine
Amisulpride	DRUG_COMBINATION	Bromocriptine
Simeprevir	DRUG_COMBINATION	Sofosbuvir
Simeprevir	DRUG_COMBINATION	Daclatasvir
Dapagliflozin	DRUG_COMBINATION	Canagliflozin
Dapagliflozin	DRUG_COMBINATION	Rosuvastatin
Dapagliflozin	DRUG_COMBINATION	Valsartan
Dapagliflozin	DRUG_COMBINATION	Mesalazine
Dapagliflozin	DRUG_COMBINATION	Carmustine
Dapagliflozin	DRUG_COMBINATION	Sitagliptin
Dapagliflozin	DRUG_COMBINATION	Digoxin
Dapagliflozin	DRUG_COMBINATION	Fluoxetine
Dapagliflozin	DRUG_COMBINATION	Warfarin
Dapagliflozin	DRUG_COMBINATION	Bumetanide
Dapagliflozin	DRUG_COMBINATION	Vildagliptin
Dapagliflozin	DRUG_COMBINATION	Hydrochlorothiazide
Dapagliflozin	DRUG_COMBINATION	Empagliflozin
Dapagliflozin	DRUG_COMBINATION	Saxagliptin
Dapagliflozin	DRUG_COMBINATION	Zibotentan
Dapagliflozin	DRUG_COMBINATION	Gemigliptin
Dapagliflozin	DRUG_COMBINATION	Sparsentan
Onalespib	DRUG_COMBINATION	Idarubicin
Onalespib	DRUG_COMBINATION	Bardoxolone methyl
Onalespib	DRUG_COMBINATION	AT-7519
Onalespib	DRUG_COMBINATION	Panobinostat
Onalespib	DRUG_COMBINATION	Artemether
Refametinib	DRUG_COMBINATION	Panobinostat
Darapladib	DRUG_COMBINATION	Midazolam
SGX-523	DRUG_COMBINATION	Idarubicin
SGX-523	DRUG_COMBINATION	Marizomib
Saxagliptin	DRUG_COMBINATION	Saxagliptin
Sapacitabine	DRUG_COMBINATION	Olaparib
Indisulam	DRUG_COMBINATION	Idarubicin
Elacestrant	DRUG_COMBINATION	Everolimus
Elacestrant	DRUG_COMBINATION	Triptorelin
Elacestrant	DRUG_COMBINATION	Abemaciclib
Elacestrant	DRUG_COMBINATION	Alpelisib
Elacestrant	DRUG_COMBINATION	Onapristone
Bazedoxifene	DRUG_COMBINATION	Panobinostat
Ambrisentan	DRUG_COMBINATION	Tadalafil
Armodafinil	DRUG_COMBINATION	Probenecid
Armodafinil	DRUG_COMBINATION	Isoprenaline
Armodafinil	DRUG_COMBINATION	Diazoxide
Armodafinil	DRUG_COMBINATION	Gefitinib
Armodafinil	DRUG_COMBINATION	Mefloquine
Armodafinil	DRUG_COMBINATION	Terazosin
Armodafinil	DRUG_COMBINATION	Procarbazine
Armodafinil	DRUG_COMBINATION	Dantrolene
Armodafinil	DRUG_COMBINATION	Docetaxel
Armodafinil	DRUG_COMBINATION	Sunitinib
Armodafinil	DRUG_COMBINATION	Pramipexole
Armodafinil	DRUG_COMBINATION	Enoxacin
Armodafinil	DRUG_COMBINATION	Nabilone
Armodafinil	DRUG_COMBINATION	Mephenytoin
Armodafinil	DRUG_COMBINATION	Paromomycin
Armodafinil	DRUG_COMBINATION	Vorinostat
Armodafinil	DRUG_COMBINATION	Vinblastine
Armodafinil	DRUG_COMBINATION	Imatinib
Armodafinil	DRUG_COMBINATION	Oxandrolone
Armodafinil	DRUG_COMBINATION	Genistein
Armodafinil	DRUG_COMBINATION	Tamoxifen
Armodafinil	DRUG_COMBINATION	Clopidogrel
Armodafinil	DRUG_COMBINATION	SN-38
Armodafinil	DRUG_COMBINATION	Niclosamide
Armodafinil	DRUG_COMBINATION	Raltegravir
Armodafinil	DRUG_COMBINATION	Metyrosine
Armodafinil	DRUG_COMBINATION	Tolazoline
Armodafinil	DRUG_COMBINATION	Testolactone
Armodafinil	DRUG_COMBINATION	Amantadine
Armodafinil	DRUG_COMBINATION	Maprotiline
Armodafinil	DRUG_COMBINATION	Dactinomycin
Armodafinil	DRUG_COMBINATION	Cytarabine
Armodafinil	DRUG_COMBINATION	Dopamine
Armodafinil	DRUG_COMBINATION	Doxorubicin
Armodafinil	DRUG_COMBINATION	Pizotifen
Armodafinil	DRUG_COMBINATION	Ciprofibrate
Armodafinil	DRUG_COMBINATION	Lacosamide
Armodafinil	DRUG_COMBINATION	Methylene blue
Armodafinil	DRUG_COMBINATION	Triapine
Armodafinil	DRUG_COMBINATION	Dinaciclib
Armodafinil	DRUG_COMBINATION	Anamorelin
Armodafinil	DRUG_COMBINATION	Brincidofovir
Armodafinil	DRUG_COMBINATION	Ginkgolide A
Armodafinil	DRUG_COMBINATION	Terameprocol
Armodafinil	DRUG_COMBINATION	Curcumin
Etravirine	DRUG_COMBINATION	Darunavir
Cangrelor	DRUG_COMBINATION	Clopidogrel
Cangrelor	DRUG_COMBINATION	Ticagrelor
Dexanabinol	DRUG_COMBINATION	Idarubicin
Dexanabinol	DRUG_COMBINATION	Marizomib
Eslicarbazepine acetate	DRUG_COMBINATION	Carbamazepine
Potassium citrate	DRUG_COMBINATION	Torasemide
Sonidegib	DRUG_COMBINATION	Bortezomib
Uridine triacetate	DRUG_COMBINATION	Idarubicin
Edivoxetine	DRUG_COMBINATION	Theophylline
Edivoxetine	DRUG_COMBINATION	Digoxin
Edivoxetine	DRUG_COMBINATION	Fluoxetine
Edivoxetine	DRUG_COMBINATION	Warfarin
Edivoxetine	DRUG_COMBINATION	Clopidogrel
Lobeglitazone	DRUG_COMBINATION	Empagliflozin
Limaprost	DRUG_COMBINATION	Pregabalin
Nicorandil	DRUG_COMBINATION	Idarubicin
Levamlodipine	DRUG_COMBINATION	Telmisartan
Methylene blue	DRUG_COMBINATION	Daidzin
Methylene blue	DRUG_COMBINATION	Piperaquine
Methylene blue	DRUG_COMBINATION	Linagliptin
Methylene blue	DRUG_COMBINATION	Formestane
Methylene blue	DRUG_COMBINATION	Guanfacine
Methylene blue	DRUG_COMBINATION	Topotecan
Methylene blue	DRUG_COMBINATION	Novobiocin
Methylene blue	DRUG_COMBINATION	Sertraline
Methylene blue	DRUG_COMBINATION	Sulfinpyrazone
Methylene blue	DRUG_COMBINATION	Ascorbic acid
Methylene blue	DRUG_COMBINATION	Crotamiton
Methylene blue	DRUG_COMBINATION	Cefmenoxime
Methylene blue	DRUG_COMBINATION	Pamidronic acid
Methylene blue	DRUG_COMBINATION	Chlorambucil
Methylene blue	DRUG_COMBINATION	Olanzapine
Methylene blue	DRUG_COMBINATION	Terazosin
Methylene blue	DRUG_COMBINATION	Itraconazole
Methylene blue	DRUG_COMBINATION	Idarubicin
Methylene blue	DRUG_COMBINATION	Dantrolene
Methylene blue	DRUG_COMBINATION	Tacrine
Methylene blue	DRUG_COMBINATION	Miglustat
Methylene blue	DRUG_COMBINATION	Methocarbamol
Methylene blue	DRUG_COMBINATION	Imipramine
Methylene blue	DRUG_COMBINATION	Quinine
Methylene blue	DRUG_COMBINATION	Vorinostat
Methylene blue	DRUG_COMBINATION	Fenoprofen
Methylene blue	DRUG_COMBINATION	Hydroxychloroquine
Methylene blue	DRUG_COMBINATION	Dexmedetomidine
Methylene blue	DRUG_COMBINATION	Diethylcarbamazine
Methylene blue	DRUG_COMBINATION	Clopidogrel
Methylene blue	DRUG_COMBINATION	Mebutamate
Methylene blue	DRUG_COMBINATION	Acyclovir
Methylene blue	DRUG_COMBINATION	Primidone
Methylene blue	DRUG_COMBINATION	Tolazoline
Methylene blue	DRUG_COMBINATION	Fosfomycin
Methylene blue	DRUG_COMBINATION	Phensuximide
Methylene blue	DRUG_COMBINATION	Maprotiline
Methylene blue	DRUG_COMBINATION	Meclofenamic acid
Methylene blue	DRUG_COMBINATION	Picoplatin
Methylene blue	DRUG_COMBINATION	Zaleplon
Methylene blue	DRUG_COMBINATION	Ethinylestradiol
Methylene blue	DRUG_COMBINATION	Ramelteon
Methylene blue	DRUG_COMBINATION	Lacosamide
Methylene blue	DRUG_COMBINATION	Dinaciclib
Methylene blue	DRUG_COMBINATION	Panobinostat
Methylene blue	DRUG_COMBINATION	Brincidofovir
Methylene blue	DRUG_COMBINATION	Artemether
Methylene blue	DRUG_COMBINATION	Lumefantrine
Methylene blue	DRUG_COMBINATION	Artemisinin
Methylene blue	DRUG_COMBINATION	10-hydroxycamptothecin
Methylene blue	DRUG_COMBINATION	Emetine
Methylene blue	DRUG_COMBINATION	Danusertib
6-CYCLOHEXYLMETHYLOXY-5-NITROSO-PYRIMIDINE-2,4-DIAMINE	DRUG_COMBINATION	Ruxolitinib
6-CYCLOHEXYLMETHYLOXY-5-NITROSO-PYRIMIDINE-2,4-DIAMINE	DRUG_COMBINATION	Panobinostat
Tranilast	DRUG_COMBINATION	Idarubicin
2-{[(1R,2S)-2-aminocyclohexyl]amino}-4-[(3-methylphenyl)amino]pyrimidine-5-carboxamide	DRUG_COMBINATION	Mitomycin
2-{[(1R,2S)-2-aminocyclohexyl]amino}-4-[(3-methylphenyl)amino]pyrimidine-5-carboxamide	DRUG_COMBINATION	Panobinostat
Mardepodect	DRUG_COMBINATION	Probenecid
Mardepodect	DRUG_COMBINATION	Rifampin
Mardepodect	DRUG_COMBINATION	Abacavir
Mardepodect	DRUG_COMBINATION	Novobiocin
Mardepodect	DRUG_COMBINATION	Isoprenaline
Mardepodect	DRUG_COMBINATION	Leflunomide
Mardepodect	DRUG_COMBINATION	Diazoxide
Mardepodect	DRUG_COMBINATION	Baclofen
Mardepodect	DRUG_COMBINATION	Oseltamivir
Mardepodect	DRUG_COMBINATION	Pamidronic acid
Mardepodect	DRUG_COMBINATION	Valproic acid
Mardepodect	DRUG_COMBINATION	Olanzapine
Mardepodect	DRUG_COMBINATION	Methylergometrine
Mardepodect	DRUG_COMBINATION	Chlorzoxazone
Mardepodect	DRUG_COMBINATION	Kanamycin
Mardepodect	DRUG_COMBINATION	Idarubicin
Mardepodect	DRUG_COMBINATION	Docetaxel
Mardepodect	DRUG_COMBINATION	Darunavir
Mardepodect	DRUG_COMBINATION	Allopurinol
Mardepodect	DRUG_COMBINATION	Triflupromazine
Mardepodect	DRUG_COMBINATION	Mephenytoin
Mardepodect	DRUG_COMBINATION	Vinblastine
Mardepodect	DRUG_COMBINATION	Fenoprofen
Mardepodect	DRUG_COMBINATION	Imatinib
Mardepodect	DRUG_COMBINATION	Pargyline
Mardepodect	DRUG_COMBINATION	Mebendazole
Mardepodect	DRUG_COMBINATION	Dyphylline
Mardepodect	DRUG_COMBINATION	Trazodone
Mardepodect	DRUG_COMBINATION	Trimethobenzamide
Mardepodect	DRUG_COMBINATION	Epinephrine
Mardepodect	DRUG_COMBINATION	Sumatriptan
Mardepodect	DRUG_COMBINATION	Aprepitant
Mardepodect	DRUG_COMBINATION	Galantamine
Mardepodect	DRUG_COMBINATION	Diethylcarbamazine
Mardepodect	DRUG_COMBINATION	Pentamidine
Mardepodect	DRUG_COMBINATION	Riluzole
Mardepodect	DRUG_COMBINATION	Zileuton
Mardepodect	DRUG_COMBINATION	Trioxsalen
Mardepodect	DRUG_COMBINATION	Fosfomycin
Mardepodect	DRUG_COMBINATION	Loperamide
Mardepodect	DRUG_COMBINATION	Isosorbide dinitrate
Mardepodect	DRUG_COMBINATION	Testolactone
Mardepodect	DRUG_COMBINATION	Tiagabine
Mardepodect	DRUG_COMBINATION	Maprotiline
Mardepodect	DRUG_COMBINATION	Dactinomycin
Mardepodect	DRUG_COMBINATION	Ethinylestradiol
Mardepodect	DRUG_COMBINATION	Dopamine
Mardepodect	DRUG_COMBINATION	Doxorubicin
Mardepodect	DRUG_COMBINATION	Silver sulfadiazine
Mardepodect	DRUG_COMBINATION	Aliskiren
Mardepodect	DRUG_COMBINATION	Armodafinil
Mardepodect	DRUG_COMBINATION	Triapine
Mardepodect	DRUG_COMBINATION	Brincidofovir
Mardepodect	DRUG_COMBINATION	10-hydroxycamptothecin
Mardepodect	DRUG_COMBINATION	Modufolin
Acetic acid	DRUG_COMBINATION	Proflavine
Valspodar	DRUG_COMBINATION	Ruxolitinib
Verinurad	DRUG_COMBINATION	Rifampin
Verinurad	DRUG_COMBINATION	Allopurinol
Verinurad	DRUG_COMBINATION	Febuxostat
Basmisanil	DRUG_COMBINATION	Idarubicin
Anlotinib	DRUG_COMBINATION	Topotecan
Anlotinib	DRUG_COMBINATION	Capecitabine
Anlotinib	DRUG_COMBINATION	Docetaxel
Anlotinib	DRUG_COMBINATION	Pemetrexed
Anlotinib	DRUG_COMBINATION	Irinotecan
Anlotinib	DRUG_COMBINATION	Temozolomide
Anlotinib	DRUG_COMBINATION	Olaparib
Anlotinib	DRUG_COMBINATION	Panobinostat
Anlotinib	DRUG_COMBINATION	Osimertinib
Anlotinib	DRUG_COMBINATION	Niraparib
Infigratinib	DRUG_COMBINATION	Trametinib
Infigratinib	DRUG_COMBINATION	Ceritinib
Infigratinib	DRUG_COMBINATION	Panobinostat
Infigratinib	DRUG_COMBINATION	JQ1
Infigratinib	DRUG_COMBINATION	Omipalisib
Infigratinib	DRUG_COMBINATION	BMS-754807
Infigratinib	DRUG_COMBINATION	MK-2206
Cilengitide	DRUG_COMBINATION	Idarubicin
Cilengitide	DRUG_COMBINATION	Temozolomide
Avagacestat	DRUG_COMBINATION	Rifampin
Efatutazone	DRUG_COMBINATION	Paclitaxel
Gedatolisib	DRUG_COMBINATION	Ruxolitinib
Gedatolisib	DRUG_COMBINATION	Docetaxel
Gedatolisib	DRUG_COMBINATION	Hydroxychloroquine
Gedatolisib	DRUG_COMBINATION	Irinotecan
Gedatolisib	DRUG_COMBINATION	Elacridar
Gedatolisib	DRUG_COMBINATION	Palbociclib
Gedatolisib	DRUG_COMBINATION	Dacomitinib
Gedatolisib	DRUG_COMBINATION	Panobinostat
Gedatolisib	DRUG_COMBINATION	Darolutamide
MK-8776	DRUG_COMBINATION	Ruxolitinib
MK-8776	DRUG_COMBINATION	Idarubicin
MK-8776	DRUG_COMBINATION	Docetaxel
MK-8776	DRUG_COMBINATION	Panobinostat
MK-8776	DRUG_COMBINATION	Artemether
MK-8776	DRUG_COMBINATION	Buparlisib
MK-8776	DRUG_COMBINATION	Adavosertib
Flumatinib	DRUG_COMBINATION	Nilotinib
Flumatinib	DRUG_COMBINATION	Venetoclax
Sutezolid	DRUG_COMBINATION	Bedaquiline
Rociletinib	DRUG_COMBINATION	Panobinostat
Galunisertib	DRUG_COMBINATION	Methotrexate
Galunisertib	DRUG_COMBINATION	Mebendazole
LY-2090314	DRUG_COMBINATION	Panobinostat
Guadecitabine	DRUG_COMBINATION	Irinotecan
Deflazacort	DRUG_COMBINATION	Idarubicin
Danirixin	DRUG_COMBINATION	Panobinostat
Vistusertib	DRUG_COMBINATION	Ruxolitinib
Vistusertib	DRUG_COMBINATION	Ibrutinib
Vistusertib	DRUG_COMBINATION	Panobinostat
Bempedoic acid	DRUG_COMBINATION	Atorvastatin
Bempedoic acid	DRUG_COMBINATION	Ezetimibe
Triapine	DRUG_COMBINATION	Formestane
Triapine	DRUG_COMBINATION	Pomalidomide
Triapine	DRUG_COMBINATION	Guanfacine
Triapine	DRUG_COMBINATION	Probenecid
Triapine	DRUG_COMBINATION	Memantine
Triapine	DRUG_COMBINATION	Novobiocin
Triapine	DRUG_COMBINATION	Quinacrine
Triapine	DRUG_COMBINATION	Sertraline
Triapine	DRUG_COMBINATION	Diazoxide
Triapine	DRUG_COMBINATION	Sulfinpyrazone
Triapine	DRUG_COMBINATION	Bortezomib
Triapine	DRUG_COMBINATION	Citalopram
Triapine	DRUG_COMBINATION	Cefmenoxime
Triapine	DRUG_COMBINATION	Chlorambucil
Triapine	DRUG_COMBINATION	Mitomycin
Triapine	DRUG_COMBINATION	Gefitinib
Triapine	DRUG_COMBINATION	Ethambutol
Triapine	DRUG_COMBINATION	Chlorzoxazone
Triapine	DRUG_COMBINATION	Cilostazol
Triapine	DRUG_COMBINATION	Idarubicin
Triapine	DRUG_COMBINATION	Ifosfamide
Triapine	DRUG_COMBINATION	Estramustine
Triapine	DRUG_COMBINATION	Valrubicin
Triapine	DRUG_COMBINATION	Sorafenib
Triapine	DRUG_COMBINATION	Allopurinol
Triapine	DRUG_COMBINATION	Imipramine
Triapine	DRUG_COMBINATION	Raloxifene
Triapine	DRUG_COMBINATION	Nabilone
Triapine	DRUG_COMBINATION	Altretamine
Triapine	DRUG_COMBINATION	Buspirone
Triapine	DRUG_COMBINATION	Triflupromazine
Triapine	DRUG_COMBINATION	Cisplatin
Triapine	DRUG_COMBINATION	Cyclophosphamide
Triapine	DRUG_COMBINATION	Pentostatin
Triapine	DRUG_COMBINATION	Methotrexate
Triapine	DRUG_COMBINATION	Vinblastine
Triapine	DRUG_COMBINATION	Hydroxychloroquine
Triapine	DRUG_COMBINATION	Dexmedetomidine
Triapine	DRUG_COMBINATION	Dyphylline
Triapine	DRUG_COMBINATION	Trazodone
Triapine	DRUG_COMBINATION	Trimethobenzamide
Triapine	DRUG_COMBINATION	Sumatriptan
Triapine	DRUG_COMBINATION	Aprepitant
Triapine	DRUG_COMBINATION	Galantamine
Triapine	DRUG_COMBINATION	Moricizine
Triapine	DRUG_COMBINATION	Diethylcarbamazine
Triapine	DRUG_COMBINATION	Pentamidine
Triapine	DRUG_COMBINATION	Trioxsalen
Triapine	DRUG_COMBINATION	Mebutamate
Triapine	DRUG_COMBINATION	Plicamycin
Triapine	DRUG_COMBINATION	Pralatrexate
Triapine	DRUG_COMBINATION	Acyclovir
Triapine	DRUG_COMBINATION	Primidone
Triapine	DRUG_COMBINATION	Tolazoline
Triapine	DRUG_COMBINATION	Fosfomycin
Triapine	DRUG_COMBINATION	Sirolimus
Triapine	DRUG_COMBINATION	Isosorbide dinitrate
Triapine	DRUG_COMBINATION	Fulvestrant
Triapine	DRUG_COMBINATION	Isoniazid
Triapine	DRUG_COMBINATION	Ixabepilone
Triapine	DRUG_COMBINATION	Zaleplon
Triapine	DRUG_COMBINATION	Dactinomycin
Triapine	DRUG_COMBINATION	Ezetimibe
Triapine	DRUG_COMBINATION	Cytarabine
Triapine	DRUG_COMBINATION	Busulfan
Triapine	DRUG_COMBINATION	{4-[3-(4-acetyl-3-hydroxy-2-propylphenoxy)propoxy]phenoxy}acetic acid
Triapine	DRUG_COMBINATION	Methylene blue
Triapine	DRUG_COMBINATION	Terameprocol
Triapine	DRUG_COMBINATION	K-134
Triapine	DRUG_COMBINATION	Benserazide
Triapine	DRUG_COMBINATION	Danusertib
Tasisulam	DRUG_COMBINATION	Pemetrexed
Tasisulam	DRUG_COMBINATION	Midazolam
Tasisulam	DRUG_COMBINATION	Temozolomide
Selinexor	DRUG_COMBINATION	Cladribine
Selinexor	DRUG_COMBINATION	Acetaminophen
Selinexor	DRUG_COMBINATION	Idarubicin
Selinexor	DRUG_COMBINATION	Ifosfamide
Selinexor	DRUG_COMBINATION	Lomustine
Selinexor	DRUG_COMBINATION	Dexamethasone
Selinexor	DRUG_COMBINATION	Docetaxel
Selinexor	DRUG_COMBINATION	Gemcitabine
Selinexor	DRUG_COMBINATION	Lenalidomide
Selinexor	DRUG_COMBINATION	Imatinib
Selinexor	DRUG_COMBINATION	Irinotecan
Selinexor	DRUG_COMBINATION	Temozolomide
Selinexor	DRUG_COMBINATION	Panobinostat
Selinexor	DRUG_COMBINATION	Cianidanol
Selinexor	DRUG_COMBINATION	Idasanutlin
Selinexor	DRUG_COMBINATION	Venetoclax
Delafloxacin	DRUG_COMBINATION	Midazolam
Lemborexant	DRUG_COMBINATION	Naltrexone
Duvelisib	DRUG_COMBINATION	Bortezomib
Duvelisib	DRUG_COMBINATION	Docetaxel
Duvelisib	DRUG_COMBINATION	Azacitidine
Duvelisib	DRUG_COMBINATION	Romidepsin
Duvelisib	DRUG_COMBINATION	Ibrutinib
Duvelisib	DRUG_COMBINATION	Panobinostat
Duvelisib	DRUG_COMBINATION	Venetoclax
Delanzomib	DRUG_COMBINATION	Ruxolitinib
Delanzomib	DRUG_COMBINATION	Panobinostat
Brivanib	DRUG_COMBINATION	Irinotecan
Brivanib	DRUG_COMBINATION	Niraparib
GSK-1059615	DRUG_COMBINATION	Panobinostat
Dacomitinib	DRUG_COMBINATION	Idarubicin
Dacomitinib	DRUG_COMBINATION	Osimertinib
SJG-136	DRUG_COMBINATION	Bardoxolone methyl
SJG-136	DRUG_COMBINATION	AT-7519
SJG-136	DRUG_COMBINATION	Panobinostat
SJG-136	DRUG_COMBINATION	AZD-8055
PD-168393	DRUG_COMBINATION	Panobinostat
Emodin	DRUG_COMBINATION	Idarubicin
Tegafur	DRUG_COMBINATION	Docetaxel
Tegafur	DRUG_COMBINATION	Gemcitabine
Tegafur	DRUG_COMBINATION	Uracil
Tegafur	DRUG_COMBINATION	Temozolomide
Strontium ranelate	DRUG_COMBINATION	Mefloquine
Ubidecarenone	DRUG_COMBINATION	Idarubicin
Doxofylline	DRUG_COMBINATION	Budesonide
Artesunate	DRUG_COMBINATION	Mefloquine
Artesunate	DRUG_COMBINATION	Quinine
Artesunate	DRUG_COMBINATION	Chloroquine
Artesunate	DRUG_COMBINATION	Romidepsin
Sodium aurothiomalate	DRUG_COMBINATION	Sirolimus
Lumacaftor	DRUG_COMBINATION	Itraconazole
Lumacaftor	DRUG_COMBINATION	Panobinostat
Lumacaftor	DRUG_COMBINATION	Ivacaftor
Ramosetron	DRUG_COMBINATION	Morphine
Rolapitant	DRUG_COMBINATION	Digoxin
Rolapitant	DRUG_COMBINATION	Ondansetron
Paritaprevir	DRUG_COMBINATION	Ritonavir
Paritaprevir	DRUG_COMBINATION	Dasabuvir
Paritaprevir	DRUG_COMBINATION	Ombitasvir
Ioxaglic acid	DRUG_COMBINATION	Bivalirudin
N-(5-METHYL-1H-PYRAZOL-3-YL)-2-PHENYLQUINAZOLIN-4-AMINE	DRUG_COMBINATION	Ruxolitinib
Efaproxiral	DRUG_COMBINATION	2-Methoxyestradiol
Efaproxiral	DRUG_COMBINATION	Pelitinib
Efaproxiral	DRUG_COMBINATION	Bardoxolone methyl
Efaproxiral	DRUG_COMBINATION	AT-7519
Efaproxiral	DRUG_COMBINATION	LY-2874455
Efaproxiral	DRUG_COMBINATION	Tivantinib
Efaproxiral	DRUG_COMBINATION	Navitoclax
Efaproxiral	DRUG_COMBINATION	AZD-8055
Efaproxiral	DRUG_COMBINATION	Picropodophyllin
Efaproxiral	DRUG_COMBINATION	Ombrabulin
CTS-1027	DRUG_COMBINATION	Marizomib
Binimetinib	DRUG_COMBINATION	Erlotinib
Binimetinib	DRUG_COMBINATION	Hydroxychloroquine
Binimetinib	DRUG_COMBINATION	Belinostat
Binimetinib	DRUG_COMBINATION	Palbociclib
Binimetinib	DRUG_COMBINATION	Alpelisib
Binimetinib	DRUG_COMBINATION	Panobinostat
Binimetinib	DRUG_COMBINATION	Lorlatinib
Binimetinib	DRUG_COMBINATION	Pexidartinib
Binimetinib	DRUG_COMBINATION	Brigatinib
Binimetinib	DRUG_COMBINATION	Crizotinib
Binimetinib	DRUG_COMBINATION	Encorafenib
Binimetinib	DRUG_COMBINATION	Ribociclib
Glasdegib	DRUG_COMBINATION	Azacitidine
Elagolix	DRUG_COMBINATION	Progesterone
Elagolix	DRUG_COMBINATION	Panobinostat
GDC-0623	DRUG_COMBINATION	Panobinostat
Entrectinib	DRUG_COMBINATION	Panobinostat
Entrectinib	DRUG_COMBINATION	Entrectinib
Oprozomib	DRUG_COMBINATION	Ruxolitinib
Oprozomib	DRUG_COMBINATION	Panobinostat
Oprozomib	DRUG_COMBINATION	Marizomib
Vosaroxin	DRUG_COMBINATION	Panobinostat
Apabetalone	DRUG_COMBINATION	Rosuvastatin
Abemaciclib	DRUG_COMBINATION	Bicalutamide
Abemaciclib	DRUG_COMBINATION	Anastrozole
Abemaciclib	DRUG_COMBINATION	Sunitinib
Abemaciclib	DRUG_COMBINATION	Hydroxychloroquine
Abemaciclib	DRUG_COMBINATION	Pemetrexed
Abemaciclib	DRUG_COMBINATION	Tamoxifen
Abemaciclib	DRUG_COMBINATION	Temozolomide
Abemaciclib	DRUG_COMBINATION	Exemestane
Abemaciclib	DRUG_COMBINATION	Doxorubicin
Abemaciclib	DRUG_COMBINATION	Letrozole
Abemaciclib	DRUG_COMBINATION	LY-3039478
Abemaciclib	DRUG_COMBINATION	Panobinostat
Abemaciclib	DRUG_COMBINATION	Osimertinib
Abemaciclib	DRUG_COMBINATION	Crizotinib
Abemaciclib	DRUG_COMBINATION	Selumetinib
Abemaciclib	DRUG_COMBINATION	Niraparib
Abemaciclib	DRUG_COMBINATION	Abemaciclib
Briciclib	DRUG_COMBINATION	Panobinostat
Nirogacestat	DRUG_COMBINATION	Nirogacestat
Prexasertib	DRUG_COMBINATION	Gemcitabine
Prexasertib	DRUG_COMBINATION	Pemetrexed
Prexasertib	DRUG_COMBINATION	Irinotecan
Prexasertib	DRUG_COMBINATION	Olaparib
Prexasertib	DRUG_COMBINATION	Ralimetinib
Fostamatinib	DRUG_COMBINATION	Rosuvastatin
Fostamatinib	DRUG_COMBINATION	Ciclopirox
Fostamatinib	DRUG_COMBINATION	Prazosin
Fostamatinib	DRUG_COMBINATION	Verapamil
Fostamatinib	DRUG_COMBINATION	Tamoxifen
Fostamatinib	DRUG_COMBINATION	Warfarin
Fostamatinib	DRUG_COMBINATION	Mifepristone
Fostamatinib	DRUG_COMBINATION	Alisertib
Fostamatinib	DRUG_COMBINATION	Panobinostat
Fostamatinib	DRUG_COMBINATION	Cantharidin
Fostamatinib	DRUG_COMBINATION	JQ1
Fostamatinib	DRUG_COMBINATION	BMS-754807
Fostamatinib	DRUG_COMBINATION	Marizomib
Fostamatinib	DRUG_COMBINATION	Entinostat
PF-04457845	DRUG_COMBINATION	Marizomib
Alpelisib	DRUG_COMBINATION	Ruxolitinib
Alpelisib	DRUG_COMBINATION	Capecitabine
Alpelisib	DRUG_COMBINATION	Tipifarnib
Alpelisib	DRUG_COMBINATION	Letrozole
Alpelisib	DRUG_COMBINATION	Ibrutinib
Alpelisib	DRUG_COMBINATION	Infigratinib
Alpelisib	DRUG_COMBINATION	Panobinostat
Alpelisib	DRUG_COMBINATION	Acalabrutinib
Alpelisib	DRUG_COMBINATION	Marizomib
Tesetaxel	DRUG_COMBINATION	Capecitabine
Tesetaxel	DRUG_COMBINATION	Itraconazole
Dinaciclib	DRUG_COMBINATION	Formestane
Dinaciclib	DRUG_COMBINATION	Pomalidomide
Dinaciclib	DRUG_COMBINATION	Guanfacine
Dinaciclib	DRUG_COMBINATION	Mercaptopurine
Dinaciclib	DRUG_COMBINATION	Leflunomide
Dinaciclib	DRUG_COMBINATION	Quinacrine
Dinaciclib	DRUG_COMBINATION	Bortezomib
Dinaciclib	DRUG_COMBINATION	Citalopram
Dinaciclib	DRUG_COMBINATION	Mesalazine
Dinaciclib	DRUG_COMBINATION	Theophylline
Dinaciclib	DRUG_COMBINATION	Bleomycin
Dinaciclib	DRUG_COMBINATION	Chlorambucil
Dinaciclib	DRUG_COMBINATION	Mitomycin
Dinaciclib	DRUG_COMBINATION	Gefitinib
Dinaciclib	DRUG_COMBINATION	Kanamycin
Dinaciclib	DRUG_COMBINATION	Idarubicin
Dinaciclib	DRUG_COMBINATION	Ifosfamide
Dinaciclib	DRUG_COMBINATION	Lomustine
Dinaciclib	DRUG_COMBINATION	Fomepizole
Dinaciclib	DRUG_COMBINATION	Docetaxel
Dinaciclib	DRUG_COMBINATION	Dasatinib
Dinaciclib	DRUG_COMBINATION	Lapatinib
Dinaciclib	DRUG_COMBINATION	Valrubicin
Dinaciclib	DRUG_COMBINATION	Sorafenib
Dinaciclib	DRUG_COMBINATION	Cerivastatin
Dinaciclib	DRUG_COMBINATION	Imipramine
Dinaciclib	DRUG_COMBINATION	Altretamine
Dinaciclib	DRUG_COMBINATION	Triflupromazine
Dinaciclib	DRUG_COMBINATION	Cisplatin
Dinaciclib	DRUG_COMBINATION	Erlotinib
Dinaciclib	DRUG_COMBINATION	Cyclophosphamide
Dinaciclib	DRUG_COMBINATION	Mephenytoin
Dinaciclib	DRUG_COMBINATION	Pentostatin
Dinaciclib	DRUG_COMBINATION	Vorinostat
Dinaciclib	DRUG_COMBINATION	Amodiaquine
Dinaciclib	DRUG_COMBINATION	Dexmedetomidine
Dinaciclib	DRUG_COMBINATION	Dyphylline
Dinaciclib	DRUG_COMBINATION	Trimethobenzamide
Dinaciclib	DRUG_COMBINATION	Aprepitant
Dinaciclib	DRUG_COMBINATION	Tamoxifen
Dinaciclib	DRUG_COMBINATION	Pentamidine
Dinaciclib	DRUG_COMBINATION	Riluzole
Dinaciclib	DRUG_COMBINATION	Clopidogrel
Dinaciclib	DRUG_COMBINATION	SN-38
Dinaciclib	DRUG_COMBINATION	Mebutamate
Dinaciclib	DRUG_COMBINATION	Plicamycin
Dinaciclib	DRUG_COMBINATION	Pralatrexate
Dinaciclib	DRUG_COMBINATION	Phensuximide
Dinaciclib	DRUG_COMBINATION	Maprotiline
Dinaciclib	DRUG_COMBINATION	Meclofenamic acid
Dinaciclib	DRUG_COMBINATION	Fulvestrant
Dinaciclib	DRUG_COMBINATION	Isoniazid
Dinaciclib	DRUG_COMBINATION	Ixabepilone
Dinaciclib	DRUG_COMBINATION	Dronedarone
Dinaciclib	DRUG_COMBINATION	Busulfan
Dinaciclib	DRUG_COMBINATION	SNS-032
Dinaciclib	DRUG_COMBINATION	Mirdametinib
Dinaciclib	DRUG_COMBINATION	{4-[3-(4-acetyl-3-hydroxy-2-propylphenoxy)propoxy]phenoxy}acetic acid
Dinaciclib	DRUG_COMBINATION	Silver sulfadiazine
Dinaciclib	DRUG_COMBINATION	Cytisine
Dinaciclib	DRUG_COMBINATION	Ridaforolimus
Dinaciclib	DRUG_COMBINATION	Onalespib
Dinaciclib	DRUG_COMBINATION	Mardepodect
Dinaciclib	DRUG_COMBINATION	MK-8776
Dinaciclib	DRUG_COMBINATION	Triapine
Dinaciclib	DRUG_COMBINATION	Anamorelin
Dinaciclib	DRUG_COMBINATION	Brincidofovir
Dinaciclib	DRUG_COMBINATION	Artemether
Dinaciclib	DRUG_COMBINATION	Ginkgolide A
Dinaciclib	DRUG_COMBINATION	Apitolisib
Dinaciclib	DRUG_COMBINATION	Terameprocol
Dinaciclib	DRUG_COMBINATION	Tretamine
Dinaciclib	DRUG_COMBINATION	Navitoclax
Dinaciclib	DRUG_COMBINATION	BIIB021
Dinaciclib	DRUG_COMBINATION	Dactolisib
Dinaciclib	DRUG_COMBINATION	10-hydroxycamptothecin
Dinaciclib	DRUG_COMBINATION	Adavosertib
Dinaciclib	DRUG_COMBINATION	Molibresib
Dinaciclib	DRUG_COMBINATION	BMS-754807
Dinaciclib	DRUG_COMBINATION	PF-03758309
Dinaciclib	DRUG_COMBINATION	Danusertib
Dinaciclib	DRUG_COMBINATION	Niraparib
Dinaciclib	DRUG_COMBINATION	MK-2206
PF-04418948	DRUG_COMBINATION	Idarubicin
PF-04418948	DRUG_COMBINATION	Marizomib
Triptolide	DRUG_COMBINATION	Carfilzomib
Triptolide	DRUG_COMBINATION	Mitomycin
Triptolide	DRUG_COMBINATION	Osimertinib
Voxilaprevir	DRUG_COMBINATION	Velpatasvir
Serdemetan	DRUG_COMBINATION	Mitomycin
Atopaxar	DRUG_COMBINATION	Panobinostat
Ganetespib	DRUG_COMBINATION	Panobinostat
Ganetespib	DRUG_COMBINATION	Marizomib
Savolitinib	DRUG_COMBINATION	Itraconazole
Savolitinib	DRUG_COMBINATION	Docetaxel
Savolitinib	DRUG_COMBINATION	Midazolam
Savolitinib	DRUG_COMBINATION	Famotidine
Savolitinib	DRUG_COMBINATION	Osimertinib
LY-3039478	DRUG_COMBINATION	Taladegib
BQ-123	DRUG_COMBINATION	Idarubicin
BQ-123	DRUG_COMBINATION	BQ-123
BMS-777607	DRUG_COMBINATION	Idarubicin
Letermovir	DRUG_COMBINATION	Letermovir
Enobosarm	DRUG_COMBINATION	Idarubicin
Vesnarinone	DRUG_COMBINATION	Idarubicin
Vesnarinone	DRUG_COMBINATION	Panobinostat
Vesnarinone	DRUG_COMBINATION	Marizomib
TT-232	DRUG_COMBINATION	Ruxolitinib
Naftopidil	DRUG_COMBINATION	Mefloquine
Naftopidil	DRUG_COMBINATION	Idarubicin
Naftopidil	DRUG_COMBINATION	Lumefantrine
Naftopidil	DRUG_COMBINATION	Aceclofenac
Tetrahydropalmatine	DRUG_COMBINATION	Idarubicin
Telotristat ethyl	DRUG_COMBINATION	Famotidine
Lonafarnib	DRUG_COMBINATION	Anastrozole
Lonafarnib	DRUG_COMBINATION	Ritonavir
Lonafarnib	DRUG_COMBINATION	Fenretinide
Meclinertant	DRUG_COMBINATION	Ruxolitinib
Meclinertant	DRUG_COMBINATION	Ibrutinib
Porfiromycin	DRUG_COMBINATION	Panobinostat
Prucalopride	DRUG_COMBINATION	Idarubicin
Prucalopride	DRUG_COMBINATION	Famotidine
Prucalopride	DRUG_COMBINATION	Panobinostat
Enzastaurin	DRUG_COMBINATION	Capecitabine
Enzastaurin	DRUG_COMBINATION	Bicalutamide
Enzastaurin	DRUG_COMBINATION	Sunitinib
Enzastaurin	DRUG_COMBINATION	Gemcitabine
Enzastaurin	DRUG_COMBINATION	Erlotinib
Enzastaurin	DRUG_COMBINATION	Pemetrexed
Enzastaurin	DRUG_COMBINATION	Warfarin
Enzastaurin	DRUG_COMBINATION	Temozolomide
Midostaurin	DRUG_COMBINATION	Piperaquine
Midostaurin	DRUG_COMBINATION	Ruxolitinib
Midostaurin	DRUG_COMBINATION	Bortezomib
Midostaurin	DRUG_COMBINATION	Mefloquine
Midostaurin	DRUG_COMBINATION	Decitabine
Midostaurin	DRUG_COMBINATION	Daunorubicin
Midostaurin	DRUG_COMBINATION	Naltrexone
Midostaurin	DRUG_COMBINATION	Azacitidine
Midostaurin	DRUG_COMBINATION	Cytarabine
Midostaurin	DRUG_COMBINATION	Ibrutinib
Midostaurin	DRUG_COMBINATION	Methylene blue
Midostaurin	DRUG_COMBINATION	Panobinostat
Midostaurin	DRUG_COMBINATION	Artemether
Midostaurin	DRUG_COMBINATION	Lumefantrine
Midostaurin	DRUG_COMBINATION	Cipargamin
Midostaurin	DRUG_COMBINATION	Inavolisib
Panobinostat	DRUG_COMBINATION	Piperaquine
Panobinostat	DRUG_COMBINATION	Carfilzomib
Panobinostat	DRUG_COMBINATION	Capecitabine
Panobinostat	DRUG_COMBINATION	Bicalutamide
Panobinostat	DRUG_COMBINATION	Bortezomib
Panobinostat	DRUG_COMBINATION	Mitomycin
Panobinostat	DRUG_COMBINATION	Nitisinone
Panobinostat	DRUG_COMBINATION	Mefloquine
Panobinostat	DRUG_COMBINATION	Clindamycin
Panobinostat	DRUG_COMBINATION	Docetaxel
Panobinostat	DRUG_COMBINATION	Decitabine
Panobinostat	DRUG_COMBINATION	Prochlorperazine
Panobinostat	DRUG_COMBINATION	Quinine
Panobinostat	DRUG_COMBINATION	Erlotinib
Panobinostat	DRUG_COMBINATION	Chloroquine
Panobinostat	DRUG_COMBINATION	Everolimus
Panobinostat	DRUG_COMBINATION	Pemetrexed
Panobinostat	DRUG_COMBINATION	Tamoxifen
Panobinostat	DRUG_COMBINATION	Daunorubicin
Panobinostat	DRUG_COMBINATION	Naltrexone
Panobinostat	DRUG_COMBINATION	Pelitinib
Panobinostat	DRUG_COMBINATION	Etoposide
Panobinostat	DRUG_COMBINATION	Azacitidine
Panobinostat	DRUG_COMBINATION	Dactinomycin
Panobinostat	DRUG_COMBINATION	Cytarabine
Panobinostat	DRUG_COMBINATION	Doxorubicin
Panobinostat	DRUG_COMBINATION	Letrozole
Panobinostat	DRUG_COMBINATION	Mirdametinib
Panobinostat	DRUG_COMBINATION	Bardoxolone methyl
Panobinostat	DRUG_COMBINATION	Cytisine
Panobinostat	DRUG_COMBINATION	Lenvatinib
Panobinostat	DRUG_COMBINATION	Methylene blue
Panobinostat	DRUG_COMBINATION	Pyronaridine
Panobinostat	DRUG_COMBINATION	LY-2874455
Panobinostat	DRUG_COMBINATION	Artemether
Panobinostat	DRUG_COMBINATION	Lumefantrine
Panobinostat	DRUG_COMBINATION	Navitoclax
Panobinostat	DRUG_COMBINATION	Buparlisib
Panobinostat	DRUG_COMBINATION	Adavosertib
Panobinostat	DRUG_COMBINATION	Paxalisib
Panobinostat	DRUG_COMBINATION	Omipalisib
Panobinostat	DRUG_COMBINATION	Inavolisib
Panobinostat	DRUG_COMBINATION	Formononetin
Panobinostat	DRUG_COMBINATION	Ombrabulin
Panobinostat	DRUG_COMBINATION	Marizomib
Panobinostat	DRUG_COMBINATION	Danusertib
Panobinostat	DRUG_COMBINATION	Litronesib
Panobinostat	DRUG_COMBINATION	Panobinostat
Apixaban	DRUG_COMBINATION	Cyclosporine
Apixaban	DRUG_COMBINATION	Warfarin
Apixaban	DRUG_COMBINATION	Tacrolimus
Apixaban	DRUG_COMBINATION	Rivaroxaban
Tafenoquine	DRUG_COMBINATION	Chloroquine
Tafenoquine	DRUG_COMBINATION	Artemether
Zinc sulfate	DRUG_COMBINATION	Fluconazole
Zinc sulfate	DRUG_COMBINATION	Azithromycin
Osimertinib	DRUG_COMBINATION	Dasatinib
Osimertinib	DRUG_COMBINATION	Afatinib
Osimertinib	DRUG_COMBINATION	Panobinostat
Osimertinib	DRUG_COMBINATION	Tepotinib
Osimertinib	DRUG_COMBINATION	Capmatinib
Osimertinib	DRUG_COMBINATION	Sapanisertib
Meprednisone	DRUG_COMBINATION	Ruxolitinib
A-674563	DRUG_COMBINATION	Idarubicin
A-674563	DRUG_COMBINATION	Marizomib
Dorsomorphin	DRUG_COMBINATION	Palbociclib
Dorsomorphin	DRUG_COMBINATION	Dinaciclib
Dorsomorphin	DRUG_COMBINATION	Vinpocetine
Dorsomorphin	DRUG_COMBINATION	CUDC-101
Dorsomorphin	DRUG_COMBINATION	Dactolisib
Dorsomorphin	DRUG_COMBINATION	BMS-754807
Peramivir	DRUG_COMBINATION	Idarubicin
Bosutinib	DRUG_COMBINATION	Capecitabine
Axitinib	DRUG_COMBINATION	Ruxolitinib
Axitinib	DRUG_COMBINATION	Vemurafenib
Axitinib	DRUG_COMBINATION	Formestane
Axitinib	DRUG_COMBINATION	Pomalidomide
Axitinib	DRUG_COMBINATION	Topotecan
Axitinib	DRUG_COMBINATION	Mercaptopurine
Axitinib	DRUG_COMBINATION	Fludarabine
Axitinib	DRUG_COMBINATION	Quinacrine
Axitinib	DRUG_COMBINATION	Bortezomib
Axitinib	DRUG_COMBINATION	Bleomycin
Axitinib	DRUG_COMBINATION	Chlorambucil
Axitinib	DRUG_COMBINATION	Mitomycin
Axitinib	DRUG_COMBINATION	Gefitinib
Axitinib	DRUG_COMBINATION	Tioguanine
Axitinib	DRUG_COMBINATION	Idarubicin
Axitinib	DRUG_COMBINATION	Ifosfamide
Axitinib	DRUG_COMBINATION	Estramustine
Axitinib	DRUG_COMBINATION	Anastrozole
Axitinib	DRUG_COMBINATION	Paclitaxel
Axitinib	DRUG_COMBINATION	Docetaxel
Axitinib	DRUG_COMBINATION	Dasatinib
Axitinib	DRUG_COMBINATION	Lapatinib
Axitinib	DRUG_COMBINATION	Sunitinib
Axitinib	DRUG_COMBINATION	Dexrazoxane
Axitinib	DRUG_COMBINATION	Valrubicin
Axitinib	DRUG_COMBINATION	Sorafenib
Axitinib	DRUG_COMBINATION	Trifluridine
Axitinib	DRUG_COMBINATION	Epirubicin
Axitinib	DRUG_COMBINATION	Lenalidomide
Axitinib	DRUG_COMBINATION	Raloxifene
Axitinib	DRUG_COMBINATION	Celecoxib
Axitinib	DRUG_COMBINATION	Altretamine
Axitinib	DRUG_COMBINATION	Cisplatin
Axitinib	DRUG_COMBINATION	Cyclophosphamide
Axitinib	DRUG_COMBINATION	Pentostatin
Axitinib	DRUG_COMBINATION	Methotrexate
Axitinib	DRUG_COMBINATION	Digitoxin
Axitinib	DRUG_COMBINATION	Imatinib
Axitinib	DRUG_COMBINATION	Genistein
Axitinib	DRUG_COMBINATION	Dyphylline
Axitinib	DRUG_COMBINATION	Plicamycin
Axitinib	DRUG_COMBINATION	Pralatrexate
Axitinib	DRUG_COMBINATION	Uracil mustard
Axitinib	DRUG_COMBINATION	Dacarbazine
Axitinib	DRUG_COMBINATION	Sirolimus
Axitinib	DRUG_COMBINATION	Mechlorethamine
Axitinib	DRUG_COMBINATION	Azacitidine
Axitinib	DRUG_COMBINATION	Fulvestrant
Axitinib	DRUG_COMBINATION	Isoniazid
Axitinib	DRUG_COMBINATION	Ixabepilone
Axitinib	DRUG_COMBINATION	Nilotinib
Axitinib	DRUG_COMBINATION	Picoplatin
Axitinib	DRUG_COMBINATION	Abiraterone
Axitinib	DRUG_COMBINATION	Tamibarotene
Axitinib	DRUG_COMBINATION	Amonafide
Axitinib	DRUG_COMBINATION	Dactinomycin
Axitinib	DRUG_COMBINATION	Letrozole
Axitinib	DRUG_COMBINATION	Busulfan
Axitinib	DRUG_COMBINATION	Afatinib
Axitinib	DRUG_COMBINATION	Romidepsin
Axitinib	DRUG_COMBINATION	Vandetanib
Axitinib	DRUG_COMBINATION	Triapine
Axitinib	DRUG_COMBINATION	Dinaciclib
Axitinib	DRUG_COMBINATION	Bosutinib
Axitinib	DRUG_COMBINATION	Cabazitaxel
Axitinib	DRUG_COMBINATION	Terameprocol
Axitinib	DRUG_COMBINATION	Vismodegib
Axitinib	DRUG_COMBINATION	Crizotinib
Axitinib	DRUG_COMBINATION	Liarozole
Axitinib	DRUG_COMBINATION	Tretamine
Axitinib	DRUG_COMBINATION	10-hydroxycamptothecin
Axitinib	DRUG_COMBINATION	Modufolin
Zibotentan	DRUG_COMBINATION	Pemetrexed
Anacetrapib	DRUG_COMBINATION	Idarubicin
Casopitant	DRUG_COMBINATION	Rosiglitazone
Casopitant	DRUG_COMBINATION	Warfarin
Casopitant	DRUG_COMBINATION	Casopitant
Perifosine	DRUG_COMBINATION	Mitomycin
Perifosine	DRUG_COMBINATION	Ibrutinib
Anamorelin	DRUG_COMBINATION	Memantine
Anamorelin	DRUG_COMBINATION	Novobiocin
Anamorelin	DRUG_COMBINATION	Leflunomide
Anamorelin	DRUG_COMBINATION	Diclofenamide
Anamorelin	DRUG_COMBINATION	Baclofen
Anamorelin	DRUG_COMBINATION	Bortezomib
Anamorelin	DRUG_COMBINATION	Citalopram
Anamorelin	DRUG_COMBINATION	Chlorambucil
Anamorelin	DRUG_COMBINATION	Chlorzoxazone
Anamorelin	DRUG_COMBINATION	Idarubicin
Anamorelin	DRUG_COMBINATION	Dantrolene
Anamorelin	DRUG_COMBINATION	Sunitinib
Anamorelin	DRUG_COMBINATION	Methocarbamol
Anamorelin	DRUG_COMBINATION	Allopurinol
Anamorelin	DRUG_COMBINATION	Vorinostat
Anamorelin	DRUG_COMBINATION	Vinblastine
Anamorelin	DRUG_COMBINATION	Everolimus
Anamorelin	DRUG_COMBINATION	Hydroxychloroquine
Anamorelin	DRUG_COMBINATION	Aprepitant
Anamorelin	DRUG_COMBINATION	Galantamine
Anamorelin	DRUG_COMBINATION	Diethylcarbamazine
Anamorelin	DRUG_COMBINATION	SN-38
Anamorelin	DRUG_COMBINATION	Mebutamate
Anamorelin	DRUG_COMBINATION	Niclosamide
Anamorelin	DRUG_COMBINATION	Acyclovir
Anamorelin	DRUG_COMBINATION	Acetazolamide
Anamorelin	DRUG_COMBINATION	Phensuximide
Anamorelin	DRUG_COMBINATION	Tacrolimus
Anamorelin	DRUG_COMBINATION	Fluspirilene
Anamorelin	DRUG_COMBINATION	Picoplatin
Anamorelin	DRUG_COMBINATION	Lacosamide
Anamorelin	DRUG_COMBINATION	Mardepodect
Anamorelin	DRUG_COMBINATION	Triapine
Anamorelin	DRUG_COMBINATION	Panobinostat
Anamorelin	DRUG_COMBINATION	Brincidofovir
Anamorelin	DRUG_COMBINATION	Ginkgolide A
Pasireotide	DRUG_COMBINATION	Diazoxide
Naproxcinod	DRUG_COMBINATION	Furosemide
Clevudine	DRUG_COMBINATION	Adefovir
Laquinimod	DRUG_COMBINATION	Mycophenolate mofetil
Mevastatin	DRUG_COMBINATION	Panobinostat
Taselisib	DRUG_COMBINATION	Midazolam
Taselisib	DRUG_COMBINATION	Lumefantrine
Taselisib	DRUG_COMBINATION	Marizomib
Devimistat	DRUG_COMBINATION	Gemcitabine
Poziotinib	DRUG_COMBINATION	Panobinostat
Poziotinib	DRUG_COMBINATION	Marizomib
Entospletinib	DRUG_COMBINATION	Decitabine
Entospletinib	DRUG_COMBINATION	Daunorubicin
Entospletinib	DRUG_COMBINATION	Panobinostat
Dianicline	DRUG_COMBINATION	Rimonabant
Tideglusib	DRUG_COMBINATION	Idarubicin
Vinpocetine	DRUG_COMBINATION	Piperaquine
GSK-256066	DRUG_COMBINATION	Idarubicin
Gilteritinib	DRUG_COMBINATION	Midazolam
Rigosertib	DRUG_COMBINATION	Idarubicin
Rigosertib	DRUG_COMBINATION	Azacitidine
Rigosertib	DRUG_COMBINATION	Panobinostat
Erdafitinib	DRUG_COMBINATION	Panobinostat
Brincidofovir	DRUG_COMBINATION	Daidzin
Brincidofovir	DRUG_COMBINATION	Teriflunomide
Brincidofovir	DRUG_COMBINATION	Linagliptin
Brincidofovir	DRUG_COMBINATION	Formestane
Brincidofovir	DRUG_COMBINATION	Pomalidomide
Brincidofovir	DRUG_COMBINATION	Guanfacine
Brincidofovir	DRUG_COMBINATION	Probenecid
Brincidofovir	DRUG_COMBINATION	Memantine
Brincidofovir	DRUG_COMBINATION	Rifampin
Brincidofovir	DRUG_COMBINATION	Lubiprostone
Brincidofovir	DRUG_COMBINATION	Abacavir
Brincidofovir	DRUG_COMBINATION	Novobiocin
Brincidofovir	DRUG_COMBINATION	Isoprenaline
Brincidofovir	DRUG_COMBINATION	Iloprost
Brincidofovir	DRUG_COMBINATION	Leflunomide
Brincidofovir	DRUG_COMBINATION	Sertraline
Brincidofovir	DRUG_COMBINATION	Baclofen
Brincidofovir	DRUG_COMBINATION	Bortezomib
Brincidofovir	DRUG_COMBINATION	Oseltamivir
Brincidofovir	DRUG_COMBINATION	Citalopram
Brincidofovir	DRUG_COMBINATION	Crotamiton
Brincidofovir	DRUG_COMBINATION	Cefmenoxime
Brincidofovir	DRUG_COMBINATION	Theophylline
Brincidofovir	DRUG_COMBINATION	Liothyronine
Brincidofovir	DRUG_COMBINATION	Pamidronic acid
Brincidofovir	DRUG_COMBINATION	Chlorambucil
Brincidofovir	DRUG_COMBINATION	Etomidate
Brincidofovir	DRUG_COMBINATION	Etonogestrel
Brincidofovir	DRUG_COMBINATION	Ibutilide
Brincidofovir	DRUG_COMBINATION	Valproic acid
Brincidofovir	DRUG_COMBINATION	Gefitinib
Brincidofovir	DRUG_COMBINATION	Dihydroergotamine
Brincidofovir	DRUG_COMBINATION	Ethambutol
Brincidofovir	DRUG_COMBINATION	Olanzapine
Brincidofovir	DRUG_COMBINATION	Atenolol
Brincidofovir	DRUG_COMBINATION	Nitisinone
Brincidofovir	DRUG_COMBINATION	Mefloquine
Brincidofovir	DRUG_COMBINATION	Terazosin
Brincidofovir	DRUG_COMBINATION	Itraconazole
Brincidofovir	DRUG_COMBINATION	Procarbazine
Brincidofovir	DRUG_COMBINATION	Kanamycin
Brincidofovir	DRUG_COMBINATION	Idarubicin
Brincidofovir	DRUG_COMBINATION	Estramustine
Brincidofovir	DRUG_COMBINATION	Fomepizole
Brincidofovir	DRUG_COMBINATION	Diphenidol
Brincidofovir	DRUG_COMBINATION	Bepridil
Brincidofovir	DRUG_COMBINATION	Darunavir
Brincidofovir	DRUG_COMBINATION	Hydralazine
Brincidofovir	DRUG_COMBINATION	Palonosetron
Brincidofovir	DRUG_COMBINATION	Tacrine
Brincidofovir	DRUG_COMBINATION	Sorafenib
Brincidofovir	DRUG_COMBINATION	Acetohexamide
Brincidofovir	DRUG_COMBINATION	Miglustat
Brincidofovir	DRUG_COMBINATION	Spironolactone
Brincidofovir	DRUG_COMBINATION	Methocarbamol
Brincidofovir	DRUG_COMBINATION	Allopurinol
Brincidofovir	DRUG_COMBINATION	Cerivastatin
Brincidofovir	DRUG_COMBINATION	Imipramine
Brincidofovir	DRUG_COMBINATION	Nabilone
Brincidofovir	DRUG_COMBINATION	Buspirone
Brincidofovir	DRUG_COMBINATION	Entacapone
Brincidofovir	DRUG_COMBINATION	Triflupromazine
Brincidofovir	DRUG_COMBINATION	Dextromethorphan
Brincidofovir	DRUG_COMBINATION	Albendazole
Brincidofovir	DRUG_COMBINATION	Mephenytoin
Brincidofovir	DRUG_COMBINATION	Methoxsalen
Brincidofovir	DRUG_COMBINATION	Doxapram
Brincidofovir	DRUG_COMBINATION	Cisatracurium
Brincidofovir	DRUG_COMBINATION	Paromomycin
Brincidofovir	DRUG_COMBINATION	Vorinostat
Brincidofovir	DRUG_COMBINATION	Oseltamivir acid
Brincidofovir	DRUG_COMBINATION	Vinblastine
Brincidofovir	DRUG_COMBINATION	Fenoprofen
Brincidofovir	DRUG_COMBINATION	Amiloride
Brincidofovir	DRUG_COMBINATION	Furazolidone
Brincidofovir	DRUG_COMBINATION	Imatinib
Brincidofovir	DRUG_COMBINATION	Oxandrolone
Brincidofovir	DRUG_COMBINATION	Testosterone
Brincidofovir	DRUG_COMBINATION	Efavirenz
Brincidofovir	DRUG_COMBINATION	Ursodeoxycholic acid
Brincidofovir	DRUG_COMBINATION	Everolimus
Brincidofovir	DRUG_COMBINATION	Hydroxychloroquine
Brincidofovir	DRUG_COMBINATION	Dexmedetomidine
Brincidofovir	DRUG_COMBINATION	Mebendazole
Brincidofovir	DRUG_COMBINATION	Trazodone
Brincidofovir	DRUG_COMBINATION	Mecamylamine
Brincidofovir	DRUG_COMBINATION	Metaxalone
Brincidofovir	DRUG_COMBINATION	Trimethobenzamide
Brincidofovir	DRUG_COMBINATION	Epinephrine
Brincidofovir	DRUG_COMBINATION	Sumatriptan
Brincidofovir	DRUG_COMBINATION	Aprepitant
Brincidofovir	DRUG_COMBINATION	Galantamine
Brincidofovir	DRUG_COMBINATION	Moricizine
Brincidofovir	DRUG_COMBINATION	Naltrexone
Brincidofovir	DRUG_COMBINATION	Diethylcarbamazine
Brincidofovir	DRUG_COMBINATION	Azatadine
Brincidofovir	DRUG_COMBINATION	Pentamidine
Brincidofovir	DRUG_COMBINATION	Zileuton
Brincidofovir	DRUG_COMBINATION	Clopidogrel
Brincidofovir	DRUG_COMBINATION	Trioxsalen
Brincidofovir	DRUG_COMBINATION	Mebutamate
Brincidofovir	DRUG_COMBINATION	Niclosamide
Brincidofovir	DRUG_COMBINATION	Acyclovir
Brincidofovir	DRUG_COMBINATION	Primidone
Brincidofovir	DRUG_COMBINATION	Tolazoline
Brincidofovir	DRUG_COMBINATION	Fosfomycin
Brincidofovir	DRUG_COMBINATION	Trifluoperazine
Brincidofovir	DRUG_COMBINATION	Loperamide
Brincidofovir	DRUG_COMBINATION	Levamisole
Brincidofovir	DRUG_COMBINATION	Chlorphenesin
Brincidofovir	DRUG_COMBINATION	Tacrolimus
Brincidofovir	DRUG_COMBINATION	Isosorbide dinitrate
Brincidofovir	DRUG_COMBINATION	Sulfapyridine
Brincidofovir	DRUG_COMBINATION	Testolactone
Brincidofovir	DRUG_COMBINATION	Tinidazole
Brincidofovir	DRUG_COMBINATION	Repaglinide
Brincidofovir	DRUG_COMBINATION	Amantadine
Brincidofovir	DRUG_COMBINATION	Meclofenamic acid
Brincidofovir	DRUG_COMBINATION	Phenprocoumon
Brincidofovir	DRUG_COMBINATION	Fluspirilene
Brincidofovir	DRUG_COMBINATION	Picoplatin
Brincidofovir	DRUG_COMBINATION	Dactinomycin
Brincidofovir	DRUG_COMBINATION	Ethinylestradiol
Brincidofovir	DRUG_COMBINATION	Ramelteon
Brincidofovir	DRUG_COMBINATION	Dopamine
Brincidofovir	DRUG_COMBINATION	Pizotifen
Brincidofovir	DRUG_COMBINATION	Silver sulfadiazine
Brincidofovir	DRUG_COMBINATION	Aliskiren
Brincidofovir	DRUG_COMBINATION	Ciprofibrate
Brincidofovir	DRUG_COMBINATION	Lacosamide
Brincidofovir	DRUG_COMBINATION	Armodafinil
Brincidofovir	DRUG_COMBINATION	Dinaciclib
Brincidofovir	DRUG_COMBINATION	Lumefantrine
Brincidofovir	DRUG_COMBINATION	Ginkgolide A
Brincidofovir	DRUG_COMBINATION	Terameprocol
Brincidofovir	DRUG_COMBINATION	10-hydroxycamptothecin
Brincidofovir	DRUG_COMBINATION	Emetine
Brincidofovir	DRUG_COMBINATION	Clascoterone
Brincidofovir	DRUG_COMBINATION	K-134
Brincidofovir	DRUG_COMBINATION	Benserazide
Brincidofovir	DRUG_COMBINATION	Sivelestat
Brincidofovir	DRUG_COMBINATION	Luteolin
Brincidofovir	DRUG_COMBINATION	Danusertib
Brincidofovir	DRUG_COMBINATION	Brincidofovir
Citicoline	DRUG_COMBINATION	Amantadine
Itacitinib	DRUG_COMBINATION	Docetaxel
Itacitinib	DRUG_COMBINATION	Ibrutinib
Itacitinib	DRUG_COMBINATION	Osimertinib
Itacitinib	DRUG_COMBINATION	Epacadostat
Napabucasin	DRUG_COMBINATION	Regorafenib
Napabucasin	DRUG_COMBINATION	Capecitabine
Napabucasin	DRUG_COMBINATION	Bortezomib
Napabucasin	DRUG_COMBINATION	Paclitaxel
Napabucasin	DRUG_COMBINATION	Imatinib
Napabucasin	DRUG_COMBINATION	Irinotecan
Napabucasin	DRUG_COMBINATION	Temozolomide
Napabucasin	DRUG_COMBINATION	Ibrutinib
Napabucasin	DRUG_COMBINATION	Marizomib
Fisetin	DRUG_COMBINATION	Idarubicin
Fisetin	DRUG_COMBINATION	Losartan
ZSTK-474	DRUG_COMBINATION	Ruxolitinib
ZSTK-474	DRUG_COMBINATION	Nitisinone
ZSTK-474	DRUG_COMBINATION	Quinine
ZSTK-474	DRUG_COMBINATION	Chloroquine
Ixazomib	DRUG_COMBINATION	Ruxolitinib
Ixazomib	DRUG_COMBINATION	Carfilzomib
Ixazomib	DRUG_COMBINATION	Panobinostat
Thiamphenicol	DRUG_COMBINATION	Idarubicin
Dapivirine	DRUG_COMBINATION	Miconazole
FG-2216	DRUG_COMBINATION	Marizomib
JNJ-39220675	DRUG_COMBINATION	Pseudoephedrine
Darolutamide	DRUG_COMBINATION	Dasatinib
Doxifluridine	DRUG_COMBINATION	Idarubicin
5-fluoro-2'-deoxycytidine	DRUG_COMBINATION	Idarubicin
5-fluoro-2'-deoxycytidine	DRUG_COMBINATION	Tetrahydrouridine
CP-547632	DRUG_COMBINATION	Panobinostat
Pyronaridine	DRUG_COMBINATION	Piperaquine
Pyronaridine	DRUG_COMBINATION	Ruxolitinib
Pyronaridine	DRUG_COMBINATION	Mefloquine
Pyronaridine	DRUG_COMBINATION	Chloroquine
Pyronaridine	DRUG_COMBINATION	Patupilone
Pyronaridine	DRUG_COMBINATION	Artemether
Pyronaridine	DRUG_COMBINATION	Lumefantrine
Pyronaridine	DRUG_COMBINATION	Artemisinin
Pexidartinib	DRUG_COMBINATION	Marizomib
CHS-828	DRUG_COMBINATION	Ruxolitinib
CHS-828	DRUG_COMBINATION	Carfilzomib
CHS-828	DRUG_COMBINATION	Everolimus
CHS-828	DRUG_COMBINATION	AZD-8330
CHS-828	DRUG_COMBINATION	Panobinostat
CHS-828	DRUG_COMBINATION	Eltanexor
CHS-828	DRUG_COMBINATION	Daporinad
Larotaxel	DRUG_COMBINATION	Capecitabine
VS-5584	DRUG_COMBINATION	Panobinostat
PCI-27483	DRUG_COMBINATION	Panobinostat
Rebastinib	DRUG_COMBINATION	Mitomycin
Rebastinib	DRUG_COMBINATION	Paclitaxel
Rebastinib	DRUG_COMBINATION	Panobinostat
LY-2874455	DRUG_COMBINATION	Carfilzomib
LY-2874455	DRUG_COMBINATION	Pelitinib
LY-2874455	DRUG_COMBINATION	Romidepsin
LY-2874455	DRUG_COMBINATION	Lenvatinib
LY-2874455	DRUG_COMBINATION	Dinaciclib
LY-2874455	DRUG_COMBINATION	Panobinostat
LY-2874455	DRUG_COMBINATION	Artemether
LY-2874455	DRUG_COMBINATION	JQ1
LY-2874455	DRUG_COMBINATION	Paxalisib
LY-2874455	DRUG_COMBINATION	Eltanexor
LY-2874455	DRUG_COMBINATION	Formononetin
LY-2874455	DRUG_COMBINATION	AZD-8055
LY-2874455	DRUG_COMBINATION	Danusertib
MK-8245	DRUG_COMBINATION	Ruxolitinib
MK-8245	DRUG_COMBINATION	Panobinostat
Gandotinib	DRUG_COMBINATION	Panobinostat
PAC-1	DRUG_COMBINATION	Carfilzomib
PAC-1	DRUG_COMBINATION	Trametinib
PAC-1	DRUG_COMBINATION	Idarubicin
PAC-1	DRUG_COMBINATION	Mebendazole
PAC-1	DRUG_COMBINATION	Ixazomib
PAC-1	DRUG_COMBINATION	Navitoclax
PAC-1	DRUG_COMBINATION	BIIB021
PAC-1	DRUG_COMBINATION	Dactolisib
PAC-1	DRUG_COMBINATION	Omipalisib
PAC-1	DRUG_COMBINATION	Daporinad
Artemether	DRUG_COMBINATION	Perhexiline
Artemether	DRUG_COMBINATION	Diltiazem
Artemether	DRUG_COMBINATION	Mefloquine
Artemether	DRUG_COMBINATION	Pralatrexate
Artemether	DRUG_COMBINATION	Omacetaxine mepesuccinate
Artemether	DRUG_COMBINATION	Romidepsin
Artemether	DRUG_COMBINATION	Ispinesib
Artemether	DRUG_COMBINATION	Lumefantrine
Artemether	DRUG_COMBINATION	Artemisinin
Artemether	DRUG_COMBINATION	AEE-788
Artemether	DRUG_COMBINATION	Danusertib
Degarelix	DRUG_COMBINATION	Enzalutamide
Degarelix	DRUG_COMBINATION	Anastrozole
Degarelix	DRUG_COMBINATION	Docetaxel
Degarelix	DRUG_COMBINATION	Letrozole
Degarelix	DRUG_COMBINATION	Olaparib
Degarelix	DRUG_COMBINATION	Apalutamide
Degarelix	DRUG_COMBINATION	Abemaciclib
Degarelix	DRUG_COMBINATION	Darolutamide
Lumefantrine	DRUG_COMBINATION	Piperaquine
Lumefantrine	DRUG_COMBINATION	Carfilzomib
Lumefantrine	DRUG_COMBINATION	Trametinib
Lumefantrine	DRUG_COMBINATION	Cyclosporine
Lumefantrine	DRUG_COMBINATION	Probenecid
Lumefantrine	DRUG_COMBINATION	Leflunomide
Lumefantrine	DRUG_COMBINATION	Miconazole
Lumefantrine	DRUG_COMBINATION	Diazoxide
Lumefantrine	DRUG_COMBINATION	Bortezomib
Lumefantrine	DRUG_COMBINATION	Diltiazem
Lumefantrine	DRUG_COMBINATION	Chlorzoxazone
Lumefantrine	DRUG_COMBINATION	Idarubicin
Lumefantrine	DRUG_COMBINATION	Dantrolene
Lumefantrine	DRUG_COMBINATION	Docetaxel
Lumefantrine	DRUG_COMBINATION	Sitagliptin
Lumefantrine	DRUG_COMBINATION	Buspirone
Lumefantrine	DRUG_COMBINATION	Vorinostat
Lumefantrine	DRUG_COMBINATION	Oxandrolone
Lumefantrine	DRUG_COMBINATION	Genistein
Lumefantrine	DRUG_COMBINATION	Trimethobenzamide
Lumefantrine	DRUG_COMBINATION	Moricizine
Lumefantrine	DRUG_COMBINATION	Naltrexone
Lumefantrine	DRUG_COMBINATION	Zileuton
Lumefantrine	DRUG_COMBINATION	Mebutamate
Lumefantrine	DRUG_COMBINATION	Patupilone
Lumefantrine	DRUG_COMBINATION	Tiagabine
Lumefantrine	DRUG_COMBINATION	Tinidazole
Lumefantrine	DRUG_COMBINATION	Maprotiline
Lumefantrine	DRUG_COMBINATION	Omacetaxine mepesuccinate
Lumefantrine	DRUG_COMBINATION	Dactinomycin
Lumefantrine	DRUG_COMBINATION	Dopamine
Lumefantrine	DRUG_COMBINATION	Doxorubicin
Lumefantrine	DRUG_COMBINATION	Eflornithine
Lumefantrine	DRUG_COMBINATION	Methylene blue
Lumefantrine	DRUG_COMBINATION	Panobinostat
Lumefantrine	DRUG_COMBINATION	Taselisib
Lumefantrine	DRUG_COMBINATION	Artemether
Lumefantrine	DRUG_COMBINATION	Terameprocol
Lumefantrine	DRUG_COMBINATION	Artemisinin
Lumefantrine	DRUG_COMBINATION	MK-3207
Lumefantrine	DRUG_COMBINATION	Emetine
Lumefantrine	DRUG_COMBINATION	Sivelestat
Lumefantrine	DRUG_COMBINATION	Marizomib
Lumefantrine	DRUG_COMBINATION	Lumefantrine
Lornoxicam	DRUG_COMBINATION	Idarubicin
Bafilomycin A1	DRUG_COMBINATION	Piperaquine
Bafilomycin A1	DRUG_COMBINATION	Ruxolitinib
Bafilomycin A1	DRUG_COMBINATION	Mefloquine
Bafilomycin A1	DRUG_COMBINATION	Clindamycin
Bafilomycin A1	DRUG_COMBINATION	Dasatinib
Bafilomycin A1	DRUG_COMBINATION	Sunitinib
Bafilomycin A1	DRUG_COMBINATION	Vorinostat
Bafilomycin A1	DRUG_COMBINATION	Chloroquine
Bafilomycin A1	DRUG_COMBINATION	Mebendazole
Bafilomycin A1	DRUG_COMBINATION	Doxorubicin
Bafilomycin A1	DRUG_COMBINATION	AZD-8330
Bafilomycin A1	DRUG_COMBINATION	Ridaforolimus
Bafilomycin A1	DRUG_COMBINATION	Onalespib
Bafilomycin A1	DRUG_COMBINATION	Abemaciclib
Bafilomycin A1	DRUG_COMBINATION	Dinaciclib
Bafilomycin A1	DRUG_COMBINATION	Panobinostat
Bafilomycin A1	DRUG_COMBINATION	Pyronaridine
Bafilomycin A1	DRUG_COMBINATION	Lumefantrine
Bafilomycin A1	DRUG_COMBINATION	Crizotinib
Bafilomycin A1	DRUG_COMBINATION	Cipargamin
Bafilomycin A1	DRUG_COMBINATION	Buparlisib
Bafilomycin A1	DRUG_COMBINATION	JQ1
Bafilomycin A1	DRUG_COMBINATION	Inavolisib
Bafilomycin A1	DRUG_COMBINATION	Marizomib
Seratrodast	DRUG_COMBINATION	Idarubicin
Ginkgolide A	DRUG_COMBINATION	Ruxolitinib
Ginkgolide A	DRUG_COMBINATION	Guanfacine
Ginkgolide A	DRUG_COMBINATION	Abacavir
Ginkgolide A	DRUG_COMBINATION	Diazoxide
Ginkgolide A	DRUG_COMBINATION	Oseltamivir
Ginkgolide A	DRUG_COMBINATION	Chlorzoxazone
Ginkgolide A	DRUG_COMBINATION	Itraconazole
Ginkgolide A	DRUG_COMBINATION	Idarubicin
Ginkgolide A	DRUG_COMBINATION	Docetaxel
Ginkgolide A	DRUG_COMBINATION	Methocarbamol
Ginkgolide A	DRUG_COMBINATION	Allopurinol
Ginkgolide A	DRUG_COMBINATION	Methotrexate
Ginkgolide A	DRUG_COMBINATION	Dexmedetomidine
Ginkgolide A	DRUG_COMBINATION	Trimethobenzamide
Ginkgolide A	DRUG_COMBINATION	Zileuton
Ginkgolide A	DRUG_COMBINATION	Metyrosine
Ginkgolide A	DRUG_COMBINATION	Phenprocoumon
Ginkgolide A	DRUG_COMBINATION	Ethinylestradiol
Ginkgolide A	DRUG_COMBINATION	Doxorubicin
Ginkgolide A	DRUG_COMBINATION	Armodafinil
Ginkgolide A	DRUG_COMBINATION	Triapine
Ginkgolide A	DRUG_COMBINATION	Modufolin
Pinacidil	DRUG_COMBINATION	Daidzin
Pinacidil	DRUG_COMBINATION	Guanfacine
Pinacidil	DRUG_COMBINATION	Probenecid
Pinacidil	DRUG_COMBINATION	Memantine
Pinacidil	DRUG_COMBINATION	Novobiocin
Pinacidil	DRUG_COMBINATION	Isoprenaline
Pinacidil	DRUG_COMBINATION	Iloprost
Pinacidil	DRUG_COMBINATION	Leflunomide
Pinacidil	DRUG_COMBINATION	Sertraline
Pinacidil	DRUG_COMBINATION	Diazoxide
Pinacidil	DRUG_COMBINATION	Baclofen
Pinacidil	DRUG_COMBINATION	Citalopram
Pinacidil	DRUG_COMBINATION	Chlorambucil
Pinacidil	DRUG_COMBINATION	Etomidate
Pinacidil	DRUG_COMBINATION	Itraconazole
Pinacidil	DRUG_COMBINATION	Estramustine
Pinacidil	DRUG_COMBINATION	Hydralazine
Pinacidil	DRUG_COMBINATION	Palonosetron
Pinacidil	DRUG_COMBINATION	Sorafenib
Pinacidil	DRUG_COMBINATION	Pramipexole
Pinacidil	DRUG_COMBINATION	Acetohexamide
Pinacidil	DRUG_COMBINATION	Allopurinol
Pinacidil	DRUG_COMBINATION	Cerivastatin
Pinacidil	DRUG_COMBINATION	Enoxacin
Pinacidil	DRUG_COMBINATION	Quinine
Pinacidil	DRUG_COMBINATION	Nabilone
Pinacidil	DRUG_COMBINATION	Triflupromazine
Pinacidil	DRUG_COMBINATION	Albendazole
Pinacidil	DRUG_COMBINATION	Doxapram
Pinacidil	DRUG_COMBINATION	Amodiaquine
Pinacidil	DRUG_COMBINATION	Furazolidone
Pinacidil	DRUG_COMBINATION	Imatinib
Pinacidil	DRUG_COMBINATION	Everolimus
Pinacidil	DRUG_COMBINATION	Hydroxychloroquine
Pinacidil	DRUG_COMBINATION	Oxyphenbutazone
Pinacidil	DRUG_COMBINATION	Dyphylline
Pinacidil	DRUG_COMBINATION	Trazodone
Pinacidil	DRUG_COMBINATION	Aprepitant
Pinacidil	DRUG_COMBINATION	Diethylcarbamazine
Pinacidil	DRUG_COMBINATION	SN-38
Pinacidil	DRUG_COMBINATION	Niclosamide
Pinacidil	DRUG_COMBINATION	Raltegravir
Pinacidil	DRUG_COMBINATION	Metyrosine
Pinacidil	DRUG_COMBINATION	Acyclovir
Pinacidil	DRUG_COMBINATION	Primidone
Pinacidil	DRUG_COMBINATION	Trifluoperazine
Pinacidil	DRUG_COMBINATION	Phensuximide
Pinacidil	DRUG_COMBINATION	Chlorphenesin
Pinacidil	DRUG_COMBINATION	Tacrolimus
Pinacidil	DRUG_COMBINATION	Tiagabine
Pinacidil	DRUG_COMBINATION	Amantadine
Pinacidil	DRUG_COMBINATION	Meclofenamic acid
Pinacidil	DRUG_COMBINATION	Phenprocoumon
Pinacidil	DRUG_COMBINATION	Fluspirilene
Pinacidil	DRUG_COMBINATION	Dactinomycin
Pinacidil	DRUG_COMBINATION	Cytarabine
Pinacidil	DRUG_COMBINATION	Ciprofibrate
Pinacidil	DRUG_COMBINATION	Armodafinil
Pinacidil	DRUG_COMBINATION	Methylene blue
Pinacidil	DRUG_COMBINATION	Brincidofovir
Pinacidil	DRUG_COMBINATION	Terameprocol
Pinacidil	DRUG_COMBINATION	10-hydroxycamptothecin
Pinacidil	DRUG_COMBINATION	K-134
Cabazitaxel	DRUG_COMBINATION	Ruxolitinib
Cabazitaxel	DRUG_COMBINATION	Vemurafenib
Cabazitaxel	DRUG_COMBINATION	Formestane
Cabazitaxel	DRUG_COMBINATION	Pomalidomide
Cabazitaxel	DRUG_COMBINATION	Topotecan
Cabazitaxel	DRUG_COMBINATION	Mercaptopurine
Cabazitaxel	DRUG_COMBINATION	Fludarabine
Cabazitaxel	DRUG_COMBINATION	Quinacrine
Cabazitaxel	DRUG_COMBINATION	Bortezomib
Cabazitaxel	DRUG_COMBINATION	Bleomycin
Cabazitaxel	DRUG_COMBINATION	Chlorambucil
Cabazitaxel	DRUG_COMBINATION	Mitomycin
Cabazitaxel	DRUG_COMBINATION	Gefitinib
Cabazitaxel	DRUG_COMBINATION	Tioguanine
Cabazitaxel	DRUG_COMBINATION	Idarubicin
Cabazitaxel	DRUG_COMBINATION	Ifosfamide
Cabazitaxel	DRUG_COMBINATION	Estramustine
Cabazitaxel	DRUG_COMBINATION	Anastrozole
Cabazitaxel	DRUG_COMBINATION	Paclitaxel
Cabazitaxel	DRUG_COMBINATION	Docetaxel
Cabazitaxel	DRUG_COMBINATION	Dasatinib
Cabazitaxel	DRUG_COMBINATION	Lapatinib
Cabazitaxel	DRUG_COMBINATION	Sunitinib
Cabazitaxel	DRUG_COMBINATION	Dexrazoxane
Cabazitaxel	DRUG_COMBINATION	Valrubicin
Cabazitaxel	DRUG_COMBINATION	Sorafenib
Cabazitaxel	DRUG_COMBINATION	Trifluridine
Cabazitaxel	DRUG_COMBINATION	Lenalidomide
Cabazitaxel	DRUG_COMBINATION	Raloxifene
Cabazitaxel	DRUG_COMBINATION	Celecoxib
Cabazitaxel	DRUG_COMBINATION	Altretamine
Cabazitaxel	DRUG_COMBINATION	Cisplatin
Cabazitaxel	DRUG_COMBINATION	Pentostatin
Cabazitaxel	DRUG_COMBINATION	Methotrexate
Cabazitaxel	DRUG_COMBINATION	Digitoxin
Cabazitaxel	DRUG_COMBINATION	Imatinib
Cabazitaxel	DRUG_COMBINATION	Genistein
Cabazitaxel	DRUG_COMBINATION	Prednisone
Cabazitaxel	DRUG_COMBINATION	Dyphylline
Cabazitaxel	DRUG_COMBINATION	Plicamycin
Cabazitaxel	DRUG_COMBINATION	Pralatrexate
Cabazitaxel	DRUG_COMBINATION	Uracil mustard
Cabazitaxel	DRUG_COMBINATION	Dacarbazine
Cabazitaxel	DRUG_COMBINATION	Prednisolone
Cabazitaxel	DRUG_COMBINATION	Sirolimus
Cabazitaxel	DRUG_COMBINATION	Mechlorethamine
Cabazitaxel	DRUG_COMBINATION	Azacitidine
Cabazitaxel	DRUG_COMBINATION	Fulvestrant
Cabazitaxel	DRUG_COMBINATION	Ixabepilone
Cabazitaxel	DRUG_COMBINATION	Nilotinib
Cabazitaxel	DRUG_COMBINATION	Picoplatin
Cabazitaxel	DRUG_COMBINATION	Abiraterone
Cabazitaxel	DRUG_COMBINATION	Tamibarotene
Cabazitaxel	DRUG_COMBINATION	Amonafide
Cabazitaxel	DRUG_COMBINATION	Dactinomycin
Cabazitaxel	DRUG_COMBINATION	Romidepsin
Cabazitaxel	DRUG_COMBINATION	Vandetanib
Cabazitaxel	DRUG_COMBINATION	Triapine
Cabazitaxel	DRUG_COMBINATION	Dinaciclib
Cabazitaxel	DRUG_COMBINATION	Panobinostat
Cabazitaxel	DRUG_COMBINATION	Axitinib
Cabazitaxel	DRUG_COMBINATION	Terameprocol
Cabazitaxel	DRUG_COMBINATION	Vismodegib
Cabazitaxel	DRUG_COMBINATION	Crizotinib
Cabazitaxel	DRUG_COMBINATION	Liarozole
Cabazitaxel	DRUG_COMBINATION	Tretamine
Cabazitaxel	DRUG_COMBINATION	10-hydroxycamptothecin
Cabazitaxel	DRUG_COMBINATION	Modufolin
Capsaicin	DRUG_COMBINATION	Lidocaine
Capsaicin	DRUG_COMBINATION	Diclofenac
Capsaicin	DRUG_COMBINATION	Panobinostat
Carglumic acid	DRUG_COMBINATION	Leflunomide
Carglumic acid	DRUG_COMBINATION	Diazoxide
Carglumic acid	DRUG_COMBINATION	Itraconazole
Carglumic acid	DRUG_COMBINATION	Kanamycin
Carglumic acid	DRUG_COMBINATION	Idarubicin
Carglumic acid	DRUG_COMBINATION	Cerivastatin
Carglumic acid	DRUG_COMBINATION	Quinine
Carglumic acid	DRUG_COMBINATION	Vorinostat
Carglumic acid	DRUG_COMBINATION	Vinblastine
Carglumic acid	DRUG_COMBINATION	Imatinib
Carglumic acid	DRUG_COMBINATION	Everolimus
Carglumic acid	DRUG_COMBINATION	Oxyphenbutazone
Carglumic acid	DRUG_COMBINATION	Trimethobenzamide
Carglumic acid	DRUG_COMBINATION	Tamoxifen
Carglumic acid	DRUG_COMBINATION	Diethylcarbamazine
Carglumic acid	DRUG_COMBINATION	Azatadine
Carglumic acid	DRUG_COMBINATION	Raltegravir
Carglumic acid	DRUG_COMBINATION	Metyrosine
Carglumic acid	DRUG_COMBINATION	Primidone
Carglumic acid	DRUG_COMBINATION	Acetazolamide
Carglumic acid	DRUG_COMBINATION	Chlorphenesin
Carglumic acid	DRUG_COMBINATION	Doxorubicin
Carglumic acid	DRUG_COMBINATION	Armodafinil
Carglumic acid	DRUG_COMBINATION	Methylene blue
Carglumic acid	DRUG_COMBINATION	Brincidofovir
Carglumic acid	DRUG_COMBINATION	Emetine
Carglumic acid	DRUG_COMBINATION	Luteolin
Sarpogrelate	DRUG_COMBINATION	Miconazole
Sarpogrelate	DRUG_COMBINATION	Dihydroergotamine
Sarpogrelate	DRUG_COMBINATION	Nitisinone
Sarpogrelate	DRUG_COMBINATION	Mefloquine
Sarpogrelate	DRUG_COMBINATION	Quinine
Sarpogrelate	DRUG_COMBINATION	4-Hydroxy-3,5-Dimethyl-5-(2-Methyl-Buta-1,3-Dienyl)-5h-Thiophen-2-One
Sarpogrelate	DRUG_COMBINATION	Patupilone
Sarpogrelate	DRUG_COMBINATION	Omacetaxine mepesuccinate
Sarpogrelate	DRUG_COMBINATION	Lumefantrine
LY-3023414	DRUG_COMBINATION	Methotrexate
LY-3023414	DRUG_COMBINATION	Inavolisib
CUDC-101	DRUG_COMBINATION	Ruxolitinib
CUDC-101	DRUG_COMBINATION	Mitomycin
CUDC-101	DRUG_COMBINATION	Idarubicin
CUDC-101	DRUG_COMBINATION	Ciclopirox
CUDC-101	DRUG_COMBINATION	Tamoxifen
CUDC-101	DRUG_COMBINATION	Mirdametinib
CUDC-101	DRUG_COMBINATION	Ibrutinib
CUDC-101	DRUG_COMBINATION	Apitolisib
CUDC-101	DRUG_COMBINATION	BIIB021
CUDC-101	DRUG_COMBINATION	Marizomib
Apitolisib	DRUG_COMBINATION	Ruxolitinib
Apitolisib	DRUG_COMBINATION	Trametinib
Apitolisib	DRUG_COMBINATION	Capecitabine
Apitolisib	DRUG_COMBINATION	Ciclopirox
Apitolisib	DRUG_COMBINATION	Tamoxifen
Apitolisib	DRUG_COMBINATION	Mifepristone
Apitolisib	DRUG_COMBINATION	Mirdametinib
Apitolisib	DRUG_COMBINATION	RAF-265
Apitolisib	DRUG_COMBINATION	Cobimetinib
Apitolisib	DRUG_COMBINATION	Panobinostat
Apitolisib	DRUG_COMBINATION	Cantharidin
Apitolisib	DRUG_COMBINATION	Navitoclax
Apitolisib	DRUG_COMBINATION	BIIB021
Apitolisib	DRUG_COMBINATION	Entinostat
Dalcetrapib	DRUG_COMBINATION	Idarubicin
Exatecan	DRUG_COMBINATION	Ruxolitinib
Exatecan	DRUG_COMBINATION	Panobinostat
Tivantinib	DRUG_COMBINATION	Mitomycin
Tivantinib	DRUG_COMBINATION	Decitabine
Tivantinib	DRUG_COMBINATION	Everolimus
Tivantinib	DRUG_COMBINATION	Leucovorin
Tivantinib	DRUG_COMBINATION	TG-100801
Tivantinib	DRUG_COMBINATION	Panobinostat
Tivantinib	DRUG_COMBINATION	Adavosertib
Tozadenant	DRUG_COMBINATION	Levodopa
Verdinexor	DRUG_COMBINATION	Panobinostat
Verdinexor	DRUG_COMBINATION	Marizomib
Capivasertib	DRUG_COMBINATION	Ruxolitinib
Capivasertib	DRUG_COMBINATION	Enzalutamide
Capivasertib	DRUG_COMBINATION	Paclitaxel
Capivasertib	DRUG_COMBINATION	Panobinostat
Terameprocol	DRUG_COMBINATION	Formestane
Terameprocol	DRUG_COMBINATION	Pomalidomide
Terameprocol	DRUG_COMBINATION	Isoprenaline
Terameprocol	DRUG_COMBINATION	Leflunomide
Terameprocol	DRUG_COMBINATION	Quinacrine
Terameprocol	DRUG_COMBINATION	Sulfinpyrazone
Terameprocol	DRUG_COMBINATION	Citalopram
Terameprocol	DRUG_COMBINATION	Crotamiton
Terameprocol	DRUG_COMBINATION	Pamidronic acid
Terameprocol	DRUG_COMBINATION	Chlorambucil
Terameprocol	DRUG_COMBINATION	Mitomycin
Terameprocol	DRUG_COMBINATION	Gefitinib
Terameprocol	DRUG_COMBINATION	Atenolol
Terameprocol	DRUG_COMBINATION	Methylergometrine
Terameprocol	DRUG_COMBINATION	Terazosin
Terameprocol	DRUG_COMBINATION	Ifosfamide
Terameprocol	DRUG_COMBINATION	Bepridil
Terameprocol	DRUG_COMBINATION	Darunavir
Terameprocol	DRUG_COMBINATION	Hydralazine
Terameprocol	DRUG_COMBINATION	Tacrine
Terameprocol	DRUG_COMBINATION	Methocarbamol
Terameprocol	DRUG_COMBINATION	Cerivastatin
Terameprocol	DRUG_COMBINATION	Raloxifene
Terameprocol	DRUG_COMBINATION	Altretamine
Terameprocol	DRUG_COMBINATION	Entacapone
Terameprocol	DRUG_COMBINATION	Cisplatin
Terameprocol	DRUG_COMBINATION	Cyclophosphamide
Terameprocol	DRUG_COMBINATION	Pentostatin
Terameprocol	DRUG_COMBINATION	Doxapram
Terameprocol	DRUG_COMBINATION	Methotrexate
Terameprocol	DRUG_COMBINATION	Vorinostat
Terameprocol	DRUG_COMBINATION	Imatinib
Terameprocol	DRUG_COMBINATION	Everolimus
Terameprocol	DRUG_COMBINATION	Cilastatin
Terameprocol	DRUG_COMBINATION	Hydroxychloroquine
Terameprocol	DRUG_COMBINATION	Pargyline
Terameprocol	DRUG_COMBINATION	Oxyphenbutazone
Terameprocol	DRUG_COMBINATION	Dyphylline
Terameprocol	DRUG_COMBINATION	Trazodone
Terameprocol	DRUG_COMBINATION	Aprepitant
Terameprocol	DRUG_COMBINATION	Moricizine
Terameprocol	DRUG_COMBINATION	Zileuton
Terameprocol	DRUG_COMBINATION	SN-38
Terameprocol	DRUG_COMBINATION	Plicamycin
Terameprocol	DRUG_COMBINATION	Tolazoline
Terameprocol	DRUG_COMBINATION	Acetazolamide
Terameprocol	DRUG_COMBINATION	Fosfomycin
Terameprocol	DRUG_COMBINATION	Trifluoperazine
Terameprocol	DRUG_COMBINATION	Sirolimus
Terameprocol	DRUG_COMBINATION	Maprotiline
Terameprocol	DRUG_COMBINATION	Fulvestrant
Terameprocol	DRUG_COMBINATION	Isoniazid
Terameprocol	DRUG_COMBINATION	Nilotinib
Terameprocol	DRUG_COMBINATION	Cytarabine
Terameprocol	DRUG_COMBINATION	Doxorubicin
Terameprocol	DRUG_COMBINATION	Busulfan
Terameprocol	DRUG_COMBINATION	Methylene blue
Terameprocol	DRUG_COMBINATION	Mardepodect
Terameprocol	DRUG_COMBINATION	Panobinostat
Terameprocol	DRUG_COMBINATION	Tretamine
Terameprocol	DRUG_COMBINATION	Emetine
Terameprocol	DRUG_COMBINATION	Modufolin
Terameprocol	DRUG_COMBINATION	K-134
Telcagepant	DRUG_COMBINATION	Acetaminophen
Bunazosin	DRUG_COMBINATION	Valsartan
BMS-214662	DRUG_COMBINATION	Panobinostat
Estetrol	DRUG_COMBINATION	Panobinostat
TAK-733	DRUG_COMBINATION	Carfilzomib
TAK-733	DRUG_COMBINATION	Trametinib
TAK-733	DRUG_COMBINATION	Cladribine
TAK-733	DRUG_COMBINATION	Idarubicin
TAK-733	DRUG_COMBINATION	Panobinostat
TAK-733	DRUG_COMBINATION	Ixazomib
TAK-733	DRUG_COMBINATION	Apitolisib
TAK-733	DRUG_COMBINATION	Omipalisib
AZD-7762	DRUG_COMBINATION	Ruxolitinib
AZD-7762	DRUG_COMBINATION	Mitomycin
AZD-7762	DRUG_COMBINATION	Gemcitabine
AZD-7762	DRUG_COMBINATION	Pralatrexate
AZD-7762	DRUG_COMBINATION	Irinotecan
AZD-7762	DRUG_COMBINATION	Panobinostat
Edaravone	DRUG_COMBINATION	Atorvastatin
Edaravone	DRUG_COMBINATION	Idarubicin
Edaravone	DRUG_COMBINATION	Riluzole
Edaravone	DRUG_COMBINATION	Panobinostat
Edaravone	DRUG_COMBINATION	Marizomib
AZD-4547	DRUG_COMBINATION	Panobinostat
GDC-0810	DRUG_COMBINATION	Apilimod
ABT-751	DRUG_COMBINATION	Ruxolitinib
ABT-751	DRUG_COMBINATION	Panobinostat
Vadadustat	DRUG_COMBINATION	Probenecid
Vadadustat	DRUG_COMBINATION	Rifampin
Vadadustat	DRUG_COMBINATION	Rosuvastatin
Vadadustat	DRUG_COMBINATION	Rabeprazole
Vadadustat	DRUG_COMBINATION	Pravastatin
Vadadustat	DRUG_COMBINATION	Digoxin
Vadadustat	DRUG_COMBINATION	Simvastatin
Vadadustat	DRUG_COMBINATION	Furosemide
Vadadustat	DRUG_COMBINATION	Adefovir
Atevirdine	DRUG_COMBINATION	Ritonavir
Brigatinib	DRUG_COMBINATION	Midazolam
Brigatinib	DRUG_COMBINATION	Ceritinib
Brigatinib	DRUG_COMBINATION	Lorlatinib
Losmapimod	DRUG_COMBINATION	Panobinostat
Seviteronel	DRUG_COMBINATION	Idarubicin
Defactinib	DRUG_COMBINATION	Paclitaxel
LY-2608204	DRUG_COMBINATION	Panobinostat
Puerarin	DRUG_COMBINATION	Panobinostat
Tacedinaline	DRUG_COMBINATION	Ruxolitinib
Tacedinaline	DRUG_COMBINATION	Idarubicin
Tacedinaline	DRUG_COMBINATION	Panobinostat
Ticagrelor	DRUG_COMBINATION	Atorvastatin
Ticagrelor	DRUG_COMBINATION	Rosuvastatin
Ticagrelor	DRUG_COMBINATION	Morphine
Ticagrelor	DRUG_COMBINATION	Colchicine
Ticagrelor	DRUG_COMBINATION	Clopidogrel
Ticagrelor	DRUG_COMBINATION	Acetylsalicylic acid
Ticagrelor	DRUG_COMBINATION	Rivaroxaban
Tafluprost	DRUG_COMBINATION	Latanoprost
Ivacaftor	DRUG_COMBINATION	Ruxolitinib
Deferiprone	DRUG_COMBINATION	Acetylcysteine
Vismodegib	DRUG_COMBINATION	Ruxolitinib
Vismodegib	DRUG_COMBINATION	Vemurafenib
Vismodegib	DRUG_COMBINATION	Formestane
Vismodegib	DRUG_COMBINATION	Pomalidomide
Vismodegib	DRUG_COMBINATION	Topotecan
Vismodegib	DRUG_COMBINATION	Mercaptopurine
Vismodegib	DRUG_COMBINATION	Fludarabine
Vismodegib	DRUG_COMBINATION	Quinacrine
Vismodegib	DRUG_COMBINATION	Bortezomib
Vismodegib	DRUG_COMBINATION	Bleomycin
Vismodegib	DRUG_COMBINATION	Chlorambucil
Vismodegib	DRUG_COMBINATION	Mitomycin
Vismodegib	DRUG_COMBINATION	Gefitinib
Vismodegib	DRUG_COMBINATION	Tioguanine
Vismodegib	DRUG_COMBINATION	Idarubicin
Vismodegib	DRUG_COMBINATION	Ifosfamide
Vismodegib	DRUG_COMBINATION	Estramustine
Vismodegib	DRUG_COMBINATION	Anastrozole
Vismodegib	DRUG_COMBINATION	Paclitaxel
Vismodegib	DRUG_COMBINATION	Docetaxel
Vismodegib	DRUG_COMBINATION	Dasatinib
Vismodegib	DRUG_COMBINATION	Lapatinib
Vismodegib	DRUG_COMBINATION	Sunitinib
Vismodegib	DRUG_COMBINATION	Dexrazoxane
Vismodegib	DRUG_COMBINATION	Valrubicin
Vismodegib	DRUG_COMBINATION	Sorafenib
Vismodegib	DRUG_COMBINATION	Rosiglitazone
Vismodegib	DRUG_COMBINATION	Trifluridine
Vismodegib	DRUG_COMBINATION	Gemcitabine
Vismodegib	DRUG_COMBINATION	Epirubicin
Vismodegib	DRUG_COMBINATION	Lenalidomide
Vismodegib	DRUG_COMBINATION	Raloxifene
Vismodegib	DRUG_COMBINATION	Celecoxib
Vismodegib	DRUG_COMBINATION	Altretamine
Vismodegib	DRUG_COMBINATION	Cisplatin
Vismodegib	DRUG_COMBINATION	Cyclophosphamide
Vismodegib	DRUG_COMBINATION	Pentostatin
Vismodegib	DRUG_COMBINATION	Methotrexate
Vismodegib	DRUG_COMBINATION	Digitoxin
Vismodegib	DRUG_COMBINATION	Imatinib
Vismodegib	DRUG_COMBINATION	Genistein
Vismodegib	DRUG_COMBINATION	Dyphylline
Vismodegib	DRUG_COMBINATION	Plicamycin
Vismodegib	DRUG_COMBINATION	Pralatrexate
Vismodegib	DRUG_COMBINATION	Uracil mustard
Vismodegib	DRUG_COMBINATION	Dacarbazine
Vismodegib	DRUG_COMBINATION	Temozolomide
Vismodegib	DRUG_COMBINATION	Sirolimus
Vismodegib	DRUG_COMBINATION	Mechlorethamine
Vismodegib	DRUG_COMBINATION	Azacitidine
Vismodegib	DRUG_COMBINATION	Fulvestrant
Vismodegib	DRUG_COMBINATION	Isoniazid
Vismodegib	DRUG_COMBINATION	Ixabepilone
Vismodegib	DRUG_COMBINATION	Nilotinib
Vismodegib	DRUG_COMBINATION	Picoplatin
Vismodegib	DRUG_COMBINATION	Abiraterone
Vismodegib	DRUG_COMBINATION	Tamibarotene
Vismodegib	DRUG_COMBINATION	Pirfenidone
Vismodegib	DRUG_COMBINATION	Amonafide
Vismodegib	DRUG_COMBINATION	Dactinomycin
Vismodegib	DRUG_COMBINATION	Cytarabine
Vismodegib	DRUG_COMBINATION	Letrozole
Vismodegib	DRUG_COMBINATION	Romidepsin
Vismodegib	DRUG_COMBINATION	Vandetanib
Vismodegib	DRUG_COMBINATION	Sonidegib
Vismodegib	DRUG_COMBINATION	Triapine
Vismodegib	DRUG_COMBINATION	Dinaciclib
Vismodegib	DRUG_COMBINATION	Axitinib
Vismodegib	DRUG_COMBINATION	Cabazitaxel
Vismodegib	DRUG_COMBINATION	Terameprocol
Vismodegib	DRUG_COMBINATION	Crizotinib
Vismodegib	DRUG_COMBINATION	Liarozole
Vismodegib	DRUG_COMBINATION	Tretamine
Vismodegib	DRUG_COMBINATION	10-hydroxycamptothecin
Vismodegib	DRUG_COMBINATION	Modufolin
Ellagic acid	DRUG_COMBINATION	Idarubicin
Pitavastatin	DRUG_COMBINATION	Rosuvastatin
Pitavastatin	DRUG_COMBINATION	Darunavir
Rilpivirine	DRUG_COMBINATION	Cabotegravir
Crizotinib	DRUG_COMBINATION	Ruxolitinib
Crizotinib	DRUG_COMBINATION	Vemurafenib
Crizotinib	DRUG_COMBINATION	Carfilzomib
Crizotinib	DRUG_COMBINATION	Enzalutamide
Crizotinib	DRUG_COMBINATION	Formestane
Crizotinib	DRUG_COMBINATION	Pomalidomide
Crizotinib	DRUG_COMBINATION	Topotecan
Crizotinib	DRUG_COMBINATION	Rifampin
Crizotinib	DRUG_COMBINATION	Fludarabine
Crizotinib	DRUG_COMBINATION	Bortezomib
Crizotinib	DRUG_COMBINATION	Bleomycin
Crizotinib	DRUG_COMBINATION	Chlorambucil
Crizotinib	DRUG_COMBINATION	Mitomycin
Crizotinib	DRUG_COMBINATION	Gefitinib
Crizotinib	DRUG_COMBINATION	Tioguanine
Crizotinib	DRUG_COMBINATION	Idarubicin
Crizotinib	DRUG_COMBINATION	Ifosfamide
Crizotinib	DRUG_COMBINATION	Estramustine
Crizotinib	DRUG_COMBINATION	Anastrozole
Crizotinib	DRUG_COMBINATION	Paclitaxel
Crizotinib	DRUG_COMBINATION	Docetaxel
Crizotinib	DRUG_COMBINATION	Dasatinib
Crizotinib	DRUG_COMBINATION	Lapatinib
Crizotinib	DRUG_COMBINATION	Sunitinib
Crizotinib	DRUG_COMBINATION	Dexrazoxane
Crizotinib	DRUG_COMBINATION	Valrubicin
Crizotinib	DRUG_COMBINATION	Sorafenib
Crizotinib	DRUG_COMBINATION	Trifluridine
Crizotinib	DRUG_COMBINATION	Epirubicin
Crizotinib	DRUG_COMBINATION	Lenalidomide
Crizotinib	DRUG_COMBINATION	Raloxifene
Crizotinib	DRUG_COMBINATION	Celecoxib
Crizotinib	DRUG_COMBINATION	Altretamine
Crizotinib	DRUG_COMBINATION	Cisplatin
Crizotinib	DRUG_COMBINATION	Erlotinib
Crizotinib	DRUG_COMBINATION	Cyclophosphamide
Crizotinib	DRUG_COMBINATION	Pentostatin
Crizotinib	DRUG_COMBINATION	Methotrexate
Crizotinib	DRUG_COMBINATION	Digitoxin
Crizotinib	DRUG_COMBINATION	Imatinib
Crizotinib	DRUG_COMBINATION	Genistein
Crizotinib	DRUG_COMBINATION	Dyphylline
Crizotinib	DRUG_COMBINATION	Plicamycin
Crizotinib	DRUG_COMBINATION	Pralatrexate
Crizotinib	DRUG_COMBINATION	Uracil mustard
Crizotinib	DRUG_COMBINATION	Dacarbazine
Crizotinib	DRUG_COMBINATION	Sirolimus
Crizotinib	DRUG_COMBINATION	Mechlorethamine
Crizotinib	DRUG_COMBINATION	Azacitidine
Crizotinib	DRUG_COMBINATION	Fulvestrant
Crizotinib	DRUG_COMBINATION	Isoniazid
Crizotinib	DRUG_COMBINATION	Ixabepilone
Crizotinib	DRUG_COMBINATION	Nilotinib
Crizotinib	DRUG_COMBINATION	Picoplatin
Crizotinib	DRUG_COMBINATION	Abiraterone
Crizotinib	DRUG_COMBINATION	Tamibarotene
Crizotinib	DRUG_COMBINATION	Amonafide
Crizotinib	DRUG_COMBINATION	Dactinomycin
Crizotinib	DRUG_COMBINATION	Letrozole
Crizotinib	DRUG_COMBINATION	Plinabulin
Crizotinib	DRUG_COMBINATION	Romidepsin
Crizotinib	DRUG_COMBINATION	Vandetanib
Crizotinib	DRUG_COMBINATION	Triapine
Crizotinib	DRUG_COMBINATION	Dinaciclib
Crizotinib	DRUG_COMBINATION	Axitinib
Crizotinib	DRUG_COMBINATION	Lorlatinib
Crizotinib	DRUG_COMBINATION	Cabazitaxel
Crizotinib	DRUG_COMBINATION	Terameprocol
Crizotinib	DRUG_COMBINATION	Vismodegib
Crizotinib	DRUG_COMBINATION	Liarozole
Crizotinib	DRUG_COMBINATION	Tretamine
Crizotinib	DRUG_COMBINATION	10-hydroxycamptothecin
Crizotinib	DRUG_COMBINATION	Selumetinib
Crizotinib	DRUG_COMBINATION	Modufolin
Crizotinib	DRUG_COMBINATION	Marizomib
Ulipristal	DRUG_COMBINATION	Misoprostol
Eribulin	DRUG_COMBINATION	Capecitabine
Eribulin	DRUG_COMBINATION	Gemcitabine
Eribulin	DRUG_COMBINATION	Cyclophosphamide
Eribulin	DRUG_COMBINATION	Everolimus
Eribulin	DRUG_COMBINATION	Irinotecan
Eribulin	DRUG_COMBINATION	Temozolomide
Eribulin	DRUG_COMBINATION	Lenvatinib
Eribulin	DRUG_COMBINATION	Anlotinib
Eribulin	DRUG_COMBINATION	Rebastinib
Eribulin	DRUG_COMBINATION	Ipatasertib
Eribulin	DRUG_COMBINATION	Bimiralisib
Eribulin	DRUG_COMBINATION	Eribulin
Venglustat	DRUG_COMBINATION	Ruxolitinib
Venglustat	DRUG_COMBINATION	Teriflunomide
Venglustat	DRUG_COMBINATION	Everolimus
Venglustat	DRUG_COMBINATION	Mirdametinib
Venglustat	DRUG_COMBINATION	Panobinostat
Venglustat	DRUG_COMBINATION	Ribociclib
Venglustat	DRUG_COMBINATION	Adavosertib
Venglustat	DRUG_COMBINATION	JQ1
Venglustat	DRUG_COMBINATION	BMS-754807
Venglustat	DRUG_COMBINATION	Dordaviprone
Venglustat	DRUG_COMBINATION	Marizomib
Kinetin	DRUG_COMBINATION	Ruxolitinib
Kinetin	DRUG_COMBINATION	Idarubicin
Kinetin	DRUG_COMBINATION	Panobinostat
Selexipag	DRUG_COMBINATION	Tadalafil
Alectinib	DRUG_COMBINATION	Idarubicin
Alectinib	DRUG_COMBINATION	Osimertinib
Clorsulon	DRUG_COMBINATION	Panobinostat
Moxidectin	DRUG_COMBINATION	Albendazole
Oxfendazole	DRUG_COMBINATION	Idarubicin
PF-03814735	DRUG_COMBINATION	Ruxolitinib
PF-03814735	DRUG_COMBINATION	Panobinostat
ME-344	DRUG_COMBINATION	Topotecan
Liarozole	DRUG_COMBINATION	Formestane
Liarozole	DRUG_COMBINATION	Pomalidomide
Liarozole	DRUG_COMBINATION	Fludarabine
Liarozole	DRUG_COMBINATION	Leflunomide
Liarozole	DRUG_COMBINATION	Quinacrine
Liarozole	DRUG_COMBINATION	Diazoxide
Liarozole	DRUG_COMBINATION	Bortezomib
Liarozole	DRUG_COMBINATION	Bleomycin
Liarozole	DRUG_COMBINATION	Chlorambucil
Liarozole	DRUG_COMBINATION	Mitomycin
Liarozole	DRUG_COMBINATION	Idarubicin
Liarozole	DRUG_COMBINATION	Estramustine
Liarozole	DRUG_COMBINATION	Paclitaxel
Liarozole	DRUG_COMBINATION	Docetaxel
Liarozole	DRUG_COMBINATION	Dasatinib
Liarozole	DRUG_COMBINATION	Lapatinib
Liarozole	DRUG_COMBINATION	Sunitinib
Liarozole	DRUG_COMBINATION	Pramipexole
Liarozole	DRUG_COMBINATION	Cerivastatin
Liarozole	DRUG_COMBINATION	Raloxifene
Liarozole	DRUG_COMBINATION	Altretamine
Liarozole	DRUG_COMBINATION	Cisplatin
Liarozole	DRUG_COMBINATION	Cyclophosphamide
Liarozole	DRUG_COMBINATION	Pentostatin
Liarozole	DRUG_COMBINATION	Digitoxin
Liarozole	DRUG_COMBINATION	Imatinib
Liarozole	DRUG_COMBINATION	Genistein
Liarozole	DRUG_COMBINATION	Dyphylline
Liarozole	DRUG_COMBINATION	Diethylcarbamazine
Liarozole	DRUG_COMBINATION	Niclosamide
Liarozole	DRUG_COMBINATION	Plicamycin
Liarozole	DRUG_COMBINATION	Metyrosine
Liarozole	DRUG_COMBINATION	Sirolimus
Liarozole	DRUG_COMBINATION	Tiagabine
Liarozole	DRUG_COMBINATION	Azacitidine
Liarozole	DRUG_COMBINATION	Fulvestrant
Liarozole	DRUG_COMBINATION	Isoniazid
Liarozole	DRUG_COMBINATION	Ixabepilone
Liarozole	DRUG_COMBINATION	Nilotinib
Liarozole	DRUG_COMBINATION	Tamibarotene
Liarozole	DRUG_COMBINATION	Dactinomycin
Liarozole	DRUG_COMBINATION	Cytarabine
Liarozole	DRUG_COMBINATION	Busulfan
Liarozole	DRUG_COMBINATION	Romidepsin
Liarozole	DRUG_COMBINATION	Methylene blue
Liarozole	DRUG_COMBINATION	Triapine
Liarozole	DRUG_COMBINATION	Dinaciclib
Liarozole	DRUG_COMBINATION	Brincidofovir
Liarozole	DRUG_COMBINATION	Terameprocol
Liarozole	DRUG_COMBINATION	Tretamine
Liarozole	DRUG_COMBINATION	10-hydroxycamptothecin
Liarozole	DRUG_COMBINATION	Lithium citrate
Roluperidone	DRUG_COMBINATION	Olanzapine
Enoxolone	DRUG_COMBINATION	Ruxolitinib
JNJ-38877605	DRUG_COMBINATION	Idarubicin
OTX-008	DRUG_COMBINATION	Marizomib
Trimegestone	DRUG_COMBINATION	Estrone sulfate
Trimegestone	DRUG_COMBINATION	Ethinylestradiol
Artemisinin	DRUG_COMBINATION	Trametinib
Artemisinin	DRUG_COMBINATION	Cyclosporine
Artemisinin	DRUG_COMBINATION	Probenecid
Artemisinin	DRUG_COMBINATION	Abacavir
Artemisinin	DRUG_COMBINATION	Baclofen
Artemisinin	DRUG_COMBINATION	Bortezomib
Artemisinin	DRUG_COMBINATION	Theophylline
Artemisinin	DRUG_COMBINATION	Chlorambucil
Artemisinin	DRUG_COMBINATION	Ibutilide
Artemisinin	DRUG_COMBINATION	Gefitinib
Artemisinin	DRUG_COMBINATION	Atenolol
Artemisinin	DRUG_COMBINATION	Idarubicin
Artemisinin	DRUG_COMBINATION	Estramustine
Artemisinin	DRUG_COMBINATION	Dantrolene
Artemisinin	DRUG_COMBINATION	Diphenidol
Artemisinin	DRUG_COMBINATION	Bepridil
Artemisinin	DRUG_COMBINATION	Docetaxel
Artemisinin	DRUG_COMBINATION	Darunavir
Artemisinin	DRUG_COMBINATION	Methocarbamol
Artemisinin	DRUG_COMBINATION	Enoxacin
Artemisinin	DRUG_COMBINATION	Quinine
Artemisinin	DRUG_COMBINATION	Nabilone
Artemisinin	DRUG_COMBINATION	Buspirone
Artemisinin	DRUG_COMBINATION	Triflupromazine
Artemisinin	DRUG_COMBINATION	Albendazole
Artemisinin	DRUG_COMBINATION	Acetohydroxamic acid
Artemisinin	DRUG_COMBINATION	Methoxsalen
Artemisinin	DRUG_COMBINATION	Paromomycin
Artemisinin	DRUG_COMBINATION	Vorinostat
Artemisinin	DRUG_COMBINATION	Oxandrolone
Artemisinin	DRUG_COMBINATION	Ursodeoxycholic acid
Artemisinin	DRUG_COMBINATION	Oxyphenbutazone
Artemisinin	DRUG_COMBINATION	Acamprosate
Artemisinin	DRUG_COMBINATION	Trimethobenzamide
Artemisinin	DRUG_COMBINATION	Epinephrine
Artemisinin	DRUG_COMBINATION	Aprepitant
Artemisinin	DRUG_COMBINATION	Galantamine
Artemisinin	DRUG_COMBINATION	Tamoxifen
Artemisinin	DRUG_COMBINATION	Moricizine
Artemisinin	DRUG_COMBINATION	Pentamidine
Artemisinin	DRUG_COMBINATION	Zileuton
Artemisinin	DRUG_COMBINATION	SN-38
Artemisinin	DRUG_COMBINATION	Niclosamide
Artemisinin	DRUG_COMBINATION	Metyrosine
Artemisinin	DRUG_COMBINATION	Trifluoperazine
Artemisinin	DRUG_COMBINATION	Sulfapyridine
Artemisinin	DRUG_COMBINATION	Tiagabine
Artemisinin	DRUG_COMBINATION	Maprotiline
Artemisinin	DRUG_COMBINATION	Meclofenamic acid
Artemisinin	DRUG_COMBINATION	Phenprocoumon
Artemisinin	DRUG_COMBINATION	Omacetaxine mepesuccinate
Artemisinin	DRUG_COMBINATION	Elesclomol
Artemisinin	DRUG_COMBINATION	Dactinomycin
Artemisinin	DRUG_COMBINATION	Ezetimibe
Artemisinin	DRUG_COMBINATION	Fendiline
Artemisinin	DRUG_COMBINATION	Pizotifen
Artemisinin	DRUG_COMBINATION	Silver sulfadiazine
Artemisinin	DRUG_COMBINATION	Armodafinil
Artemisinin	DRUG_COMBINATION	Mardepodect
Artemisinin	DRUG_COMBINATION	Panobinostat
Artemisinin	DRUG_COMBINATION	Anamorelin
Artemisinin	DRUG_COMBINATION	Artemether
Artemisinin	DRUG_COMBINATION	Terameprocol
Artemisinin	DRUG_COMBINATION	MK-3207
Artemisinin	DRUG_COMBINATION	Clascoterone
Artemisinin	DRUG_COMBINATION	Artemisinin
Levosalbutamol	DRUG_COMBINATION	Arformoterol
Levosalbutamol	DRUG_COMBINATION	Albuterol
Daidzein	DRUG_COMBINATION	Ruxolitinib
Nomegestrol acetate	DRUG_COMBINATION	Estradiol
SR-9011	DRUG_COMBINATION	Ruxolitinib
SR-9011	DRUG_COMBINATION	Idarubicin
Tretamine	DRUG_COMBINATION	Formestane
Tretamine	DRUG_COMBINATION	Pomalidomide
Tretamine	DRUG_COMBINATION	Mercaptopurine
Tretamine	DRUG_COMBINATION	Bortezomib
Tretamine	DRUG_COMBINATION	Bleomycin
Tretamine	DRUG_COMBINATION	Chlorambucil
Tretamine	DRUG_COMBINATION	Mitomycin
Tretamine	DRUG_COMBINATION	Idarubicin
Tretamine	DRUG_COMBINATION	Ifosfamide
Tretamine	DRUG_COMBINATION	Altretamine
Tretamine	DRUG_COMBINATION	Cisplatin
Tretamine	DRUG_COMBINATION	Cyclophosphamide
Tretamine	DRUG_COMBINATION	Pentostatin
Tretamine	DRUG_COMBINATION	Methotrexate
Tretamine	DRUG_COMBINATION	Dyphylline
Tretamine	DRUG_COMBINATION	Plicamycin
Tretamine	DRUG_COMBINATION	Pralatrexate
Tretamine	DRUG_COMBINATION	Isoniazid
Tretamine	DRUG_COMBINATION	Dactinomycin
Tretamine	DRUG_COMBINATION	Busulfan
Tretamine	DRUG_COMBINATION	Triapine
beta-Sitosterol	DRUG_COMBINATION	Piperaquine
beta-Sitosterol	DRUG_COMBINATION	Mefloquine
beta-Sitosterol	DRUG_COMBINATION	Methylene blue
beta-Sitosterol	DRUG_COMBINATION	Midostaurin
beta-Sitosterol	DRUG_COMBINATION	Omipalisib
Tetrandrine	DRUG_COMBINATION	Mefloquine
Tetrandrine	DRUG_COMBINATION	Artemether
HM-30181	DRUG_COMBINATION	Ruxolitinib
Rotenone	DRUG_COMBINATION	Panobinostat
Rotenone	DRUG_COMBINATION	PAC-1
Rotenone	DRUG_COMBINATION	Daporinad
Menthol	DRUG_COMBINATION	Nicotine
Menthol	DRUG_COMBINATION	Diclofenac
Menthol	DRUG_COMBINATION	Mannitol
Tenofovir	DRUG_COMBINATION	Atazanavir
Tenofovir	DRUG_COMBINATION	Telbivudine
Tenofovir	DRUG_COMBINATION	Entecavir
Tenofovir	DRUG_COMBINATION	Efavirenz
Tenofovir	DRUG_COMBINATION	Simvastatin
Tenofovir	DRUG_COMBINATION	Lamivudine
Tenofovir	DRUG_COMBINATION	Raltegravir
Tenofovir	DRUG_COMBINATION	Emtricitabine
Tenofovir	DRUG_COMBINATION	Dolutegravir
Tenofovir	DRUG_COMBINATION	Rilpivirine
Doravirine	DRUG_COMBINATION	Methadone
Doravirine	DRUG_COMBINATION	Isoniazid
Doravirine	DRUG_COMBINATION	Dolutegravir
CP-724714	DRUG_COMBINATION	Idarubicin
CP-724714	DRUG_COMBINATION	Panobinostat
Cipargamin	DRUG_COMBINATION	Piperaquine
Cipargamin	DRUG_COMBINATION	Perhexiline
Cipargamin	DRUG_COMBINATION	Carvedilol
Cipargamin	DRUG_COMBINATION	Dofetilide
Cipargamin	DRUG_COMBINATION	Diltiazem
Cipargamin	DRUG_COMBINATION	Clindamycin
Cipargamin	DRUG_COMBINATION	Nisoldipine
Cipargamin	DRUG_COMBINATION	Chloroquine
Cipargamin	DRUG_COMBINATION	Verapamil
Cipargamin	DRUG_COMBINATION	Naltrexone
Cipargamin	DRUG_COMBINATION	Patupilone
Cipargamin	DRUG_COMBINATION	Bumetanide
Cipargamin	DRUG_COMBINATION	Zonisamide
Cipargamin	DRUG_COMBINATION	Pyronaridine
Cipargamin	DRUG_COMBINATION	Artemether
Cipargamin	DRUG_COMBINATION	Tetrandrine
Cipargamin	DRUG_COMBINATION	Danusertib
Foretinib	DRUG_COMBINATION	Mitomycin
Foretinib	DRUG_COMBINATION	Panobinostat
Idasanutlin	DRUG_COMBINATION	Daunorubicin
Idasanutlin	DRUG_COMBINATION	Cytarabine
Cantharidin	DRUG_COMBINATION	Cabozantinib
Cantharidin	DRUG_COMBINATION	Ciclopirox
Cantharidin	DRUG_COMBINATION	Everolimus
Cantharidin	DRUG_COMBINATION	Pelitinib
Cantharidin	DRUG_COMBINATION	Etoposide
Cantharidin	DRUG_COMBINATION	MK-8776
Cantharidin	DRUG_COMBINATION	LY-2874455
Cantharidin	DRUG_COMBINATION	AZD-8055
Cantharidin	DRUG_COMBINATION	Danusertib
Rucaparib	DRUG_COMBINATION	Panobinostat
Navitoclax	DRUG_COMBINATION	Ruxolitinib
Navitoclax	DRUG_COMBINATION	Carfilzomib
Navitoclax	DRUG_COMBINATION	Trametinib
Navitoclax	DRUG_COMBINATION	Cladribine
Navitoclax	DRUG_COMBINATION	Mitomycin
Navitoclax	DRUG_COMBINATION	Gefitinib
Navitoclax	DRUG_COMBINATION	Podofilox
Navitoclax	DRUG_COMBINATION	Ciclopirox
Navitoclax	DRUG_COMBINATION	Docetaxel
Navitoclax	DRUG_COMBINATION	Decitabine
Navitoclax	DRUG_COMBINATION	2-Methoxyestradiol
Navitoclax	DRUG_COMBINATION	Everolimus
Navitoclax	DRUG_COMBINATION	Mitotane
Navitoclax	DRUG_COMBINATION	Pelitinib
Navitoclax	DRUG_COMBINATION	Pralatrexate
Navitoclax	DRUG_COMBINATION	Irinotecan
Navitoclax	DRUG_COMBINATION	Etoposide
Navitoclax	DRUG_COMBINATION	Cytarabine
Navitoclax	DRUG_COMBINATION	Doxorubicin
Navitoclax	DRUG_COMBINATION	TG-100801
Navitoclax	DRUG_COMBINATION	Bardoxolone methyl
Navitoclax	DRUG_COMBINATION	Romidepsin
Navitoclax	DRUG_COMBINATION	Ispinesib
Navitoclax	DRUG_COMBINATION	AT-7519
Navitoclax	DRUG_COMBINATION	CA4P
Navitoclax	DRUG_COMBINATION	MK-8776
Navitoclax	DRUG_COMBINATION	SJG-136
Navitoclax	DRUG_COMBINATION	Dinaciclib
Navitoclax	DRUG_COMBINATION	Panobinostat
Navitoclax	DRUG_COMBINATION	Ixazomib
Navitoclax	DRUG_COMBINATION	CHS-828
Navitoclax	DRUG_COMBINATION	LY-2874455
Navitoclax	DRUG_COMBINATION	Artemether
Navitoclax	DRUG_COMBINATION	Apitolisib
Navitoclax	DRUG_COMBINATION	Tivantinib
Navitoclax	DRUG_COMBINATION	TAK-733
Navitoclax	DRUG_COMBINATION	Cantharidin
Navitoclax	DRUG_COMBINATION	Pictilisib
Navitoclax	DRUG_COMBINATION	Buparlisib
Navitoclax	DRUG_COMBINATION	Adavosertib
Navitoclax	DRUG_COMBINATION	AEE-788
Navitoclax	DRUG_COMBINATION	JQ1
Navitoclax	DRUG_COMBINATION	Paxalisib
Navitoclax	DRUG_COMBINATION	Eltanexor
Navitoclax	DRUG_COMBINATION	Omipalisib
Navitoclax	DRUG_COMBINATION	Daporinad
Navitoclax	DRUG_COMBINATION	Formononetin
Navitoclax	DRUG_COMBINATION	AZD-8055
Navitoclax	DRUG_COMBINATION	Ombrabulin
Navitoclax	DRUG_COMBINATION	Danusertib
Navitoclax	DRUG_COMBINATION	Litronesib
BIIB021	DRUG_COMBINATION	Trametinib
BIIB021	DRUG_COMBINATION	Cladribine
BIIB021	DRUG_COMBINATION	Gefitinib
BIIB021	DRUG_COMBINATION	Mefloquine
BIIB021	DRUG_COMBINATION	Ciclopirox
BIIB021	DRUG_COMBINATION	Chloroquine
BIIB021	DRUG_COMBINATION	Tamoxifen
BIIB021	DRUG_COMBINATION	Pelitinib
BIIB021	DRUG_COMBINATION	Mifepristone
BIIB021	DRUG_COMBINATION	Mirdametinib
BIIB021	DRUG_COMBINATION	Panobinostat
BIIB021	DRUG_COMBINATION	Omipalisib
Lesinurad	DRUG_COMBINATION	Indomethacin
Lesinurad	DRUG_COMBINATION	Naproxen
Venetoclax	DRUG_COMBINATION	Ruxolitinib
Venetoclax	DRUG_COMBINATION	Carfilzomib
Venetoclax	DRUG_COMBINATION	Enzalutamide
Venetoclax	DRUG_COMBINATION	Mercaptopurine
Venetoclax	DRUG_COMBINATION	Capecitabine
Venetoclax	DRUG_COMBINATION	Bortezomib
Venetoclax	DRUG_COMBINATION	Decitabine
Venetoclax	DRUG_COMBINATION	Spironolactone
Venetoclax	DRUG_COMBINATION	Alvocidib
Venetoclax	DRUG_COMBINATION	Daunorubicin
Venetoclax	DRUG_COMBINATION	Irinotecan
Venetoclax	DRUG_COMBINATION	Azacitidine
Venetoclax	DRUG_COMBINATION	Omacetaxine mepesuccinate
Venetoclax	DRUG_COMBINATION	Cytarabine
Venetoclax	DRUG_COMBINATION	Trabectedin
Venetoclax	DRUG_COMBINATION	Romidepsin
Venetoclax	DRUG_COMBINATION	Cobimetinib
Venetoclax	DRUG_COMBINATION	Ibrutinib
Venetoclax	DRUG_COMBINATION	Dinaciclib
Venetoclax	DRUG_COMBINATION	Panobinostat
Venetoclax	DRUG_COMBINATION	Gilteritinib
Venetoclax	DRUG_COMBINATION	Pitavastatin
Venetoclax	DRUG_COMBINATION	Idasanutlin
Venetoclax	DRUG_COMBINATION	Navitoclax
Venetoclax	DRUG_COMBINATION	Umbralisib
Venetoclax	DRUG_COMBINATION	Resminostat
Venetoclax	DRUG_COMBINATION	Eprenetapopt
Venetoclax	DRUG_COMBINATION	JQ1
Venetoclax	DRUG_COMBINATION	8-Chloroadenosine
Venetoclax	DRUG_COMBINATION	Abexinostat
Venetoclax	DRUG_COMBINATION	Ivosidenib
Venetoclax	DRUG_COMBINATION	Quizartinib
Venetoclax	DRUG_COMBINATION	Namodenoson
Venetoclax	DRUG_COMBINATION	Tazemetostat
Venetoclax	DRUG_COMBINATION	Entinostat
Venetoclax	DRUG_COMBINATION	Enasidenib
Venetoclax	DRUG_COMBINATION	Venetoclax
Asunaprevir	DRUG_COMBINATION	Daclatasvir
Laropiprant	DRUG_COMBINATION	Niacin
Laropiprant	DRUG_COMBINATION	Marizomib
Opicapone	DRUG_COMBINATION	Levodopa
Isavuconazole	DRUG_COMBINATION	Methadone
Isavuconazole	DRUG_COMBINATION	Dextromethorphan
Isavuconazole	DRUG_COMBINATION	Midazolam
Isavuconazole	DRUG_COMBINATION	Tacrolimus
Dactolisib	DRUG_COMBINATION	Ruxolitinib
Dactolisib	DRUG_COMBINATION	Carfilzomib
Dactolisib	DRUG_COMBINATION	Trametinib
Dactolisib	DRUG_COMBINATION	Gefitinib
Dactolisib	DRUG_COMBINATION	Idarubicin
Dactolisib	DRUG_COMBINATION	Ciclopirox
Dactolisib	DRUG_COMBINATION	Lomustine
Dactolisib	DRUG_COMBINATION	Sorafenib
Dactolisib	DRUG_COMBINATION	Prazosin
Dactolisib	DRUG_COMBINATION	Chloroquine
Dactolisib	DRUG_COMBINATION	Everolimus
Dactolisib	DRUG_COMBINATION	Tamoxifen
Dactolisib	DRUG_COMBINATION	Letrozole
Dactolisib	DRUG_COMBINATION	Mirdametinib
Dactolisib	DRUG_COMBINATION	RAF-265
Dactolisib	DRUG_COMBINATION	Noscapine
Dactolisib	DRUG_COMBINATION	Alisertib
Dactolisib	DRUG_COMBINATION	Cobimetinib
Dactolisib	DRUG_COMBINATION	Ibrutinib
Dactolisib	DRUG_COMBINATION	Ridaforolimus
Dactolisib	DRUG_COMBINATION	MK-8776
Dactolisib	DRUG_COMBINATION	Panobinostat
Dactolisib	DRUG_COMBINATION	Vinpocetine
Dactolisib	DRUG_COMBINATION	CUDC-101
Dactolisib	DRUG_COMBINATION	Apitolisib
Dactolisib	DRUG_COMBINATION	Navitoclax
Dactolisib	DRUG_COMBINATION	BIIB021
Dactolisib	DRUG_COMBINATION	10-hydroxycamptothecin
Dactolisib	DRUG_COMBINATION	Resminostat
Dactolisib	DRUG_COMBINATION	Acalabrutinib
Dactolisib	DRUG_COMBINATION	JQ1
Dactolisib	DRUG_COMBINATION	Abexinostat
Dactolisib	DRUG_COMBINATION	Namodenoson
Dactolisib	DRUG_COMBINATION	BMS-754807
Dactolisib	DRUG_COMBINATION	Citarinostat
Dactolisib	DRUG_COMBINATION	Entinostat
Tucatinib	DRUG_COMBINATION	Capecitabine
Tucatinib	DRUG_COMBINATION	Itraconazole
Tucatinib	DRUG_COMBINATION	Gemfibrozil
Tucatinib	DRUG_COMBINATION	Digoxin
Tucatinib	DRUG_COMBINATION	Osimertinib
Tucatinib	DRUG_COMBINATION	Ribociclib
Rebamipide	DRUG_COMBINATION	Pantoprazole
Rebamipide	DRUG_COMBINATION	Idarubicin
Rebamipide	DRUG_COMBINATION	Esomeprazole
Rebamipide	DRUG_COMBINATION	Marizomib
Rabusertib	DRUG_COMBINATION	Ruxolitinib
Rabusertib	DRUG_COMBINATION	Pemetrexed
Rabusertib	DRUG_COMBINATION	Panobinostat
Pictilisib	DRUG_COMBINATION	Trametinib
Pictilisib	DRUG_COMBINATION	Podofilox
Pictilisib	DRUG_COMBINATION	Pelitinib
Pictilisib	DRUG_COMBINATION	Letrozole
Pictilisib	DRUG_COMBINATION	Cobimetinib
Pictilisib	DRUG_COMBINATION	Panobinostat
Pictilisib	DRUG_COMBINATION	Apitolisib
BMS-690514	DRUG_COMBINATION	Panobinostat
Buparlisib	DRUG_COMBINATION	Ruxolitinib
Buparlisib	DRUG_COMBINATION	Carfilzomib
Buparlisib	DRUG_COMBINATION	Trametinib
Buparlisib	DRUG_COMBINATION	Lomustine
Buparlisib	DRUG_COMBINATION	Paclitaxel
Buparlisib	DRUG_COMBINATION	Docetaxel
Buparlisib	DRUG_COMBINATION	Imatinib
Buparlisib	DRUG_COMBINATION	Everolimus
Buparlisib	DRUG_COMBINATION	Irinotecan
Buparlisib	DRUG_COMBINATION	Letrozole
Buparlisib	DRUG_COMBINATION	AZD-8330
Buparlisib	DRUG_COMBINATION	Cobimetinib
Buparlisib	DRUG_COMBINATION	Ibrutinib
Buparlisib	DRUG_COMBINATION	Panobinostat
Buparlisib	DRUG_COMBINATION	Ixazomib
Buparlisib	DRUG_COMBINATION	JQ1
Curcumin	DRUG_COMBINATION	Idarubicin
Curcumin	DRUG_COMBINATION	Artesunate
Fruquintinib	DRUG_COMBINATION	Rosuvastatin
Fruquintinib	DRUG_COMBINATION	Irinotecan
Relacorilant	DRUG_COMBINATION	Enzalutamide
AZD-6482	DRUG_COMBINATION	Ruxolitinib
AZD-6482	DRUG_COMBINATION	Mitomycin
AZD-6482	DRUG_COMBINATION	Panobinostat
Miransertib	DRUG_COMBINATION	Panobinostat
Umbralisib	DRUG_COMBINATION	Ibrutinib
AZD-8186	DRUG_COMBINATION	Panobinostat
AZD-8186	DRUG_COMBINATION	Marizomib
Demecolcine	DRUG_COMBINATION	Panobinostat
Tioxolone	DRUG_COMBINATION	Marizomib
Betrixaban	DRUG_COMBINATION	Amiodarone
Ricolinostat	DRUG_COMBINATION	Ibrutinib
GDC-0152	DRUG_COMBINATION	Rabeprazole
GDC-0152	DRUG_COMBINATION	Caffeine
GDC-0152	DRUG_COMBINATION	Idarubicin
Merestinib	DRUG_COMBINATION	Panobinostat
Merestinib	DRUG_COMBINATION	Marizomib
10-hydroxycamptothecin	DRUG_COMBINATION	Formestane
10-hydroxycamptothecin	DRUG_COMBINATION	Mercaptopurine
10-hydroxycamptothecin	DRUG_COMBINATION	Leflunomide
10-hydroxycamptothecin	DRUG_COMBINATION	Quinacrine
10-hydroxycamptothecin	DRUG_COMBINATION	Bortezomib
10-hydroxycamptothecin	DRUG_COMBINATION	Bleomycin
10-hydroxycamptothecin	DRUG_COMBINATION	Chlorambucil
10-hydroxycamptothecin	DRUG_COMBINATION	Mitomycin
10-hydroxycamptothecin	DRUG_COMBINATION	Idarubicin
10-hydroxycamptothecin	DRUG_COMBINATION	Sunitinib
10-hydroxycamptothecin	DRUG_COMBINATION	Valrubicin
10-hydroxycamptothecin	DRUG_COMBINATION	Sorafenib
10-hydroxycamptothecin	DRUG_COMBINATION	Altretamine
10-hydroxycamptothecin	DRUG_COMBINATION	Cisplatin
10-hydroxycamptothecin	DRUG_COMBINATION	Methotrexate
10-hydroxycamptothecin	DRUG_COMBINATION	Vorinostat
10-hydroxycamptothecin	DRUG_COMBINATION	Oxyphenbutazone
10-hydroxycamptothecin	DRUG_COMBINATION	Dexmedetomidine
10-hydroxycamptothecin	DRUG_COMBINATION	Sumatriptan
10-hydroxycamptothecin	DRUG_COMBINATION	Diethylcarbamazine
10-hydroxycamptothecin	DRUG_COMBINATION	Azatadine
10-hydroxycamptothecin	DRUG_COMBINATION	Plicamycin
10-hydroxycamptothecin	DRUG_COMBINATION	Pralatrexate
10-hydroxycamptothecin	DRUG_COMBINATION	Phensuximide
10-hydroxycamptothecin	DRUG_COMBINATION	Azacitidine
10-hydroxycamptothecin	DRUG_COMBINATION	Meclofenamic acid
10-hydroxycamptothecin	DRUG_COMBINATION	Fulvestrant
10-hydroxycamptothecin	DRUG_COMBINATION	Fluspirilene
10-hydroxycamptothecin	DRUG_COMBINATION	Ixabepilone
10-hydroxycamptothecin	DRUG_COMBINATION	Doxorubicin
10-hydroxycamptothecin	DRUG_COMBINATION	Busulfan
10-hydroxycamptothecin	DRUG_COMBINATION	Ridaforolimus
10-hydroxycamptothecin	DRUG_COMBINATION	MK-8776
10-hydroxycamptothecin	DRUG_COMBINATION	Triapine
10-hydroxycamptothecin	DRUG_COMBINATION	Dinaciclib
10-hydroxycamptothecin	DRUG_COMBINATION	Panobinostat
10-hydroxycamptothecin	DRUG_COMBINATION	Ginkgolide A
10-hydroxycamptothecin	DRUG_COMBINATION	Terameprocol
10-hydroxycamptothecin	DRUG_COMBINATION	Tretamine
10-hydroxycamptothecin	DRUG_COMBINATION	Emetine
10-hydroxycamptothecin	DRUG_COMBINATION	Ombrabulin
Resminostat	DRUG_COMBINATION	Marizomib
Voxtalisib	DRUG_COMBINATION	Marizomib
Remimazolam	DRUG_COMBINATION	Remifentanil
Remimazolam	DRUG_COMBINATION	Esketamine
Triciribine	DRUG_COMBINATION	Ruxolitinib
Triciribine	DRUG_COMBINATION	Trametinib
Triciribine	DRUG_COMBINATION	Idarubicin
Triciribine	DRUG_COMBINATION	Cobimetinib
Triciribine	DRUG_COMBINATION	Panobinostat
Triciribine	DRUG_COMBINATION	Marizomib
Bemcentinib	DRUG_COMBINATION	Decitabine
Bemcentinib	DRUG_COMBINATION	Panobinostat
MK-3207	DRUG_COMBINATION	Piperaquine
MK-3207	DRUG_COMBINATION	Primaquine
MK-3207	DRUG_COMBINATION	Diltiazem
MK-3207	DRUG_COMBINATION	Mefloquine
MK-3207	DRUG_COMBINATION	Idarubicin
MK-3207	DRUG_COMBINATION	Chloroquine
MK-3207	DRUG_COMBINATION	Elesclomol
MK-3207	DRUG_COMBINATION	Panobinostat
MK-3207	DRUG_COMBINATION	Lumefantrine
MK-3207	DRUG_COMBINATION	Artemisinin
MK-3207	DRUG_COMBINATION	Marizomib
Orvepitant	DRUG_COMBINATION	Midazolam
CI-1040	DRUG_COMBINATION	Panobinostat
Ketanserin	DRUG_COMBINATION	Idarubicin
Favipiravir	DRUG_COMBINATION	Azithromycin
Favipiravir	DRUG_COMBINATION	Darunavir
Favipiravir	DRUG_COMBINATION	Lopinavir
Favipiravir	DRUG_COMBINATION	Hydroxychloroquine
Ibrexafungerp	DRUG_COMBINATION	Fluconazole
Tetrahydrouridine	DRUG_COMBINATION	Ruxolitinib
Tetrahydrouridine	DRUG_COMBINATION	Idarubicin
Tetrahydrouridine	DRUG_COMBINATION	Eltanexor
PF-06282999	DRUG_COMBINATION	Panobinostat
Eprenetapopt	DRUG_COMBINATION	Dabrafenib
Eprenetapopt	DRUG_COMBINATION	Panobinostat
Selumetinib	DRUG_COMBINATION	Carfilzomib
Selumetinib	DRUG_COMBINATION	Capecitabine
Selumetinib	DRUG_COMBINATION	Mitomycin
Selumetinib	DRUG_COMBINATION	Docetaxel
Selumetinib	DRUG_COMBINATION	Erlotinib
Selumetinib	DRUG_COMBINATION	Pemetrexed
Selumetinib	DRUG_COMBINATION	Azacitidine
Selumetinib	DRUG_COMBINATION	Afatinib
Selumetinib	DRUG_COMBINATION	Temsirolimus
Selumetinib	DRUG_COMBINATION	Vistusertib
Selumetinib	DRUG_COMBINATION	Osimertinib
Selumetinib	DRUG_COMBINATION	Ixazomib
Selumetinib	DRUG_COMBINATION	JQ1
Selumetinib	DRUG_COMBINATION	Selumetinib
Racecadotril	DRUG_COMBINATION	Idarubicin
Pacritinib	DRUG_COMBINATION	Fludarabine
Pacritinib	DRUG_COMBINATION	Mitomycin
Pacritinib	DRUG_COMBINATION	Decitabine
Pacritinib	DRUG_COMBINATION	Erlotinib
Pacritinib	DRUG_COMBINATION	Azacitidine
Pacritinib	DRUG_COMBINATION	Ibrutinib
Ipragliflozin	DRUG_COMBINATION	Miglitol
Acalabrutinib	DRUG_COMBINATION	Rabeprazole
Acalabrutinib	DRUG_COMBINATION	Thiotepa
Acalabrutinib	DRUG_COMBINATION	Ibrutinib
Acalabrutinib	DRUG_COMBINATION	Venetoclax
Acalabrutinib	DRUG_COMBINATION	Isavuconazole
Acalabrutinib	DRUG_COMBINATION	Marizomib
Acalabrutinib	DRUG_COMBINATION	Acalabrutinib
Tezacaftor	DRUG_COMBINATION	Ivacaftor
Epacadostat	DRUG_COMBINATION	Idarubicin
Ribociclib	DRUG_COMBINATION	Vorinostat
Ribociclib	DRUG_COMBINATION	Everolimus
Ribociclib	DRUG_COMBINATION	Encorafenib
Ribociclib	DRUG_COMBINATION	Ribociclib
Rilmenidine	DRUG_COMBINATION	Marizomib
Adavosertib	DRUG_COMBINATION	Carfilzomib
Adavosertib	DRUG_COMBINATION	Rifampin
Adavosertib	DRUG_COMBINATION	Bortezomib
Adavosertib	DRUG_COMBINATION	Mitomycin
Adavosertib	DRUG_COMBINATION	Omeprazole
Adavosertib	DRUG_COMBINATION	Itraconazole
Adavosertib	DRUG_COMBINATION	Lomustine
Adavosertib	DRUG_COMBINATION	Fomepizole
Adavosertib	DRUG_COMBINATION	Paclitaxel
Adavosertib	DRUG_COMBINATION	Docetaxel
Adavosertib	DRUG_COMBINATION	Dasatinib
Adavosertib	DRUG_COMBINATION	Decitabine
Adavosertib	DRUG_COMBINATION	Sorafenib
Adavosertib	DRUG_COMBINATION	Gemcitabine
Adavosertib	DRUG_COMBINATION	Lenalidomide
Adavosertib	DRUG_COMBINATION	Erlotinib
Adavosertib	DRUG_COMBINATION	Vorinostat
Adavosertib	DRUG_COMBINATION	Pralatrexate
Adavosertib	DRUG_COMBINATION	Etoposide
Adavosertib	DRUG_COMBINATION	Belinostat
Adavosertib	DRUG_COMBINATION	Cytarabine
Adavosertib	DRUG_COMBINATION	Doxorubicin
Adavosertib	DRUG_COMBINATION	Mirdametinib
Adavosertib	DRUG_COMBINATION	Bardoxolone methyl
Adavosertib	DRUG_COMBINATION	Plinabulin
Adavosertib	DRUG_COMBINATION	AZD-8330
Adavosertib	DRUG_COMBINATION	Romidepsin
Adavosertib	DRUG_COMBINATION	Ispinesib
Adavosertib	DRUG_COMBINATION	Olaparib
Adavosertib	DRUG_COMBINATION	Ridaforolimus
Adavosertib	DRUG_COMBINATION	MK-8776
Adavosertib	DRUG_COMBINATION	Abemaciclib
Adavosertib	DRUG_COMBINATION	Ixazomib
Adavosertib	DRUG_COMBINATION	CHS-828
Adavosertib	DRUG_COMBINATION	Artemether
Adavosertib	DRUG_COMBINATION	Dactolisib
Adavosertib	DRUG_COMBINATION	Buparlisib
Adavosertib	DRUG_COMBINATION	10-hydroxycamptothecin
Adavosertib	DRUG_COMBINATION	Selumetinib
Adavosertib	DRUG_COMBINATION	AEE-788
Adavosertib	DRUG_COMBINATION	Paxalisib
Adavosertib	DRUG_COMBINATION	Daporinad
Adavosertib	DRUG_COMBINATION	Formononetin
Adavosertib	DRUG_COMBINATION	Molibresib
Adavosertib	DRUG_COMBINATION	AZD-8055
Adavosertib	DRUG_COMBINATION	BMS-754807
Adavosertib	DRUG_COMBINATION	Niraparib
Adavosertib	DRUG_COMBINATION	MK-2206
Ipatasertib	DRUG_COMBINATION	Trametinib
Ipatasertib	DRUG_COMBINATION	Cobimetinib
Otenabant	DRUG_COMBINATION	Ruxolitinib
Emetine	DRUG_COMBINATION	Piperaquine
Emetine	DRUG_COMBINATION	Pomalidomide
Emetine	DRUG_COMBINATION	Guanfacine
Emetine	DRUG_COMBINATION	Probenecid
Emetine	DRUG_COMBINATION	Memantine
Emetine	DRUG_COMBINATION	Iloprost
Emetine	DRUG_COMBINATION	Leflunomide
Emetine	DRUG_COMBINATION	Baclofen
Emetine	DRUG_COMBINATION	Citalopram
Emetine	DRUG_COMBINATION	Nitisinone
Emetine	DRUG_COMBINATION	Methylergometrine
Emetine	DRUG_COMBINATION	Idarubicin
Emetine	DRUG_COMBINATION	Estramustine
Emetine	DRUG_COMBINATION	Diphenidol
Emetine	DRUG_COMBINATION	Docetaxel
Emetine	DRUG_COMBINATION	Darunavir
Emetine	DRUG_COMBINATION	Palonosetron
Emetine	DRUG_COMBINATION	Acetohexamide
Emetine	DRUG_COMBINATION	Cerivastatin
Emetine	DRUG_COMBINATION	Imipramine
Emetine	DRUG_COMBINATION	Enoxacin
Emetine	DRUG_COMBINATION	Quinine
Emetine	DRUG_COMBINATION	Entacapone
Emetine	DRUG_COMBINATION	Methoxsalen
Emetine	DRUG_COMBINATION	Bosentan
Emetine	DRUG_COMBINATION	Everolimus
Emetine	DRUG_COMBINATION	Pargyline
Emetine	DRUG_COMBINATION	Genistein
Emetine	DRUG_COMBINATION	Oxyphenbutazone
Emetine	DRUG_COMBINATION	Dexmedetomidine
Emetine	DRUG_COMBINATION	Dyphylline
Emetine	DRUG_COMBINATION	Trazodone
Emetine	DRUG_COMBINATION	Metaxalone
Emetine	DRUG_COMBINATION	Sumatriptan
Emetine	DRUG_COMBINATION	Galantamine
Emetine	DRUG_COMBINATION	Zileuton
Emetine	DRUG_COMBINATION	SN-38
Emetine	DRUG_COMBINATION	Mebutamate
Emetine	DRUG_COMBINATION	Acyclovir
Emetine	DRUG_COMBINATION	Primidone
Emetine	DRUG_COMBINATION	Acetazolamide
Emetine	DRUG_COMBINATION	Phensuximide
Emetine	DRUG_COMBINATION	Chlorphenesin
Emetine	DRUG_COMBINATION	Picoplatin
Emetine	DRUG_COMBINATION	Berberine
Emetine	DRUG_COMBINATION	Cytarabine
Emetine	DRUG_COMBINATION	Dopamine
Emetine	DRUG_COMBINATION	Busulfan
Emetine	DRUG_COMBINATION	Lacosamide
Emetine	DRUG_COMBINATION	Methylene blue
Emetine	DRUG_COMBINATION	Mardepodect
Emetine	DRUG_COMBINATION	Dinaciclib
Emetine	DRUG_COMBINATION	Panobinostat
Emetine	DRUG_COMBINATION	Anamorelin
Emetine	DRUG_COMBINATION	Pyronaridine
Emetine	DRUG_COMBINATION	Bafilomycin A1
Emetine	DRUG_COMBINATION	Artemisinin
Emetine	DRUG_COMBINATION	Clascoterone
Emetine	DRUG_COMBINATION	K-134
Emetine	DRUG_COMBINATION	Omipalisib
Emetine	DRUG_COMBINATION	Marizomib
Clascoterone	DRUG_COMBINATION	Linagliptin
Clascoterone	DRUG_COMBINATION	Memantine
Clascoterone	DRUG_COMBINATION	Olanzapine
Clascoterone	DRUG_COMBINATION	Chlorzoxazone
Clascoterone	DRUG_COMBINATION	Idarubicin
Clascoterone	DRUG_COMBINATION	Bepridil
Clascoterone	DRUG_COMBINATION	Sunitinib
Clascoterone	DRUG_COMBINATION	Allopurinol
Clascoterone	DRUG_COMBINATION	Cerivastatin
Clascoterone	DRUG_COMBINATION	Triflupromazine
Clascoterone	DRUG_COMBINATION	Albendazole
Clascoterone	DRUG_COMBINATION	Cisatracurium
Clascoterone	DRUG_COMBINATION	Genistein
Clascoterone	DRUG_COMBINATION	Metaxalone
Clascoterone	DRUG_COMBINATION	Raltegravir
Clascoterone	DRUG_COMBINATION	Metyrosine
Clascoterone	DRUG_COMBINATION	Fosfomycin
Clascoterone	DRUG_COMBINATION	Maprotiline
Clascoterone	DRUG_COMBINATION	Phenprocoumon
Clascoterone	DRUG_COMBINATION	Aliskiren
Clascoterone	DRUG_COMBINATION	Eflornithine
Clascoterone	DRUG_COMBINATION	Methylene blue
Clascoterone	DRUG_COMBINATION	Mardepodect
Clascoterone	DRUG_COMBINATION	Triapine
Clascoterone	DRUG_COMBINATION	Terameprocol
Clascoterone	DRUG_COMBINATION	K-134
Clascoterone	DRUG_COMBINATION	Sivelestat
Fedratinib	DRUG_COMBINATION	Decitabine
Fedratinib	DRUG_COMBINATION	Panobinostat
Fedratinib	DRUG_COMBINATION	Ivosidenib
Fedratinib	DRUG_COMBINATION	BMS-986158
Fedratinib	DRUG_COMBINATION	Enasidenib
E-7820	DRUG_COMBINATION	Trametinib
E-7820	DRUG_COMBINATION	Panobinostat
Imiglitazar	DRUG_COMBINATION	Atorvastatin
Imiglitazar	DRUG_COMBINATION	Valsartan
Imiglitazar	DRUG_COMBINATION	Empagliflozin
Omaveloxolone	DRUG_COMBINATION	Moxifloxacin
Omaveloxolone	DRUG_COMBINATION	Idarubicin
Oltipraz	DRUG_COMBINATION	Marizomib
LY-2886721	DRUG_COMBINATION	Panobinostat
Taladegib	DRUG_COMBINATION	Panobinostat
Mebeverine	DRUG_COMBINATION	Rifaximin
WNT-974	DRUG_COMBINATION	Ruxolitinib
WNT-974	DRUG_COMBINATION	Idarubicin
WNT-974	DRUG_COMBINATION	Encorafenib
WNT-974	DRUG_COMBINATION	Marizomib
Bifemelane	DRUG_COMBINATION	Nitisinone
Bifemelane	DRUG_COMBINATION	Mefloquine
Bifemelane	DRUG_COMBINATION	Docetaxel
Bifemelane	DRUG_COMBINATION	Quinine
Bifemelane	DRUG_COMBINATION	Vorinostat
Agerafenib	DRUG_COMBINATION	Idarubicin
Upadacitinib	DRUG_COMBINATION	Prednisolone
Tinostamustine	DRUG_COMBINATION	Panobinostat
Umifenovir	DRUG_COMBINATION	Ruxolitinib
Umifenovir	DRUG_COMBINATION	Idarubicin
JQ1	DRUG_COMBINATION	Carfilzomib
JQ1	DRUG_COMBINATION	Trametinib
JQ1	DRUG_COMBINATION	Mitomycin
JQ1	DRUG_COMBINATION	Everolimus
JQ1	DRUG_COMBINATION	Tamoxifen
JQ1	DRUG_COMBINATION	Etoposide
JQ1	DRUG_COMBINATION	Epothilone D
JQ1	DRUG_COMBINATION	Cytarabine
JQ1	DRUG_COMBINATION	Onalespib
JQ1	DRUG_COMBINATION	Panobinostat
JQ1	DRUG_COMBINATION	Ixazomib
JQ1	DRUG_COMBINATION	CHS-828
JQ1	DRUG_COMBINATION	LY-2874455
JQ1	DRUG_COMBINATION	Tivantinib
JQ1	DRUG_COMBINATION	Cantharidin
JQ1	DRUG_COMBINATION	Paxalisib
JQ1	DRUG_COMBINATION	Eltanexor
JQ1	DRUG_COMBINATION	Ombrabulin
JQ1	DRUG_COMBINATION	Danusertib
JQ1	DRUG_COMBINATION	MK-2206
JQ1	DRUG_COMBINATION	JQ1
ABT-737	DRUG_COMBINATION	Ruxolitinib
ABT-737	DRUG_COMBINATION	Panobinostat
ABT-737	DRUG_COMBINATION	Marizomib
Go-6976	DRUG_COMBINATION	Panobinostat
GSK-269962A	DRUG_COMBINATION	Ruxolitinib
GSK-269962A	DRUG_COMBINATION	Panobinostat
Dacinostat	DRUG_COMBINATION	Ruxolitinib
NSC-663284	DRUG_COMBINATION	Ruxolitinib
PHA-767491	DRUG_COMBINATION	Panobinostat
PI-103	DRUG_COMBINATION	Idarubicin
PI-103	DRUG_COMBINATION	Ibrutinib
PI-103	DRUG_COMBINATION	Marizomib
PIK-75	DRUG_COMBINATION	Ruxolitinib
PIK-75	DRUG_COMBINATION	Marizomib
SB 224289	DRUG_COMBINATION	Mitomycin
TPCA-1	DRUG_COMBINATION	Ruxolitinib
TPCA-1	DRUG_COMBINATION	Idarubicin
TW-37	DRUG_COMBINATION	Ruxolitinib
TW-37	DRUG_COMBINATION	Idarubicin
Vorasidenib	DRUG_COMBINATION	Idarubicin
Vorasidenib	DRUG_COMBINATION	Venglustat
Vorasidenib	DRUG_COMBINATION	Rotenone
Folitixorin	DRUG_COMBINATION	Panobinostat
Indocyanine green	DRUG_COMBINATION	Lidocaine
Indocyanine green	DRUG_COMBINATION	Guanosine-5'-Monophosphate
Indocyanine green	DRUG_COMBINATION	Methylene blue
8-Chloroadenosine	DRUG_COMBINATION	Idarubicin
Acolbifene	DRUG_COMBINATION	Panobinostat
Baicalein	DRUG_COMBINATION	Idarubicin
Baicalein	DRUG_COMBINATION	Panobinostat
GSK2256098	DRUG_COMBINATION	Carfilzomib
GSK2256098	DRUG_COMBINATION	Dactolisib
GSK2256098	DRUG_COMBINATION	Dordaviprone
BI 2536	DRUG_COMBINATION	Ruxolitinib
TAK-715	DRUG_COMBINATION	Ruxolitinib
TAK-715	DRUG_COMBINATION	Idarubicin
Ciforadenant	DRUG_COMBINATION	Ruxolitinib
Ciforadenant	DRUG_COMBINATION	Panobinostat
Cinaciguat	DRUG_COMBINATION	Idarubicin
Cinaciguat	DRUG_COMBINATION	Panobinostat
Lithium citrate	DRUG_COMBINATION	Pomalidomide
Lithium citrate	DRUG_COMBINATION	Leflunomide
Lithium citrate	DRUG_COMBINATION	Diazoxide
Lithium citrate	DRUG_COMBINATION	Bortezomib
Lithium citrate	DRUG_COMBINATION	Estramustine
Lithium citrate	DRUG_COMBINATION	Dantrolene
Lithium citrate	DRUG_COMBINATION	Docetaxel
Lithium citrate	DRUG_COMBINATION	Pramipexole
Lithium citrate	DRUG_COMBINATION	Cerivastatin
Lithium citrate	DRUG_COMBINATION	Quinine
Lithium citrate	DRUG_COMBINATION	Nabilone
Lithium citrate	DRUG_COMBINATION	Bosentan
Lithium citrate	DRUG_COMBINATION	Genistein
Lithium citrate	DRUG_COMBINATION	Oxyphenbutazone
Lithium citrate	DRUG_COMBINATION	Dyphylline
Lithium citrate	DRUG_COMBINATION	Diethylcarbamazine
Lithium citrate	DRUG_COMBINATION	SN-38
Lithium citrate	DRUG_COMBINATION	Niclosamide
Lithium citrate	DRUG_COMBINATION	Metyrosine
Lithium citrate	DRUG_COMBINATION	Dactinomycin
Lithium citrate	DRUG_COMBINATION	Cytarabine
Lithium citrate	DRUG_COMBINATION	Methylene blue
Lithium citrate	DRUG_COMBINATION	Mardepodect
Lithium citrate	DRUG_COMBINATION	Anamorelin
Lithium citrate	DRUG_COMBINATION	Brincidofovir
Lithium citrate	DRUG_COMBINATION	Terameprocol
Lithium citrate	DRUG_COMBINATION	Clascoterone
Lithium citrate	DRUG_COMBINATION	Cycloguanil
Lithium carbonate	DRUG_COMBINATION	Venlafaxine
Lithium carbonate	DRUG_COMBINATION	Valproic acid
Abexinostat	DRUG_COMBINATION	Carfilzomib
Abexinostat	DRUG_COMBINATION	Trametinib
Abexinostat	DRUG_COMBINATION	Prochlorperazine
Abexinostat	DRUG_COMBINATION	Gemcitabine
Abexinostat	DRUG_COMBINATION	Mebendazole
Abexinostat	DRUG_COMBINATION	Temozolomide
Abexinostat	DRUG_COMBINATION	Doxorubicin
Abexinostat	DRUG_COMBINATION	Ibrutinib
Abexinostat	DRUG_COMBINATION	CA4P
Abexinostat	DRUG_COMBINATION	Rotenone
Abexinostat	DRUG_COMBINATION	Dactolisib
Abexinostat	DRUG_COMBINATION	Vorasidenib
Abexinostat	DRUG_COMBINATION	Daporinad
Abexinostat	DRUG_COMBINATION	Namodenoson
Abexinostat	DRUG_COMBINATION	BMS-754807
Decernotinib	DRUG_COMBINATION	Methylprednisolone
Piperine	DRUG_COMBINATION	Ruxolitinib
AZD-1480	DRUG_COMBINATION	Panobinostat
Asciminib	DRUG_COMBINATION	Dasatinib
Asciminib	DRUG_COMBINATION	Imatinib
Asciminib	DRUG_COMBINATION	Nilotinib
Asciminib	DRUG_COMBINATION	Asciminib
Sonolisib	DRUG_COMBINATION	Panobinostat
PF-477736	DRUG_COMBINATION	Mitomycin
PF-477736	DRUG_COMBINATION	Idarubicin
Plazomicin	DRUG_COMBINATION	Levofloxacin
Mizoribine	DRUG_COMBINATION	Panobinostat
Mizoribine	DRUG_COMBINATION	GDC-0810
Taprenepag	DRUG_COMBINATION	Latanoprost
Samatasvir	DRUG_COMBINATION	Ritonavir
Samatasvir	DRUG_COMBINATION	Simeprevir
Urapidil	DRUG_COMBINATION	Phenylephrine
Protionamide	DRUG_COMBINATION	Idarubicin
Lurbinectedin	DRUG_COMBINATION	Capecitabine
Lurbinectedin	DRUG_COMBINATION	Bosentan
Lurbinectedin	DRUG_COMBINATION	Irinotecan
Lurbinectedin	DRUG_COMBINATION	Doxorubicin
Lurbinectedin	DRUG_COMBINATION	Panobinostat
Lurbinectedin	DRUG_COMBINATION	Lurbinectedin
Modufolin	DRUG_COMBINATION	Ruxolitinib
Modufolin	DRUG_COMBINATION	Vemurafenib
Modufolin	DRUG_COMBINATION	Formestane
Modufolin	DRUG_COMBINATION	Pomalidomide
Modufolin	DRUG_COMBINATION	Guanfacine
Modufolin	DRUG_COMBINATION	Probenecid
Modufolin	DRUG_COMBINATION	Mercaptopurine
Modufolin	DRUG_COMBINATION	Memantine
Modufolin	DRUG_COMBINATION	Lubiprostone
Modufolin	DRUG_COMBINATION	Fludarabine
Modufolin	DRUG_COMBINATION	Quinacrine
Modufolin	DRUG_COMBINATION	Diazoxide
Modufolin	DRUG_COMBINATION	Baclofen
Modufolin	DRUG_COMBINATION	Bortezomib
Modufolin	DRUG_COMBINATION	Mesalazine
Modufolin	DRUG_COMBINATION	Pamidronic acid
Modufolin	DRUG_COMBINATION	Bleomycin
Modufolin	DRUG_COMBINATION	Chlorambucil
Modufolin	DRUG_COMBINATION	Etonogestrel
Modufolin	DRUG_COMBINATION	Mitomycin
Modufolin	DRUG_COMBINATION	Ethambutol
Modufolin	DRUG_COMBINATION	Mefloquine
Modufolin	DRUG_COMBINATION	Terazosin
Modufolin	DRUG_COMBINATION	Cilostazol
Modufolin	DRUG_COMBINATION	Itraconazole
Modufolin	DRUG_COMBINATION	Procarbazine
Modufolin	DRUG_COMBINATION	Idarubicin
Modufolin	DRUG_COMBINATION	Ifosfamide
Modufolin	DRUG_COMBINATION	Clindamycin
Modufolin	DRUG_COMBINATION	Estramustine
Modufolin	DRUG_COMBINATION	Diphenidol
Modufolin	DRUG_COMBINATION	Bepridil
Modufolin	DRUG_COMBINATION	Docetaxel
Modufolin	DRUG_COMBINATION	Dasatinib
Modufolin	DRUG_COMBINATION	Lapatinib
Modufolin	DRUG_COMBINATION	Darunavir
Modufolin	DRUG_COMBINATION	Sunitinib
Modufolin	DRUG_COMBINATION	Palonosetron
Modufolin	DRUG_COMBINATION	Tacrine
Modufolin	DRUG_COMBINATION	Triamterene
Modufolin	DRUG_COMBINATION	Valrubicin
Modufolin	DRUG_COMBINATION	Sorafenib
Modufolin	DRUG_COMBINATION	Pramipexole
Modufolin	DRUG_COMBINATION	Methocarbamol
Modufolin	DRUG_COMBINATION	Cerivastatin
Modufolin	DRUG_COMBINATION	Enoxacin
Modufolin	DRUG_COMBINATION	Quinine
Modufolin	DRUG_COMBINATION	Raloxifene
Modufolin	DRUG_COMBINATION	Celecoxib
Modufolin	DRUG_COMBINATION	Nabilone
Modufolin	DRUG_COMBINATION	Altretamine
Modufolin	DRUG_COMBINATION	Triflupromazine
Modufolin	DRUG_COMBINATION	Cisplatin
Modufolin	DRUG_COMBINATION	Albendazole
Modufolin	DRUG_COMBINATION	Mephenytoin
Modufolin	DRUG_COMBINATION	Doxapram
Modufolin	DRUG_COMBINATION	Methotrexate
Modufolin	DRUG_COMBINATION	Digitoxin
Modufolin	DRUG_COMBINATION	Vorinostat
Modufolin	DRUG_COMBINATION	Imatinib
Modufolin	DRUG_COMBINATION	Oxandrolone
Modufolin	DRUG_COMBINATION	Testosterone
Modufolin	DRUG_COMBINATION	Efavirenz
Modufolin	DRUG_COMBINATION	Ursodeoxycholic acid
Modufolin	DRUG_COMBINATION	Hydroxychloroquine
Modufolin	DRUG_COMBINATION	Dexmedetomidine
Modufolin	DRUG_COMBINATION	Pemetrexed
Modufolin	DRUG_COMBINATION	Mebendazole
Modufolin	DRUG_COMBINATION	Leucovorin
Modufolin	DRUG_COMBINATION	Dyphylline
Modufolin	DRUG_COMBINATION	Mecamylamine
Modufolin	DRUG_COMBINATION	Trimethobenzamide
Modufolin	DRUG_COMBINATION	Sumatriptan
Modufolin	DRUG_COMBINATION	Moricizine
Modufolin	DRUG_COMBINATION	Diethylcarbamazine
Modufolin	DRUG_COMBINATION	Risperidone
Modufolin	DRUG_COMBINATION	Riluzole
Modufolin	DRUG_COMBINATION	Zileuton
Modufolin	DRUG_COMBINATION	Clopidogrel
Modufolin	DRUG_COMBINATION	SN-38
Modufolin	DRUG_COMBINATION	Mebutamate
Modufolin	DRUG_COMBINATION	Plicamycin
Modufolin	DRUG_COMBINATION	Pralatrexate
Modufolin	DRUG_COMBINATION	Raltegravir
Modufolin	DRUG_COMBINATION	Tolazoline
Modufolin	DRUG_COMBINATION	Trifluoperazine
Modufolin	DRUG_COMBINATION	Phensuximide
Modufolin	DRUG_COMBINATION	Tacrolimus
Modufolin	DRUG_COMBINATION	Sirolimus
Modufolin	DRUG_COMBINATION	Sulfapyridine
Modufolin	DRUG_COMBINATION	Testolactone
Modufolin	DRUG_COMBINATION	Tinidazole
Modufolin	DRUG_COMBINATION	Azacitidine
Modufolin	DRUG_COMBINATION	Meclofenamic acid
Modufolin	DRUG_COMBINATION	Fulvestrant
Modufolin	DRUG_COMBINATION	Isoniazid
Modufolin	DRUG_COMBINATION	Ixabepilone
Modufolin	DRUG_COMBINATION	Nilotinib
Modufolin	DRUG_COMBINATION	Tamibarotene
Modufolin	DRUG_COMBINATION	Dactinomycin
Modufolin	DRUG_COMBINATION	Ezetimibe
Modufolin	DRUG_COMBINATION	Dopamine
Modufolin	DRUG_COMBINATION	Letrozole
Modufolin	DRUG_COMBINATION	Busulfan
Modufolin	DRUG_COMBINATION	Romidepsin
Modufolin	DRUG_COMBINATION	Ciprofibrate
Modufolin	DRUG_COMBINATION	Rufinamide
Modufolin	DRUG_COMBINATION	Dinaciclib
Modufolin	DRUG_COMBINATION	Lumefantrine
Modufolin	DRUG_COMBINATION	Terameprocol
Modufolin	DRUG_COMBINATION	Crizotinib
Modufolin	DRUG_COMBINATION	Liarozole
Modufolin	DRUG_COMBINATION	Tretamine
Modufolin	DRUG_COMBINATION	10-hydroxycamptothecin
Modufolin	DRUG_COMBINATION	K-134
Modufolin	DRUG_COMBINATION	Luteolin
Modufolin	DRUG_COMBINATION	Marizomib
Modufolin	DRUG_COMBINATION	Danusertib
Mubritinib	DRUG_COMBINATION	Ruxolitinib
K-134	DRUG_COMBINATION	Memantine
K-134	DRUG_COMBINATION	Iloprost
K-134	DRUG_COMBINATION	Leflunomide
K-134	DRUG_COMBINATION	Bortezomib
K-134	DRUG_COMBINATION	Mefloquine
K-134	DRUG_COMBINATION	Idarubicin
K-134	DRUG_COMBINATION	Docetaxel
K-134	DRUG_COMBINATION	Miglustat
K-134	DRUG_COMBINATION	Cerivastatin
K-134	DRUG_COMBINATION	Cisatracurium
K-134	DRUG_COMBINATION	Vorinostat
K-134	DRUG_COMBINATION	Imatinib
K-134	DRUG_COMBINATION	Cilastatin
K-134	DRUG_COMBINATION	Oxyphenbutazone
K-134	DRUG_COMBINATION	Sumatriptan
K-134	DRUG_COMBINATION	Aprepitant
K-134	DRUG_COMBINATION	Diethylcarbamazine
K-134	DRUG_COMBINATION	Testolactone
K-134	DRUG_COMBINATION	Dopamine
K-134	DRUG_COMBINATION	Doxorubicin
K-134	DRUG_COMBINATION	Silver sulfadiazine
K-134	DRUG_COMBINATION	Methylene blue
K-134	DRUG_COMBINATION	Mardepodect
K-134	DRUG_COMBINATION	Luteolin
PHA-793887	DRUG_COMBINATION	Mitomycin
PHA-793887	DRUG_COMBINATION	Idarubicin
PHA-793887	DRUG_COMBINATION	Elacridar
PHA-793887	DRUG_COMBINATION	Ibrutinib
Vesatolimod	DRUG_COMBINATION	Artesunate
Azeliragon	DRUG_COMBINATION	Azeliragon
Paxalisib	DRUG_COMBINATION	Ruxolitinib
Paxalisib	DRUG_COMBINATION	Carfilzomib
Paxalisib	DRUG_COMBINATION	Ponatinib
Paxalisib	DRUG_COMBINATION	Trametinib
Paxalisib	DRUG_COMBINATION	Mefloquine
Paxalisib	DRUG_COMBINATION	Quinine
Paxalisib	DRUG_COMBINATION	Everolimus
Paxalisib	DRUG_COMBINATION	Mitotane
Paxalisib	DRUG_COMBINATION	Naltrexone
Paxalisib	DRUG_COMBINATION	Cytarabine
Paxalisib	DRUG_COMBINATION	Azathioprine
Paxalisib	DRUG_COMBINATION	Doxorubicin
Paxalisib	DRUG_COMBINATION	Bardoxolone methyl
Paxalisib	DRUG_COMBINATION	Romidepsin
Paxalisib	DRUG_COMBINATION	Ispinesib
Paxalisib	DRUG_COMBINATION	Cobimetinib
Paxalisib	DRUG_COMBINATION	Onalespib
Paxalisib	DRUG_COMBINATION	SJG-136
Paxalisib	DRUG_COMBINATION	Dinaciclib
Paxalisib	DRUG_COMBINATION	Panobinostat
Paxalisib	DRUG_COMBINATION	ZSTK-474
Paxalisib	DRUG_COMBINATION	Lumefantrine
Paxalisib	DRUG_COMBINATION	Artemisinin
Paxalisib	DRUG_COMBINATION	Navitoclax
Paxalisib	DRUG_COMBINATION	Emetine
Paxalisib	DRUG_COMBINATION	Eltanexor
Paxalisib	DRUG_COMBINATION	Formononetin
Paxalisib	DRUG_COMBINATION	Ombrabulin
Paxalisib	DRUG_COMBINATION	PF-03758309
Paxalisib	DRUG_COMBINATION	Crenolanib
Dubermatinib	DRUG_COMBINATION	Decitabine
Dubermatinib	DRUG_COMBINATION	Azacitidine
Birabresib	DRUG_COMBINATION	Ruxolitinib
Tirabrutinib	DRUG_COMBINATION	Entospletinib
Telaglenastat	DRUG_COMBINATION	Cabozantinib
Telaglenastat	DRUG_COMBINATION	Capecitabine
Telaglenastat	DRUG_COMBINATION	Everolimus
Telaglenastat	DRUG_COMBINATION	Famotidine
Telaglenastat	DRUG_COMBINATION	Talazoparib
Avapritinib	DRUG_COMBINATION	Midazolam
Camostat	DRUG_COMBINATION	Bicalutamide
Camostat	DRUG_COMBINATION	Hydroxychloroquine
Meglumine antimoniate	DRUG_COMBINATION	Tofacitinib
Meglumine antimoniate	DRUG_COMBINATION	Pentoxifylline
Glycyrrhizic acid	DRUG_COMBINATION	Panobinostat
Lidoflazine	DRUG_COMBINATION	Piperaquine
Lidoflazine	DRUG_COMBINATION	Mefloquine
Lidoflazine	DRUG_COMBINATION	Idarubicin
Lidoflazine	DRUG_COMBINATION	Chloroquine
Lidoflazine	DRUG_COMBINATION	Lumefantrine
Ivosidenib	DRUG_COMBINATION	Azacitidine
Ivosidenib	DRUG_COMBINATION	Gilteritinib
Ivosidenib	DRUG_COMBINATION	Marizomib
Triciribine phosphate	DRUG_COMBINATION	Ruxolitinib
Eltanexor	DRUG_COMBINATION	Ruxolitinib
Eltanexor	DRUG_COMBINATION	Carfilzomib
Eltanexor	DRUG_COMBINATION	Clindamycin
Eltanexor	DRUG_COMBINATION	Chloroquine
Eltanexor	DRUG_COMBINATION	Mitotane
Eltanexor	DRUG_COMBINATION	Naltrexone
Eltanexor	DRUG_COMBINATION	Panobinostat
Eltanexor	DRUG_COMBINATION	Artemether
Eltanexor	DRUG_COMBINATION	Lumefantrine
Eltanexor	DRUG_COMBINATION	beta-Sitosterol
Eltanexor	DRUG_COMBINATION	Cipargamin
Eltanexor	DRUG_COMBINATION	Paxalisib
Eltanexor	DRUG_COMBINATION	Marizomib
Fisogatinib	DRUG_COMBINATION	Panobinostat
Fisogatinib	DRUG_COMBINATION	Marizomib
HQP1351	DRUG_COMBINATION	Panobinostat
Omipalisib	DRUG_COMBINATION	Piperaquine
Omipalisib	DRUG_COMBINATION	Ruxolitinib
Omipalisib	DRUG_COMBINATION	Carfilzomib
Omipalisib	DRUG_COMBINATION	Ponatinib
Omipalisib	DRUG_COMBINATION	Trametinib
Omipalisib	DRUG_COMBINATION	Mefloquine
Omipalisib	DRUG_COMBINATION	Clindamycin
Omipalisib	DRUG_COMBINATION	Quinine
Omipalisib	DRUG_COMBINATION	Chloroquine
Omipalisib	DRUG_COMBINATION	Naltrexone
Omipalisib	DRUG_COMBINATION	Belinostat
Omipalisib	DRUG_COMBINATION	Ceritinib
Omipalisib	DRUG_COMBINATION	Methylene blue
Omipalisib	DRUG_COMBINATION	Panobinostat
Omipalisib	DRUG_COMBINATION	Ixazomib
Omipalisib	DRUG_COMBINATION	Pyronaridine
Omipalisib	DRUG_COMBINATION	Artemisinin
Omipalisib	DRUG_COMBINATION	JQ1
Omipalisib	DRUG_COMBINATION	BMS-754807
AR-42	DRUG_COMBINATION	Ruxolitinib
AR-42	DRUG_COMBINATION	Mitomycin
AR-42	DRUG_COMBINATION	Idarubicin
AR-42	DRUG_COMBINATION	Ibrutinib
AR-42	DRUG_COMBINATION	Marizomib
Dolastatin 10	DRUG_COMBINATION	Panobinostat
Daporinad	DRUG_COMBINATION	Carfilzomib
Daporinad	DRUG_COMBINATION	Mefloquine
Daporinad	DRUG_COMBINATION	Prazosin
Daporinad	DRUG_COMBINATION	Chloroquine
Daporinad	DRUG_COMBINATION	Niclosamide
Daporinad	DRUG_COMBINATION	SJG-136
Daporinad	DRUG_COMBINATION	Panobinostat
Daporinad	DRUG_COMBINATION	CHS-828
Daporinad	DRUG_COMBINATION	Entinostat
Bindarit	DRUG_COMBINATION	Panobinostat
CC-115	DRUG_COMBINATION	Panobinostat
CC-115	DRUG_COMBINATION	Marizomib
GSK-690693	DRUG_COMBINATION	Trametinib
GSK-690693	DRUG_COMBINATION	Mitomycin
GSK-690693	DRUG_COMBINATION	Cobimetinib
N-omega-nitro-L-arginine methyl ester	DRUG_COMBINATION	Panobinostat
TAK-901	DRUG_COMBINATION	Idarubicin
Linopirdine	DRUG_COMBINATION	Idarubicin
Olorofim	DRUG_COMBINATION	Cyclosporine
Olorofim	DRUG_COMBINATION	Fluconazole
Olorofim	DRUG_COMBINATION	Pantoprazole
Olorofim	DRUG_COMBINATION	Posaconazole
Tovorafenib	DRUG_COMBINATION	Irinotecan
Tovorafenib	DRUG_COMBINATION	Alisertib
VS-4718	DRUG_COMBINATION	Panobinostat
Inavolisib	DRUG_COMBINATION	Ruxolitinib
Inavolisib	DRUG_COMBINATION	Quinine
Inavolisib	DRUG_COMBINATION	Panobinostat
Inavolisib	DRUG_COMBINATION	Pyronaridine
Risdiplam	DRUG_COMBINATION	Midazolam
Formononetin	DRUG_COMBINATION	Docetaxel
Formononetin	DRUG_COMBINATION	Romidepsin
Formononetin	DRUG_COMBINATION	Danusertib
AMG-900	DRUG_COMBINATION	Ruxolitinib
AMG-900	DRUG_COMBINATION	Idarubicin
Larotrectinib	DRUG_COMBINATION	Gemcitabine
Larotrectinib	DRUG_COMBINATION	Noscapine
Larotrectinib	DRUG_COMBINATION	Rotenone
Larotrectinib	DRUG_COMBINATION	Dactolisib
Larotrectinib	DRUG_COMBINATION	JQ1
Larotrectinib	DRUG_COMBINATION	Daporinad
Larotrectinib	DRUG_COMBINATION	Marizomib
Mavelertinib	DRUG_COMBINATION	Panobinostat
Milciclib Maleate	DRUG_COMBINATION	Noscapine
Milciclib Maleate	DRUG_COMBINATION	Dactolisib
Milciclib Maleate	DRUG_COMBINATION	Buparlisib
Milciclib Maleate	DRUG_COMBINATION	E-7820
Milciclib Maleate	DRUG_COMBINATION	JQ1
Milciclib Maleate	DRUG_COMBINATION	BMS-754807
Mitapivat	DRUG_COMBINATION	Teriflunomide
Mitapivat	DRUG_COMBINATION	Mitomycin
Mitapivat	DRUG_COMBINATION	SN-38
Mitapivat	DRUG_COMBINATION	Panobinostat
Mitapivat	DRUG_COMBINATION	BMS-754807
Molibresib	DRUG_COMBINATION	Ruxolitinib
Molibresib	DRUG_COMBINATION	Idarubicin
Molibresib	DRUG_COMBINATION	Lomustine
Molibresib	DRUG_COMBINATION	Sorafenib
Molibresib	DRUG_COMBINATION	Vorinostat
Molibresib	DRUG_COMBINATION	Ridaforolimus
Molibresib	DRUG_COMBINATION	MK-8776
Molibresib	DRUG_COMBINATION	Dactolisib
Molibresib	DRUG_COMBINATION	10-hydroxycamptothecin
Molibresib	DRUG_COMBINATION	Niraparib
Nazartinib	DRUG_COMBINATION	Ribociclib
Nazartinib	DRUG_COMBINATION	Capmatinib
Peoniflorin	DRUG_COMBINATION	Ruxolitinib
Pexmetinib	DRUG_COMBINATION	Panobinostat
IPI-549	DRUG_COMBINATION	Panobinostat
GSK-2981278	DRUG_COMBINATION	Idarubicin
AZD-8055	DRUG_COMBINATION	Ruxolitinib
AZD-8055	DRUG_COMBINATION	Carfilzomib
AZD-8055	DRUG_COMBINATION	Trametinib
AZD-8055	DRUG_COMBINATION	Cladribine
AZD-8055	DRUG_COMBINATION	Podofilox
AZD-8055	DRUG_COMBINATION	Fomepizole
AZD-8055	DRUG_COMBINATION	Docetaxel
AZD-8055	DRUG_COMBINATION	Everolimus
AZD-8055	DRUG_COMBINATION	Mitotane
AZD-8055	DRUG_COMBINATION	Pelitinib
AZD-8055	DRUG_COMBINATION	Romidepsin
AZD-8055	DRUG_COMBINATION	Cobimetinib
AZD-8055	DRUG_COMBINATION	Panobinostat
AZD-8055	DRUG_COMBINATION	Apitolisib
AZD-8055	DRUG_COMBINATION	TAK-733
AZD-8055	DRUG_COMBINATION	JQ1
AZD-8055	DRUG_COMBINATION	Omipalisib
AZD-8055	DRUG_COMBINATION	Danusertib
Benserazide	DRUG_COMBINATION	Probenecid
Benserazide	DRUG_COMBINATION	Bortezomib
Benserazide	DRUG_COMBINATION	Gefitinib
Benserazide	DRUG_COMBINATION	Sitagliptin
Benserazide	DRUG_COMBINATION	Pramipexole
Benserazide	DRUG_COMBINATION	Cerivastatin
Benserazide	DRUG_COMBINATION	Entacapone
Benserazide	DRUG_COMBINATION	Albendazole
Benserazide	DRUG_COMBINATION	Fenoprofen
Benserazide	DRUG_COMBINATION	Everolimus
Benserazide	DRUG_COMBINATION	Epinephrine
Benserazide	DRUG_COMBINATION	Aprepitant
Benserazide	DRUG_COMBINATION	Diethylcarbamazine
Benserazide	DRUG_COMBINATION	Metyrosine
Benserazide	DRUG_COMBINATION	Cytarabine
Benserazide	DRUG_COMBINATION	Methylene blue
Benserazide	DRUG_COMBINATION	Mardepodect
Benserazide	DRUG_COMBINATION	Brincidofovir
Picropodophyllin	DRUG_COMBINATION	Cabozantinib
Picropodophyllin	DRUG_COMBINATION	Ruxolitinib
Picropodophyllin	DRUG_COMBINATION	2-Methoxyestradiol
Picropodophyllin	DRUG_COMBINATION	Mirdametinib
Picropodophyllin	DRUG_COMBINATION	Bardoxolone methyl
Picropodophyllin	DRUG_COMBINATION	AT-7519
Picropodophyllin	DRUG_COMBINATION	Panobinostat
Picropodophyllin	DRUG_COMBINATION	Artemether
Picropodophyllin	DRUG_COMBINATION	Tivantinib
Picropodophyllin	DRUG_COMBINATION	Buparlisib
Picropodophyllin	DRUG_COMBINATION	Adavosertib
Picropodophyllin	DRUG_COMBINATION	Ombrabulin
Indoximod	DRUG_COMBINATION	Docetaxel
Indoximod	DRUG_COMBINATION	Temozolomide
Secnidazole	DRUG_COMBINATION	Ruxolitinib
Secnidazole	DRUG_COMBINATION	Idarubicin
Oleandrin	DRUG_COMBINATION	Docetaxel
Pyroxamide	DRUG_COMBINATION	Ruxolitinib
Pyroxamide	DRUG_COMBINATION	Panobinostat
Pyroxamide	DRUG_COMBINATION	Marizomib
PF-04217903	DRUG_COMBINATION	Ruxolitinib
PF-04217903	DRUG_COMBINATION	Idarubicin
Sivelestat	DRUG_COMBINATION	Bortezomib
Sivelestat	DRUG_COMBINATION	Theophylline
Sivelestat	DRUG_COMBINATION	Gefitinib
Sivelestat	DRUG_COMBINATION	Methylergometrine
Sivelestat	DRUG_COMBINATION	Dantrolene
Sivelestat	DRUG_COMBINATION	Darunavir
Sivelestat	DRUG_COMBINATION	Sunitinib
Sivelestat	DRUG_COMBINATION	Cerivastatin
Sivelestat	DRUG_COMBINATION	Imipramine
Sivelestat	DRUG_COMBINATION	Acetohydroxamic acid
Sivelestat	DRUG_COMBINATION	Genistein
Sivelestat	DRUG_COMBINATION	Epinephrine
Sivelestat	DRUG_COMBINATION	Tacrolimus
Sivelestat	DRUG_COMBINATION	Maprotiline
Sivelestat	DRUG_COMBINATION	Dactinomycin
Sivelestat	DRUG_COMBINATION	Rufinamide
Sivelestat	DRUG_COMBINATION	Methylene blue
Sivelestat	DRUG_COMBINATION	Anamorelin
Sivelestat	DRUG_COMBINATION	Brincidofovir
Sivelestat	DRUG_COMBINATION	Ginkgolide A
Sivelestat	DRUG_COMBINATION	Carglumic acid
Sivelestat	DRUG_COMBINATION	Modufolin
Quizartinib	DRUG_COMBINATION	Idarubicin
Quizartinib	DRUG_COMBINATION	Etoposide
Quizartinib	DRUG_COMBINATION	Azacitidine
Quizartinib	DRUG_COMBINATION	Cytarabine
Omigapil	DRUG_COMBINATION	Idarubicin
Indole-3-carbinol	DRUG_COMBINATION	Silibinin
Ombrabulin	DRUG_COMBINATION	Ruxolitinib
Ombrabulin	DRUG_COMBINATION	Docetaxel
Ombrabulin	DRUG_COMBINATION	Everolimus
Ombrabulin	DRUG_COMBINATION	Ispinesib
Ombrabulin	DRUG_COMBINATION	Lenvatinib
Ombrabulin	DRUG_COMBINATION	AT-7519
Ombrabulin	DRUG_COMBINATION	Panobinostat
Ombrabulin	DRUG_COMBINATION	Buparlisib
Ombrabulin	DRUG_COMBINATION	Paxalisib
Namodenoson	DRUG_COMBINATION	Carfilzomib
Namodenoson	DRUG_COMBINATION	Idarubicin
Namodenoson	DRUG_COMBINATION	Gemcitabine
Namodenoson	DRUG_COMBINATION	Dactolisib
Namodenoson	DRUG_COMBINATION	Buparlisib
Namodenoson	DRUG_COMBINATION	JQ1
Namodenoson	DRUG_COMBINATION	Marizomib
Tazemetostat	DRUG_COMBINATION	Umbralisib
Aloxistatin	DRUG_COMBINATION	Panobinostat
Telatinib	DRUG_COMBINATION	Idarubicin
BMS-754807	DRUG_COMBINATION	Carfilzomib
BMS-754807	DRUG_COMBINATION	Ponatinib
BMS-754807	DRUG_COMBINATION	Trametinib
BMS-754807	DRUG_COMBINATION	Gefitinib
BMS-754807	DRUG_COMBINATION	Idarubicin
BMS-754807	DRUG_COMBINATION	Ciclopirox
BMS-754807	DRUG_COMBINATION	Sunitinib
BMS-754807	DRUG_COMBINATION	Vorinostat
BMS-754807	DRUG_COMBINATION	Tamoxifen
BMS-754807	DRUG_COMBINATION	SNS-032
BMS-754807	DRUG_COMBINATION	Mirdametinib
BMS-754807	DRUG_COMBINATION	RAF-265
BMS-754807	DRUG_COMBINATION	AZD-8330
BMS-754807	DRUG_COMBINATION	Noscapine
BMS-754807	DRUG_COMBINATION	CA4P
BMS-754807	DRUG_COMBINATION	Onalespib
BMS-754807	DRUG_COMBINATION	Panobinostat
BMS-754807	DRUG_COMBINATION	Ixazomib
BMS-754807	DRUG_COMBINATION	CUDC-101
BMS-754807	DRUG_COMBINATION	Cantharidin
BMS-754807	DRUG_COMBINATION	BIIB021
BMS-754807	DRUG_COMBINATION	Dactolisib
BMS-754807	DRUG_COMBINATION	Buparlisib
BMS-754807	DRUG_COMBINATION	Resminostat
BMS-754807	DRUG_COMBINATION	JQ1
BMS-754807	DRUG_COMBINATION	Abexinostat
BMS-754807	DRUG_COMBINATION	Namodenoson
BMS-754807	DRUG_COMBINATION	Citarinostat
BMS-754807	DRUG_COMBINATION	Marizomib
BMS-754807	DRUG_COMBINATION	Entinostat
BMS-754807	DRUG_COMBINATION	MK-2206
BMS-754807	DRUG_COMBINATION	BMS-754807
Remdesivir	DRUG_COMBINATION	Chloroquine
Remdesivir	DRUG_COMBINATION	Hydroxychloroquine
Remdesivir	DRUG_COMBINATION	Favipiravir
Remdesivir	DRUG_COMBINATION	Baricitinib
Cycloguanil	DRUG_COMBINATION	Isoprenaline
Cycloguanil	DRUG_COMBINATION	Iloprost
Cycloguanil	DRUG_COMBINATION	Leflunomide
Cycloguanil	DRUG_COMBINATION	Diazoxide
Cycloguanil	DRUG_COMBINATION	Baclofen
Cycloguanil	DRUG_COMBINATION	Estramustine
Cycloguanil	DRUG_COMBINATION	Dantrolene
Cycloguanil	DRUG_COMBINATION	Diphenidol
Cycloguanil	DRUG_COMBINATION	Cerivastatin
Cycloguanil	DRUG_COMBINATION	Quinine
Cycloguanil	DRUG_COMBINATION	Bosentan
Cycloguanil	DRUG_COMBINATION	Vinblastine
Cycloguanil	DRUG_COMBINATION	Fenoprofen
Cycloguanil	DRUG_COMBINATION	Imatinib
Cycloguanil	DRUG_COMBINATION	Cilastatin
Cycloguanil	DRUG_COMBINATION	Genistein
Cycloguanil	DRUG_COMBINATION	Oxyphenbutazone
Cycloguanil	DRUG_COMBINATION	Diethylcarbamazine
Cycloguanil	DRUG_COMBINATION	Mebutamate
Cycloguanil	DRUG_COMBINATION	Niclosamide
Cycloguanil	DRUG_COMBINATION	Metyrosine
Cycloguanil	DRUG_COMBINATION	Primidone
Cycloguanil	DRUG_COMBINATION	Tiagabine
Cycloguanil	DRUG_COMBINATION	Dactinomycin
Cycloguanil	DRUG_COMBINATION	Methylene blue
Cycloguanil	DRUG_COMBINATION	Brincidofovir
Cycloguanil	DRUG_COMBINATION	Terameprocol
Cavosonstat	DRUG_COMBINATION	Rifampin
Diroximel fumarate	DRUG_COMBINATION	Dimethyl fumarate
RO-5045337	DRUG_COMBINATION	Cytarabine
Dordaviprone	DRUG_COMBINATION	Trametinib
Dordaviprone	DRUG_COMBINATION	Mitomycin
Dordaviprone	DRUG_COMBINATION	Vorinostat
Dordaviprone	DRUG_COMBINATION	Mebendazole
Dordaviprone	DRUG_COMBINATION	Doxorubicin
Dordaviprone	DRUG_COMBINATION	Plinabulin
Dordaviprone	DRUG_COMBINATION	Panobinostat
Dordaviprone	DRUG_COMBINATION	Buparlisib
Dordaviprone	DRUG_COMBINATION	Selumetinib
Dordaviprone	DRUG_COMBINATION	JQ1
Dordaviprone	DRUG_COMBINATION	BMS-754807
Ensartinib	DRUG_COMBINATION	Panobinostat
M-2698	DRUG_COMBINATION	Marizomib
Citarinostat	DRUG_COMBINATION	Prochlorperazine
Citarinostat	DRUG_COMBINATION	Gemcitabine
Citarinostat	DRUG_COMBINATION	Mebendazole
Citarinostat	DRUG_COMBINATION	Doxorubicin
Citarinostat	DRUG_COMBINATION	Dactolisib
Citarinostat	DRUG_COMBINATION	Namodenoson
Citarinostat	DRUG_COMBINATION	BMS-754807
Citarinostat	DRUG_COMBINATION	Marizomib
Vericiguat	DRUG_COMBINATION	Nitroglycerin
Vericiguat	DRUG_COMBINATION	Vericiguat
Cerdulatinib	DRUG_COMBINATION	Panobinostat
Vibegron	DRUG_COMBINATION	Levofloxacin
Pimasertib	DRUG_COMBINATION	Ruxolitinib
Pimasertib	DRUG_COMBINATION	Panobinostat
Selonsertib	DRUG_COMBINATION	Prednisolone
Serabelisib	DRUG_COMBINATION	Canagliflozin
Serabelisib	DRUG_COMBINATION	Elacridar
PF-04634817	DRUG_COMBINATION	Salicylhydroxamic Acid
Luteolin	DRUG_COMBINATION	Teriflunomide
Luteolin	DRUG_COMBINATION	Iloprost
Luteolin	DRUG_COMBINATION	Leflunomide
Luteolin	DRUG_COMBINATION	Bortezomib
Luteolin	DRUG_COMBINATION	Liothyronine
Luteolin	DRUG_COMBINATION	Gefitinib
Luteolin	DRUG_COMBINATION	Mefloquine
Luteolin	DRUG_COMBINATION	Cilostazol
Luteolin	DRUG_COMBINATION	Idarubicin
Luteolin	DRUG_COMBINATION	Fomepizole
Luteolin	DRUG_COMBINATION	Bepridil
Luteolin	DRUG_COMBINATION	Docetaxel
Luteolin	DRUG_COMBINATION	Sunitinib
Luteolin	DRUG_COMBINATION	Buspirone
Luteolin	DRUG_COMBINATION	Vorinostat
Luteolin	DRUG_COMBINATION	Vinblastine
Luteolin	DRUG_COMBINATION	Amiloride
Luteolin	DRUG_COMBINATION	Oxandrolone
Luteolin	DRUG_COMBINATION	Epinephrine
Luteolin	DRUG_COMBINATION	Pentamidine
Luteolin	DRUG_COMBINATION	SN-38
Luteolin	DRUG_COMBINATION	Trioxsalen
Luteolin	DRUG_COMBINATION	Raltegravir
Luteolin	DRUG_COMBINATION	Metyrosine
Luteolin	DRUG_COMBINATION	Primidone
Luteolin	DRUG_COMBINATION	Tiagabine
Luteolin	DRUG_COMBINATION	Fluspirilene
Luteolin	DRUG_COMBINATION	Aliskiren
Luteolin	DRUG_COMBINATION	Methylene blue
Luteolin	DRUG_COMBINATION	Anamorelin
Ursolic acid	DRUG_COMBINATION	Ruxolitinib
Ursolic acid	DRUG_COMBINATION	Curcumin
Bryostatin 1	DRUG_COMBINATION	Paclitaxel
Bryostatin 1	DRUG_COMBINATION	Temsirolimus
Istradefylline	DRUG_COMBINATION	Rifampin
Cenicriviroc	DRUG_COMBINATION	Dolutegravir
Talazoparib	DRUG_COMBINATION	Enzalutamide
Talazoparib	DRUG_COMBINATION	Rifampin
Talazoparib	DRUG_COMBINATION	Itraconazole
Talazoparib	DRUG_COMBINATION	Decitabine
Talazoparib	DRUG_COMBINATION	Gemcitabine
Talazoparib	DRUG_COMBINATION	Temozolomide
Talazoparib	DRUG_COMBINATION	Belinostat
Talazoparib	DRUG_COMBINATION	Gedatolisib
Talazoparib	DRUG_COMBINATION	Selinexor
Talazoparib	DRUG_COMBINATION	Binimetinib
Talazoparib	DRUG_COMBINATION	Axitinib
Talazoparib	DRUG_COMBINATION	Pacritinib
Talazoparib	DRUG_COMBINATION	Tazemetostat
Talazoparib	DRUG_COMBINATION	Talazoparib
Marizomib	DRUG_COMBINATION	Ruxolitinib
Marizomib	DRUG_COMBINATION	Sunitinib
Marizomib	DRUG_COMBINATION	Temozolomide
Marizomib	DRUG_COMBINATION	Panobinostat
Momelotinib	DRUG_COMBINATION	Capecitabine
Momelotinib	DRUG_COMBINATION	Mitomycin
Spebrutinib	DRUG_COMBINATION	Panobinostat
Talinolol	DRUG_COMBINATION	Acetaminophen
PF-03758309	DRUG_COMBINATION	Ruxolitinib
PF-03758309	DRUG_COMBINATION	Panobinostat
PF-03758309	DRUG_COMBINATION	Marizomib
Danusertib	DRUG_COMBINATION	Teriflunomide
Danusertib	DRUG_COMBINATION	Probenecid
Danusertib	DRUG_COMBINATION	Leflunomide
Danusertib	DRUG_COMBINATION	Sertraline
Danusertib	DRUG_COMBINATION	Diazoxide
Danusertib	DRUG_COMBINATION	Gefitinib
Danusertib	DRUG_COMBINATION	Olanzapine
Danusertib	DRUG_COMBINATION	Mefloquine
Danusertib	DRUG_COMBINATION	Idarubicin
Danusertib	DRUG_COMBINATION	Dantrolene
Danusertib	DRUG_COMBINATION	Decitabine
Danusertib	DRUG_COMBINATION	Triamterene
Danusertib	DRUG_COMBINATION	Cerivastatin
Danusertib	DRUG_COMBINATION	Vorinostat
Danusertib	DRUG_COMBINATION	Genistein
Danusertib	DRUG_COMBINATION	Mebendazole
Danusertib	DRUG_COMBINATION	Epinephrine
Danusertib	DRUG_COMBINATION	Sumatriptan
Danusertib	DRUG_COMBINATION	Diethylcarbamazine
Danusertib	DRUG_COMBINATION	Risperidone
Danusertib	DRUG_COMBINATION	Riluzole
Danusertib	DRUG_COMBINATION	Zileuton
Danusertib	DRUG_COMBINATION	Mebutamate
Danusertib	DRUG_COMBINATION	Primidone
Danusertib	DRUG_COMBINATION	Maprotiline
Danusertib	DRUG_COMBINATION	Ramelteon
Danusertib	DRUG_COMBINATION	Cytarabine
Danusertib	DRUG_COMBINATION	Doxorubicin
Danusertib	DRUG_COMBINATION	Bardoxolone methyl
Danusertib	DRUG_COMBINATION	Romidepsin
Danusertib	DRUG_COMBINATION	Panobinostat
Danusertib	DRUG_COMBINATION	Anamorelin
Danusertib	DRUG_COMBINATION	CHS-828
Danusertib	DRUG_COMBINATION	Navitoclax
Danusertib	DRUG_COMBINATION	Buparlisib
Danusertib	DRUG_COMBINATION	AEE-788
Danusertib	DRUG_COMBINATION	Paxalisib
Danusertib	DRUG_COMBINATION	Eltanexor
Danusertib	DRUG_COMBINATION	Benserazide
Danoprevir	DRUG_COMBINATION	Ritonavir
Birinapant	DRUG_COMBINATION	Ruxolitinib
Birinapant	DRUG_COMBINATION	Idarubicin
Birinapant	DRUG_COMBINATION	Prochlorperazine
Birinapant	DRUG_COMBINATION	Mifepristone
Birinapant	DRUG_COMBINATION	Azacitidine
Birinapant	DRUG_COMBINATION	RAF-265
Birinapant	DRUG_COMBINATION	Navitoclax
Ralimetinib	DRUG_COMBINATION	Temozolomide
Niraparib	DRUG_COMBINATION	Idarubicin
Niraparib	DRUG_COMBINATION	Lomustine
Niraparib	DRUG_COMBINATION	Sorafenib
Niraparib	DRUG_COMBINATION	Vorinostat
Niraparib	DRUG_COMBINATION	Irinotecan
Niraparib	DRUG_COMBINATION	Ridaforolimus
Niraparib	DRUG_COMBINATION	MK-8776
Niraparib	DRUG_COMBINATION	Osimertinib
Niraparib	DRUG_COMBINATION	Dactolisib
Niraparib	DRUG_COMBINATION	10-hydroxycamptothecin
Niraparib	DRUG_COMBINATION	Marizomib
Berzosertib	DRUG_COMBINATION	Midazolam
GSK-2636771	DRUG_COMBINATION	Idarubicin
GSK-2636771	DRUG_COMBINATION	Panobinostat
Fostemsavir	DRUG_COMBINATION	Idarubicin
Fostemsavir	DRUG_COMBINATION	Panobinostat
Saracatinib	DRUG_COMBINATION	Mitomycin
Saracatinib	DRUG_COMBINATION	Cediranib
VTP-194204	DRUG_COMBINATION	Marizomib
Arhalofenate	DRUG_COMBINATION	Colchicine
Omecamtiv Mecarbil	DRUG_COMBINATION	Panobinostat
Baricitinib	DRUG_COMBINATION	Methotrexate
Baricitinib	DRUG_COMBINATION	Danazol
Baricitinib	DRUG_COMBINATION	Triamcinolone
Baricitinib	DRUG_COMBINATION	Hydroxychloroquine
Baricitinib	DRUG_COMBINATION	Prednisolone
Neratinib	DRUG_COMBINATION	Ruxolitinib
Neratinib	DRUG_COMBINATION	Capecitabine
Neratinib	DRUG_COMBINATION	Valproic acid
Neratinib	DRUG_COMBINATION	Vinorelbine
Neratinib	DRUG_COMBINATION	Budesonide
Neratinib	DRUG_COMBINATION	Paclitaxel
Neratinib	DRUG_COMBINATION	Everolimus
Neratinib	DRUG_COMBINATION	Loperamide
Neratinib	DRUG_COMBINATION	Temozolomide
Neratinib	DRUG_COMBINATION	Palbociclib
Neratinib	DRUG_COMBINATION	Temsirolimus
Neratinib	DRUG_COMBINATION	Capmatinib
Neratinib	DRUG_COMBINATION	Niraparib
Ruboxistaurin	DRUG_COMBINATION	Mitomycin
Ruboxistaurin	DRUG_COMBINATION	Panobinostat
Mocetinostat	DRUG_COMBINATION	Gemcitabine
Mocetinostat	DRUG_COMBINATION	Azacitidine
Crenolanib	DRUG_COMBINATION	Idarubicin
Crenolanib	DRUG_COMBINATION	LY-3023414
Crenolanib	DRUG_COMBINATION	Formononetin
Sapanisertib	DRUG_COMBINATION	Piperaquine
Sapanisertib	DRUG_COMBINATION	Trametinib
Sapanisertib	DRUG_COMBINATION	Bortezomib
Sapanisertib	DRUG_COMBINATION	Clindamycin
Sapanisertib	DRUG_COMBINATION	Quinine
Sapanisertib	DRUG_COMBINATION	Naltrexone
Sapanisertib	DRUG_COMBINATION	Plicamycin
Sapanisertib	DRUG_COMBINATION	Cobimetinib
Sapanisertib	DRUG_COMBINATION	Dinaciclib
Sapanisertib	DRUG_COMBINATION	Panobinostat
Entinostat	DRUG_COMBINATION	Capecitabine
Entinostat	DRUG_COMBINATION	Gefitinib
Entinostat	DRUG_COMBINATION	Mefloquine
Entinostat	DRUG_COMBINATION	Anastrozole
Entinostat	DRUG_COMBINATION	Chloroxine
Entinostat	DRUG_COMBINATION	Mebendazole
Entinostat	DRUG_COMBINATION	Tamoxifen
Entinostat	DRUG_COMBINATION	Midazolam
PF-04958242	DRUG_COMBINATION	PF-04958242
Bafetinib	DRUG_COMBINATION	Panobinostat
Tegobuvir	DRUG_COMBINATION	GS-9256
Relugolix	DRUG_COMBINATION	Fluconazole
Relugolix	DRUG_COMBINATION	Ritonavir
Relugolix	DRUG_COMBINATION	Chloroquine
Relugolix	DRUG_COMBINATION	Apalutamide
Relugolix	DRUG_COMBINATION	Panobinostat
Relugolix	DRUG_COMBINATION	Artemisinin
Relugolix	DRUG_COMBINATION	Omipalisib
Revefenacin	DRUG_COMBINATION	Formoterol
Litronesib	DRUG_COMBINATION	Ruxolitinib
Litronesib	DRUG_COMBINATION	Decitabine
Litronesib	DRUG_COMBINATION	Everolimus
Litronesib	DRUG_COMBINATION	Pelitinib
Litronesib	DRUG_COMBINATION	Etoposide
Litronesib	DRUG_COMBINATION	Cytarabine
Litronesib	DRUG_COMBINATION	Bardoxolone methyl
Litronesib	DRUG_COMBINATION	Dinaciclib
Litronesib	DRUG_COMBINATION	Navitoclax
Litronesib	DRUG_COMBINATION	AEE-788
Litronesib	DRUG_COMBINATION	Paxalisib
Litronesib	DRUG_COMBINATION	AZD-8055
Alvelestat	DRUG_COMBINATION	Ruxolitinib
BTZ-043	DRUG_COMBINATION	Idarubicin
Salicin	DRUG_COMBINATION	Panobinostat
Megestrol	DRUG_COMBINATION	Amitriptyline
AMG-337	DRUG_COMBINATION	Panobinostat
Molidustat	DRUG_COMBINATION	Panobinostat
Celastrol	DRUG_COMBINATION	Panobinostat
Ocifisertib	DRUG_COMBINATION	Panobinostat
Temuterkib	DRUG_COMBINATION	Panobinostat
Zotiraciclib	DRUG_COMBINATION	Panobinostat
Belumosudil	DRUG_COMBINATION	Panobinostat
Allitinib	DRUG_COMBINATION	Idarubicin
Allitinib	DRUG_COMBINATION	Marizomib
Phlorizin	DRUG_COMBINATION	Ruxolitinib
Repotrectinib	DRUG_COMBINATION	Marizomib
MK-2206	DRUG_COMBINATION	Ruxolitinib
MK-2206	DRUG_COMBINATION	Carfilzomib
MK-2206	DRUG_COMBINATION	Ponatinib
MK-2206	DRUG_COMBINATION	Trametinib
MK-2206	DRUG_COMBINATION	Bortezomib
MK-2206	DRUG_COMBINATION	Mitomycin
MK-2206	DRUG_COMBINATION	Lomustine
MK-2206	DRUG_COMBINATION	Docetaxel
MK-2206	DRUG_COMBINATION	Dasatinib
MK-2206	DRUG_COMBINATION	Decitabine
MK-2206	DRUG_COMBINATION	Sorafenib
MK-2206	DRUG_COMBINATION	2-Methoxyestradiol
MK-2206	DRUG_COMBINATION	Gemcitabine
MK-2206	DRUG_COMBINATION	Erlotinib
MK-2206	DRUG_COMBINATION	Vorinostat
MK-2206	DRUG_COMBINATION	Everolimus
MK-2206	DRUG_COMBINATION	Mebendazole
MK-2206	DRUG_COMBINATION	Mitotane
MK-2206	DRUG_COMBINATION	Pelitinib
MK-2206	DRUG_COMBINATION	Etoposide
MK-2206	DRUG_COMBINATION	Doxorubicin
MK-2206	DRUG_COMBINATION	Mirdametinib
MK-2206	DRUG_COMBINATION	Afatinib
MK-2206	DRUG_COMBINATION	Bardoxolone methyl
MK-2206	DRUG_COMBINATION	Cobimetinib
MK-2206	DRUG_COMBINATION	Ibrutinib
MK-2206	DRUG_COMBINATION	Palbociclib
MK-2206	DRUG_COMBINATION	Ridaforolimus
MK-2206	DRUG_COMBINATION	AT-7519
MK-2206	DRUG_COMBINATION	CA4P
MK-2206	DRUG_COMBINATION	MK-8776
MK-2206	DRUG_COMBINATION	Dinaciclib
MK-2206	DRUG_COMBINATION	Panobinostat
MK-2206	DRUG_COMBINATION	Navitoclax
MK-2206	DRUG_COMBINATION	Dactolisib
MK-2206	DRUG_COMBINATION	Buparlisib
MK-2206	DRUG_COMBINATION	10-hydroxycamptothecin
MK-2206	DRUG_COMBINATION	Adavosertib
MK-2206	DRUG_COMBINATION	JQ1
MK-2206	DRUG_COMBINATION	Paxalisib
MK-2206	DRUG_COMBINATION	Formononetin
MK-2206	DRUG_COMBINATION	Molibresib
MK-2206	DRUG_COMBINATION	AZD-8055
MK-2206	DRUG_COMBINATION	Namodenoson
MK-2206	DRUG_COMBINATION	BMS-754807
MK-2206	DRUG_COMBINATION	Dordaviprone
MK-2206	DRUG_COMBINATION	Danusertib
MK-2206	DRUG_COMBINATION	Niraparib
BMS-833923	DRUG_COMBINATION	Idarubicin
BMS-833923	DRUG_COMBINATION	Panobinostat
Roblitinib	DRUG_COMBINATION	Panobinostat
Pidnarulex	DRUG_COMBINATION	Panobinostat
ENMD-981693	DRUG_COMBINATION	Panobinostat
Sinomenine	DRUG_COMBINATION	Idarubicin
Sinomenine	DRUG_COMBINATION	Panobinostat
Fluticasone	DRUG_COMBINATION	Salmeterol
Fluticasone	DRUG_COMBINATION	Albuterol
Enasidenib	DRUG_COMBINATION	Azacitidine
Enasidenib	DRUG_COMBINATION	Panobinostat
Enasidenib	DRUG_COMBINATION	Gilteritinib
Enasidenib	DRUG_COMBINATION	Ivosidenib
Iniparib	DRUG_COMBINATION	Irinotecan
Candesartan	DRUG_COMBINATION	Hydrochlorothiazide
Semaglutide	DRUG_COMBINATION	Probenecid
Semaglutide	DRUG_COMBINATION	Atorvastatin
Semaglutide	DRUG_COMBINATION	Empagliflozin
Semaglutide	DRUG_COMBINATION	Dapagliflozin
Semaglutide	DRUG_COMBINATION	Enobosarm
Semaglutide	DRUG_COMBINATION	Semaglutide
Ulixertinib	DRUG_COMBINATION	Hydroxychloroquine
Ulixertinib	DRUG_COMBINATION	Panobinostat
Ulixertinib	DRUG_COMBINATION	Marizomib
Netarsudil	DRUG_COMBINATION	Marizomib
antipyrine mixture with benzocaine	DRUG_COMBINATION	terpin hydrate
capsaicin / lidocaine / menthol / methyl salicylate topical product	DRUG_COMBINATION	terpin hydrate
lidocaine / menthol / methyl salicylate topical product	DRUG_COMBINATION	terpin hydrate
lidocaine / menthol topical solution	DRUG_COMBINATION	terpin hydrate
