head_name	relation	tail_name
Peginterferon alfa-2a	METABOLIZED_BY	Cytochrome P450 1A2
Interferon alfa-n1	METABOLIZED_BY	Cytochrome P450 1A2
Interferon alfa-n3	METABOLIZED_BY	Cytochrome P450 1A2
Pegfilgrastim	METABOLIZED_BY	Neutrophil elastase
Peginterferon alfa-2b	METABOLIZED_BY	Cytochrome P450 1A2
Peginterferon alfa-2b	METABOLIZED_BY	Cytochrome P450 2C9
Peginterferon alfa-2b	METABOLIZED_BY	Cytochrome P450 2D6
Antihemophilic factor, human recombinant	METABOLIZED_BY	Vitamin K-dependent protein C
Antihemophilic factor, human recombinant	METABOLIZED_BY	Prothrombin
Insulin human	METABOLIZED_BY	Cytochrome P450 1A2
Insulin human	METABOLIZED_BY	Insulin-degrading enzyme
Insulin human	METABOLIZED_BY	Neuroendocrine convertase 1
Insulin human	METABOLIZED_BY	Neuroendocrine convertase 2
Interferon gamma-1b	METABOLIZED_BY	Cytochrome P450 1A2
Interferon alfa-2a	METABOLIZED_BY	Cytochrome P450 1A2
Desmopressin	METABOLIZED_BY	Prostaglandin G/H synthase 1
Desmopressin	METABOLIZED_BY	Prostaglandin G/H synthase 2
Aldesleukin	METABOLIZED_BY	Cytochrome P450 2E1
Aldesleukin	METABOLIZED_BY	Cytochrome P450 3A4
Aldesleukin	METABOLIZED_BY	Cytosolic phospholipase A2
Aldesleukin	METABOLIZED_BY	Prostaglandin G/H synthase 2
Aldesleukin	METABOLIZED_BY	Xanthine dehydrogenase/oxidase
Piperaquine	METABOLIZED_BY	Cytochrome P450 2C9
Piperaquine	METABOLIZED_BY	Cytochrome P450 2C19
Testosterone undecanoate	METABOLIZED_BY	Cytochrome P450 2C8
Testosterone undecanoate	METABOLIZED_BY	Cytochrome P450 2C9
Testosterone undecanoate	METABOLIZED_BY	Cytochrome P450 2C19
Testosterone undecanoate	METABOLIZED_BY	Cytochrome P450 3A5
Testosterone undecanoate	METABOLIZED_BY	Cytochrome P450 3A7
WIN 55212-2	METABOLIZED_BY	Cytochrome P450 3A4
Estradiol acetate	METABOLIZED_BY	Cytochrome P450 1A2
Estradiol acetate	METABOLIZED_BY	Cytochrome P450 2C8
Estradiol acetate	METABOLIZED_BY	Cytochrome P450 2C9
Estradiol acetate	METABOLIZED_BY	Cytochrome P450 2C19
Estradiol acetate	METABOLIZED_BY	Cytochrome P450 3A4
Estradiol acetate	METABOLIZED_BY	Cytochrome P450 3A5
Estradiol acetate	METABOLIZED_BY	Cytochrome P450 3A7
Estradiol acetate	METABOLIZED_BY	UDP-glucuronosyltransferase 1A1
Estradiol cypionate	METABOLIZED_BY	Cytochrome P450 1A2
Estradiol cypionate	METABOLIZED_BY	Cytochrome P450 2C8
Estradiol cypionate	METABOLIZED_BY	Cytochrome P450 2C9
Estradiol cypionate	METABOLIZED_BY	Cytochrome P450 2C19
Estradiol cypionate	METABOLIZED_BY	Cytochrome P450 3A4
Estradiol cypionate	METABOLIZED_BY	Cytochrome P450 3A5
Estradiol cypionate	METABOLIZED_BY	Cytochrome P450 3A7
Estradiol cypionate	METABOLIZED_BY	UDP-glucuronosyltransferase 1A1
Estradiol valerate	METABOLIZED_BY	Cytochrome P450 1A2
Estradiol valerate	METABOLIZED_BY	Cytochrome P450 2C8
Estradiol valerate	METABOLIZED_BY	Cytochrome P450 2C9
Estradiol valerate	METABOLIZED_BY	Cytochrome P450 2C19
Estradiol valerate	METABOLIZED_BY	Cytochrome P450 3A4
Estradiol valerate	METABOLIZED_BY	Cytochrome P450 3A5
Estradiol valerate	METABOLIZED_BY	Cytochrome P450 3A7
Estradiol valerate	METABOLIZED_BY	UDP-glucuronosyltransferase 1A1
Fish oil	METABOLIZED_BY	Cytochrome P450 3A4
1,2-dichlorobenzene	METABOLIZED_BY	Cytochrome P450 2E1
Boceprevir	METABOLIZED_BY	Cytochrome P450 3A4
Boceprevir	METABOLIZED_BY	Cytochrome P450 3A5
Cabozantinib	METABOLIZED_BY	Cytochrome P450 2C8
Cabozantinib	METABOLIZED_BY	Cytochrome P450 2C9
Cabozantinib	METABOLIZED_BY	Cytochrome P450 3A4
Aminopterin	METABOLIZED_BY	Dihydrofolate reductase
Teriflunomide	METABOLIZED_BY	Cytochrome P450 1A2
Teriflunomide	METABOLIZED_BY	Cytochrome P450 2C8
Vemurafenib	METABOLIZED_BY	Cytochrome P450 3A4
Perampanel	METABOLIZED_BY	Cytochrome P450 1A2
Perampanel	METABOLIZED_BY	Cytochrome P450 2B6
Perampanel	METABOLIZED_BY	Cytochrome P450 3A4
Perampanel	METABOLIZED_BY	Cytochrome P450 3A5
Mirabegron	METABOLIZED_BY	Cytochrome P450 2D6
Mirabegron	METABOLIZED_BY	Cytochrome P450 3A4
Tofacitinib	METABOLIZED_BY	Cytochrome P450 2C19
Tofacitinib	METABOLIZED_BY	Cytochrome P450 3A4
Regorafenib	METABOLIZED_BY	Cytochrome P450 2B6
Regorafenib	METABOLIZED_BY	Cytochrome P450 2C8
Regorafenib	METABOLIZED_BY	Cytochrome P450 2C9
Regorafenib	METABOLIZED_BY	Cytochrome P450 2C19
Regorafenib	METABOLIZED_BY	Cytochrome P450 3A4
Regorafenib	METABOLIZED_BY	UDP-glucuronosyltransferase 1A1
Regorafenib	METABOLIZED_BY	UDP-glucuronosyltransferase 1A9
Aclidinium	METABOLIZED_BY	Cholinesterase
Ponatinib	METABOLIZED_BY	Cytochrome P450 2D6
Ponatinib	METABOLIZED_BY	Cytochrome P450 3A4
Ponatinib	METABOLIZED_BY	Cytochrome P450 3A5
Bedaquiline	METABOLIZED_BY	Cytochrome P450 3A4
Certolizumab pegol	METABOLIZED_BY	Aldo-keto reductase family 1 member A1
Canagliflozin	METABOLIZED_BY	Cytochrome P450 3A4
Canagliflozin	METABOLIZED_BY	UDP-glucuronosyltransferase 1A9
Canagliflozin	METABOLIZED_BY	UDP-glucuronosyltransferase 2B4
Glycerol phenylbutyrate	METABOLIZED_BY	Aquaporin-7
Glycerol phenylbutyrate	METABOLIZED_BY	Cytochrome P450 2D6
Glycerol phenylbutyrate	METABOLIZED_BY	Cytochrome P450 3A4
Glycerol phenylbutyrate	METABOLIZED_BY	Pancreatic triacylglycerol lipase
Pomalidomide	METABOLIZED_BY	Cytochrome P450 1A2
Pomalidomide	METABOLIZED_BY	Cytochrome P450 3A4
Dabrafenib	METABOLIZED_BY	Cytochrome P450 2C8
Dabrafenib	METABOLIZED_BY	Cytochrome P450 3A4
Corticorelin	METABOLIZED_BY	Dopamine beta-hydroxylase
Albinterferon Alfa-2B	METABOLIZED_BY	Cytochrome P450 1A2
Butyrylthiocholine	METABOLIZED_BY	Cholinesterase
Tretazicar	METABOLIZED_BY	NAD(P)H dehydrogenase [quinone] 1
1-Beta-Ribofuranosyl-1,3-Diazepinone	METABOLIZED_BY	Cytidine deaminase
Insulin lispro	METABOLIZED_BY	Cytochrome P450 1A2
Insulin lispro	METABOLIZED_BY	Insulin-degrading enzyme
Somatotropin	METABOLIZED_BY	Cytochrome P450 1A2
Somatotropin	METABOLIZED_BY	Cytochrome P450 2C19
Interferon beta-1a	METABOLIZED_BY	Cytochrome P450 1A2
Interferon beta-1b	METABOLIZED_BY	Cytochrome P450 1A2
Interferon alfacon-1	METABOLIZED_BY	Cytochrome P450 1A2
Insulin pork	METABOLIZED_BY	Cytochrome P450 1A2
Insulin pork	METABOLIZED_BY	Insulin-degrading enzyme
Pegvisomant	METABOLIZED_BY	Sterol 26-hydroxylase, mitochondrial
Pegvisomant	METABOLIZED_BY	Cytochrome P450 3A4
Pegvisomant	METABOLIZED_BY	Cytochrome P450 4A11
Pegvisomant	METABOLIZED_BY	Cholinesterase
Pegvisomant	METABOLIZED_BY	Glutamine synthetase
Cyclosporine	METABOLIZED_BY	Cytochrome P450 3A4
Cyclosporine	METABOLIZED_BY	Cytochrome P450 3A5
Cyclosporine	METABOLIZED_BY	Cytochrome P450 3A7
Filgrastim	METABOLIZED_BY	Neutrophil elastase
Octreotide	METABOLIZED_BY	Cytochrome P450 3A4
Octreotide	METABOLIZED_BY	Myeloperoxidase
Interferon alfa-2b	METABOLIZED_BY	Cytochrome P450 1A2
Oxytocin	METABOLIZED_BY	Leucyl-cystinyl aminopeptidase
Oxytocin	METABOLIZED_BY	Prolyl endopeptidase
Enfuvirtide	METABOLIZED_BY	Cytochrome P450 2C19
Enfuvirtide	METABOLIZED_BY	Cytochrome P450 2E1
Isosorbide mononitrate	METABOLIZED_BY	Cytochrome P450 3A4
Felodipine	METABOLIZED_BY	Cytochrome P450 3A4
Felodipine	METABOLIZED_BY	Cytochrome P450 3A5
Felodipine	METABOLIZED_BY	Cytochrome P450 3A7
Methoxyflurane	METABOLIZED_BY	Cytochrome P450 1A2
Methoxyflurane	METABOLIZED_BY	Cytochrome P450 2A6
Methoxyflurane	METABOLIZED_BY	Cytochrome P450 2B6
Methoxyflurane	METABOLIZED_BY	Cytochrome P450 2C9
Methoxyflurane	METABOLIZED_BY	Cytochrome P450 2D6
Methoxyflurane	METABOLIZED_BY	Cytochrome P450 2E1
Methoxyflurane	METABOLIZED_BY	Cytochrome P450 3A4
Irbesartan	METABOLIZED_BY	Cytochrome P450 2C8
Irbesartan	METABOLIZED_BY	Cytochrome P450 2C9
Irbesartan	METABOLIZED_BY	Cytochrome P450 3A4
Irbesartan	METABOLIZED_BY	Prostaglandin G/H synthase 1
Irbesartan	METABOLIZED_BY	UDP-glucuronosyltransferase 1A3
Probenecid	METABOLIZED_BY	Cytochrome P450 2C8
Probenecid	METABOLIZED_BY	Cytochrome P450 2C9
Probenecid	METABOLIZED_BY	Cytochrome P450 3A4
Probenecid	METABOLIZED_BY	UDP-glucuronosyltransferase 1A1
Mercaptopurine	METABOLIZED_BY	Cytochrome P450 1A1
Mercaptopurine	METABOLIZED_BY	Thiopurine S-methyltransferase
Mercaptopurine	METABOLIZED_BY	UDP-glucuronosyltransferase 1A1
Procainamide	METABOLIZED_BY	Arylamine N-acetyltransferase 1
Procainamide	METABOLIZED_BY	Arylamine N-acetyltransferase 2
Procainamide	METABOLIZED_BY	Cytochrome P450 2D6
Procainamide	METABOLIZED_BY	RNA cytidine acetyltransferase
Tolterodine	METABOLIZED_BY	Cytochrome P450 2C9
Tolterodine	METABOLIZED_BY	Cytochrome P450 2C19
Tolterodine	METABOLIZED_BY	Cytochrome P450 2D6
Tolterodine	METABOLIZED_BY	Cytochrome P450 3A4
Fenofibrate	METABOLIZED_BY	Cytochrome P450 3A4
Fenofibrate	METABOLIZED_BY	Liver carboxylesterase 1
Fenofibrate	METABOLIZED_BY	UDP-glucuronosyltransferase 1A9
Thalidomide	METABOLIZED_BY	Cytochrome P450 2A6
Thalidomide	METABOLIZED_BY	Cytochrome P450 2C8
Thalidomide	METABOLIZED_BY	Cytochrome P450 2C9
Thalidomide	METABOLIZED_BY	Cytochrome P450 2C18
Thalidomide	METABOLIZED_BY	Cytochrome P450 2C19
Thalidomide	METABOLIZED_BY	Cytochrome P450 2E1
Thalidomide	METABOLIZED_BY	Cytochrome P450 3A5
Thalidomide	METABOLIZED_BY	Prostaglandin G/H synthase 1
Melphalan	METABOLIZED_BY	Glutathione S-transferase A1
Rifampin	METABOLIZED_BY	Cytochrome P450 1A2
Rifampin	METABOLIZED_BY	Cytochrome P450 2C9
Rifampin	METABOLIZED_BY	Cytochrome P450 2C19
Rifampin	METABOLIZED_BY	Cytochrome P450 2D6
Rifampin	METABOLIZED_BY	Cytochrome P450 2E1
Rifampin	METABOLIZED_BY	Cytochrome P450 3A4
Lubiprostone	METABOLIZED_BY	Carbonyl reductase [NADPH] 1
Fluocinonide	METABOLIZED_BY	Cytochrome P450 3A4
Fluocinonide	METABOLIZED_BY	Cytochrome P450 3A5
Abacavir	METABOLIZED_BY	Alcohol dehydrogenase 6
Abacavir	METABOLIZED_BY	UDP-glucuronosyltransferase 1A1
Abacavir	METABOLIZED_BY	UDP-glucuronosyltransferase 2B7
Ergoloid mesylate	METABOLIZED_BY	Cytochrome P450 3A4
Ibuprofen	METABOLIZED_BY	Acyl-coenzyme A thioesterase 2, mitochondrial
Ibuprofen	METABOLIZED_BY	Alpha-methylacyl-CoA racemase
Ibuprofen	METABOLIZED_BY	Cytochrome P450 2C8
Ibuprofen	METABOLIZED_BY	Cytochrome P450 2C9
Ibuprofen	METABOLIZED_BY	Cytochrome P450 2C19
Ibuprofen	METABOLIZED_BY	Cytochrome P450 3A4
Ibuprofen	METABOLIZED_BY	UDP-glucuronosyltransferase 1A3
Ibuprofen	METABOLIZED_BY	UDP-glucuronosyltransferase 1A9
Ibuprofen	METABOLIZED_BY	UDP-glucuronosyltransferase 2B7
Nitrendipine	METABOLIZED_BY	Cytochrome P450 3A4
Nitrendipine	METABOLIZED_BY	Cytochrome P450 3A5
Nitrendipine	METABOLIZED_BY	Cytochrome P450 3A7
Tocainide	METABOLIZED_BY	Cytochrome P450 1A2
Praziquantel	METABOLIZED_BY	Cytochrome P450 1A2
Praziquantel	METABOLIZED_BY	Cytochrome P450 2C19
Praziquantel	METABOLIZED_BY	Cytochrome P450 3A43
Praziquantel	METABOLIZED_BY	Cytochrome P450 3A4
Praziquantel	METABOLIZED_BY	Cytochrome P450 3A5
Praziquantel	METABOLIZED_BY	Cytochrome P450 3A7
Norfloxacin	METABOLIZED_BY	Cytochrome P450 1A1
Norfloxacin	METABOLIZED_BY	Cytochrome P450 1A2
Norfloxacin	METABOLIZED_BY	Cytochrome P450 3A4
Norfloxacin	METABOLIZED_BY	Cytochrome P450 3A7
Amoxicillin	METABOLIZED_BY	Cytochrome P450 2C19
Isoprenaline	METABOLIZED_BY	Thiopurine S-methyltransferase
Melatonin	METABOLIZED_BY	Acetylserotonin O-methyltransferase
Melatonin	METABOLIZED_BY	Cytochrome P450 1A1
Melatonin	METABOLIZED_BY	Cytochrome P450 1A2
Melatonin	METABOLIZED_BY	Cytochrome P450 1B1
Melatonin	METABOLIZED_BY	Cytochrome P450 2C9
Melatonin	METABOLIZED_BY	Cytochrome P450 2C19
Melatonin	METABOLIZED_BY	Indoleamine 2,3-dioxygenase 1
Glipizide	METABOLIZED_BY	Cytochrome P450 2C9
Glipizide	METABOLIZED_BY	Cytochrome P450 2C19
Glipizide	METABOLIZED_BY	Cytochrome P450 3A4
Glipizide	METABOLIZED_BY	UDP-glucuronosyltransferase 1A1
Clonazepam	METABOLIZED_BY	Cytochrome P450 3A4
Clonazepam	METABOLIZED_BY	RNA cytidine acetyltransferase
Promethazine	METABOLIZED_BY	Cytochrome P450 2D6
Mequitazine	METABOLIZED_BY	Cytochrome P450 2D6
Atazanavir	METABOLIZED_BY	Cytochrome P450 1A2
Atazanavir	METABOLIZED_BY	Cytochrome P450 2C8
Atazanavir	METABOLIZED_BY	Cytochrome P450 2C9
Atazanavir	METABOLIZED_BY	Cytochrome P450 3A4
Atazanavir	METABOLIZED_BY	Cytochrome P450 3A5
Atazanavir	METABOLIZED_BY	Cytochrome P450 3A7
Atazanavir	METABOLIZED_BY	UDP-glucuronosyltransferase 1A1
Perhexiline	METABOLIZED_BY	Cytochrome P450 2D6
Perhexiline	METABOLIZED_BY	Cytochrome P450 3A4
Diphenhydramine	METABOLIZED_BY	Cytochrome P450 2C9
Diphenhydramine	METABOLIZED_BY	Cytochrome P450 2C19
Diphenhydramine	METABOLIZED_BY	Cytochrome P450 2D6
Diphenhydramine	METABOLIZED_BY	Prostaglandin G/H synthase 1
Atorvastatin	METABOLIZED_BY	Cytochrome P450 2C8
Atorvastatin	METABOLIZED_BY	Cytochrome P450 3A4
Atorvastatin	METABOLIZED_BY	Cytochrome P450 3A5
Atorvastatin	METABOLIZED_BY	Cytochrome P450 3A7
Atorvastatin	METABOLIZED_BY	UDP-glucuronosyltransferase 1A1
Atorvastatin	METABOLIZED_BY	UDP-glucuronosyltransferase 1A3
Tegaserod	METABOLIZED_BY	Cytochrome P450 2D6
Vigabatrin	METABOLIZED_BY	Cytochrome P450 2C9
Orlistat	METABOLIZED_BY	Cytochrome P450 3A4
Orlistat	METABOLIZED_BY	Fatty acid synthase
Orlistat	METABOLIZED_BY	Cytosolic phospholipase A2
Pilocarpine	METABOLIZED_BY	Cytochrome P450 2A6
Pilocarpine	METABOLIZED_BY	Cytochrome P450 3A4
Primaquine	METABOLIZED_BY	Cytochrome P450 1A1
Primaquine	METABOLIZED_BY	Cytochrome P450 1A2
Primaquine	METABOLIZED_BY	Cytochrome P450 1B1
Primaquine	METABOLIZED_BY	Cytochrome P450 2D6
Primaquine	METABOLIZED_BY	Cytochrome P450 3A4
Hesperetin	METABOLIZED_BY	Cytochrome P450 1A2
Oxamniquine	METABOLIZED_BY	Cytochrome P450 2D6
Leflunomide	METABOLIZED_BY	Cytochrome P450 1A2
Leflunomide	METABOLIZED_BY	Cytochrome P450 2C9
Leflunomide	METABOLIZED_BY	Cytochrome P450 3A4
Rosuvastatin	METABOLIZED_BY	Cytochrome P450 1B1
Rosuvastatin	METABOLIZED_BY	Cytochrome P450 2C9
Rosuvastatin	METABOLIZED_BY	Cytochrome P450 3A4
Pimozide	METABOLIZED_BY	Cytochrome P450 1A2
Pimozide	METABOLIZED_BY	Cytochrome P450 2D6
Pimozide	METABOLIZED_BY	Cytochrome P450 3A4
Pimozide	METABOLIZED_BY	Cytochrome P450 3A5
Pimozide	METABOLIZED_BY	Cytochrome P450 3A7
Capecitabine	METABOLIZED_BY	Cytidine deaminase
Capecitabine	METABOLIZED_BY	Thymidine phosphorylase
Quinacrine	METABOLIZED_BY	Cytochrome P450 3A4
Quinacrine	METABOLIZED_BY	Cytochrome P450 3A5
Quinacrine	METABOLIZED_BY	Histamine N-methyltransferase
Sertraline	METABOLIZED_BY	Cytochrome P450 1A2
Sertraline	METABOLIZED_BY	Cytochrome P450 2C9
Sertraline	METABOLIZED_BY	Cytochrome P450 2C19
Sertraline	METABOLIZED_BY	Cytochrome P450 2D6
Sertraline	METABOLIZED_BY	Cytochrome P450 2E1
Sertraline	METABOLIZED_BY	Cytochrome P450 3A4
Sibutramine	METABOLIZED_BY	Cytochrome P450 3A4
Methyprylon	METABOLIZED_BY	Cytochrome P450 2D6
Trilostane	METABOLIZED_BY	Cytochrome P450 3A4
Miconazole	METABOLIZED_BY	Cytochrome P450 11B1, mitochondrial
Miconazole	METABOLIZED_BY	Aromatase
Miconazole	METABOLIZED_BY	Cytochrome P450 2A6
Miconazole	METABOLIZED_BY	Cytochrome P450 2B6
Miconazole	METABOLIZED_BY	Cytochrome P450 2C8
Miconazole	METABOLIZED_BY	Cytochrome P450 2C9
Miconazole	METABOLIZED_BY	Cytochrome P450 2C19
Miconazole	METABOLIZED_BY	Cytochrome P450 2D6
Miconazole	METABOLIZED_BY	Cytochrome P450 2E1
Miconazole	METABOLIZED_BY	Cytochrome P450 3A4
Miconazole	METABOLIZED_BY	Lanosterol 14-alpha demethylase
Chlorpheniramine	METABOLIZED_BY	Cytochrome P450 2D6
Chlorpheniramine	METABOLIZED_BY	Cytochrome P450 3A4
Chlorpheniramine	METABOLIZED_BY	Cytochrome P450 3A5
Chlorpheniramine	METABOLIZED_BY	Cytochrome P450 3A7
Nifedipine	METABOLIZED_BY	Cytochrome P450 1A2
Nifedipine	METABOLIZED_BY	Cytochrome P450 2D6
Nifedipine	METABOLIZED_BY	Cytochrome P450 3A4
Nifedipine	METABOLIZED_BY	Cytochrome P450 3A5
Trimethaphan	METABOLIZED_BY	Cholinesterase
Atovaquone	METABOLIZED_BY	Cytochrome P450 2C9
Atovaquone	METABOLIZED_BY	Cytochrome P450 3A4
Amiodarone	METABOLIZED_BY	Cytochrome P450 1A1
Amiodarone	METABOLIZED_BY	Cytochrome P450 1A2
Amiodarone	METABOLIZED_BY	Cytochrome P450 2C8
Amiodarone	METABOLIZED_BY	Cytochrome P450 2C9
Amiodarone	METABOLIZED_BY	Cytochrome P450 2C19
Amiodarone	METABOLIZED_BY	Cytochrome P450 2D6
Amiodarone	METABOLIZED_BY	Cytochrome P450 3A4
Ambenonium	METABOLIZED_BY	Cholinesterase
Tolbutamide	METABOLIZED_BY	Cytochrome P450 2C8
Tolbutamide	METABOLIZED_BY	Cytochrome P450 2C9
Tolbutamide	METABOLIZED_BY	Cytochrome P450 2C18
Tolbutamide	METABOLIZED_BY	Cytochrome P450 2C19
Dutasteride	METABOLIZED_BY	Cytochrome P450 2D6
Dutasteride	METABOLIZED_BY	Cytochrome P450 3A5
Econazole	METABOLIZED_BY	Aromatase
Econazole	METABOLIZED_BY	Cytochrome P450 2E1
Econazole	METABOLIZED_BY	Cytochrome P450 3A4
Bicalutamide	METABOLIZED_BY	Cytochrome P450 2C9
Bicalutamide	METABOLIZED_BY	Cytochrome P450 2C19
Bicalutamide	METABOLIZED_BY	Cytochrome P450 2D6
Bicalutamide	METABOLIZED_BY	Cytochrome P450 3A4
Rabeprazole	METABOLIZED_BY	Cytochrome P450 2C19
Rabeprazole	METABOLIZED_BY	Cytochrome P450 3A4
Prednicarbate	METABOLIZED_BY	Cytochrome P450 3A4
Proguanil	METABOLIZED_BY	Cytochrome P450 1A2
Proguanil	METABOLIZED_BY	Cytochrome P450 2C9
Proguanil	METABOLIZED_BY	Cytochrome P450 2C19
Proguanil	METABOLIZED_BY	Cytochrome P450 2E1
Proguanil	METABOLIZED_BY	Cytochrome P450 3A4
Pioglitazone	METABOLIZED_BY	Cytochrome P450 2C8
Pioglitazone	METABOLIZED_BY	Cytochrome P450 2C9
Pioglitazone	METABOLIZED_BY	Cytochrome P450 3A4
Pioglitazone	METABOLIZED_BY	Prostaglandin G/H synthase 1
Desoxycorticosterone pivalate	METABOLIZED_BY	Cytochrome P450 3A4
Doxacurium	METABOLIZED_BY	Cholinesterase
Carvedilol	METABOLIZED_BY	Cytochrome P450 1A2
Carvedilol	METABOLIZED_BY	Cytochrome P450 2C9
Carvedilol	METABOLIZED_BY	Cytochrome P450 2D6
Carvedilol	METABOLIZED_BY	Cytochrome P450 2E1
Carvedilol	METABOLIZED_BY	Cytochrome P450 3A4
Carvedilol	METABOLIZED_BY	UDP-glucuronosyltransferase 1A1
Carvedilol	METABOLIZED_BY	UDP-glucuronosyltransferase 2B7
Sulfinpyrazone	METABOLIZED_BY	Cytochrome P450 2C8
Sulfinpyrazone	METABOLIZED_BY	Cytochrome P450 3A4
Micafungin	METABOLIZED_BY	Arylsulfatase A
Micafungin	METABOLIZED_BY	Catechol O-methyltransferase
Amifostine	METABOLIZED_BY	Alkaline phosphatase, tissue-nonspecific isozyme
Ademetionine	METABOLIZED_BY	Cytochrome P450 2E1
Ademetionine	METABOLIZED_BY	Thiopurine S-methyltransferase
Phenylalanine	METABOLIZED_BY	Phenylalanine--tRNA ligase, mitochondrial
Choline	METABOLIZED_BY	Choline O-acetyltransferase
Choline	METABOLIZED_BY	Choline/ethanolaminephosphotransferase 1
Choline	METABOLIZED_BY	Choline dehydrogenase, mitochondrial
Choline	METABOLIZED_BY	Choline kinase alpha
Choline	METABOLIZED_BY	Choline/ethanolamine kinase
Ascorbic acid	METABOLIZED_BY	Egl nine homolog 1
Ascorbic acid	METABOLIZED_BY	Prolyl 4-hydroxylase subunit alpha-1
Ascorbic acid	METABOLIZED_BY	Prolyl 4-hydroxylase subunit alpha-2
Ascorbic acid	METABOLIZED_BY	Prolyl 4-hydroxylase subunit alpha-3
Ascorbic acid	METABOLIZED_BY	Thiopurine S-methyltransferase
Spermine	METABOLIZED_BY	Peroxisomal N(1)-acetyl-spermine/spermidine oxidase
Spermine	METABOLIZED_BY	Spermine oxidase
Spermine	METABOLIZED_BY	Diamine acetyltransferase 1
Adenosine phosphate	METABOLIZED_BY	Adenine phosphoribosyltransferase
alpha-Linolenic acid	METABOLIZED_BY	Prostaglandin G/H synthase 1
alpha-Linolenic acid	METABOLIZED_BY	Prostaglandin G/H synthase 2
Methionine	METABOLIZED_BY	S-adenosylmethionine synthase isoform type-1
Methionine	METABOLIZED_BY	S-adenosylmethionine synthase isoform type-2
Methionine	METABOLIZED_BY	Mitochondrial peptide methionine sulfoxide reductase
Methionine	METABOLIZED_BY	Methionine-R-sulfoxide reductase B1
Methionine	METABOLIZED_BY	Methionine-R-sulfoxide reductase B2, mitochondrial
Methionine	METABOLIZED_BY	Methionine adenosyltransferase 2 subunit beta
Methionine	METABOLIZED_BY	Methionine--tRNA ligase, cytoplasmic
Methionine	METABOLIZED_BY	Methionine--tRNA ligase, mitochondrial
Calcitriol	METABOLIZED_BY	1,25-dihydroxyvitamin D(3) 24-hydroxylase, mitochondrial
Calcitriol	METABOLIZED_BY	Cytochrome P450 3A4
Calcitriol	METABOLIZED_BY	UDP-glucuronosyltransferase 1A4
Riboflavin	METABOLIZED_BY	Cytochrome P450 1A1
Riboflavin	METABOLIZED_BY	Tartrate-resistant acid phosphatase type 5
Riboflavin	METABOLIZED_BY	Lysophosphatidic acid phosphatase type 6
Riboflavin	METABOLIZED_BY	Prostatic acid phosphatase
Riboflavin	METABOLIZED_BY	Testicular acid phosphatase
Riboflavin	METABOLIZED_BY	Eosinophil peroxidase
Riboflavin	METABOLIZED_BY	2-phosphoxylose phosphatase 1
Glutathione	METABOLIZED_BY	Glutathione-specific gamma-glutamylcyclotransferase 2
Glutathione	METABOLIZED_BY	Glutathione hydrolase 5 proenzyme
Glutathione	METABOLIZED_BY	Glutathione peroxidase 6
Glutathione	METABOLIZED_BY	Glutathione S-transferase omega-1
Glutathione	METABOLIZED_BY	Glutathione S-transferase omega-2
Glycine	METABOLIZED_BY	Bile acid-CoA:amino acid N-acyltransferase
Glycine	METABOLIZED_BY	5-aminolevulinate synthase, erythroid-specific, mitochondrial
Calcifediol	METABOLIZED_BY	1,25-dihydroxyvitamin D(3) 24-hydroxylase, mitochondrial
Calcifediol	METABOLIZED_BY	25-hydroxyvitamin D-1 alpha hydroxylase, mitochondrial
Leucine	METABOLIZED_BY	Leucine--tRNA ligase, mitochondrial
Tryptophan	METABOLIZED_BY	Aromatic-L-amino-acid decarboxylase
Tryptophan	METABOLIZED_BY	Indoleamine 2,3-dioxygenase 1
Tryptophan	METABOLIZED_BY	Indoleamine 2,3-dioxygenase 2
Tryptophan	METABOLIZED_BY	Tryptophan 2,3-dioxygenase
Tryptophan	METABOLIZED_BY	Tryptophan 5-hydroxylase 1
Tryptophan	METABOLIZED_BY	Tryptophan 5-hydroxylase 2
Tryptophan	METABOLIZED_BY	Tryptophan--tRNA ligase, cytoplasmic
Tryptophan	METABOLIZED_BY	Tryptophan--tRNA ligase, mitochondrial
Ergocalciferol	METABOLIZED_BY	Cytochrome P450 2J2
Ergocalciferol	METABOLIZED_BY	Vitamin D 25-hydroxylase
Ergocalciferol	METABOLIZED_BY	Cytochrome P450 3A4
Dihomo-gamma-linolenic acid	METABOLIZED_BY	Prostaglandin G/H synthase 1
Dihomo-gamma-linolenic acid	METABOLIZED_BY	Prostaglandin G/H synthase 2
NADH	METABOLIZED_BY	Alcohol dehydrogenase 1A
NADH	METABOLIZED_BY	All-trans-retinol dehydrogenase [NAD(+)] ADH1B
NADH	METABOLIZED_BY	Alcohol dehydrogenase 6
NADH	METABOLIZED_BY	All-trans-retinol dehydrogenase [NAD(+)] ADH7
NADH	METABOLIZED_BY	Alcohol dehydrogenase class-3
NADH	METABOLIZED_BY	Aldo-keto reductase family 1 member A1
NADH	METABOLIZED_BY	3-hydroxyacyl-CoA dehydrogenase type-2
NADH	METABOLIZED_BY	NADH-cytochrome b5 reductase 3
NADH	METABOLIZED_BY	Retinol dehydrogenase 13
NADH	METABOLIZED_BY	Retinol dehydrogenase 14
Folic acid	METABOLIZED_BY	Cytochrome P450 2E1
Folic acid	METABOLIZED_BY	Dihydrofolate reductase
Folic acid	METABOLIZED_BY	Gamma-glutamyl hydrolase
Folic acid	METABOLIZED_BY	Methylenetetrahydrofolate reductase (NADPH)
Folic acid	METABOLIZED_BY	Methionine synthase reductase
Folic acid	METABOLIZED_BY	RNA cytidine acetyltransferase
Icosapent	METABOLIZED_BY	Prostaglandin G/H synthase 1
Icosapent	METABOLIZED_BY	Prostaglandin G/H synthase 2
Valine	METABOLIZED_BY	Branched-chain-amino-acid aminotransferase, cytosolic
Valine	METABOLIZED_BY	Propionyl-CoA carboxylase beta chain, mitochondrial
Valine	METABOLIZED_BY	Valine--tRNA ligase
Vitamin A	METABOLIZED_BY	Retinal dehydrogenase 2
Vitamin A	METABOLIZED_BY	Dehydrogenase/reductase SDR family member 9
Vitamin A	METABOLIZED_BY	Cytochrome P450 1A2
Vitamin A	METABOLIZED_BY	Cytochrome P450 1B1
Vitamin A	METABOLIZED_BY	Cytochrome P450 26A1
Vitamin A	METABOLIZED_BY	Cytochrome P450 2C8
Vitamin A	METABOLIZED_BY	Cytochrome P450 2E1
Vitamin A	METABOLIZED_BY	Cytochrome P450 2S1
Vitamin A	METABOLIZED_BY	Cytochrome P450 3A4
Vitamin A	METABOLIZED_BY	Retinol dehydrogenase 5
Vitamin E	METABOLIZED_BY	Cytochrome P450 3A4
Vitamin E	METABOLIZED_BY	Cytochrome P450 4F2
Pyridoxine	METABOLIZED_BY	Chronophin
Lipoic acid	METABOLIZED_BY	NADPH--cytochrome P450 reductase
Cholecalciferol	METABOLIZED_BY	Sterol 26-hydroxylase, mitochondrial
Cholecalciferol	METABOLIZED_BY	Cytochrome P450 2J2
Cholecalciferol	METABOLIZED_BY	Vitamin D 25-hydroxylase
Cholecalciferol	METABOLIZED_BY	Cytochrome P450 3A4
Menadione	METABOLIZED_BY	Carbonyl reductase [NADPH] 1
Menadione	METABOLIZED_BY	Carbonyl reductase [NADPH] 3
Menadione	METABOLIZED_BY	Aldehyde oxidase
Menadione	METABOLIZED_BY	Cytochrome P450 1A1
Menadione	METABOLIZED_BY	Cytochrome P450 1A2
Menadione	METABOLIZED_BY	Cytochrome P450 1B1
Menadione	METABOLIZED_BY	Cytochrome P450 2A6
Menadione	METABOLIZED_BY	Cytochrome P450 2B6
Menadione	METABOLIZED_BY	Cytochrome P450 2C8
Menadione	METABOLIZED_BY	Cytochrome P450 2C9
Menadione	METABOLIZED_BY	Cytochrome P450 2C19
Menadione	METABOLIZED_BY	Cytochrome P450 2D6
Menadione	METABOLIZED_BY	Cytochrome P450 2E1
Menadione	METABOLIZED_BY	Cytochrome P450 3A4
Menadione	METABOLIZED_BY	Cytochrome P450 3A5
Menadione	METABOLIZED_BY	Cytochrome P450 3A7
Menadione	METABOLIZED_BY	Methylenetetrahydrofolate reductase (NADPH)
Menadione	METABOLIZED_BY	Methionine synthase reductase
Menadione	METABOLIZED_BY	Quinone oxidoreductase
Menadione	METABOLIZED_BY	Sepiapterin reductase
Menadione	METABOLIZED_BY	Xanthine dehydrogenase/oxidase
Pravastatin	METABOLIZED_BY	Cytochrome P450 2C9
Pravastatin	METABOLIZED_BY	Cytochrome P450 3A4
Pravastatin	METABOLIZED_BY	Cytochrome P450 3A5
Valsartan	METABOLIZED_BY	Cytochrome P450 2C9
Flunisolide	METABOLIZED_BY	Cytochrome P450 3A4
Amphetamine	METABOLIZED_BY	Cytochrome P450 2D6
Pentagastrin	METABOLIZED_BY	Cholinesterase
Nicotine	METABOLIZED_BY	Cytochrome P450 1A1
Nicotine	METABOLIZED_BY	Cytochrome P450 1A2
Nicotine	METABOLIZED_BY	Cytochrome P450 2A6
Nicotine	METABOLIZED_BY	Cytochrome P450 2C8
Nicotine	METABOLIZED_BY	Cytochrome P450 2C9
Nicotine	METABOLIZED_BY	Cytochrome P450 2C19
Nicotine	METABOLIZED_BY	Cytochrome P450 2D6
Nicotine	METABOLIZED_BY	Cytochrome P450 2E1
Nicotine	METABOLIZED_BY	Cytochrome P450 3A4
Nicotine	METABOLIZED_BY	UDP-glucuronosyltransferase 1A1
Lorazepam	METABOLIZED_BY	UDP-glucuronosyltransferase 2B7
Lorazepam	METABOLIZED_BY	UDP-glucuronosyltransferase 2B15
Esmolol	METABOLIZED_BY	Cytochrome P450 2D6
Bortezomib	METABOLIZED_BY	Cytochrome P450 1A2
Bortezomib	METABOLIZED_BY	Cytochrome P450 2C9
Bortezomib	METABOLIZED_BY	Cytochrome P450 2C19
Bortezomib	METABOLIZED_BY	Cytochrome P450 2D6
Bortezomib	METABOLIZED_BY	Cytochrome P450 3A4
Ethchlorvynol	METABOLIZED_BY	Cytochrome P450 3A4
Phentermine	METABOLIZED_BY	Cytochrome P450 3A4
Vidarabine	METABOLIZED_BY	Adenosine deaminase
Betaxolol	METABOLIZED_BY	Cytochrome P450 1A2
Betaxolol	METABOLIZED_BY	Cytochrome P450 2D6
Fluconazole	METABOLIZED_BY	Cytochrome P450 2C9
Troglitazone	METABOLIZED_BY	Aromatase
Troglitazone	METABOLIZED_BY	Cytochrome P450 1A1
Troglitazone	METABOLIZED_BY	Cytochrome P450 2B6
Troglitazone	METABOLIZED_BY	Cytochrome P450 2C8
Troglitazone	METABOLIZED_BY	Cytochrome P450 2C9
Troglitazone	METABOLIZED_BY	Cytochrome P450 2C19
Troglitazone	METABOLIZED_BY	Cytochrome P450 3A4
Troglitazone	METABOLIZED_BY	Cytochrome P450 3A5
Troglitazone	METABOLIZED_BY	Cytochrome P450 3A7
Troglitazone	METABOLIZED_BY	UDP-glucuronosyltransferase 1A10
Troglitazone	METABOLIZED_BY	UDP-glucuronosyltransferase 1A1
Troglitazone	METABOLIZED_BY	UDP-glucuronosyltransferase 1A3
Troglitazone	METABOLIZED_BY	UDP-glucuronosyltransferase 1A4
Troglitazone	METABOLIZED_BY	UDP-glucuronosyltransferase 1A6
Troglitazone	METABOLIZED_BY	UDP-glucuronosyltransferase 1A7
Troglitazone	METABOLIZED_BY	UDP-glucuronosyltransferase 1A8
Troglitazone	METABOLIZED_BY	UDP-glucuronosyltransferase 1A9
Troglitazone	METABOLIZED_BY	UDP-glucuronosyltransferase 2B7
Troglitazone	METABOLIZED_BY	UDP-glucuronosyltransferase 2B15
Erythromycin	METABOLIZED_BY	Cytochrome P450 1A1
Erythromycin	METABOLIZED_BY	Cytochrome P450 1A2
Erythromycin	METABOLIZED_BY	Cytochrome P450 1B1
Erythromycin	METABOLIZED_BY	Cytochrome P450 3A4
Erythromycin	METABOLIZED_BY	Cytochrome P450 3A5
Erythromycin	METABOLIZED_BY	Cytochrome P450 3A7
Erythromycin	METABOLIZED_BY	Cytochrome P450 4F11
Caffeine	METABOLIZED_BY	Cytochrome P450 1A2
Caffeine	METABOLIZED_BY	Cytochrome P450 1B1
Caffeine	METABOLIZED_BY	Cytochrome P450 2C8
Caffeine	METABOLIZED_BY	Cytochrome P450 2C9
Caffeine	METABOLIZED_BY	Cytochrome P450 2D6
Caffeine	METABOLIZED_BY	Cytochrome P450 2E1
Caffeine	METABOLIZED_BY	Cytochrome P450 3A4
Caffeine	METABOLIZED_BY	RNA cytidine acetyltransferase
Dofetilide	METABOLIZED_BY	Cytochrome P450 3A4
Pyrimethamine	METABOLIZED_BY	Cytochrome P450 2C8
Reserpine	METABOLIZED_BY	Cytochrome P450 3A5
Azithromycin	METABOLIZED_BY	Cytochrome P450 3A4
Ticlopidine	METABOLIZED_BY	Cytochrome P450 2C19
Ticlopidine	METABOLIZED_BY	Cytochrome P450 2D6
Ticlopidine	METABOLIZED_BY	Myeloperoxidase
Trospium	METABOLIZED_BY	Cytochrome P450 2D6
Midodrine	METABOLIZED_BY	Cytochrome P450 2D6
Pantoprazole	METABOLIZED_BY	Cytochrome P450 1A2
Pantoprazole	METABOLIZED_BY	Cytochrome P450 2C19
Pantoprazole	METABOLIZED_BY	Cytochrome P450 3A4
Pantoprazole	METABOLIZED_BY	Sulfotransferase 1A1
Torasemide	METABOLIZED_BY	Cytochrome P450 2C8
Torasemide	METABOLIZED_BY	Cytochrome P450 2C9
Citalopram	METABOLIZED_BY	Cytochrome P450 2C19
Citalopram	METABOLIZED_BY	Cytochrome P450 2D6
Citalopram	METABOLIZED_BY	Cytochrome P450 2E1
Citalopram	METABOLIZED_BY	Cytochrome P450 3A4
Eletriptan	METABOLIZED_BY	Cytochrome P450 2C9
Eletriptan	METABOLIZED_BY	Cytochrome P450 2D6
Eletriptan	METABOLIZED_BY	Cytochrome P450 3A4
Eletriptan	METABOLIZED_BY	Prostaglandin G/H synthase 1
Moxifloxacin	METABOLIZED_BY	Cytochrome P450 1A2
Indinavir	METABOLIZED_BY	Cytochrome P450 2D6
Indinavir	METABOLIZED_BY	Cytochrome P450 3A4
Indinavir	METABOLIZED_BY	Cytochrome P450 3A5
Indinavir	METABOLIZED_BY	Cytochrome P450 3A7
Indinavir	METABOLIZED_BY	UDP-glucuronosyltransferase 1A1
Lovastatin	METABOLIZED_BY	Cytochrome P450 2C8
Lovastatin	METABOLIZED_BY	Cytochrome P450 2C19
Lovastatin	METABOLIZED_BY	Cytochrome P450 3A4
Lovastatin	METABOLIZED_BY	Serum paraoxonase/lactonase 3
Lovastatin	METABOLIZED_BY	UDP-glucuronosyltransferase 1A1
Lovastatin	METABOLIZED_BY	UDP-glucuronosyltransferase 1A3
Lovastatin	METABOLIZED_BY	UDP-glucuronosyltransferase 2B7
Enflurane	METABOLIZED_BY	Cytochrome P450 2E1
Enflurane	METABOLIZED_BY	Cytochrome P450 2F1
Temazepam	METABOLIZED_BY	Cytochrome P450 2C8
Temazepam	METABOLIZED_BY	Cytochrome P450 2C9
Temazepam	METABOLIZED_BY	Cytochrome P450 2C19
Temazepam	METABOLIZED_BY	Cytochrome P450 3A4
Aminosalicylic acid	METABOLIZED_BY	Arylamine N-acetyltransferase 2
Aminosalicylic acid	METABOLIZED_BY	Myeloperoxidase
Reboxetine	METABOLIZED_BY	Cytochrome P450 2D6
Reboxetine	METABOLIZED_BY	Cytochrome P450 3A4
Nevirapine	METABOLIZED_BY	Cytochrome P450 2A6
Nevirapine	METABOLIZED_BY	Cytochrome P450 2C9
Nevirapine	METABOLIZED_BY	Cytochrome P450 2D6
Nevirapine	METABOLIZED_BY	Cytochrome P450 3A4
Nevirapine	METABOLIZED_BY	Cytochrome P450 3A5
Nevirapine	METABOLIZED_BY	Cytochrome P450 3A7
Oxiconazole	METABOLIZED_BY	Cytochrome P450 2C19
Oxiconazole	METABOLIZED_BY	Cytochrome P450 3A4
Alclometasone	METABOLIZED_BY	Cytochrome P450 3A4
Cladribine	METABOLIZED_BY	Deoxycytidine kinase
Xanthine	METABOLIZED_BY	Cytochrome P450 1A2
Xanthine	METABOLIZED_BY	Xanthine dehydrogenase/oxidase
Ranolazine	METABOLIZED_BY	Cytochrome P450 2D6
Ranolazine	METABOLIZED_BY	Cytochrome P450 3A4
Mesalazine	METABOLIZED_BY	Arylamine N-acetyltransferase 1
Mesalazine	METABOLIZED_BY	Arylamine N-acetyltransferase 2
Mesalazine	METABOLIZED_BY	RNA cytidine acetyltransferase
Ziprasidone	METABOLIZED_BY	Aldehyde oxidase
Ziprasidone	METABOLIZED_BY	Cytochrome P450 3A4
Methysergide	METABOLIZED_BY	Cytochrome P450 3A4
Cabergoline	METABOLIZED_BY	Cytochrome P450 3A4
Dapsone	METABOLIZED_BY	Cytochrome P450 2C8
Dapsone	METABOLIZED_BY	Cytochrome P450 2C9
Dapsone	METABOLIZED_BY	Cytochrome P450 2C18
Dapsone	METABOLIZED_BY	Cytochrome P450 2C19
Dapsone	METABOLIZED_BY	Cytochrome P450 2E1
Dapsone	METABOLIZED_BY	Cytochrome P450 3A4
Dapsone	METABOLIZED_BY	Cytochrome P450 3A5
Dapsone	METABOLIZED_BY	Cytochrome P450 3A7
Dapsone	METABOLIZED_BY	Myeloperoxidase
Dapsone	METABOLIZED_BY	Prostaglandin G/H synthase 1
Dapsone	METABOLIZED_BY	Prostaglandin G/H synthase 2
Phenytoin	METABOLIZED_BY	Cytochrome P450 2C8
Phenytoin	METABOLIZED_BY	Cytochrome P450 2C9
Phenytoin	METABOLIZED_BY	Cytochrome P450 2C18
Phenytoin	METABOLIZED_BY	Cytochrome P450 2C19
Phenytoin	METABOLIZED_BY	Cytochrome P450 3A4
Phenytoin	METABOLIZED_BY	Cytochrome P450 3A5
Phenytoin	METABOLIZED_BY	Cytochrome P450 3A7
Phenytoin	METABOLIZED_BY	Glutathione S-transferase A1
Medrysone	METABOLIZED_BY	Cytochrome P450 3A4
Medrysone	METABOLIZED_BY	Cytochrome P450 3A5
Diethylstilbestrol	METABOLIZED_BY	Catechol O-methyltransferase
Diethylstilbestrol	METABOLIZED_BY	Aromatase
Diethylstilbestrol	METABOLIZED_BY	Cytochrome P450 2C8
Diethylstilbestrol	METABOLIZED_BY	Cytochrome P450 2C9
Diethylstilbestrol	METABOLIZED_BY	Cytochrome P450 2E1
Diethylstilbestrol	METABOLIZED_BY	Cytochrome P450 3A4
Clotrimazole	METABOLIZED_BY	Cytochrome P450 2A6
Clotrimazole	METABOLIZED_BY	Cytochrome P450 2B6
Clotrimazole	METABOLIZED_BY	Cytochrome P450 2C8
Clotrimazole	METABOLIZED_BY	Cytochrome P450 2C9
Clotrimazole	METABOLIZED_BY	Cytochrome P450 2D6
Clotrimazole	METABOLIZED_BY	Cytochrome P450 2E1
Clotrimazole	METABOLIZED_BY	Cytochrome P450 3A4
Clotrimazole	METABOLIZED_BY	Cytochrome P450 3A7
Cycloserine	METABOLIZED_BY	Aromatic-L-amino-acid decarboxylase
Anagrelide	METABOLIZED_BY	Cytochrome P450 1A2
Carmustine	METABOLIZED_BY	Cytochrome P450 1A2
Carmustine	METABOLIZED_BY	Glutathione S-transferase A1
Sulfisoxazole	METABOLIZED_BY	Cytochrome P450 2C9
Metoprolol	METABOLIZED_BY	Cytochrome P450 2C19
Metoprolol	METABOLIZED_BY	Cytochrome P450 2D6
Metoprolol	METABOLIZED_BY	Cytochrome P450 3A4
Dicoumarol	METABOLIZED_BY	Cytochrome P450 2C9
Ropinirole	METABOLIZED_BY	Cytochrome P450 1A2
Ropinirole	METABOLIZED_BY	Cytochrome P450 3A4
Chlorotrianisene	METABOLIZED_BY	Aromatase
Topiramate	METABOLIZED_BY	Cytochrome P450 3A4
Amsacrine	METABOLIZED_BY	Cytochrome P450 2D6
Theophylline	METABOLIZED_BY	Cytochrome P450 1A1
Theophylline	METABOLIZED_BY	Cytochrome P450 1A2
Theophylline	METABOLIZED_BY	Cytochrome P450 1B1
Theophylline	METABOLIZED_BY	Cytochrome P450 2D6
Theophylline	METABOLIZED_BY	Cytochrome P450 2E1
Theophylline	METABOLIZED_BY	Cytochrome P450 3A4
Argatroban	METABOLIZED_BY	Cytochrome P450 3A4
Argatroban	METABOLIZED_BY	Cytochrome P450 3A5
Liothyronine	METABOLIZED_BY	Sulfotransferase 1A1
Liothyronine	METABOLIZED_BY	UDP-glucuronosyltransferase 1A1
Disopyramide	METABOLIZED_BY	Cytochrome P450 1A2
Disopyramide	METABOLIZED_BY	Cytochrome P450 3A4
Lidocaine	METABOLIZED_BY	Cytochrome P450 1A2
Lidocaine	METABOLIZED_BY	Cytochrome P450 2A6
Lidocaine	METABOLIZED_BY	Cytochrome P450 2C8
Lidocaine	METABOLIZED_BY	Cytochrome P450 2C9
Lidocaine	METABOLIZED_BY	Cytochrome P450 2C18
Lidocaine	METABOLIZED_BY	Cytochrome P450 2D6
Lidocaine	METABOLIZED_BY	Cytochrome P450 3A4
Lidocaine	METABOLIZED_BY	Cytochrome P450 3A5
Lidocaine	METABOLIZED_BY	Cytochrome P450 3A7
Venlafaxine	METABOLIZED_BY	Cytochrome P450 2C9
Venlafaxine	METABOLIZED_BY	Cytochrome P450 2C19
Venlafaxine	METABOLIZED_BY	Cytochrome P450 2D6
Venlafaxine	METABOLIZED_BY	Cytochrome P450 3A4
Amcinonide	METABOLIZED_BY	Cytochrome P450 3A4
Amcinonide	METABOLIZED_BY	Cytochrome P450 3A5
Atomoxetine	METABOLIZED_BY	Cytochrome P450 2C19
Atomoxetine	METABOLIZED_BY	Cytochrome P450 2D6
Bleomycin	METABOLIZED_BY	Bleomycin hydrolase
Chlorambucil	METABOLIZED_BY	Hematopoietic prostaglandin D synthase
Chlorambucil	METABOLIZED_BY	Glutathione S-transferase theta-2
Chlorambucil	METABOLIZED_BY	Glutathione S-transferase A1
Chlorambucil	METABOLIZED_BY	Glutathione S-transferase A2
Chlorambucil	METABOLIZED_BY	Glutathione S-transferase Mu 1
Chlorambucil	METABOLIZED_BY	Glutathione S-transferase Mu 2
Chlorambucil	METABOLIZED_BY	Glutathione S-transferase Mu 3
Chlorambucil	METABOLIZED_BY	Glutathione S-transferase Mu 4
Chlorambucil	METABOLIZED_BY	Glutathione S-transferase Mu 5
Chlorambucil	METABOLIZED_BY	Glutathione S-transferase P
Chlorambucil	METABOLIZED_BY	Glutathione S-transferase theta-1
Chlorambucil	METABOLIZED_BY	Glutathione S-transferase theta-2B
Etomidate	METABOLIZED_BY	Cytochrome P450 11B1, mitochondrial
Etomidate	METABOLIZED_BY	Cytochrome P450 11B2, mitochondrial
Etonogestrel	METABOLIZED_BY	Cytochrome P450 3A4
Morphine	METABOLIZED_BY	Cytochrome P450 2C8
Morphine	METABOLIZED_BY	Cytochrome P450 2D6
Morphine	METABOLIZED_BY	Cytochrome P450 3A4
Morphine	METABOLIZED_BY	UDP-glucuronosyltransferase 1A1
Morphine	METABOLIZED_BY	UDP-glucuronosyltransferase 1A3
Morphine	METABOLIZED_BY	UDP-glucuronosyltransferase 2B7
Ropivacaine	METABOLIZED_BY	Cytochrome P450 1A2
Ropivacaine	METABOLIZED_BY	Cytochrome P450 2D6
Ropivacaine	METABOLIZED_BY	Cytochrome P450 3A4
Bupivacaine	METABOLIZED_BY	Cytochrome P450 2C19
Bupivacaine	METABOLIZED_BY	Cytochrome P450 2D6
Bupivacaine	METABOLIZED_BY	Cytochrome P450 3A4
Flucloxacillin	METABOLIZED_BY	Cytochrome P450 3A4
Desogestrel	METABOLIZED_BY	Cytochrome P450 2C9
Desogestrel	METABOLIZED_BY	Cytochrome P450 2C19
Desogestrel	METABOLIZED_BY	Cytochrome P450 3A4
Mitomycin	METABOLIZED_BY	NADPH--cytochrome P450 reductase
Bexarotene	METABOLIZED_BY	Cytochrome P450 2C8
Bexarotene	METABOLIZED_BY	Cytochrome P450 2C9
Bexarotene	METABOLIZED_BY	Cytochrome P450 3A4
Pentobarbital	METABOLIZED_BY	Cytochrome P450 2A6
Pentobarbital	METABOLIZED_BY	Cytochrome P450 2C19
Pentobarbital	METABOLIZED_BY	Cytochrome P450 3A4
Valproic acid	METABOLIZED_BY	Cytochrome P450 2A6
Valproic acid	METABOLIZED_BY	Cytochrome P450 2C9
Valproic acid	METABOLIZED_BY	Cytochrome P450 2C19
Valproic acid	METABOLIZED_BY	Cytochrome P450 3A5
Valproic acid	METABOLIZED_BY	Prostaglandin G/H synthase 1
Valproic acid	METABOLIZED_BY	UDP-glucuronosyltransferase 1A10
Valproic acid	METABOLIZED_BY	UDP-glucuronosyltransferase 1A1
Valproic acid	METABOLIZED_BY	UDP-glucuronosyltransferase 1A3
Valproic acid	METABOLIZED_BY	UDP-glucuronosyltransferase 1A6
Valproic acid	METABOLIZED_BY	UDP-glucuronosyltransferase 1A9
Valproic acid	METABOLIZED_BY	UDP-glucuronosyltransferase 2B7
Zolmitriptan	METABOLIZED_BY	Cytochrome P450 1A2
Acetaminophen	METABOLIZED_BY	Cytochrome P450 1A1
Acetaminophen	METABOLIZED_BY	Cytochrome P450 1A2
Acetaminophen	METABOLIZED_BY	Cytochrome P450 2A6
Acetaminophen	METABOLIZED_BY	Cytochrome P450 2C9
Acetaminophen	METABOLIZED_BY	Cytochrome P450 2D6
Acetaminophen	METABOLIZED_BY	Cytochrome P450 2E1
Acetaminophen	METABOLIZED_BY	Cytochrome P450 3A4
Acetaminophen	METABOLIZED_BY	Cytochrome P450 3A5
Acetaminophen	METABOLIZED_BY	Glutathione S-transferase A1
Acetaminophen	METABOLIZED_BY	Sulfotransferase 1A1
Acetaminophen	METABOLIZED_BY	UDP-glucuronosyltransferase 1A1
Acetaminophen	METABOLIZED_BY	UDP-glucuronosyltransferase 1A6
Acetaminophen	METABOLIZED_BY	UDP-glucuronosyltransferase 1A9
Acetaminophen	METABOLIZED_BY	UDP-glucuronosyltransferase 2B15
Gefitinib	METABOLIZED_BY	Cytochrome P450 2D6
Gefitinib	METABOLIZED_BY	Cytochrome P450 3A4
Gefitinib	METABOLIZED_BY	Cytochrome P450 3A5
Codeine	METABOLIZED_BY	Cytochrome P450 2D6
Codeine	METABOLIZED_BY	Cytochrome P450 3A4
Codeine	METABOLIZED_BY	Cytochrome P450 3A7
Codeine	METABOLIZED_BY	UDP-glucuronosyltransferase 1A1
Codeine	METABOLIZED_BY	UDP-glucuronosyltransferase 2B4
Codeine	METABOLIZED_BY	UDP-glucuronosyltransferase 2B7
Dihydroergotamine	METABOLIZED_BY	Cytochrome P450 3A4
Amitriptyline	METABOLIZED_BY	Cytochrome P450 1A2
Amitriptyline	METABOLIZED_BY	Cytochrome P450 2C8
Amitriptyline	METABOLIZED_BY	Cytochrome P450 2C9
Amitriptyline	METABOLIZED_BY	Cytochrome P450 2C19
Amitriptyline	METABOLIZED_BY	Cytochrome P450 2D6
Amitriptyline	METABOLIZED_BY	Cytochrome P450 2E1
Amitriptyline	METABOLIZED_BY	Cytochrome P450 3A4
Amitriptyline	METABOLIZED_BY	Cytochrome P450 3A5
Amitriptyline	METABOLIZED_BY	UDP-glucuronosyltransferase 1A1
Floxuridine	METABOLIZED_BY	Thymidine phosphorylase
Tolcapone	METABOLIZED_BY	Cytochrome P450 2C9
Fluorometholone	METABOLIZED_BY	Cytochrome P450 3A4
Fluorometholone	METABOLIZED_BY	Cytochrome P450 3A5
Hydromorphone	METABOLIZED_BY	Cytochrome P450 2C9
Hydromorphone	METABOLIZED_BY	Cytochrome P450 2D6
Hydromorphone	METABOLIZED_BY	Cytochrome P450 3A4
Hydromorphone	METABOLIZED_BY	UDP-glucuronosyltransferase 1A1
Hydromorphone	METABOLIZED_BY	UDP-glucuronosyltransferase 1A3
Hydromorphone	METABOLIZED_BY	UDP-glucuronosyltransferase 2B7
Indomethacin	METABOLIZED_BY	Cytochrome P450 2C9
Indomethacin	METABOLIZED_BY	Cytochrome P450 2C19
Indomethacin	METABOLIZED_BY	UDP-glucuronosyltransferase 1A1
Indomethacin	METABOLIZED_BY	UDP-glucuronosyltransferase 1A9
Indomethacin	METABOLIZED_BY	UDP-glucuronosyltransferase 2B7
Methadone	METABOLIZED_BY	Aromatase
Methadone	METABOLIZED_BY	Cytochrome P450 1A2
Methadone	METABOLIZED_BY	Cytochrome P450 2C8
Methadone	METABOLIZED_BY	Cytochrome P450 2C9
Methadone	METABOLIZED_BY	Cytochrome P450 2C18
Methadone	METABOLIZED_BY	Cytochrome P450 2C19
Methadone	METABOLIZED_BY	Cytochrome P450 2D6
Methadone	METABOLIZED_BY	Cytochrome P450 3A4
Methadone	METABOLIZED_BY	Cytochrome P450 3A7
Olanzapine	METABOLIZED_BY	Cytochrome P450 1A2
Olanzapine	METABOLIZED_BY	Cytochrome P450 2D6
Atenolol	METABOLIZED_BY	Cytochrome P450 2D6
Atenolol	METABOLIZED_BY	Cytochrome P450 3A4
Nitrofural	METABOLIZED_BY	Cytochrome P450 2D6
Nitrofural	METABOLIZED_BY	Xanthine dehydrogenase/oxidase
Pimecrolimus	METABOLIZED_BY	Cytochrome P450 3A4
Omeprazole	METABOLIZED_BY	Cytochrome P450 2C8
Omeprazole	METABOLIZED_BY	Cytochrome P450 2C9
Omeprazole	METABOLIZED_BY	Cytochrome P450 2C18
Omeprazole	METABOLIZED_BY	Cytochrome P450 2C19
Omeprazole	METABOLIZED_BY	Cytochrome P450 3A4
Omeprazole	METABOLIZED_BY	Cytochrome P450 3A5
Pyrazinamide	METABOLIZED_BY	Cytochrome P450 1A2
Pyrazinamide	METABOLIZED_BY	Cytochrome P450 3A4
Terfenadine	METABOLIZED_BY	Cytochrome P450 2C9
Terfenadine	METABOLIZED_BY	Cytochrome P450 2D6
Terfenadine	METABOLIZED_BY	Cytochrome P450 3A4
Terfenadine	METABOLIZED_BY	Cytochrome P450 3A5
Terfenadine	METABOLIZED_BY	Cytochrome P450 3A7
Diltiazem	METABOLIZED_BY	Cytochrome P450 2C8
Diltiazem	METABOLIZED_BY	Cytochrome P450 2C9
Diltiazem	METABOLIZED_BY	Cytochrome P450 2C19
Diltiazem	METABOLIZED_BY	Cytochrome P450 2D6
Diltiazem	METABOLIZED_BY	Cytochrome P450 3A4
Diltiazem	METABOLIZED_BY	Cytochrome P450 3A5
Diltiazem	METABOLIZED_BY	Cytochrome P450 3A7
Alfuzosin	METABOLIZED_BY	Cytochrome P450 3A4
Trimethadione	METABOLIZED_BY	Cytochrome P450 2C8
Trimethadione	METABOLIZED_BY	Cytochrome P450 2C9
Trimethadione	METABOLIZED_BY	Cytochrome P450 2C19
Trimethadione	METABOLIZED_BY	Cytochrome P450 2E1
Trimethadione	METABOLIZED_BY	Cytochrome P450 3A4
Clobazam	METABOLIZED_BY	Cytochrome P450 2C18
Clobazam	METABOLIZED_BY	Cytochrome P450 2C19
Clobazam	METABOLIZED_BY	Cytochrome P450 3A4
Minoxidil	METABOLIZED_BY	UDP-glucuronosyltransferase 1A1
Megestrol acetate	METABOLIZED_BY	Cytochrome P450 3A4
Tioguanine	METABOLIZED_BY	Hypoxanthine-guanine phosphoribosyltransferase
Tioguanine	METABOLIZED_BY	Thiopurine S-methyltransferase
Methylergometrine	METABOLIZED_BY	Cytochrome P450 3A4
Aztreonam	METABOLIZED_BY	Cytochrome P450 3A4
Aztreonam	METABOLIZED_BY	Cytochrome P450 3A5
Aztreonam	METABOLIZED_BY	Cytochrome P450 3A7
Chlorzoxazone	METABOLIZED_BY	Cytochrome P450 1A2
Chlorzoxazone	METABOLIZED_BY	Cytochrome P450 2A6
Chlorzoxazone	METABOLIZED_BY	Cytochrome P450 2D6
Chlorzoxazone	METABOLIZED_BY	Cytochrome P450 2E1
Chlorzoxazone	METABOLIZED_BY	Cytochrome P450 3A4
Aminoglutethimide	METABOLIZED_BY	Cytochrome P450 2C19
Aminoglutethimide	METABOLIZED_BY	Cytochrome P450 3A4
Mefloquine	METABOLIZED_BY	Cytochrome P450 3A4
Sulfadiazine	METABOLIZED_BY	Cytochrome P450 2C8
Sulfadiazine	METABOLIZED_BY	Cytochrome P450 2C9
Sulfadiazine	METABOLIZED_BY	Cytochrome P450 2E1
Sulfadiazine	METABOLIZED_BY	Cytochrome P450 3A4
Sulfadiazine	METABOLIZED_BY	RNA cytidine acetyltransferase
Sapropterin	METABOLIZED_BY	Tryptophan 5-hydroxylase 2
Vinorelbine	METABOLIZED_BY	Cytochrome P450 2D6
Vinorelbine	METABOLIZED_BY	Cytochrome P450 3A4
Clozapine	METABOLIZED_BY	Cytochrome P450 1A2
Clozapine	METABOLIZED_BY	Cytochrome P450 2A6
Clozapine	METABOLIZED_BY	Cytochrome P450 2C8
Clozapine	METABOLIZED_BY	Cytochrome P450 2C9
Clozapine	METABOLIZED_BY	Cytochrome P450 2C19
Clozapine	METABOLIZED_BY	Cytochrome P450 2D6
Clozapine	METABOLIZED_BY	Cytochrome P450 3A4
Grepafloxacin	METABOLIZED_BY	Cytochrome P450 1A2
Grepafloxacin	METABOLIZED_BY	Cytochrome P450 3A4
Cidofovir	METABOLIZED_BY	Thymidine phosphorylase
Mirtazapine	METABOLIZED_BY	Cytochrome P450 1A2
Mirtazapine	METABOLIZED_BY	Cytochrome P450 2C8
Mirtazapine	METABOLIZED_BY	Cytochrome P450 2C9
Mirtazapine	METABOLIZED_BY	Cytochrome P450 2D6
Mirtazapine	METABOLIZED_BY	Cytochrome P450 3A4
Meprobamate	METABOLIZED_BY	Cytochrome P450 2C19
Meprobamate	METABOLIZED_BY	Cytochrome P450 2E1
Meprobamate	METABOLIZED_BY	UDP-glucuronosyltransferase 1A1
Nefazodone	METABOLIZED_BY	Cytochrome P450 2D6
Nefazodone	METABOLIZED_BY	Cytochrome P450 3A4
Desipramine	METABOLIZED_BY	Cytochrome P450 1A2
Desipramine	METABOLIZED_BY	Cytochrome P450 2C19
Desipramine	METABOLIZED_BY	Cytochrome P450 2D6
Desipramine	METABOLIZED_BY	Cytochrome P450 3A4
Candicidin	METABOLIZED_BY	Cytochrome P450 3A4
Thiamylal	METABOLIZED_BY	Cytochrome P450 2C9
Thiamylal	METABOLIZED_BY	Cytochrome P450 2E1
Thiamylal	METABOLIZED_BY	Cytochrome P450 3A4
Bupropion	METABOLIZED_BY	Cytochrome P450 2C9
Bupropion	METABOLIZED_BY	Cytochrome P450 2D6
Bupropion	METABOLIZED_BY	Cytochrome P450 2E1
Halothane	METABOLIZED_BY	Cytochrome b5
Halothane	METABOLIZED_BY	Cytochrome P450 2A6
Halothane	METABOLIZED_BY	Cytochrome P450 2C9
Halothane	METABOLIZED_BY	Cytochrome P450 2D6
Halothane	METABOLIZED_BY	Cytochrome P450 2E1
Halothane	METABOLIZED_BY	Cytochrome P450 3A4
Ofloxacin	METABOLIZED_BY	Cytochrome P450 1A2
Cilostazol	METABOLIZED_BY	Cytochrome P450 1A2
Cilostazol	METABOLIZED_BY	Cytochrome P450 2C19
Cilostazol	METABOLIZED_BY	Cytochrome P450 2D6
Cilostazol	METABOLIZED_BY	Cytochrome P450 3A4
Cilostazol	METABOLIZED_BY	Cytochrome P450 3A5
Cilostazol	METABOLIZED_BY	Cytochrome P450 3A7
Itraconazole	METABOLIZED_BY	Cytochrome P450 3A4
Itraconazole	METABOLIZED_BY	UDP-glucuronosyltransferase 1A1
Procarbazine	METABOLIZED_BY	Cytochrome P450 1A1
Procarbazine	METABOLIZED_BY	Cytochrome P450 1A2
Procarbazine	METABOLIZED_BY	Cytochrome P450 1B1
Moclobemide	METABOLIZED_BY	Cytochrome P450 2C9
Moclobemide	METABOLIZED_BY	Cytochrome P450 2C19
Moclobemide	METABOLIZED_BY	Cytochrome P450 2D6
Phenobarbital	METABOLIZED_BY	Cytochrome P450 2C8
Phenobarbital	METABOLIZED_BY	Cytochrome P450 2C9
Phenobarbital	METABOLIZED_BY	Cytochrome P450 2C18
Phenobarbital	METABOLIZED_BY	Cytochrome P450 2C19
Phenobarbital	METABOLIZED_BY	Cytochrome P450 2E1
Phenobarbital	METABOLIZED_BY	Cytochrome P450 3A4
Phenobarbital	METABOLIZED_BY	Cytochrome P450 3A5
Phenobarbital	METABOLIZED_BY	Cytochrome P450 3A7
Escitalopram	METABOLIZED_BY	Cytochrome P450 2C19
Escitalopram	METABOLIZED_BY	Cytochrome P450 2D6
Escitalopram	METABOLIZED_BY	Cytochrome P450 3A4
Idarubicin	METABOLIZED_BY	Cytochrome P450 2C9
Idarubicin	METABOLIZED_BY	Cytochrome P450 2D6
Podofilox	METABOLIZED_BY	Cytochrome P450 2C19
Podofilox	METABOLIZED_BY	Cytochrome P450 3A4
Ifosfamide	METABOLIZED_BY	Cytochrome P450 2A6
Ifosfamide	METABOLIZED_BY	Cytochrome P450 2C8
Ifosfamide	METABOLIZED_BY	Cytochrome P450 2C9
Ifosfamide	METABOLIZED_BY	Cytochrome P450 2C18
Ifosfamide	METABOLIZED_BY	Cytochrome P450 2C19
Ifosfamide	METABOLIZED_BY	Cytochrome P450 3A4
Ifosfamide	METABOLIZED_BY	Cytochrome P450 3A5
Ifosfamide	METABOLIZED_BY	Cytochrome P450 3A7
Ifosfamide	METABOLIZED_BY	Prostaglandin G/H synthase 1
Propafenone	METABOLIZED_BY	Cytochrome P450 1A2
Propafenone	METABOLIZED_BY	Cytochrome P450 2D6
Propafenone	METABOLIZED_BY	Cytochrome P450 3A4
Domperidone	METABOLIZED_BY	Cytochrome P450 1A2
Domperidone	METABOLIZED_BY	Cytochrome P450 2C8
Domperidone	METABOLIZED_BY	Cytochrome P450 2D6
Domperidone	METABOLIZED_BY	Cytochrome P450 3A4
Domperidone	METABOLIZED_BY	Cytochrome P450 3A5
Domperidone	METABOLIZED_BY	Cytochrome P450 3A7
Fluoxymesterone	METABOLIZED_BY	Cytochrome P450 3A4
Pergolide	METABOLIZED_BY	Cytochrome P450 3A4
Clindamycin	METABOLIZED_BY	Cytochrome P450 3A4
Dexfenfluramine	METABOLIZED_BY	Cytochrome P450 1A2
Dexfenfluramine	METABOLIZED_BY	Cytochrome P450 2D6
Dexfenfluramine	METABOLIZED_BY	Cytochrome P450 2E1
Oxymorphone	METABOLIZED_BY	Cytochrome P450 2D6
Oxymorphone	METABOLIZED_BY	Cytochrome P450 3A4
Acebutolol	METABOLIZED_BY	Cytochrome P450 2D6
Brinzolamide	METABOLIZED_BY	Cytochrome P450 3A4
Flecainide	METABOLIZED_BY	Cytochrome P450 1A2
Flecainide	METABOLIZED_BY	Cytochrome P450 2D6
Estramustine	METABOLIZED_BY	Cytochrome P450 3A4
Captopril	METABOLIZED_BY	Cytochrome P450 2D6
Captopril	METABOLIZED_BY	Thiopurine S-methyltransferase
Zopiclone	METABOLIZED_BY	Cytochrome P450 2C8
Zopiclone	METABOLIZED_BY	Cytochrome P450 2C9
Zopiclone	METABOLIZED_BY	Cytochrome P450 2E1
Zopiclone	METABOLIZED_BY	Cytochrome P450 3A4
Zopiclone	METABOLIZED_BY	Prostaglandin G/H synthase 1
Tubocurarine	METABOLIZED_BY	Cholinesterase
Bromocriptine	METABOLIZED_BY	Cytochrome P450 3A4
Rifapentine	METABOLIZED_BY	Cytochrome P450 2B6
Rifapentine	METABOLIZED_BY	Cytochrome P450 2C8
Rifapentine	METABOLIZED_BY	Cytochrome P450 2C9
Rifapentine	METABOLIZED_BY	Cytochrome P450 2C19
Rifapentine	METABOLIZED_BY	Cytochrome P450 3A43
Rifapentine	METABOLIZED_BY	Cytochrome P450 3A4
Rifapentine	METABOLIZED_BY	Cytochrome P450 3A5
Rifapentine	METABOLIZED_BY	Cytochrome P450 3A7
Mitoxantrone	METABOLIZED_BY	Cytochrome P450 1B1
Mitoxantrone	METABOLIZED_BY	Cytochrome P450 2E1
Mitoxantrone	METABOLIZED_BY	Cytochrome P450 3A4
Lomustine	METABOLIZED_BY	Cytochrome P450 2D6
Lomustine	METABOLIZED_BY	Cytochrome P450 3A4
Sparfloxacin	METABOLIZED_BY	Cytochrome P450 1A2
Levobunolol	METABOLIZED_BY	Cytochrome P450 2D6
Clarithromycin	METABOLIZED_BY	Cytochrome P450 2C19
Clarithromycin	METABOLIZED_BY	Cytochrome P450 3A4
Clarithromycin	METABOLIZED_BY	Cytochrome P450 3A5
Ceftriaxone	METABOLIZED_BY	Glutamine synthetase
Fomepizole	METABOLIZED_BY	Cytochrome P450 2E1
Metipranolol	METABOLIZED_BY	Cytochrome P450 2D6
Estazolam	METABOLIZED_BY	Cytochrome P450 3A4
Finasteride	METABOLIZED_BY	Cytochrome P450 3A4
Finasteride	METABOLIZED_BY	Cytochrome P450 3A5
Finasteride	METABOLIZED_BY	Cytochrome P450 3A7
Anastrozole	METABOLIZED_BY	Cytochrome P450 2C8
Anastrozole	METABOLIZED_BY	Cytochrome P450 3A4
Anastrozole	METABOLIZED_BY	Cytochrome P450 3A5
Anastrozole	METABOLIZED_BY	UDP-glucuronosyltransferase 1A1
Anastrozole	METABOLIZED_BY	UDP-glucuronosyltransferase 1A3
Anastrozole	METABOLIZED_BY	UDP-glucuronosyltransferase 1A4
Anastrozole	METABOLIZED_BY	UDP-glucuronosyltransferase 2B7
Halofantrine	METABOLIZED_BY	Cytochrome P450 2C8
Halofantrine	METABOLIZED_BY	Cytochrome P450 2D6
Halofantrine	METABOLIZED_BY	Cytochrome P450 3A4
Halofantrine	METABOLIZED_BY	Cytochrome P450 3A5
Dantrolene	METABOLIZED_BY	Cytochrome P450 3A4
Rifaximin	METABOLIZED_BY	Cytochrome P450 2C8
Rifaximin	METABOLIZED_BY	Cytochrome P450 2C19
Rifaximin	METABOLIZED_BY	Cytochrome P450 3A4
Ketamine	METABOLIZED_BY	Cytochrome P450 2C9
Ketamine	METABOLIZED_BY	Cytochrome P450 3A4
Budesonide	METABOLIZED_BY	Cytochrome P450 3A4
Budesonide	METABOLIZED_BY	Sulfotransferase 1A1
Aminophylline	METABOLIZED_BY	Cytochrome P450 1A2
Aminophylline	METABOLIZED_BY	Cytochrome P450 2E1
Aminophylline	METABOLIZED_BY	Cytochrome P450 3A4
Quetiapine	METABOLIZED_BY	Cytochrome P450 2C19
Quetiapine	METABOLIZED_BY	Cytochrome P450 2D6
Quetiapine	METABOLIZED_BY	Cytochrome P450 3A4
Quetiapine	METABOLIZED_BY	Cytochrome P450 3A5
Quetiapine	METABOLIZED_BY	Cytochrome P450 3A7
Enoxaparin	METABOLIZED_BY	Myeloperoxidase
Mivacurium	METABOLIZED_BY	Cholinesterase
Encainide	METABOLIZED_BY	Cytochrome P450 2D6
Saquinavir	METABOLIZED_BY	Cytochrome P450 2D6
Saquinavir	METABOLIZED_BY	Cytochrome P450 3A4
Saquinavir	METABOLIZED_BY	Cytochrome P450 3A5
Saquinavir	METABOLIZED_BY	Cytochrome P450 3A7
Metoclopramide	METABOLIZED_BY	Cytochrome P450 1A2
Metoclopramide	METABOLIZED_BY	Cytochrome P450 2D6
Metoclopramide	METABOLIZED_BY	Cytochrome P450 3A4
Dexamethasone	METABOLIZED_BY	11-beta-hydroxysteroid dehydrogenase type 2
Dexamethasone	METABOLIZED_BY	Cytochrome P450 3A4
Dexamethasone	METABOLIZED_BY	Cytochrome P450 3A5
Dexamethasone	METABOLIZED_BY	Cytochrome P450 3A7
Dexamethasone	METABOLIZED_BY	Cocaine esterase
Levodopa	METABOLIZED_BY	Aromatic-L-amino-acid decarboxylase
Levodopa	METABOLIZED_BY	Cytochrome P450 2D6
Levodopa	METABOLIZED_BY	Thiopurine S-methyltransferase
Sevoflurane	METABOLIZED_BY	Cytochrome P450 2A6
Sevoflurane	METABOLIZED_BY	Cytochrome P450 2E1
Sevoflurane	METABOLIZED_BY	Cytochrome P450 3A4
Aripiprazole	METABOLIZED_BY	Cytochrome P450 2D6
Aripiprazole	METABOLIZED_BY	Cytochrome P450 3A4
Aripiprazole	METABOLIZED_BY	Cytochrome P450 3A5
Aripiprazole	METABOLIZED_BY	Cytochrome P450 3A7
Epoprostenol	METABOLIZED_BY	Cytochrome P450 2C9
Gemfibrozil	METABOLIZED_BY	Cytochrome P450 3A4
Gemfibrozil	METABOLIZED_BY	UDP-glucuronosyltransferase 1A1
Gemfibrozil	METABOLIZED_BY	UDP-glucuronosyltransferase 1A3
Gemfibrozil	METABOLIZED_BY	UDP-glucuronosyltransferase 1A9
Gemfibrozil	METABOLIZED_BY	UDP-glucuronosyltransferase 2B7
Bepridil	METABOLIZED_BY	Cytochrome P450 2D6
Bepridil	METABOLIZED_BY	Cytochrome P450 3A4
Decamethonium	METABOLIZED_BY	Cholinesterase
Docetaxel	METABOLIZED_BY	Cytochrome P450 3A4
Docetaxel	METABOLIZED_BY	Cytochrome P450 3A5
Docetaxel	METABOLIZED_BY	Cytochrome P450 3A7
Gliquidone	METABOLIZED_BY	Cytochrome P450 2C9
Mitiglinide	METABOLIZED_BY	UDP-glucuronosyltransferase 1A3
Mitiglinide	METABOLIZED_BY	UDP-glucuronosyltransferase 2B7
Ergometrine	METABOLIZED_BY	Cytochrome P450 3A4
Dasatinib	METABOLIZED_BY	Cytochrome P450 1A2
Dasatinib	METABOLIZED_BY	Cytochrome P450 3A4
Dasatinib	METABOLIZED_BY	Cytochrome P450 3A5
Dasatinib	METABOLIZED_BY	Flavin-containing monooxygenase 3
Lisdexamfetamine	METABOLIZED_BY	Cytochrome P450 2D6
Retapamulin	METABOLIZED_BY	Cytochrome P450 3A4
Lapatinib	METABOLIZED_BY	Cytochrome P450 2C8
Lapatinib	METABOLIZED_BY	Cytochrome P450 2C19
Lapatinib	METABOLIZED_BY	Cytochrome P450 3A4
Lapatinib	METABOLIZED_BY	Cytochrome P450 3A5
Desonide	METABOLIZED_BY	Cytochrome P450 3A4
Sitagliptin	METABOLIZED_BY	Cytochrome P450 2C8
Sitagliptin	METABOLIZED_BY	Cytochrome P450 3A4
Decitabine	METABOLIZED_BY	Cytidine deaminase
Posaconazole	METABOLIZED_BY	Cytochrome P450 3A4
Posaconazole	METABOLIZED_BY	UDP-glucuronosyltransferase 1A1
Darunavir	METABOLIZED_BY	Cytochrome P450 2D6
Darunavir	METABOLIZED_BY	Cytochrome P450 3A4
Paliperidone	METABOLIZED_BY	Cytochrome P450 2D6
Paliperidone	METABOLIZED_BY	Cytochrome P450 3A4
Paliperidone	METABOLIZED_BY	Cytochrome P450 3A5
Sunitinib	METABOLIZED_BY	Cytochrome P450 3A4
Sunitinib	METABOLIZED_BY	Cytochrome P450 3A5
Sunitinib	METABOLIZED_BY	Cytochrome P450 3A7
Arformoterol	METABOLIZED_BY	Cytochrome P450 2A6
Arformoterol	METABOLIZED_BY	Cytochrome P450 2C9
Arformoterol	METABOLIZED_BY	Cytochrome P450 2C19
Arformoterol	METABOLIZED_BY	Cytochrome P450 2D6
Hydralazine	METABOLIZED_BY	Arylamine N-acetyltransferase 1
Hydralazine	METABOLIZED_BY	Arylamine N-acetyltransferase 2
Hydralazine	METABOLIZED_BY	RNA cytidine acetyltransferase
Exenatide	METABOLIZED_BY	Dipeptidyl peptidase 4
Equilin	METABOLIZED_BY	Cytochrome P450 3A4
Pyridoxine phosphate	METABOLIZED_BY	Pyridoxine-5'-phosphate oxidase
(R)-N-methyl-N-2-propynyl-1-indanamine	METABOLIZED_BY	Amine oxidase [flavin-containing] B
5'-S-methyl-5'-thioadenosine	METABOLIZED_BY	S-methyl-5'-thioadenosine phosphorylase
Calcipotriol	METABOLIZED_BY	1,25-dihydroxyvitamin D(3) 24-hydroxylase, mitochondrial
Calcipotriol	METABOLIZED_BY	Myeloperoxidase
Timolol	METABOLIZED_BY	Cytochrome P450 2C19
Timolol	METABOLIZED_BY	Cytochrome P450 2D6
Treprostinil	METABOLIZED_BY	Cytochrome P450 2C8
Treprostinil	METABOLIZED_BY	Cytochrome P450 2C9
Palonosetron	METABOLIZED_BY	Cytochrome P450 1A2
Palonosetron	METABOLIZED_BY	Cytochrome P450 2D6
Palonosetron	METABOLIZED_BY	Cytochrome P450 3A4
Dydrogesterone	METABOLIZED_BY	Cytochrome P450 3A4
Mexiletine	METABOLIZED_BY	Cytochrome P450 1A2
Mexiletine	METABOLIZED_BY	Cytochrome P450 2D6
Mexiletine	METABOLIZED_BY	Cytochrome P450 2E1
Mexiletine	METABOLIZED_BY	Cytochrome P450 3A4
Dexrazoxane	METABOLIZED_BY	Dihydropyrimidinase-related protein 1
Amlodipine	METABOLIZED_BY	Cytochrome P450 3A4
Tacrine	METABOLIZED_BY	Cytochrome P450 1A2
Tacrine	METABOLIZED_BY	Glutathione S-transferase A1
Triamterene	METABOLIZED_BY	Cytochrome P450 1A2
Carbimazole	METABOLIZED_BY	Aromatase
Digoxin	METABOLIZED_BY	Cytochrome P450 3A4
Sulpiride	METABOLIZED_BY	Cholinesterase
Profenamine	METABOLIZED_BY	Cholinesterase
Nimodipine	METABOLIZED_BY	Cytochrome P450 3A4
Nimodipine	METABOLIZED_BY	Cytochrome P450 3A5
Carisoprodol	METABOLIZED_BY	Cytochrome P450 2C19
Progesterone	METABOLIZED_BY	Aldo-keto reductase family 1 member C1
Progesterone	METABOLIZED_BY	Cytochrome P450 1A1
Progesterone	METABOLIZED_BY	Cytochrome P450 1B1
Progesterone	METABOLIZED_BY	Steroid 21-hydroxylase
Progesterone	METABOLIZED_BY	Cytochrome P450 2A6
Progesterone	METABOLIZED_BY	Cytochrome P450 2C9
Progesterone	METABOLIZED_BY	Cytochrome P450 2C19
Progesterone	METABOLIZED_BY	Cytochrome P450 2D6
Progesterone	METABOLIZED_BY	Cytochrome P450 3A4
Progesterone	METABOLIZED_BY	Cytochrome P450 3A5
Progesterone	METABOLIZED_BY	Cytochrome P450 3A7
Progesterone	METABOLIZED_BY	Cholesterol 24-hydroxylase
Progesterone	METABOLIZED_BY	Cytochrome P450 4B1
Progesterone	METABOLIZED_BY	Glutathione S-transferase A1
Progesterone	METABOLIZED_BY	Sulfotransferase 1A1
Phenylpropanolamine	METABOLIZED_BY	Amine oxidase [flavin-containing] A
Sorafenib	METABOLIZED_BY	Cytochrome P450 1A2
Sorafenib	METABOLIZED_BY	Cytochrome P450 2C8
Sorafenib	METABOLIZED_BY	Cytochrome P450 3A4
Sorafenib	METABOLIZED_BY	Cytochrome P450 3A5
Sorafenib	METABOLIZED_BY	Cytochrome P450 3A7
Sorafenib	METABOLIZED_BY	UDP-glucuronosyltransferase 1A9
Griseofulvin	METABOLIZED_BY	Cytochrome P450 1A2
Nisoldipine	METABOLIZED_BY	Cytochrome P450 3A4
Nisoldipine	METABOLIZED_BY	Cytochrome P450 3A5
Nisoldipine	METABOLIZED_BY	Cytochrome P450 3A7
Eszopiclone	METABOLIZED_BY	Cytochrome P450 2C8
Eszopiclone	METABOLIZED_BY	Cytochrome P450 2E1
Eszopiclone	METABOLIZED_BY	Cytochrome P450 3A4
Alprazolam	METABOLIZED_BY	Cytochrome P450 2C9
Alprazolam	METABOLIZED_BY	Cytochrome P450 3A4
Alprazolam	METABOLIZED_BY	Cytochrome P450 3A5
Alprazolam	METABOLIZED_BY	Cytochrome P450 3A7
Loxapine	METABOLIZED_BY	Cytochrome P450 1A2
Loxapine	METABOLIZED_BY	Cytochrome P450 2D6
Loxapine	METABOLIZED_BY	Cytochrome P450 3A4
Remoxipride	METABOLIZED_BY	Cytochrome P450 2D6
Carbamoylcholine	METABOLIZED_BY	Acetylcholinesterase
Carbamoylcholine	METABOLIZED_BY	Cytosolic phospholipase A2
Rosiglitazone	METABOLIZED_BY	Cytochrome P450 2C8
Rosiglitazone	METABOLIZED_BY	Cytochrome P450 2C9
Rosiglitazone	METABOLIZED_BY	Cytochrome P450 3A4
Rosiglitazone	METABOLIZED_BY	Prostaglandin G/H synthase 1
Acetohexamide	METABOLIZED_BY	Short-chain dehydrogenase/reductase 3
Acetohexamide	METABOLIZED_BY	Cytochrome P450 2C9
Secobarbital	METABOLIZED_BY	Cytochrome P450 1A2
Secobarbital	METABOLIZED_BY	Cytochrome P450 2C8
Secobarbital	METABOLIZED_BY	Cytochrome P450 2C9
Secobarbital	METABOLIZED_BY	Cytochrome P450 2C19
Promazine	METABOLIZED_BY	Cytochrome P450 1A2
Promazine	METABOLIZED_BY	Cytochrome P450 2C9
Promazine	METABOLIZED_BY	Cytochrome P450 2C19
Promazine	METABOLIZED_BY	Cytochrome P450 3A4
Methylphenidate	METABOLIZED_BY	Liver carboxylesterase 1
Zolpidem	METABOLIZED_BY	Cytochrome P450 1A2
Zolpidem	METABOLIZED_BY	Cytochrome P450 2C9
Zolpidem	METABOLIZED_BY	Cytochrome P450 2C19
Zolpidem	METABOLIZED_BY	Cytochrome P450 2D6
Zolpidem	METABOLIZED_BY	Cytochrome P450 3A4
Zolpidem	METABOLIZED_BY	Cytochrome P450 3A5
Zolpidem	METABOLIZED_BY	Cytochrome P450 3A7
Famciclovir	METABOLIZED_BY	Cytochrome P450 3A4
Streptozocin	METABOLIZED_BY	Cytochrome P450 1A1
Streptozocin	METABOLIZED_BY	Cytochrome P450 1A2
Streptozocin	METABOLIZED_BY	Cytochrome P450 2E1
Trifluridine	METABOLIZED_BY	Thymidine phosphorylase
Prochlorperazine	METABOLIZED_BY	Cytochrome P450 2D6
Cyproheptadine	METABOLIZED_BY	UDP-glucuronosyltransferase 1A1
Cyproheptadine	METABOLIZED_BY	UDP-glucuronosyltransferase 1A3
Nelarabine	METABOLIZED_BY	Adenosine deaminase
Lumiracoxib	METABOLIZED_BY	Cytochrome P450 1A2
Lumiracoxib	METABOLIZED_BY	Cytochrome P450 2C9
Lumiracoxib	METABOLIZED_BY	Cytochrome P450 2C19
Lumiracoxib	METABOLIZED_BY	UDP-glucuronosyltransferase 1A9
Corticotropin	METABOLIZED_BY	3 beta-hydroxysteroid dehydrogenase/Delta 5-->4-isomerase type 2
Corticotropin	METABOLIZED_BY	1,25-dihydroxyvitamin D(3) 24-hydroxylase, mitochondrial
Corticotropin	METABOLIZED_BY	25-hydroxyvitamin D-1 alpha hydroxylase, mitochondrial
Corticotropin	METABOLIZED_BY	Cytochrome P450 3A4
Glisoxepide	METABOLIZED_BY	Cytochrome P450 2C9
Bevantolol	METABOLIZED_BY	Cytochrome P450 2D6
Glucosamine	METABOLIZED_BY	Cytochrome P450 2C19
Glucosamine	METABOLIZED_BY	Cytochrome P450 2E1
Practolol	METABOLIZED_BY	Cytochrome P450 2D6
Oxtriphylline	METABOLIZED_BY	Cytochrome P450 1A2
Insulin aspart	METABOLIZED_BY	Cytochrome P450 1A2
Insulin detemir	METABOLIZED_BY	Cytochrome P450 1A2
Insulin detemir	METABOLIZED_BY	Insulin-degrading enzyme
Insulin glulisine	METABOLIZED_BY	Cytochrome P450 1A2
Fosamprenavir	METABOLIZED_BY	Cytochrome P450 3A4
Fosphenytoin	METABOLIZED_BY	Cytochrome P450 2C9
Fosphenytoin	METABOLIZED_BY	Cytochrome P450 2C19
Fosphenytoin	METABOLIZED_BY	Cytochrome P450 3A4
St. John's Wort	METABOLIZED_BY	Cytochrome P450 2C19
St. John's Wort	METABOLIZED_BY	Cytochrome P450 2D6
St. John's Wort	METABOLIZED_BY	Cytochrome P450 3A4
Cefazolin	METABOLIZED_BY	Thiopurine S-methyltransferase
Cefradine	METABOLIZED_BY	Cytochrome P450 3A4
Pancuronium	METABOLIZED_BY	Cholinesterase
Pipecuronium	METABOLIZED_BY	Cholinesterase
Tasosartan	METABOLIZED_BY	Cytochrome P450 3A4
Aprobarbital	METABOLIZED_BY	Cytochrome P450 3A4
Hexobarbital	METABOLIZED_BY	Cytochrome P450 1A2
Hexobarbital	METABOLIZED_BY	Cytochrome P450 2C9
Hexobarbital	METABOLIZED_BY	Cytochrome P450 2C19
Hexobarbital	METABOLIZED_BY	Cytochrome P450 3A4
Hexobarbital	METABOLIZED_BY	Prostaglandin G/H synthase 1
Mestranol	METABOLIZED_BY	Cytochrome P450 2C8
Mestranol	METABOLIZED_BY	Cytochrome P450 2C9
Mestranol	METABOLIZED_BY	Cytochrome P450 3A4
Penbutolol	METABOLIZED_BY	Cytochrome P450 2D6
Ephedrine	METABOLIZED_BY	Sulfotransferase 1A1
Phenol	METABOLIZED_BY	Cytochrome P450 2E1
Phenol	METABOLIZED_BY	Cytochrome P450 2F1
Phenol	METABOLIZED_BY	UDP-glucuronosyltransferase 1A1
2-Methoxyestradiol	METABOLIZED_BY	Cytochrome P450 1A1
Beta-D-Glucose	METABOLIZED_BY	Pancreatic alpha-amylase
Namn	METABOLIZED_BY	Nicotinamide/nicotinic acid mononucleotide adenylyltransferase 2
Allopurinol	METABOLIZED_BY	RNA cytidine acetyltransferase
Cerivastatin	METABOLIZED_BY	Cytochrome P450 2C8
Cerivastatin	METABOLIZED_BY	Cytochrome P450 3A4
Cerivastatin	METABOLIZED_BY	Cytochrome P450 3A5
Cerivastatin	METABOLIZED_BY	Cytochrome P450 3A7
Cerivastatin	METABOLIZED_BY	UDP-glucuronosyltransferase 1A1
Cerivastatin	METABOLIZED_BY	UDP-glucuronosyltransferase 1A3
Trimethoprim	METABOLIZED_BY	Cytochrome P450 2C8
Trimethoprim	METABOLIZED_BY	Cytochrome P450 2C9
Trimethoprim	METABOLIZED_BY	Cytochrome P450 3A4
Gemcitabine	METABOLIZED_BY	Cytidine deaminase
Gemcitabine	METABOLIZED_BY	UMP-CMP kinase
Betamethasone	METABOLIZED_BY	Aromatase
Betamethasone	METABOLIZED_BY	Cytochrome P450 1B1
Betamethasone	METABOLIZED_BY	Cytochrome P450 2A6
Betamethasone	METABOLIZED_BY	Cytochrome P450 2B6
Betamethasone	METABOLIZED_BY	Cytochrome P450 2C8
Betamethasone	METABOLIZED_BY	Cytochrome P450 2C9
Betamethasone	METABOLIZED_BY	Cytochrome P450 2C19
Betamethasone	METABOLIZED_BY	Cytochrome P450 3A4
Betamethasone	METABOLIZED_BY	Cytochrome P450 3A5
Betamethasone	METABOLIZED_BY	Cytochrome P450 3A7
Teniposide	METABOLIZED_BY	Cytochrome P450 2C19
Teniposide	METABOLIZED_BY	Cytochrome P450 3A4
Teniposide	METABOLIZED_BY	Cytochrome P450 3A5
Epirubicin	METABOLIZED_BY	Cytosolic phospholipase A2
Epirubicin	METABOLIZED_BY	UDP-glucuronosyltransferase 2B7
Chloramphenicol	METABOLIZED_BY	Cytochrome P450 2C19
Levothyroxine	METABOLIZED_BY	Cytochrome P450 3A4
Levothyroxine	METABOLIZED_BY	Sulfotransferase 1A1
Levothyroxine	METABOLIZED_BY	UDP-glucuronosyltransferase 1A1
Meperidine	METABOLIZED_BY	Cytochrome P450 1A2
Meperidine	METABOLIZED_BY	Cytochrome P450 2B6
Meperidine	METABOLIZED_BY	Cytochrome P450 2C19
Meperidine	METABOLIZED_BY	Cytochrome P450 2D6
Meperidine	METABOLIZED_BY	Cytochrome P450 3A4
Loratadine	METABOLIZED_BY	Cytochrome P450 1A2
Loratadine	METABOLIZED_BY	Cytochrome P450 2C8
Loratadine	METABOLIZED_BY	Cytochrome P450 2C9
Loratadine	METABOLIZED_BY	Cytochrome P450 2C19
Loratadine	METABOLIZED_BY	Cytochrome P450 2D6
Loratadine	METABOLIZED_BY	Cytochrome P450 3A4
Loratadine	METABOLIZED_BY	Cytochrome P450 3A5
Prazosin	METABOLIZED_BY	Cytochrome P450 1A1
Imipramine	METABOLIZED_BY	Cytochrome P450 1A2
Imipramine	METABOLIZED_BY	Cytochrome P450 2C18
Imipramine	METABOLIZED_BY	Cytochrome P450 2C19
Imipramine	METABOLIZED_BY	Cytochrome P450 2D6
Imipramine	METABOLIZED_BY	Cytochrome P450 3A4
Imipramine	METABOLIZED_BY	Cytochrome P450 3A7
Imipramine	METABOLIZED_BY	Cytochrome P450 4F11
Imipramine	METABOLIZED_BY	UDP-glucuronosyltransferase 1A1
Nabumetone	METABOLIZED_BY	Aldo-keto reductase family 1 member C1
Nabumetone	METABOLIZED_BY	Aldo-keto reductase family 1 member C4
Nabumetone	METABOLIZED_BY	11-beta-hydroxysteroid dehydrogenase 1
Nabumetone	METABOLIZED_BY	Cytochrome P450 1A2
Nabumetone	METABOLIZED_BY	Cytochrome P450 2C9
Ketorolac	METABOLIZED_BY	Cytochrome P450 2C8
Ketorolac	METABOLIZED_BY	UDP-glucuronosyltransferase 2B7
Picrotoxin	METABOLIZED_BY	Cytochrome P450 1A1
Picrotoxin	METABOLIZED_BY	Glutamine synthetase
Enoxacin	METABOLIZED_BY	Cytochrome P450 1A2
Quinine	METABOLIZED_BY	Cytochrome P450 1A2
Quinine	METABOLIZED_BY	Cytochrome P450 2C8
Quinine	METABOLIZED_BY	Cytochrome P450 2C9
Quinine	METABOLIZED_BY	Cytochrome P450 2C19
Quinine	METABOLIZED_BY	Cytochrome P450 2D6
Quinine	METABOLIZED_BY	Cytochrome P450 3A4
Quinine	METABOLIZED_BY	Cytochrome P450 3A5
Quinine	METABOLIZED_BY	Cytochrome P450 3A7
Tenoxicam	METABOLIZED_BY	Cytochrome P450 2C9
Dronabinol	METABOLIZED_BY	Cytochrome P450 1A1
Dronabinol	METABOLIZED_BY	Cytochrome P450 2A6
Dronabinol	METABOLIZED_BY	Cytochrome P450 2C9
Dronabinol	METABOLIZED_BY	Cytochrome P450 2C19
Dronabinol	METABOLIZED_BY	Cytochrome P450 3A4
Dronabinol	METABOLIZED_BY	Prostaglandin G/H synthase 1
Montelukast	METABOLIZED_BY	Cytochrome P450 2A6
Montelukast	METABOLIZED_BY	Cytochrome P450 2C8
Montelukast	METABOLIZED_BY	Cytochrome P450 2C9
Montelukast	METABOLIZED_BY	Cytochrome P450 3A4
Fluoxetine	METABOLIZED_BY	Cytochrome P450 1A2
Fluoxetine	METABOLIZED_BY	Cytochrome P450 2C9
Fluoxetine	METABOLIZED_BY	Cytochrome P450 2C19
Fluoxetine	METABOLIZED_BY	Cytochrome P450 2D6
Fluoxetine	METABOLIZED_BY	Cytochrome P450 2E1
Fluoxetine	METABOLIZED_BY	Cytochrome P450 3A4
Fluoxetine	METABOLIZED_BY	Cytochrome P450 3A5
Chlordiazepoxide	METABOLIZED_BY	Cytochrome P450 3A4
Duloxetine	METABOLIZED_BY	Cytochrome P450 1A2
Duloxetine	METABOLIZED_BY	Cytochrome P450 2C9
Duloxetine	METABOLIZED_BY	Cytochrome P450 2D6
Chlorpromazine	METABOLIZED_BY	Cytochrome P450 1A2
Chlorpromazine	METABOLIZED_BY	Cytochrome P450 2D6
Chlorpromazine	METABOLIZED_BY	Cytochrome P450 3A4
Chlorpromazine	METABOLIZED_BY	Cytochrome P450 4F11
Raloxifene	METABOLIZED_BY	Cytochrome P450 3A4
Raloxifene	METABOLIZED_BY	UDP-glucuronosyltransferase 1A10
Raloxifene	METABOLIZED_BY	UDP-glucuronosyltransferase 1A1
Celecoxib	METABOLIZED_BY	Cytochrome P450 2C8
Celecoxib	METABOLIZED_BY	Cytochrome P450 2C9
Celecoxib	METABOLIZED_BY	Cytochrome P450 2D6
Celecoxib	METABOLIZED_BY	Cytochrome P450 3A4
Celecoxib	METABOLIZED_BY	Sulfotransferase 1A1
Dicloxacillin	METABOLIZED_BY	Cytochrome P450 3A4
Nabilone	METABOLIZED_BY	Cytochrome P450 2C8
Nabilone	METABOLIZED_BY	Cytochrome P450 2C9
Nabilone	METABOLIZED_BY	Cytochrome P450 2E1
Nabilone	METABOLIZED_BY	Cytochrome P450 2J2
Nabilone	METABOLIZED_BY	Cytochrome P450 3A4
Sotalol	METABOLIZED_BY	Cytochrome P450 2D6
Buspirone	METABOLIZED_BY	Cytochrome P450 2D6
Buspirone	METABOLIZED_BY	Cytochrome P450 3A4
Buspirone	METABOLIZED_BY	Cytochrome P450 3A5
Buspirone	METABOLIZED_BY	Cytochrome P450 3A7
Miglitol	METABOLIZED_BY	Pancreatic alpha-amylase
Entacapone	METABOLIZED_BY	Catechol O-methyltransferase
Entacapone	METABOLIZED_BY	Cytochrome P450 2D6
Entacapone	METABOLIZED_BY	UDP-glucuronosyltransferase 1A9
Zidovudine	METABOLIZED_BY	Cytochrome P450 2A6
Zidovudine	METABOLIZED_BY	Cytochrome P450 2C8
Zidovudine	METABOLIZED_BY	Cytochrome P450 2C9
Zidovudine	METABOLIZED_BY	Cytochrome P450 2C19
Zidovudine	METABOLIZED_BY	Cytochrome P450 3A4
Zidovudine	METABOLIZED_BY	UDP-glucuronosyltransferase 1A1
Zidovudine	METABOLIZED_BY	UDP-glucuronosyltransferase 2B7
Darifenacin	METABOLIZED_BY	Cytochrome P450 2D6
Darifenacin	METABOLIZED_BY	Cytochrome P450 3A4
Flutamide	METABOLIZED_BY	Cytochrome P450 1A1
Flutamide	METABOLIZED_BY	Cytochrome P450 1A2
Flutamide	METABOLIZED_BY	Cytochrome P450 1B1
Flutamide	METABOLIZED_BY	Cytochrome P450 2C19
Flutamide	METABOLIZED_BY	Cytochrome P450 3A4
Flutamide	METABOLIZED_BY	Cytochrome P450 3A5
Haloperidol	METABOLIZED_BY	Cytochrome P450 1A1
Haloperidol	METABOLIZED_BY	Cytochrome P450 1A2
Haloperidol	METABOLIZED_BY	Cytochrome P450 2C9
Haloperidol	METABOLIZED_BY	Cytochrome P450 2C19
Haloperidol	METABOLIZED_BY	Cytochrome P450 2D6
Haloperidol	METABOLIZED_BY	Cytochrome P450 3A4
Haloperidol	METABOLIZED_BY	Cytochrome P450 3A5
Haloperidol	METABOLIZED_BY	Cytochrome P450 3A7
Haloperidol	METABOLIZED_BY	UDP-glucuronosyltransferase 1A9
Ritonavir	METABOLIZED_BY	Cytochrome P450 2D6
Ritonavir	METABOLIZED_BY	Cytochrome P450 3A4
Ritonavir	METABOLIZED_BY	Cytochrome P450 3A5
Ritonavir	METABOLIZED_BY	Cytochrome P450 3A7
Triflupromazine	METABOLIZED_BY	Cholinesterase
Dextromethorphan	METABOLIZED_BY	Cytochrome P450 2C9
Dextromethorphan	METABOLIZED_BY	Cytochrome P450 2C19
Dextromethorphan	METABOLIZED_BY	Cytochrome P450 2D6
Dextromethorphan	METABOLIZED_BY	Cytochrome P450 3A4
Dextromethorphan	METABOLIZED_BY	Cytochrome P450 3A5
Dextromethorphan	METABOLIZED_BY	Cytochrome P450 3A7
Dextromethorphan	METABOLIZED_BY	Cholesterol 24-hydroxylase
Cisplatin	METABOLIZED_BY	Cytochrome P450 2B6
Cisplatin	METABOLIZED_BY	Cytochrome P450 2C9
Cisplatin	METABOLIZED_BY	Cytochrome P450 2E1
Cisplatin	METABOLIZED_BY	Cytochrome P450 4A11
Cisplatin	METABOLIZED_BY	Cholinesterase
Cisplatin	METABOLIZED_BY	Metallothionein-1A
Cisplatin	METABOLIZED_BY	Metallothionein-2
Cisplatin	METABOLIZED_BY	NAD(P)H dehydrogenase [quinone] 1
Cisplatin	METABOLIZED_BY	Myeloperoxidase
Cisplatin	METABOLIZED_BY	Prostaglandin G/H synthase 2
Cisplatin	METABOLIZED_BY	Superoxide dismutase [Cu-Zn]
Cisplatin	METABOLIZED_BY	Glutathione S-transferase A1
Cisplatin	METABOLIZED_BY	Glutathione S-transferase A4
Cisplatin	METABOLIZED_BY	Glutathione S-transferase Mu 1
Cisplatin	METABOLIZED_BY	Glutathione S-transferase P
Cisplatin	METABOLIZED_BY	Glutathione S-transferase theta-1
Cisplatin	METABOLIZED_BY	Xanthine dehydrogenase/oxidase
Albendazole	METABOLIZED_BY	Cytochrome P450 1A2
Albendazole	METABOLIZED_BY	Cytochrome P450 2C19
Albendazole	METABOLIZED_BY	Cytochrome P450 3A4
Caspofungin	METABOLIZED_BY	Cytochrome P450 3A4
Carteolol	METABOLIZED_BY	Cytochrome P450 2D6
Alitretinoin	METABOLIZED_BY	Cytochrome P450 3A4
Lercanidipine	METABOLIZED_BY	Cytochrome P450 2D6
Lercanidipine	METABOLIZED_BY	Cytochrome P450 3A4
Lercanidipine	METABOLIZED_BY	Cytochrome P450 3A5
Lercanidipine	METABOLIZED_BY	Cytochrome P450 3A7
Erlotinib	METABOLIZED_BY	Cytochrome P450 1A2
Erlotinib	METABOLIZED_BY	Cytochrome P450 2D6
Erlotinib	METABOLIZED_BY	Cytochrome P450 3A4
Erlotinib	METABOLIZED_BY	Cytochrome P450 3A5
Cyclophosphamide	METABOLIZED_BY	Cytochrome P450 2A6
Cyclophosphamide	METABOLIZED_BY	Cytochrome P450 2C8
Cyclophosphamide	METABOLIZED_BY	Cytochrome P450 2C9
Cyclophosphamide	METABOLIZED_BY	Cytochrome P450 2C18
Cyclophosphamide	METABOLIZED_BY	Cytochrome P450 2C19
Cyclophosphamide	METABOLIZED_BY	Cytochrome P450 3A4
Cyclophosphamide	METABOLIZED_BY	Cytochrome P450 3A7
Mephenytoin	METABOLIZED_BY	Cytochrome P450 1A2
Mephenytoin	METABOLIZED_BY	Cytochrome P450 2C8
Mephenytoin	METABOLIZED_BY	Cytochrome P450 2C9
Mephenytoin	METABOLIZED_BY	Cytochrome P450 2C18
Mephenytoin	METABOLIZED_BY	Cytochrome P450 2C19
Mephenytoin	METABOLIZED_BY	Cytochrome P450 2D6
Mephenytoin	METABOLIZED_BY	Cytochrome P450 3A4
Mephenytoin	METABOLIZED_BY	Cytochrome P450 3A5
Rofecoxib	METABOLIZED_BY	Cytochrome P450 1A2
Rofecoxib	METABOLIZED_BY	Cytochrome P450 2C8
Rofecoxib	METABOLIZED_BY	Cytochrome P450 2C9
Rofecoxib	METABOLIZED_BY	Cytochrome P450 3A4
Rofecoxib	METABOLIZED_BY	Prostaglandin G/H synthase 1
Toremifene	METABOLIZED_BY	Cytochrome P450 1A1
Toremifene	METABOLIZED_BY	Cytochrome P450 3A4
Nortriptyline	METABOLIZED_BY	Cytochrome P450 1A2
Nortriptyline	METABOLIZED_BY	Cytochrome P450 2C19
Nortriptyline	METABOLIZED_BY	Cytochrome P450 2D6
Nortriptyline	METABOLIZED_BY	Cytochrome P450 3A4
Nortriptyline	METABOLIZED_BY	Cytochrome P450 3A5
Nortriptyline	METABOLIZED_BY	Prostaglandin G/H synthase 1
Benazepril	METABOLIZED_BY	Methylenetetrahydrofolate reductase (NADPH)
Amoxapine	METABOLIZED_BY	Cytochrome P450 2D6
Fluorouracil	METABOLIZED_BY	Cytochrome P450 1A2
Fluorouracil	METABOLIZED_BY	Cytochrome P450 2A6
Fluorouracil	METABOLIZED_BY	Cytochrome P450 2C8
Fluorouracil	METABOLIZED_BY	Dihydropyrimidine dehydrogenase [NADP(+)]
Fluorouracil	METABOLIZED_BY	Methylenetetrahydrofolate reductase (NADPH)
Fluorouracil	METABOLIZED_BY	Amidophosphoribosyltransferase
Fluorouracil	METABOLIZED_BY	Thymidine phosphorylase
Fluorouracil	METABOLIZED_BY	Thymidylate synthase
Fluorouracil	METABOLIZED_BY	Uridine 5'-monophosphate synthase
Fluorouracil	METABOLIZED_BY	Uridine phosphorylase 1
Fluorouracil	METABOLIZED_BY	Uridine phosphorylase 2
Fluorouracil	METABOLIZED_BY	Uracil phosphoribosyltransferase homolog
Adinazolam	METABOLIZED_BY	Cytochrome P450 2C19
Adinazolam	METABOLIZED_BY	Cytochrome P450 3A4
Zafirlukast	METABOLIZED_BY	Cytochrome P450 2C8
Zafirlukast	METABOLIZED_BY	Cytochrome P450 2C9
Zafirlukast	METABOLIZED_BY	Cytochrome P450 3A4
Zafirlukast	METABOLIZED_BY	Prostaglandin G/H synthase 1
Propylthiouracil	METABOLIZED_BY	Cytochrome P450 1A1
Propylthiouracil	METABOLIZED_BY	Dopamine beta-hydroxylase
Propylthiouracil	METABOLIZED_BY	Myeloperoxidase
Methoxsalen	METABOLIZED_BY	Cytochrome P450 1A1
Methoxsalen	METABOLIZED_BY	Cytochrome P450 1A2
Methoxsalen	METABOLIZED_BY	Cytochrome P450 2A6
Methoxsalen	METABOLIZED_BY	Cytochrome P450 2A13
Methoxsalen	METABOLIZED_BY	Cytochrome P450 3A4
Piroxicam	METABOLIZED_BY	Cytochrome P450 2C8
Piroxicam	METABOLIZED_BY	Cytochrome P450 2C9
Lamotrigine	METABOLIZED_BY	UDP-glucuronosyltransferase 1A1
Lamotrigine	METABOLIZED_BY	UDP-glucuronosyltransferase 1A3
Lamotrigine	METABOLIZED_BY	UDP-glucuronosyltransferase 1A4
Hydroxyzine	METABOLIZED_BY	Cytochrome P450 3A4
Hydroxyzine	METABOLIZED_BY	Cytochrome P450 3A5
Bosentan	METABOLIZED_BY	Cytochrome P450 2C9
Bosentan	METABOLIZED_BY	Cytochrome P450 3A4
Doxapram	METABOLIZED_BY	Cytochrome P450 3A4
Doxapram	METABOLIZED_BY	Cytochrome P450 3A5
Methotrexate	METABOLIZED_BY	Folylpolyglutamate synthase, mitochondrial
Methotrexate	METABOLIZED_BY	Glutamate carboxypeptidase 2
Methotrexate	METABOLIZED_BY	Dihydrofolate reductase
Methotrexate	METABOLIZED_BY	Gamma-glutamyl hydrolase
Methotrexate	METABOLIZED_BY	Methylenetetrahydrofolate reductase (NADPH)
Methotrexate	METABOLIZED_BY	Thiopurine S-methyltransferase
Methotrexate	METABOLIZED_BY	Thymidylate synthase
Carbamazepine	METABOLIZED_BY	Cytochrome P450 1A2
Carbamazepine	METABOLIZED_BY	Cytochrome P450 2C8
Carbamazepine	METABOLIZED_BY	Cytochrome P450 3A4
Carbamazepine	METABOLIZED_BY	Cytochrome P450 3A5
Carbamazepine	METABOLIZED_BY	Cytochrome P450 3A7
Carbamazepine	METABOLIZED_BY	Epoxide hydrolase 1
Carbamazepine	METABOLIZED_BY	UDP-glucuronosyltransferase 2B7
2-Hydroxyethyl Disulfide	METABOLIZED_BY	Glutathione S-transferase A1
9-Methylguanine	METABOLIZED_BY	Cytochrome P450 1A2
Farnesol	METABOLIZED_BY	Amine oxidase [flavin-containing] B
Ditiocarb	METABOLIZED_BY	Cytochrome P450 2E1
Ditiocarb	METABOLIZED_BY	Cytochrome P450 3A4
Ditiocarb	METABOLIZED_BY	Cytochrome P450 3A5
Rasagiline	METABOLIZED_BY	Cytochrome P450 1A2
Quinupristin	METABOLIZED_BY	Cytochrome P450 3A4
Cortisone acetate	METABOLIZED_BY	11-beta-hydroxysteroid dehydrogenase 1
Cortisone acetate	METABOLIZED_BY	11-beta-hydroxysteroid dehydrogenase type 2
Cortisone acetate	METABOLIZED_BY	Dehydrogenase/reductase SDR family member 7
Cortisone acetate	METABOLIZED_BY	Cytochrome P450 3A4
Cortisone acetate	METABOLIZED_BY	Cytochrome P450 3A5
Cortisone acetate	METABOLIZED_BY	Cytochrome P450 3A7
Paramethasone	METABOLIZED_BY	Cytochrome P450 3A4
Paramethasone	METABOLIZED_BY	Cytochrome P450 3A5
Mibefradil	METABOLIZED_BY	Cytochrome P450 11B1, mitochondrial
Mibefradil	METABOLIZED_BY	Cytochrome P450 11B2, mitochondrial
Mibefradil	METABOLIZED_BY	Cytochrome P450 1A2
Mibefradil	METABOLIZED_BY	Cytochrome P450 2D6
Mibefradil	METABOLIZED_BY	Cytochrome P450 3A4
Mibefradil	METABOLIZED_BY	Cytochrome P450 3A5
Mibefradil	METABOLIZED_BY	Cytochrome P450 3A7
Yohimbine	METABOLIZED_BY	Cytochrome P450 2D6
Yohimbine	METABOLIZED_BY	Cytochrome P450 3A4
Bezafibrate	METABOLIZED_BY	Cytochrome P450 1A1
Bezafibrate	METABOLIZED_BY	Cytochrome P450 2C8
Bezafibrate	METABOLIZED_BY	Cytochrome P450 3A4
Colchicine	METABOLIZED_BY	Cytochrome P450 3A4
Drospirenone	METABOLIZED_BY	Cytochrome P450 3A4
Digitoxin	METABOLIZED_BY	Cholesterol side-chain cleavage enzyme, mitochondrial
Digitoxin	METABOLIZED_BY	Cytochrome P450 3A4
Digitoxin	METABOLIZED_BY	Sulfotransferase 1A1
Digitoxin	METABOLIZED_BY	UDP-glucuronosyltransferase 1A1
Neostigmine	METABOLIZED_BY	Cholinesterase
Methotrimeprazine	METABOLIZED_BY	Cytochrome P450 2D6
Methotrimeprazine	METABOLIZED_BY	Cytochrome P450 2E1
Temafloxacin	METABOLIZED_BY	Cytochrome P450 1A2
Clenbuterol	METABOLIZED_BY	Cytochrome P450 1A1
Clenbuterol	METABOLIZED_BY	Cytochrome P450 1A2
Ciclesonide	METABOLIZED_BY	Cytochrome P450 2D6
Ciclesonide	METABOLIZED_BY	Cytochrome P450 3A4
Ciclesonide	METABOLIZED_BY	Liver carboxylesterase 1
Pranlukast	METABOLIZED_BY	Cytochrome P450 2C9
Pranlukast	METABOLIZED_BY	Cytochrome P450 3A4
Theobromine	METABOLIZED_BY	Cytochrome P450 1A2
Theobromine	METABOLIZED_BY	Cytochrome P450 2E1
Acenocoumarol	METABOLIZED_BY	Cytochrome P450 1A2
Acenocoumarol	METABOLIZED_BY	Cytochrome P450 2C9
Acenocoumarol	METABOLIZED_BY	Cytochrome P450 2C19
Acenocoumarol	METABOLIZED_BY	Cytochrome P450 3A4
Aprindine	METABOLIZED_BY	Cytochrome P450 2D6
Allylestrenol	METABOLIZED_BY	Cytochrome P450 3A4
Antipyrine	METABOLIZED_BY	Cytochrome P450 1A2
Antipyrine	METABOLIZED_BY	Cytochrome P450 2A6
Antipyrine	METABOLIZED_BY	Cytochrome P450 2C8
Antipyrine	METABOLIZED_BY	Cytochrome P450 2C9
Antipyrine	METABOLIZED_BY	Cytochrome P450 2C18
Antipyrine	METABOLIZED_BY	Cytochrome P450 2C19
Antipyrine	METABOLIZED_BY	Cytochrome P450 2D6
Antipyrine	METABOLIZED_BY	Cytochrome P450 2E1
Antipyrine	METABOLIZED_BY	Cytochrome P450 3A4
Antipyrine	METABOLIZED_BY	RNA cytidine acetyltransferase
Glutethimide	METABOLIZED_BY	Cholesterol side-chain cleavage enzyme, mitochondrial
Glutethimide	METABOLIZED_BY	Myeloperoxidase
Bufotenine	METABOLIZED_BY	Amine oxidase [flavin-containing] A
Diamorphine	METABOLIZED_BY	Acetylcholinesterase
Midomafetamine	METABOLIZED_BY	Catechol O-methyltransferase
Midomafetamine	METABOLIZED_BY	Cytochrome P450 2D6
5-androstenedione	METABOLIZED_BY	Cytochrome P450 3A4
Ethylmorphine	METABOLIZED_BY	Cytochrome P450 2D6
Ethylmorphine	METABOLIZED_BY	Cytochrome P450 3A4
Ethylmorphine	METABOLIZED_BY	Cytochrome P450 3A7
Ethylmorphine	METABOLIZED_BY	Cytochrome P450 4F11
4-Methoxyamphetamine	METABOLIZED_BY	Cytochrome P450 2D6
Fenethylline	METABOLIZED_BY	Cytochrome P450 1A2
Barbital	METABOLIZED_BY	Cytochrome P450 2C19
Barbital	METABOLIZED_BY	Cytochrome P450 3A4
1D-myo-inositol 1,4,5-trisphosphate	METABOLIZED_BY	Inositol polyphosphate multikinase
5-Hydroxy-N-Propargyl-1(R)-Aminoindan	METABOLIZED_BY	Amine oxidase [flavin-containing] B
Phenethylamine	METABOLIZED_BY	Amine oxidase [copper-containing] 2
Phenethylamine	METABOLIZED_BY	Amine oxidase [copper-containing] 3
Carbocisteine	METABOLIZED_BY	Cysteine dioxygenase type 1
Carbocisteine	METABOLIZED_BY	Phenylalanine-4-hydroxylase
Carbocisteine	METABOLIZED_BY	Lactosylceramide alpha-2,3-sialyltransferase
9-Deazaguanine	METABOLIZED_BY	Cytochrome P450 1A2
N-Methyl-N-(Methylbenzyl)Formamide	METABOLIZED_BY	Cytochrome P450 2E1
gamma-Aminobutyric acid	METABOLIZED_BY	Cytochrome P450 2D6
Vorinostat	METABOLIZED_BY	UDP-glucuronosyltransferase 1A1
Vorinostat	METABOLIZED_BY	UDP-glucuronosyltransferase 1A3
Vorinostat	METABOLIZED_BY	UDP-glucuronosyltransferase 1A7
Vorinostat	METABOLIZED_BY	UDP-glucuronosyltransferase 1A8
Vorinostat	METABOLIZED_BY	UDP-glucuronosyltransferase 1A9
Vorinostat	METABOLIZED_BY	UDP-glucuronosyltransferase 2B7
Vorinostat	METABOLIZED_BY	UDP-glucuronosyltransferase 2B17
2'-Deoxycytidine	METABOLIZED_BY	Deoxycytidine kinase
Cholic Acid	METABOLIZED_BY	Sulfotransferase 1A1
Androstenediol	METABOLIZED_BY	3 beta-hydroxysteroid dehydrogenase/Delta 5-->4-isomerase type 1
5alpha-androstane-3alpha,17beta-diol	METABOLIZED_BY	Cytochrome P450 7B1
Carfentanil	METABOLIZED_BY	Cytochrome P450 3A4
Carfentanil	METABOLIZED_BY	Lysosomal acid lipase/cholesteryl ester hydrolase
Androstenedione	METABOLIZED_BY	17-beta-hydroxysteroid dehydrogenase type 3
Flunitrazepam	METABOLIZED_BY	Cytochrome P450 1A2
Flunitrazepam	METABOLIZED_BY	Cytochrome P450 2A6
Flunitrazepam	METABOLIZED_BY	Cytochrome P450 2B6
Flunitrazepam	METABOLIZED_BY	Cytochrome P450 2C9
Flunitrazepam	METABOLIZED_BY	Cytochrome P450 2C19
Flunitrazepam	METABOLIZED_BY	Cytochrome P450 2E1
Flunitrazepam	METABOLIZED_BY	Cytochrome P450 3A4
Flunitrazepam	METABOLIZED_BY	UDP-glucuronosyltransferase 1A1
Flunitrazepam	METABOLIZED_BY	UDP-glucuronosyltransferase 1A3
Flunitrazepam	METABOLIZED_BY	UDP-glucuronosyltransferase 2B7
Dihydrocodeine	METABOLIZED_BY	Cytochrome P450 2D6
Dihydrocodeine	METABOLIZED_BY	Cytochrome P450 3A4
Dihydrocodeine	METABOLIZED_BY	UDP-glucuronosyltransferase 2B4
Dihydrocodeine	METABOLIZED_BY	UDP-glucuronosyltransferase 2B7
Bromazepam	METABOLIZED_BY	Cytochrome P450 1A2
Bromazepam	METABOLIZED_BY	Cytochrome P450 2C19
Bromazepam	METABOLIZED_BY	Cytochrome P450 2E1
Clotiazepam	METABOLIZED_BY	Cytochrome P450 2B6
Clotiazepam	METABOLIZED_BY	Cytochrome P450 2C18
Clotiazepam	METABOLIZED_BY	Cytochrome P450 2C19
Clotiazepam	METABOLIZED_BY	Cytochrome P450 3A4
1-(2-Phenylethyl)-4-phenyl-4-acetoxypiperidine	METABOLIZED_BY	Cytochrome P450 2D6
Dextroamphetamine	METABOLIZED_BY	Cytochrome P450 2D6
Metamfetamine	METABOLIZED_BY	Cytochrome P450 2D6
Oxprenolol	METABOLIZED_BY	Cytochrome P450 2D6
Ubenimex	METABOLIZED_BY	Dipeptidase 1
4,6-dideoxy-4-amino-alpha-D-glucose	METABOLIZED_BY	Pancreatic alpha-amylase
Cephalexin	METABOLIZED_BY	Cytochrome P450 2D6
Cephalexin	METABOLIZED_BY	Cytochrome P450 3A4
Cinnarizine	METABOLIZED_BY	Cytochrome P450 1A2
Cinnarizine	METABOLIZED_BY	Cytochrome P450 2A6
Cinnarizine	METABOLIZED_BY	Cytochrome P450 2C9
Cinnarizine	METABOLIZED_BY	Cytochrome P450 2D6
Cinnarizine	METABOLIZED_BY	Cytochrome P450 3A4
Vinblastine	METABOLIZED_BY	Cytochrome P450 2D6
Vinblastine	METABOLIZED_BY	Cytochrome P450 3A4
Vinblastine	METABOLIZED_BY	Cytochrome P450 3A5
Propranolol	METABOLIZED_BY	Cytochrome P450 1A2
Propranolol	METABOLIZED_BY	Cytochrome P450 2C19
Propranolol	METABOLIZED_BY	Cytochrome P450 2D6
Propranolol	METABOLIZED_BY	Cytochrome P450 3A4
Propranolol	METABOLIZED_BY	Cytochrome P450 3A5
Propranolol	METABOLIZED_BY	Cytochrome P450 3A7
Propranolol	METABOLIZED_BY	Flavin-containing monooxygenase 2
Clonidine	METABOLIZED_BY	Cytochrome P450 1A2
Clonidine	METABOLIZED_BY	Cytochrome P450 2D6
Clonidine	METABOLIZED_BY	Cytochrome P450 3A4
Clonidine	METABOLIZED_BY	Cytochrome P450 3A5
Sulfamethizole	METABOLIZED_BY	Cytochrome P450 2C9
Carbenicillin	METABOLIZED_BY	Cytosolic phospholipase A2
Valdecoxib	METABOLIZED_BY	Cytochrome P450 2C9
Valdecoxib	METABOLIZED_BY	Cytochrome P450 3A4
Valdecoxib	METABOLIZED_BY	UDP-glucuronosyltransferase 1A9
Voriconazole	METABOLIZED_BY	Cytochrome P450 2C9
Voriconazole	METABOLIZED_BY	Cytochrome P450 2C19
Voriconazole	METABOLIZED_BY	Cytochrome P450 3A4
Voriconazole	METABOLIZED_BY	Prostaglandin G/H synthase 1
Levocarnitine	METABOLIZED_BY	Carnitine O-acetyltransferase
Levocarnitine	METABOLIZED_BY	Cytochrome P450 2E1
Enalapril	METABOLIZED_BY	Cytochrome P450 3A4
Enalapril	METABOLIZED_BY	Liver carboxylesterase 1
Diclofenac	METABOLIZED_BY	Cytochrome P450 1A1
Diclofenac	METABOLIZED_BY	Cytochrome P450 1A2
Diclofenac	METABOLIZED_BY	Cytochrome P450 2C8
Diclofenac	METABOLIZED_BY	Cytochrome P450 2C9
Diclofenac	METABOLIZED_BY	Cytochrome P450 2C18
Diclofenac	METABOLIZED_BY	Cytochrome P450 2C19
Diclofenac	METABOLIZED_BY	Cytochrome P450 3A4
Diclofenac	METABOLIZED_BY	Cholesterol 24-hydroxylase
Diclofenac	METABOLIZED_BY	UDP-glucuronosyltransferase 1A3
Diclofenac	METABOLIZED_BY	UDP-glucuronosyltransferase 1A9
Diclofenac	METABOLIZED_BY	UDP-glucuronosyltransferase 2B7
Lisuride	METABOLIZED_BY	Cytochrome P450 2D6
Lisuride	METABOLIZED_BY	Cytochrome P450 3A4
Doxazosin	METABOLIZED_BY	Cytochrome P450 2C9
Doxazosin	METABOLIZED_BY	Cytochrome P450 2C19
Doxazosin	METABOLIZED_BY	Cytochrome P450 2D6
Doxazosin	METABOLIZED_BY	Cytochrome P450 3A4
Fluocinolone acetonide	METABOLIZED_BY	Cytochrome P450 3A4
Piperazine	METABOLIZED_BY	Cytochrome P450 2D6
Ethosuximide	METABOLIZED_BY	Cytochrome P450 2E1
Ethosuximide	METABOLIZED_BY	Cytochrome P450 3A43
Ethosuximide	METABOLIZED_BY	Cytochrome P450 3A4
Ethosuximide	METABOLIZED_BY	Cytochrome P450 3A5
Ethosuximide	METABOLIZED_BY	Cytochrome P450 3A7
Labetalol	METABOLIZED_BY	Cytochrome P450 2C19
Labetalol	METABOLIZED_BY	Cytochrome P450 2D6
Labetalol	METABOLIZED_BY	UDP-glucuronosyltransferase 1A1
Labetalol	METABOLIZED_BY	UDP-glucuronosyltransferase 1A9
Labetalol	METABOLIZED_BY	UDP-glucuronosyltransferase 2B4
Labetalol	METABOLIZED_BY	UDP-glucuronosyltransferase 2B7
Thiopental	METABOLIZED_BY	Cytochrome P450 2C19
Cisapride	METABOLIZED_BY	Cytochrome P450 2A6
Cisapride	METABOLIZED_BY	Cytochrome P450 2C8
Cisapride	METABOLIZED_BY	Cytochrome P450 2C9
Cisapride	METABOLIZED_BY	Cytochrome P450 2C19
Cisapride	METABOLIZED_BY	Cytochrome P450 3A4
Cisapride	METABOLIZED_BY	Cytochrome P450 3A5
Cisapride	METABOLIZED_BY	Cytochrome P450 3A7
Nafcillin	METABOLIZED_BY	Cytochrome P450 1A2
Nafcillin	METABOLIZED_BY	Cytochrome P450 3A4
Chloroquine	METABOLIZED_BY	Cytochrome P450 1A1
Chloroquine	METABOLIZED_BY	Cytochrome P450 2C8
Chloroquine	METABOLIZED_BY	Cytochrome P450 2D6
Chloroquine	METABOLIZED_BY	Cytochrome P450 3A4
Chloroquine	METABOLIZED_BY	Cytochrome P450 3A5
Ethionamide	METABOLIZED_BY	Flavin-containing monooxygenase 2
Ethionamide	METABOLIZED_BY	Flavin-containing monooxygenase 3
Bisoprolol	METABOLIZED_BY	Cytochrome P450 2D6
Bisoprolol	METABOLIZED_BY	Cytochrome P450 3A4
Amodiaquine	METABOLIZED_BY	Cytochrome P450 1A1
Amodiaquine	METABOLIZED_BY	Cytochrome P450 1B1
Amodiaquine	METABOLIZED_BY	Cytochrome P450 2C8
Amodiaquine	METABOLIZED_BY	Glutathione S-transferase Mu 4
Paramethadione	METABOLIZED_BY	Cytochrome P450 2C9
Paramethadione	METABOLIZED_BY	Cytochrome P450 2E1
Paramethadione	METABOLIZED_BY	Cytochrome P450 3A4
Imatinib	METABOLIZED_BY	Cytochrome P450 1A2
Imatinib	METABOLIZED_BY	Cytochrome P450 2C8
Imatinib	METABOLIZED_BY	Cytochrome P450 2C9
Imatinib	METABOLIZED_BY	Cytochrome P450 2D6
Imatinib	METABOLIZED_BY	Cytochrome P450 3A4
Imatinib	METABOLIZED_BY	Cytochrome P450 3A5
Imatinib	METABOLIZED_BY	Cytochrome P450 3A7
Imatinib	METABOLIZED_BY	Prostaglandin G/H synthase 1
Oxandrolone	METABOLIZED_BY	Cytochrome P450 2C9
Nicardipine	METABOLIZED_BY	Cytochrome P450 2C8
Nicardipine	METABOLIZED_BY	Cytochrome P450 2D6
Nicardipine	METABOLIZED_BY	Cytochrome P450 2E1
Nicardipine	METABOLIZED_BY	Cytochrome P450 3A4
Fluphenazine	METABOLIZED_BY	Cytochrome P450 2D6
Efavirenz	METABOLIZED_BY	Cytochrome P450 1A2
Efavirenz	METABOLIZED_BY	Cytochrome P450 3A4
Niacin	METABOLIZED_BY	ADP-ribosyl cyclase/cyclic ADP-ribose hydrolase 1
Clorazepic acid	METABOLIZED_BY	Cytochrome P450 3A4
Guanabenz	METABOLIZED_BY	Cytochrome P450 1A2
4-O-(4,6-Dideoxy-4-{[4-[(4-O-Hexopyranosylhexopyranosyl)Oxy]-5,6-Dihydroxy-3-(Hydroxymethyl)Cyclohex-2-En-1-Yl]Amino}Hexopyranosyl)Hexopyranose	METABOLIZED_BY	Pancreatic alpha-amylase
3-(4-Amino-1-Tert-Butyl-1h-Pyrazolo[3,4-D]Pyrimidin-3-Yl)Phenol	METABOLIZED_BY	Carbonyl reductase [NADPH] 1
Afimoxifene	METABOLIZED_BY	UDP-glucuronosyltransferase 1A1
Afimoxifene	METABOLIZED_BY	UDP-glucuronosyltransferase 1A8
Thymidine	METABOLIZED_BY	Thymidine phosphorylase
Nicotinamide	METABOLIZED_BY	Cytochrome P450 2E1
Fusidic acid	METABOLIZED_BY	Cytochrome P450 2D6
Fusidic acid	METABOLIZED_BY	UDP-glucuronosyltransferase 1A1
Resveratrol	METABOLIZED_BY	Cytochrome P450 1A2
Resveratrol	METABOLIZED_BY	Sulfotransferase 1C2
Liotrix	METABOLIZED_BY	Cytochrome P450 2C8
Liotrix	METABOLIZED_BY	Cytochrome P450 3A4
Ketazolam	METABOLIZED_BY	Cytochrome P450 3A4
Prazepam	METABOLIZED_BY	Cytochrome P450 3A4
Quazepam	METABOLIZED_BY	Cytochrome P450 2C9
Quazepam	METABOLIZED_BY	Cytochrome P450 2C19
Quazepam	METABOLIZED_BY	Cytochrome P450 3A4
Everolimus	METABOLIZED_BY	Cytochrome P450 2D6
Everolimus	METABOLIZED_BY	Cytochrome P450 3A4
Solifenacin	METABOLIZED_BY	Cytochrome P450 2D6
Solifenacin	METABOLIZED_BY	Cytochrome P450 3A4
Iron	METABOLIZED_BY	Frataxin, mitochondrial
Nitrazepam	METABOLIZED_BY	Cytochrome P450 2E1
Nitrazepam	METABOLIZED_BY	Cytochrome P450 3A4
Imipenem	METABOLIZED_BY	Dipeptidase 1
Lopinavir	METABOLIZED_BY	Cytochrome P450 3A4
Deferasirox	METABOLIZED_BY	Cytochrome P450 1A2
Deferasirox	METABOLIZED_BY	Cytochrome P450 2C8
Deferasirox	METABOLIZED_BY	Cytochrome P450 3A4
Deferasirox	METABOLIZED_BY	UDP-glucuronosyltransferase 1A1
Deferasirox	METABOLIZED_BY	UDP-glucuronosyltransferase 1A3
Deferasirox	METABOLIZED_BY	UDP-glucuronosyltransferase 1A9
Hydroxychloroquine	METABOLIZED_BY	Cytochrome P450 3A4
Amyl Nitrite	METABOLIZED_BY	Aldehyde dehydrogenase, mitochondrial
Amyl Nitrite	METABOLIZED_BY	Glutathione S-transferase A1
Pipotiazine	METABOLIZED_BY	Cytochrome P450 2C19
Pipotiazine	METABOLIZED_BY	Cytochrome P450 2D6
Pipotiazine	METABOLIZED_BY	Cytochrome P450 3A4
Thiothixene	METABOLIZED_BY	Cytochrome P450 1A2
Thiothixene	METABOLIZED_BY	Cytochrome P450 2D6
Zuclopenthixol	METABOLIZED_BY	Cytochrome P450 2D6
Zuclopenthixol	METABOLIZED_BY	Cytochrome P450 3A4
Etoricoxib	METABOLIZED_BY	Cytochrome P450 1A2
Etoricoxib	METABOLIZED_BY	Cytochrome P450 2C9
Etoricoxib	METABOLIZED_BY	Cytochrome P450 3A4
Sorbitol	METABOLIZED_BY	Sorbitol dehydrogenase
Genistein	METABOLIZED_BY	Cytochrome P450 1A2
Genistein	METABOLIZED_BY	Sulfotransferase 2A1
Roflumilast	METABOLIZED_BY	Cytochrome P450 1A2
Roflumilast	METABOLIZED_BY	Cytochrome P450 3A4
8-azaguanine	METABOLIZED_BY	Cytochrome P450 1A2
Topiroxostat	METABOLIZED_BY	UDP-glucuronosyltransferase 1A9
Rutin	METABOLIZED_BY	Cytochrome P450 3A4
Prasterone	METABOLIZED_BY	3 beta-hydroxysteroid dehydrogenase/Delta 5-->4-isomerase type 1
Prasterone	METABOLIZED_BY	17-beta-hydroxysteroid dehydrogenase type 1
Prasterone	METABOLIZED_BY	17-beta-hydroxysteroid dehydrogenase type 2
Prasterone	METABOLIZED_BY	Peroxisomal multifunctional enzyme type 2
Prasterone	METABOLIZED_BY	Aromatase
Prasterone	METABOLIZED_BY	Cytochrome P450 3A4
Prasterone	METABOLIZED_BY	Cytochrome P450 3A7
Prasterone	METABOLIZED_BY	Cytochrome P450 7B1
Prasterone	METABOLIZED_BY	Sulfotransferase 2A1
Prasterone	METABOLIZED_BY	Sulfotransferase 2B1
Alvocidib	METABOLIZED_BY	UDP-glucuronosyltransferase 1A1
Galactose-uridine-5'-diphosphate	METABOLIZED_BY	Beta-1,4-galactosyltransferase 7
Galactose-uridine-5'-diphosphate	METABOLIZED_BY	Histo-blood group ABO system transferase
Galactose-uridine-5'-diphosphate	METABOLIZED_BY	Procollagen galactosyltransferase 2
Equilenin	METABOLIZED_BY	Cytochrome P450 3A4
Spermidine	METABOLIZED_BY	Diamine acetyltransferase 1
Phencyclidine	METABOLIZED_BY	Cytochrome P450 2B6
S-benzylglutathione	METABOLIZED_BY	Glutathione S-transferase A1
Clofarabine	METABOLIZED_BY	Deoxycytidine kinase
Dexmedetomidine	METABOLIZED_BY	Cytochrome P450 1A1
Dexmedetomidine	METABOLIZED_BY	Cytochrome P450 1A2
Dexmedetomidine	METABOLIZED_BY	Cytochrome P450 2A6
Dexmedetomidine	METABOLIZED_BY	Cytochrome P450 2D6
Dexmedetomidine	METABOLIZED_BY	Cytochrome P450 2E1
Prednisone	METABOLIZED_BY	Cytochrome P450 3A4
Clofibrate	METABOLIZED_BY	Cytochrome P450 1A1
Clofibrate	METABOLIZED_BY	Cytochrome P450 1A2
Clofibrate	METABOLIZED_BY	Cytochrome P450 2A6
Clofibrate	METABOLIZED_BY	Cytochrome P450 2C9
Clofibrate	METABOLIZED_BY	Cytochrome P450 2D6
Clofibrate	METABOLIZED_BY	Cytochrome P450 2E1
Clofibrate	METABOLIZED_BY	Cytochrome P450 3A4
Clofibrate	METABOLIZED_BY	Cytochrome P450 4A11
Clofibrate	METABOLIZED_BY	Glutathione S-transferase A1
Clofibrate	METABOLIZED_BY	Glutathione S-transferase A2
Astemizole	METABOLIZED_BY	Cytochrome P450 2D6
Astemizole	METABOLIZED_BY	Cytochrome P450 2J2
Astemizole	METABOLIZED_BY	Cytochrome P450 3A4
Astemizole	METABOLIZED_BY	Cytochrome P450 3A5
Astemizole	METABOLIZED_BY	Cytochrome P450 3A7
Adenosine	METABOLIZED_BY	Adenosine deaminase
Adenosine	METABOLIZED_BY	Sulfotransferase 1A1
Simvastatin	METABOLIZED_BY	Cytochrome P450 2C8
Simvastatin	METABOLIZED_BY	Cytochrome P450 2C19
Simvastatin	METABOLIZED_BY	Cytochrome P450 2D6
Simvastatin	METABOLIZED_BY	Cytochrome P450 3A4
Simvastatin	METABOLIZED_BY	Cytochrome P450 3A5
Simvastatin	METABOLIZED_BY	UDP-glucuronosyltransferase 1A1
Simvastatin	METABOLIZED_BY	UDP-glucuronosyltransferase 1A3
Simvastatin	METABOLIZED_BY	UDP-glucuronosyltransferase 2B7
Pemetrexed	METABOLIZED_BY	Deoxycytidine kinase
Pemetrexed	METABOLIZED_BY	Equilibrative nucleoside transporter 1
Mebendazole	METABOLIZED_BY	Cytochrome P450 3A4
Dextropropoxyphene	METABOLIZED_BY	Cytochrome P450 2D6
Dextropropoxyphene	METABOLIZED_BY	Cytochrome P450 3A4
Estrone	METABOLIZED_BY	Very-long-chain 3-oxoacyl-CoA reductase
Estrone	METABOLIZED_BY	17-beta-hydroxysteroid dehydrogenase type 2
Estrone	METABOLIZED_BY	Peroxisomal multifunctional enzyme type 2
Estrone	METABOLIZED_BY	3-keto-steroid reductase/17-beta-hydroxysteroid dehydrogenase 7
Estrone	METABOLIZED_BY	Cytochrome P450 1A1
Estrone	METABOLIZED_BY	Cytochrome P450 1A2
Estrone	METABOLIZED_BY	Cytochrome P450 1B1
Estrone	METABOLIZED_BY	Cytochrome P450 2C9
Estrone	METABOLIZED_BY	Cytochrome P450 2E1
Estrone	METABOLIZED_BY	Cytochrome P450 3A4
Estrone	METABOLIZED_BY	Cytochrome P450 3A5
Estrone	METABOLIZED_BY	Cytochrome P450 4A11
Trazodone	METABOLIZED_BY	Cytochrome P450 2D6
Trazodone	METABOLIZED_BY	Cytochrome P450 3A4
Trazodone	METABOLIZED_BY	Cytochrome P450 3A5
Trazodone	METABOLIZED_BY	Cytochrome P450 3A7
Verapamil	METABOLIZED_BY	Cytochrome P450 1A2
Verapamil	METABOLIZED_BY	Cytochrome P450 2C8
Verapamil	METABOLIZED_BY	Cytochrome P450 2C9
Verapamil	METABOLIZED_BY	Cytochrome P450 2C18
Verapamil	METABOLIZED_BY	Cytochrome P450 2C19
Verapamil	METABOLIZED_BY	Cytochrome P450 2E1
Verapamil	METABOLIZED_BY	Cytochrome P450 3A4
Verapamil	METABOLIZED_BY	Cytochrome P450 3A5
Verapamil	METABOLIZED_BY	Cytochrome P450 3A7
Flumethasone	METABOLIZED_BY	Cytochrome P450 3A4
Nilutamide	METABOLIZED_BY	Cytochrome P450 2C19
Nilutamide	METABOLIZED_BY	NADPH--cytochrome P450 reductase
Epinephrine	METABOLIZED_BY	Catechol O-methyltransferase
Epinephrine	METABOLIZED_BY	Thiopurine S-methyltransferase
Epinephrine	METABOLIZED_BY	Sulfotransferase 1A1
Epinephrine	METABOLIZED_BY	UDP-glucuronosyltransferase 1A1
Chlorpropamide	METABOLIZED_BY	Cytochrome P450 2C9
Chlorpropamide	METABOLIZED_BY	Cytochrome P450 2C19
Aprepitant	METABOLIZED_BY	Cytochrome P450 1A2
Aprepitant	METABOLIZED_BY	Cytochrome P450 2C19
Aprepitant	METABOLIZED_BY	Cytochrome P450 3A4
Galantamine	METABOLIZED_BY	Cytochrome P450 2D6
Galantamine	METABOLIZED_BY	Cytochrome P450 3A4
Tamoxifen	METABOLIZED_BY	Cytochrome P450 1A1
Tamoxifen	METABOLIZED_BY	Cytochrome P450 1A2
Tamoxifen	METABOLIZED_BY	Cytochrome P450 2A6
Tamoxifen	METABOLIZED_BY	Cytochrome P450 2C9
Tamoxifen	METABOLIZED_BY	Cytochrome P450 2C19
Tamoxifen	METABOLIZED_BY	Cytochrome P450 2D6
Tamoxifen	METABOLIZED_BY	Cytochrome P450 2E1
Tamoxifen	METABOLIZED_BY	Cytochrome P450 3A4
Tamoxifen	METABOLIZED_BY	Cytochrome P450 3A5
Tamoxifen	METABOLIZED_BY	Cytochrome P450 3A7
Tamoxifen	METABOLIZED_BY	Thiopurine S-methyltransferase
Tamoxifen	METABOLIZED_BY	Sulfotransferase 1A1
Tamoxifen	METABOLIZED_BY	Sulfotransferase 2A1
Tamoxifen	METABOLIZED_BY	UDP-glucuronosyltransferase 1A10
Tamoxifen	METABOLIZED_BY	UDP-glucuronosyltransferase 1A1
Tamoxifen	METABOLIZED_BY	UDP-glucuronosyltransferase 2B7
Isoflurophate	METABOLIZED_BY	Cholinesterase
Losartan	METABOLIZED_BY	Cytochrome P450 2C8
Losartan	METABOLIZED_BY	Cytochrome P450 2C9
Losartan	METABOLIZED_BY	Cytochrome P450 3A4
Losartan	METABOLIZED_BY	Cytochrome P450 3A5
Losartan	METABOLIZED_BY	UDP-glucuronosyltransferase 1A10
Losartan	METABOLIZED_BY	UDP-glucuronosyltransferase 1A1
Losartan	METABOLIZED_BY	UDP-glucuronosyltransferase 1A3
Losartan	METABOLIZED_BY	UDP-glucuronosyltransferase 2B7
Thioridazine	METABOLIZED_BY	Cytochrome P450 2C19
Thioridazine	METABOLIZED_BY	Cytochrome P450 2D6
Warfarin	METABOLIZED_BY	Cytochrome P450 1A2
Warfarin	METABOLIZED_BY	Cytochrome P450 2C8
Warfarin	METABOLIZED_BY	Cytochrome P450 2C9
Warfarin	METABOLIZED_BY	Cytochrome P450 2C18
Warfarin	METABOLIZED_BY	Cytochrome P450 2C19
Warfarin	METABOLIZED_BY	Cytochrome P450 3A4
Warfarin	METABOLIZED_BY	Sulfotransferase 1A1
Warfarin	METABOLIZED_BY	UDP-glucuronosyltransferase 1A1
Midazolam	METABOLIZED_BY	Cytochrome P450 3A4
Midazolam	METABOLIZED_BY	Cytochrome P450 3A5
Midazolam	METABOLIZED_BY	Cytochrome P450 3A7
Midazolam	METABOLIZED_BY	Cytochrome P450 4B1
Tobramycin	METABOLIZED_BY	RNA cytidine acetyltransferase
Fludrocortisone	METABOLIZED_BY	Cytochrome P450 3A4
Mycophenolate mofetil	METABOLIZED_BY	Cytochrome P450 2C8
Mycophenolate mofetil	METABOLIZED_BY	Cytochrome P450 3A4
Mycophenolate mofetil	METABOLIZED_BY	Cytochrome P450 3A5
Mycophenolate mofetil	METABOLIZED_BY	UDP-glucuronosyltransferase 1A10
Mycophenolate mofetil	METABOLIZED_BY	UDP-glucuronosyltransferase 1A1
Mycophenolate mofetil	METABOLIZED_BY	UDP-glucuronosyltransferase 1A6
Mycophenolate mofetil	METABOLIZED_BY	UDP-glucuronosyltransferase 1A9
Mycophenolate mofetil	METABOLIZED_BY	UDP-glucuronosyltransferase 2B7
Flurazepam	METABOLIZED_BY	Cytochrome P450 2A6
Flurazepam	METABOLIZED_BY	Cytochrome P450 3A4
Daunorubicin	METABOLIZED_BY	Carbonyl reductase [NADPH] 1
Daunorubicin	METABOLIZED_BY	Carbonyl reductase [NADPH] 3
Daunorubicin	METABOLIZED_BY	Cytochrome P450 1A1
Daunorubicin	METABOLIZED_BY	Cytochrome P450 1A2
Daunorubicin	METABOLIZED_BY	Cytochrome P450 3A4
Daunorubicin	METABOLIZED_BY	NADPH--cytochrome P450 reductase
Furosemide	METABOLIZED_BY	Cytochrome P450 2E1
Furosemide	METABOLIZED_BY	UDP-glucuronosyltransferase 1A1
Ergotamine	METABOLIZED_BY	Cytochrome P450 1A2
Ergotamine	METABOLIZED_BY	Cytochrome P450 3A4
Tizanidine	METABOLIZED_BY	Cytochrome P450 1A2
Nitrofurantoin	METABOLIZED_BY	NADPH--cytochrome P450 reductase
Nicergoline	METABOLIZED_BY	Cytochrome P450 2D6
Eplerenone	METABOLIZED_BY	Cytochrome P450 3A4
Eplerenone	METABOLIZED_BY	Cytochrome P450 3A5
Amprenavir	METABOLIZED_BY	Cytochrome P450 2B6
Amprenavir	METABOLIZED_BY	Cytochrome P450 2C9
Amprenavir	METABOLIZED_BY	Cytochrome P450 2C19
Amprenavir	METABOLIZED_BY	Cytochrome P450 2D6
Amprenavir	METABOLIZED_BY	Cytochrome P450 3A4
Amprenavir	METABOLIZED_BY	Cytochrome P450 3A5
Naltrexone	METABOLIZED_BY	UDP-glucuronosyltransferase 1A1
Delavirdine	METABOLIZED_BY	Cytochrome P450 2D6
Delavirdine	METABOLIZED_BY	Cytochrome P450 3A4
Delavirdine	METABOLIZED_BY	Cytochrome P450 3A5
Delavirdine	METABOLIZED_BY	Cytochrome P450 3A7
Tamsulosin	METABOLIZED_BY	Cytochrome P450 2D6
Tamsulosin	METABOLIZED_BY	Cytochrome P450 3A4
Sufentanil	METABOLIZED_BY	Cytochrome P450 3A4
Lamivudine	METABOLIZED_BY	5'(3')-deoxyribonucleotidase, cytosolic type
Lamivudine	METABOLIZED_BY	Choline-phosphate cytidylyltransferase A
Lamivudine	METABOLIZED_BY	Ethanolamine-phosphate cytidylyltransferase
Flurbiprofen	METABOLIZED_BY	Cytochrome P450 2C9
Flurbiprofen	METABOLIZED_BY	UDP-glucuronosyltransferase 1A1
Flurbiprofen	METABOLIZED_BY	UDP-glucuronosyltransferase 1A3
Flurbiprofen	METABOLIZED_BY	UDP-glucuronosyltransferase 1A9
Flurbiprofen	METABOLIZED_BY	UDP-glucuronosyltransferase 2B7
Apomorphine	METABOLIZED_BY	Sulfotransferase 1A1
Paroxetine	METABOLIZED_BY	Cytochrome P450 1A2
Paroxetine	METABOLIZED_BY	Cytochrome P450 2C19
Paroxetine	METABOLIZED_BY	Cytochrome P450 2D6
Paroxetine	METABOLIZED_BY	Cytochrome P450 3A4
Adefovir dipivoxil	METABOLIZED_BY	Adenylate kinase 2, mitochondrial
Clodronic acid	METABOLIZED_BY	Prostaglandin G/H synthase 2
Imiquimod	METABOLIZED_BY	Cytochrome P450 1A2
Imiquimod	METABOLIZED_BY	Cytochrome P450 3A4
Trimipramine	METABOLIZED_BY	Cytochrome P450 2C9
Trimipramine	METABOLIZED_BY	Cytochrome P450 2C19
Trimipramine	METABOLIZED_BY	Cytochrome P450 2D6
Trimipramine	METABOLIZED_BY	UDP-glucuronosyltransferase 1A1
Thiabendazole	METABOLIZED_BY	Cytochrome P450 1A2
Risperidone	METABOLIZED_BY	Cytochrome P450 2D6
Risperidone	METABOLIZED_BY	Cytochrome P450 3A4
Risperidone	METABOLIZED_BY	Cytochrome P450 3A5
Esomeprazole	METABOLIZED_BY	Cytochrome P450 2C19
Meclizine	METABOLIZED_BY	Cytochrome P450 2D6
Pentamidine	METABOLIZED_BY	Cytochrome P450 1A1
Pentamidine	METABOLIZED_BY	Cytochrome P450 1A2
Pentamidine	METABOLIZED_BY	Cytochrome P450 2C8
Pentamidine	METABOLIZED_BY	Cytochrome P450 2C19
Pentamidine	METABOLIZED_BY	Cytochrome P450 2D6
Pentamidine	METABOLIZED_BY	Cytochrome P450 3A4
Pentamidine	METABOLIZED_BY	Cytochrome P450 3A5
Pentamidine	METABOLIZED_BY	Cytochrome P450 4A11
Riluzole	METABOLIZED_BY	Cytochrome P450 1A1
Riluzole	METABOLIZED_BY	Cytochrome P450 1A2
Riluzole	METABOLIZED_BY	UDP-glucuronosyltransferase 1A1
Hydrocortisone	METABOLIZED_BY	Cytochrome P450 11B1, mitochondrial
Hydrocortisone	METABOLIZED_BY	Cytochrome P450 11B2, mitochondrial
Hydrocortisone	METABOLIZED_BY	Cytochrome P450 3A4
Hydrocortisone	METABOLIZED_BY	Cytochrome P450 3A5
Hydrocortisone	METABOLIZED_BY	Cytochrome P450 3A7
Zileuton	METABOLIZED_BY	Cytochrome P450 1A2
Zileuton	METABOLIZED_BY	Cytochrome P450 2C9
Zileuton	METABOLIZED_BY	Cytochrome P450 3A4
Zileuton	METABOLIZED_BY	Prostaglandin G/H synthase 1
Zileuton	METABOLIZED_BY	UDP-glucuronosyltransferase 1A9
Modafinil	METABOLIZED_BY	Cytochrome P450 3A4
Deferoxamine	METABOLIZED_BY	Xanthine dehydrogenase/oxidase
Scopolamine	METABOLIZED_BY	Cytochrome P450 3A4
Etodolac	METABOLIZED_BY	Cytochrome P450 2C9
Etodolac	METABOLIZED_BY	UDP-glucuronosyltransferase 1A10
Etodolac	METABOLIZED_BY	UDP-glucuronosyltransferase 1A1
Etodolac	METABOLIZED_BY	UDP-glucuronosyltransferase 1A3
Etodolac	METABOLIZED_BY	UDP-glucuronosyltransferase 1A9
Etodolac	METABOLIZED_BY	UDP-glucuronosyltransferase 2B7
Epinastine	METABOLIZED_BY	Cytochrome P450 2D6
Epinastine	METABOLIZED_BY	Cytochrome P450 3A4
Tranylcypromine	METABOLIZED_BY	Cytochrome P450 1A2
Tranylcypromine	METABOLIZED_BY	Cytochrome P450 2A6
Tranylcypromine	METABOLIZED_BY	Cytochrome P450 2C9
Tranylcypromine	METABOLIZED_BY	Cytochrome P450 2C19
Tranylcypromine	METABOLIZED_BY	Cytochrome P450 2D6
Tranylcypromine	METABOLIZED_BY	Cytochrome P450 3A4
Isoflurane	METABOLIZED_BY	Cytochrome P450 2B6
Isoflurane	METABOLIZED_BY	Cytochrome P450 2E1
Isoflurane	METABOLIZED_BY	NADH-ubiquinone oxidoreductase chain 1
Tretinoin	METABOLIZED_BY	Cytochrome P450 26C1
Tretinoin	METABOLIZED_BY	Cytochrome P450 2A6
Tretinoin	METABOLIZED_BY	Cytochrome P450 2C8
Tretinoin	METABOLIZED_BY	Cytochrome P450 2C9
Tretinoin	METABOLIZED_BY	Cytochrome P450 2C18
Tretinoin	METABOLIZED_BY	Cytochrome P450 3A4
Tretinoin	METABOLIZED_BY	Cytochrome P450 3A5
Tretinoin	METABOLIZED_BY	Cytochrome P450 3A7
Dolasetron	METABOLIZED_BY	Cytochrome P450 2C9
Dolasetron	METABOLIZED_BY	Cytochrome P450 2D6
Dolasetron	METABOLIZED_BY	Cytochrome P450 3A4
Clopidogrel	METABOLIZED_BY	Cytochrome P450 1A2
Clopidogrel	METABOLIZED_BY	Cytochrome P450 2C9
Clopidogrel	METABOLIZED_BY	Cytochrome P450 2C19
Clopidogrel	METABOLIZED_BY	Cytochrome P450 3A4
Clopidogrel	METABOLIZED_BY	Cytochrome P450 3A5
Meropenem	METABOLIZED_BY	Dipeptidase 1
CP-122721	METABOLIZED_BY	Cytochrome P450 2D6
CP-122721	METABOLIZED_BY	Cytochrome P450 3A4
Palovarotene	METABOLIZED_BY	Cytochrome P450 2B6
Palovarotene	METABOLIZED_BY	Cytochrome P450 2C8
Palovarotene	METABOLIZED_BY	Cytochrome P450 2C19
Palovarotene	METABOLIZED_BY	Cytochrome P450 3A4
SN-38	METABOLIZED_BY	UDP-glucuronosyltransferase 1A1
SN-38	METABOLIZED_BY	UDP-glucuronosyltransferase 1A9
Technetium Tc-99m ciprofloxacin	METABOLIZED_BY	Cytochrome P450 1A2
Mavorixafor	METABOLIZED_BY	Cytochrome P450 1A2
Mavorixafor	METABOLIZED_BY	Cytochrome P450 2B6
Mavorixafor	METABOLIZED_BY	Cytochrome P450 2C8
Mavorixafor	METABOLIZED_BY	Cytochrome P450 2C9
Mavorixafor	METABOLIZED_BY	Cytochrome P450 2C19
Mavorixafor	METABOLIZED_BY	Cytochrome P450 2D6
Mavorixafor	METABOLIZED_BY	Cytochrome P450 3A4
Mavorixafor	METABOLIZED_BY	Cytochrome P450 3A5
Telaprevir	METABOLIZED_BY	Cytochrome P450 3A4
BMS-488043	METABOLIZED_BY	Cytochrome P450 3A4
Brivaracetam	METABOLIZED_BY	Cytochrome P450 2B6
Brivaracetam	METABOLIZED_BY	Cytochrome P450 2C9
Brivaracetam	METABOLIZED_BY	Cytochrome P450 2C19
Brivaracetam	METABOLIZED_BY	Cytochrome P450 3A4
Cholesterol	METABOLIZED_BY	Sterol 26-hydroxylase, mitochondrial
Cholesterol	METABOLIZED_BY	Cholesterol 24-hydroxylase
Niflumic acid	METABOLIZED_BY	UDP-glucuronosyltransferase 1A1
Niflumic acid	METABOLIZED_BY	UDP-glucuronosyltransferase 1A9
Arachidonic Acid	METABOLIZED_BY	Cytochrome P450 2C9
Arachidonic Acid	METABOLIZED_BY	Cytochrome P450 4F2
Arachidonic Acid	METABOLIZED_BY	Polyunsaturated fatty acid lipoxygenase ALOX15
Arachidonic Acid	METABOLIZED_BY	Polyunsaturated fatty acid 5-lipoxygenase
Arachidonic Acid	METABOLIZED_BY	Arachidonate 12-lipoxygenase, 12R-type
Arachidonic Acid	METABOLIZED_BY	Prostaglandin G/H synthase 1
Arachidonic Acid	METABOLIZED_BY	Prostaglandin G/H synthase 2
Thiotepa	METABOLIZED_BY	Cytochrome P450 2B6
Thiotepa	METABOLIZED_BY	Cytochrome P450 3A4
Thiotepa	METABOLIZED_BY	Cholinesterase
Thiotepa	METABOLIZED_BY	Glutathione S-transferase A1
Estriol	METABOLIZED_BY	Cytochrome P450 3A7
Estriol	METABOLIZED_BY	UDP-glucuronosyltransferase 1A1
Estrone sulfate	METABOLIZED_BY	Cytochrome P450 1A2
Estrone sulfate	METABOLIZED_BY	Cytochrome P450 2C9
Estrone sulfate	METABOLIZED_BY	Cytochrome P450 3A4
Estrone sulfate	METABOLIZED_BY	Ubiquitin-associated and SH3 domain-containing protein B
Aldosterone	METABOLIZED_BY	Cytochrome P450 11B1, mitochondrial
Aldosterone	METABOLIZED_BY	Cytochrome P450 11B2, mitochondrial
Aldosterone	METABOLIZED_BY	Cytochrome P450 3A4
Aldosterone	METABOLIZED_BY	Cytochrome P450 3A5
Aldosterone	METABOLIZED_BY	UDP-glucuronosyltransferase 2B7
Uridine	METABOLIZED_BY	Nicotinamide riboside kinase 1
Uridine	METABOLIZED_BY	Nicotinamide riboside kinase 2
Uridine	METABOLIZED_BY	Uridine-cytidine kinase 1
Uridine	METABOLIZED_BY	Uridine-cytidine kinase 2
Pregnenolone	METABOLIZED_BY	3 beta-hydroxysteroid dehydrogenase/Delta 5-->4-isomerase type 1
Pregnenolone	METABOLIZED_BY	Cytochrome P450 3A4
Pregnenolone	METABOLIZED_BY	Sulfotransferase 2A1
Pregnenolone	METABOLIZED_BY	Sulfotransferase 2B1
alpha-D-glucose-1-phosphate	METABOLIZED_BY	Phosphomannomutase 1
alpha-D-glucose-1-phosphate	METABOLIZED_BY	Phosphomannomutase 2
Methylphosphinic Acid	METABOLIZED_BY	Cholinesterase
D-Mannose 1-phosphate	METABOLIZED_BY	Phosphomannomutase 1
D-Mannose 1-phosphate	METABOLIZED_BY	Phosphomannomutase 2
Zidovudine monophosphate	METABOLIZED_BY	Thymidylate kinase
Vanoxerine	METABOLIZED_BY	Cytochrome P450 3A4
Doconexent	METABOLIZED_BY	Cytochrome P450 2C9
Doconexent	METABOLIZED_BY	Prostaglandin G/H synthase 1
Doconexent	METABOLIZED_BY	Prostaglandin G/H synthase 2
S-adenosyl-L-homocysteine	METABOLIZED_BY	Histamine N-methyltransferase
Dalfopristin	METABOLIZED_BY	Cytochrome P450 3A4
Dihydroxyacetone	METABOLIZED_BY	Triokinase/FMN cyclase
Pantothenic acid	METABOLIZED_BY	Pantothenate kinase 3
Stanolone	METABOLIZED_BY	Aldo-keto reductase family 1 member C1
Stanolone	METABOLIZED_BY	Steroid 17-alpha-hydroxylase/17,20 lyase
Stanolone	METABOLIZED_BY	Aromatase
Stanolone	METABOLIZED_BY	UDP-glucuronosyltransferase 1A1
N-(4-Aminobutanoyl)-S-(4-methoxybenzyl)-L-cysteinylglycine	METABOLIZED_BY	Glutathione S-transferase A1
Corticosterone	METABOLIZED_BY	Cytochrome P450 3A4
Coumarin	METABOLIZED_BY	Cytochrome P450 2C9
Dalteparin	METABOLIZED_BY	Heparanase
Desoxycorticosterone acetate	METABOLIZED_BY	Cytochrome P450 3A4
Difluprednate	METABOLIZED_BY	Cytochrome P450 3A4
Halcinonide	METABOLIZED_BY	Cytochrome P450 3A4
Hydroxyprogesterone caproate	METABOLIZED_BY	Cytochrome P450 2C19
Hydroxyprogesterone caproate	METABOLIZED_BY	Cytochrome P450 3A4
Hydroxyprogesterone caproate	METABOLIZED_BY	Cytochrome P450 3A5
Lanreotide	METABOLIZED_BY	Cytochrome P450 3A4
Mangafodipir	METABOLIZED_BY	Superoxide dismutase [Mn], mitochondrial
Niclosamide	METABOLIZED_BY	Cytochrome P450 1A2
Niclosamide	METABOLIZED_BY	Cytochrome P450 2C9
Nonoxynol-9	METABOLIZED_BY	Prostaglandin G/H synthase 2
Pralatrexate	METABOLIZED_BY	Folylpolyglutamate synthase, mitochondrial
Raltegravir	METABOLIZED_BY	Cytochrome P450 1A1
Raltegravir	METABOLIZED_BY	UDP-glucuronosyltransferase 1A1
Sulconazole	METABOLIZED_BY	Cytochrome P450 1A2
Sulconazole	METABOLIZED_BY	Cytochrome P450 2C9
Sulconazole	METABOLIZED_BY	Cytochrome P450 2D6
Tinzaparin	METABOLIZED_BY	A disintegrin and metalloproteinase with thrombospondin motifs 4
Phenacetin	METABOLIZED_BY	Cytochrome P450 1A1
Phenacetin	METABOLIZED_BY	Cytochrome P450 1A2
Phenacetin	METABOLIZED_BY	Cytochrome P450 2A6
Phenacetin	METABOLIZED_BY	Cytochrome P450 2C9
Phenacetin	METABOLIZED_BY	Cytochrome P450 2C19
Phenacetin	METABOLIZED_BY	Cytochrome P450 2D6
Phenacetin	METABOLIZED_BY	Cytochrome P450 2E1
Phenacetin	METABOLIZED_BY	Cytochrome P450 3A4
Phenacetin	METABOLIZED_BY	Cholesterol 24-hydroxylase
Deoxyuridine monophosphate	METABOLIZED_BY	Thymidylate synthase
Ethyl dihydrogen phosphate	METABOLIZED_BY	Cholinesterase
Levoketoconazole	METABOLIZED_BY	Aromatase
Levoketoconazole	METABOLIZED_BY	Cytochrome P450 1A2
Levoketoconazole	METABOLIZED_BY	Steroid 21-hydroxylase
Levoketoconazole	METABOLIZED_BY	Cytochrome P450 2B6
Levoketoconazole	METABOLIZED_BY	Cytochrome P450 2C8
Levoketoconazole	METABOLIZED_BY	Cytochrome P450 3A4
Levoketoconazole	METABOLIZED_BY	Cytochrome P450 3A5
Levoketoconazole	METABOLIZED_BY	Cytochrome P450 7A1
Apremilast	METABOLIZED_BY	Cytochrome P450 1A2
Apremilast	METABOLIZED_BY	Cytochrome P450 2A6
Apremilast	METABOLIZED_BY	Cytochrome P450 3A4
GTS-21	METABOLIZED_BY	Cytochrome P450 1A2
GTS-21	METABOLIZED_BY	Cytochrome P450 2E1
Irinotecan	METABOLIZED_BY	Cytochrome P450 3A4
Irinotecan	METABOLIZED_BY	Cytochrome P450 3A5
Irinotecan	METABOLIZED_BY	Cytochrome P450 3A7
Irinotecan	METABOLIZED_BY	Liver carboxylesterase 1
Irinotecan	METABOLIZED_BY	Cocaine esterase
Irinotecan	METABOLIZED_BY	Carboxylesterase 3
Methimazole	METABOLIZED_BY	Flavin-containing monooxygenase 2
Mometasone	METABOLIZED_BY	Cytochrome P450 3A4
Olopatadine	METABOLIZED_BY	Cytochrome P450 3A4
Olopatadine	METABOLIZED_BY	Flavin-containing monooxygenase 1
Olopatadine	METABOLIZED_BY	Flavin-containing monooxygenase 3
Hydrocortamate	METABOLIZED_BY	Cytochrome P450 3A4
Alprostadil	METABOLIZED_BY	15-hydroxyprostaglandin dehydrogenase [NAD(+)]
Malathion	METABOLIZED_BY	Cytochrome P450 1A2
Etoposide	METABOLIZED_BY	Cytochrome P450 1A2
Etoposide	METABOLIZED_BY	Cytochrome P450 2E1
Etoposide	METABOLIZED_BY	Cytochrome P450 3A4
Etoposide	METABOLIZED_BY	Cytochrome P450 3A5
Etoposide	METABOLIZED_BY	Prostaglandin G/H synthase 1
Etoposide	METABOLIZED_BY	Prostaglandin G/H synthase 2
Etoposide	METABOLIZED_BY	Glutathione S-transferase P
Etoposide	METABOLIZED_BY	Glutathione S-transferase theta-1
Etoposide	METABOLIZED_BY	UDP-glucuronosyltransferase 1A1
Roxithromycin	METABOLIZED_BY	Cytochrome P450 3A4
Phenelzine	METABOLIZED_BY	Cytochrome P450 2C19
Phenelzine	METABOLIZED_BY	Cytochrome P450 3A4
Phenelzine	METABOLIZED_BY	Cytochrome P450 3A5
Estradiol	METABOLIZED_BY	Cytochrome P450 1A1
Estradiol	METABOLIZED_BY	Cytochrome P450 1A2
Estradiol	METABOLIZED_BY	Cytochrome P450 1B1
Estradiol	METABOLIZED_BY	Cytochrome P450 2C8
Estradiol	METABOLIZED_BY	Cytochrome P450 2C9
Estradiol	METABOLIZED_BY	Cytochrome P450 2C19
Estradiol	METABOLIZED_BY	Cytochrome P450 3A4
Estradiol	METABOLIZED_BY	Cytochrome P450 3A5
Estradiol	METABOLIZED_BY	Cytochrome P450 3A7
Estradiol	METABOLIZED_BY	Lactoperoxidase
Estradiol	METABOLIZED_BY	Thiopurine S-methyltransferase
Estradiol	METABOLIZED_BY	Sulfotransferase 1A1
Estradiol	METABOLIZED_BY	UDP-glucuronosyltransferase 1A1
Estradiol	METABOLIZED_BY	UDP-glucuronosyltransferase 2B28
Mefenamic acid	METABOLIZED_BY	Cytochrome P450 2C8
Mefenamic acid	METABOLIZED_BY	Cytochrome P450 2C9
Naproxen	METABOLIZED_BY	Cytochrome P450 1A2
Naproxen	METABOLIZED_BY	Cytochrome P450 2C8
Naproxen	METABOLIZED_BY	Cytochrome P450 2C9
Naproxen	METABOLIZED_BY	UDP-glucuronosyltransferase 1A10
Naproxen	METABOLIZED_BY	UDP-glucuronosyltransferase 1A1
Naproxen	METABOLIZED_BY	UDP-glucuronosyltransferase 1A3
Naproxen	METABOLIZED_BY	UDP-glucuronosyltransferase 1A6
Naproxen	METABOLIZED_BY	UDP-glucuronosyltransferase 1A9
Naproxen	METABOLIZED_BY	UDP-glucuronosyltransferase 2B7
Primidone	METABOLIZED_BY	Cytochrome P450 2C9
Primidone	METABOLIZED_BY	Cytochrome P450 2C19
Tazarotene	METABOLIZED_BY	Cytochrome P450 2C8
Alfentanil	METABOLIZED_BY	Cytochrome P450 3A4
Alfentanil	METABOLIZED_BY	Cytochrome P450 3A5
Alfentanil	METABOLIZED_BY	Cytochrome P450 3A7
Minaprine	METABOLIZED_BY	Cytochrome P450 2D6
Pentoxifylline	METABOLIZED_BY	Cytochrome P450 1A2
Indapamide	METABOLIZED_BY	Cytochrome P450 3A4
Biperiden	METABOLIZED_BY	Cytochrome P450 2D6
Ribavirin	METABOLIZED_BY	Cytosolic purine 5'-nucleotidase
Ribavirin	METABOLIZED_BY	Adenosine kinase
Ribavirin	METABOLIZED_BY	Purine nucleoside phosphorylase
Phenylbutazone	METABOLIZED_BY	Cytochrome P450 2C9
Phenylbutazone	METABOLIZED_BY	UDP-glucuronosyltransferase 1A1
Fentanyl	METABOLIZED_BY	Cytochrome P450 3A4
Fentanyl	METABOLIZED_BY	Cytochrome P450 3A5
Fentanyl	METABOLIZED_BY	Cytochrome P450 3A7
Meloxicam	METABOLIZED_BY	Cytochrome P450 2C8
Meloxicam	METABOLIZED_BY	Cytochrome P450 2C9
Meloxicam	METABOLIZED_BY	Cytochrome P450 3A4
Rosoxacin	METABOLIZED_BY	Cytochrome P450 1A2
Propofol	METABOLIZED_BY	Cytochrome P450 1A2
Propofol	METABOLIZED_BY	Cytochrome P450 2A6
Propofol	METABOLIZED_BY	Cytochrome P450 2C8
Propofol	METABOLIZED_BY	Cytochrome P450 2C9
Propofol	METABOLIZED_BY	Cytochrome P450 2C18
Propofol	METABOLIZED_BY	Cytochrome P450 2C19
Propofol	METABOLIZED_BY	Cytochrome P450 2D6
Propofol	METABOLIZED_BY	Cytochrome P450 2E1
Propofol	METABOLIZED_BY	Cytochrome P450 3A4
Propofol	METABOLIZED_BY	Fatty-acid amide hydrolase 1
Propofol	METABOLIZED_BY	UDP-glucuronosyltransferase 1A1
Propofol	METABOLIZED_BY	UDP-glucuronosyltransferase 1A6
Propofol	METABOLIZED_BY	UDP-glucuronosyltransferase 1A9
Acetazolamide	METABOLIZED_BY	Cytochrome P450 3A4
Tadalafil	METABOLIZED_BY	Cytochrome P450 3A4
Tadalafil	METABOLIZED_BY	Cytochrome P450 3A5
Carprofen	METABOLIZED_BY	UDP-glucuronosyltransferase 2B7
Disulfiram	METABOLIZED_BY	Cytochrome P450 2E1
Disulfiram	METABOLIZED_BY	Cytochrome P450 3A4
Disulfiram	METABOLIZED_BY	Cytochrome P450 3A5
Ethynodiol diacetate	METABOLIZED_BY	Cytochrome P450 3A4
Patupilone	METABOLIZED_BY	Cytochrome P450 3A4
UDP-alpha-D-glucuronic acid	METABOLIZED_BY	Chondroitin sulfate glucuronyltransferase
UDP-alpha-D-glucuronic acid	METABOLIZED_BY	UDP-glucuronosyltransferase 1A4
UDP-alpha-D-glucuronic acid	METABOLIZED_BY	UDP-glucuronosyltransferase 1A6
gamma-Butyrolactone	METABOLIZED_BY	Serum paraoxonase/arylesterase 1
Licofelone	METABOLIZED_BY	Cytochrome P450 2C8
Licofelone	METABOLIZED_BY	Cytochrome P450 2C9
Licofelone	METABOLIZED_BY	UDP-glucuronosyltransferase 1A3
Nimesulide	METABOLIZED_BY	Cytochrome P450 3A4
Suramin	METABOLIZED_BY	Arylsulfatase A
Suramin	METABOLIZED_BY	Cytosolic phospholipase A2
Bifonazole	METABOLIZED_BY	Aromatase
Bifonazole	METABOLIZED_BY	Cytochrome P450 2E1
Bifonazole	METABOLIZED_BY	Cytochrome P450 3A4
Clioquinol	METABOLIZED_BY	Sulfotransferase 1A1
Metamizole	METABOLIZED_BY	RNA cytidine acetyltransferase
Iproniazid	METABOLIZED_BY	Amine oxidase [flavin-containing] A
Iproniazid	METABOLIZED_BY	Amine oxidase [flavin-containing] B
Iproniazid	METABOLIZED_BY	Cytochrome P450 2C9
Iproniazid	METABOLIZED_BY	Cytochrome P450 2D6
Nomifensine	METABOLIZED_BY	Flavin-containing monooxygenase 5
Phenolphthalein	METABOLIZED_BY	UDP-glucuronosyltransferase 1A1
Prenylamine	METABOLIZED_BY	Cytochrome P450 3A4
Urethane	METABOLIZED_BY	Aldehyde oxidase
Urethane	METABOLIZED_BY	Cytosolic phospholipase A2
Urethane	METABOLIZED_BY	Myeloperoxidase
N-Propargyl-1(S)-Aminoindan	METABOLIZED_BY	Amine oxidase [flavin-containing] B
D-Serine	METABOLIZED_BY	D-amino-acid oxidase
D-Serine	METABOLIZED_BY	Serine racemase
5-Hydroxymethyl-Chonduritol	METABOLIZED_BY	Pancreatic alpha-amylase
Acetylcholine	METABOLIZED_BY	Acetylcholinesterase
Phosphoenolpyruvate	METABOLIZED_BY	Pyruvate kinase PKLR
Phosphoenolpyruvate	METABOLIZED_BY	Phosphoenolpyruvate carboxykinase, cytosolic [GTP]
Methylamine	METABOLIZED_BY	Amine oxidase [copper-containing] 2
Methylamine	METABOLIZED_BY	Amine oxidase [copper-containing] 3
N,N-dimethylformamide	METABOLIZED_BY	Cytochrome P450 2E1
Uridine diphosphate glucose	METABOLIZED_BY	UDP-glucose 6-dehydrogenase
Epothilone D	METABOLIZED_BY	Cytochrome P450 3A4
Putrescine	METABOLIZED_BY	Diamine oxidase [copper-containing]
Cinoxacin	METABOLIZED_BY	Cytochrome P450 1A2
Fosfomycin	METABOLIZED_BY	Glutathione S-transferase A1
Diazepam	METABOLIZED_BY	Cytochrome P450 1A2
Diazepam	METABOLIZED_BY	Cytochrome P450 2C8
Diazepam	METABOLIZED_BY	Cytochrome P450 2C9
Diazepam	METABOLIZED_BY	Cytochrome P450 2C18
Diazepam	METABOLIZED_BY	Cytochrome P450 2C19
Diazepam	METABOLIZED_BY	Cytochrome P450 3A4
Diazepam	METABOLIZED_BY	Cytochrome P450 3A5
Diazepam	METABOLIZED_BY	Cytochrome P450 3A7
Diazepam	METABOLIZED_BY	Prostaglandin G/H synthase 1
Trifluoperazine	METABOLIZED_BY	Cytochrome P450 1A2
Trifluoperazine	METABOLIZED_BY	Flavin-containing monooxygenase 2
Trifluoperazine	METABOLIZED_BY	Xanthine dehydrogenase/oxidase
Trifluoperazine	METABOLIZED_BY	UDP-glucuronosyltransferase 1A4
Cefaclor	METABOLIZED_BY	Myeloperoxidase
Mifepristone	METABOLIZED_BY	Cytochrome P450 3A4
Mifepristone	METABOLIZED_BY	Cytochrome P450 3A5
Loperamide	METABOLIZED_BY	Cytochrome P450 2C8
Loperamide	METABOLIZED_BY	Cytochrome P450 2D6
Loperamide	METABOLIZED_BY	Cytochrome P450 3A4
Tolazamide	METABOLIZED_BY	Cytochrome P450 2C9
Dobutamine	METABOLIZED_BY	Catechol O-methyltransferase
Oxazepam	METABOLIZED_BY	Cytochrome P450 3A43
Oxazepam	METABOLIZED_BY	Cytochrome P450 3A4
Oxazepam	METABOLIZED_BY	Cytochrome P450 3A5
Oxazepam	METABOLIZED_BY	Cytochrome P450 3A7
Oxazepam	METABOLIZED_BY	UDP-glucuronosyltransferase 1A1
Oxazepam	METABOLIZED_BY	UDP-glucuronosyltransferase 2B7
Donepezil	METABOLIZED_BY	Cytochrome P450 2C9
Donepezil	METABOLIZED_BY	Cytochrome P450 2D6
Donepezil	METABOLIZED_BY	Cytochrome P450 3A4
Clofazimine	METABOLIZED_BY	Cytochrome P450 2C8
Clofazimine	METABOLIZED_BY	Cytochrome P450 2D6
Clofazimine	METABOLIZED_BY	Cytochrome P450 3A4
Clofazimine	METABOLIZED_BY	Cytochrome P450 3A5
Flurandrenolide	METABOLIZED_BY	Cytochrome P450 3A4
Cysteamine	METABOLIZED_BY	Myeloperoxidase
Methylphenobarbital	METABOLIZED_BY	Cytochrome P450 2C19
Perphenazine	METABOLIZED_BY	Cytochrome P450 1A2
Perphenazine	METABOLIZED_BY	Cytochrome P450 2C8
Perphenazine	METABOLIZED_BY	Cytochrome P450 2C9
Perphenazine	METABOLIZED_BY	Cytochrome P450 2C18
Perphenazine	METABOLIZED_BY	Cytochrome P450 2C19
Perphenazine	METABOLIZED_BY	Cytochrome P450 2D6
Perphenazine	METABOLIZED_BY	Cytochrome P450 3A4
Dacarbazine	METABOLIZED_BY	Cytochrome P450 1A1
Dacarbazine	METABOLIZED_BY	Cytochrome P450 1A2
Dacarbazine	METABOLIZED_BY	Cytochrome P450 2E1
Pseudoephedrine	METABOLIZED_BY	Sulfotransferase 1A1
Aminolevulinic acid	METABOLIZED_BY	Delta-aminolevulinic acid dehydratase
Chlorphenesin	METABOLIZED_BY	Aromatase
Chlorphenesin	METABOLIZED_BY	Cytochrome P450 3A4
Chlorphenesin	METABOLIZED_BY	Cholinesterase
Chlorphenesin	METABOLIZED_BY	Prostaglandin G/H synthase 2
Chlorphenesin	METABOLIZED_BY	Xanthine dehydrogenase/oxidase
Terbinafine	METABOLIZED_BY	Cytochrome P450 1A2
Terbinafine	METABOLIZED_BY	Cytochrome P450 2C8
Terbinafine	METABOLIZED_BY	Cytochrome P450 2C9
Terbinafine	METABOLIZED_BY	Cytochrome P450 2C19
Terbinafine	METABOLIZED_BY	Cytochrome P450 3A4
Terbinafine	METABOLIZED_BY	Prostaglandin G/H synthase 1
Drostanolone	METABOLIZED_BY	Aromatase
Prednisolone	METABOLIZED_BY	Cytochrome P450 3A4
Prednisolone	METABOLIZED_BY	Cytochrome P450 3A5
Diflunisal	METABOLIZED_BY	UDP-glucuronosyltransferase 1A1
Vardenafil	METABOLIZED_BY	Cytochrome P450 3A4
Vardenafil	METABOLIZED_BY	Cytochrome P450 3A5
Tacrolimus	METABOLIZED_BY	Cytochrome P450 3A4
Tacrolimus	METABOLIZED_BY	Cytochrome P450 3A5
Tacrolimus	METABOLIZED_BY	NADPH--cytochrome P450 reductase
Benzphetamine	METABOLIZED_BY	Cytochrome P450 3A4
Benzphetamine	METABOLIZED_BY	Cytochrome P450 4F11
Benzphetamine	METABOLIZED_BY	NADPH--cytochrome P450 reductase
Alprenolol	METABOLIZED_BY	Cytochrome P450 2D6
Ritodrine	METABOLIZED_BY	6-phosphogluconate dehydrogenase, decarboxylating
Ritodrine	METABOLIZED_BY	Sulfotransferase 1A1
Ritodrine	METABOLIZED_BY	Sulfotransferase 1A2
Ritodrine	METABOLIZED_BY	Sulfotransferase 1A3
Ritodrine	METABOLIZED_BY	Sulfotransferase 1A4
Ritodrine	METABOLIZED_BY	Sulfotransferase 1B1
Ritodrine	METABOLIZED_BY	Sulfotransferase 1C2
Ritodrine	METABOLIZED_BY	Sulfotransferase 1C3
Ritodrine	METABOLIZED_BY	Sulfotransferase 1C4
Ritodrine	METABOLIZED_BY	Sulfotransferase 2A1
Ritodrine	METABOLIZED_BY	Sulfotransferase 4A1
Ritodrine	METABOLIZED_BY	Sulfotransferase 6B1
Dorzolamide	METABOLIZED_BY	Cytochrome P450 2C9
Dorzolamide	METABOLIZED_BY	Cytochrome P450 2E1
Dorzolamide	METABOLIZED_BY	Cytochrome P450 3A4
Suprofen	METABOLIZED_BY	Cytochrome P450 2C9
Suprofen	METABOLIZED_BY	UDP-glucuronosyltransferase 1A1
Conivaptan	METABOLIZED_BY	Cytochrome P450 3A4
Sirolimus	METABOLIZED_BY	Cytochrome P450 3A4
Sirolimus	METABOLIZED_BY	Cytochrome P450 3A5
Sirolimus	METABOLIZED_BY	Cytochrome P450 3A7
Clomifene	METABOLIZED_BY	Steroid 17-alpha-hydroxylase/17,20 lyase
Isosorbide dinitrate	METABOLIZED_BY	Cytochrome P450 2E1
Isosorbide dinitrate	METABOLIZED_BY	Cytochrome P450 3A4
Isosorbide dinitrate	METABOLIZED_BY	Glutathione S-transferase A1
Mechlorethamine	METABOLIZED_BY	Cholinesterase
Sulfapyridine	METABOLIZED_BY	Cytochrome P450 2C9
Sulfapyridine	METABOLIZED_BY	RNA cytidine acetyltransferase
Rimexolone	METABOLIZED_BY	Cytochrome P450 3A4
Rimexolone	METABOLIZED_BY	Cytochrome P450 3A5
Triazolam	METABOLIZED_BY	Cytochrome P450 3A4
Triazolam	METABOLIZED_BY	Cytochrome P450 3A5
Triazolam	METABOLIZED_BY	Cytochrome P450 3A7
Ethanol	METABOLIZED_BY	Alcohol dehydrogenase 1A
Ethanol	METABOLIZED_BY	All-trans-retinol dehydrogenase [NAD(+)] ADH1B
Ethanol	METABOLIZED_BY	Alcohol dehydrogenase 1C
Ethanol	METABOLIZED_BY	All-trans-retinol dehydrogenase [NAD(+)] ADH4
Ethanol	METABOLIZED_BY	Alcohol dehydrogenase 6
Ethanol	METABOLIZED_BY	All-trans-retinol dehydrogenase [NAD(+)] ADH7
Ethanol	METABOLIZED_BY	Alcohol dehydrogenase class-3
Ethanol	METABOLIZED_BY	Aldo-keto reductase family 1 member A1
Ethanol	METABOLIZED_BY	Cytochrome P450 1A2
Ethanol	METABOLIZED_BY	Cytochrome P450 2E1
Ethanol	METABOLIZED_BY	Cytochrome P450 3A4
Ethanol	METABOLIZED_BY	UDP-glucuronosyltransferase 1A1
Etacrynic acid	METABOLIZED_BY	Cytochrome P450 1A1
Etacrynic acid	METABOLIZED_BY	Glutathione S-transferase A1
Ondansetron	METABOLIZED_BY	Cytochrome P450 1A2
Ondansetron	METABOLIZED_BY	Cytochrome P450 2C9
Ondansetron	METABOLIZED_BY	Cytochrome P450 2D6
Ondansetron	METABOLIZED_BY	Cytochrome P450 2E1
Ondansetron	METABOLIZED_BY	Cytochrome P450 3A4
Ondansetron	METABOLIZED_BY	Cytochrome P450 3A5
Ondansetron	METABOLIZED_BY	Cytochrome P450 3A7
Bimatoprost	METABOLIZED_BY	Cytochrome P450 3A4
Bimatoprost	METABOLIZED_BY	Cytochrome P450 3A5
Tiagabine	METABOLIZED_BY	Cytochrome P450 3A4
Tiagabine	METABOLIZED_BY	UDP-glucuronosyltransferase 1A1
Cocaine	METABOLIZED_BY	Cytochrome P450 2D6
Cocaine	METABOLIZED_BY	Cytochrome P450 3A4
Cocaine	METABOLIZED_BY	Cytochrome P450 3A5
Cocaine	METABOLIZED_BY	Cytochrome P450 3A7
Cocaine	METABOLIZED_BY	Cholinesterase
Zonisamide	METABOLIZED_BY	Cytochrome P450 2C19
Zonisamide	METABOLIZED_BY	Cytochrome P450 3A4
Zonisamide	METABOLIZED_BY	Cytochrome P450 3A5
Zonisamide	METABOLIZED_BY	Cytochrome P450 3A7
Zonisamide	METABOLIZED_BY	UDP-glucuronosyltransferase 1A1
Paricalcitol	METABOLIZED_BY	1,25-dihydroxyvitamin D(3) 24-hydroxylase, mitochondrial
Paricalcitol	METABOLIZED_BY	Cytochrome P450 3A4
Paricalcitol	METABOLIZED_BY	UDP-glucuronosyltransferase 1A4
Tinidazole	METABOLIZED_BY	Cytochrome P450 3A4
Repaglinide	METABOLIZED_BY	Cytochrome P450 2C8
Repaglinide	METABOLIZED_BY	Cytochrome P450 3A4
Repaglinide	METABOLIZED_BY	UDP-glucuronosyltransferase 1A1
Phenformin	METABOLIZED_BY	Cytochrome P450 2D6
Amantadine	METABOLIZED_BY	Amine oxidase [flavin-containing] B
Amantadine	METABOLIZED_BY	Aromatic-L-amino-acid decarboxylase
Metronidazole	METABOLIZED_BY	Cytochrome P450 2A6
Metronidazole	METABOLIZED_BY	Cytochrome P450 2C9
Metronidazole	METABOLIZED_BY	Cytochrome P450 3A4
Metronidazole	METABOLIZED_BY	Cytochrome P450 3A5
Metronidazole	METABOLIZED_BY	Cytochrome P450 3A7
Metronidazole	METABOLIZED_BY	UDP-glucuronosyltransferase 1A1
Dinoprostone	METABOLIZED_BY	Cytochrome P450 1A2
Dinoprostone	METABOLIZED_BY	Cytochrome P450 4F2
Buprenorphine	METABOLIZED_BY	Cytochrome P450 2C8
Buprenorphine	METABOLIZED_BY	Cytochrome P450 2C9
Buprenorphine	METABOLIZED_BY	Cytochrome P450 2C18
Buprenorphine	METABOLIZED_BY	Cytochrome P450 2D6
Buprenorphine	METABOLIZED_BY	Cytochrome P450 3A4
Buprenorphine	METABOLIZED_BY	Cytochrome P450 3A5
Buprenorphine	METABOLIZED_BY	Cytochrome P450 3A7
Buprenorphine	METABOLIZED_BY	UDP-glucuronosyltransferase 1A1
Cyclobenzaprine	METABOLIZED_BY	Cytochrome P450 1A2
Cyclobenzaprine	METABOLIZED_BY	Cytochrome P450 2D6
Cyclobenzaprine	METABOLIZED_BY	Cytochrome P450 3A4
Etretinate	METABOLIZED_BY	Aromatase
Etretinate	METABOLIZED_BY	Cytochrome P450 26B1
Famotidine	METABOLIZED_BY	Cytochrome P450 2C19
Azacitidine	METABOLIZED_BY	Cytidine deaminase
Tipranavir	METABOLIZED_BY	Cytochrome P450 2C19
Tipranavir	METABOLIZED_BY	Cytochrome P450 2D6
Tipranavir	METABOLIZED_BY	Cytochrome P450 3A4
Tipranavir	METABOLIZED_BY	UDP-glucuronosyltransferase 1A1
Mesoridazine	METABOLIZED_BY	Cytochrome P450 2D6
Maprotiline	METABOLIZED_BY	Cytochrome P450 1A2
Maprotiline	METABOLIZED_BY	Cytochrome P450 2D6
Oxymetazoline	METABOLIZED_BY	UDP-glucuronosyltransferase 1A1
Salicylic acid	METABOLIZED_BY	Cytochrome P450 2C9
Salmeterol	METABOLIZED_BY	Cytochrome P450 3A4
Salmeterol	METABOLIZED_BY	Cytochrome P450 3A5
Salmeterol	METABOLIZED_BY	Cytochrome P450 3A7
Methantheline	METABOLIZED_BY	Acetylcholinesterase
Zalcitabine	METABOLIZED_BY	Cytochrome P450 2C9
Zalcitabine	METABOLIZED_BY	Cytochrome P450 2D6
Zalcitabine	METABOLIZED_BY	Cytochrome P450 3A43
Zalcitabine	METABOLIZED_BY	Cytochrome P450 3A4
Zalcitabine	METABOLIZED_BY	Cytochrome P450 3A5
Zalcitabine	METABOLIZED_BY	Cytochrome P450 3A7
Acetylsalicylic acid	METABOLIZED_BY	Arylamine N-acetyltransferase 2
Acetylsalicylic acid	METABOLIZED_BY	Cytochrome P450 2C9
Acetylsalicylic acid	METABOLIZED_BY	Cytochrome P450 2C19
Acetylsalicylic acid	METABOLIZED_BY	Sulfotransferase 1A1
Acetylsalicylic acid	METABOLIZED_BY	UDP-glucuronosyltransferase 1A1
Acetylsalicylic acid	METABOLIZED_BY	UDP-glucuronosyltransferase 1A6
Phenprocoumon	METABOLIZED_BY	Cytochrome P450 2C8
Phenprocoumon	METABOLIZED_BY	Cytochrome P450 2C9
Phenprocoumon	METABOLIZED_BY	Cytochrome P450 3A4
Fulvestrant	METABOLIZED_BY	Cytochrome P450 3A4
Fulvestrant	METABOLIZED_BY	UDP-glucuronosyltransferase 1A1
Felbamate	METABOLIZED_BY	Cytochrome P450 2E1
Felbamate	METABOLIZED_BY	Cytochrome P450 3A4
Isoniazid	METABOLIZED_BY	Arylamine N-acetyltransferase 2
Isoniazid	METABOLIZED_BY	Cytochrome P450 1A2
Isoniazid	METABOLIZED_BY	Cytochrome P450 2A6
Isoniazid	METABOLIZED_BY	Cytochrome P450 2C8
Isoniazid	METABOLIZED_BY	Cytochrome P450 2C9
Isoniazid	METABOLIZED_BY	Cytochrome P450 2C19
Isoniazid	METABOLIZED_BY	Cytochrome P450 2D6
Isoniazid	METABOLIZED_BY	Cytochrome P450 2E1
Isoniazid	METABOLIZED_BY	Cytochrome P450 3A4
Naratriptan	METABOLIZED_BY	Amine oxidase [flavin-containing] A
Zomepirac	METABOLIZED_BY	Cytochrome P450 3A4
Lysergic acid diethylamide	METABOLIZED_BY	Cytochrome P450 2D6
Lysergic acid diethylamide	METABOLIZED_BY	Cytochrome P450 3A4
Tienilic acid	METABOLIZED_BY	Cytochrome P450 2C9
Zimelidine	METABOLIZED_BY	Cytochrome P450 3A4
Methaqualone	METABOLIZED_BY	Cytochrome P450 3A4
Maraviroc	METABOLIZED_BY	Cytochrome P450 3A4
Cyclandelate	METABOLIZED_BY	Cytochrome P450 3A4
Debrisoquine	METABOLIZED_BY	Cytochrome P450 1A1
Debrisoquine	METABOLIZED_BY	Cytochrome P450 2D6
Flunarizine	METABOLIZED_BY	Cytochrome P450 1A1
Flunarizine	METABOLIZED_BY	Cytochrome P450 1A2
Flunarizine	METABOLIZED_BY	Cytochrome P450 2A6
Flunarizine	METABOLIZED_BY	Cytochrome P450 2C9
Flunarizine	METABOLIZED_BY	Cytochrome P450 2D6
Fluspirilene	METABOLIZED_BY	Cytochrome P450 3A4
Tetrabenazine	METABOLIZED_BY	Cytochrome P450 2D6
Ixabepilone	METABOLIZED_BY	Cytochrome P450 3A4
Celiprolol	METABOLIZED_BY	Cytochrome P450 2D6
Cediranib	METABOLIZED_BY	Cytochrome P450 3A4
Febuxostat	METABOLIZED_BY	UDP-glucuronosyltransferase 1A1
Dronedarone	METABOLIZED_BY	Cytochrome P450 2D6
Dronedarone	METABOLIZED_BY	Cytochrome P450 3A4
Dronedarone	METABOLIZED_BY	Cytochrome P450 3A5
Dexloxiglumide	METABOLIZED_BY	Cytochrome P450 2B6
Dexloxiglumide	METABOLIZED_BY	Cytochrome P450 2C9
Dexloxiglumide	METABOLIZED_BY	Cytochrome P450 2E1
Dexloxiglumide	METABOLIZED_BY	Cytochrome P450 3A4
Dexloxiglumide	METABOLIZED_BY	Cytochrome P450 3A5
Tirapazamine	METABOLIZED_BY	Cytochrome P450 2E1
Nebivolol	METABOLIZED_BY	Cytochrome P450 2C19
Nebivolol	METABOLIZED_BY	Cytochrome P450 2D6
Nilotinib	METABOLIZED_BY	Cytochrome P450 2C8
Nilotinib	METABOLIZED_BY	Cytochrome P450 3A4
Lorcaserin	METABOLIZED_BY	Cytochrome P450 1A2
Lorcaserin	METABOLIZED_BY	Cytochrome P450 2A6
Lorcaserin	METABOLIZED_BY	Cytochrome P450 2C19
Lorcaserin	METABOLIZED_BY	Cytochrome P450 2D6
Lorcaserin	METABOLIZED_BY	Cytochrome P450 3A4
Dapoxetine	METABOLIZED_BY	Cytochrome P450 2D6
Dapoxetine	METABOLIZED_BY	Cytochrome P450 3A4
Dapoxetine	METABOLIZED_BY	Flavin-containing monooxygenase 1
Calanolide A	METABOLIZED_BY	Cytochrome P450 3A4
Bicifadine	METABOLIZED_BY	Amine oxidase [flavin-containing] A
Bicifadine	METABOLIZED_BY	Amine oxidase [flavin-containing] B
Bicifadine	METABOLIZED_BY	Cytochrome P450 1A2
Bicifadine	METABOLIZED_BY	Cytochrome P450 2D6
Acarbose Derived Hexasaccharide	METABOLIZED_BY	Pancreatic alpha-amylase
Phosphorylisopropane	METABOLIZED_BY	Cholinesterase
Trastuzumab emtansine	METABOLIZED_BY	Cytochrome P450 3A4
Trastuzumab emtansine	METABOLIZED_BY	Cytochrome P450 3A5
Prasterone sulfate	METABOLIZED_BY	Cytochrome P450 3A7
Cositecan	METABOLIZED_BY	Cytochrome P450 2C8
Cositecan	METABOLIZED_BY	Cytochrome P450 2D6
Cositecan	METABOLIZED_BY	Cytochrome P450 3A4
GPI-1485	METABOLIZED_BY	Cytochrome P450 3A4
Sar9, Met (O2)11-Substance P	METABOLIZED_BY	Aromatase
Sar9, Met (O2)11-Substance P	METABOLIZED_BY	Cholinesterase
Sar9, Met (O2)11-Substance P	METABOLIZED_BY	Prostaglandin G/H synthase 2
Taurine	METABOLIZED_BY	Bile acid-CoA:amino acid N-acyltransferase
Bisphenol A	METABOLIZED_BY	Sulfotransferase 2A1
6-Deoxyerythronolide B	METABOLIZED_BY	Cytochrome P450 3A4
Hypoxanthine	METABOLIZED_BY	Cytochrome P450 1A2
S-Hexylglutathione	METABOLIZED_BY	Glutathione S-transferase A1
Dodecyldimethylamine N-oxide	METABOLIZED_BY	Amine oxidase [flavin-containing] B
Vapreotide	METABOLIZED_BY	Cytochrome P450 3A4
Ximelagatran	METABOLIZED_BY	Cytochrome P450 2C9
Tesmilifene	METABOLIZED_BY	Cytochrome P450 1A1
Tesmilifene	METABOLIZED_BY	Cytochrome P450 2D6
Tesmilifene	METABOLIZED_BY	Cytochrome P450 3A4
Flibanserin	METABOLIZED_BY	Cytochrome P450 2C19
Flibanserin	METABOLIZED_BY	Cytochrome P450 3A4
Sitamaquine	METABOLIZED_BY	Cytochrome P450 2D6
Oritavancin	METABOLIZED_BY	Cytochrome P450 2C9
Oritavancin	METABOLIZED_BY	Cytochrome P450 2C19
Oritavancin	METABOLIZED_BY	Cytochrome P450 2D6
Oritavancin	METABOLIZED_BY	Cytochrome P450 3A4
Clevidipine	METABOLIZED_BY	Cytochrome P450 2C9
Clevidipine	METABOLIZED_BY	Cytochrome P450 2C19
Clevidipine	METABOLIZED_BY	Cytochrome P450 2D6
Clevidipine	METABOLIZED_BY	Cytochrome P450 2E1
Clevidipine	METABOLIZED_BY	Cytochrome P450 3A4
Clevidipine	METABOLIZED_BY	Cholinesterase
Permethrin	METABOLIZED_BY	Cytochrome P450 2B6
Permethrin	METABOLIZED_BY	Cytochrome P450 3A4
Rifalazil	METABOLIZED_BY	Cytochrome P450 3A4
Ospemifene	METABOLIZED_BY	Cytochrome P450 2B6
Ospemifene	METABOLIZED_BY	Cytochrome P450 2C9
Ospemifene	METABOLIZED_BY	Cytochrome P450 2C19
Ospemifene	METABOLIZED_BY	Cytochrome P450 2D6
Ospemifene	METABOLIZED_BY	Cytochrome P450 3A4
Iloperidone	METABOLIZED_BY	Cytochrome P450 2D6
Iloperidone	METABOLIZED_BY	Cytochrome P450 3A4
Iloperidone	METABOLIZED_BY	Cytochrome P450 3A5
Iloperidone	METABOLIZED_BY	Cytochrome P450 3A7
Lofexidine	METABOLIZED_BY	Cytochrome P450 1A2
Lofexidine	METABOLIZED_BY	Cytochrome P450 2C19
Lofexidine	METABOLIZED_BY	Cytochrome P450 2D6
Pirfenidone	METABOLIZED_BY	Cytochrome P450 1A2
Ezogabine	METABOLIZED_BY	Arylamine N-acetyltransferase 2
Ezogabine	METABOLIZED_BY	Cytochrome P450 1A1
Ezogabine	METABOLIZED_BY	UDP-glucuronosyltransferase 1A1
Ezogabine	METABOLIZED_BY	UDP-glucuronosyltransferase 1A3
Ezogabine	METABOLIZED_BY	UDP-glucuronosyltransferase 1A4
Ezogabine	METABOLIZED_BY	UDP-glucuronosyltransferase 1A9
Azimilide	METABOLIZED_BY	Cytochrome P450 1A1
Azimilide	METABOLIZED_BY	Cytochrome P450 2D6
Azimilide	METABOLIZED_BY	Cytochrome P450 3A4
Azimilide	METABOLIZED_BY	Cytochrome P450 3A5
Troxacitabine	METABOLIZED_BY	Deoxycytidine kinase
Banoxantrone	METABOLIZED_BY	Cytochrome P450 1A1
Banoxantrone	METABOLIZED_BY	Cytochrome P450 2B6
Banoxantrone	METABOLIZED_BY	Cytochrome P450 3A4
Plitidepsin	METABOLIZED_BY	Cytochrome P450 2A6
Plitidepsin	METABOLIZED_BY	Cytochrome P450 2E1
Plitidepsin	METABOLIZED_BY	Cytochrome P450 3A4
Plitidepsin	METABOLIZED_BY	Cytochrome P450 4A11
Belinostat	METABOLIZED_BY	Cytochrome P450 3A4
Belinostat	METABOLIZED_BY	UDP-glucuronosyltransferase 1A1
Ataluren	METABOLIZED_BY	UDP-glucuronosyltransferase 1A9
Migalastat	METABOLIZED_BY	UDP-glucuronosyltransferase 1A10
Migalastat	METABOLIZED_BY	UDP-glucuronosyltransferase 1A1
Migalastat	METABOLIZED_BY	UDP-glucuronosyltransferase 1A3
Migalastat	METABOLIZED_BY	UDP-glucuronosyltransferase 1A4
Migalastat	METABOLIZED_BY	UDP-glucuronosyltransferase 1A6
Migalastat	METABOLIZED_BY	UDP-glucuronosyltransferase 1A7
Migalastat	METABOLIZED_BY	UDP-glucuronosyltransferase 1A8
Migalastat	METABOLIZED_BY	UDP-glucuronosyltransferase 1A9
Migalastat	METABOLIZED_BY	UDP-glucuronosyltransferase 2B4
Migalastat	METABOLIZED_BY	UDP-glucuronosyltransferase 2B7
Migalastat	METABOLIZED_BY	UDP-glucuronosyltransferase 2B15
Lancovutide	METABOLIZED_BY	Cytosolic phospholipase A2
Indacaterol	METABOLIZED_BY	Cytochrome P450 3A4
Indacaterol	METABOLIZED_BY	UDP-glucuronosyltransferase 1A1
Dirithromycin	METABOLIZED_BY	Cytochrome P450 3A4
Netilmicin	METABOLIZED_BY	RNA cytidine acetyltransferase
Norgestimate	METABOLIZED_BY	Cytochrome P450 3A4
Carboplatin	METABOLIZED_BY	Metallothionein-1A
Carboplatin	METABOLIZED_BY	Metallothionein-2
Carboplatin	METABOLIZED_BY	NAD(P)H dehydrogenase [quinone] 1
Carboplatin	METABOLIZED_BY	Myeloperoxidase
Carboplatin	METABOLIZED_BY	Superoxide dismutase [Cu-Zn]
Carboplatin	METABOLIZED_BY	Glutathione S-transferase Mu 1
Carboplatin	METABOLIZED_BY	Glutathione S-transferase P
Carboplatin	METABOLIZED_BY	Glutathione S-transferase theta-1
Carboplatin	METABOLIZED_BY	Xanthine dehydrogenase/oxidase
Methylprednisolone	METABOLIZED_BY	Cytochrome P450 3A4
Zaleplon	METABOLIZED_BY	Aldehyde oxidase
Zaleplon	METABOLIZED_BY	Cytochrome P450 3A4
Zaleplon	METABOLIZED_BY	Cytochrome P450 3A5
Zaleplon	METABOLIZED_BY	Cytochrome P450 3A7
Bromfenac	METABOLIZED_BY	Cytochrome P450 2C8
Bromfenac	METABOLIZED_BY	Cytochrome P450 2C9
Bromfenac	METABOLIZED_BY	Cytochrome P450 2C19
Bromfenac	METABOLIZED_BY	UDP-glucuronosyltransferase 2B7
Telmisartan	METABOLIZED_BY	UDP-glucuronosyltransferase 1A1
Telmisartan	METABOLIZED_BY	UDP-glucuronosyltransferase 1A3
Desloratadine	METABOLIZED_BY	Cytochrome P450 2C8
Desloratadine	METABOLIZED_BY	UDP-glucuronosyltransferase 2B10
Methyldopa	METABOLIZED_BY	Cytochrome P450 1A2
Methyldopa	METABOLIZED_BY	Cytochrome P450 2D6
Methyldopa	METABOLIZED_BY	Thiopurine S-methyltransferase
Methyldopa	METABOLIZED_BY	Sulfotransferase 1A1
Alosetron	METABOLIZED_BY	Cytochrome P450 1A2
Alosetron	METABOLIZED_BY	Cytochrome P450 2C9
Alosetron	METABOLIZED_BY	Cytochrome P450 2E1
Alosetron	METABOLIZED_BY	Cytochrome P450 3A4
Azelastine	METABOLIZED_BY	Cytochrome P450 1A2
Azelastine	METABOLIZED_BY	Cytochrome P450 2A6
Azelastine	METABOLIZED_BY	Cytochrome P450 2C8
Azelastine	METABOLIZED_BY	Cytochrome P450 2C9
Azelastine	METABOLIZED_BY	Cytochrome P450 2C19
Azelastine	METABOLIZED_BY	Cytochrome P450 2D6
Azelastine	METABOLIZED_BY	Cytochrome P450 3A4
Azelastine	METABOLIZED_BY	Cytochrome P450 3A5
Ezetimibe	METABOLIZED_BY	Cytochrome P450 3A4
Ezetimibe	METABOLIZED_BY	UDP-glucuronosyltransferase 1A1
Ezetimibe	METABOLIZED_BY	UDP-glucuronosyltransferase 1A3
Ezetimibe	METABOLIZED_BY	UDP-glucuronosyltransferase 2B7
Ezetimibe	METABOLIZED_BY	UDP-glucuronosyltransferase 2B15
Edetic acid	METABOLIZED_BY	Adenosine deaminase
Edetic acid	METABOLIZED_BY	Aromatase
Edetic acid	METABOLIZED_BY	Serum paraoxonase/lactonase 3
Telithromycin	METABOLIZED_BY	Cytochrome P450 3A4
Telithromycin	METABOLIZED_BY	Cytochrome P450 3A5
Ethinylestradiol	METABOLIZED_BY	Cytochrome P450 1A1
Ethinylestradiol	METABOLIZED_BY	Cytochrome P450 2C8
Ethinylestradiol	METABOLIZED_BY	Cytochrome P450 2C9
Ethinylestradiol	METABOLIZED_BY	Cytochrome P450 2C19
Ethinylestradiol	METABOLIZED_BY	Cytochrome P450 3A4
Ethinylestradiol	METABOLIZED_BY	UDP-glucuronosyltransferase 1A1
Lomefloxacin	METABOLIZED_BY	Cytochrome P450 1A2
Cyclopentolate	METABOLIZED_BY	Cholinesterase
Ramelteon	METABOLIZED_BY	Cytochrome P450 1A2
Ramelteon	METABOLIZED_BY	Cytochrome P450 2C9
Ramelteon	METABOLIZED_BY	Cytochrome P450 2C19
Ramelteon	METABOLIZED_BY	Cytochrome P450 3A4
Isotretinoin	METABOLIZED_BY	Cytochrome P450 3A4
Formoterol	METABOLIZED_BY	Cytochrome P450 2C9
Formoterol	METABOLIZED_BY	Cytochrome P450 2C19
Formoterol	METABOLIZED_BY	Cytochrome P450 2D6
Cytarabine	METABOLIZED_BY	5'-nucleotidase
Cytarabine	METABOLIZED_BY	Cytidine deaminase
Cytarabine	METABOLIZED_BY	Deoxycytidine kinase
Cytarabine	METABOLIZED_BY	Deoxycytidylate deaminase
Cytarabine	METABOLIZED_BY	Cytochrome P450 3A4
Dopamine	METABOLIZED_BY	Amine oxidase [flavin-containing] B
Dopamine	METABOLIZED_BY	Catechol O-methyltransferase
Dopamine	METABOLIZED_BY	Cytochrome P450 1A2
Dopamine	METABOLIZED_BY	Cytochrome P450 2C9
Dopamine	METABOLIZED_BY	Cytochrome P450 2C19
Dopamine	METABOLIZED_BY	Cytochrome P450 2D6
Exemestane	METABOLIZED_BY	Aromatase
Exemestane	METABOLIZED_BY	Cytochrome P450 3A4
Oxaprozin	METABOLIZED_BY	Cytochrome P450 2C9
Azathioprine	METABOLIZED_BY	Cytochrome P450 1A2
Azathioprine	METABOLIZED_BY	Thiopurine S-methyltransferase
Azathioprine	METABOLIZED_BY	Glutathione S-transferase A2
Azathioprine	METABOLIZED_BY	Glutathione S-transferase Mu 1
Gabapentin	METABOLIZED_BY	Branched-chain-amino-acid aminotransferase, cytosolic
Doxorubicin	METABOLIZED_BY	Aflatoxin B1 aldehyde reductase member 2
Doxorubicin	METABOLIZED_BY	Aldo-keto reductase family 1 member A1
Doxorubicin	METABOLIZED_BY	Aldo-keto reductase family 1 member C3
Doxorubicin	METABOLIZED_BY	Cytochrome P450 2D6
Doxorubicin	METABOLIZED_BY	Cytochrome P450 3A4
Doxorubicin	METABOLIZED_BY	Cytochrome P450 3A5
Doxorubicin	METABOLIZED_BY	Methionine synthase reductase
Doxorubicin	METABOLIZED_BY	NADPH--cytochrome P450 reductase
Doxorubicin	METABOLIZED_BY	NADH dehydrogenase [ubiquinone] iron-sulfur protein 2, mitochondrial
Doxorubicin	METABOLIZED_BY	NADH dehydrogenase [ubiquinone] iron-sulfur protein 3, mitochondrial
Doxorubicin	METABOLIZED_BY	NADH dehydrogenase [ubiquinone] iron-sulfur protein 7, mitochondrial
Doxorubicin	METABOLIZED_BY	Nitric oxide synthase 1
Doxorubicin	METABOLIZED_BY	Nitric oxide synthase, inducible
Doxorubicin	METABOLIZED_BY	Nitric oxide synthase 3
Doxorubicin	METABOLIZED_BY	NAD(P)H dehydrogenase [quinone] 1
Doxorubicin	METABOLIZED_BY	Xanthine dehydrogenase/oxidase
Frovatriptan	METABOLIZED_BY	Cytochrome P450 1A2
Albuterol	METABOLIZED_BY	Cytochrome P450 3A4
Albuterol	METABOLIZED_BY	Liver carboxylesterase 1
Levobupivacaine	METABOLIZED_BY	Cytochrome P450 1A2
Levobupivacaine	METABOLIZED_BY	Cytochrome P450 3A4
Letrozole	METABOLIZED_BY	Aromatase
Letrozole	METABOLIZED_BY	Cytochrome P450 2A6
Letrozole	METABOLIZED_BY	Cytochrome P450 3A4
Tioconazole	METABOLIZED_BY	Aromatase
Tioconazole	METABOLIZED_BY	Cytochrome P450 2C19
Tioconazole	METABOLIZED_BY	Cytochrome P450 2E1
Tioconazole	METABOLIZED_BY	Cytochrome P450 3A4
Busulfan	METABOLIZED_BY	Cytochrome P450 3A4
Busulfan	METABOLIZED_BY	Microsomal glutathione S-transferase 2
Busulfan	METABOLIZED_BY	Glutathione S-transferase A1
Busulfan	METABOLIZED_BY	Glutathione S-transferase A2
Busulfan	METABOLIZED_BY	Glutathione S-transferase Mu 1
Busulfan	METABOLIZED_BY	Glutathione S-transferase P
Ketoprofen	METABOLIZED_BY	Cytochrome P450 2C9
Ketoprofen	METABOLIZED_BY	UDP-glucuronosyltransferase 1A1
Cinacalcet	METABOLIZED_BY	Cytochrome P450 1A2
Cinacalcet	METABOLIZED_BY	Cytochrome P450 2D6
Cinacalcet	METABOLIZED_BY	Cytochrome P450 3A4
Clobetasol propionate	METABOLIZED_BY	Cytochrome P450 3A4
Clobetasol propionate	METABOLIZED_BY	Cytochrome P450 3A5
Sulfamethoxazole	METABOLIZED_BY	Cytochrome P450 2C8
Sulfamethoxazole	METABOLIZED_BY	Cytochrome P450 2C9
Sulfamethoxazole	METABOLIZED_BY	Cytochrome P450 3A4
Sulfamethoxazole	METABOLIZED_BY	RNA cytidine acetyltransferase
Sulfamethoxazole	METABOLIZED_BY	Prostaglandin G/H synthase 1
Sulfamethoxazole	METABOLIZED_BY	UDP-glucuronosyltransferase 1A9
Glyburide	METABOLIZED_BY	Cytochrome P450 2C9
Glyburide	METABOLIZED_BY	Cytochrome P450 2C19
Glyburide	METABOLIZED_BY	Cytochrome P450 3A4
Glyburide	METABOLIZED_BY	Cytochrome P450 3A5
Glyburide	METABOLIZED_BY	Cytochrome P450 3A7
Glyburide	METABOLIZED_BY	UDP-glucuronosyltransferase 1A1
Seletracetam	METABOLIZED_BY	Cytochrome P450 3A4
KOS-1584	METABOLIZED_BY	Cytochrome P450 3A4
Dovitinib	METABOLIZED_BY	Cytochrome P450 1A1
Dovitinib	METABOLIZED_BY	Cytochrome P450 1A2
Dovitinib	METABOLIZED_BY	Cytochrome P450 2C19
Dovitinib	METABOLIZED_BY	Cytochrome P450 3A4
Dovitinib	METABOLIZED_BY	UDP-glucuronosyltransferase 1A3
Dovitinib	METABOLIZED_BY	UDP-glucuronosyltransferase 2B7
Bropirimine	METABOLIZED_BY	Cytochrome P450 1A2
4-Nitrophenyl Phosphate	METABOLIZED_BY	Tyrosine-protein phosphatase non-receptor type 1
Quercetin	METABOLIZED_BY	Cytochrome P450 1A2
Quercetin	METABOLIZED_BY	Cytochrome P450 2C8
Quercetin	METABOLIZED_BY	Cytochrome P450 2C9
Quercetin	METABOLIZED_BY	Cytochrome P450 2C19
Quercetin	METABOLIZED_BY	Cytochrome P450 2D6
Quercetin	METABOLIZED_BY	Cytochrome P450 2E1
Quercetin	METABOLIZED_BY	Cytochrome P450 3A43
Quercetin	METABOLIZED_BY	Cytochrome P450 3A4
Quercetin	METABOLIZED_BY	Cytochrome P450 3A5
Quercetin	METABOLIZED_BY	Cytochrome P450 3A7
Erdosteine	METABOLIZED_BY	Adenosine deaminase
Fenretinide	METABOLIZED_BY	Cytochrome P450 2C8
Cimicoxib	METABOLIZED_BY	Prostaglandin G/H synthase 2
Trabectedin	METABOLIZED_BY	Cytochrome P450 2C9
Trabectedin	METABOLIZED_BY	Cytochrome P450 2C19
Trabectedin	METABOLIZED_BY	Cytochrome P450 2D6
Trabectedin	METABOLIZED_BY	Cytochrome P450 2E1
Trabectedin	METABOLIZED_BY	Cytochrome P450 3A4
Trabectedin	METABOLIZED_BY	Prostaglandin G/H synthase 1
Trabectedin	METABOLIZED_BY	Glutathione S-transferase A1
NN344	METABOLIZED_BY	Cytochrome P450 1A2
Isatin	METABOLIZED_BY	Carbonyl reductase [NADPH] 3
Isatin	METABOLIZED_BY	Amine oxidase [flavin-containing] B
Cytidine	METABOLIZED_BY	Nicotinamide riboside kinase 1
Cytidine	METABOLIZED_BY	Nicotinamide riboside kinase 2
Cytidine	METABOLIZED_BY	Uridine-cytidine kinase 1
Cytidine	METABOLIZED_BY	Uridine-cytidine kinase 2
Aleglitazar	METABOLIZED_BY	Cytochrome P450 2C8
Levomilnacipran	METABOLIZED_BY	Cytochrome P450 2C8
Levomilnacipran	METABOLIZED_BY	Cytochrome P450 2C19
Levomilnacipran	METABOLIZED_BY	Cytochrome P450 2D6
Levomilnacipran	METABOLIZED_BY	Cytochrome P450 2J2
Levomilnacipran	METABOLIZED_BY	Cytochrome P450 3A4
Perospirone	METABOLIZED_BY	Cytochrome P450 2C8
Perospirone	METABOLIZED_BY	Cytochrome P450 2D6
Dolutegravir	METABOLIZED_BY	Cytochrome P450 3A4
Dolutegravir	METABOLIZED_BY	UDP-glucuronosyltransferase 1A1
Riociguat	METABOLIZED_BY	Cytochrome P450 1A1
Riociguat	METABOLIZED_BY	Cytochrome P450 2C8
Riociguat	METABOLIZED_BY	Cytochrome P450 2J2
Riociguat	METABOLIZED_BY	Cytochrome P450 3A4
Macitentan	METABOLIZED_BY	Cytochrome P450 2C19
Macitentan	METABOLIZED_BY	Cytochrome P450 3A4
Luliconazole	METABOLIZED_BY	Cytochrome P450 2C19
Luliconazole	METABOLIZED_BY	Cytochrome P450 3A4
Sofosbuvir	METABOLIZED_BY	Liver carboxylesterase 1
Sofosbuvir	METABOLIZED_BY	Adenosine 5'-monophosphoramidase HINT1
Indoramin	METABOLIZED_BY	Cytochrome P450 2D6
Indenolol	METABOLIZED_BY	Cytochrome P450 2D6
Indalpine	METABOLIZED_BY	Cytochrome P450 3A4
Glibornuride	METABOLIZED_BY	Cytochrome P450 2C9
Fluprednidene	METABOLIZED_BY	Cytochrome P450 3A4
Fluprednidene	METABOLIZED_BY	Cytochrome P450 3A5
Fluocortolone	METABOLIZED_BY	Cytochrome P450 3A4
Fluocortolone	METABOLIZED_BY	Cytochrome P450 3A5
Flumequine	METABOLIZED_BY	Cytochrome P450 1A2
Fendiline	METABOLIZED_BY	Cytochrome P450 3A4
Brefeldin A	METABOLIZED_BY	Cytochrome P450 3A4
Obeticholic acid	METABOLIZED_BY	Bile acid-CoA:amino acid N-acyltransferase
Obeticholic acid	METABOLIZED_BY	Cytochrome P450 1A2
Trofinetide	METABOLIZED_BY	Cytochrome P450 3A4
Trofinetide	METABOLIZED_BY	UDP-glucuronosyltransferase 1A9
Trofinetide	METABOLIZED_BY	UDP-glucuronosyltransferase 2B7
Trofinetide	METABOLIZED_BY	UDP-glucuronosyltransferase 2B15
Tapinarof	METABOLIZED_BY	Cytochrome P450 1A2
Tapinarof	METABOLIZED_BY	Cytochrome P450 2C9
Tapinarof	METABOLIZED_BY	Cytochrome P450 2C19
Tapinarof	METABOLIZED_BY	Cytochrome P450 2D6
Tapinarof	METABOLIZED_BY	Cytochrome P450 3A4
AB192	METABOLIZED_BY	Myeloperoxidase
Cenobamate	METABOLIZED_BY	Cytochrome P450 2A6
Cenobamate	METABOLIZED_BY	Cytochrome P450 2B6
Cenobamate	METABOLIZED_BY	Cytochrome P450 2C8
Cenobamate	METABOLIZED_BY	Cytochrome P450 2C19
Cenobamate	METABOLIZED_BY	Cytochrome P450 2E1
Cenobamate	METABOLIZED_BY	Cytochrome P450 3A4
Cenobamate	METABOLIZED_BY	Cytochrome P450 3A5
Cenobamate	METABOLIZED_BY	UDP-glucuronosyltransferase 2B4
Cenobamate	METABOLIZED_BY	UDP-glucuronosyltransferase 2B7
Tirbanibulin	METABOLIZED_BY	Cytochrome P450 1A2
Tirbanibulin	METABOLIZED_BY	Cytochrome P450 2B6
Tirbanibulin	METABOLIZED_BY	Cytochrome P450 2C8
Tirbanibulin	METABOLIZED_BY	Cytochrome P450 2C9
Tirbanibulin	METABOLIZED_BY	Cytochrome P450 2C19
Tirbanibulin	METABOLIZED_BY	Cytochrome P450 2D6
Tirbanibulin	METABOLIZED_BY	Cytochrome P450 3A4
Sertindole	METABOLIZED_BY	Cytochrome P450 2D6
Sertindole	METABOLIZED_BY	Cytochrome P450 3A4
Sulfathiazole	METABOLIZED_BY	Aromatase
Mianserin	METABOLIZED_BY	Cytochrome P450 1A2
Mianserin	METABOLIZED_BY	Cytochrome P450 2D6
Mianserin	METABOLIZED_BY	Cytochrome P450 3A4
Teicoplanin	METABOLIZED_BY	Sulfotransferase 1A1
Sulfadimethoxine	METABOLIZED_BY	Cytochrome P450 2C9
Nylidrin	METABOLIZED_BY	Catechol O-methyltransferase
Nylidrin	METABOLIZED_BY	Cytochrome P450 3A4
Pizotifen	METABOLIZED_BY	UDP-glucuronosyltransferase 2B10
Pentaerythritol tetranitrate	METABOLIZED_BY	Aldehyde dehydrogenase, mitochondrial
Rimonabant	METABOLIZED_BY	Cytochrome P450 3A4
Garenoxacin	METABOLIZED_BY	Cytochrome P450 1A2
Noscapine	METABOLIZED_BY	Cytochrome P450 2C9
Noscapine	METABOLIZED_BY	Cytochrome P450 3A4
Romidepsin	METABOLIZED_BY	Cytochrome P450 3A4
Romidepsin	METABOLIZED_BY	Cytochrome P450 3A5
Pretomanid	METABOLIZED_BY	Cytochrome P450 3A4
Elafin	METABOLIZED_BY	Myeloperoxidase
SQ-109	METABOLIZED_BY	Cytochrome P450 2C19
SQ-109	METABOLIZED_BY	Cytochrome P450 2D6
Elafibranor	METABOLIZED_BY	Cytochrome P450 2C8
Elafibranor	METABOLIZED_BY	Cytochrome P450 2J2
Elafibranor	METABOLIZED_BY	Cytochrome P450 3A4
Elafibranor	METABOLIZED_BY	Prostaglandin reductase 1
Elafibranor	METABOLIZED_BY	UDP-glucuronosyltransferase 1A3
Elafibranor	METABOLIZED_BY	UDP-glucuronosyltransferase 1A4
Elafibranor	METABOLIZED_BY	UDP-glucuronosyltransferase 1A6
Elafibranor	METABOLIZED_BY	UDP-glucuronosyltransferase 2B7
Sofalcone	METABOLIZED_BY	Carbonyl reductase [NADPH] 1
HE3286	METABOLIZED_BY	Cytochrome P450 3A4
Crisaborole	METABOLIZED_BY	Cytochrome P450 2B6
Crisaborole	METABOLIZED_BY	Cytochrome P450 2C8
Crisaborole	METABOLIZED_BY	Cytochrome P450 2C9
Pracinostat	METABOLIZED_BY	Cytochrome P450 1A2
Pracinostat	METABOLIZED_BY	Cytochrome P450 3A4
Beraprost	METABOLIZED_BY	Cytochrome P450 2C8
Cobimetinib	METABOLIZED_BY	Cytochrome P450 2D6
Cobimetinib	METABOLIZED_BY	Cytochrome P450 3A4
Cobimetinib	METABOLIZED_BY	Cytochrome P450 3A5
Cobimetinib	METABOLIZED_BY	UDP-glucuronosyltransferase 2B7
Methsuximide	METABOLIZED_BY	Cytochrome P450 2C19
Interferon alfa	METABOLIZED_BY	Cytochrome P450 1A2
Eperisone	METABOLIZED_BY	Cytochrome P450 2J2
Eperisone	METABOLIZED_BY	Cytochrome P450 3A4
Diosmin	METABOLIZED_BY	Cytochrome P450 1A1
Diosmin	METABOLIZED_BY	Cytochrome P450 2C9
Diosmin	METABOLIZED_BY	Cytochrome P450 2E1
Diosmin	METABOLIZED_BY	Cytochrome P450 3A4
Cyamemazine	METABOLIZED_BY	Cytochrome P450 1A2
Cyamemazine	METABOLIZED_BY	Cytochrome P450 2C8
Cyamemazine	METABOLIZED_BY	Cytochrome P450 2C9
Cyamemazine	METABOLIZED_BY	Cytochrome P450 3A4
Cefaloridine	METABOLIZED_BY	Cytochrome P450 2C8
Befunolol	METABOLIZED_BY	Cytochrome P450 2D6
Brotizolam	METABOLIZED_BY	Cytochrome P450 3A4
Bromhexine	METABOLIZED_BY	Angiotensin-converting enzyme 2
Aliskiren	METABOLIZED_BY	Cytochrome P450 3A4
Vorapaxar	METABOLIZED_BY	Cytochrome P450 2J2
Vorapaxar	METABOLIZED_BY	Cytochrome P450 3A4
Miltefosine	METABOLIZED_BY	Phospholipase D1
Suvorexant	METABOLIZED_BY	Cytochrome P450 3A4
Siltuximab	METABOLIZED_BY	Cytochrome P450 3A4
Empagliflozin	METABOLIZED_BY	UDP-glucuronosyltransferase 1A3
Empagliflozin	METABOLIZED_BY	UDP-glucuronosyltransferase 1A8
Empagliflozin	METABOLIZED_BY	UDP-glucuronosyltransferase 1A9
Empagliflozin	METABOLIZED_BY	UDP-glucuronosyltransferase 2B7
Netupitant	METABOLIZED_BY	Cytochrome P450 2C9
Netupitant	METABOLIZED_BY	Cytochrome P450 2D6
Netupitant	METABOLIZED_BY	Cytochrome P450 3A4
Naloxegol	METABOLIZED_BY	Cytochrome P450 2C19
Naloxegol	METABOLIZED_BY	Cytochrome P450 2D6
Naloxegol	METABOLIZED_BY	Cytochrome P450 3A4
Ibrutinib	METABOLIZED_BY	Cytochrome P450 2D6
Ibrutinib	METABOLIZED_BY	Cytochrome P450 3A4
Ibrutinib	METABOLIZED_BY	Cytochrome P450 3A5
Idelalisib	METABOLIZED_BY	Cytochrome P450 3A4
Cannabidiol	METABOLIZED_BY	Cytochrome P450 1A1
Cannabidiol	METABOLIZED_BY	Cytochrome P450 1A2
Cannabidiol	METABOLIZED_BY	Cytochrome P450 1B1
Cannabidiol	METABOLIZED_BY	Cytochrome P450 2A6
Cannabidiol	METABOLIZED_BY	Cytochrome P450 2B6
Cannabidiol	METABOLIZED_BY	Cytochrome P450 2C8
Cannabidiol	METABOLIZED_BY	Cytochrome P450 2C9
Cannabidiol	METABOLIZED_BY	Cytochrome P450 2C19
Cannabidiol	METABOLIZED_BY	Cytochrome P450 2D6
Cannabidiol	METABOLIZED_BY	Cytochrome P450 2E1
Cannabidiol	METABOLIZED_BY	Cytochrome P450 2J2
Cannabidiol	METABOLIZED_BY	Cytochrome P450 3A4
Cannabidiol	METABOLIZED_BY	Cytochrome P450 3A5
Cannabidiol	METABOLIZED_BY	Cytochrome P450 3A7
Cannabidiol	METABOLIZED_BY	Liver carboxylesterase 1
Cannabidiol	METABOLIZED_BY	Fatty-acid amide hydrolase 1
Cannabidiol	METABOLIZED_BY	Polyunsaturated fatty acid lipoxygenase ALOX15
Cannabidiol	METABOLIZED_BY	Polyunsaturated fatty acid 5-lipoxygenase
Cannabidiol	METABOLIZED_BY	Serotonin N-acetyltransferase
Cannabidiol	METABOLIZED_BY	Quinone oxidoreductase
Cannabidiol	METABOLIZED_BY	UDP-glucuronosyltransferase 1A7
Cannabidiol	METABOLIZED_BY	UDP-glucuronosyltransferase 1A9
Cannabidiol	METABOLIZED_BY	UDP-glucuronosyltransferase 2B7
Cannabidiol	METABOLIZED_BY	UDP-glucuronosyltransferase 2B17
Ceritinib	METABOLIZED_BY	Cytochrome P450 2C9
Ceritinib	METABOLIZED_BY	Cytochrome P450 3A4
Ciprofibrate	METABOLIZED_BY	Cytochrome P450 3A4
Cobicistat	METABOLIZED_BY	Cytochrome P450 2D6
Cobicistat	METABOLIZED_BY	Cytochrome P450 3A4
Cobicistat	METABOLIZED_BY	Cytochrome P450 3A5
Cobicistat	METABOLIZED_BY	Cytochrome P450 3A7
Vortioxetine	METABOLIZED_BY	Cytochrome P450 2A6
Vortioxetine	METABOLIZED_BY	Cytochrome P450 2C8
Vortioxetine	METABOLIZED_BY	Cytochrome P450 2C9
Vortioxetine	METABOLIZED_BY	Cytochrome P450 2C19
Vortioxetine	METABOLIZED_BY	Cytochrome P450 2D6
Vortioxetine	METABOLIZED_BY	Cytochrome P450 3A4
Vortioxetine	METABOLIZED_BY	Cytochrome P450 3A5
Tibolone	METABOLIZED_BY	3 beta-hydroxysteroid dehydrogenase/Delta 5-->4-isomerase type 1
Tibolone	METABOLIZED_BY	3 beta-hydroxysteroid dehydrogenase/Delta 5-->4-isomerase type 2
Tibolone	METABOLIZED_BY	Sulfotransferase 1A1
Tibolone	METABOLIZED_BY	Steryl-sulfatase
Tasimelteon	METABOLIZED_BY	Cytochrome P450 1A2
Tasimelteon	METABOLIZED_BY	Cytochrome P450 3A4
Palbociclib	METABOLIZED_BY	Cytochrome P450 3A4
Olaparib	METABOLIZED_BY	Cytochrome P450 3A4
Lenvatinib	METABOLIZED_BY	Aldehyde oxidase
Lenvatinib	METABOLIZED_BY	Cytochrome P450 1A2
Lenvatinib	METABOLIZED_BY	Cytochrome P450 2B6
Lenvatinib	METABOLIZED_BY	Cytochrome P450 2C8
Lenvatinib	METABOLIZED_BY	Cytochrome P450 2C9
Lenvatinib	METABOLIZED_BY	Cytochrome P450 2C19
Lenvatinib	METABOLIZED_BY	Cytochrome P450 2D6
Lenvatinib	METABOLIZED_BY	Cytochrome P450 3A4
Olodaterol	METABOLIZED_BY	Cytochrome P450 2C9
Idebenone	METABOLIZED_BY	Cytochrome P450 1A2
Vilanterol	METABOLIZED_BY	Cytochrome P450 3A4
Ivabradine	METABOLIZED_BY	Cytochrome P450 3A4
Benzydamine	METABOLIZED_BY	Cytochrome P450 1A1
Benzydamine	METABOLIZED_BY	Cytochrome P450 1A2
Benzydamine	METABOLIZED_BY	Cytochrome P450 2C19
Benzydamine	METABOLIZED_BY	Cytochrome P450 2D6
Benzydamine	METABOLIZED_BY	Cytochrome P450 2E1
Benzydamine	METABOLIZED_BY	Cytochrome P450 3A4
Benzydamine	METABOLIZED_BY	Dimethylaniline monooxygenase [N-oxide-forming] 4
Eugenol	METABOLIZED_BY	UDP-glucuronosyltransferase 1A1
Eugenol	METABOLIZED_BY	UDP-glucuronosyltransferase 1A7
Eugenol	METABOLIZED_BY	UDP-glucuronosyltransferase 1A8
Eugenol	METABOLIZED_BY	UDP-glucuronosyltransferase 1A9
Trimebutine	METABOLIZED_BY	Cytochrome P450 3A4
Pinaverium	METABOLIZED_BY	Cytochrome P450 3A4
Difluocortolone	METABOLIZED_BY	Cytochrome P450 3A4
Difluocortolone	METABOLIZED_BY	Cytochrome P450 3A5
Somatostatin	METABOLIZED_BY	Cytochrome P450 3A4
Thyroid, porcine	METABOLIZED_BY	Type I iodothyronine deiodinase
Thyroid, porcine	METABOLIZED_BY	Type II iodothyronine deiodinase
Thyroid, porcine	METABOLIZED_BY	Thyroxine 5-deiodinase
Thyroid, porcine	METABOLIZED_BY	Sulfotransferase 1A1
Thyroid, porcine	METABOLIZED_BY	Sulfotransferase 1A2
Thyroid, porcine	METABOLIZED_BY	Sulfotransferase 1A3
Thyroid, porcine	METABOLIZED_BY	Sulfotransferase 1B1
Thyroid, porcine	METABOLIZED_BY	Sulfotransferase 1C2
Thyroid, porcine	METABOLIZED_BY	Sulfotransferase 1E1
Elvitegravir	METABOLIZED_BY	Cytochrome P450 3A4
Elvitegravir	METABOLIZED_BY	UDP-glucuronosyltransferase 1A1
Daclatasvir	METABOLIZED_BY	Cytochrome P450 3A43
Daclatasvir	METABOLIZED_BY	Cytochrome P450 3A4
Daclatasvir	METABOLIZED_BY	Cytochrome P450 3A5
Daclatasvir	METABOLIZED_BY	Cytochrome P450 3A7
Calcium carbimide	METABOLIZED_BY	Catalase
Seliciclib	METABOLIZED_BY	Cytochrome P450 3A4
Seliciclib	METABOLIZED_BY	Prostaglandin G/H synthase 2
Atrasentan	METABOLIZED_BY	Cytochrome P450 3A4
Rufinamide	METABOLIZED_BY	Liver carboxylesterase 1
Rufinamide	METABOLIZED_BY	Cocaine esterase
Alogliptin	METABOLIZED_BY	Cytochrome P450 2D6
Alogliptin	METABOLIZED_BY	Cytochrome P450 3A4
Silodosin	METABOLIZED_BY	Alcohol dehydrogenase 1A
Silodosin	METABOLIZED_BY	Aldehyde dehydrogenase, mitochondrial
Silodosin	METABOLIZED_BY	Cytochrome P450 3A4
Silodosin	METABOLIZED_BY	UDP-glucuronosyltransferase 2B7
Prasugrel	METABOLIZED_BY	Cytochrome P450 2C9
Prasugrel	METABOLIZED_BY	Cytochrome P450 2C19
Prasugrel	METABOLIZED_BY	Cytochrome P450 3A4
Eltrombopag	METABOLIZED_BY	Cytochrome P450 1A2
Eltrombopag	METABOLIZED_BY	Cytochrome P450 2C8
Eltrombopag	METABOLIZED_BY	UDP-glucuronosyltransferase 1A1
Eltrombopag	METABOLIZED_BY	UDP-glucuronosyltransferase 1A3
Eltrombopag	METABOLIZED_BY	UDP-glucuronosyltransferase 1A9
Doripenem	METABOLIZED_BY	Dipeptidase 1
Tolvaptan	METABOLIZED_BY	Cytochrome P450 3A4
Asenapine	METABOLIZED_BY	Cytochrome P450 1A2
Asenapine	METABOLIZED_BY	Cytochrome P450 2D6
Asenapine	METABOLIZED_BY	Cytochrome P450 3A4
Asenapine	METABOLIZED_BY	UDP-glucuronosyltransferase 1A4
Vernakalant	METABOLIZED_BY	Cytochrome P450 2D6
Lacosamide	METABOLIZED_BY	Cytochrome P450 2C9
Lacosamide	METABOLIZED_BY	Cytochrome P450 2C19
Rivaroxaban	METABOLIZED_BY	Cytochrome P450 2J2
Rivaroxaban	METABOLIZED_BY	Cytochrome P450 3A4
Rivaroxaban	METABOLIZED_BY	Cytochrome P450 3A5
Ridaforolimus	METABOLIZED_BY	Cytochrome P450 3A4
Maribavir	METABOLIZED_BY	Cytochrome P450 3A4
Vadimezan	METABOLIZED_BY	Cytochrome P450 1A2
Vadimezan	METABOLIZED_BY	UDP-glucuronosyltransferase 1A9
Vadimezan	METABOLIZED_BY	UDP-glucuronosyltransferase 2B7
Avanafil	METABOLIZED_BY	Cytochrome P450 3A4
Droxidopa	METABOLIZED_BY	Aromatic-L-amino-acid decarboxylase
Amrubicin	METABOLIZED_BY	NADPH--cytochrome P450 reductase
Tolperisone	METABOLIZED_BY	Cytochrome P450 1A2
Tolperisone	METABOLIZED_BY	Cytochrome P450 2C19
Tolperisone	METABOLIZED_BY	Cytochrome P450 2D6
Emivirine	METABOLIZED_BY	Cytochrome P450 3A4
Emivirine	METABOLIZED_BY	Cytochrome P450 3A5
Rotigotine	METABOLIZED_BY	Cytochrome P450 3A4
Rotigotine	METABOLIZED_BY	Sulfotransferase 1A1
Vandetanib	METABOLIZED_BY	Cytochrome P450 3A4
Pimavanserin	METABOLIZED_BY	Cytochrome P450 2D6
Pimavanserin	METABOLIZED_BY	Cytochrome P450 2J2
Pimavanserin	METABOLIZED_BY	Cytochrome P450 3A4
Pimavanserin	METABOLIZED_BY	Cytochrome P450 3A5
Dexlansoprazole	METABOLIZED_BY	Cytochrome P450 2C19
Dexlansoprazole	METABOLIZED_BY	Cytochrome P450 3A4
Histamine	METABOLIZED_BY	Diamine oxidase [copper-containing]
Histamine	METABOLIZED_BY	Cytochrome P450 2C9
Histamine	METABOLIZED_BY	Cytochrome P450 3A4
Histamine	METABOLIZED_BY	Histamine N-methyltransferase
Histamine	METABOLIZED_BY	Thiopurine S-methyltransferase
Iodine	METABOLIZED_BY	Thyroid peroxidase
Regramostim	METABOLIZED_BY	Cholinesterase
Udenafil	METABOLIZED_BY	Cytochrome P450 3A4
Udenafil	METABOLIZED_BY	Cytochrome P450 3A5
Sitaxentan	METABOLIZED_BY	Cytochrome P450 2C9
Sitaxentan	METABOLIZED_BY	Cytochrome P450 2C19
Sitaxentan	METABOLIZED_BY	Cytochrome P450 3A4
Tocilizumab	METABOLIZED_BY	Cytochrome P450 3A4
Torcetrapib	METABOLIZED_BY	Cytochrome P450 11B2, mitochondrial
Torcetrapib	METABOLIZED_BY	Cytochrome P450 3A4
Temsirolimus	METABOLIZED_BY	Cytochrome P450 3A4
Temsirolimus	METABOLIZED_BY	Cytochrome P450 3A5
Temsirolimus	METABOLIZED_BY	Cytochrome P450 3A7
Simeprevir	METABOLIZED_BY	Cytochrome P450 1A2
Simeprevir	METABOLIZED_BY	Cytochrome P450 3A4
Dapagliflozin	METABOLIZED_BY	Cytochrome P450 1A2
Dapagliflozin	METABOLIZED_BY	Cytochrome P450 2A6
Dapagliflozin	METABOLIZED_BY	Cytochrome P450 2C9
Dapagliflozin	METABOLIZED_BY	Cytochrome P450 2D6
Dapagliflozin	METABOLIZED_BY	Cytochrome P450 3A4
Dapagliflozin	METABOLIZED_BY	UDP-glucuronosyltransferase 1A9
Dapagliflozin	METABOLIZED_BY	UDP-glucuronosyltransferase 2B7
Apoptone	METABOLIZED_BY	Cytochrome P450 2C19
Apoptone	METABOLIZED_BY	Cytochrome P450 3A4
Refametinib	METABOLIZED_BY	Cytochrome P450 2C19
Refametinib	METABOLIZED_BY	Cytochrome P450 3A4
SGX-523	METABOLIZED_BY	Aldehyde oxidase
AVE9633	METABOLIZED_BY	Cytochrome P450 3A4
Saxagliptin	METABOLIZED_BY	Cytochrome P450 3A4
Saxagliptin	METABOLIZED_BY	Cytochrome P450 3A5
Coltuximab ravtansine	METABOLIZED_BY	Cytochrome P450 3A4
Iclaprim	METABOLIZED_BY	Cytochrome P450 2C9
Iclaprim	METABOLIZED_BY	Cytochrome P450 2D6
Iclaprim	METABOLIZED_BY	Cytochrome P450 3A4
Indisulam	METABOLIZED_BY	Cytochrome P450 2C9
Indisulam	METABOLIZED_BY	Cytochrome P450 2C19
Indisulam	METABOLIZED_BY	Cytochrome P450 2D6
Indisulam	METABOLIZED_BY	Cytochrome P450 2E1
Indisulam	METABOLIZED_BY	Cytochrome P450 3A4
Elacestrant	METABOLIZED_BY	Cytochrome P450 2A6
Elacestrant	METABOLIZED_BY	Cytochrome P450 2C9
Elacestrant	METABOLIZED_BY	Cytochrome P450 3A4
Bazedoxifene	METABOLIZED_BY	UDP-glucuronosyltransferase 1A10
Bazedoxifene	METABOLIZED_BY	UDP-glucuronosyltransferase 1A1
Ambrisentan	METABOLIZED_BY	Cytochrome P450 2C19
Ambrisentan	METABOLIZED_BY	Cytochrome P450 3A4
Ambrisentan	METABOLIZED_BY	UDP-glucuronosyltransferase 1A3
Ambrisentan	METABOLIZED_BY	UDP-glucuronosyltransferase 1A9
Ambrisentan	METABOLIZED_BY	UDP-glucuronosyltransferase 2B7
Doxercalciferol	METABOLIZED_BY	Sterol 26-hydroxylase, mitochondrial
Oxymetholone	METABOLIZED_BY	Amine oxidase [flavin-containing] A
Oxymetholone	METABOLIZED_BY	Cytochrome P450 2D6
Oxymetholone	METABOLIZED_BY	Cytochrome P450 3A43
Oxymetholone	METABOLIZED_BY	Cytochrome P450 3A4
Oxymetholone	METABOLIZED_BY	Cytochrome P450 3A5
Oxymetholone	METABOLIZED_BY	Cytochrome P450 3A7
Oxymetholone	METABOLIZED_BY	3-oxo-5-alpha-steroid 4-dehydrogenase 1
Armodafinil	METABOLIZED_BY	Cytochrome P450 1A2
Armodafinil	METABOLIZED_BY	Cytochrome P450 2B6
Armodafinil	METABOLIZED_BY	Cytochrome P450 2C9
Armodafinil	METABOLIZED_BY	Cytochrome P450 2C19
Armodafinil	METABOLIZED_BY	Cytochrome P450 3A4
Armodafinil	METABOLIZED_BY	Cytochrome P450 3A5
Etravirine	METABOLIZED_BY	Cytochrome P450 2C9
Etravirine	METABOLIZED_BY	Cytochrome P450 2C19
Etravirine	METABOLIZED_BY	Cytochrome P450 3A4
Endostatin	METABOLIZED_BY	Aromatase
Tezacitabine	METABOLIZED_BY	Thymidine phosphorylase
Semaxanib	METABOLIZED_BY	Prostaglandin G/H synthase 2
Avasimibe	METABOLIZED_BY	Cytochrome P450 1A2
Avasimibe	METABOLIZED_BY	Cytochrome P450 2C9
Avasimibe	METABOLIZED_BY	Cytochrome P450 2C19
Avasimibe	METABOLIZED_BY	Cytochrome P450 3A4
Paraldehyde	METABOLIZED_BY	Aldehyde dehydrogenase, mitochondrial
Stiripentol	METABOLIZED_BY	Cytochrome P450 1A2
Stiripentol	METABOLIZED_BY	Cytochrome P450 2B6
Stiripentol	METABOLIZED_BY	Cytochrome P450 2C8
Stiripentol	METABOLIZED_BY	Cytochrome P450 2C9
Stiripentol	METABOLIZED_BY	Cytochrome P450 2C19
Stiripentol	METABOLIZED_BY	Cytochrome P450 2D6
Stiripentol	METABOLIZED_BY	Cytochrome P450 3A4
Zucapsaicin	METABOLIZED_BY	Cytochrome P450 1A2
Zucapsaicin	METABOLIZED_BY	Cytochrome P450 2C9
Zucapsaicin	METABOLIZED_BY	Cytochrome P450 2C19
Zucapsaicin	METABOLIZED_BY	Cytochrome P450 2E1
Peginterferon beta-1a	METABOLIZED_BY	Cytochrome P450 1A2
Dienogest	METABOLIZED_BY	Cytochrome P450 3A4
Medrogestone	METABOLIZED_BY	Cytochrome P450 3A4
Brexpiprazole	METABOLIZED_BY	Cytochrome P450 2D6
Brexpiprazole	METABOLIZED_BY	Cytochrome P450 3A4
Copper	METABOLIZED_BY	Peptidyl-glycine alpha-amidating monooxygenase
Copper	METABOLIZED_BY	Angiogenin
Copper	METABOLIZED_BY	Diamine oxidase [copper-containing]
Copper	METABOLIZED_BY	Amine oxidase [flavin-containing] A
Copper	METABOLIZED_BY	Amine oxidase [flavin-containing] B
Copper	METABOLIZED_BY	Cytochrome c oxidase subunit 1
Copper	METABOLIZED_BY	Dopamine beta-hydroxylase
Copper	METABOLIZED_BY	Protein-lysine 6-oxidase
Copper	METABOLIZED_BY	Major prion protein
Copper	METABOLIZED_BY	Superoxide dismutase [Cu-Zn]
Copper	METABOLIZED_BY	Tyrosinase
Sonidegib	METABOLIZED_BY	Cytochrome P450 3A4
Florbetaben F-18	METABOLIZED_BY	Cytochrome P450 2J2
Florbetaben F-18	METABOLIZED_BY	Cytochrome P450 4F2
Dasabuvir	METABOLIZED_BY	Cytochrome P450 2C8
Dasabuvir	METABOLIZED_BY	Cytochrome P450 2D6
Dasabuvir	METABOLIZED_BY	Cytochrome P450 3A4
Dasabuvir	METABOLIZED_BY	UDP-glucuronosyltransferase 1A1
Lorpiprazole	METABOLIZED_BY	Cytochrome P450 2D6
Lorpiprazole	METABOLIZED_BY	Cytochrome P450 3A4
Lobeglitazone	METABOLIZED_BY	Cytochrome P450 2C8
Lobeglitazone	METABOLIZED_BY	Cytochrome P450 3A4
Netoglitazone	METABOLIZED_BY	Cytochrome P450 2C8
Netoglitazone	METABOLIZED_BY	Cytochrome P450 3A4
Rivoglitazone	METABOLIZED_BY	Cytochrome P450 2C8
Rivoglitazone	METABOLIZED_BY	Cytochrome P450 3A4
Rivoglitazone	METABOLIZED_BY	UDP-glucuronosyltransferase 1A3
Rivoglitazone	METABOLIZED_BY	UDP-glucuronosyltransferase 2B7
Ciglitazone	METABOLIZED_BY	Cytochrome P450 2C8
Ciglitazone	METABOLIZED_BY	Cytochrome P450 3A4
Arotinolol	METABOLIZED_BY	Cytochrome P450 2D6
Loxoprofen	METABOLIZED_BY	UDP-glucuronosyltransferase 2B7
Dexibuprofen	METABOLIZED_BY	Alpha-methylacyl-CoA racemase
Dexibuprofen	METABOLIZED_BY	Cytochrome P450 2C8
Dexibuprofen	METABOLIZED_BY	Cytochrome P450 2C9
Dexibuprofen	METABOLIZED_BY	Cytochrome P450 2C19
Dexibuprofen	METABOLIZED_BY	UDP-glucuronosyltransferase 1A1
Dexibuprofen	METABOLIZED_BY	UDP-glucuronosyltransferase 1A3
Dexibuprofen	METABOLIZED_BY	UDP-glucuronosyltransferase 1A9
Dexibuprofen	METABOLIZED_BY	UDP-glucuronosyltransferase 2B7
Dexketoprofen	METABOLIZED_BY	Prostaglandin G/H synthase 1
Dexketoprofen	METABOLIZED_BY	Prostaglandin G/H synthase 2
Polaprezinc	METABOLIZED_BY	Heme oxygenase 1
Polaprezinc	METABOLIZED_BY	Glutathione peroxidase 1
Polaprezinc	METABOLIZED_BY	Peroxiredoxin-1
Polaprezinc	METABOLIZED_BY	Peroxiredoxin-5, mitochondrial
Polaprezinc	METABOLIZED_BY	Superoxide dismutase [Cu-Zn]
Polaprezinc	METABOLIZED_BY	Superoxide dismutase [Mn], mitochondrial
Polaprezinc	METABOLIZED_BY	Glutathione S-transferase theta-1
Blonanserin	METABOLIZED_BY	Cytochrome P450 3A4
Melperone	METABOLIZED_BY	Cytochrome P450 2D6
Zotepine	METABOLIZED_BY	Cytochrome P450 1A1
Zotepine	METABOLIZED_BY	Cytochrome P450 1A2
Zotepine	METABOLIZED_BY	Cytochrome P450 2C19
Zotepine	METABOLIZED_BY	Cytochrome P450 2D6
Zotepine	METABOLIZED_BY	Cytochrome P450 3A4
Zotepine	METABOLIZED_BY	Cytochrome P450 3A5
Azelnidipine	METABOLIZED_BY	Cytochrome P450 3A4
Cilnidipine	METABOLIZED_BY	Cytochrome P450 3A4
Darodipine	METABOLIZED_BY	Cytochrome P450 3A4
Efonidipine	METABOLIZED_BY	Cytochrome P450 3A4
Lacidipine	METABOLIZED_BY	Cytochrome P450 3A4
Levamlodipine	METABOLIZED_BY	Cytochrome P450 3A4
Manidipine	METABOLIZED_BY	Cytochrome P450 1A1
Manidipine	METABOLIZED_BY	Cytochrome P450 2B6
Manidipine	METABOLIZED_BY	Cytochrome P450 2C9
Manidipine	METABOLIZED_BY	Cytochrome P450 2C19
Manidipine	METABOLIZED_BY	Cytochrome P450 2D6
Manidipine	METABOLIZED_BY	Cytochrome P450 2J2
Manidipine	METABOLIZED_BY	Cytochrome P450 3A4
Niguldipine	METABOLIZED_BY	Cytochrome P450 3A4
Niludipine	METABOLIZED_BY	Cytochrome P450 3A4
Methylene blue	METABOLIZED_BY	Flavin reductase (NADPH)
Methylene blue	METABOLIZED_BY	Cytochrome P450 1A2
Methylene blue	METABOLIZED_BY	Cytochrome P450 2B6
Methylene blue	METABOLIZED_BY	Cytochrome P450 2C8
Methylene blue	METABOLIZED_BY	Cytochrome P450 2C9
Methylene blue	METABOLIZED_BY	Cytochrome P450 2C19
Methylene blue	METABOLIZED_BY	Cytochrome P450 2D6
Methylene blue	METABOLIZED_BY	Cytochrome P450 3A4
Methylene blue	METABOLIZED_BY	Cytochrome P450 3A5
Methylene blue	METABOLIZED_BY	UDP-glucuronosyltransferase 1A4
Methylene blue	METABOLIZED_BY	UDP-glucuronosyltransferase 1A9
Pirlindole	METABOLIZED_BY	Amine oxidase [flavin-containing] A
Toloxatone	METABOLIZED_BY	Amine oxidase [flavin-containing] A
Tranilast	METABOLIZED_BY	Cytochrome P450 2C9
Tranilast	METABOLIZED_BY	Cytochrome P450 3A4
Acetic acid	METABOLIZED_BY	Cytochrome P450 2E1
Anlotinib	METABOLIZED_BY	Cytochrome P450 3A4
Anlotinib	METABOLIZED_BY	Cytochrome P450 3A5
Infigratinib	METABOLIZED_BY	Cytochrome P450 3A4
Infigratinib	METABOLIZED_BY	Flavin-containing monooxygenase 3
Prulifloxacin	METABOLIZED_BY	Cytochrome P450 1A2
Prulifloxacin	METABOLIZED_BY	Serum paraoxonase/arylesterase 1
Apalutamide	METABOLIZED_BY	Cytochrome P450 2C8
Apalutamide	METABOLIZED_BY	Cytochrome P450 3A4
Sutezolid	METABOLIZED_BY	Cytochrome P450 3A4
6-O-benzylguanine	METABOLIZED_BY	Cytochrome P450 1A2
6-O-benzylguanine	METABOLIZED_BY	Cytochrome P450 3A4
Deflazacort	METABOLIZED_BY	Cytochrome P450 3A4
Safingol	METABOLIZED_BY	Cytochrome P450 3A4
Vistusertib	METABOLIZED_BY	Cytochrome P450 2C8
Vistusertib	METABOLIZED_BY	Cytochrome P450 3A4
Vistusertib	METABOLIZED_BY	Cytochrome P450 3A5
Selinexor	METABOLIZED_BY	Cytochrome P450 3A4
Selinexor	METABOLIZED_BY	Glutathione S-transferase A1
Selinexor	METABOLIZED_BY	UDP-glucuronosyltransferase 1A1
Delafloxacin	METABOLIZED_BY	Cytochrome P450 2C9
Delafloxacin	METABOLIZED_BY	Cytochrome P450 2E1
Delafloxacin	METABOLIZED_BY	Cytochrome P450 3A4
Delafloxacin	METABOLIZED_BY	UDP-glucuronosyltransferase 1A1
Delafloxacin	METABOLIZED_BY	UDP-glucuronosyltransferase 1A3
Delafloxacin	METABOLIZED_BY	UDP-glucuronosyltransferase 2B15
Lapachone	METABOLIZED_BY	NAD(P)H dehydrogenase [quinone] 1
Teneligliptin	METABOLIZED_BY	Cytochrome P450 3A4
Lemborexant	METABOLIZED_BY	Cytochrome P450 2B6
Lemborexant	METABOLIZED_BY	Cytochrome P450 3A43
Lemborexant	METABOLIZED_BY	Cytochrome P450 3A4
Lemborexant	METABOLIZED_BY	Cytochrome P450 3A5
Lemborexant	METABOLIZED_BY	Cytochrome P450 3A7
Duvelisib	METABOLIZED_BY	Cytochrome P450 3A4
Idalopirdine	METABOLIZED_BY	Cytochrome P450 2D6
Idalopirdine	METABOLIZED_BY	Cytochrome P450 3A4
Carboxyamidotriazole	METABOLIZED_BY	Cytochrome P450 3A4
Dacomitinib	METABOLIZED_BY	Cytochrome P450 2C9
Dacomitinib	METABOLIZED_BY	Cytochrome P450 2D6
Dacomitinib	METABOLIZED_BY	Cytochrome P450 3A4
2-Hydroxyestradiol	METABOLIZED_BY	UDP-glucuronosyltransferase 1A6
Tegafur	METABOLIZED_BY	Cytochrome P450 1A2
Tegafur	METABOLIZED_BY	Cytochrome P450 2A6
Tegafur	METABOLIZED_BY	Cytochrome P450 2C8
Tegafur	METABOLIZED_BY	Cytochrome P450 2E1
Tegafur	METABOLIZED_BY	Cytochrome P450 3A5
Imidafenacin	METABOLIZED_BY	Cytochrome P450 3A4
Imidafenacin	METABOLIZED_BY	UDP-glucuronosyltransferase 1A4
Phenylacetic acid	METABOLIZED_BY	Liver carboxylesterase 1
Ubidecarenone	METABOLIZED_BY	3-hydroxy-3-methylglutaryl-coenzyme A reductase
Doxofylline	METABOLIZED_BY	Cytochrome P450 1A2
Artesunate	METABOLIZED_BY	Cytochrome P450 2A6
Sodium aurothiomalate	METABOLIZED_BY	UDP-glucuronosyltransferase 1A1
Lumacaftor	METABOLIZED_BY	Cytochrome P450 2B6
Lumacaftor	METABOLIZED_BY	Cytochrome P450 2C8
Lumacaftor	METABOLIZED_BY	Cytochrome P450 2C9
Lumacaftor	METABOLIZED_BY	Cytochrome P450 2C19
Lumacaftor	METABOLIZED_BY	Cytochrome P450 3A4
Molsidomine	METABOLIZED_BY	cGMP-specific 3',5'-cyclic phosphodiesterase
Morniflumate	METABOLIZED_BY	Polyunsaturated fatty acid 5-lipoxygenase
Morniflumate	METABOLIZED_BY	Prostaglandin G/H synthase 2
Morniflumate	METABOLIZED_BY	UDP-glucuronosyltransferase 1A9
Tianeptine	METABOLIZED_BY	Cytochrome P450 3A4
Ramosetron	METABOLIZED_BY	Cytochrome P450 1A2
Rolapitant	METABOLIZED_BY	Cytochrome P450 3A4
Talniflumate	METABOLIZED_BY	Prostaglandin G/H synthase 1
Talniflumate	METABOLIZED_BY	Prostaglandin G/H synthase 2
Ombitasvir	METABOLIZED_BY	Cytochrome P450 2C8
Ombitasvir	METABOLIZED_BY	UDP-glucuronosyltransferase 1A1
Paritaprevir	METABOLIZED_BY	Cytochrome P450 3A4
Paritaprevir	METABOLIZED_BY	Cytochrome P450 3A5
Paritaprevir	METABOLIZED_BY	UDP-glucuronosyltransferase 1A1
Tenofovir alafenamide	METABOLIZED_BY	Cytochrome P450 3A4
Solithromycin	METABOLIZED_BY	Cytochrome P450 3A4
Kitasamycin	METABOLIZED_BY	Cytochrome P450 3A4
Parecoxib	METABOLIZED_BY	Cytochrome P450 2C9
Parecoxib	METABOLIZED_BY	Cytochrome P450 3A4
(R)-warfarin	METABOLIZED_BY	Cytochrome P450 1A1
(R)-warfarin	METABOLIZED_BY	Cytochrome P450 1A2
(R)-warfarin	METABOLIZED_BY	Cytochrome P450 2C8
(R)-warfarin	METABOLIZED_BY	Cytochrome P450 2C9
(R)-warfarin	METABOLIZED_BY	Cytochrome P450 2C18
(R)-warfarin	METABOLIZED_BY	Cytochrome P450 2C19
(R)-warfarin	METABOLIZED_BY	Cytochrome P450 3A4
Capravirine	METABOLIZED_BY	Cytochrome P450 2C8
Capravirine	METABOLIZED_BY	Cytochrome P450 2C9
Capravirine	METABOLIZED_BY	Cytochrome P450 2C19
Capravirine	METABOLIZED_BY	Cytochrome P450 3A4
Capravirine	METABOLIZED_BY	UDP-glucuronosyltransferase 1A1
Binimetinib	METABOLIZED_BY	Cytochrome P450 1A2
Binimetinib	METABOLIZED_BY	Cytochrome P450 2C19
Binimetinib	METABOLIZED_BY	UDP-glucuronosyltransferase 1A1
Vilaprisan	METABOLIZED_BY	Aflatoxin B1 aldehyde reductase member 2
Vilaprisan	METABOLIZED_BY	Cytochrome P450 3A4
Glasdegib	METABOLIZED_BY	Cytochrome P450 2C8
Glasdegib	METABOLIZED_BY	Cytochrome P450 3A4
Glasdegib	METABOLIZED_BY	UDP-glucuronosyltransferase 1A9
Elagolix	METABOLIZED_BY	Cytochrome P450 2C8
Elagolix	METABOLIZED_BY	Cytochrome P450 2D6
Elagolix	METABOLIZED_BY	Cytochrome P450 3A43
Elagolix	METABOLIZED_BY	Cytochrome P450 3A4
Elagolix	METABOLIZED_BY	Cytochrome P450 3A5
Elagolix	METABOLIZED_BY	Cytochrome P450 3A7
Elagolix	METABOLIZED_BY	UDP-glucuronosyltransferase 1A10
Elagolix	METABOLIZED_BY	UDP-glucuronosyltransferase 1A1
Elagolix	METABOLIZED_BY	UDP-glucuronosyltransferase 1A3
Elagolix	METABOLIZED_BY	UDP-glucuronosyltransferase 1A4
Elagolix	METABOLIZED_BY	UDP-glucuronosyltransferase 1A6
Elagolix	METABOLIZED_BY	UDP-glucuronosyltransferase 1A7
Elagolix	METABOLIZED_BY	UDP-glucuronosyltransferase 1A8
Elagolix	METABOLIZED_BY	UDP-glucuronosyltransferase 1A9
Elagolix	METABOLIZED_BY	UDP-glucuronosyltransferase 2B4
Elagolix	METABOLIZED_BY	UDP-glucuronosyltransferase 2B7
Elagolix	METABOLIZED_BY	UDP-glucuronosyltransferase 2B15
Entrectinib	METABOLIZED_BY	Cytochrome P450 3A4
Avatrombopag	METABOLIZED_BY	Cytochrome P450 2C8
Avatrombopag	METABOLIZED_BY	Cytochrome P450 2C9
Avatrombopag	METABOLIZED_BY	Cytochrome P450 3A4
Abemaciclib	METABOLIZED_BY	Cytochrome P450 1A2
Abemaciclib	METABOLIZED_BY	Cytochrome P450 2B6
Abemaciclib	METABOLIZED_BY	Cytochrome P450 2C8
Abemaciclib	METABOLIZED_BY	Cytochrome P450 2C9
Abemaciclib	METABOLIZED_BY	Cytochrome P450 2D6
Abemaciclib	METABOLIZED_BY	Cytochrome P450 3A4
Nirogacestat	METABOLIZED_BY	Cytochrome P450 2B6
Nirogacestat	METABOLIZED_BY	Cytochrome P450 2C8
Nirogacestat	METABOLIZED_BY	Cytochrome P450 2C9
Nirogacestat	METABOLIZED_BY	Cytochrome P450 2C19
Nirogacestat	METABOLIZED_BY	Cytochrome P450 2D6
Nirogacestat	METABOLIZED_BY	Cytochrome P450 3A4
Fostamatinib	METABOLIZED_BY	Cytochrome P450 3A4
Fostamatinib	METABOLIZED_BY	Alkaline phosphatase, tissue-nonspecific isozyme
Fostamatinib	METABOLIZED_BY	UDP-glucuronosyltransferase 1A9
Alpelisib	METABOLIZED_BY	Cytochrome P450 3A4
Tecovirimat	METABOLIZED_BY	Cytochrome P450 2B6
Tecovirimat	METABOLIZED_BY	Cytochrome P450 2C8
Tecovirimat	METABOLIZED_BY	Cytochrome P450 2C19
Tecovirimat	METABOLIZED_BY	Cytochrome P450 3A4
Tecovirimat	METABOLIZED_BY	UDP-glucuronosyltransferase 1A1
Tecovirimat	METABOLIZED_BY	UDP-glucuronosyltransferase 1A3
Tecovirimat	METABOLIZED_BY	UDP-glucuronosyltransferase 1A4
Triptolide	METABOLIZED_BY	Cytochrome P450 3A4
Voxilaprevir	METABOLIZED_BY	Cytochrome P450 1A2
Voxilaprevir	METABOLIZED_BY	Cytochrome P450 2C8
Voxilaprevir	METABOLIZED_BY	Cytochrome P450 3A4
Letermovir	METABOLIZED_BY	Cytochrome P450 2B6
Letermovir	METABOLIZED_BY	Cytochrome P450 2C8
Letermovir	METABOLIZED_BY	Cytochrome P450 2C9
Letermovir	METABOLIZED_BY	Cytochrome P450 2C19
Letermovir	METABOLIZED_BY	Cytochrome P450 2D6
Letermovir	METABOLIZED_BY	Cytochrome P450 3A43
Letermovir	METABOLIZED_BY	Cytochrome P450 3A4
Letermovir	METABOLIZED_BY	Cytochrome P450 3A5
Letermovir	METABOLIZED_BY	Cytochrome P450 3A7
Letermovir	METABOLIZED_BY	UDP-glucuronosyltransferase 1A1
Letermovir	METABOLIZED_BY	UDP-glucuronosyltransferase 1A3
Lorvotuzumab mertansine	METABOLIZED_BY	Cytochrome P450 3A4
Naftopidil	METABOLIZED_BY	Cytochrome P450 2C9
Naftopidil	METABOLIZED_BY	Cytochrome P450 2C19
Naftopidil	METABOLIZED_BY	Cytochrome P450 3A4
Tetrahydropalmatine	METABOLIZED_BY	Cytochrome P450 3A4
Dotarizine	METABOLIZED_BY	Cytochrome P450 3A4
Lonafarnib	METABOLIZED_BY	Cytochrome P450 3A4
Lonafarnib	METABOLIZED_BY	Cytochrome P450 3A5
Sarizotan	METABOLIZED_BY	Cytochrome P450 1A2
Sarizotan	METABOLIZED_BY	Cytochrome P450 2C8
Sarizotan	METABOLIZED_BY	Cytochrome P450 2C9
Sarizotan	METABOLIZED_BY	Cytochrome P450 3A4
Remacemide	METABOLIZED_BY	Cytochrome P450 3A4
Cariporide	METABOLIZED_BY	Myeloperoxidase
Lestaurtinib	METABOLIZED_BY	Cytochrome P450 3A4
Clomethiazole	METABOLIZED_BY	Cytochrome P450 2A6
Clomethiazole	METABOLIZED_BY	Cytochrome P450 2B6
Clomethiazole	METABOLIZED_BY	Cytochrome P450 2C19
Clomethiazole	METABOLIZED_BY	Cytochrome P450 3A4
Sumanirole	METABOLIZED_BY	Cytochrome P450 1A2
Porfiromycin	METABOLIZED_BY	Xanthine dehydrogenase/oxidase
Propentofylline	METABOLIZED_BY	Cytochrome P450 1A2
Enzastaurin	METABOLIZED_BY	Cytochrome P450 3A4
Aplaviroc	METABOLIZED_BY	Cytochrome P450 2C19
Aplaviroc	METABOLIZED_BY	Cytochrome P450 3A4
Repinotan	METABOLIZED_BY	Cytochrome P450 2D6
Muraglitazar	METABOLIZED_BY	Cytochrome P450 1A2
Muraglitazar	METABOLIZED_BY	Cytochrome P450 2C8
Muraglitazar	METABOLIZED_BY	Cytochrome P450 2C9
Muraglitazar	METABOLIZED_BY	Cytochrome P450 2C19
Muraglitazar	METABOLIZED_BY	Cytochrome P450 2D6
Muraglitazar	METABOLIZED_BY	Cytochrome P450 3A4
Muraglitazar	METABOLIZED_BY	UDP-glucuronosyltransferase 1A1
Muraglitazar	METABOLIZED_BY	UDP-glucuronosyltransferase 1A3
Muraglitazar	METABOLIZED_BY	UDP-glucuronosyltransferase 1A9
Deramciclane	METABOLIZED_BY	Cytochrome P450 2D6
Deramciclane	METABOLIZED_BY	Cytochrome P450 2E1
Pafuramidine	METABOLIZED_BY	Cytochrome P450 4F2
Etilevodopa	METABOLIZED_BY	Cytochrome P450 2D6
Bevirimat	METABOLIZED_BY	UDP-glucuronosyltransferase 1A3
Bevirimat	METABOLIZED_BY	UDP-glucuronosyltransferase 1A4
Bevirimat	METABOLIZED_BY	UDP-glucuronosyltransferase 2B7
Mitemcinal	METABOLIZED_BY	Cytochrome P450 3A4
Pazopanib	METABOLIZED_BY	Cytochrome P450 1A2
Pazopanib	METABOLIZED_BY	Cytochrome P450 2C8
Pazopanib	METABOLIZED_BY	Cytochrome P450 2D6
Pazopanib	METABOLIZED_BY	Cytochrome P450 3A4
Agomelatine	METABOLIZED_BY	Cytochrome P450 1A2
Agomelatine	METABOLIZED_BY	Cytochrome P450 2C9
Midostaurin	METABOLIZED_BY	Cytochrome P450 3A4
Nemonoxacin	METABOLIZED_BY	Cytochrome P450 1A2
Panobinostat	METABOLIZED_BY	Cytochrome P450 2D6
Panobinostat	METABOLIZED_BY	Cytochrome P450 3A4
Apixaban	METABOLIZED_BY	Cytochrome P450 1A2
Apixaban	METABOLIZED_BY	Cytochrome P450 2C8
Apixaban	METABOLIZED_BY	Cytochrome P450 2C9
Apixaban	METABOLIZED_BY	Cytochrome P450 2C19
Apixaban	METABOLIZED_BY	Cytochrome P450 3A4
Apixaban	METABOLIZED_BY	Cytochrome P450 3A5
Tafenoquine	METABOLIZED_BY	Cytochrome P450 2D6
Synthetic Conjugated Estrogens, A	METABOLIZED_BY	Cytochrome P450 3A4
Synthetic Conjugated Estrogens, B	METABOLIZED_BY	Cytochrome P450 3A4
Sodium fluoride	METABOLIZED_BY	Enolase-phosphatase E1
Ammonia N-13	METABOLIZED_BY	N-acetylglutamate synthase, mitochondrial
Tegafur-uracil	METABOLIZED_BY	Cytochrome P450 2A6
Vayarin	METABOLIZED_BY	Peroxisomal acyl-coenzyme A oxidase 1
Vayarin	METABOLIZED_BY	Very long chain fatty acid elongase 4
Vayarin	METABOLIZED_BY	Cytochrome P450 2E1
Vayarin	METABOLIZED_BY	Acyl-CoA (8-3)-desaturase
Kappadione	METABOLIZED_BY	NADPH--cytochrome P450 reductase
Kappadione	METABOLIZED_BY	Vitamin K epoxide reductase complex subunit 1
Mersalyl	METABOLIZED_BY	Inter-alpha-trypsin inhibitor heavy chain H1
Mersalyl	METABOLIZED_BY	Phosphoenolpyruvate carboxykinase, cytosolic [GTP]
Tyropanoic acid	METABOLIZED_BY	Beta-glucuronidase
Dextrose, unspecified form	METABOLIZED_BY	Hexokinase-1
Dextrose, unspecified form	METABOLIZED_BY	Hexokinase-4
Propoxycaine	METABOLIZED_BY	Liver carboxylesterase 1
Levobetaxolol	METABOLIZED_BY	Cytochrome P450 2D6
Rauwolfia serpentina root	METABOLIZED_BY	Amine oxidase [flavin-containing] A
Rauwolfia serpentina root	METABOLIZED_BY	Amine oxidase [flavin-containing] B
Norethynodrel	METABOLIZED_BY	Cytochrome P450 3A4
Indocyanine green acid form	METABOLIZED_BY	Isocitrate dehydrogenase [NADP] cytoplasmic
Fluprednisolone	METABOLIZED_BY	Cytochrome P450 3A4
Esterified estrogens	METABOLIZED_BY	Cytochrome P450 3A4
Meprednisone	METABOLIZED_BY	Cytochrome P450 3A4
Meprednisone	METABOLIZED_BY	Cytochrome P450 3A5
Norgestrel	METABOLIZED_BY	Aromatase
Norgestrel	METABOLIZED_BY	Cytochrome P450 3A4
Sodium acetate	METABOLIZED_BY	Acetyl-coenzyme A synthetase, cytoplasmic
Protirelin	METABOLIZED_BY	Pyroglutamyl-peptidase 1
Insulin beef	METABOLIZED_BY	Cytochrome P450 1A2
Insulin beef	METABOLIZED_BY	Insulin-degrading enzyme
Glycerin	METABOLIZED_BY	Aldehyde dehydrogenase 1A1
Glycerin	METABOLIZED_BY	Cytochrome P450 2E1
Strontium chloride Sr-89	METABOLIZED_BY	Alkaline phosphatase, germ cell type
Strontium chloride Sr-89	METABOLIZED_BY	Alkaline phosphatase, tissue-nonspecific isozyme
Thiosulfuric acid	METABOLIZED_BY	Cytochrome P450 2B6
Thiosulfuric acid	METABOLIZED_BY	Thiosulfate sulfurtransferase
Thiosulfuric acid	METABOLIZED_BY	Thiosulfate:glutathione sulfurtransferase
Fludeoxyglucose (18F)	METABOLIZED_BY	Hexokinase-1
Hydroquinone	METABOLIZED_BY	Cytochrome P450 3A4
Hydroquinone	METABOLIZED_BY	Lysosomal alpha-glucosidase
Polyethylene glycol 400	METABOLIZED_BY	Alcohol dehydrogenase class-3
Polyethylene glycol 400	METABOLIZED_BY	Cytochrome P450 4A11
Polyethylene glycol 400	METABOLIZED_BY	Sulfotransferase 1A1
Hydrogen peroxide	METABOLIZED_BY	Catalase
Hydrogen peroxide	METABOLIZED_BY	Cytochrome P450 1B1
Hydrogen peroxide	METABOLIZED_BY	Cytochrome P450 2D6
Hydrogen peroxide	METABOLIZED_BY	Glutathione peroxidase 1
Desirudin	METABOLIZED_BY	Carboxypeptidase A1
Omega-3 fatty acids	METABOLIZED_BY	Polyunsaturated fatty acid 5-lipoxygenase
Omega-3 fatty acids	METABOLIZED_BY	Prostaglandin G/H synthase 2
Selenium	METABOLIZED_BY	Selenocysteine lyase
Selenium	METABOLIZED_BY	Glutathione reductase, mitochondrial
Selenium	METABOLIZED_BY	Thioredoxin reductase 1, cytoplasmic
Butamben	METABOLIZED_BY	Cholinesterase
Triclocarban	METABOLIZED_BY	Cytochrome P450 1A1
Triclocarban	METABOLIZED_BY	Cytochrome P450 1B1
Pyrantel	METABOLIZED_BY	Cytochrome P450 2D6
Pyrantel	METABOLIZED_BY	Cytochrome P450 4A11
Homatropine	METABOLIZED_BY	Liver carboxylesterase 1
Rose bengal	METABOLIZED_BY	Lysozyme C
Peppermint oil	METABOLIZED_BY	Cytochrome P450 1A2
Peppermint oil	METABOLIZED_BY	Cytochrome P450 3A4
Bosutinib	METABOLIZED_BY	Cytochrome P450 3A4
Vipadenant	METABOLIZED_BY	Cytochrome P450 3A4
Axitinib	METABOLIZED_BY	Cytochrome P450 1A2
Axitinib	METABOLIZED_BY	Cytochrome P450 2C19
Axitinib	METABOLIZED_BY	Cytochrome P450 3A4
Axitinib	METABOLIZED_BY	Cytochrome P450 3A5
Axitinib	METABOLIZED_BY	UDP-glucuronosyltransferase 1A1
Anacetrapib	METABOLIZED_BY	Cytochrome P450 3A4
Isavuconazonium	METABOLIZED_BY	Cytochrome P450 3A4
Dalfampridine	METABOLIZED_BY	Cytochrome P450 2E1
Vicriviroc	METABOLIZED_BY	Cytochrome P450 2C9
Vicriviroc	METABOLIZED_BY	Cytochrome P450 3A4
Vicriviroc	METABOLIZED_BY	Cytochrome P450 3A5
Safinamide	METABOLIZED_BY	Amine oxidase [flavin-containing] A
Safinamide	METABOLIZED_BY	Cytochrome P450 1A1
Safinamide	METABOLIZED_BY	Cytochrome P450 1A2
Safinamide	METABOLIZED_BY	Cytochrome P450 2C19
Safinamide	METABOLIZED_BY	Cytochrome P450 2D6
Safinamide	METABOLIZED_BY	Cytochrome P450 3A4
Safinamide	METABOLIZED_BY	Cytochrome P450 3A5
Liraglutide	METABOLIZED_BY	Dipeptidyl peptidase 4
Liraglutide	METABOLIZED_BY	Neprilysin
Pasireotide	METABOLIZED_BY	Cytochrome P450 3A4
Odanacatib	METABOLIZED_BY	Cytochrome P450 2C8
Odanacatib	METABOLIZED_BY	Cytochrome P450 3A4
Esmirtazapine	METABOLIZED_BY	Cytochrome P450 2D6
Vilazodone	METABOLIZED_BY	Cytochrome P450 2C19
Vilazodone	METABOLIZED_BY	Cytochrome P450 2D6
Vilazodone	METABOLIZED_BY	Cytochrome P450 3A4
Laquinimod	METABOLIZED_BY	Cytochrome P450 3A4
Ethanolamine oleate	METABOLIZED_BY	Cytochrome P450 2E1
Mevastatin	METABOLIZED_BY	Liver carboxylesterase 1
Dabigatran etexilate	METABOLIZED_BY	Liver carboxylesterase 1
Dabigatran etexilate	METABOLIZED_BY	Cocaine esterase
Dabigatran etexilate	METABOLIZED_BY	UDP-glucuronosyltransferase 1A9
Dabigatran etexilate	METABOLIZED_BY	UDP-glucuronosyltransferase 2B7
Bradykinin	METABOLIZED_BY	Angiotensin-converting enzyme 2
Bradykinin	METABOLIZED_BY	Pro-cathepsin H
Bradykinin	METABOLIZED_BY	Cathepsin K
Bradykinin	METABOLIZED_BY	Carboxypeptidase M
Bradykinin	METABOLIZED_BY	Carboxypeptidase N catalytic chain
Bradykinin	METABOLIZED_BY	Dipeptidyl peptidase 2
Bradykinin	METABOLIZED_BY	Meprin A subunit beta
Bradykinin	METABOLIZED_BY	Prolyl endopeptidase
Bradykinin	METABOLIZED_BY	Thimet oligopeptidase
Bradykinin	METABOLIZED_BY	Xaa-Pro aminopeptidase 1
Lorlatinib	METABOLIZED_BY	Cytochrome P450 2B6
Lorlatinib	METABOLIZED_BY	Cytochrome P450 2C8
Lorlatinib	METABOLIZED_BY	Cytochrome P450 2C19
Lorlatinib	METABOLIZED_BY	Cytochrome P450 3A43
Lorlatinib	METABOLIZED_BY	Cytochrome P450 3A4
Lorlatinib	METABOLIZED_BY	Cytochrome P450 3A5
Lorlatinib	METABOLIZED_BY	Cytochrome P450 3A7
Lorlatinib	METABOLIZED_BY	UDP-glucuronosyltransferase 1A3
Lorlatinib	METABOLIZED_BY	UDP-glucuronosyltransferase 1A4
Vinpocetine	METABOLIZED_BY	Cytochrome P450 3A4
Alisporivir	METABOLIZED_BY	Cytochrome P450 3A4
Gilteritinib	METABOLIZED_BY	Cytochrome P450 3A4
Erdafitinib	METABOLIZED_BY	Cytochrome P450 2C9
Erdafitinib	METABOLIZED_BY	Cytochrome P450 3A4
Citicoline	METABOLIZED_BY	Cyclic GMP-AMP phosphodiesterase SMPDL3A
Citicoline	METABOLIZED_BY	Manganese-dependent ADP-ribose/CDP-alcohol diphosphatase
Flavone	METABOLIZED_BY	Cytochrome P450 2A6
Farnesyl diphosphate	METABOLIZED_BY	Squalene synthase
Farnesyl diphosphate	METABOLIZED_BY	Protein farnesyltransferase/geranylgeranyltransferase type-1 subunit alpha
Phloretin	METABOLIZED_BY	UDP-glucuronosyltransferase 1A1
Phloretin	METABOLIZED_BY	UDP-glucuronosyltransferase 1A7
Phloretin	METABOLIZED_BY	UDP-glucuronosyltransferase 1A8
Phloretin	METABOLIZED_BY	UDP-glucuronosyltransferase 1A9
Resmetirom	METABOLIZED_BY	Cytochrome P450 2C8
Resmetirom	METABOLIZED_BY	UDP-glucuronosyltransferase 1A4
Resmetirom	METABOLIZED_BY	UDP-glucuronosyltransferase 1A9
Omega-3-acid ethyl esters	METABOLIZED_BY	Sterol O-acyltransferase 1
Dexchlorpheniramine maleate	METABOLIZED_BY	Cytochrome P450 2D6
Dexchlorpheniramine maleate	METABOLIZED_BY	Cytochrome P450 3A4
Insulin degludec	METABOLIZED_BY	Cytochrome P450 1A2
Insulin degludec	METABOLIZED_BY	Insulin-degrading enzyme
Omega-3-carboxylic acids	METABOLIZED_BY	Cytochrome P450 3A43
Omega-3-carboxylic acids	METABOLIZED_BY	Cytochrome P450 3A4
Omega-3-carboxylic acids	METABOLIZED_BY	Cytochrome P450 3A5
Omega-3-carboxylic acids	METABOLIZED_BY	Cytochrome P450 3A7
Omega-3-carboxylic acids	METABOLIZED_BY	Cytochrome P450 4F2
Levmetamfetamine	METABOLIZED_BY	Phenylethanolamine N-methyltransferase
Dapivirine	METABOLIZED_BY	Cytochrome P450 3A5
Dapivirine	METABOLIZED_BY	UDP-glucuronosyltransferase 1A1
Levomefolic acid	METABOLIZED_BY	Methionine synthase
Dihydroergocornine	METABOLIZED_BY	Cytochrome P450 3A4
Dihydro-alpha-ergocryptine	METABOLIZED_BY	Cytochrome P450 3A4
Gallopamil	METABOLIZED_BY	Cytochrome P450 3A4
Opipramol	METABOLIZED_BY	Cytochrome P450 2D6
Darolutamide	METABOLIZED_BY	Cytochrome P450 3A4
Darolutamide	METABOLIZED_BY	UDP-glucuronosyltransferase 1A1
Darolutamide	METABOLIZED_BY	UDP-glucuronosyltransferase 1A3
Darolutamide	METABOLIZED_BY	UDP-glucuronosyltransferase 1A8
Darolutamide	METABOLIZED_BY	UDP-glucuronosyltransferase 1A9
Darolutamide	METABOLIZED_BY	UDP-glucuronosyltransferase 2B17
Dihydralazine	METABOLIZED_BY	Cytochrome P450 1A2
Dihydralazine	METABOLIZED_BY	Cytochrome P450 3A4
Dihydralazine	METABOLIZED_BY	RNA cytidine acetyltransferase
Methylprednisone	METABOLIZED_BY	Cytochrome P450 3A4
Leukotriene B4	METABOLIZED_BY	Cytochrome P450 4F3
Pactimibe	METABOLIZED_BY	Cytochrome P450 2D6
Pexidartinib	METABOLIZED_BY	Cytochrome P450 2B6
Pexidartinib	METABOLIZED_BY	Cytochrome P450 2C9
Pexidartinib	METABOLIZED_BY	Cytochrome P450 3A4
Pexidartinib	METABOLIZED_BY	UDP-glucuronosyltransferase 1A1
Pexidartinib	METABOLIZED_BY	UDP-glucuronosyltransferase 1A4
Cortivazol	METABOLIZED_BY	Cytochrome P450 3A4
Cortivazol	METABOLIZED_BY	Cytochrome P450 3A5
Mavoglurant	METABOLIZED_BY	Cytochrome P450 1A1
Enfortumab vedotin	METABOLIZED_BY	Cytochrome P450 3A4
Carbendazim	METABOLIZED_BY	Aromatase
Ornidazole	METABOLIZED_BY	Cytochrome P450 3A4
Ornidazole	METABOLIZED_BY	Cytochrome P450 3A5
Ornidazole	METABOLIZED_BY	Cytochrome P450 3A7
Arbekacin	METABOLIZED_BY	RNA cytidine acetyltransferase
Artemether	METABOLIZED_BY	Cytochrome P450 2C9
Artemether	METABOLIZED_BY	Cytochrome P450 2C19
Artemether	METABOLIZED_BY	Cytochrome P450 2D6
Artemether	METABOLIZED_BY	Cytochrome P450 3A4
Artemether	METABOLIZED_BY	Cytochrome P450 3A5
Fesoterodine	METABOLIZED_BY	Cytochrome P450 2D6
Fesoterodine	METABOLIZED_BY	Cytochrome P450 3A4
Lumefantrine	METABOLIZED_BY	Cytochrome P450 3A4
Lumefantrine	METABOLIZED_BY	Cytochrome P450 3A5
Methyltestosterone	METABOLIZED_BY	Aromatase
Methyltestosterone	METABOLIZED_BY	Cytochrome P450 2B6
Methyltestosterone	METABOLIZED_BY	Cytochrome P450 3A4
Methyltestosterone	METABOLIZED_BY	UDP-glucuronosyltransferase 2A1
Nilvadipine	METABOLIZED_BY	Cytochrome P450 2A6
Nilvadipine	METABOLIZED_BY	Cytochrome P450 2C8
Nilvadipine	METABOLIZED_BY	Cytochrome P450 2C19
Nilvadipine	METABOLIZED_BY	Cytochrome P450 2E1
Nilvadipine	METABOLIZED_BY	Cytochrome P450 3A4
Norelgestromin	METABOLIZED_BY	Cytochrome P450 3A4
Norelgestromin	METABOLIZED_BY	Steryl-sulfatase
Fosaprepitant	METABOLIZED_BY	Cytochrome P450 2C9
Fosaprepitant	METABOLIZED_BY	Cytochrome P450 3A4
Buserelin	METABOLIZED_BY	Aromatase
Lornoxicam	METABOLIZED_BY	Cytochrome P450 2C9
Sparteine	METABOLIZED_BY	Cytochrome P450 2D6
Sulfaphenazole	METABOLIZED_BY	Cytochrome P450 2B6
Sulfaphenazole	METABOLIZED_BY	Cytochrome P450 2C8
Sulfaphenazole	METABOLIZED_BY	Cytochrome P450 2C9
Sulfaphenazole	METABOLIZED_BY	Cytochrome P450 2D6
Gestodene	METABOLIZED_BY	Cytochrome P450 2C19
Gestodene	METABOLIZED_BY	Cytochrome P450 3A4
Gestodene	METABOLIZED_BY	Cytochrome P450 3A5
Gestodene	METABOLIZED_BY	Cytochrome P450 3A7
beta-Naphthoflavone	METABOLIZED_BY	Cytochrome P450 1A2
Enclomiphene	METABOLIZED_BY	Cytochrome P450 2D6
Aceclofenac	METABOLIZED_BY	Cytochrome P450 2C9
Ketobemidone	METABOLIZED_BY	Cytochrome P450 2C8
Ketobemidone	METABOLIZED_BY	Cytochrome P450 2C9
Ketobemidone	METABOLIZED_BY	Cytochrome P450 2C19
Ketobemidone	METABOLIZED_BY	Cytochrome P450 3A4
Ketobemidone	METABOLIZED_BY	Prostaglandin G/H synthase 1
Ketobemidone	METABOLIZED_BY	UDP-glucuronosyltransferase 1A9
Seratrodast	METABOLIZED_BY	Cytochrome P450 2C8
Seratrodast	METABOLIZED_BY	Cytochrome P450 2C9
Seratrodast	METABOLIZED_BY	Cytochrome P450 2C19
Seratrodast	METABOLIZED_BY	Cytochrome P450 3A4
Seratrodast	METABOLIZED_BY	Prostaglandin G/H synthase 1
Seratrodast	METABOLIZED_BY	UDP-glucuronosyltransferase 1A9
Gavestinel	METABOLIZED_BY	UDP-glucuronosyltransferase 1A1
Gavestinel	METABOLIZED_BY	UDP-glucuronosyltransferase 1A3
Gavestinel	METABOLIZED_BY	UDP-glucuronosyltransferase 1A9
Ambroxol	METABOLIZED_BY	Cytochrome P450 3A4
Beta carotene	METABOLIZED_BY	Beta,beta-carotene 15,15'-dioxygenase
Manganese cation	METABOLIZED_BY	Cytoplasmic aconitate hydratase
Pinacidil	METABOLIZED_BY	Cytochrome P450 3A4
Benzyl alcohol	METABOLIZED_BY	Aldehyde dehydrogenase, mitochondrial
Benzyl alcohol	METABOLIZED_BY	Cytochrome P450 1A1
Benzyl alcohol	METABOLIZED_BY	Cytochrome P450 1A2
Benzyl alcohol	METABOLIZED_BY	Cytochrome P450 2C8
Benzyl alcohol	METABOLIZED_BY	Cytochrome P450 2D6
Benzyl alcohol	METABOLIZED_BY	Cytochrome P450 2E1
Benzyl alcohol	METABOLIZED_BY	Sulfotransferase 1A1
Besifloxacin	METABOLIZED_BY	Cytochrome P450 1A2
Cabazitaxel	METABOLIZED_BY	Cytochrome P450 2C8
Cabazitaxel	METABOLIZED_BY	Cytochrome P450 3A4
Cabazitaxel	METABOLIZED_BY	Cytochrome P450 3A5
Human calcitonin	METABOLIZED_BY	Aminopeptidase N
Human calcitonin	METABOLIZED_BY	Alpha-N-acetylglucosaminidase
Human calcitonin	METABOLIZED_BY	Phosphoglucomutase-1
Capsaicin	METABOLIZED_BY	Amine oxidase [flavin-containing] A
Capsaicin	METABOLIZED_BY	Cytochrome P450 1A1
Capsaicin	METABOLIZED_BY	Cytochrome P450 1A2
Capsaicin	METABOLIZED_BY	Cytochrome P450 2C8
Capsaicin	METABOLIZED_BY	Cytochrome P450 2C9
Capsaicin	METABOLIZED_BY	Cytochrome P450 2C19
Capsaicin	METABOLIZED_BY	Cytochrome P450 2D6
Capsaicin	METABOLIZED_BY	Cytochrome P450 2E1
Capsaicin	METABOLIZED_BY	Cytochrome P450 3A4
Capsaicin	METABOLIZED_BY	Cholinesterase
Capsaicin	METABOLIZED_BY	Dopamine beta-hydroxylase
Capsaicin	METABOLIZED_BY	Glutamine synthetase
Capsaicin	METABOLIZED_BY	Myeloperoxidase
Capsaicin	METABOLIZED_BY	Prostaglandin G/H synthase 2
Chenodeoxycholic acid	METABOLIZED_BY	Cytochrome P450 3A4
Chenodeoxycholic acid	METABOLIZED_BY	7-alpha-hydroxycholest-4-en-3-one 12-alpha-hydroxylase
Chenodeoxycholic acid	METABOLIZED_BY	UDP-glucuronosyltransferase 1A1
Cupric sulfate	METABOLIZED_BY	Cytochrome c oxidase subunit 1
Cupric sulfate	METABOLIZED_BY	Protein-lysine 6-oxidase
Cupric sulfate	METABOLIZED_BY	Phenylalanine-4-hydroxylase
Deutetrabenazine	METABOLIZED_BY	Carbonyl reductase [NADPH] 1
Deutetrabenazine	METABOLIZED_BY	Carbonyl reductase [NADPH] 3
Deutetrabenazine	METABOLIZED_BY	Cytochrome P450 1A2
Deutetrabenazine	METABOLIZED_BY	Cytochrome P450 2D6
Deutetrabenazine	METABOLIZED_BY	Cytochrome P450 3A4
Deutetrabenazine	METABOLIZED_BY	Cytochrome P450 3A5
Dalcetrapib	METABOLIZED_BY	Cytochrome P450 3A4
Gepirone	METABOLIZED_BY	Cytochrome P450 2D6
Gepirone	METABOLIZED_BY	Cytochrome P450 3A4
Exatecan	METABOLIZED_BY	Cytochrome P450 3A4
Landiolol	METABOLIZED_BY	Cytochrome P450 2D6
Bergapten	METABOLIZED_BY	Cytochrome P450 1A1
Bergapten	METABOLIZED_BY	Cytochrome P450 1A2
Bergapten	METABOLIZED_BY	Cytochrome P450 1B1
Bergapten	METABOLIZED_BY	Cytochrome P450 2A6
Bergapten	METABOLIZED_BY	Cytochrome P450 2E1
Bergapten	METABOLIZED_BY	Cytochrome P450 3A4
Capivasertib	METABOLIZED_BY	Cytochrome P450 3A4
Capivasertib	METABOLIZED_BY	UDP-glucuronosyltransferase 2B7
Oxothiazolidinecarboxylic acid	METABOLIZED_BY	5-oxoprolinase
Estetrol	METABOLIZED_BY	Cytochrome P450 3A4
Estetrol	METABOLIZED_BY	UDP-glucuronosyltransferase 2B7
Polatuzumab vedotin	METABOLIZED_BY	Cytochrome P450 3A4
Polatuzumab vedotin	METABOLIZED_BY	Cytochrome P450 3A5
Edaravone	METABOLIZED_BY	Sulfotransferase 1A1
Edaravone	METABOLIZED_BY	Sulfotransferase 1A2
Edaravone	METABOLIZED_BY	Sulfotransferase 1A3
Edaravone	METABOLIZED_BY	Sulfotransferase 1A4
Edaravone	METABOLIZED_BY	Sulfotransferase 1B1
Edaravone	METABOLIZED_BY	Sulfotransferase 1C2
Edaravone	METABOLIZED_BY	Sulfotransferase 1C3
Edaravone	METABOLIZED_BY	Sulfotransferase 1C4
Edaravone	METABOLIZED_BY	Sulfotransferase 2A1
Edaravone	METABOLIZED_BY	Sulfotransferase 4A1
Edaravone	METABOLIZED_BY	Sulfotransferase 6B1
Edaravone	METABOLIZED_BY	UDP-glucuronosyltransferase 1A10
Edaravone	METABOLIZED_BY	UDP-glucuronosyltransferase 1A1
Edaravone	METABOLIZED_BY	UDP-glucuronosyltransferase 1A6
Edaravone	METABOLIZED_BY	UDP-glucuronosyltransferase 1A7
Edaravone	METABOLIZED_BY	UDP-glucuronosyltransferase 1A8
Edaravone	METABOLIZED_BY	UDP-glucuronosyltransferase 1A9
Edaravone	METABOLIZED_BY	UDP-glucuronosyltransferase 2B7
Edaravone	METABOLIZED_BY	UDP-glucuronosyltransferase 2B17
Triclabendazole	METABOLIZED_BY	Cytochrome P450 1A2
Triclabendazole	METABOLIZED_BY	Cytochrome P450 2C9
Triclabendazole	METABOLIZED_BY	Cytochrome P450 2C19
Triclabendazole	METABOLIZED_BY	Cytochrome P450 2D6
Triclabendazole	METABOLIZED_BY	Cytochrome P450 3A4
ABT-751	METABOLIZED_BY	UDP-glucuronosyltransferase 1A1
Fexinidazole	METABOLIZED_BY	Cytochrome P450 1A2
Fexinidazole	METABOLIZED_BY	Cytochrome P450 2C19
Fexinidazole	METABOLIZED_BY	Cytochrome P450 2D6
Fexinidazole	METABOLIZED_BY	Cytochrome P450 3A4
Fexinidazole	METABOLIZED_BY	Cytochrome P450 3A5
Epofolate	METABOLIZED_BY	Cytochrome P450 3A4
Brigatinib	METABOLIZED_BY	Cytochrome P450 2C8
Propiverine	METABOLIZED_BY	Cytochrome P450 3A4
Propiverine	METABOLIZED_BY	Flavin-containing monooxygenase 1
Propiverine	METABOLIZED_BY	Flavin-containing monooxygenase 3
Ethyl biscoumacetate	METABOLIZED_BY	Cytochrome P450 3A4
Ethyl biscoumacetate	METABOLIZED_BY	Glutamine synthetase
Sulfamoxole	METABOLIZED_BY	Cytochrome P450 2C9
Bopindolol	METABOLIZED_BY	Cytochrome P450 2D6
Cinitapride	METABOLIZED_BY	Cytochrome P450 2C8
Cinitapride	METABOLIZED_BY	Cytochrome P450 3A4
Tofisopam	METABOLIZED_BY	Cytochrome P450 3A4
Ticagrelor	METABOLIZED_BY	Cytochrome P450 3A4
Hyaluronic acid	METABOLIZED_BY	Cell surface hyaluronidase CEMIP2
Hyaluronic acid	METABOLIZED_BY	Hyaluronidase-1
Hyaluronic acid	METABOLIZED_BY	Hyaluronidase-2
Hyaluronic acid	METABOLIZED_BY	Hyaluronidase-3
Hyaluronic acid	METABOLIZED_BY	Hyaluronidase-4
Hyaluronic acid	METABOLIZED_BY	Hyaluronidase PH-20
Ivacaftor	METABOLIZED_BY	Cytochrome P450 3A4
Ivacaftor	METABOLIZED_BY	Cytochrome P450 3A5
Deferiprone	METABOLIZED_BY	UDP-glucuronosyltransferase 1A6
Lomitapide	METABOLIZED_BY	Cytochrome P450 3A4
Vismodegib	METABOLIZED_BY	Cytochrome P450 2C9
Vismodegib	METABOLIZED_BY	Cytochrome P450 3A4
Dehydroascorbic acid	METABOLIZED_BY	Glutathione S-transferase omega-1
Dehydroascorbic acid	METABOLIZED_BY	Glutathione S-transferase omega-2
Taurochenodeoxycholic acid	METABOLIZED_BY	Cytochrome P450 3A4
Agmatine	METABOLIZED_BY	Cytochrome P450 3A4
Agmatine	METABOLIZED_BY	Guanidino acid hydrolase, mitochondrial
Agmatine	METABOLIZED_BY	Protein mono-ADP-ribosyltransferase PARP3
N-methylnicotinamide	METABOLIZED_BY	Aldehyde oxidase
Tyramine	METABOLIZED_BY	Amine oxidase [copper-containing] 2
Tyramine	METABOLIZED_BY	Amine oxidase [copper-containing] 3
Oxogluric acid	METABOLIZED_BY	Hypoxia-inducible factor 1-alpha inhibitor
Oxogluric acid	METABOLIZED_BY	Egl nine homolog 1
Oxogluric acid	METABOLIZED_BY	Prolyl hydroxylase EGLN3
Oxogluric acid	METABOLIZED_BY	Prolyl 3-hydroxylase 1
Oxogluric acid	METABOLIZED_BY	Prolyl 3-hydroxylase 2
Oxogluric acid	METABOLIZED_BY	Prolyl 4-hydroxylase subunit alpha-1
Oxogluric acid	METABOLIZED_BY	Prolyl 4-hydroxylase subunit alpha-2
Oxogluric acid	METABOLIZED_BY	Prolyl 4-hydroxylase subunit alpha-3
Ellagic acid	METABOLIZED_BY	Cytochrome P450 1A1
Ellagic acid	METABOLIZED_BY	Cytochrome P450 2E1
Leukotriene C4	METABOLIZED_BY	Glutathione hydrolase 5 proenzyme
Rilpivirine	METABOLIZED_BY	Cytochrome P450 2C19
Rilpivirine	METABOLIZED_BY	Cytochrome P450 3A4
Rilpivirine	METABOLIZED_BY	UDP-glucuronosyltransferase 1A1
Rilpivirine	METABOLIZED_BY	UDP-glucuronosyltransferase 1A4
Crizotinib	METABOLIZED_BY	Cytochrome P450 3A4
Crizotinib	METABOLIZED_BY	Cytochrome P450 3A5
Ulipristal	METABOLIZED_BY	Cytochrome P450 1A2
Ulipristal	METABOLIZED_BY	Cytochrome P450 3A4
Fingolimod	METABOLIZED_BY	Cytochrome P450 4F2
Fingolimod	METABOLIZED_BY	Cytochrome P450 4F12
Eribulin	METABOLIZED_BY	Cytochrome P450 3A4
Prothrombin	METABOLIZED_BY	Coagulation factor X
Guaiacol	METABOLIZED_BY	Thyroid peroxidase
Selexipag	METABOLIZED_BY	Cytochrome P450 2C8
Alectinib	METABOLIZED_BY	Cytochrome P450 3A4
Roquinimex	METABOLIZED_BY	Cytochrome P450 3A4
Carbomycin	METABOLIZED_BY	Cytochrome P450 3A4
Doramectin	METABOLIZED_BY	Cytochrome P450 3A4
Enrofloxacin	METABOLIZED_BY	Cytochrome P450 1A2
Eprinomectin	METABOLIZED_BY	Cytochrome P450 3A4
Oleandomycin	METABOLIZED_BY	Cytochrome P450 3A4
Orbifloxacin	METABOLIZED_BY	Cytochrome P450 1A2
Pimobendan	METABOLIZED_BY	Cytochrome P450 1A2
MLN8054	METABOLIZED_BY	Cytochrome P450 1A2
MLN8054	METABOLIZED_BY	Cytochrome P450 3A4
LY-2811376	METABOLIZED_BY	Cytochrome P450 3A4
Macimorelin	METABOLIZED_BY	Cytochrome P450 3A4
Lusutrombopag	METABOLIZED_BY	Cytochrome P450 4A11
Artemisinin	METABOLIZED_BY	Cytochrome P450 2A6
Artemisinin	METABOLIZED_BY	Cytochrome P450 2B6
Artemisinin	METABOLIZED_BY	Cytochrome P450 3A4
Artemisinin	METABOLIZED_BY	Glutathione S-transferase A1
Von Willebrand factor human	METABOLIZED_BY	A disintegrin and metalloproteinase with thrombospondin motifs 13
Fluindione	METABOLIZED_BY	Cytochrome P450 2C9
Ambroxol acefyllinate	METABOLIZED_BY	Cytochrome P450 3A43
Ambroxol acefyllinate	METABOLIZED_BY	Cytochrome P450 3A4
Ambroxol acefyllinate	METABOLIZED_BY	Cytochrome P450 3A5
Ambroxol acefyllinate	METABOLIZED_BY	Cytochrome P450 3A7
Esculin	METABOLIZED_BY	Glutaminase kidney isoform, mitochondrial
Clobetasone	METABOLIZED_BY	Cytochrome P450 3A4
Omega-6 fatty acids	METABOLIZED_BY	Acyl-CoA (8-3)-desaturase
Omega-6 fatty acids	METABOLIZED_BY	Acyl-CoA 6-desaturase
Omega-6 fatty acids	METABOLIZED_BY	Polyunsaturated fatty acid 5-lipoxygenase
Omega-6 fatty acids	METABOLIZED_BY	Prostaglandin G/H synthase 2
Nandrolone	METABOLIZED_BY	Aromatase
Rhein	METABOLIZED_BY	Cytochrome P450 1A2
Rhein	METABOLIZED_BY	Cytochrome P450 2C9
Rhein	METABOLIZED_BY	Cytochrome P450 2D6
Rhein	METABOLIZED_BY	Cytochrome P450 2E1
Rhein	METABOLIZED_BY	Cytochrome P450 3A43
Rhein	METABOLIZED_BY	Cytochrome P450 3A4
Rhein	METABOLIZED_BY	Cytochrome P450 3A5
Rhein	METABOLIZED_BY	Cytochrome P450 3A7
Troleandomycin	METABOLIZED_BY	Cytochrome P450 2C8
Troleandomycin	METABOLIZED_BY	Cytochrome P450 3A43
Troleandomycin	METABOLIZED_BY	Cytochrome P450 3A4
Troleandomycin	METABOLIZED_BY	Cytochrome P450 3A5
Troleandomycin	METABOLIZED_BY	Cytochrome P450 3A7
Daidzein	METABOLIZED_BY	Sulfotransferase 2A1
Black cohosh	METABOLIZED_BY	Cytochrome P450 1A2
Black cohosh	METABOLIZED_BY	Cytochrome P450 2C9
Black cohosh	METABOLIZED_BY	Cytochrome P450 2D6
Black cohosh	METABOLIZED_BY	Cytochrome P450 3A4
Nomegestrol acetate	METABOLIZED_BY	Cytochrome P450 3A4
Baloxavir marboxil	METABOLIZED_BY	Cytochrome P450 3A4
Baloxavir marboxil	METABOLIZED_BY	UDP-glucuronosyltransferase 1A3
Lonoctocog alfa	METABOLIZED_BY	Vitamin K-dependent protein C
Lonoctocog alfa	METABOLIZED_BY	Prothrombin
Moroctocog alfa	METABOLIZED_BY	Vitamin K-dependent protein C
Moroctocog alfa	METABOLIZED_BY	Prothrombin
Tildrakizumab	METABOLIZED_BY	Cytochrome P450 4A11
Choline salicylate	METABOLIZED_BY	Choline O-acetyltransferase
Choline salicylate	METABOLIZED_BY	Choline/ethanolaminephosphotransferase 1
Choline salicylate	METABOLIZED_BY	Choline dehydrogenase, mitochondrial
Choline salicylate	METABOLIZED_BY	Choline kinase alpha
Choline salicylate	METABOLIZED_BY	Choline/ethanolamine kinase
5-methoxy-N,N-dimethyltryptamine	METABOLIZED_BY	Cytochrome P450 2D6
Nabiximols	METABOLIZED_BY	Cytochrome P450 2C9
Nabiximols	METABOLIZED_BY	Cytochrome P450 2C19
Nabiximols	METABOLIZED_BY	Cytochrome P450 2D6
Nabiximols	METABOLIZED_BY	Cytochrome P450 3A4
Nabiximols	METABOLIZED_BY	Cytochrome P450 3A5
Nabiximols	METABOLIZED_BY	Polyunsaturated fatty acid lipoxygenase ALOX15
Nabiximols	METABOLIZED_BY	Polyunsaturated fatty acid 5-lipoxygenase
Bromotheophylline	METABOLIZED_BY	Cytochrome P450 1A2
Fosnetupitant	METABOLIZED_BY	Cytochrome P450 3A4
Clinafloxacin	METABOLIZED_BY	Cytochrome P450 1A2
Clinafloxacin	METABOLIZED_BY	Cytochrome P450 2C9
Clinafloxacin	METABOLIZED_BY	Cytochrome P450 2C19
Clinafloxacin	METABOLIZED_BY	Cytochrome P450 2D6
Furafylline	METABOLIZED_BY	Cytochrome P450 1A2
Tretamine	METABOLIZED_BY	Cholinesterase
Acetyl sulfisoxazole	METABOLIZED_BY	Cytochrome P450 2C9
Dichlorobenzene	METABOLIZED_BY	Cytochrome P450 2E1
(S)-Warfarin	METABOLIZED_BY	Cytochrome P450 2C8
(S)-Warfarin	METABOLIZED_BY	Cytochrome P450 2C9
(S)-Warfarin	METABOLIZED_BY	Cytochrome P450 2C18
(S)-Warfarin	METABOLIZED_BY	Cytochrome P450 2C19
(S)-Warfarin	METABOLIZED_BY	Cytochrome P450 3A4
NS-398	METABOLIZED_BY	Prostaglandin G/H synthase 2
Dexverapamil	METABOLIZED_BY	Cytochrome P450 3A4
Emopamil	METABOLIZED_BY	Cytochrome P450 3A4
Lomerizine	METABOLIZED_BY	Cytochrome P450 3A4
Tetrandrine	METABOLIZED_BY	Cytochrome P450 3A4
Tetrandrine	METABOLIZED_BY	Cytochrome P450 3A5
Dexniguldipine	METABOLIZED_BY	Steroid 17-alpha-hydroxylase/17,20 lyase
Dexniguldipine	METABOLIZED_BY	Cytochrome P450 3A4
Selamectin	METABOLIZED_BY	Cytochrome P450 3A4
Tildipirosin	METABOLIZED_BY	Cytochrome P450 3A4
Dexamethasone isonicotinate	METABOLIZED_BY	Cytochrome P450 3A4
Dexamethasone isonicotinate	METABOLIZED_BY	Cytochrome P450 3A5
Sarafloxacin	METABOLIZED_BY	Cytochrome P450 1A2
Difloxacin	METABOLIZED_BY	Cytochrome P450 1A1
Difloxacin	METABOLIZED_BY	Cytochrome P450 1A2
Melengestrol	METABOLIZED_BY	Cytochrome P450 3A4
Antihemophilic factor human	METABOLIZED_BY	Vitamin K-dependent protein C
Bamifylline	METABOLIZED_BY	Cytochrome P450 1A2
Prednylidene	METABOLIZED_BY	Cytochrome P450 3A4
Prednylidene	METABOLIZED_BY	Cytochrome P450 3A5
Flosequinan	METABOLIZED_BY	Cytochrome P450 3A4
Tiazofurine	METABOLIZED_BY	Nicotinamide riboside kinase 1
Tiazofurine	METABOLIZED_BY	Nicotinamide riboside kinase 2
Thiram	METABOLIZED_BY	Cytochrome P450 2E1
Octopamine	METABOLIZED_BY	Cytochrome P450 2D6
Octopamine	METABOLIZED_BY	Cytochrome P450 3A4
Octopamine	METABOLIZED_BY	Cytochrome P450 3A5
Octopamine	METABOLIZED_BY	RNA cytidine acetyltransferase
8-chlorotheophylline	METABOLIZED_BY	Cytochrome P450 1A2
Synthetic camphor	METABOLIZED_BY	Cytochrome P450 2A6
Doravirine	METABOLIZED_BY	Cytochrome P450 3A4
Doravirine	METABOLIZED_BY	Cytochrome P450 3A5
Foretinib	METABOLIZED_BY	Cytochrome P450 3A43
Foretinib	METABOLIZED_BY	Cytochrome P450 3A4
Foretinib	METABOLIZED_BY	Cytochrome P450 3A5
Foretinib	METABOLIZED_BY	Cytochrome P450 3A7
Benzbromarone	METABOLIZED_BY	Cytochrome P450 2C9
Benzbromarone	METABOLIZED_BY	Cytochrome P450 2C19
Salvinorin A	METABOLIZED_BY	Cytochrome P450 1A1
Salvinorin A	METABOLIZED_BY	Cytochrome P450 2C18
Salvinorin A	METABOLIZED_BY	Cytochrome P450 2D6
Salvinorin A	METABOLIZED_BY	Cytochrome P450 2E1
Salvinorin A	METABOLIZED_BY	UDP-glucuronosyltransferase 2B7
Eravacycline	METABOLIZED_BY	Amine oxidase [flavin-containing] A
Eravacycline	METABOLIZED_BY	Cytochrome P450 3A4
Rucaparib	METABOLIZED_BY	Cytochrome P450 1A2
Rucaparib	METABOLIZED_BY	Cytochrome P450 2D6
Rucaparib	METABOLIZED_BY	Cytochrome P450 3A4
Carisbamate	METABOLIZED_BY	UDP-glucuronosyltransferase 1A1
Navitoclax	METABOLIZED_BY	Cytochrome P450 3A4
Imrecoxib	METABOLIZED_BY	Cytochrome P450 2C9
Grapefruit	METABOLIZED_BY	Cytochrome P450 3A4
Lesinurad	METABOLIZED_BY	Cytochrome P450 2C9
Lesinurad	METABOLIZED_BY	Cytochrome P450 3A4
Insulin argine	METABOLIZED_BY	Cytochrome P450 1A2
Insulin peglispro	METABOLIZED_BY	Cytochrome P450 1A2
Insulin tregopil	METABOLIZED_BY	Cytochrome P450 1A2
Elbasvir	METABOLIZED_BY	Cytochrome P450 3A43
Elbasvir	METABOLIZED_BY	Cytochrome P450 3A4
Elbasvir	METABOLIZED_BY	Cytochrome P450 3A5
Elbasvir	METABOLIZED_BY	Cytochrome P450 3A7
Grazoprevir	METABOLIZED_BY	Cytochrome P450 3A4
Asunaprevir	METABOLIZED_BY	Cytochrome P450 2A6
Asunaprevir	METABOLIZED_BY	Cytochrome P450 2C9
Asunaprevir	METABOLIZED_BY	Cytochrome P450 2C19
Asunaprevir	METABOLIZED_BY	Cytochrome P450 2D6
Asunaprevir	METABOLIZED_BY	Cytochrome P450 3A4
Asunaprevir	METABOLIZED_BY	Cytochrome P450 3A5
Thimerosal	METABOLIZED_BY	Glutathione peroxidase 1
Thimerosal	METABOLIZED_BY	Superoxide dismutase [Mn], mitochondrial
Thimerosal	METABOLIZED_BY	Glutathione reductase, mitochondrial
Myrrh	METABOLIZED_BY	Cytochrome P450 3A43
Myrrh	METABOLIZED_BY	Cytochrome P450 3A4
Myrrh	METABOLIZED_BY	Cytochrome P450 3A5
Myrrh	METABOLIZED_BY	Cytochrome P450 3A7
Lifitegrast	METABOLIZED_BY	Cytochrome P450 2C9
Velpatasvir	METABOLIZED_BY	Cytochrome P450 2B6
Velpatasvir	METABOLIZED_BY	Cytochrome P450 2C8
Velpatasvir	METABOLIZED_BY	Cytochrome P450 3A4
Rupatadine	METABOLIZED_BY	Cytochrome P450 2C9
Rupatadine	METABOLIZED_BY	Cytochrome P450 3A4
Rupatadine	METABOLIZED_BY	Cytochrome P450 3A5
Gestrinone	METABOLIZED_BY	Cytochrome P450 3A4
Isavuconazole	METABOLIZED_BY	Cytochrome P450 2B6
Isavuconazole	METABOLIZED_BY	Cytochrome P450 2C8
Isavuconazole	METABOLIZED_BY	Cytochrome P450 2C9
Isavuconazole	METABOLIZED_BY	Cytochrome P450 2C19
Isavuconazole	METABOLIZED_BY	Cytochrome P450 2D6
Isavuconazole	METABOLIZED_BY	Cytochrome P450 3A4
Isavuconazole	METABOLIZED_BY	Cytochrome P450 3A5
Isavuconazole	METABOLIZED_BY	UDP-glucuronosyltransferase 1A8
Isavuconazole	METABOLIZED_BY	UDP-glucuronosyltransferase 1A9
Nomegestrol	METABOLIZED_BY	Cytochrome P450 3A4
Delamanid	METABOLIZED_BY	Cytochrome P450 3A4
Artenimol	METABOLIZED_BY	UDP-glucuronosyltransferase 1A9
Artenimol	METABOLIZED_BY	UDP-glucuronosyltransferase 2B7
Amifampridine	METABOLIZED_BY	Arylamine N-acetyltransferase 1
Amifampridine	METABOLIZED_BY	Arylamine N-acetyltransferase 2
Lersivirine	METABOLIZED_BY	Cytochrome P450 3A4
Lersivirine	METABOLIZED_BY	UDP-glucuronosyltransferase 2B7
Tucatinib	METABOLIZED_BY	Cytochrome P450 2C8
Tucatinib	METABOLIZED_BY	Cytochrome P450 3A43
Tucatinib	METABOLIZED_BY	Cytochrome P450 3A4
Tucatinib	METABOLIZED_BY	Cytochrome P450 3A5
Tucatinib	METABOLIZED_BY	Cytochrome P450 3A7
Tucatinib	METABOLIZED_BY	Receptor tyrosine-protein kinase erbB-2
Rebamipide	METABOLIZED_BY	Cytochrome P450 3A4
Rabusertib	METABOLIZED_BY	Cytochrome P450 2D6
Rabusertib	METABOLIZED_BY	Cytochrome P450 3A4
Curcumin	METABOLIZED_BY	UDP-glucuronosyltransferase 1A1
Curcumin	METABOLIZED_BY	UDP-glucuronosyltransferase 1A7
Curcumin	METABOLIZED_BY	UDP-glucuronosyltransferase 1A8
Curcumin	METABOLIZED_BY	UDP-glucuronosyltransferase 1A9
Pyridoxamine	METABOLIZED_BY	Pyridoxine-5'-phosphate oxidase
Mosapride	METABOLIZED_BY	Cytochrome P450 3A4
Fruquintinib	METABOLIZED_BY	Cytochrome P450 2C8
Fruquintinib	METABOLIZED_BY	Cytochrome P450 2C9
Fruquintinib	METABOLIZED_BY	Cytochrome P450 2C19
Fruquintinib	METABOLIZED_BY	Cytochrome P450 3A4
Fruquintinib	METABOLIZED_BY	Cytochrome P450 3A5
Fruquintinib	METABOLIZED_BY	Cytochrome P450 3A7
Voxelotor	METABOLIZED_BY	Cytochrome P450 2B6
Voxelotor	METABOLIZED_BY	Cytochrome P450 2C9
Voxelotor	METABOLIZED_BY	Cytochrome P450 2C19
Voxelotor	METABOLIZED_BY	Cytochrome P450 3A4
Casimersen	METABOLIZED_BY	Cytochrome P450 2C9
Casimersen	METABOLIZED_BY	Cytochrome P450 2C19
Casimersen	METABOLIZED_BY	Cytochrome P450 3A4
Casimersen	METABOLIZED_BY	Cytochrome P450 3A5
Umbralisib	METABOLIZED_BY	Cytochrome P450 1A2
Umbralisib	METABOLIZED_BY	Cytochrome P450 2C9
Umbralisib	METABOLIZED_BY	Cytochrome P450 3A4
Human interferon beta	METABOLIZED_BY	Cytochrome P450 1A2
Avacopan	METABOLIZED_BY	Cytochrome P450 1A2
Avacopan	METABOLIZED_BY	Cytochrome P450 2B6
Avacopan	METABOLIZED_BY	Cytochrome P450 2C9
Avacopan	METABOLIZED_BY	Cytochrome P450 3A4
Daridorexant	METABOLIZED_BY	Cytochrome P450 3A4
Zanubrutinib	METABOLIZED_BY	Cytochrome P450 2B6
Zanubrutinib	METABOLIZED_BY	Cytochrome P450 3A43
Zanubrutinib	METABOLIZED_BY	Cytochrome P450 3A4
Zanubrutinib	METABOLIZED_BY	Cytochrome P450 3A5
Zanubrutinib	METABOLIZED_BY	Cytochrome P450 3A7
Ethylenediamine	METABOLIZED_BY	Diamine acetyltransferase 1
Echinacea	METABOLIZED_BY	Cytochrome P450 3A4
Clothiapine	METABOLIZED_BY	Cytochrome P450 3A7
Ferrous sulfate anhydrous	METABOLIZED_BY	Plasma membrane ascorbate-dependent reductase CYBRD1
Ferrous sulfate anhydrous	METABOLIZED_BY	Ceruloplasmin
Ferrous sulfate anhydrous	METABOLIZED_BY	Hepcidin
Ferrous sulfate anhydrous	METABOLIZED_BY	Hephaestin
Ferrous sulfate anhydrous	METABOLIZED_BY	Serotransferrin
Sitafloxacin	METABOLIZED_BY	Cytochrome P450 1A2
Etilamfetamine	METABOLIZED_BY	Cytochrome P450 2D6
Miocamycin	METABOLIZED_BY	Cytochrome P450 3A4
Flurithromycin	METABOLIZED_BY	Cytochrome P450 3A4
Diphenadione	METABOLIZED_BY	Cytochrome P450 3A4
Vincamine	METABOLIZED_BY	Cytochrome P450 1A2
Vincamine	METABOLIZED_BY	Cytochrome P450 2D6
Vincamine	METABOLIZED_BY	Cytochrome P450 2E1
Vincamine	METABOLIZED_BY	Cytochrome P450 3A4
AZD-3839	METABOLIZED_BY	Cytochrome P450 3A4
Siponimod	METABOLIZED_BY	Cytochrome P450 2C9
Siponimod	METABOLIZED_BY	Cytochrome P450 3A4
Sagopilone	METABOLIZED_BY	Cytochrome P450 3A4
Bromperidol	METABOLIZED_BY	Cytochrome P450 3A4
Triciribine	METABOLIZED_BY	Adenosine kinase
Lisofylline	METABOLIZED_BY	Cytochrome P450 1A2
Caprylic alcohol	METABOLIZED_BY	Alcohol dehydrogenase 1C
Caprylic alcohol	METABOLIZED_BY	All-trans-retinol dehydrogenase [NAD(+)] ADH4
Rimegepant	METABOLIZED_BY	Cytochrome P450 2C9
Rimegepant	METABOLIZED_BY	Cytochrome P450 3A4
Semagacestat	METABOLIZED_BY	Cytochrome P450 3A4
Semagacestat	METABOLIZED_BY	Cytochrome P450 3A5
Ibrexafungerp	METABOLIZED_BY	Cytochrome P450 2C8
Ibrexafungerp	METABOLIZED_BY	Cytochrome P450 3A4
Ibrexafungerp	METABOLIZED_BY	Sulfotransferase 1A1
Ibrexafungerp	METABOLIZED_BY	Sulfotransferase 1A2
Ibrexafungerp	METABOLIZED_BY	Sulfotransferase 1A3
Ibrexafungerp	METABOLIZED_BY	Sulfotransferase 1A4
Ibrexafungerp	METABOLIZED_BY	Sulfotransferase 1B1
Ibrexafungerp	METABOLIZED_BY	Sulfotransferase 1C2
Ibrexafungerp	METABOLIZED_BY	Sulfotransferase 1C3
Ibrexafungerp	METABOLIZED_BY	Sulfotransferase 1C4
Ibrexafungerp	METABOLIZED_BY	Sulfotransferase 2A1
Ibrexafungerp	METABOLIZED_BY	Sulfotransferase 4A1
Ibrexafungerp	METABOLIZED_BY	Sulfotransferase 6B1
Ibrexafungerp	METABOLIZED_BY	UDP-glucuronosyltransferase 1A10
Ibrexafungerp	METABOLIZED_BY	UDP-glucuronosyltransferase 1A1
Ibrexafungerp	METABOLIZED_BY	UDP-glucuronosyltransferase 1A3
Ibrexafungerp	METABOLIZED_BY	UDP-glucuronosyltransferase 1A4
Ibrexafungerp	METABOLIZED_BY	UDP-glucuronosyltransferase 1A6
Ibrexafungerp	METABOLIZED_BY	UDP-glucuronosyltransferase 1A7
Ibrexafungerp	METABOLIZED_BY	UDP-glucuronosyltransferase 1A8
Ibrexafungerp	METABOLIZED_BY	UDP-glucuronosyltransferase 1A9
Ibrexafungerp	METABOLIZED_BY	UDP-glucuronosyltransferase 2B4
Ibrexafungerp	METABOLIZED_BY	UDP-glucuronosyltransferase 2B7
Ibrexafungerp	METABOLIZED_BY	UDP-glucuronosyltransferase 2B15
Lynestrenol	METABOLIZED_BY	Cytochrome P450 2C9
Lynestrenol	METABOLIZED_BY	Cytochrome P450 2C19
Lynestrenol	METABOLIZED_BY	Cytochrome P450 3A4
Fasiglifam	METABOLIZED_BY	Cytochrome P450 3A4
Fasiglifam	METABOLIZED_BY	Cytochrome P450 3A5
Fasiglifam	METABOLIZED_BY	UDP-glucuronosyltransferase 1A3
Daprodustat	METABOLIZED_BY	Cytochrome P450 2C8
Naldemedine	METABOLIZED_BY	Cytochrome P450 3A43
Naldemedine	METABOLIZED_BY	Cytochrome P450 3A4
Naldemedine	METABOLIZED_BY	Cytochrome P450 3A5
Naldemedine	METABOLIZED_BY	Cytochrome P450 3A7
Naldemedine	METABOLIZED_BY	UDP-glucuronosyltransferase 1A3
Voclosporin	METABOLIZED_BY	Cytochrome P450 3A4
Carnosine	METABOLIZED_BY	Carnosine N-methyltransferase
Amenamevir	METABOLIZED_BY	Cytochrome P450 3A4
Acalabrutinib	METABOLIZED_BY	Cytochrome P450 3A4
Acalabrutinib	METABOLIZED_BY	Cytochrome P450 3A5
Tezacaftor	METABOLIZED_BY	Cytochrome P450 3A5
Encorafenib	METABOLIZED_BY	Cytochrome P450 1A2
Encorafenib	METABOLIZED_BY	Cytochrome P450 2B6
Encorafenib	METABOLIZED_BY	Cytochrome P450 2C8
Encorafenib	METABOLIZED_BY	Cytochrome P450 2C9
Encorafenib	METABOLIZED_BY	Cytochrome P450 2C19
Encorafenib	METABOLIZED_BY	Cytochrome P450 2D6
Encorafenib	METABOLIZED_BY	Cytochrome P450 3A4
Encorafenib	METABOLIZED_BY	Cytochrome P450 3A5
Encorafenib	METABOLIZED_BY	Cytochrome P450 3A7
Encorafenib	METABOLIZED_BY	UDP-glucuronosyltransferase 1A1
Angiotensin 1-7	METABOLIZED_BY	Angiotensin-converting enzyme 2
Lasmiditan	METABOLIZED_BY	Cytochrome P450 2D6
Icotinib	METABOLIZED_BY	Cytochrome P450 1A2
Icotinib	METABOLIZED_BY	Cytochrome P450 3A4
Icotinib	METABOLIZED_BY	Cytochrome P450 3A5
Famitinib	METABOLIZED_BY	Cytochrome P450 1A1
Famitinib	METABOLIZED_BY	Cytochrome P450 1A2
Famitinib	METABOLIZED_BY	Cytochrome P450 3A4
Famitinib	METABOLIZED_BY	Cytochrome P450 3A5
Ebastine	METABOLIZED_BY	Cytochrome P450 2J2
Ebastine	METABOLIZED_BY	Cytochrome P450 3A4
Ebastine	METABOLIZED_BY	Cytochrome P450 4F2
Dihydroergocryptine	METABOLIZED_BY	Cytochrome P450 3A4
Emetine	METABOLIZED_BY	Cytochrome P450 2D6
Emetine	METABOLIZED_BY	Cytochrome P450 3A4
Terguride	METABOLIZED_BY	Cytochrome P450 3A4
Carbutamide	METABOLIZED_BY	Cytochrome P450 2C9
Rokitamycin	METABOLIZED_BY	Cytochrome P450 3A4
Esatenolol	METABOLIZED_BY	Cytochrome P450 2D6
Proxyphylline	METABOLIZED_BY	Cytochrome P450 1A2
Berotralstat	METABOLIZED_BY	Cytochrome P450 2D6
Berotralstat	METABOLIZED_BY	Cytochrome P450 3A4
Fedratinib	METABOLIZED_BY	Cytochrome P450 2C19
Fedratinib	METABOLIZED_BY	Cytochrome P450 2D6
Fedratinib	METABOLIZED_BY	Cytochrome P450 3A4
Fedratinib	METABOLIZED_BY	Flavin-containing monooxygenase 3
Omaveloxolone	METABOLIZED_BY	Cytochrome P450 2C8
Omaveloxolone	METABOLIZED_BY	Cytochrome P450 2J2
Omaveloxolone	METABOLIZED_BY	Cytochrome P450 3A4
9-aminocamptothecin	METABOLIZED_BY	Cytochrome P450 1A1
9-aminocamptothecin	METABOLIZED_BY	Cytochrome P450 3A4
1,2-Benzodiazepine	METABOLIZED_BY	Cytochrome P450 3A4
Samidorphan	METABOLIZED_BY	Cytochrome P450 2C8
Samidorphan	METABOLIZED_BY	Cytochrome P450 2C19
Samidorphan	METABOLIZED_BY	Cytochrome P450 3A4
Samidorphan	METABOLIZED_BY	Cytochrome P450 3A5
Sparsentan	METABOLIZED_BY	Cytochrome P450 2B6
Sparsentan	METABOLIZED_BY	Cytochrome P450 2C9
Sparsentan	METABOLIZED_BY	Cytochrome P450 2C19
Sparsentan	METABOLIZED_BY	Cytochrome P450 3A4
Pyrazoloacridine	METABOLIZED_BY	Cytochrome P450 1A2
Pyrazoloacridine	METABOLIZED_BY	Cytochrome P450 3A4
Taladegib	METABOLIZED_BY	Cytochrome P450 3A4
L-Lactic acid	METABOLIZED_BY	L-lactate dehydrogenase C chain
Zinc acetate	METABOLIZED_BY	Alcohol dehydrogenase 1C
Zinc acetate	METABOLIZED_BY	Carboxypeptidase E
Zinc acetate	METABOLIZED_BY	Carbonic anhydrase 1
Zinc acetate	METABOLIZED_BY	Insulin-degrading enzyme
Zinc acetate	METABOLIZED_BY	Superoxide dismutase [Cu-Zn]
Midecamycin	METABOLIZED_BY	Cytochrome P450 3A4
Bencyclane	METABOLIZED_BY	Cytochrome P450 3A4
Paraoxon	METABOLIZED_BY	Cytochrome P450 1A2
Paraoxon	METABOLIZED_BY	Cytochrome P450 2C8
Paraoxon	METABOLIZED_BY	Cytochrome P450 2E1
Paraoxon	METABOLIZED_BY	Cytochrome P450 3A4
Paraoxon	METABOLIZED_BY	Cytochrome P450 3A5
Paraoxon	METABOLIZED_BY	Serum paraoxonase/arylesterase 1
Paraoxon	METABOLIZED_BY	Serum paraoxonase/arylesterase 2
Otilonium	METABOLIZED_BY	Cytochrome P450 3A4
Cloranolol	METABOLIZED_BY	Cytochrome P450 2D6
Buflomedil	METABOLIZED_BY	Cytochrome P450 2C19
Buflomedil	METABOLIZED_BY	Cytochrome P450 2D6
Pranoprofen	METABOLIZED_BY	Prostaglandin G/H synthase 1
Pranoprofen	METABOLIZED_BY	Prostaglandin G/H synthase 2
Chlormadinone	METABOLIZED_BY	Cytochrome P450 3A4
Mepindolol	METABOLIZED_BY	Cytochrome P450 2D6
Trifluperidol	METABOLIZED_BY	Cytochrome P450 2D6
Acefylline	METABOLIZED_BY	Cytochrome P450 1A2
Aprocitentan	METABOLIZED_BY	Cytochrome P450 2C8
Aprocitentan	METABOLIZED_BY	Cytochrome P450 2C9
Aprocitentan	METABOLIZED_BY	Cytochrome P450 2C18
Aprocitentan	METABOLIZED_BY	Cytochrome P450 2C19
Aprocitentan	METABOLIZED_BY	Cytochrome P450 3A4
Aprocitentan	METABOLIZED_BY	UDP-glucuronosyltransferase 1A1
Aprocitentan	METABOLIZED_BY	UDP-glucuronosyltransferase 2B7
Upadacitinib	METABOLIZED_BY	Cytochrome P450 2D6
Upadacitinib	METABOLIZED_BY	Cytochrome P450 3A4
Somapacitan	METABOLIZED_BY	11-beta-hydroxysteroid dehydrogenase 1
Somapacitan	METABOLIZED_BY	Cytochrome P450 1A2
Somapacitan	METABOLIZED_BY	Cytochrome P450 2C19
Pemigatinib	METABOLIZED_BY	Cytochrome P450 3A4
Vamorolone	METABOLIZED_BY	Cytochrome P450 2C8
Vamorolone	METABOLIZED_BY	Cytochrome P450 3A4
Vamorolone	METABOLIZED_BY	Cytochrome P450 3A5
Vamorolone	METABOLIZED_BY	UDP-glucuronosyltransferase 1A3
Vamorolone	METABOLIZED_BY	UDP-glucuronosyltransferase 2B7
Vamorolone	METABOLIZED_BY	UDP-glucuronosyltransferase 2B17
Ropeginterferon alfa-2b	METABOLIZED_BY	Cytochrome P450 1A2
Ropeginterferon alfa-2b	METABOLIZED_BY	Cytochrome P450 2A6
Ropeginterferon alfa-2b	METABOLIZED_BY	Cytochrome P450 2D6
Interferon alfa-2c	METABOLIZED_BY	Cytochrome P450 1A2
VK-2809	METABOLIZED_BY	Cytochrome P450 3A4
AZD-9496	METABOLIZED_BY	Cytochrome P450 2C8
Futibatinib	METABOLIZED_BY	Cytochrome P450 2C9
Futibatinib	METABOLIZED_BY	Cytochrome P450 2D6
Futibatinib	METABOLIZED_BY	Cytochrome P450 3A4
Etamiphylline	METABOLIZED_BY	Cytochrome P450 1A2
Promegestone	METABOLIZED_BY	Cytochrome P450 3A4
Ipriflavone	METABOLIZED_BY	Cytochrome P450 1A1
Ipriflavone	METABOLIZED_BY	Cytochrome P450 1A2
Ipriflavone	METABOLIZED_BY	Cytochrome P450 3A4
Potassium gluconate	METABOLIZED_BY	Sodium/potassium-transporting ATPase subunit gamma
Pentifylline	METABOLIZED_BY	Cytochrome P450 1A2
Linzagolix	METABOLIZED_BY	Cytochrome P450 2C8
Linzagolix	METABOLIZED_BY	Cytochrome P450 2C9
Linzagolix	METABOLIZED_BY	Cytochrome P450 3A4
Vorasidenib	METABOLIZED_BY	Cytochrome P450 1A2
Vorasidenib	METABOLIZED_BY	Cytochrome P450 2B6
Vorasidenib	METABOLIZED_BY	Cytochrome P450 2C8
Vorasidenib	METABOLIZED_BY	Cytochrome P450 2C9
Vorasidenib	METABOLIZED_BY	Cytochrome P450 2C19
Vorasidenib	METABOLIZED_BY	Cytochrome P450 2D6
Vorasidenib	METABOLIZED_BY	Cytochrome P450 3A4
Vorasidenib	METABOLIZED_BY	UDP-glucuronosyltransferase 1A4
Folitixorin	METABOLIZED_BY	Methylenetetrahydrofolate reductase (NADPH)
Triacetin	METABOLIZED_BY	Bile salt-activated lipase
Atogepant	METABOLIZED_BY	Cytochrome P450 3A4
Sodium phosphate, dibasic	METABOLIZED_BY	Steroid 17-alpha-hydroxylase/17,20 lyase
Phosphate ion	METABOLIZED_BY	GDP-D-glucose phosphorylase 1
Zinc chloride	METABOLIZED_BY	Alcohol dehydrogenase 1C
Zinc chloride	METABOLIZED_BY	Carboxypeptidase E
Zinc chloride	METABOLIZED_BY	Carbonic anhydrase 2
Zinc chloride	METABOLIZED_BY	Insulin-degrading enzyme
Zinc chloride	METABOLIZED_BY	Superoxide dismutase [Cu-Zn]
Hydrocortisone aceponate	METABOLIZED_BY	Cytochrome P450 2C8
Hydrocortisone aceponate	METABOLIZED_BY	Cytochrome P450 3A4
Hydrocortisone aceponate	METABOLIZED_BY	Cytochrome P450 3A5
Hydrocortisone aceponate	METABOLIZED_BY	Cytochrome P450 3A7
Hydrocortisone acetate	METABOLIZED_BY	Cytochrome P450 11B1, mitochondrial
Hydrocortisone acetate	METABOLIZED_BY	Cytochrome P450 11B2, mitochondrial
Hydrocortisone acetate	METABOLIZED_BY	Cytochrome P450 2C8
Hydrocortisone acetate	METABOLIZED_BY	Cytochrome P450 3A4
Hydrocortisone acetate	METABOLIZED_BY	Cytochrome P450 3A5
Hydrocortisone acetate	METABOLIZED_BY	Cytochrome P450 3A7
Hydrocortisone butyrate	METABOLIZED_BY	Cytochrome P450 11B1, mitochondrial
Hydrocortisone butyrate	METABOLIZED_BY	Cytochrome P450 11B2, mitochondrial
Hydrocortisone butyrate	METABOLIZED_BY	Cytochrome P450 2C8
Hydrocortisone butyrate	METABOLIZED_BY	Cytochrome P450 3A4
Hydrocortisone butyrate	METABOLIZED_BY	Cytochrome P450 3A5
Hydrocortisone butyrate	METABOLIZED_BY	Cytochrome P450 3A7
Hydrocortisone cypionate	METABOLIZED_BY	Cytochrome P450 2C8
Hydrocortisone cypionate	METABOLIZED_BY	Cytochrome P450 3A4
Hydrocortisone cypionate	METABOLIZED_BY	Cytochrome P450 3A5
Hydrocortisone cypionate	METABOLIZED_BY	Cytochrome P450 3A7
Hydrocortisone phosphate	METABOLIZED_BY	Cytochrome P450 2C8
Hydrocortisone phosphate	METABOLIZED_BY	Cytochrome P450 3A4
Hydrocortisone phosphate	METABOLIZED_BY	Cytochrome P450 3A5
Hydrocortisone phosphate	METABOLIZED_BY	Cytochrome P450 3A7
Hydrocortisone probutate	METABOLIZED_BY	Cytochrome P450 11B1, mitochondrial
Hydrocortisone probutate	METABOLIZED_BY	Cytochrome P450 11B2, mitochondrial
Hydrocortisone probutate	METABOLIZED_BY	Cytochrome P450 2C8
Hydrocortisone probutate	METABOLIZED_BY	Cytochrome P450 3A4
Hydrocortisone probutate	METABOLIZED_BY	Cytochrome P450 3A5
Hydrocortisone probutate	METABOLIZED_BY	Cytochrome P450 3A7
Hydrocortisone valerate	METABOLIZED_BY	Cytochrome P450 11B1, mitochondrial
Hydrocortisone valerate	METABOLIZED_BY	Cytochrome P450 11B2, mitochondrial
Hydrocortisone valerate	METABOLIZED_BY	Cytochrome P450 2C8
Hydrocortisone valerate	METABOLIZED_BY	Cytochrome P450 3A4
Hydrocortisone valerate	METABOLIZED_BY	Cytochrome P450 3A5
Hydrocortisone valerate	METABOLIZED_BY	Cytochrome P450 3A7
Hydrocortisone succinate	METABOLIZED_BY	Cytochrome P450 11B1, mitochondrial
Hydrocortisone succinate	METABOLIZED_BY	Cytochrome P450 11B2, mitochondrial
Hydrocortisone succinate	METABOLIZED_BY	Cytochrome P450 2C8
Hydrocortisone succinate	METABOLIZED_BY	Cytochrome P450 3A4
Chloride ion	METABOLIZED_BY	Cytochrome P450 3A4
Zinc sulfate, unspecified form	METABOLIZED_BY	Alcohol dehydrogenase 1C
Zinc sulfate, unspecified form	METABOLIZED_BY	Carboxypeptidase E
Zinc sulfate, unspecified form	METABOLIZED_BY	Carbonic anhydrase 2
Zinc sulfate, unspecified form	METABOLIZED_BY	Insulin-degrading enzyme
Zinc sulfate, unspecified form	METABOLIZED_BY	Superoxide dismutase [Cu-Zn]
JNJ-37822681	METABOLIZED_BY	Cytochrome P450 3A4
Piperine	METABOLIZED_BY	Cytochrome P450 3A4
Asciminib	METABOLIZED_BY	Cytochrome P450 2C9
Asciminib	METABOLIZED_BY	Cytochrome P450 2C19
Asciminib	METABOLIZED_BY	Cytochrome P450 3A4
Asciminib	METABOLIZED_BY	UDP-glucuronosyltransferase 1A1
Asciminib	METABOLIZED_BY	UDP-glucuronosyltransferase 2B7
Asciminib	METABOLIZED_BY	UDP-glucuronosyltransferase 2B17
3,5-diiodothyropropionic acid	METABOLIZED_BY	Cytochrome P450 3A4
Onapristone	METABOLIZED_BY	Cytochrome P450 3A4
Givinostat	METABOLIZED_BY	Cytochrome P450 1A2
Givinostat	METABOLIZED_BY	Cytochrome P450 2B6
Givinostat	METABOLIZED_BY	Cytochrome P450 3A4
Metenkefalin	METABOLIZED_BY	Carboxypeptidase A6
Lurbinectedin	METABOLIZED_BY	Cytochrome P450 3A4
Vesatolimod	METABOLIZED_BY	Cytochrome P450 3A4
Ritanserin	METABOLIZED_BY	Cytochrome P450 2D6
Phenethyl Isothiocyanate	METABOLIZED_BY	Glutathione S-transferase A1
H3B-6527	METABOLIZED_BY	Cytochrome P450 3A4
H3B-6527	METABOLIZED_BY	Cytochrome P450 3A5
Avapritinib	METABOLIZED_BY	Cytochrome P450 2C9
Avapritinib	METABOLIZED_BY	Cytochrome P450 3A4
Metahexamide	METABOLIZED_BY	Cytochrome P450 2C9
Quingestanol	METABOLIZED_BY	Cytochrome P450 3A4
Dibutylphthalate	METABOLIZED_BY	Cytochrome P450 1B1
Pirprofen	METABOLIZED_BY	UDP-glucuronosyltransferase 1A1
Terodiline	METABOLIZED_BY	Cytochrome P450 3A4
Halometasone	METABOLIZED_BY	Cytochrome P450 3A4
Halometasone	METABOLIZED_BY	Cytochrome P450 3A5
Magnesium gluconate	METABOLIZED_BY	Tyrosine-protein kinase ABL1
Magnesium gluconate	METABOLIZED_BY	Sodium/potassium-transporting ATPase subunit alpha-1
Magnesium gluconate	METABOLIZED_BY	Adenylate cyclase type 1
Magnesium gluconate	METABOLIZED_BY	ATP synthase F(1) complex subunit delta, mitochondrial
Magnesium gluconate	METABOLIZED_BY	Guanylate cyclase soluble subunit alpha-2
Magnesium gluconate	METABOLIZED_BY	6-phosphofructo-2-kinase/fructose-2,6-bisphosphatase 1
Magnesium gluconate	METABOLIZED_BY	Creatine kinase B-type
Glycyrrhizic acid	METABOLIZED_BY	Cytochrome P450 3A4
Glycyrrhizic acid	METABOLIZED_BY	Cytochrome P450 3A5
Glycyrrhizic acid	METABOLIZED_BY	Cytochrome P450 3A7
Epanolol	METABOLIZED_BY	Cytochrome P450 2D6
Dexrabeprazole	METABOLIZED_BY	Cytochrome P450 2C19
Lidoflazine	METABOLIZED_BY	Cytochrome P450 3A4
Rufloxacin	METABOLIZED_BY	Cytochrome P450 1A2
Tertatolol	METABOLIZED_BY	Cytochrome P450 2D6
Tedizolid	METABOLIZED_BY	Amine oxidase [flavin-containing] A
Tedizolid	METABOLIZED_BY	Amine oxidase [flavin-containing] B
Hydroxyprogesterone	METABOLIZED_BY	Steroid 21-hydroxylase
Hydroxyprogesterone	METABOLIZED_BY	Cytochrome P450 3A4
Hydroxyprogesterone	METABOLIZED_BY	Cytochrome P450 3A5
Hydroxyprogesterone	METABOLIZED_BY	UDP-glucuronosyltransferase 1A1
Eslicarbazepine	METABOLIZED_BY	Cytochrome P450 2C19
Eslicarbazepine	METABOLIZED_BY	Cytochrome P450 3A4
Eslicarbazepine	METABOLIZED_BY	UDP-glucuronosyltransferase 1A1
Loteprednol etabonate	METABOLIZED_BY	Cytochrome P450 3A4
Loteprednol etabonate	METABOLIZED_BY	Serum paraoxonase/arylesterase 1
Edetate calcium disodium anhydrous	METABOLIZED_BY	Adenosine deaminase
Edetate calcium disodium anhydrous	METABOLIZED_BY	Aromatase
Edetate calcium disodium anhydrous	METABOLIZED_BY	Cytochrome P450 3A4
Edetate calcium disodium anhydrous	METABOLIZED_BY	Serum paraoxonase/arylesterase 1
Edetate calcium disodium anhydrous	METABOLIZED_BY	Serum paraoxonase/lactonase 3
Edetate disodium anhydrous	METABOLIZED_BY	Adenosine deaminase
Edetate disodium anhydrous	METABOLIZED_BY	Aromatase
Edetate disodium anhydrous	METABOLIZED_BY	Cytochrome P450 3A4
Edetate disodium anhydrous	METABOLIZED_BY	Serum paraoxonase/arylesterase 1
Edetate disodium anhydrous	METABOLIZED_BY	Serum paraoxonase/lactonase 3
Prednisolone phosphate	METABOLIZED_BY	11-beta-hydroxysteroid dehydrogenase 1
Prednisolone phosphate	METABOLIZED_BY	11-beta-hydroxysteroid dehydrogenase type 2
Prednisolone phosphate	METABOLIZED_BY	Cytochrome P450 1B1
Prednisolone phosphate	METABOLIZED_BY	Cytochrome P450 2A6
Prednisolone phosphate	METABOLIZED_BY	Cytochrome P450 2B6
Prednisolone phosphate	METABOLIZED_BY	Cytochrome P450 2C8
Prednisolone phosphate	METABOLIZED_BY	Cytochrome P450 2C9
Prednisolone phosphate	METABOLIZED_BY	Cytochrome P450 2C19
Prednisolone phosphate	METABOLIZED_BY	Cytochrome P450 3A43
Prednisolone phosphate	METABOLIZED_BY	Cytochrome P450 3A4
Prednisolone phosphate	METABOLIZED_BY	Cytochrome P450 3A5
Prednisolone phosphate	METABOLIZED_BY	Cytochrome P450 3A7
Prednisolone hemisuccinate	METABOLIZED_BY	Cytochrome P450 3A4
Prednisolone hemisuccinate	METABOLIZED_BY	Cytochrome P450 3A5
Fluprednidene acetate	METABOLIZED_BY	Cytochrome P450 3A4
Fluprednidene acetate	METABOLIZED_BY	Cytochrome P450 3A5
Curcumin sulfate	METABOLIZED_BY	Cytochrome P450 1A2
Curcumin sulfate	METABOLIZED_BY	Cytochrome P450 2B6
Curcumin sulfate	METABOLIZED_BY	Cytochrome P450 2C9
Curcumin sulfate	METABOLIZED_BY	Cytochrome P450 2C19
Curcumin sulfate	METABOLIZED_BY	Cytochrome P450 2D6
Curcumin sulfate	METABOLIZED_BY	Cytochrome P450 3A4
Curcumin sulfate	METABOLIZED_BY	Cytochrome P450 3A5
Curcumin sulfate	METABOLIZED_BY	Sulfotransferase 1A3
Curcumin sulfate	METABOLIZED_BY	Sulfotransferase 1B1
Curcumin sulfate	METABOLIZED_BY	Sulfotransferase 1C4
Curcumin sulfate	METABOLIZED_BY	Sulfotransferase 1E1
Curcumin sulfate	METABOLIZED_BY	UDP-glucuronosyltransferase 1A10
Curcumin sulfate	METABOLIZED_BY	UDP-glucuronosyltransferase 1A1
Curcumin sulfate	METABOLIZED_BY	UDP-glucuronosyltransferase 1A3
Curcumin sulfate	METABOLIZED_BY	UDP-glucuronosyltransferase 1A4
Curcumin sulfate	METABOLIZED_BY	UDP-glucuronosyltransferase 1A6
Curcumin sulfate	METABOLIZED_BY	UDP-glucuronosyltransferase 1A7
Curcumin sulfate	METABOLIZED_BY	UDP-glucuronosyltransferase 1A8
Curcumin sulfate	METABOLIZED_BY	UDP-glucuronosyltransferase 1A9
Curcumin sulfate	METABOLIZED_BY	UDP-glucuronosyltransferase 2B4
Curcumin sulfate	METABOLIZED_BY	UDP-glucuronosyltransferase 2B7
Curcumin sulfate	METABOLIZED_BY	UDP-glucuronosyltransferase 2B15
Fluprednisolone acetate	METABOLIZED_BY	Cytochrome P450 3A4
Methylprednisolone hemisuccinate	METABOLIZED_BY	Cytochrome P450 3A4
Methylprednisolone hemisuccinate	METABOLIZED_BY	Cytochrome P450 3A5
Prednisone acetate	METABOLIZED_BY	Cytochrome P450 3A4
Prednisone acetate	METABOLIZED_BY	Cytochrome P450 3A5
Dexamethasone acetate	METABOLIZED_BY	Cytochrome P450 11B1, mitochondrial
Dexamethasone acetate	METABOLIZED_BY	11-beta-hydroxysteroid dehydrogenase 1
Dexamethasone acetate	METABOLIZED_BY	11-beta-hydroxysteroid dehydrogenase type 2
Dexamethasone acetate	METABOLIZED_BY	Steroid 17-alpha-hydroxylase/17,20 lyase
Dexamethasone acetate	METABOLIZED_BY	Cytochrome P450 1A1
Dexamethasone acetate	METABOLIZED_BY	Cytochrome P450 2A6
Dexamethasone acetate	METABOLIZED_BY	Cytochrome P450 2B6
Dexamethasone acetate	METABOLIZED_BY	Cytochrome P450 2C8
Dexamethasone acetate	METABOLIZED_BY	Cytochrome P450 2C19
Dexamethasone acetate	METABOLIZED_BY	Cytochrome P450 2E1
Dexamethasone acetate	METABOLIZED_BY	Cytochrome P450 3A43
Dexamethasone acetate	METABOLIZED_BY	Cytochrome P450 3A4
Dexamethasone acetate	METABOLIZED_BY	Cytochrome P450 3A5
Dexamethasone acetate	METABOLIZED_BY	Cytochrome P450 3A7
Dexamethasone acetate	METABOLIZED_BY	Cytochrome P450 4A11
Clocortolone acetate	METABOLIZED_BY	Cytochrome P450 3A4
Clocortolone acetate	METABOLIZED_BY	Cytochrome P450 3A5
Melengestrol acetate	METABOLIZED_BY	Cytochrome P450 3A4
Melengestrol acetate	METABOLIZED_BY	Cytochrome P450 3A5
Norethindrone enanthate	METABOLIZED_BY	Cytochrome P450 3A4
Cortisone	METABOLIZED_BY	Cytochrome P450 3A4
Cortisone	METABOLIZED_BY	Cytochrome P450 3A5
Dynorphin	METABOLIZED_BY	Cytosol aminopeptidase
Ensifentrine	METABOLIZED_BY	Cytochrome P450 2C9
Ensifentrine	METABOLIZED_BY	Cytochrome P450 2D6
Perazine	METABOLIZED_BY	Cytochrome P450 1A1
Perazine	METABOLIZED_BY	Cytochrome P450 1A2
Perazine	METABOLIZED_BY	Cytochrome P450 2A6
Perazine	METABOLIZED_BY	Cytochrome P450 2C9
Perazine	METABOLIZED_BY	Cytochrome P450 2C19
Perazine	METABOLIZED_BY	Cytochrome P450 2D6
Perazine	METABOLIZED_BY	Cytochrome P450 2E1
Perazine	METABOLIZED_BY	Cytochrome P450 3A4
Bucindolol	METABOLIZED_BY	Cytochrome P450 2D6
Atreleuton	METABOLIZED_BY	Cytochrome P450 3A4
Penfluridol	METABOLIZED_BY	Cytochrome P450 3A4
Linopirdine	METABOLIZED_BY	Cytochrome P450 3A4
Linopirdine	METABOLIZED_BY	Cytochrome P450 3A5
Linopirdine	METABOLIZED_BY	Cytochrome P450 3A7
Bufylline	METABOLIZED_BY	Cytochrome P450 1A2
Pipemidic acid	METABOLIZED_BY	Cytochrome P450 1A2
Caroverine	METABOLIZED_BY	Cytochrome P450 3A4
Tovorafenib	METABOLIZED_BY	Cytochrome P450 1A2
Tovorafenib	METABOLIZED_BY	Cytochrome P450 2B6
Tovorafenib	METABOLIZED_BY	Cytochrome P450 2C8
Tovorafenib	METABOLIZED_BY	Cytochrome P450 2C9
Tovorafenib	METABOLIZED_BY	Cytochrome P450 2C19
Tovorafenib	METABOLIZED_BY	Cytochrome P450 3A4
Inavolisib	METABOLIZED_BY	Cytochrome P450 2B6
Inavolisib	METABOLIZED_BY	Cytochrome P450 3A43
Inavolisib	METABOLIZED_BY	Cytochrome P450 3A4
Inavolisib	METABOLIZED_BY	Cytochrome P450 3A5
Inavolisib	METABOLIZED_BY	Cytochrome P450 3A7
Risdiplam	METABOLIZED_BY	Cytochrome P450 3A4
Ubrogepant	METABOLIZED_BY	Amine oxidase [flavin-containing] A
Ubrogepant	METABOLIZED_BY	Cytochrome P450 2C8
Ubrogepant	METABOLIZED_BY	Cytochrome P450 2C9
Ubrogepant	METABOLIZED_BY	Cytochrome P450 2C19
Ubrogepant	METABOLIZED_BY	Cytochrome P450 2D6
Ubrogepant	METABOLIZED_BY	Cytochrome P450 3A4
Ubrogepant	METABOLIZED_BY	UDP-glucuronosyltransferase 1A1
Xanomeline	METABOLIZED_BY	Cytochrome P450 1A2
Xanomeline	METABOLIZED_BY	Cytochrome P450 2B6
Xanomeline	METABOLIZED_BY	Cytochrome P450 2C9
Xanomeline	METABOLIZED_BY	Cytochrome P450 2C19
Xanomeline	METABOLIZED_BY	Cytochrome P450 2D6
Xanomeline	METABOLIZED_BY	Cytochrome P450 3A4
Xanomeline	METABOLIZED_BY	Flavin-containing monooxygenase 1
Xanomeline	METABOLIZED_BY	Flavin-containing monooxygenase 3
Larotrectinib	METABOLIZED_BY	Cytochrome P450 3A4
Cannabinol	METABOLIZED_BY	Cytochrome P450 1A1
Cannabinol	METABOLIZED_BY	Cytochrome P450 1A2
Cannabinol	METABOLIZED_BY	Cytochrome P450 1B1
Cannabinol	METABOLIZED_BY	Cytochrome P450 2A6
Cannabinol	METABOLIZED_BY	Cytochrome P450 2B6
Cannabinol	METABOLIZED_BY	Cytochrome P450 2C9
Cannabinol	METABOLIZED_BY	Cytochrome P450 2C19
Cannabinol	METABOLIZED_BY	Cytochrome P450 2D6
Cannabinol	METABOLIZED_BY	Cytochrome P450 2E1
Cannabinol	METABOLIZED_BY	Cytochrome P450 2J2
Cannabinol	METABOLIZED_BY	Cytochrome P450 3A4
Cannabinol	METABOLIZED_BY	Cytochrome P450 3A5
Cannabinol	METABOLIZED_BY	Cytochrome P450 3A7
Cannabinol	METABOLIZED_BY	Liver carboxylesterase 1
Cannabinol	METABOLIZED_BY	UDP-glucuronosyltransferase 1A10
Cannabinol	METABOLIZED_BY	UDP-glucuronosyltransferase 1A7
Cannabinol	METABOLIZED_BY	UDP-glucuronosyltransferase 1A8
Cannabinol	METABOLIZED_BY	UDP-glucuronosyltransferase 1A9
Cannabinol	METABOLIZED_BY	UDP-glucuronosyltransferase 2B7
Turoctocog alfa pegol	METABOLIZED_BY	Coagulation factor X
Turoctocog alfa pegol	METABOLIZED_BY	Vitamin K-dependent protein C
Lazertinib	METABOLIZED_BY	Cytochrome P450 3A4
Lazertinib	METABOLIZED_BY	Glutathione S-transferase Mu 1
Lazertinib	METABOLIZED_BY	UDP-glucuronosyltransferase 1A1
Loncastuximab tesirine	METABOLIZED_BY	Cytochrome P450 3A4
Loncastuximab tesirine	METABOLIZED_BY	Cytochrome P450 3A5
Maralixibat	METABOLIZED_BY	Cytochrome P450 3A4
Mitapivat	METABOLIZED_BY	Cytochrome P450 1A2
Mitapivat	METABOLIZED_BY	Cytochrome P450 2B6
Mitapivat	METABOLIZED_BY	Cytochrome P450 2C8
Mitapivat	METABOLIZED_BY	Cytochrome P450 2C9
Mitapivat	METABOLIZED_BY	Cytochrome P450 2C19
Mitapivat	METABOLIZED_BY	Cytochrome P450 3A4
Mitapivat	METABOLIZED_BY	UDP-glucuronosyltransferase 1A1
Olutasidenib	METABOLIZED_BY	Cytochrome P450 1A2
Olutasidenib	METABOLIZED_BY	Cytochrome P450 2B6
Olutasidenib	METABOLIZED_BY	Cytochrome P450 2C8
Olutasidenib	METABOLIZED_BY	Cytochrome P450 2C9
Olutasidenib	METABOLIZED_BY	Cytochrome P450 2C19
Olutasidenib	METABOLIZED_BY	Cytochrome P450 3A4
Cicletanine	METABOLIZED_BY	UDP-glucuronosyltransferase 1A1
E-6005	METABOLIZED_BY	Liver carboxylesterase 1
Balaglitazone	METABOLIZED_BY	Cytochrome P450 2C8
Balaglitazone	METABOLIZED_BY	Cytochrome P450 3A4
Dinoprost	METABOLIZED_BY	Carbonyl reductase [NADPH] 1
Trifarotene	METABOLIZED_BY	Cytochrome P450 2B6
Trifarotene	METABOLIZED_BY	Cytochrome P450 2C8
Trifarotene	METABOLIZED_BY	Cytochrome P450 2C9
Trifarotene	METABOLIZED_BY	Cytochrome P450 3A4
Cepeginterferon alfa-2B	METABOLIZED_BY	Cytochrome P450 1A2
Terpinen-4-ol	METABOLIZED_BY	Cytochrome P450 2A6
Lefamulin	METABOLIZED_BY	Cytochrome P450 3A4
Gabexate	METABOLIZED_BY	Complement C1r subcomponent
Gabexate	METABOLIZED_BY	Complement C1s subcomponent
Gabexate	METABOLIZED_BY	Serine protease 1
Secnidazole	METABOLIZED_BY	Cytochrome P450 2C19
Secnidazole	METABOLIZED_BY	Cytochrome P450 3A4
Secnidazole	METABOLIZED_BY	Cytochrome P450 3A5
Vonicog alfa	METABOLIZED_BY	A disintegrin and metalloproteinase with thrombospondin motifs 13
Oxatomide	METABOLIZED_BY	Cytochrome P450 2D6
Oxatomide	METABOLIZED_BY	Cytochrome P450 3A4
Etrasimod	METABOLIZED_BY	Cytochrome P450 2C8
Etrasimod	METABOLIZED_BY	Cytochrome P450 2C9
Etrasimod	METABOLIZED_BY	Cytochrome P450 2C19
Etrasimod	METABOLIZED_BY	Cytochrome P450 2J2
Etrasimod	METABOLIZED_BY	Cytochrome P450 3A4
Oliceridine	METABOLIZED_BY	Cytochrome P450 2D6
Vicagrel	METABOLIZED_BY	Arylacetamide deacetylase
Vicagrel	METABOLIZED_BY	Cytochrome P450 2C19
Vicagrel	METABOLIZED_BY	Liver carboxylesterase 1
Vicagrel	METABOLIZED_BY	Cocaine esterase
Vicagrel	METABOLIZED_BY	Intestinal-type alkaline phosphatase
Anacaulase	METABOLIZED_BY	Cytochrome P450 2C8
Anacaulase	METABOLIZED_BY	Cytochrome P450 2C9
Pirtobrutinib	METABOLIZED_BY	Cytochrome P450 1A2
Pirtobrutinib	METABOLIZED_BY	Cytochrome P450 2B6
Pirtobrutinib	METABOLIZED_BY	Cytochrome P450 2C8
Pirtobrutinib	METABOLIZED_BY	Cytochrome P450 2C9
Pirtobrutinib	METABOLIZED_BY	Cytochrome P450 2C19
Pirtobrutinib	METABOLIZED_BY	Cytochrome P450 2D6
Pirtobrutinib	METABOLIZED_BY	Cytochrome P450 3A4
Pirtobrutinib	METABOLIZED_BY	Cytochrome P450 3A5
Pirtobrutinib	METABOLIZED_BY	UDP-glucuronosyltransferase 1A8
Pirtobrutinib	METABOLIZED_BY	UDP-glucuronosyltransferase 1A9
Trilaciclib	METABOLIZED_BY	Cytochrome P450 1A2
Elexacaftor	METABOLIZED_BY	Cytochrome P450 1A2
Elexacaftor	METABOLIZED_BY	Cytochrome P450 2B6
Elexacaftor	METABOLIZED_BY	Cytochrome P450 2C8
Elexacaftor	METABOLIZED_BY	Cytochrome P450 2C9
Elexacaftor	METABOLIZED_BY	Cytochrome P450 2C19
Elexacaftor	METABOLIZED_BY	Cytochrome P450 2D6
Elexacaftor	METABOLIZED_BY	Cytochrome P450 3A4
Elexacaftor	METABOLIZED_BY	Cytochrome P450 3A5
Belzutifan	METABOLIZED_BY	Cytochrome P450 2C19
Belzutifan	METABOLIZED_BY	Cytochrome P450 3A4
Belzutifan	METABOLIZED_BY	UDP-glucuronosyltransferase 2B17
Echinacoside	METABOLIZED_BY	Catechol O-methyltransferase
Mexazolam	METABOLIZED_BY	Cytochrome P450 3A4
Zuranolone	METABOLIZED_BY	Cytochrome P450 3A4
Pradefovir	METABOLIZED_BY	Cytochrome P450 3A4
Vibegron	METABOLIZED_BY	Cytochrome P450 3A4
Pimasertib	METABOLIZED_BY	Cytochrome P450 2C19
Pimasertib	METABOLIZED_BY	Cytochrome P450 3A4
Ritlecitinib	METABOLIZED_BY	Cytochrome P450 1A2
Ritlecitinib	METABOLIZED_BY	Cytochrome P450 2C8
Ritlecitinib	METABOLIZED_BY	Cytochrome P450 2C9
Ritlecitinib	METABOLIZED_BY	Cytochrome P450 3A4
Ritlecitinib	METABOLIZED_BY	Microsomal glutathione S-transferase 1
Ritlecitinib	METABOLIZED_BY	Microsomal glutathione S-transferase 2
Ritlecitinib	METABOLIZED_BY	Glutathione S-transferase 3, mitochondrial
Ritlecitinib	METABOLIZED_BY	Maleylacetoacetate isomerase
Ritlecitinib	METABOLIZED_BY	Glutathione S-transferase theta-2
Ritlecitinib	METABOLIZED_BY	Glutathione S-transferase A1
Ritlecitinib	METABOLIZED_BY	Glutathione S-transferase A3
Ritlecitinib	METABOLIZED_BY	Glutathione S-transferase Mu 1
Ritlecitinib	METABOLIZED_BY	Glutathione S-transferase Mu 3
Ritlecitinib	METABOLIZED_BY	Glutathione S-transferase Mu 5
Ritlecitinib	METABOLIZED_BY	Glutathione S-transferase P
Nicotinamide riboside	METABOLIZED_BY	Ribosyldihydronicotinamide dehydrogenase [quinone]
Dexamethasone palmitate	METABOLIZED_BY	Cytochrome P450 3A4
Revumenib	METABOLIZED_BY	Cytochrome P450 2C8
Revumenib	METABOLIZED_BY	Cytochrome P450 3A4
Adagrasib	METABOLIZED_BY	Cytochrome P450 1A2
Adagrasib	METABOLIZED_BY	Cytochrome P450 2B6
Adagrasib	METABOLIZED_BY	Cytochrome P450 2C8
Adagrasib	METABOLIZED_BY	Cytochrome P450 2C9
Adagrasib	METABOLIZED_BY	Cytochrome P450 2D6
Adagrasib	METABOLIZED_BY	Cytochrome P450 3A4
Sotorasib	METABOLIZED_BY	Cytochrome P450 2B6
Sotorasib	METABOLIZED_BY	Cytochrome P450 2C8
Sotorasib	METABOLIZED_BY	Cytochrome P450 2C9
Sotorasib	METABOLIZED_BY	Cytochrome P450 3A43
Sotorasib	METABOLIZED_BY	Cytochrome P450 3A4
Sotorasib	METABOLIZED_BY	Cytochrome P450 3A5
Sotorasib	METABOLIZED_BY	Cytochrome P450 3A7
Chrysin	METABOLIZED_BY	UDP-glucuronosyltransferase 1A1
Chrysin	METABOLIZED_BY	UDP-glucuronosyltransferase 1A7
Chrysin	METABOLIZED_BY	UDP-glucuronosyltransferase 1A8
Chrysin	METABOLIZED_BY	UDP-glucuronosyltransferase 1A9
Clobetasol	METABOLIZED_BY	Cytochrome P450 3A4
Clobetasol	METABOLIZED_BY	Cytochrome P450 3A5
Cabotegravir	METABOLIZED_BY	UDP-glucuronosyltransferase 1A1
Cabotegravir	METABOLIZED_BY	UDP-glucuronosyltransferase 1A9
Bryostatin 1	METABOLIZED_BY	Cytochrome P450 3A4
Istradefylline	METABOLIZED_BY	Cytochrome P450 1A2
Istradefylline	METABOLIZED_BY	Cytochrome P450 2C8
Istradefylline	METABOLIZED_BY	Cytochrome P450 2C9
Istradefylline	METABOLIZED_BY	Cytochrome P450 2C18
Istradefylline	METABOLIZED_BY	Cytochrome P450 2D6
Istradefylline	METABOLIZED_BY	Cytochrome P450 3A4
Istradefylline	METABOLIZED_BY	Cytochrome P450 3A5
Cenicriviroc	METABOLIZED_BY	Cytochrome P450 2C8
Cenicriviroc	METABOLIZED_BY	Cytochrome P450 3A4
Tenapanor	METABOLIZED_BY	Cytochrome P450 3A4
Tenapanor	METABOLIZED_BY	Cytochrome P450 3A5
Momelotinib	METABOLIZED_BY	Cytochrome P450 1A2
Momelotinib	METABOLIZED_BY	Cytochrome P450 2C8
Momelotinib	METABOLIZED_BY	Cytochrome P450 2C9
Momelotinib	METABOLIZED_BY	Cytochrome P450 2C19
Momelotinib	METABOLIZED_BY	Cytochrome P450 3A4
Sarilumab	METABOLIZED_BY	Cytochrome P450 3A4
Talinolol	METABOLIZED_BY	Cytochrome P450 2D6
Talinolol	METABOLIZED_BY	Cytochrome P450 3A4
Pazufloxacin	METABOLIZED_BY	Cytochrome P450 1A2
Danoprevir	METABOLIZED_BY	Cytochrome P450 3A4
Imidapril	METABOLIZED_BY	Liver carboxylesterase 1
Anisodamine	METABOLIZED_BY	Cytochrome P450 2D6
Capmatinib	METABOLIZED_BY	Aldehyde oxidase
Capmatinib	METABOLIZED_BY	Cytochrome P450 1A2
Capmatinib	METABOLIZED_BY	Cytochrome P450 3A4
Mirodenafil	METABOLIZED_BY	Cytochrome P450 3A43
Mirodenafil	METABOLIZED_BY	Cytochrome P450 3A4
Mirodenafil	METABOLIZED_BY	Cytochrome P450 3A5
Mirodenafil	METABOLIZED_BY	Cytochrome P450 3A7
Niraparib	METABOLIZED_BY	Beta-glucuronidase
Niraparib	METABOLIZED_BY	Cytochrome P450 1A1
Niraparib	METABOLIZED_BY	Liver carboxylesterase 1
Bictegravir	METABOLIZED_BY	Cytochrome P450 3A4
Bictegravir	METABOLIZED_BY	POU domain, class 2, transcription factor 2
Bictegravir	METABOLIZED_BY	Multidrug and toxin extrusion protein 1
Bictegravir	METABOLIZED_BY	UDP-glucuronosyltransferase 1A1
Tivozanib	METABOLIZED_BY	Cytochrome P450 3A4
Saracatinib	METABOLIZED_BY	Cytochrome P450 3A4
Baricitinib	METABOLIZED_BY	Cytochrome P450 3A4
Esketamine	METABOLIZED_BY	Cytochrome P450 2C9
Esketamine	METABOLIZED_BY	Cytochrome P450 2C19
Esketamine	METABOLIZED_BY	Cytochrome P450 3A4
Ertugliflozin	METABOLIZED_BY	UDP-glucuronosyltransferase 1A9
Ertugliflozin	METABOLIZED_BY	UDP-glucuronosyltransferase 2B7
Neratinib	METABOLIZED_BY	Cytochrome P450 3A4
Neratinib	METABOLIZED_BY	Flavin-containing monooxygenase 3
Ruboxistaurin	METABOLIZED_BY	Cytochrome P450 3A4
Dinitrochlorobenzene	METABOLIZED_BY	Prostaglandin E synthase 2
Dinitrochlorobenzene	METABOLIZED_BY	Prostaglandin-H2 D-isomerase
Osilodrostat	METABOLIZED_BY	Cytochrome P450 1A2
Osilodrostat	METABOLIZED_BY	Cytochrome P450 2B6
Osilodrostat	METABOLIZED_BY	Cytochrome P450 2C19
Osilodrostat	METABOLIZED_BY	Cytochrome P450 2D6
Osilodrostat	METABOLIZED_BY	Cytochrome P450 2E1
Osilodrostat	METABOLIZED_BY	Cytochrome P450 3A4
Osilodrostat	METABOLIZED_BY	Cytochrome P450 3A5
Osilodrostat	METABOLIZED_BY	UDP-glucuronosyltransferase 1A1
Osilodrostat	METABOLIZED_BY	UDP-glucuronosyltransferase 1A4
Osilodrostat	METABOLIZED_BY	UDP-glucuronosyltransferase 2B7
Osilodrostat	METABOLIZED_BY	UDP-glucuronosyltransferase 2B10
Relugolix	METABOLIZED_BY	Cytochrome P450 2B6
Relugolix	METABOLIZED_BY	Cytochrome P450 2C8
Relugolix	METABOLIZED_BY	Cytochrome P450 3A43
Relugolix	METABOLIZED_BY	Cytochrome P450 3A4
Relugolix	METABOLIZED_BY	Cytochrome P450 3A5
Relugolix	METABOLIZED_BY	Cytochrome P450 3A7
Revefenacin	METABOLIZED_BY	Cytochrome P450 2D6
Brexanolone	METABOLIZED_BY	Aldo-keto reductase family 1 member B1
Aphidicolin	METABOLIZED_BY	Cytochrome P450 3A4
Megestrol	METABOLIZED_BY	Cytochrome P450 3A4
Zilucoplan	METABOLIZED_BY	Cytochrome P450 4F2
Fezolinetant	METABOLIZED_BY	Cytochrome P450 1A2
Fezolinetant	METABOLIZED_BY	Cytochrome P450 2C9
Fezolinetant	METABOLIZED_BY	Cytochrome P450 2C19
Lenacapavir	METABOLIZED_BY	Cytochrome P450 3A4
Lenacapavir	METABOLIZED_BY	UDP-glucuronosyltransferase 1A1
Selpercatinib	METABOLIZED_BY	Cytochrome P450 2C8
Selpercatinib	METABOLIZED_BY	Cytochrome P450 3A43
Selpercatinib	METABOLIZED_BY	Cytochrome P450 3A4
Selpercatinib	METABOLIZED_BY	Cytochrome P450 3A5
Selpercatinib	METABOLIZED_BY	Cytochrome P450 3A7
Zavegepant	METABOLIZED_BY	Cytochrome P450 2D6
Zavegepant	METABOLIZED_BY	Cytochrome P450 3A4
Birch bark extract	METABOLIZED_BY	Cytochrome P450 2C8
Birch bark extract	METABOLIZED_BY	Cytochrome P450 3A43
Birch bark extract	METABOLIZED_BY	Cytochrome P450 3A4
Birch bark extract	METABOLIZED_BY	Cytochrome P450 3A5
Birch bark extract	METABOLIZED_BY	Cytochrome P450 3A7
Enmetazobactam	METABOLIZED_BY	Cytochrome P450 2E1
Zotiraciclib	METABOLIZED_BY	Cytochrome P450 1A2
Zotiraciclib	METABOLIZED_BY	Cytochrome P450 3A4
Nirmatrelvir	METABOLIZED_BY	Cytochrome P450 3A4
Insulin icodec	METABOLIZED_BY	Insulin-degrading enzyme
Belumosudil	METABOLIZED_BY	Cytochrome P450 1A2
Belumosudil	METABOLIZED_BY	Cytochrome P450 2C8
Belumosudil	METABOLIZED_BY	Cytochrome P450 2C19
Belumosudil	METABOLIZED_BY	Cytochrome P450 2D6
Belumosudil	METABOLIZED_BY	Cytochrome P450 3A4
Belumosudil	METABOLIZED_BY	UDP-glucuronosyltransferase 1A1
Belumosudil	METABOLIZED_BY	UDP-glucuronosyltransferase 1A9
Deuruxolitinib	METABOLIZED_BY	Cytochrome P450 1A2
Deuruxolitinib	METABOLIZED_BY	Cytochrome P450 2C9
Deuruxolitinib	METABOLIZED_BY	Cytochrome P450 3A4
Tisotumab vedotin	METABOLIZED_BY	Cytochrome P450 3A4
Repotrectinib	METABOLIZED_BY	Cytochrome P450 2B6
Repotrectinib	METABOLIZED_BY	Cytochrome P450 2C8
Repotrectinib	METABOLIZED_BY	Cytochrome P450 2C9
Repotrectinib	METABOLIZED_BY	Cytochrome P450 2C19
Repotrectinib	METABOLIZED_BY	Cytochrome P450 3A4
Repotrectinib	METABOLIZED_BY	Cytochrome P450 3A5
Repotrectinib	METABOLIZED_BY	UDP-glucuronosyltransferase 1A1
Pralsetinib	METABOLIZED_BY	Cytochrome P450 1A2
Pralsetinib	METABOLIZED_BY	Cytochrome P450 2C8
Pralsetinib	METABOLIZED_BY	Cytochrome P450 2C9
Pralsetinib	METABOLIZED_BY	Cytochrome P450 2D6
Pralsetinib	METABOLIZED_BY	Cytochrome P450 3A4
Pralsetinib	METABOLIZED_BY	Cytochrome P450 3A5
Clemizole	METABOLIZED_BY	Cytochrome P450 3A4
Lumasiran	METABOLIZED_BY	Cytochrome P450 2C8
Oxaloacetic acid	METABOLIZED_BY	Oxaloacetate tautomerase FAHD1, mitochondrial
Oxaloacetic acid	METABOLIZED_BY	Phosphoenolpyruvate carboxykinase, cytosolic [GTP]
Cloprednol	METABOLIZED_BY	Cytochrome P450 3A4
Cloprednol	METABOLIZED_BY	Cytochrome P450 3A5
Gamolenic acid	METABOLIZED_BY	Prostaglandin G/H synthase 1
Gamolenic acid	METABOLIZED_BY	Prostaglandin G/H synthase 2
Demegestone	METABOLIZED_BY	Cytochrome P450 3A4
Etynodiol	METABOLIZED_BY	Cytochrome P450 3A4
Fluticasone	METABOLIZED_BY	Cytochrome P450 2C8
Fluticasone	METABOLIZED_BY	Cytochrome P450 3A4
Fluticasone	METABOLIZED_BY	Cytochrome P450 3A5
Fluticasone	METABOLIZED_BY	Cytochrome P450 3A7
Fenofibric acid	METABOLIZED_BY	Aldo-keto reductase family 1 member C1
Fenofibric acid	METABOLIZED_BY	Aldo-keto reductase family 1 member C2
Fenofibric acid	METABOLIZED_BY	Aldo-keto reductase family 1 member C3
Fenofibric acid	METABOLIZED_BY	Aldo-keto reductase family 1 member B1
Fenofibric acid	METABOLIZED_BY	Carbonyl reductase [NADPH] 1
Enasidenib	METABOLIZED_BY	Cytochrome P450 1A2
Enasidenib	METABOLIZED_BY	Cytochrome P450 2B6
Enasidenib	METABOLIZED_BY	Cytochrome P450 2C8
Enasidenib	METABOLIZED_BY	Cytochrome P450 2C9
Enasidenib	METABOLIZED_BY	Cytochrome P450 2C19
Enasidenib	METABOLIZED_BY	Cytochrome P450 2D6
Enasidenib	METABOLIZED_BY	Cytochrome P450 3A4
Enasidenib	METABOLIZED_BY	UDP-glucuronosyltransferase 1A1
Enasidenib	METABOLIZED_BY	UDP-glucuronosyltransferase 1A3
Enasidenib	METABOLIZED_BY	UDP-glucuronosyltransferase 1A4
Enasidenib	METABOLIZED_BY	UDP-glucuronosyltransferase 1A9
Enasidenib	METABOLIZED_BY	UDP-glucuronosyltransferase 2B7
Enasidenib	METABOLIZED_BY	UDP-glucuronosyltransferase 2B15
Brofaromine	METABOLIZED_BY	Cytochrome P450 2D6
Pibrentasvir	METABOLIZED_BY	Cytochrome P450 3A43
Pibrentasvir	METABOLIZED_BY	Cytochrome P450 3A4
Pibrentasvir	METABOLIZED_BY	Cytochrome P450 3A5
Pibrentasvir	METABOLIZED_BY	Cytochrome P450 3A7
Pibrentasvir	METABOLIZED_BY	UDP-glucuronosyltransferase 1A1
Glecaprevir	METABOLIZED_BY	Cytochrome P450 3A43
Glecaprevir	METABOLIZED_BY	Cytochrome P450 3A4
Glecaprevir	METABOLIZED_BY	Cytochrome P450 3A5
Glecaprevir	METABOLIZED_BY	Cytochrome P450 3A7
Glecaprevir	METABOLIZED_BY	UDP-glucuronosyltransferase 1A1
Albutrepenonacog alfa	METABOLIZED_BY	Coagulation factor VIII
Crotalus atrox antivenin	METABOLIZED_BY	Group 10 secretory phospholipase A2
Candesartan	METABOLIZED_BY	Cytochrome P450 2C8
Candesartan	METABOLIZED_BY	Cytochrome P450 2C9
Candesartan	METABOLIZED_BY	Liver carboxylesterase 1
Candesartan	METABOLIZED_BY	Prostaglandin G/H synthase 1
Candesartan	METABOLIZED_BY	UDP-glucuronosyltransferase 1A1
Candesartan	METABOLIZED_BY	UDP-glucuronosyltransferase 1A3
Semaglutide	METABOLIZED_BY	Dipeptidyl peptidase 4
Semaglutide	METABOLIZED_BY	Neprilysin
Trofosfamide	METABOLIZED_BY	Cytochrome P450 3A4
ado-trastuzumab-emtansine cas nr	METABOLIZED_BY	Cytochrome P450 3A4
ado-trastuzumab-emtansine cas nr	METABOLIZED_BY	Cytochrome P450 3A5
bosentan monohydrate	METABOLIZED_BY	Cytochrome P450 2C9
bosentan monohydrate	METABOLIZED_BY	Cytochrome P450 3A4
ciclosporin	METABOLIZED_BY	Cytochrome P450 2C19
ciclosporin	METABOLIZED_BY	Cytochrome P450 2D6
ciclosporin	METABOLIZED_BY	Cytochrome P450 3A4
ciclosporin	METABOLIZED_BY	Cytochrome P450 3A5
ciprodex	METABOLIZED_BY	Cytochrome P450 1A2
ciprodex	METABOLIZED_BY	Cytochrome P450 3A4
ciprodex	METABOLIZED_BY	Cytochrome P450 3A5
ciprodex	METABOLIZED_BY	Cytochrome P450 3A7
cocarboxylase	METABOLIZED_BY	Benzoylformate decarboxylase
cocarboxylase	METABOLIZED_BY	Pyruvate oxidase
florbetaben (18f)	METABOLIZED_BY	Cytochrome P450 2J2
florbetaben (18f)	METABOLIZED_BY	Cytochrome P450 4F2
insulin lispro protamine, human 50 unt/ml	METABOLIZED_BY	Cytochrome P450 1A2
insulin lispro protamine, human 50 unt/ml	METABOLIZED_BY	Insulin-degrading enzyme
invanz	METABOLIZED_BY	Dipeptidase 1
lansoprazole, amoxicillin and clarithromycin	METABOLIZED_BY	Cytochrome P450 2C8
lansoprazole, amoxicillin and clarithromycin	METABOLIZED_BY	Metallo-beta-lactamase type 2
medroxyprogesterone	METABOLIZED_BY	3 beta-hydroxysteroid dehydrogenase/Delta 5-->4-isomerase type 2
medroxyprogesterone	METABOLIZED_BY	Cytochrome P450 2C8
medroxyprogesterone	METABOLIZED_BY	Cytochrome P450 2C9
medroxyprogesterone	METABOLIZED_BY	Cytochrome P450 3A1
medroxyprogesterone	METABOLIZED_BY	Cytochrome P450 3A4
memogain	METABOLIZED_BY	Cytochrome P450 2D6
memogain	METABOLIZED_BY	Cytochrome P450 3A4
mepacrine	METABOLIZED_BY	Cytochrome P450 3A4
mepacrine	METABOLIZED_BY	Cytochrome P450 3A5
mepacrine	METABOLIZED_BY	Histamine N-methyltransferase
rifampicin	METABOLIZED_BY	Cytochrome P450 1A2
rifampicin	METABOLIZED_BY	Cytochrome P450 2A6
rifampicin	METABOLIZED_BY	Cytochrome P450 2B6
rifampicin	METABOLIZED_BY	Cytochrome P450 2C19
rifampicin	METABOLIZED_BY	Cytochrome P450 2C8
rifampicin	METABOLIZED_BY	Cytochrome P450 2C9
rifampicin	METABOLIZED_BY	Cytochrome P450 2E1
rifampicin	METABOLIZED_BY	Cytochrome P450 3A4
rifampicin	METABOLIZED_BY	Cytochrome P450 3A43
rifampicin	METABOLIZED_BY	Cytochrome P450 3A5
rifampicin	METABOLIZED_BY	Cytochrome P450 3A7
rifampicin	METABOLIZED_BY	UDP-glucuronosyltransferase 1A1
rifampicin	METABOLIZED_BY	UDP-glucuronosyltransferase 1A9
rutoside	METABOLIZED_BY	Cytochrome P450 3A4
sulfafurazole	METABOLIZED_BY	Cytochrome P450 2C9
trimetaphan	METABOLIZED_BY	Cholinesterase
