head_name	relation	tail_name
Cbp/p300-interacting transactivator 4	MODIFIED_IN	breast lobular carcinoma
Cbp/p300-interacting transactivator 4	MODIFIED_IN	breast carcinoma
Inhibin beta B chain	MODIFIED_IN	adenoma
14-3-3 protein sigma	MODIFIED_IN	lung carcinoma
14-3-3 protein sigma	MODIFIED_IN	lung cancer
14-3-3 protein sigma	MODIFIED_IN	corpus callosum, agenesis of
14-3-3 protein sigma	MODIFIED_IN	ovarian neoplasm
14-3-3 protein sigma	MODIFIED_IN	breast neoplasm
Ryanodine receptor 2	MODIFIED_IN	head and neck carcinoma
Polycystin-1	MODIFIED_IN	gastric cancer
Polycystin-1	MODIFIED_IN	gastric carcinoma
Serine/threonine-protein phosphatase 2A 55 kDa regulatory subunit B beta isoform	MODIFIED_IN	ductal breast carcinoma in situ
Serine/threonine-protein phosphatase 2A 55 kDa regulatory subunit B beta isoform	MODIFIED_IN	colorectal carcinoma
Neuroendocrine protein 7B2	MODIFIED_IN	astrocytoma (excluding glioblastoma)
Leucine-rich alpha-2-glycoprotein	MODIFIED_IN	neuroblastoma
Arylacetamide deacetylase	MODIFIED_IN	breast carcinoma
Arylacetamide deacetylase	MODIFIED_IN	bone osteosarcoma
Arylacetamide deacetylase	MODIFIED_IN	osteosarcoma
Arylacetamide deacetylase	MODIFIED_IN	breast cancer
Arylacetamide deacetylase	MODIFIED_IN	cholangiocarcinoma
5'-AMP-activated protein kinase subunit gamma-2	MODIFIED_IN	chronic obstructive pulmonary disease
5'-AMP-activated protein kinase subunit gamma-2	MODIFIED_IN	obesity disorder
Protein ABHD8	MODIFIED_IN	ovarian carcinoma
ABI gene family member 3	MODIFIED_IN	thyroid gland follicular carcinoma
ABI gene family member 3	MODIFIED_IN	thyroid gland carcinoma
Rho guanine nucleotide exchange factor 25	MODIFIED_IN	rhabdomyosarcoma
Acetyl-CoA carboxylase 1	MODIFIED_IN	lung carcinoma
Acetyl-CoA carboxylase 1	MODIFIED_IN	lung cancer
Acetyl-CoA carboxylase 1	MODIFIED_IN	aplasia cutis congenita
Acetyl-CoA carboxylase 1	MODIFIED_IN	corpus callosum, agenesis of
Short-chain specific acyl-CoA dehydrogenase, mitochondrial	MODIFIED_IN	neoplasm
Neuronal acetylcholine receptor subunit alpha-3	MODIFIED_IN	gastric cancer
Neuronal acetylcholine receptor subunit alpha-3	MODIFIED_IN	gastric carcinoma
Apoptotic chromatin condensation inducer in the nucleus	MODIFIED_IN	adenocarcinoma
Apoptotic chromatin condensation inducer in the nucleus	MODIFIED_IN	minimally invasive lung adenocarcinoma
Apoptotic chromatin condensation inducer in the nucleus	MODIFIED_IN	lung adenocarcinoma
Acyl-coenzyme A synthetase ACSM3, mitochondrial	MODIFIED_IN	neoplasm
Activating signal cointegrator 1 complex subunit 1	MODIFIED_IN	spinal muscular atrophy
Apoptosis-associated speck-like protein containing a CARD	MODIFIED_IN	colorectal neoplasm
Apoptosis-associated speck-like protein containing a CARD	MODIFIED_IN	ovarian neoplasm
Apoptosis-associated speck-like protein containing a CARD	MODIFIED_IN	colorectal carcinoma
Apoptosis-stimulating of p53 protein 1	MODIFIED_IN	hepatocellular carcinoma
Argininosuccinate synthase	MODIFIED_IN	ovarian carcinoma
Argininosuccinate synthase	MODIFIED_IN	ovarian cancer
Argininosuccinate synthase	MODIFIED_IN	glioblastoma
Argininosuccinate synthase	MODIFIED_IN	ovarian neoplasm
Sodium/potassium-transporting ATPase subunit beta-1	MODIFIED_IN	renal cell carcinoma
Sodium/potassium-transporting ATPase subunit beta-2	MODIFIED_IN	glioma
Disintegrin and metalloproteinase domain-containing protein 23	MODIFIED_IN	neoplasm
Disintegrin and metalloproteinase domain-containing protein 23	MODIFIED_IN	colorectal neoplasm
Disintegrin and metalloproteinase domain-containing protein 23	MODIFIED_IN	gastric neoplasm
Disintegrin and metalloproteinase domain-containing protein 23	MODIFIED_IN	colorectal carcinoma
Protein AF-9	MODIFIED_IN	neoplasm
Mitochondrial inner membrane m-AAA protease component AFG3L2	MODIFIED_IN	coronary artery disorder
Outer mitochondrial transmembrane helix translocase	MODIFIED_IN	exocrine pancreatic carcinoma
Outer mitochondrial transmembrane helix translocase	MODIFIED_IN	myelodysplastic syndrome
Cyclic AMP-dependent transcription factor ATF-1	MODIFIED_IN	lung carcinoma
Cyclic AMP-dependent transcription factor ATF-1	MODIFIED_IN	lung cancer
Cysteine protease ATG4B	MODIFIED_IN	hepatocellular carcinoma
ADAMTS-like protein 5	MODIFIED_IN	childhood acute lymphoblastic leukemia
Protein argonaute-2	MODIFIED_IN	hepatitis B virus infection
Anterior gradient protein 3	MODIFIED_IN	adenocarcinoma
Caldesmon	MODIFIED_IN	prostate cancer
Zinc finger protein castor homolog 1	MODIFIED_IN	acute myeloid leukemia
Transcription factor ATOH8	MODIFIED_IN	hepatocellular carcinoma
Potassium-transporting ATPase subunit beta	MODIFIED_IN	neoplasm
ATP synthase F(1) complex subunit epsilon, mitochondrial	MODIFIED_IN	blast phase chronic myelogenous leukemia, BCR-ABL1 positive
ATR-interacting protein	MODIFIED_IN	mantle cell lymphoma
A disintegrin and metalloproteinase with thrombospondin motifs 12	MODIFIED_IN	cancer
A disintegrin and metalloproteinase with thrombospondin motifs 12	MODIFIED_IN	colorectal carcinoma
A disintegrin and metalloproteinase with thrombospondin motifs 18	MODIFIED_IN	gastric cancer
A disintegrin and metalloproteinase with thrombospondin motifs 8	MODIFIED_IN	gastric cancer
A disintegrin and metalloproteinase with thrombospondin motifs 8	MODIFIED_IN	carcinoma
A disintegrin and metalloproteinase with thrombospondin motifs 8	MODIFIED_IN	gastric carcinoma
A disintegrin and metalloproteinase with thrombospondin motifs 8	MODIFIED_IN	glioma
A disintegrin and metalloproteinase with thrombospondin motifs 8	MODIFIED_IN	brain neoplasm
A disintegrin and metalloproteinase with thrombospondin motifs 9	MODIFIED_IN	breast carcinoma
A disintegrin and metalloproteinase with thrombospondin motifs 9	MODIFIED_IN	carcinoma
A disintegrin and metalloproteinase with thrombospondin motifs 9	MODIFIED_IN	breast cancer
A disintegrin and metalloproteinase with thrombospondin motifs 9	MODIFIED_IN	gastric neoplasm
Augurin	MODIFIED_IN	breast carcinoma
Augurin	MODIFIED_IN	breast cancer
Augurin	MODIFIED_IN	malignant glioma
Axin-1	MODIFIED_IN	esophageal squamous cell carcinoma
Axin-2	MODIFIED_IN	adenoma
Axin-2	MODIFIED_IN	carcinoma
Axin-2	MODIFIED_IN	colorectal neoplasm
Bcl-2-like protein 10	MODIFIED_IN	gastric cancer
Bcl-2-like protein 10	MODIFIED_IN	acute leukemia
Bcl-2-like protein 12	MODIFIED_IN	colon carcinoma
Bcl-2-like protein 12	MODIFIED_IN	malignant colon neoplasm
Galactosylgalactosylxylosylprotein 3-beta-glucuronosyltransferase 2	MODIFIED_IN	Barrett esophagus
Neuroblast differentiation-associated protein AHNAK	MODIFIED_IN	liver cancer
Neuroblast differentiation-associated protein AHNAK	MODIFIED_IN	hepatitis B virus infection
Neuroblast differentiation-associated protein AHNAK	MODIFIED_IN	carcinoma of liver and intrahepatic biliary tract
Aryl hydrocarbon receptor repressor	MODIFIED_IN	obesity disorder
Activator of 90 kDa heat shock protein ATPase homolog 1	MODIFIED_IN	neoplasm
Activator of 90 kDa heat shock protein ATPase homolog 1	MODIFIED_IN	B-cell neoplasm
Interferon-inducible protein AIM2	MODIFIED_IN	glioblastoma
Interferon-inducible protein AIM2	MODIFIED_IN	adult glioblastoma
A-kinase anchor protein 12	MODIFIED_IN	squamous cell carcinoma
A-kinase anchor protein 12	MODIFIED_IN	lung carcinoma
A-kinase anchor protein 12	MODIFIED_IN	pancreatic ductal adenocarcinoma
A-kinase anchor protein 12	MODIFIED_IN	esophageal squamous cell carcinoma
A-kinase anchor protein 12	MODIFIED_IN	gastric carcinoma
A-kinase anchor protein 12	MODIFIED_IN	lung cancer
A-kinase anchor protein 12	MODIFIED_IN	benign prostatic hyperplasia
A-kinase anchor protein 12	MODIFIED_IN	glioma
Proline-rich AKT1 substrate 1	MODIFIED_IN	breast carcinoma
Proline-rich AKT1 substrate 1	MODIFIED_IN	retinal disorder
Proline-rich AKT1 substrate 1	MODIFIED_IN	breast cancer
Proline-rich AKT1 substrate 1	MODIFIED_IN	glioblastoma
Proline-rich AKT1 substrate 1	MODIFIED_IN	adult glioblastoma
Proline-rich AKT1 substrate 1	MODIFIED_IN	glioma
Retinaldehyde dehydrogenase 3	MODIFIED_IN	neoplasm
Chitobiosyldiphosphodolichol beta-mannosyltransferase	MODIFIED_IN	colonic neoplasm
Chitobiosyldiphosphodolichol beta-mannosyltransferase	MODIFIED_IN	lymphosarcoma
DNA oxidative demethylase ALKBH2	MODIFIED_IN	breast carcinoma
DNA oxidative demethylase ALKBH2	MODIFIED_IN	breast cancer
ALK and LTK ligand 1	MODIFIED_IN	clear cell renal carcinoma
Homeobox protein aristaless-like 3	MODIFIED_IN	neuroblastoma
Homeobox protein aristaless-like 4	MODIFIED_IN	colon carcinoma
Homeobox protein aristaless-like 4	MODIFIED_IN	adenocarcinoma
Homeobox protein aristaless-like 4	MODIFIED_IN	breast carcinoma
Homeobox protein aristaless-like 4	MODIFIED_IN	colorectal adenoma
Homeobox protein aristaless-like 4	MODIFIED_IN	breast cancer
Homeobox protein aristaless-like 4	MODIFIED_IN	malignant colon neoplasm
Caveolin-2	MODIFIED_IN	colorectal carcinoma
Caveolae-associated protein 3	MODIFIED_IN	gastric cancer
Caveolae-associated protein 3	MODIFIED_IN	gastric carcinoma
Caveolae-associated protein 3	MODIFIED_IN	gastric neoplasm
Caveolae-associated protein 3	MODIFIED_IN	colorectal carcinoma
Carboxypeptidase A6	MODIFIED_IN	focal epilepsy
Beta-1,3-galactosyltransferase 5	MODIFIED_IN	colon carcinoma
Beta-1,3-galactosyltransferase 5	MODIFIED_IN	exocrine pancreatic carcinoma
Beta-1,3-galactosyltransferase 5	MODIFIED_IN	malignant colon neoplasm
Beta-1,4 N-acetylgalactosaminyltransferase 2	MODIFIED_IN	carcinoma
Beta-1,4 N-acetylgalactosaminyltransferase 2	MODIFIED_IN	gastric neoplasm
Bcl2-associated agonist of cell death	MODIFIED_IN	breast carcinoma
Bcl2-associated agonist of cell death	MODIFIED_IN	cancer
Bcl2-associated agonist of cell death	MODIFIED_IN	ovarian carcinoma
Bcl2-associated agonist of cell death	MODIFIED_IN	prostate carcinoma
Bcl2-associated agonist of cell death	MODIFIED_IN	non-small cell lung carcinoma
Bcl2-associated agonist of cell death	MODIFIED_IN	breast cancer
Bcl2-associated agonist of cell death	MODIFIED_IN	prostate cancer
Bcl2-associated agonist of cell death	MODIFIED_IN	ovarian neoplasm
BMP and activin membrane-bound inhibitor homolog	MODIFIED_IN	urinary bladder neoplasm
E3 ubiquitin-protein ligase AMFR	MODIFIED_IN	cholestasis
E3 ubiquitin-protein ligase AMFR	MODIFIED_IN	fibrosarcoma
Ankyrin repeat domain-containing protein 18A	MODIFIED_IN	lung carcinoma
Carboxypeptidase Q	MODIFIED_IN	lung carcinoma
Carboxypeptidase Q	MODIFIED_IN	lung cancer
Chromobox protein homolog 5	MODIFIED_IN	breast carcinoma
Chromobox protein homolog 5	MODIFIED_IN	breast cancer
Protein chibby homolog 1	MODIFIED_IN	laryngeal squamous cell carcinoma
Cell cycle and apoptosis regulator protein 2	MODIFIED_IN	lung cancer
Calcium/calmodulin-dependent protein kinase II inhibitor 1	MODIFIED_IN	ovarian carcinoma
CKLF-like MARVEL transmembrane domain-containing protein 5	MODIFIED_IN	squamous cell carcinoma
Chemokine-like factor	MODIFIED_IN	cervical carcinoma
Breast cancer anti-estrogen resistance protein 1	MODIFIED_IN	glioma
B-cell lymphoma/leukemia 10	MODIFIED_IN	breast neoplasm
B-cell CLL/lymphoma 7 protein family member A	MODIFIED_IN	primary cutaneous T-cell lymphoma
BEN domain-containing protein 4	MODIFIED_IN	colorectal carcinoma
BEN domain-containing protein 5	MODIFIED_IN	colorectal carcinoma
Bestrophin-1	MODIFIED_IN	ovarian carcinoma
Bcl-2-interacting killer	MODIFIED_IN	synovial sarcoma
Myc box-dependent-interacting protein 1	MODIFIED_IN	esophageal squamous cell carcinoma
Angiopoietin-related protein 2	MODIFIED_IN	coronary artery disorder
Angiopoietin-related protein 2	MODIFIED_IN	ovarian carcinoma
Angiopoietin-related protein 2	MODIFIED_IN	ovarian cancer
Angiopoietin-related protein 2	MODIFIED_IN	ovarian neoplasm
Ankyrin-2	MODIFIED_IN	oligospermia
Ankyrin repeat and protein kinase domain-containing protein 1	MODIFIED_IN	schizophrenia
Ankyrin repeat domain-containing protein 1	MODIFIED_IN	colorectal carcinoma
Protein arginine N-methyltransferase 8	MODIFIED_IN	Ewing sarcoma
Ankyrin repeat domain-containing protein 26	MODIFIED_IN	obesity disorder
Annexin A4	MODIFIED_IN	gastric cancer
Annexin A4	MODIFIED_IN	gastric carcinoma
C-C motif chemokine 18	MODIFIED_IN	melanoma
C-C motif chemokine 19	MODIFIED_IN	metastatic malignant neoplasm
C-C motif chemokine 28	MODIFIED_IN	lung carcinoma
C-C motif chemokine 4	MODIFIED_IN	acute liver failure
Cyclin-A1	MODIFIED_IN	oligospermia
Cyclin-A1	MODIFIED_IN	cervical intraepithelial neoplasia
Cyclin-A1	MODIFIED_IN	precancerous condition
Cyclin-A1	MODIFIED_IN	colorectal carcinoma
Cyclin-A1	MODIFIED_IN	squamous cell intraepithelial neoplasia
G1/S-specific cyclin-D2	MODIFIED_IN	lung cancer
G1/S-specific cyclin-D2	MODIFIED_IN	lung neoplasm
Cyclin-L2	MODIFIED_IN	hepatocellular carcinoma
C-type lectin domain family 14 member A	MODIFIED_IN	lung adenocarcinoma
Claudin-11	MODIFIED_IN	laryngeal squamous cell carcinoma
Claudin-11	MODIFIED_IN	nasopharyngeal carcinoma
Claudin-3	MODIFIED_IN	gastric adenocarcinoma
Chloride intracellular channel protein 3	MODIFIED_IN	neoplasm
Circadian locomoter output cycles protein kaput	MODIFIED_IN	bipolar disorder
Lipid scramblase CLPTM1L	MODIFIED_IN	pancreatic neoplasm
Renal cancer differentiation gene 1 protein	MODIFIED_IN	clear cell renal carcinoma
Renal cancer differentiation gene 1 protein	MODIFIED_IN	renal cell carcinoma
CD109 antigen	MODIFIED_IN	adult glioblastoma
Transcription factor AP-2-beta	MODIFIED_IN	retinoblastoma
Apoptotic protease-activating factor 1	MODIFIED_IN	transitional cell carcinoma
Apoptotic protease-activating factor 1	MODIFIED_IN	acute leukemia
Amyloid-beta A4 precursor protein-binding family A member 1	MODIFIED_IN	adenocarcinoma
Amyloid-beta A4 precursor protein-binding family A member 1	MODIFIED_IN	gastrointestinal stromal tumor
Amyloid-beta A4 precursor protein-binding family A member 1	MODIFIED_IN	colorectal carcinoma
Amyloid-beta A4 precursor protein-binding family A member 2	MODIFIED_IN	hepatitis
Amyloid-beta A4 precursor protein-binding family A member 2	MODIFIED_IN	adenocarcinoma
Amyloid-beta A4 precursor protein-binding family A member 2	MODIFIED_IN	cancer
Amyloid-beta A4 precursor protein-binding family A member 2	MODIFIED_IN	hepatitis A virus infection
Amyloid-beta A4 precursor protein-binding family A member 2	MODIFIED_IN	gastrointestinal stromal tumor
Amyloid-beta A4 precursor protein-binding family A member 2	MODIFIED_IN	colorectal carcinoma
Anaphase-promoting complex subunit 1	MODIFIED_IN	gastric cancer
Anaphase-promoting complex subunit 1	MODIFIED_IN	gastric carcinoma
B-cell linker protein	MODIFIED_IN	Epstein-Barr virus infection
Ribosome biogenesis protein BMS1 homolog	MODIFIED_IN	corpus callosum, agenesis of
BCL2/adenovirus E1B 19 kDa protein-interacting protein 3	MODIFIED_IN	prostate carcinoma
BCL2/adenovirus E1B 19 kDa protein-interacting protein 3	MODIFIED_IN	prostate cancer
Protein boule-like	MODIFIED_IN	oligospermia
Cytochrome b-245 light chain	MODIFIED_IN	myelodysplastic syndrome
Cytoglobin	MODIFIED_IN	head and neck carcinoma
Cytoglobin	MODIFIED_IN	lung adenocarcinoma
Cytoglobin	MODIFIED_IN	head and neck cancer
Cytoglobin	MODIFIED_IN	head and neck squamous cell carcinoma
Ubiquitin carboxyl-terminal hydrolase CYLD	MODIFIED_IN	gastric adenocarcinoma
Cytokine-like protein 1	MODIFIED_IN	squamous cell lung carcinoma
Cystatin-M	MODIFIED_IN	cancer
Cystatin-M	MODIFIED_IN	prostate carcinoma
Cystatin-M	MODIFIED_IN	inflammatory breast carcinoma
Cystatin-M	MODIFIED_IN	prostate cancer
Cystatin-M	MODIFIED_IN	brain neoplasm
Disabled homolog 1	MODIFIED_IN	Alzheimer disease
Disabled homolog 1	MODIFIED_IN	retinoblastoma
Disabled homolog 2-interacting protein	MODIFIED_IN	breast neoplasm
Disabled homolog 2	MODIFIED_IN	carcinoma
Disabled homolog 2	MODIFIED_IN	non-small cell lung carcinoma
Dachshund homolog 1	MODIFIED_IN	lung carcinoma
Dachshund homolog 1	MODIFIED_IN	esophageal cancer
Dachshund homolog 1	MODIFIED_IN	lung cancer
Dachshund homolog 1	MODIFIED_IN	carcinoma of esophagus
Dachshund homolog 1	MODIFIED_IN	lip and oral cavity carcinoma
Dachshund homolog 1	MODIFIED_IN	neoplasm of esophagus
Dachshund homolog 1	MODIFIED_IN	oral cavity carcinoma
Dapper homolog 1	MODIFIED_IN	transitional cell carcinoma
Dapper homolog 1	MODIFIED_IN	gastric neoplasm
Dapper homolog 1	MODIFIED_IN	metastatic malignant neoplasm
Dapper homolog 2	MODIFIED_IN	thyroid cancer
Dapper homolog 2	MODIFIED_IN	breast carcinoma
Dapper homolog 2	MODIFIED_IN	neoplasm
Dapper homolog 2	MODIFIED_IN	thyroid gland papillary carcinoma
Dapper homolog 2	MODIFIED_IN	lung carcinoma
Dapper homolog 2	MODIFIED_IN	lung cancer
Dapper homolog 2	MODIFIED_IN	breast cancer
Dapper homolog 2	MODIFIED_IN	hepatocellular carcinoma
Dapper homolog 2	MODIFIED_IN	thyroid gland carcinoma
Cyclin-dependent kinase 2-associated protein 2	MODIFIED_IN	urinary bladder cancer
Cyclin-dependent kinase 2-associated protein 2	MODIFIED_IN	adenocarcinoma
Cyclin-dependent kinase 2-associated protein 2	MODIFIED_IN	urinary bladder carcinoma
Cyclin-dependent kinase 2-associated protein 2	MODIFIED_IN	urinary bladder neoplasm
Cyclin-dependent kinase 2-associated protein 2	MODIFIED_IN	lung carcinoma
Cyclin-dependent kinase 2-associated protein 2	MODIFIED_IN	plasma cell myeloma
Cyclin-dependent kinase 2-associated protein 2	MODIFIED_IN	lung cancer
Cyclin-dependent kinase 2-associated protein 2	MODIFIED_IN	acute promyelocytic leukemia
Cyclin-dependent kinase 2-associated protein 2	MODIFIED_IN	acute myeloid leukemia
Cyclin-dependent kinase 2-associated protein 2	MODIFIED_IN	colorectal carcinoma
Cyclin-dependent kinase inhibitor 3	MODIFIED_IN	carcinoma
Cyclin-dependent kinase 4 inhibitor B	MODIFIED_IN	breast carcinoma
Cyclin-dependent kinase 4 inhibitor B	MODIFIED_IN	non-small cell lung carcinoma
Cyclin-dependent kinase 4 inhibitor B	MODIFIED_IN	breast cancer
Cyclin-dependent kinase 4 inhibitor B	MODIFIED_IN	chromosomal disorder
Cyclin-dependent kinase 4 inhibitor B	MODIFIED_IN	ovarian neoplasm
Cyclin-dependent kinase 4 inhibitor B	MODIFIED_IN	pancreatic insulinoma
Cyclin-dependent kinase 4 inhibitor D	MODIFIED_IN	lung carcinoma
Cyclin-dependent kinase 4 inhibitor D	MODIFIED_IN	lung cancer
Cysteine dioxygenase type 1	MODIFIED_IN	small intestine cancer
Cysteine dioxygenase type 1	MODIFIED_IN	gastric cancer
Cysteine dioxygenase type 1	MODIFIED_IN	adenoma
Cysteine dioxygenase type 1	MODIFIED_IN	cancer
Cysteine dioxygenase type 1	MODIFIED_IN	clear cell renal carcinoma
Cysteine dioxygenase type 1	MODIFIED_IN	leiomyosarcoma
Cysteine dioxygenase type 1	MODIFIED_IN	lymphoma
Cysteine dioxygenase type 1	MODIFIED_IN	squamous cell carcinoma
Cysteine dioxygenase type 1	MODIFIED_IN	biliary tract cancer
Cysteine dioxygenase type 1	MODIFIED_IN	endometrial carcinoma
Cysteine dioxygenase type 1	MODIFIED_IN	cirrhosis of liver
Cysteine dioxygenase type 1	MODIFIED_IN	prostate carcinoma
Cysteine dioxygenase type 1	MODIFIED_IN	exocrine pancreatic carcinoma
Cysteine dioxygenase type 1	MODIFIED_IN	gallbladder disorder
Cysteine dioxygenase type 1	MODIFIED_IN	hepatitis B virus infection
Cysteine dioxygenase type 1	MODIFIED_IN	chronic hepatitis B virus infection
Cysteine dioxygenase type 1	MODIFIED_IN	gastric carcinoma
Cysteine dioxygenase type 1	MODIFIED_IN	hepatocellular carcinoma
Cysteine dioxygenase type 1	MODIFIED_IN	prostate cancer
Cysteine dioxygenase type 1	MODIFIED_IN	Matthew-Wood syndrome
Cysteine dioxygenase type 1	MODIFIED_IN	endometrial cancer
Cysteine dioxygenase type 1	MODIFIED_IN	Barrett esophagus
Homeobox protein CDX-1	MODIFIED_IN	colonic neoplasm
Breast cancer metastasis-suppressor 1-like protein	MODIFIED_IN	breast neoplasm
Breast cancer metastasis-suppressor 1	MODIFIED_IN	adenocarcinoma
Breast cancer metastasis-suppressor 1	MODIFIED_IN	squamous cell carcinoma
Breast cancer metastasis-suppressor 1	MODIFIED_IN	human papilloma virus infection
ADP-ribosyl cyclase/cyclic ADP-ribose hydrolase 2	MODIFIED_IN	paroxysmal nocturnal hemoglobinuria
Transcription factor BTF3	MODIFIED_IN	exocrine pancreatic carcinoma
Protein BTG4	MODIFIED_IN	colorectal neoplasm
Protein BTG4	MODIFIED_IN	colorectal carcinoma
CCR4-NOT transcription complex subunit 1	MODIFIED_IN	glioblastoma
Collagen alpha-1(IX) chain	MODIFIED_IN	osteoarthritis
Cordon-bleu protein-like 1	MODIFIED_IN	castration-resistant prostate carcinoma
Transcription factor COE2	MODIFIED_IN	blast phase chronic myelogenous leukemia, BCR-ABL1 positive
Transcription factor COE3	MODIFIED_IN	squamous cell carcinoma
Transcription factor COE3	MODIFIED_IN	gastric carcinoma
Transcription factor COE3	MODIFIED_IN	acute monocytic leukemia
Transcription factor COE3	MODIFIED_IN	rheumatoid arthritis
Transcription factor COE3	MODIFIED_IN	acute myeloid leukemia
Collagen alpha-1(XIV) chain	MODIFIED_IN	coronary artery disorder
Cofilin-2	MODIFIED_IN	dilated cardiomyopathy 1A
Dapper homolog 3	MODIFIED_IN	colorectal neoplasm
Dolichyl-diphosphooligosaccharide--protein glycosyltransferase subunit DAD1	MODIFIED_IN	familial multiple trichoepithelioma
Death-associated protein 1	MODIFIED_IN	acute lymphoblastic leukemia
Death-associated protein 1	MODIFIED_IN	carcinoma
Death-associated protein 1	MODIFIED_IN	cervical cancer
Death-associated protein 1	MODIFIED_IN	lung adenocarcinoma
Death-associated protein 1	MODIFIED_IN	lymphoma
Death-associated protein 1	MODIFIED_IN	cervical carcinoma
Death-associated protein 1	MODIFIED_IN	B-cell neoplasm
Death-associated protein 1	MODIFIED_IN	esophageal cancer
Death-associated protein 1	MODIFIED_IN	plasma cell myeloma
Death-associated protein 1	MODIFIED_IN	carcinoma of esophagus
Death-associated protein 1	MODIFIED_IN	breast neoplasm
Death-associated protein 1	MODIFIED_IN	neoplasm of esophagus
Death-associated protein kinase 1	MODIFIED_IN	lymphoma
Death-associated protein kinase 1	MODIFIED_IN	tarsal-carpal coalition syndrome
Death-associated protein kinase 1	MODIFIED_IN	B-cell chronic lymphocytic leukemia
Death-associated protein kinase 1	MODIFIED_IN	nasopharyngeal carcinoma
Death-associated protein kinase 1	MODIFIED_IN	diffuse large B-cell lymphoma
Death-associated protein kinase 1	MODIFIED_IN	follicular lymphoma
Death-associated protein kinase 2	MODIFIED_IN	autosomal dominant optic atrophy, classic form
Death-associated protein kinase 2	MODIFIED_IN	colorectal carcinoma
DAZ-associated protein 2	MODIFIED_IN	depressive disorder
DAZ-associated protein 2	MODIFIED_IN	plasma cell myeloma
Discoidin, CUB and LCCL domain-containing protein 2	MODIFIED_IN	gastric cancer
Discoidin, CUB and LCCL domain-containing protein 2	MODIFIED_IN	gastric carcinoma
Discoidin, CUB and LCCL domain-containing protein 2	MODIFIED_IN	gastric neoplasm
Netrin receptor DCC	MODIFIED_IN	carcinoma
Netrin receptor DCC	MODIFIED_IN	squamous cell carcinoma
Netrin receptor DCC	MODIFIED_IN	esophageal squamous cell carcinoma
Dynactin subunit 6	MODIFIED_IN	bone osteosarcoma
Dynactin subunit 6	MODIFIED_IN	plasma cell myeloma
Dynactin subunit 6	MODIFIED_IN	osteosarcoma
C-1-tetrahydrofolate synthase, cytoplasmic	MODIFIED_IN	hypertensive disorder
Succinate dehydrogenase cytochrome b560 subunit, mitochondrial	MODIFIED_IN	adenoma
CUGBP Elav-like family member 2	MODIFIED_IN	breast carcinoma
CUGBP Elav-like family member 2	MODIFIED_IN	Kennedy disease
CUGBP Elav-like family member 2	MODIFIED_IN	breast cancer
Etoposide-induced protein 2.4 homolog	MODIFIED_IN	cervical carcinoma
Eukaryotic translation initiation factor 2A	MODIFIED_IN	inflammatory bowel disease
Eukaryotic translation initiation factor 3 subunit F	MODIFIED_IN	exocrine pancreatic carcinoma
Eukaryotic translation initiation factor 3 subunit K	MODIFIED_IN	Emery-Dreifuss muscular dystrophy
Eukaryotic translation initiation factor 3 subunit K	MODIFIED_IN	limb-girdle muscular dystrophy
ETS domain-containing protein Elk-1	MODIFIED_IN	lung carcinoma
Engulfment and cell motility protein 1	MODIFIED_IN	chronic kidney disease
Elastin	MODIFIED_IN	Costello syndrome
Collagen alpha-1(XVII) chain	MODIFIED_IN	squamous cell carcinoma
Coatomer subunit zeta-2	MODIFIED_IN	endometrial carcinoma
Coatomer subunit zeta-2	MODIFIED_IN	endometrial cancer
Putative hydrolase DDAH2	MODIFIED_IN	arteriosclerosis disorder
Putative hydrolase DDAH2	MODIFIED_IN	atherosclerosis
DNA damage-induced apoptosis suppressor protein	MODIFIED_IN	cancer
Probable ATP-dependent RNA helicase DDX43	MODIFIED_IN	acute myeloid leukemia
ATP-dependent RNA helicase DDX51	MODIFIED_IN	childhood acute lymphoblastic leukemia
ATP-dependent RNA helicase DDX51	MODIFIED_IN	acute lymphoblastic leukemia
Probable ATP-dependent RNA helicase DDX53	MODIFIED_IN	gastric neoplasm
C5a anaphylatoxin chemotactic receptor 2	MODIFIED_IN	familial Mediterranean fever
CDK5 and ABL1 enzyme substrate 1	MODIFIED_IN	ovarian cancer
CDK5 and ABL1 enzyme substrate 1	MODIFIED_IN	colorectal carcinoma
Cadherin-13	MODIFIED_IN	gastric cancer
Cadherin-13	MODIFIED_IN	breast carcinoma
Cadherin-13	MODIFIED_IN	cancer
Cadherin-13	MODIFIED_IN	non-small cell lung carcinoma
Cadherin-13	MODIFIED_IN	breast cancer
Cadherin-13	MODIFIED_IN	prostate cancer
Cadherin-13	MODIFIED_IN	malignant colon neoplasm
Cadherin-13	MODIFIED_IN	colorectal carcinoma
Cadherin-15	MODIFIED_IN	hepatocellular carcinoma
Cadherin-4	MODIFIED_IN	gastric cancer
Cadherin-4	MODIFIED_IN	carcinoma
Cadherin-4	MODIFIED_IN	gastric carcinoma
Cadherin-4	MODIFIED_IN	nasopharyngeal carcinoma
Cadherin-4	MODIFIED_IN	colorectal carcinoma
Cadherin-8	MODIFIED_IN	neoplasm
Cell adhesion molecule 1	MODIFIED_IN	liver cancer
Cell adhesion molecule 1	MODIFIED_IN	adenocarcinoma
Cell adhesion molecule 1	MODIFIED_IN	carcinoma
Cell adhesion molecule 1	MODIFIED_IN	cutaneous melanoma
Cell adhesion molecule 1	MODIFIED_IN	cervical intraepithelial neoplasia
Cell adhesion molecule 1	MODIFIED_IN	breast neoplasm
Cell adhesion molecule 1	MODIFIED_IN	carcinoma of liver and intrahepatic biliary tract
Cancer-associated gene 1 protein	MODIFIED_IN	squamous cell carcinoma
Cancer-associated gene 1 protein	MODIFIED_IN	tarsal-carpal coalition syndrome
Centrosomal protein of 41 kDa	MODIFIED_IN	neoplasm
Cilia- and flagella-associated protein 46	MODIFIED_IN	nasopharyngeal carcinoma
Cilia- and flagella-associated protein 69	MODIFIED_IN	B-cell neoplasm
Density-regulated protein	MODIFIED_IN	autosomal dominant optic atrophy, classic form
Density-regulated protein	MODIFIED_IN	colorectal carcinoma
DEP domain-containing protein 7	MODIFIED_IN	depressive disorder
Deuterosome assembly protein 1	MODIFIED_IN	liver cancer
Deuterosome assembly protein 1	MODIFIED_IN	carcinoma of liver and intrahepatic biliary tract
Diacylglycerol kinase beta	MODIFIED_IN	colorectal carcinoma
Diacylglycerol kinase epsilon	MODIFIED_IN	colorectal carcinoma
Diacylglycerol kinase iota	MODIFIED_IN	neoplasm
Diacylglycerol kinase iota	MODIFIED_IN	glioblastoma
Diacylglycerol kinase iota	MODIFIED_IN	adult glioblastoma
Deoxyguanosine kinase, mitochondrial	MODIFIED_IN	colorectal carcinoma
Glutamate dehydrogenase 1, mitochondrial	MODIFIED_IN	cancer
Glutamate dehydrogenase 1, mitochondrial	MODIFIED_IN	adult glioblastoma
Coronin-1A	MODIFIED_IN	childhood acute lymphoblastic leukemia
Coronin-1A	MODIFIED_IN	acute lymphoblastic leukemia
Coronin-1A	MODIFIED_IN	Beckwith-Wiedemann syndrome
Coronin-1A	MODIFIED_IN	acute myeloid leukemia
Cortistatin	MODIFIED_IN	asthma
Cilia- and flagella-associated protein 100	MODIFIED_IN	neoplasm
Cilia- and flagella-associated protein 100	MODIFIED_IN	lung neoplasm
Craniofacial development protein 1	MODIFIED_IN	squamous cell carcinoma
Craniofacial development protein 1	MODIFIED_IN	cervical intraepithelial neoplasia
Chromodomain-helicase-DNA-binding protein 1	MODIFIED_IN	breast carcinoma
Chromodomain-helicase-DNA-binding protein 1	MODIFIED_IN	breast cancer
Chromodomain-helicase-DNA-binding protein 5	MODIFIED_IN	laryngeal squamous cell carcinoma
Chromodomain-helicase-DNA-binding protein 5	MODIFIED_IN	rectal carcinoma
Very long chain fatty acid elongase 5	MODIFIED_IN	kidney disorder
Elongator complex protein 1	MODIFIED_IN	ovarian carcinoma
Elongator complex protein 1	MODIFIED_IN	ovarian cancer
Epithelial membrane protein 3	MODIFIED_IN	esophageal cancer
Epithelial membrane protein 3	MODIFIED_IN	pheochromocytoma
Epithelial membrane protein 3	MODIFIED_IN	carcinoma of esophagus
Epithelial membrane protein 3	MODIFIED_IN	glioma
Epithelial membrane protein 3	MODIFIED_IN	neoplasm of esophagus
Hepatocyte nuclear factor 3-alpha	MODIFIED_IN	urinary bladder cancer
Hepatocyte nuclear factor 3-alpha	MODIFIED_IN	urinary bladder carcinoma
Hepatocyte nuclear factor 3-alpha	MODIFIED_IN	urinary bladder neoplasm
Forkhead box protein D3	MODIFIED_IN	gastric cancer
Forkhead box protein D3	MODIFIED_IN	gastric carcinoma
Forkhead box protein D3	MODIFIED_IN	gastric neoplasm
Forkhead box protein E3	MODIFIED_IN	childhood acute lymphoblastic leukemia
Forkhead box protein F1	MODIFIED_IN	invasive ductal breast carcinoma
Forkhead box protein I2	MODIFIED_IN	lip and oral cavity carcinoma
Forkhead box protein K1	MODIFIED_IN	autism
Beta/gamma crystallin domain-containing protein 1	MODIFIED_IN	metastatic melanoma
Beta/gamma crystallin domain-containing protein 1	MODIFIED_IN	plasma cell myeloma
Colorectal mutant cancer protein	MODIFIED_IN	inflammatory bowel disease
Cysteine-rich protein 3	MODIFIED_IN	squamous cell carcinoma
Cysteine-rich secretory protein 2	MODIFIED_IN	neuroblastoma
Cysteine-rich secretory protein 2	MODIFIED_IN	squamous cell carcinoma
Crk-like protein	MODIFIED_IN	acute lymphoblastic leukemia
Cysteine-rich secretory protein LCCL domain-containing 2	MODIFIED_IN	esophageal squamous cell carcinoma
DnaJ homolog subfamily C member 15	MODIFIED_IN	primitive neuroectodermal tumor
DnaJ homolog subfamily C member 15	MODIFIED_IN	medulloblastoma
DnaJ homolog subfamily C member 15	MODIFIED_IN	ependymoma
DnaJ homolog subfamily C member 15	MODIFIED_IN	brain neoplasm
Deleted in lung and esophageal cancer protein 1	MODIFIED_IN	cancer
Deleted in lung and esophageal cancer protein 1	MODIFIED_IN	lymphoma
Deleted in lung and esophageal cancer protein 1	MODIFIED_IN	squamous cell carcinoma
Deleted in lung and esophageal cancer protein 1	MODIFIED_IN	intrahepatic cholangiocarcinoma
Deleted in lung and esophageal cancer protein 1	MODIFIED_IN	pediatric lymphoma
Deleted in lung and esophageal cancer protein 1	MODIFIED_IN	adult lymphoma
Deleted in lung and esophageal cancer protein 1	MODIFIED_IN	plasma cell myeloma
Deleted in lung and esophageal cancer protein 1	MODIFIED_IN	hepatocellular carcinoma
Deleted in lung and esophageal cancer protein 1	MODIFIED_IN	head and neck squamous cell carcinoma
Deleted in lung and esophageal cancer protein 1	MODIFIED_IN	non-Hodgkin lymphoma
Deleted in lung and esophageal cancer protein 1	MODIFIED_IN	cholangiocarcinoma
Deleted in lung and esophageal cancer protein 1	MODIFIED_IN	ovarian neoplasm
Deleted in lung and esophageal cancer protein 1	MODIFIED_IN	breast neoplasm
Disks large homolog 2	MODIFIED_IN	Alzheimer disease
Disks large homolog 5	MODIFIED_IN	urinary bladder neoplasm
E3 ubiquitin-protein ligase CHFR	MODIFIED_IN	colon carcinoma
E3 ubiquitin-protein ligase CHFR	MODIFIED_IN	gastric cancer
E3 ubiquitin-protein ligase CHFR	MODIFIED_IN	carcinoma
E3 ubiquitin-protein ligase CHFR	MODIFIED_IN	malignant colon neoplasm
E3 ubiquitin-protein ligase CHFR	MODIFIED_IN	gastric neoplasm
E3 ubiquitin-protein ligase CHFR	MODIFIED_IN	colorectal carcinoma
E3 ubiquitin-protein ligase CHIP	MODIFIED_IN	exocrine pancreatic carcinoma
Carbohydrate sulfotransferase 7	MODIFIED_IN	colorectal carcinoma
Calcium and integrin-binding family member 2	MODIFIED_IN	urinary bladder cancer
Calcium and integrin-binding family member 2	MODIFIED_IN	urinary bladder carcinoma
Calcium and integrin-binding family member 2	MODIFIED_IN	urinary bladder neoplasm
Calcium and integrin-binding family member 2	MODIFIED_IN	diffuse large B-cell lymphoma
Lipid transferase CIDEA	MODIFIED_IN	endometrial carcinoma
Lipid transferase CIDEC	MODIFIED_IN	arteriosclerosis disorder
Lipid transferase CIDEC	MODIFIED_IN	atherosclerosis
CDGSH iron-sulfur domain-containing protein 3, mitochondrial	MODIFIED_IN	hereditary nonpolyposis colon cancer
Cytokine-inducible SH2-containing protein	MODIFIED_IN	type 2 diabetes mellitus
Eomesodermin homolog	MODIFIED_IN	laryngeal squamous cell carcinoma
Epoxide hydrolase 3	MODIFIED_IN	prostate neoplasm
Epidermal growth factor receptor substrate 15	MODIFIED_IN	lung neoplasm
DNA excision repair protein ERCC-1	MODIFIED_IN	benign neoplasm
General transcription and DNA repair factor IIH helicase/translocase subunit XPB	MODIFIED_IN	leukopenia
DNA excision repair protein ERCC-5	MODIFIED_IN	ovarian neoplasm
Protein crumbs homolog 3	MODIFIED_IN	clear cell renal carcinoma
Chorionic somatomammotropin hormone 1	MODIFIED_IN	choriocarcinoma
Chorionic somatomammotropin hormone 2	MODIFIED_IN	choriocarcinoma
CUB and sushi domain-containing protein 2	MODIFIED_IN	exocrine pancreatic carcinoma
Homeobox protein DLX-4	MODIFIED_IN	childhood myelodysplastic syndrome
DNA methyltransferase 1-associated protein 1	MODIFIED_IN	type 2 diabetes mellitus
DNA methyltransferase 1-associated protein 1	MODIFIED_IN	polycystic ovary syndrome
Doublesex- and mab-3-related transcription factor 1	MODIFIED_IN	oligospermia
Dynamin-1-like protein	MODIFIED_IN	malignant colon neoplasm
Docking protein 1	MODIFIED_IN	head and neck carcinoma
Docking protein 1	MODIFIED_IN	head and neck cancer
Docking protein 1	MODIFIED_IN	Burkitt lymphoma
Docking protein 1	MODIFIED_IN	hepatocellular carcinoma
Docking protein 4	MODIFIED_IN	lung neoplasm
Protein Dok-7	MODIFIED_IN	esophageal squamous cell carcinoma
G2 and S phase-expressed protein 1	MODIFIED_IN	gastric cancer
G2 and S phase-expressed protein 1	MODIFIED_IN	gastric carcinoma
Histone H1.0	MODIFIED_IN	urinary bladder cancer
Histone H1.0	MODIFIED_IN	urinary bladder carcinoma
Histone H1.0	MODIFIED_IN	urinary bladder neoplasm
Histone H1.2	MODIFIED_IN	influenza
Histone H2AX	MODIFIED_IN	leukemia
Histone H2AX	MODIFIED_IN	childhood leukemia
Histone H2AX	MODIFIED_IN	triple-negative breast carcinoma
Histone H2A.Z	MODIFIED_IN	neoplasm
Histone H2A.Z	MODIFIED_IN	lung cancer
Histone H3.1t	MODIFIED_IN	non-small cell lung carcinoma
Histone H4	MODIFIED_IN	cancer
Histone H4	MODIFIED_IN	breast neoplasm
Histone H4	MODIFIED_IN	castration-resistant prostate carcinoma
E3 ubiquitin-protein ligase HACE1	MODIFIED_IN	carcinoma
Heart- and neural crest derivatives-expressed protein 1	MODIFIED_IN	colon carcinoma
Heart- and neural crest derivatives-expressed protein 1	MODIFIED_IN	malignant colon neoplasm
Frizzled-3	MODIFIED_IN	congenital hydrocephalus
Frizzled-3	MODIFIED_IN	neural tube defect
Frizzled-9	MODIFIED_IN	acute promyelocytic leukemia
Frizzled-9	MODIFIED_IN	acute myeloid leukemia
Frizzled-9	MODIFIED_IN	myelodysplastic syndrome
G-protein coupled receptor 37-like 1	MODIFIED_IN	Alzheimer disease
Growth arrest and DNA damage-inducible protein GADD45 gamma	MODIFIED_IN	neoplasm
Growth arrest and DNA damage-inducible protein GADD45 gamma	MODIFIED_IN	esophageal cancer
Growth arrest and DNA damage-inducible protein GADD45 gamma	MODIFIED_IN	carcinoma of esophagus
Growth arrest and DNA damage-inducible protein GADD45 gamma	MODIFIED_IN	neoplasm of esophagus
GRB2-associated-binding protein 1	MODIFIED_IN	synovial sarcoma
Transcriptional repressor CTCF	MODIFIED_IN	childhood acute lymphoblastic leukemia
Transcriptional repressor CTCF	MODIFIED_IN	urinary bladder cancer
Transcriptional repressor CTCF	MODIFIED_IN	acute lymphoblastic leukemia
Transcriptional repressor CTCF	MODIFIED_IN	urinary bladder carcinoma
Transcriptional repressor CTCF	MODIFIED_IN	urinary bladder neoplasm
CTD small phosphatase-like protein	MODIFIED_IN	adenocarcinoma
CTD small phosphatase-like protein	MODIFIED_IN	lymphoid leukemia
CTD small phosphatase-like protein	MODIFIED_IN	lung cancer
Cancer/testis antigen 1	MODIFIED_IN	mesothelioma
Catenin alpha-1	MODIFIED_IN	leukemia
Catenin alpha-1	MODIFIED_IN	childhood leukemia
Catenin alpha-1	MODIFIED_IN	myelodysplastic syndrome
Catenin alpha-1	MODIFIED_IN	childhood myelodysplastic syndrome
Catenin alpha-1	MODIFIED_IN	hematopoietic and lymphoid cell neoplasm
Catenin delta-1	MODIFIED_IN	melanoma
RNA polymerase-associated protein CTR9 homolog	MODIFIED_IN	ovarian carcinoma
RNA polymerase-associated protein CTR9 homolog	MODIFIED_IN	ovarian cancer
N-acetyltransferase ESCO1	MODIFIED_IN	mesothelioma
Epithelial splicing regulatory protein 1	MODIFIED_IN	metastatic melanoma
Extended synaptotagmin-1	MODIFIED_IN	non-small cell lung carcinoma
Developmental pluripotency-associated protein 3	MODIFIED_IN	germ cell tumor
Dihydropyrimidinase-related protein 3	MODIFIED_IN	lymphoma
Dihydropyrimidinase-related protein 3	MODIFIED_IN	prostate carcinoma
Dihydropyrimidinase-related protein 3	MODIFIED_IN	prostate cancer
G antigen 7	MODIFIED_IN	colorectal carcinoma
Polypeptide N-acetylgalactosaminyltransferase 2	MODIFIED_IN	coronary atherosclerosis
Glycine--tRNA ligase	MODIFIED_IN	estrogen-receptor positive breast cancer
Ecotropic viral integration site 5 protein homolog	MODIFIED_IN	neuroblastoma
Ena/VASP-like protein	MODIFIED_IN	plasma cell myeloma
Envoplakin	MODIFIED_IN	childhood acute lymphoblastic leukemia
Envoplakin	MODIFIED_IN	lymphoid leukemia
Exostosin-1	MODIFIED_IN	leukemia
Exostosin-1	MODIFIED_IN	childhood leukemia
Exostosin-like 1	MODIFIED_IN	cancer
Protein phosphatase EYA4	MODIFIED_IN	adenocarcinoma
Protein phosphatase EYA4	MODIFIED_IN	lung adenocarcinoma
Actin-associated protein FAM107A	MODIFIED_IN	clear cell renal carcinoma
Actin-associated protein FAM107A	MODIFIED_IN	renal cell carcinoma
Actin-associated protein FAM107A	MODIFIED_IN	laryngeal squamous cell carcinoma
Endothelial transcription factor GATA-2	MODIFIED_IN	lung carcinoma
Endothelial transcription factor GATA-2	MODIFIED_IN	lung cancer
Transcription factor GATA-5	MODIFIED_IN	carcinoma
Transcription factor GATA-5	MODIFIED_IN	clear cell renal carcinoma
Transcription factor GATA-5	MODIFIED_IN	ductal breast carcinoma in situ
Transcription factor GATA-5	MODIFIED_IN	esophageal adenocarcinoma
Transcription factor GATA-5	MODIFIED_IN	renal cell carcinoma
Transcription factor GATA-5	MODIFIED_IN	squamous cell carcinoma
Transcription factor GATA-5	MODIFIED_IN	exocrine pancreatic carcinoma
Transcription factor GATA-5	MODIFIED_IN	pancreatic neoplasm
Transcription factor GATA-5	MODIFIED_IN	gastric neoplasm
Transcription factor GATA-5	MODIFIED_IN	lung neoplasm
Transcription factor GATA-6	MODIFIED_IN	polydactyly
Glutamyl-tRNA(Gln) amidotransferase subunit A, mitochondrial	MODIFIED_IN	neoplasm
Glutamyl-tRNA(Gln) amidotransferase subunit A, mitochondrial	MODIFIED_IN	endometriosis
Glutamyl-tRNA(Gln) amidotransferase subunit A, mitochondrial	MODIFIED_IN	esophageal cancer
Glutamyl-tRNA(Gln) amidotransferase subunit A, mitochondrial	MODIFIED_IN	carcinoma of esophagus
Glutamyl-tRNA(Gln) amidotransferase subunit A, mitochondrial	MODIFIED_IN	neoplasm of esophagus
Guanine nucleotide-binding protein G(I)/G(S)/G(O) subunit gamma-4	MODIFIED_IN	thymic carcinoma
Globoside alpha-1,3-N-acetylgalactosaminyltransferase 1	MODIFIED_IN	ovarian carcinoma
Globoside alpha-1,3-N-acetylgalactosaminyltransferase 1	MODIFIED_IN	ovarian cancer
Globoside alpha-1,3-N-acetylgalactosaminyltransferase 1	MODIFIED_IN	ovarian neoplasm
Highly divergent homeobox	MODIFIED_IN	primary ovarian failure
E3 ISG15--protein ligase HERC5	MODIFIED_IN	non-small cell lung carcinoma
Transcription factor HES-2	MODIFIED_IN	neuroblastoma
Transcription factor HES-5	MODIFIED_IN	neuroblastoma
Hairy/enhancer-of-split related with YRPW motif protein 2	MODIFIED_IN	alcohol dependence
Hepatocyte growth factor-like protein	MODIFIED_IN	gastric cancer
Hepatocyte growth factor-like protein	MODIFIED_IN	carcinoma
Hepatocyte growth factor-like protein	MODIFIED_IN	renal cell carcinoma
Hepatocyte growth factor-like protein	MODIFIED_IN	gastric carcinoma
Hepatocyte growth factor-like protein	MODIFIED_IN	adult glioblastoma
Hedgehog-interacting protein	MODIFIED_IN	neuroblastoma
Hedgehog-interacting protein	MODIFIED_IN	pancreatic neoplasm
Hypermethylated in cancer 1 protein	MODIFIED_IN	clear cell renal carcinoma
Hypermethylated in cancer 1 protein	MODIFIED_IN	renal cell carcinoma
Hypoxia-inducible factor 3-alpha	MODIFIED_IN	eclampsia
Rho GDP-dissociation inhibitor 1	MODIFIED_IN	severe congenital neutropenia
Rho GDP-dissociation inhibitor 2	MODIFIED_IN	severe congenital neutropenia
HLA class II histocompatibility antigen, DQ beta 1 chain	MODIFIED_IN	rheumatoid arthritis
HLA class II histocompatibility antigen, DR beta 4 chain	MODIFIED_IN	astrocytoma (excluding glioblastoma)
Dual oxidase 1	MODIFIED_IN	breast carcinoma
Dual oxidase 1	MODIFIED_IN	breast cancer
Dual oxidase 1	MODIFIED_IN	lung neoplasm
Dual oxidase 2	MODIFIED_IN	lung carcinoma
Dual oxidase 2	MODIFIED_IN	lung cancer
Dual oxidase 2	MODIFIED_IN	lung neoplasm
Dual specificity protein phosphatase 16	MODIFIED_IN	Burkitt lymphoma
Dual specificity protein phosphatase 22	MODIFIED_IN	Alzheimer disease
Dual specificity protein phosphatase 26	MODIFIED_IN	fatty liver disease
Dual specificity protein phosphatase 4	MODIFIED_IN	anaplastic astrocytoma
Dual specificity protein phosphatase 4	MODIFIED_IN	glioblastoma
Dual specificity protein phosphatase 6	MODIFIED_IN	Alzheimer disease
Dual specificity protein phosphatase 6	MODIFIED_IN	lung adenocarcinoma
Dual specificity protein phosphatase 2	MODIFIED_IN	lung carcinoma
Dual specificity protein phosphatase 2	MODIFIED_IN	lung cancer
Dual specificity protein phosphatase 2	MODIFIED_IN	breast neoplasm
Segment polarity protein dishevelled homolog DVL-1	MODIFIED_IN	ovarian carcinoma
Segment polarity protein dishevelled homolog DVL-1	MODIFIED_IN	ovarian cancer
Segment polarity protein dishevelled homolog DVL-1	MODIFIED_IN	ovarian neoplasm
Inorganic pyrophosphatase	MODIFIED_IN	atrial fibrillation
Protein FAM217B	MODIFIED_IN	ulcerative colitis
Dynein light chain 1, cytoplasmic	MODIFIED_IN	plasma cell myeloma
Dynein light chain 1, cytoplasmic	MODIFIED_IN	hepatocellular carcinoma
Dynein light chain 1, cytoplasmic	MODIFIED_IN	cholangiocarcinoma
Band 4.1-like protein 3	MODIFIED_IN	adenocarcinoma
Band 4.1-like protein 3	MODIFIED_IN	T-cell non-Hodgkin lymphoma
Band 4.1-like protein 3	MODIFIED_IN	cervical intraepithelial neoplasia
Band 4.1-like protein 3	MODIFIED_IN	breast neoplasm
Band 4.1-like protein 3	MODIFIED_IN	lung neoplasm
Protein ECT2	MODIFIED_IN	pancreatic neoplasm
Ectodysplasin-A receptor-associated adapter protein	MODIFIED_IN	non-small cell lung carcinoma
Ectodysplasin-A	MODIFIED_IN	breast carcinoma
Ectodysplasin-A	MODIFIED_IN	breast cancer
Endothelin-3	MODIFIED_IN	colon carcinoma
Endothelin-3	MODIFIED_IN	breast carcinoma
Endothelin-3	MODIFIED_IN	cancer
Endothelin-3	MODIFIED_IN	neoplasm
Endothelin-3	MODIFIED_IN	malignant colon neoplasm
Elongation factor 1-alpha 2	MODIFIED_IN	non-small cell lung carcinoma
Extracellular serine/threonine protein kinase FAM20C	MODIFIED_IN	heart disorder
Protein FAM43B	MODIFIED_IN	hepatocellular carcinoma
Helicase-like transcription factor	MODIFIED_IN	polyposis
Helicase-like transcription factor	MODIFIED_IN	gastric cancer
Helicase-like transcription factor	MODIFIED_IN	colonic neoplasm
Helicase-like transcription factor	MODIFIED_IN	esophageal squamous cell carcinoma
Helicase-like transcription factor	MODIFIED_IN	esophageal cancer
Helicase-like transcription factor	MODIFIED_IN	gastric carcinoma
Helicase-like transcription factor	MODIFIED_IN	malignant colon neoplasm
Helicase-like transcription factor	MODIFIED_IN	gastric neoplasm
Homeobox protein engrailed-1	MODIFIED_IN	neoplasm
Hepatocyte nuclear factor 6	MODIFIED_IN	squamous cell carcinoma
Gem-associated protein 4	MODIFIED_IN	squamous cell carcinoma
GDNF family receptor alpha-4	MODIFIED_IN	Hirschsprung disease
Ras GTPase-activating-like protein IQGAP2	MODIFIED_IN	gastric neoplasm
Interferon regulatory factor 6	MODIFIED_IN	cervical cancer
Interferon regulatory factor 6	MODIFIED_IN	cervical carcinoma
Interferon regulatory factor 7	MODIFIED_IN	neoplasm
Iroquois-class homeodomain protein IRX-1	MODIFIED_IN	squamous cell carcinoma
Integrin alpha-7	MODIFIED_IN	malignant pleural mesothelioma
Integrin beta-4	MODIFIED_IN	colorectal carcinoma
Inter-alpha-trypsin inhibitor heavy chain H5	MODIFIED_IN	urinary bladder cancer
Inter-alpha-trypsin inhibitor heavy chain H5	MODIFIED_IN	urinary bladder carcinoma
Inter-alpha-trypsin inhibitor heavy chain H5	MODIFIED_IN	urinary bladder neoplasm
Inter-alpha-trypsin inhibitor heavy chain H5	MODIFIED_IN	lung carcinoma
Inter-alpha-trypsin inhibitor heavy chain H5	MODIFIED_IN	non-small cell lung carcinoma
Inter-alpha-trypsin inhibitor heavy chain H5	MODIFIED_IN	lung cancer
FAS-associated death domain protein	MODIFIED_IN	prostate carcinoma
FAS-associated death domain protein	MODIFIED_IN	prostate cancer
FAS-associated death domain protein	MODIFIED_IN	breast neoplasm
FAS-associated death domain protein	MODIFIED_IN	lung neoplasm
Protein FAM9A	MODIFIED_IN	leiomyoma
Protein FAM9A	MODIFIED_IN	uterine corpus leiomyoma
Fanconi anemia group C protein	MODIFIED_IN	acute lymphoblastic leukemia
Fanconi anemia group C protein	MODIFIED_IN	acute leukemia
E3 ubiquitin-protein ligase FANCL	MODIFIED_IN	acute leukemia
Protocadherin Fat 4	MODIFIED_IN	gastric adenocarcinoma
Fetal and adult testis-expressed transcript protein	MODIFIED_IN	exocrine pancreatic carcinoma
Laminin subunit alpha-2	MODIFIED_IN	neoplasm
Laminin subunit alpha-2	MODIFIED_IN	colorectal carcinoma
Laminin subunit alpha-3	MODIFIED_IN	breast cancer
Laminin subunit alpha-3	MODIFIED_IN	breast neoplasm
Lysosome-associated membrane glycoprotein 3	MODIFIED_IN	lung adenocarcinoma
La-related protein 1B	MODIFIED_IN	beta thalassemia
Serine/threonine-protein kinase LATS1	MODIFIED_IN	carcinoma
Serine/threonine-protein kinase LATS1	MODIFIED_IN	squamous cell carcinoma
Serine/threonine-protein kinase LATS1	MODIFIED_IN	head and neck squamous cell carcinoma
Serine/threonine-protein kinase LATS1	MODIFIED_IN	metastatic malignant neoplasm
Linker for activation of T-cells family member 1	MODIFIED_IN	clear cell renal carcinoma
Ephrin-B2	MODIFIED_IN	glioblastoma
Ephrin-B3	MODIFIED_IN	neoplasm
Embryonal Fyn-associated substrate	MODIFIED_IN	metastatic malignant neoplasm
GRB10-interacting GYF protein 2	MODIFIED_IN	breast carcinoma
GRB10-interacting GYF protein 2	MODIFIED_IN	breast cancer
PDZ domain-containing protein GIPC1	MODIFIED_IN	colorectal carcinoma
Serine hydroxymethyltransferase, cytosolic	MODIFIED_IN	essential hypertension
Heterogeneous nuclear ribonucleoprotein D-like	MODIFIED_IN	non-small cell lung carcinoma
Heterogeneous nuclear ribonucleoproteins C1/C2	MODIFIED_IN	non-small cell lung carcinoma
Protein Hook homolog 2	MODIFIED_IN	type 2 diabetes mellitus
Protein Hook homolog 2	MODIFIED_IN	glioma
Homeodomain-only protein	MODIFIED_IN	exocrine pancreatic carcinoma
Homeodomain-only protein	MODIFIED_IN	differentiated thyroid carcinoma
Homeodomain-only protein	MODIFIED_IN	nasopharyngeal carcinoma
Homeodomain-only protein	MODIFIED_IN	colorectal carcinoma
Heterochromatin protein 1-binding protein 3	MODIFIED_IN	postpartum depression
Heterochromatin protein 1-binding protein 3	MODIFIED_IN	progressive pseudorheumatoid arthropathy of childhood
4-hydroxyphenylpyruvate dioxygenase-like protein	MODIFIED_IN	hepatocellular carcinoma
Inactive heparanase-2	MODIFIED_IN	hydatidiform mole
Inactive heparanase-2	MODIFIED_IN	acute leukemia
Inactive heparanase-2	MODIFIED_IN	hydatidiform mole, recurrent, 1
Inactive heparanase-2	MODIFIED_IN	dyskeratosis congenita
Activator of apoptosis harakiri	MODIFIED_IN	gastric cancer
Activator of apoptosis harakiri	MODIFIED_IN	prostate carcinoma
Activator of apoptosis harakiri	MODIFIED_IN	prostate cancer
Activator of apoptosis harakiri	MODIFIED_IN	gastric neoplasm
Activator of apoptosis harakiri	MODIFIED_IN	prostate neoplasm
Activator of apoptosis harakiri	MODIFIED_IN	colorectal carcinoma
Activator of apoptosis harakiri	MODIFIED_IN	astrocytoma (excluding glioblastoma)
Heparan sulfate glucosamine 3-O-sulfotransferase 1	MODIFIED_IN	chondrosarcoma
Heparan sulfate glucosamine 3-O-sulfotransferase 2	MODIFIED_IN	ovarian carcinoma
Heat shock protein beta-6	MODIFIED_IN	myocardial ischemia
Heat shock protein beta-7	MODIFIED_IN	cancer
Janus kinase and microtubule-interacting protein 2	MODIFIED_IN	esophageal squamous cell carcinoma
Fibulin-1	MODIFIED_IN	cutaneous melanoma
Fibulin-1	MODIFIED_IN	melanoma
Fibulin-2	MODIFIED_IN	childhood acute lymphoblastic leukemia
Fibulin-5	MODIFIED_IN	lung carcinoma
Fibulin-5	MODIFIED_IN	lung cancer
Fibrillin-2	MODIFIED_IN	lung carcinoma
Fibrillin-2	MODIFIED_IN	non-small cell lung carcinoma
Fibrillin-2	MODIFIED_IN	lung cancer
F-box/WD repeat-containing protein 4	MODIFIED_IN	breast carcinoma
F-box/WD repeat-containing protein 4	MODIFIED_IN	bone osteosarcoma
F-box/WD repeat-containing protein 4	MODIFIED_IN	osteosarcoma
F-box/WD repeat-containing protein 4	MODIFIED_IN	breast cancer
F-box/WD repeat-containing protein 4	MODIFIED_IN	cholangiocarcinoma
Fasciculation and elongation protein zeta-1	MODIFIED_IN	squamous cell carcinoma
Fez family zinc finger protein 2	MODIFIED_IN	nasopharyngeal carcinoma
GMP reductase 1	MODIFIED_IN	Alzheimer disease
Glycine N-methyltransferase	MODIFIED_IN	Matthew-Wood syndrome
Glycine N-methyltransferase	MODIFIED_IN	acute myeloid leukemia
Golgin subfamily A member 6A	MODIFIED_IN	cardiomyopathy
Homeobox protein Meis1	MODIFIED_IN	epithelial neoplasm
Homeobox protein Meis2	MODIFIED_IN	retinitis pigmentosa
Mesoderm-specific transcript homolog protein	MODIFIED_IN	oligospermia
Mesoderm-specific transcript homolog protein	MODIFIED_IN	cervical cancer
Mesoderm-specific transcript homolog protein	MODIFIED_IN	cervical carcinoma
Mesoderm-specific transcript homolog protein	MODIFIED_IN	male infertility
Mesoderm-specific transcript homolog protein	MODIFIED_IN	hepatocellular carcinoma
Mesoderm-specific transcript homolog protein	MODIFIED_IN	cervical intraepithelial neoplasia
Mitofusin-2	MODIFIED_IN	essential hypertension
Homeobox protein Hox-A10	MODIFIED_IN	squamous cell carcinoma
Homeobox protein Hox-A10	MODIFIED_IN	glioblastoma
Homeobox protein Hox-A10	MODIFIED_IN	adult glioblastoma
Homeobox protein Hox-A1	MODIFIED_IN	small cell lung carcinoma
Homeobox protein Hox-A2	MODIFIED_IN	neoplasm
Homeobox protein Hox-A4	MODIFIED_IN	breast carcinoma
Homeobox protein Hox-A4	MODIFIED_IN	leukemia
Homeobox protein Hox-A4	MODIFIED_IN	breast cancer
Homeobox protein Hox-A4	MODIFIED_IN	Silver-Russell syndrome
Homeobox protein Hox-A4	MODIFIED_IN	acute myeloid leukemia
Homeobox protein Hox-A6	MODIFIED_IN	cancer
Homeobox protein Hox-A9	MODIFIED_IN	urinary bladder cancer
Homeobox protein Hox-A9	MODIFIED_IN	urinary bladder neoplasm
Homeobox protein Hox-A9	MODIFIED_IN	lung adenocarcinoma
Homeobox protein Hox-A9	MODIFIED_IN	squamous cell carcinoma
Homeobox protein Hox-A9	MODIFIED_IN	hepatocellular carcinoma
Homeobox protein Hox-B3	MODIFIED_IN	ovarian carcinoma
Homeobox protein Hox-D10	MODIFIED_IN	colon carcinoma
Homeobox protein Hox-D10	MODIFIED_IN	thyroid gland papillary carcinoma
Homeobox protein Hox-D10	MODIFIED_IN	hepatocellular carcinoma
Homeobox protein Hox-D10	MODIFIED_IN	malignant colon neoplasm
Homeobox protein Hox-D13	MODIFIED_IN	breast neoplasm
Homeobox protein Hox-D3	MODIFIED_IN	clear cell renal carcinoma
Homeobox protein Hox-D3	MODIFIED_IN	leukemia
Hyaluronidase-2	MODIFIED_IN	breast carcinoma
Hyaluronidase-2	MODIFIED_IN	breast cancer
Uncharacterized protein KIAA1614	MODIFIED_IN	ulcerative colitis
Keratin, type I cytoskeletal 23	MODIFIED_IN	adenocarcinoma
Keratin, type I cuticular Ha1	MODIFIED_IN	myeloid leukemia
Keratin, type II cytoskeletal 8	MODIFIED_IN	carcinoma
Keratin, type II cytoskeletal 8	MODIFIED_IN	squamous cell carcinoma
Keratin, type II cytoskeletal 8	MODIFIED_IN	lung carcinoma
Keratin, type II cytoskeletal 8	MODIFIED_IN	lung cancer
Adenylate kinase isoenzyme 6	MODIFIED_IN	leukemia
Anosmin-1	MODIFIED_IN	hepatocellular carcinoma
Voltage-gated potassium channel subunit beta-2	MODIFIED_IN	pituitary gland adenoma
LHFPL tetraspan subfamily member 4 protein	MODIFIED_IN	cancer
LHFPL tetraspan subfamily member 4 protein	MODIFIED_IN	cervical cancer
LHFPL tetraspan subfamily member 4 protein	MODIFIED_IN	cervical carcinoma
LHFPL tetraspan subfamily member 6 protein	MODIFIED_IN	cancer
LIM/homeobox protein Lhx6	MODIFIED_IN	carcinoma
LIM/homeobox protein Lhx8	MODIFIED_IN	carcinoma
LIM/homeobox protein Lhx9	MODIFIED_IN	astrocytoma (excluding glioblastoma)
LIM and senescent cell antigen-like-containing domain protein 2	MODIFIED_IN	gastric cancer
LIM and senescent cell antigen-like-containing domain protein 2	MODIFIED_IN	gastric carcinoma
LIM and senescent cell antigen-like-containing domain protein 2	MODIFIED_IN	gastric neoplasm
Protein lin-9 homolog	MODIFIED_IN	urinary bladder neoplasm
Liprin-alpha-3	MODIFIED_IN	gonorrhea
Hepatic triacylglycerol lipase	MODIFIED_IN	familial hypercholesterolemia
Hepatic triacylglycerol lipase	MODIFIED_IN	hypercholesterolemia, familial, 1
LINE-1 type transposase domain-containing protein 1	MODIFIED_IN	gastritis
LINE-1 type transposase domain-containing protein 1	MODIFIED_IN	lung cancer
Fibroblast growth factor 16	MODIFIED_IN	isolated cleft palate
Fibroblast growth factor 16	MODIFIED_IN	cleft palate
Fibroblast growth factor 5	MODIFIED_IN	esophageal squamous cell carcinoma
Acidic fibroblast growth factor intracellular-binding protein	MODIFIED_IN	colorectal carcinoma
Peptidyl-prolyl cis-trans isomerase FKBP2	MODIFIED_IN	cancer
Filamin-C	MODIFIED_IN	carcinoma
Golgin subfamily A member 2	MODIFIED_IN	male infertility
Golgi reassembly-stacking protein 1	MODIFIED_IN	thyroid cancer
Golgi reassembly-stacking protein 1	MODIFIED_IN	leukemia
Golgi reassembly-stacking protein 1	MODIFIED_IN	childhood leukemia
Golgi reassembly-stacking protein 1	MODIFIED_IN	systemic lupus erythematosus
Golgi reassembly-stacking protein 1	MODIFIED_IN	thyroid gland carcinoma
Calcium uptake protein 1, mitochondrial	MODIFIED_IN	neoplasm
Msx2-interacting protein	MODIFIED_IN	hereditary nonpolyposis colon cancer
Leishmanolysin-like peptidase	MODIFIED_IN	gastric cancer
Leishmanolysin-like peptidase	MODIFIED_IN	adenocarcinoma
Leishmanolysin-like peptidase	MODIFIED_IN	carcinoma
Leishmanolysin-like peptidase	MODIFIED_IN	neoplasm
Leishmanolysin-like peptidase	MODIFIED_IN	thyroid gland papillary carcinoma
Leishmanolysin-like peptidase	MODIFIED_IN	renal cell carcinoma
Leishmanolysin-like peptidase	MODIFIED_IN	lung carcinoma
Leishmanolysin-like peptidase	MODIFIED_IN	exocrine pancreatic carcinoma
Leishmanolysin-like peptidase	MODIFIED_IN	gastric carcinoma
Leishmanolysin-like peptidase	MODIFIED_IN	lung cancer
Leishmanolysin-like peptidase	MODIFIED_IN	head and neck squamous cell carcinoma
Leishmanolysin-like peptidase	MODIFIED_IN	nasopharyngeal carcinoma
Leishmanolysin-like peptidase	MODIFIED_IN	adult glioblastoma
Leishmanolysin-like peptidase	MODIFIED_IN	prostate neoplasm
LIM homeobox transcription factor 1-alpha	MODIFIED_IN	urinary bladder cancer
LIM homeobox transcription factor 1-alpha	MODIFIED_IN	urinary bladder carcinoma
LIM homeobox transcription factor 1-alpha	MODIFIED_IN	urinary bladder neoplasm
LIM homeobox transcription factor 1-alpha	MODIFIED_IN	Parkinson disease
Lipoma-preferred partner	MODIFIED_IN	breast carcinoma
Lipoma-preferred partner	MODIFIED_IN	breast cancer
Leupaxin	MODIFIED_IN	prostate cancer
Potassium channel subfamily K member 12	MODIFIED_IN	colorectal carcinoma
Creatine kinase B-type	MODIFIED_IN	gastric cancer
Creatine kinase B-type	MODIFIED_IN	gastric carcinoma
Glutathione peroxidase 3	MODIFIED_IN	gastric cancer
Glutathione peroxidase 3	MODIFIED_IN	leukemia
Glutathione peroxidase 3	MODIFIED_IN	childhood leukemia
Glutathione peroxidase 3	MODIFIED_IN	gastric carcinoma
Glutathione peroxidase 3	MODIFIED_IN	hepatocellular carcinoma
Glutathione peroxidase 3	MODIFIED_IN	acute myeloid leukemia
Glutathione peroxidase 3	MODIFIED_IN	myelodysplastic syndrome
Glutathione peroxidase 3	MODIFIED_IN	colorectal carcinoma
GRB2-related adapter protein 2	MODIFIED_IN	neoplasm
GRB2-related adapter protein 2	MODIFIED_IN	B-cell neoplasm
Gasdermin-E	MODIFIED_IN	cancer
RelA-associated inhibitor	MODIFIED_IN	lung carcinoma
RelA-associated inhibitor	MODIFIED_IN	lung cancer
Insulin-like growth factor-binding protein 4	MODIFIED_IN	lung adenocarcinoma
Insulin-like growth factor-binding protein-like 1	MODIFIED_IN	breast carcinoma
Insulin-like growth factor-binding protein-like 1	MODIFIED_IN	cancer
Insulin-like growth factor-binding protein-like 1	MODIFIED_IN	carcinoma
Insulin-like growth factor-binding protein-like 1	MODIFIED_IN	breast cancer
Insulin-like growth factor-binding protein-like 1	MODIFIED_IN	breast neoplasm
Calpastatin	MODIFIED_IN	adult glioblastoma
Membrane protein MLC1	MODIFIED_IN	leukemia
Membrane protein MLC1	MODIFIED_IN	childhood leukemia
DNA mismatch repair protein Mlh3	MODIFIED_IN	glioma
Muscular LMNA-interacting protein	MODIFIED_IN	leukemia
Mixed lineage kinase domain-like protein	MODIFIED_IN	tuberculosis
Proto-oncogene serine/threonine-protein kinase mos	MODIFIED_IN	hepatocellular carcinoma
Lysine-specific demethylase 5D	MODIFIED_IN	clear cell renal carcinoma
Protein LRATD1	MODIFIED_IN	cancer
Leucine-rich repeat-containing protein 3B	MODIFIED_IN	clear cell renal carcinoma
Leucine-rich repeat-containing protein 3B	MODIFIED_IN	renal cell carcinoma
Leucine-rich repeat-containing protein 49	MODIFIED_IN	breast carcinoma
Leucine-rich repeat-containing protein 49	MODIFIED_IN	breast cancer
Low-density lipoprotein receptor-related protein 12	MODIFIED_IN	lung adenocarcinoma
Low-density lipoprotein receptor-related protein 12	MODIFIED_IN	lymphoma
Low-density lipoprotein receptor-related protein 12	MODIFIED_IN	B-cell neoplasm
Low-density lipoprotein receptor-related protein 12	MODIFIED_IN	non-small cell lung carcinoma
Low-density lipoprotein receptor-related protein 12	MODIFIED_IN	pediatric lymphoma
Low-density lipoprotein receptor-related protein 12	MODIFIED_IN	adult lymphoma
Low-density lipoprotein receptor-related protein 1B	MODIFIED_IN	esophageal squamous cell carcinoma
Multiple PDZ domain protein	MODIFIED_IN	neoplasm
MAGUK p55 subfamily member 3	MODIFIED_IN	colorectal carcinoma
Metallophosphoesterase MPPED2	MODIFIED_IN	adenoma
Limbic system-associated membrane protein	MODIFIED_IN	lung adenocarcinoma
Ragulator complex protein LAMTOR2	MODIFIED_IN	urinary bladder cancer
Ragulator complex protein LAMTOR2	MODIFIED_IN	adenocarcinoma
Ragulator complex protein LAMTOR2	MODIFIED_IN	urinary bladder carcinoma
Ragulator complex protein LAMTOR2	MODIFIED_IN	urinary bladder neoplasm
Ragulator complex protein LAMTOR2	MODIFIED_IN	lung carcinoma
Ragulator complex protein LAMTOR2	MODIFIED_IN	plasma cell myeloma
Ragulator complex protein LAMTOR2	MODIFIED_IN	lung cancer
Ragulator complex protein LAMTOR2	MODIFIED_IN	acute promyelocytic leukemia
Ragulator complex protein LAMTOR2	MODIFIED_IN	acute myeloid leukemia
Ragulator complex protein LAMTOR2	MODIFIED_IN	colorectal carcinoma
Latexin	MODIFIED_IN	leukemia
Latexin	MODIFIED_IN	childhood leukemia
Kinesin-like protein KIF14	MODIFIED_IN	triple-negative breast carcinoma
Kinesin-like protein KIF1A	MODIFIED_IN	breast carcinoma
Kinesin-like protein KIF1A	MODIFIED_IN	breast cancer
Killin	MODIFIED_IN	kidney cancer
Killin	MODIFIED_IN	renal carcinoma
Krueppel-like factor 1	MODIFIED_IN	juvenile myelomonocytic leukemia
Krueppel-like factor 5	MODIFIED_IN	non-small cell lung carcinoma
Kallikrein-10	MODIFIED_IN	cirrhosis of liver
Kallikrein-10	MODIFIED_IN	hepatitis C virus infection
Kallikrein-10	MODIFIED_IN	hepatocellular carcinoma
Kallikrein-10	MODIFIED_IN	ovarian neoplasm
Protein Mis18-beta	MODIFIED_IN	glioma
Motile sperm domain-containing protein 2	MODIFIED_IN	breast neoplasm
Homeobox protein MSX-1	MODIFIED_IN	breast carcinoma
Homeobox protein MSX-1	MODIFIED_IN	breast cancer
Homeobox protein MSX-1	MODIFIED_IN	breast neoplasm
Metallothionein-1B	MODIFIED_IN	colonic neoplasm
Metallothionein-1E	MODIFIED_IN	clear cell renal carcinoma
Metallothionein-1E	MODIFIED_IN	renal cell carcinoma
Metallothionein-1E	MODIFIED_IN	melanoma
Metallothionein-1E	MODIFIED_IN	colonic neoplasm
Metallothionein-1E	MODIFIED_IN	metastatic malignant neoplasm
Metallothionein-1F	MODIFIED_IN	colon carcinoma
Metallothionein-1F	MODIFIED_IN	colonic neoplasm
Metallothionein-1F	MODIFIED_IN	lymphosarcoma
Metallothionein-1F	MODIFIED_IN	malignant colon neoplasm
Metallothionein-1G	MODIFIED_IN	colonic neoplasm
Metallothionein-1G	MODIFIED_IN	esophageal squamous cell carcinoma
Metallothionein-1G	MODIFIED_IN	lymphosarcoma
Metallothionein-1H	MODIFIED_IN	colonic neoplasm
Metallothionein-1H	MODIFIED_IN	lymphosarcoma
Metallothionein-1M	MODIFIED_IN	clear cell renal carcinoma
Metallothionein-1M	MODIFIED_IN	renal cell carcinoma
Metallothionein-1M	MODIFIED_IN	squamous cell carcinoma
Metallothionein-1M	MODIFIED_IN	colonic neoplasm
Metallothionein-1M	MODIFIED_IN	lymphosarcoma
Metallothionein-1X	MODIFIED_IN	colonic neoplasm
Metallothionein-1X	MODIFIED_IN	lymphosarcoma
Metallothionein-3	MODIFIED_IN	adenocarcinoma
Metallothionein-3	MODIFIED_IN	esophageal squamous cell carcinoma
Metallothionein-3	MODIFIED_IN	gastric carcinoma
Metallothionein-3	MODIFIED_IN	acute myeloid leukemia
N(6)-adenosine-methyltransferase catalytic subunit METTL3	MODIFIED_IN	neoplasm
Bifunctional methylenetetrahydrofolate dehydrogenase/cyclohydrolase, mitochondrial	MODIFIED_IN	clear cell renal carcinoma
Bifunctional methylenetetrahydrofolate dehydrogenase/cyclohydrolase, mitochondrial	MODIFIED_IN	renal cell carcinoma
Leucine zipper putative tumor suppressor 2	MODIFIED_IN	neoplasm
Leucine zipper putative tumor suppressor 2	MODIFIED_IN	laryngeal squamous cell carcinoma
Histone-lysine N-methyltransferase 2D	MODIFIED_IN	breast carcinoma
Histone-lysine N-methyltransferase 2D	MODIFIED_IN	breast cancer
Inactive histone-lysine N-methyltransferase 2E	MODIFIED_IN	acute myeloid leukemia
Serine/threonine-protein kinase D2	MODIFIED_IN	gastric neoplasm
Alpha-mannosidase 2C1	MODIFIED_IN	post-traumatic stress disorder
MAP kinase-activating death domain protein	MODIFIED_IN	gastric cancer
MAP kinase-activating death domain protein	MODIFIED_IN	gastric carcinoma
Melanoma-associated antigen 12	MODIFIED_IN	gastric cancer
Myelin and lymphocyte protein	MODIFIED_IN	carcinoma
Myelin and lymphocyte protein	MODIFIED_IN	colorectal adenoma
Myelin and lymphocyte protein	MODIFIED_IN	endometrial cancer
Myelin and lymphocyte protein	MODIFIED_IN	Barrett esophagus
Myelin and lymphocyte protein	MODIFIED_IN	gastric neoplasm
Microtubule-associated protein 1B	MODIFIED_IN	neoplasm
DNA-binding protein inhibitor ID-4	MODIFIED_IN	adenocarcinoma
DNA-binding protein inhibitor ID-4	MODIFIED_IN	psoriasis
DNA-binding protein inhibitor ID-4	MODIFIED_IN	squamous cell carcinoma
DNA-binding protein inhibitor ID-4	MODIFIED_IN	acute leukemia
DNA-binding protein inhibitor ID-4	MODIFIED_IN	acute myeloid leukemia
DNA-binding protein inhibitor ID-4	MODIFIED_IN	myelodysplastic syndrome
DNA-binding protein inhibitor ID-4	MODIFIED_IN	aplastic anemia
DNA-binding protein inhibitor ID-4	MODIFIED_IN	colorectal carcinoma
DNA-binding protein inhibitor ID-4	MODIFIED_IN	childhood myelodysplastic syndrome
Immediate early response gene 5 protein	MODIFIED_IN	liver cancer
Immediate early response gene 5 protein	MODIFIED_IN	carcinoma of liver and intrahepatic biliary tract
Radiation-inducible immediate-early gene IEX-1	MODIFIED_IN	bone osteosarcoma
Radiation-inducible immediate-early gene IEX-1	MODIFIED_IN	osteosarcoma
Radiation-inducible immediate-early gene IEX-1	MODIFIED_IN	lung neoplasm
Eukaryotic translation initiation factor 2 subunit 1	MODIFIED_IN	cognitive disorder
Eukaryotic translation initiation factor 2 subunit 1	MODIFIED_IN	breast carcinoma
Eukaryotic translation initiation factor 2 subunit 1	MODIFIED_IN	temporal lobe epilepsy
Eukaryotic translation initiation factor 2 subunit 1	MODIFIED_IN	Chagas disease
Eukaryotic translation initiation factor 2 subunit 1	MODIFIED_IN	breast cancer
Eukaryotic translation initiation factor 2 subunit 1	MODIFIED_IN	adenoviridae infectious disease
Eukaryotic translation initiation factor 2 subunit 1	MODIFIED_IN	leukoencephalopathy with vanishing white matter
Insulin-like growth factor 2 mRNA-binding protein 3	MODIFIED_IN	breast neoplasm
Eukaryotic translation initiation factor 2 subunit 2	MODIFIED_IN	cognitive disorder
Eukaryotic translation initiation factor 2 subunit 2	MODIFIED_IN	Chagas disease
Eukaryotic translation initiation factor 2 subunit 3	MODIFIED_IN	cognitive disorder
Eukaryotic translation initiation factor 2 subunit 3	MODIFIED_IN	breast carcinoma
Eukaryotic translation initiation factor 2 subunit 3	MODIFIED_IN	Chagas disease
Eukaryotic translation initiation factor 2 subunit 3	MODIFIED_IN	breast cancer
Eukaryotic translation initiation factor 2 subunit 3	MODIFIED_IN	leukoencephalopathy with vanishing white matter
Interferon-induced protein 44-like	MODIFIED_IN	systemic lupus erythematosus
Interferon-induced protein 44-like	MODIFIED_IN	autoimmune disease
Eukaryotic translation initiation factor 4B	MODIFIED_IN	neoplasm
Eukaryotic translation initiation factor 4 gamma 1	MODIFIED_IN	B-cell chronic lymphocytic leukemia
Eukaryotic translation initiation factor 4 gamma 2	MODIFIED_IN	squamous cell carcinoma
Eukaryotic translation initiation factor 4 gamma 2	MODIFIED_IN	cervical intraepithelial neoplasia
Interferon alpha-inducible protein 27, mitochondrial	MODIFIED_IN	bone osteosarcoma
Interferon alpha-inducible protein 27, mitochondrial	MODIFIED_IN	plasma cell myeloma
Interferon alpha-inducible protein 27, mitochondrial	MODIFIED_IN	osteosarcoma
Interferon-induced transmembrane protein 3	MODIFIED_IN	melanoma
Immunoglobulin-binding protein 1	MODIFIED_IN	esophageal squamous cell carcinoma
Protein CBFA2T3	MODIFIED_IN	classic Hodgkin lymphoma
Melatonin-related receptor	MODIFIED_IN	Alzheimer disease
Protein MTSS 1	MODIFIED_IN	adult glioblastoma
Microtubule-associated tumor suppressor 1	MODIFIED_IN	non-small cell lung carcinoma
Mucin-13	MODIFIED_IN	ovarian carcinoma
Mucin-13	MODIFIED_IN	ovarian cancer
Mucin-13	MODIFIED_IN	ovarian neoplasm
Methyl-CpG-binding domain protein 2	MODIFIED_IN	neuroblastoma
Methyl-CpG-binding domain protein 2	MODIFIED_IN	myelodysplastic syndrome
Methyl-CpG-binding domain protein 3	MODIFIED_IN	neoplasm
Methyl-CpG-binding domain protein 3	MODIFIED_IN	acute promyelocytic leukemia
Methyl-CpG-binding domain protein 4	MODIFIED_IN	breast carcinoma
Methyl-CpG-binding domain protein 4	MODIFIED_IN	breast cancer
Immunoglobulin superfamily DCC subclass member 3	MODIFIED_IN	colorectal carcinoma
Inhibitor of nuclear factor kappa-B kinase subunit epsilon	MODIFIED_IN	adult glioblastoma
DNA-binding protein Ikaros	MODIFIED_IN	lung carcinoma
DNA-binding protein Ikaros	MODIFIED_IN	lung cancer
Mucin-2	MODIFIED_IN	exocrine pancreatic carcinoma
Mucin-3A	MODIFIED_IN	cancer
Structure-specific endonuclease subunit MUS81	MODIFIED_IN	cancer
Max-interacting protein 1	MODIFIED_IN	polycystic kidney disease
Unconventional myosin-XVIIIa	MODIFIED_IN	hepatitis C virus infection
Myc target protein 1	MODIFIED_IN	gastric carcinoma
Myosin-11	MODIFIED_IN	hypospadias
Myosin regulatory light polypeptide 9	MODIFIED_IN	familial hypertrophic cardiomyopathy
Unconventional myosin-Ia	MODIFIED_IN	colon carcinoma
Unconventional myosin-Ia	MODIFIED_IN	colorectal neoplasm
Unconventional myosin-Ia	MODIFIED_IN	malignant colon neoplasm
Myoblast determination protein 1	MODIFIED_IN	adenoma
Myoblast determination protein 1	MODIFIED_IN	cervical cancer
Myoblast determination protein 1	MODIFIED_IN	prostate adenocarcinoma
Myoblast determination protein 1	MODIFIED_IN	cervical carcinoma
Myoblast determination protein 1	MODIFIED_IN	colorectal neoplasm
Myoblast determination protein 1	MODIFIED_IN	lymphoid leukemia
Myoblast determination protein 1	MODIFIED_IN	non-Hodgkin lymphoma
Myoblast determination protein 1	MODIFIED_IN	colorectal carcinoma
Myomesin-3	MODIFIED_IN	congestive heart failure
Myomesin-3	MODIFIED_IN	heart failure
Importin subunit alpha-1	MODIFIED_IN	diabetic kidney disease
Tumor necrosis factor receptor superfamily member 27	MODIFIED_IN	breast carcinoma
Tumor necrosis factor receptor superfamily member 27	MODIFIED_IN	breast cancer
Protein Tob1	MODIFIED_IN	lung neoplasm
DNA replication licensing factor MCM3	MODIFIED_IN	clear cell renal carcinoma
DNA replication licensing factor MCM3	MODIFIED_IN	renal cell carcinoma
Calcium uniporter regulatory subunit MCUb, mitochondrial	MODIFIED_IN	glioma
MyoD family inhibitor	MODIFIED_IN	non-small cell lung carcinoma
Malate dehydrogenase, cytoplasmic	MODIFIED_IN	exocrine pancreatic carcinoma
Mediator of RNA polymerase II transcription subunit 12	MODIFIED_IN	X-linked intellectual disability
Mediator of RNA polymerase II transcription subunit 15	MODIFIED_IN	leukemia
Mediator of RNA polymerase II transcription subunit 15	MODIFIED_IN	childhood leukemia
Mediator of RNA polymerase II transcription subunit 15	MODIFIED_IN	esophageal squamous cell carcinoma
Mediator of RNA polymerase II transcription subunit 15	MODIFIED_IN	nasopharyngeal carcinoma
Mediator of RNA polymerase II transcription subunit 15	MODIFIED_IN	prostate neoplasm
Protein phosphatase 1 regulatory subunit 12A	MODIFIED_IN	leiomyosarcoma
Protein phosphatase 1 regulatory subunit 12A	MODIFIED_IN	abdominal aortic aneurysm
Protein phosphatase 1 regulatory subunit 12A	MODIFIED_IN	retinal vein occlusion
Protein phosphatase 1 regulatory subunit 12A	MODIFIED_IN	Gitelman syndrome
Marginal zone B- and B1-cell-specific protein	MODIFIED_IN	hepatocellular carcinoma
Myeloid zinc finger 1	MODIFIED_IN	cancer
Myeloid zinc finger 1	MODIFIED_IN	acute promyelocytic leukemia
NGFI-A-binding protein 2	MODIFIED_IN	lung carcinoma
NGFI-A-binding protein 2	MODIFIED_IN	prostate carcinoma
NGFI-A-binding protein 2	MODIFIED_IN	lung cancer
NGFI-A-binding protein 2	MODIFIED_IN	prostate cancer
NACHT, LRR and PYD domains-containing protein 2	MODIFIED_IN	lymphoma
Homeobox protein NANOG	MODIFIED_IN	germ cell tumor
Homeobox protein NANOG	MODIFIED_IN	adult teratoma
Neuron navigator 2	MODIFIED_IN	melanoma
NADH-cytochrome b5 reductase 2	MODIFIED_IN	neoplasm
NADH-cytochrome b5 reductase 2	MODIFIED_IN	prostate carcinoma
NADH-cytochrome b5 reductase 2	MODIFIED_IN	prostate cancer
NBPF family member NBPF1	MODIFIED_IN	breast carcinoma
NBPF family member NBPF1	MODIFIED_IN	breast cancer
Neural cell adhesion molecule L1-like protein	MODIFIED_IN	breast carcinoma
Neural cell adhesion molecule L1-like protein	MODIFIED_IN	breast cancer
Neural cell adhesion molecule L1-like protein	MODIFIED_IN	breast neoplasm
Nuclear receptor coactivator 5	MODIFIED_IN	neoplasm
Nuclear receptor corepressor 2	MODIFIED_IN	Bartsocas-Papas syndrome 1
Kinetochore protein NDC80 homolog	MODIFIED_IN	classic familial adenomatous polyposis
Neurogenic differentiation factor 1	MODIFIED_IN	head and neck squamous cell carcinoma
Protein NDRG2	MODIFIED_IN	adenoma
Protein NDRG2	MODIFIED_IN	gastric carcinoma
Protein NDRG2	MODIFIED_IN	meningioma
Necdin	MODIFIED_IN	squamous cell carcinoma
Necdin	MODIFIED_IN	head and neck squamous cell carcinoma
Slit homolog 1 protein	MODIFIED_IN	neoplasm
Slit homolog 1 protein	MODIFIED_IN	glioma
Slit homolog 3 protein	MODIFIED_IN	breast carcinoma
Slit homolog 3 protein	MODIFIED_IN	lung cancer
Slit homolog 3 protein	MODIFIED_IN	breast cancer
Slit homolog 3 protein	MODIFIED_IN	colorectal carcinoma
Mothers against decapentaplegic homolog 2	MODIFIED_IN	neuroblastoma
Mothers against decapentaplegic homolog 2	MODIFIED_IN	squamous cell carcinoma
Mothers against decapentaplegic homolog 2	MODIFIED_IN	chronic kidney disease
Mothers against decapentaplegic homolog 2	MODIFIED_IN	hepatocellular carcinoma
Mothers against decapentaplegic homolog 5	MODIFIED_IN	neoplasm
Endonuclease 8-like 1	MODIFIED_IN	non-small cell lung carcinoma
Endonuclease 8-like 1	MODIFIED_IN	head and neck squamous cell carcinoma
Endonuclease 8-like 3	MODIFIED_IN	myocardial infarction
Neogenin	MODIFIED_IN	glioma
Nuclear factor erythroid 2-related factor 3	MODIFIED_IN	clear cell renal carcinoma
Neurofilament heavy polypeptide	MODIFIED_IN	Alzheimer disease
Neurofilament heavy polypeptide	MODIFIED_IN	clear cell renal carcinoma
Neurofilament heavy polypeptide	MODIFIED_IN	renal cell carcinoma
Neuroglobin	MODIFIED_IN	non-small cell lung carcinoma
Neurogenin-1	MODIFIED_IN	colorectal carcinoma
Protein Niban 3	MODIFIED_IN	cancer
Nidogen-1	MODIFIED_IN	colon carcinoma
Nidogen-1	MODIFIED_IN	gastric cancer
Nidogen-1	MODIFIED_IN	malignant colon neoplasm
Nidogen-2	MODIFIED_IN	urinary bladder cancer
Nidogen-2	MODIFIED_IN	urinary bladder carcinoma
Nidogen-2	MODIFIED_IN	urinary bladder neoplasm
Nidogen-2	MODIFIED_IN	neoplasm
Nidogen-2	MODIFIED_IN	lung carcinoma
Nidogen-2	MODIFIED_IN	transitional cell carcinoma
Nidogen-2	MODIFIED_IN	lung cancer
Nidogen-2	MODIFIED_IN	urothelial carcinoma
Nidogen-2	MODIFIED_IN	digestive system neoplasm
NKAP-like protein	MODIFIED_IN	neoplasm
NKAP-like protein	MODIFIED_IN	hepatocellular carcinoma
NF-kappa-B-activating protein	MODIFIED_IN	hepatocellular carcinoma
Protein naked cuticle homolog 1	MODIFIED_IN	ovarian carcinoma
Protein naked cuticle homolog 1	MODIFIED_IN	ovarian cancer
Protein naked cuticle homolog 1	MODIFIED_IN	ovarian neoplasm
Protein naked cuticle homolog 2	MODIFIED_IN	gastric cancer
Protein naked cuticle homolog 2	MODIFIED_IN	esophageal cancer
Protein naked cuticle homolog 2	MODIFIED_IN	gastric carcinoma
Protein naked cuticle homolog 2	MODIFIED_IN	carcinoma of esophagus
Protein naked cuticle homolog 2	MODIFIED_IN	neoplasm of esophagus
Neuroligin-1	MODIFIED_IN	Alzheimer disease
Serine/threonine-protein kinase NLK	MODIFIED_IN	metastatic malignant neoplasm
NLR family CARD domain-containing protein 4	MODIFIED_IN	hyperglycemia
Protein orai-3	MODIFIED_IN	congestive heart failure
Protein orai-3	MODIFIED_IN	heart failure
Neuronatin	MODIFIED_IN	leukemia
Nucleolar protein 4	MODIFIED_IN	head and neck carcinoma
Nucleolar protein 4	MODIFIED_IN	head and neck cancer
Nucleolar protein 56	MODIFIED_IN	age-related macular degeneration
NADPH oxidase 5	MODIFIED_IN	hyperglycemia
Neuropeptides B/W receptor type 1	MODIFIED_IN	prostate neoplasm
Oxysterol-binding protein-related protein 8	MODIFIED_IN	type 2 diabetes mellitus
Protein OSCP1	MODIFIED_IN	nasopharyngeal carcinoma
Proton channel OTOP2	MODIFIED_IN	colorectal carcinoma
Homeobox protein orthopedia	MODIFIED_IN	breast carcinoma
Homeobox protein orthopedia	MODIFIED_IN	breast cancer
OTU domain-containing protein 4	MODIFIED_IN	small cell lung carcinoma
OTU domain-containing protein 4	MODIFIED_IN	cancer
OTU domain-containing protein 4	MODIFIED_IN	lymphoma
OTU domain-containing protein 4	MODIFIED_IN	neoplasm
OTU domain-containing protein 4	MODIFIED_IN	malignant mesothelioma
OTU domain-containing protein 4	MODIFIED_IN	retinoblastoma
OTU domain-containing protein 4	MODIFIED_IN	nasopharyngeal carcinoma
OTU domain-containing protein 4	MODIFIED_IN	Niemann-Pick disease type C
Oxidation resistance protein 1	MODIFIED_IN	neoplasm
N-fatty-acyl-amino acid synthase/hydrolase PM20D1	MODIFIED_IN	acute myeloid leukemia
PHD finger protein 20-like protein 1	MODIFIED_IN	retinoblastoma
Serine/threonine-protein phosphatase 2A regulatory subunit B'' subunit alpha	MODIFIED_IN	childhood acute lymphoblastic leukemia
Transmembrane prolyl 4-hydroxylase	MODIFIED_IN	rhabdomyosarcoma
Tumor protein p73	MODIFIED_IN	childhood acute lymphoblastic leukemia
Phosphatidylinositol 3-kinase regulatory subunit beta	MODIFIED_IN	B-cell chronic lymphocytic leukemia
Parkin coregulated gene protein	MODIFIED_IN	parkinsonian disorder
Neuronal pentraxin-1	MODIFIED_IN	lung carcinoma
Neuronal pentraxin-1	MODIFIED_IN	lung cancer
Nuclear receptor subfamily 2 group C member 2	MODIFIED_IN	diabetic kidney disease
Plakophilin-1	MODIFIED_IN	Barrett esophagus
Plakophilin-3	MODIFIED_IN	pemphigus vulgaris
Zinc finger protein PLAGL1	MODIFIED_IN	sarcoma
Zinc finger protein PLAGL1	MODIFIED_IN	recessive X-linked ichthyosis
Zinc finger protein PLAGL1	MODIFIED_IN	soft tissue sarcoma
Phospholipase A and acyltransferase 3	MODIFIED_IN	prostate carcinoma
Phospholipase A and acyltransferase 3	MODIFIED_IN	prostate cancer
Nuclear receptor-binding protein	MODIFIED_IN	myeloid leukemia
Nuclear respiratory factor 1	MODIFIED_IN	neuroblastoma
Histone-lysine N-methyltransferase NSD3	MODIFIED_IN	head and neck carcinoma
Histone-lysine N-methyltransferase NSD3	MODIFIED_IN	head and neck cancer
Non-structural maintenance of chromosomes element 1 homolog	MODIFIED_IN	cancer
Neuronal vesicle trafficking-associated protein 2	MODIFIED_IN	cancer
28S rRNA (cytosine-C(5))-methyltransferase	MODIFIED_IN	glioma
Netrin-G1	MODIFIED_IN	colon carcinoma
Netrin-G1	MODIFIED_IN	malignant colon neoplasm
RNA polymerase II-associated factor 1 homolog	MODIFIED_IN	exocrine pancreatic carcinoma
RNA polymerase II-associated factor 1 homolog	MODIFIED_IN	acute myeloid leukemia
Serine/threonine-protein kinase PAK 6	MODIFIED_IN	cancer
Inactive serine protease PAMR1	MODIFIED_IN	breast cancer
Pleckstrin	MODIFIED_IN	melanoma
Serine/threonine-protein kinase PLK3	MODIFIED_IN	lymphoma
Serine/threonine-protein kinase PLK3	MODIFIED_IN	anal squamous cell carcinoma
Inactive serine/threonine-protein kinase PLK5	MODIFIED_IN	glioblastoma
Inactive serine/threonine-protein kinase PLK5	MODIFIED_IN	astrocytoma (excluding glioblastoma)
Phospholipid phosphatase 3	MODIFIED_IN	aortic valve disorder
Plastin-2	MODIFIED_IN	hepatocellular carcinoma
Polyamine-modulated factor 1	MODIFIED_IN	urinary bladder cancer
Polyamine-modulated factor 1	MODIFIED_IN	urinary bladder carcinoma
Polyamine-modulated factor 1	MODIFIED_IN	urinary bladder neoplasm
NEDD8 ultimate buster 1	MODIFIED_IN	Lewy body dementia
Cytosolic Fe-S cluster assembly factor NUBP1	MODIFIED_IN	neuroblastoma
Numb-like protein	MODIFIED_IN	cancer
Protein numb homolog	MODIFIED_IN	liver cancer
Protein numb homolog	MODIFIED_IN	hepatitis C virus infection
Protein numb homolog	MODIFIED_IN	carcinoma of liver and intrahepatic biliary tract
Nuclear pore complex protein Nup98-Nup96	MODIFIED_IN	endometrial carcinoma
Nuclear pore complex protein Nup98-Nup96	MODIFIED_IN	endometrial cancer
Progestin and adipoQ receptor family member 3	MODIFIED_IN	breast carcinoma
Progestin and adipoQ receptor family member 3	MODIFIED_IN	cancer
Progestin and adipoQ receptor family member 3	MODIFIED_IN	prostate adenocarcinoma
Progestin and adipoQ receptor family member 3	MODIFIED_IN	inherited lipid metabolism disorder
Progestin and adipoQ receptor family member 3	MODIFIED_IN	breast cancer
Progestin and adipoQ receptor family member 3	MODIFIED_IN	benign prostatic hyperplasia
Progestin and adipoQ receptor family member 3	MODIFIED_IN	prostate cancer
Poly(A)-specific ribonuclease PARN	MODIFIED_IN	childhood acute lymphoblastic leukemia
Poly(A)-specific ribonuclease PARN	MODIFIED_IN	acute lymphoblastic leukemia
Protein mono-ADP-ribosyltransferase PARP4	MODIFIED_IN	lymphoma
Protein mono-ADP-ribosyltransferase PARP9	MODIFIED_IN	rheumatoid arthritis
Paired box protein Pax-1	MODIFIED_IN	cancer
Paired box protein Pax-1	MODIFIED_IN	cervical cancer
Paired box protein Pax-1	MODIFIED_IN	cervical carcinoma
Paired box protein Pax-1	MODIFIED_IN	human papilloma virus infection
Paired box protein Pax-1	MODIFIED_IN	intrahepatic cholangiocarcinoma
Paired box protein Pax-1	MODIFIED_IN	epithelial neoplasm
Paired box protein Pax-1	MODIFIED_IN	cervical intraepithelial neoplasia
Paired box protein Pax-7	MODIFIED_IN	lymphoproliferative syndrome
Paxillin	MODIFIED_IN	invasive breast carcinoma
Paxillin	MODIFIED_IN	colonic neoplasm
Paxillin	MODIFIED_IN	metastatic malignant neoplasm
Pre-B-cell leukemia transcription factor 3	MODIFIED_IN	colon carcinoma
Pre-B-cell leukemia transcription factor 3	MODIFIED_IN	malignant colon neoplasm
Pre-B-cell leukemia transcription factor 3	MODIFIED_IN	colorectal carcinoma
Protocadherin-10	MODIFIED_IN	childhood acute lymphoblastic leukemia
Protocadherin-10	MODIFIED_IN	acute lymphoblastic leukemia
Protocadherin-10	MODIFIED_IN	breast carcinoma
Protocadherin-10	MODIFIED_IN	leukemia
Protocadherin-10	MODIFIED_IN	lymphoma
Protocadherin-10	MODIFIED_IN	B-cell neoplasm
Protocadherin-10	MODIFIED_IN	prostate carcinoma
Protocadherin-10	MODIFIED_IN	non-small cell lung carcinoma
Protocadherin-10	MODIFIED_IN	colorectal neoplasm
Protocadherin-10	MODIFIED_IN	childhood leukemia
Protocadherin-10	MODIFIED_IN	breast cancer
Protocadherin-10	MODIFIED_IN	prostate cancer
Protocadherin-10	MODIFIED_IN	Matthew-Wood syndrome
Protocadherin-10	MODIFIED_IN	diffuse large B-cell lymphoma
Protocadherin-10	MODIFIED_IN	T-cell non-Hodgkin lymphoma
Protocadherin-17	MODIFIED_IN	ovarian carcinoma
Protocadherin-17	MODIFIED_IN	prostate carcinoma
Protocadherin-17	MODIFIED_IN	esophageal squamous cell carcinoma
Protocadherin-17	MODIFIED_IN	bladder transitional cell carcinoma
Protocadherin-17	MODIFIED_IN	ovarian cancer
Protocadherin-17	MODIFIED_IN	prostate cancer
Protocadherin-17	MODIFIED_IN	malignant tumor of nasopharynx
Protocadherin-20	MODIFIED_IN	lung cancer
Protocadherin beta-3	MODIFIED_IN	rectal carcinoma
GTP-binding protein RAD	MODIFIED_IN	esophageal adenocarcinoma
GTP-binding protein RAD	MODIFIED_IN	lung adenocarcinoma
GTP-binding protein RAD	MODIFIED_IN	esophageal squamous cell carcinoma
GTP-binding protein RAD	MODIFIED_IN	esophageal cancer
GTP-binding protein RAD	MODIFIED_IN	familial multiple trichoepithelioma
GTP-binding protein RAD	MODIFIED_IN	carcinoma of esophagus
GTP-binding protein RAD	MODIFIED_IN	neoplasm of esophagus
Retinoic acid-induced protein 2	MODIFIED_IN	colorectal carcinoma
Retinoic acid-induced protein 3	MODIFIED_IN	cancer
Retinoic acid-induced protein 3	MODIFIED_IN	leukemia
Retinoic acid-induced protein 3	MODIFIED_IN	childhood leukemia
Retinoic acid-induced protein 3	MODIFIED_IN	hepatocellular carcinoma
Retinoic acid-induced protein 3	MODIFIED_IN	nasopharyngeal carcinoma
Receptor activity-modifying protein 2	MODIFIED_IN	lung neoplasm
Ras-related protein Rap-1b	MODIFIED_IN	glomerulosclerosis
POU domain, class 2, transcription factor 1	MODIFIED_IN	esophageal cancer
POU domain, class 2, transcription factor 1	MODIFIED_IN	carcinoma of esophagus
POU domain, class 2, transcription factor 1	MODIFIED_IN	neoplasm of esophagus
POU domain, class 2, transcription factor 3	MODIFIED_IN	cervical cancer
POU domain, class 2, transcription factor 3	MODIFIED_IN	cervical carcinoma
POU domain, class 3, transcription factor 1	MODIFIED_IN	hepatocellular carcinoma
DNA polymerase eta	MODIFIED_IN	psoriatic arthritis
DNA polymerase iota	MODIFIED_IN	neoplasm
Protection of telomeres protein 1	MODIFIED_IN	breast carcinoma
Protection of telomeres protein 1	MODIFIED_IN	breast cancer
POTE ankyrin domain family member H	MODIFIED_IN	glioma
Protein phosphatase 1 regulatory subunit 14A	MODIFIED_IN	cancer
Protein phosphatase 1 regulatory subunit 14A	MODIFIED_IN	orthostatic hypotension
Serine/threonine-protein phosphatase PP1-beta catalytic subunit	MODIFIED_IN	hypertensive disorder
NTF2-related export protein 1	MODIFIED_IN	childhood acute lymphoblastic leukemia
NTF2-related export protein 1	MODIFIED_IN	acute lymphoblastic leukemia
NTF2-related export protein 1	MODIFIED_IN	breast carcinoma
NTF2-related export protein 1	MODIFIED_IN	acute monocytic leukemia
NTF2-related export protein 1	MODIFIED_IN	plasma cell myeloma
NTF2-related export protein 1	MODIFIED_IN	breast cancer
NTF2-related export protein 1	MODIFIED_IN	head and neck squamous cell carcinoma
NTF2-related export protein 1	MODIFIED_IN	acute promyelocytic leukemia
NTF2-related export protein 1	MODIFIED_IN	acute myeloid leukemia
NTF2-related export protein 1	MODIFIED_IN	myelodysplastic syndrome
NTF2-related export protein 1	MODIFIED_IN	follicular lymphoma
NTF2-related export protein 1	MODIFIED_IN	ovarian neoplasm
Protocadherin alpha-C2	MODIFIED_IN	Matthew-Wood syndrome
Protocadherin gamma-B6	MODIFIED_IN	lung carcinoma
Protocadherin gamma-B6	MODIFIED_IN	lung cancer
Protocadherin gamma-B7	MODIFIED_IN	non-Hodgkin lymphoma
Protocadherin gamma-C3	MODIFIED_IN	adenoma
Protocadherin gamma-C3	MODIFIED_IN	pheochromocytoma
Ras association domain-containing protein 1	MODIFIED_IN	thyroid cancer
Ras association domain-containing protein 1	MODIFIED_IN	carcinoma
Ras association domain-containing protein 1	MODIFIED_IN	cervical cancer
Ras association domain-containing protein 1	MODIFIED_IN	ductal breast carcinoma in situ
Ras association domain-containing protein 1	MODIFIED_IN	lung adenocarcinoma
Ras association domain-containing protein 1	MODIFIED_IN	cervical carcinoma
Ras association domain-containing protein 1	MODIFIED_IN	endometrial carcinoma
Ras association domain-containing protein 1	MODIFIED_IN	colorectal neoplasm
Ras association domain-containing protein 1	MODIFIED_IN	uveal melanoma
Ras association domain-containing protein 1	MODIFIED_IN	head and neck squamous cell carcinoma
Ras association domain-containing protein 1	MODIFIED_IN	endometrial cancer
Ras association domain-containing protein 1	MODIFIED_IN	thyroid tumor
Ras association domain-containing protein 1	MODIFIED_IN	thyroid gland carcinoma
Ras association domain-containing protein 1	MODIFIED_IN	cholangiocarcinoma
Ras association domain-containing protein 1	MODIFIED_IN	neuroendocrine neoplasm
Ras association domain-containing protein 1	MODIFIED_IN	breast neoplasm
Ras association domain-containing protein 1	MODIFIED_IN	prostate neoplasm
Ras association domain-containing protein 2	MODIFIED_IN	gastric cancer
Ras association domain-containing protein 2	MODIFIED_IN	adenocarcinoma
Ras association domain-containing protein 2	MODIFIED_IN	penile cancer
Ras association domain-containing protein 2	MODIFIED_IN	non-small cell lung carcinoma
Ras association domain-containing protein 2	MODIFIED_IN	goiter
Ras association domain-containing protein 2	MODIFIED_IN	colorectal adenoma
Ras association domain-containing protein 2	MODIFIED_IN	gastric carcinoma
Ras association domain-containing protein 2	MODIFIED_IN	Ewing sarcoma
Ras association domain-containing protein 2	MODIFIED_IN	gastric neoplasm
Ras association domain-containing protein 2	MODIFIED_IN	lung neoplasm
Ras association domain-containing protein 2	MODIFIED_IN	digestive system neoplasm
Ras association domain-containing protein 2	MODIFIED_IN	colorectal carcinoma
Ras association domain-containing protein 4	MODIFIED_IN	glioma
Ras association domain-containing protein 5	MODIFIED_IN	colorectal neoplasm
Ras association domain-containing protein 5	MODIFIED_IN	glioma
Ras association domain-containing protein 6	MODIFIED_IN	metastatic melanoma
Ras association domain-containing protein 10	MODIFIED_IN	thyroid cancer
Ras association domain-containing protein 10	MODIFIED_IN	gastric cancer
Ras association domain-containing protein 10	MODIFIED_IN	breast carcinoma
Ras association domain-containing protein 10	MODIFIED_IN	cutaneous melanoma
Ras association domain-containing protein 10	MODIFIED_IN	esophageal squamous cell carcinoma
Ras association domain-containing protein 10	MODIFIED_IN	gastric carcinoma
Ras association domain-containing protein 10	MODIFIED_IN	breast cancer
Ras association domain-containing protein 10	MODIFIED_IN	thyroid tumor
Ras association domain-containing protein 10	MODIFIED_IN	thyroid gland carcinoma
Ras association domain-containing protein 10	MODIFIED_IN	glioblastoma
Ras association domain-containing protein 10	MODIFIED_IN	astrocytoma (excluding glioblastoma)
Rab3 GTPase-activating protein catalytic subunit	MODIFIED_IN	colorectal carcinoma
Ras-related protein Rab-40B	MODIFIED_IN	urinary bladder cancer
Ras-related protein Rab-40B	MODIFIED_IN	urinary bladder carcinoma
Ras-related protein Rab-40B	MODIFIED_IN	urinary bladder neoplasm
Ras-related protein Rab-40B	MODIFIED_IN	melanoma
Ras-related protein Rab-40B	MODIFIED_IN	hepatitis C virus infection
Rab3 GTPase-activating protein non-catalytic subunit	MODIFIED_IN	ovarian carcinoma
Rab3 GTPase-activating protein non-catalytic subunit	MODIFIED_IN	ovarian cancer
Retinoblastoma-like protein 1	MODIFIED_IN	breast carcinoma
Retinoblastoma-like protein 1	MODIFIED_IN	breast cancer
Retinoblastoma-like protein 2	MODIFIED_IN	colorectal carcinoma
RNA-binding protein 45	MODIFIED_IN	retinoblastoma
2'-5'-oligoadenylate synthase 2	MODIFIED_IN	squamous cell carcinoma
2-oxoisovalerate dehydrogenase subunit beta, mitochondrial	MODIFIED_IN	systemic lupus erythematosus
Peptidyl-prolyl cis-trans isomerase E	MODIFIED_IN	bipolar disorder
Protein phosphatase 1E	MODIFIED_IN	breast carcinoma
Protein phosphatase 1E	MODIFIED_IN	breast cancer
Protein phosphatase 1 regulatory subunit 1B	MODIFIED_IN	Huntington disease
Protein phosphatase 1 regulatory subunit 3C	MODIFIED_IN	colorectal carcinoma
Protein disulfide-isomerase A3	MODIFIED_IN	carcinoma
Polymerase delta-interacting protein 2	MODIFIED_IN	neoplasm
Polymerase delta-interacting protein 2	MODIFIED_IN	B-cell neoplasm
Serine/threonine-protein kinase PDIK1L	MODIFIED_IN	acute lymphoblastic leukemia
Serine/threonine-protein kinase PDIK1L	MODIFIED_IN	cancer
PDZ and LIM domain protein 2	MODIFIED_IN	urinary bladder cancer
PDZ and LIM domain protein 2	MODIFIED_IN	urinary bladder carcinoma
PDZ and LIM domain protein 2	MODIFIED_IN	urinary bladder neoplasm
PDZ and LIM domain protein 4	MODIFIED_IN	cancer
PDZ and LIM domain protein 4	MODIFIED_IN	acute myeloid leukemia
PDZ and LIM domain protein 4	MODIFIED_IN	myelodysplastic syndrome
[Pyruvate dehydrogenase [acetyl-transferring]]-phosphatase 1, mitochondrial	MODIFIED_IN	leukemia
[Pyruvate dehydrogenase [acetyl-transferring]]-phosphatase 1, mitochondrial	MODIFIED_IN	childhood leukemia
Paternally-expressed gene 3 protein	MODIFIED_IN	oropharynx cancer
Paternally-expressed gene 3 protein	MODIFIED_IN	cervical intraepithelial neoplasia
Paternally-expressed gene 3 protein	MODIFIED_IN	ovarian neoplasm
Paternally-expressed gene 3 protein	MODIFIED_IN	oropharyngeal carcinoma
Proenkephalin-A	MODIFIED_IN	adenocarcinoma
Proenkephalin-A	MODIFIED_IN	exocrine pancreatic carcinoma
Protein PRAC2	MODIFIED_IN	glioma
Proline-rich acidic protein 1	MODIFIED_IN	meningioma
Protein regulator of cytokinesis 1	MODIFIED_IN	colon carcinoma
Protein regulator of cytokinesis 1	MODIFIED_IN	malignant colon neoplasm
Histone-lysine N-methyltransferase PRDM16	MODIFIED_IN	diabetes mellitus
Phosphoribosyltransferase domain-containing protein 1	MODIFIED_IN	squamous cell carcinoma
PR domain zinc finger protein 1	MODIFIED_IN	primary effusion lymphoma
PR domain zinc finger protein 2	MODIFIED_IN	breast carcinoma
PR domain zinc finger protein 2	MODIFIED_IN	gastric carcinoma
PR domain zinc finger protein 2	MODIFIED_IN	breast cancer
PR domain zinc finger protein 2	MODIFIED_IN	acute myeloid leukemia
PR domain zinc finger protein 5	MODIFIED_IN	neoplasm
PR domain zinc finger protein 5	MODIFIED_IN	hepatocellular carcinoma
PR domain zinc finger protein 8	MODIFIED_IN	dyskeratosis congenita
Histone-lysine N-methyltransferase PRDM9	MODIFIED_IN	neoplasm
Peroxiredoxin-1	MODIFIED_IN	glioblastoma
Proline-rich membrane anchor 1	MODIFIED_IN	thyroid cancer
Proline-rich membrane anchor 1	MODIFIED_IN	thyroid tumor
Proline-rich membrane anchor 1	MODIFIED_IN	thyroid gland carcinoma
Protamine-3	MODIFIED_IN	inflammatory bowel disease
One cut domain family member 2	MODIFIED_IN	B-cell neoplasm
Opioid-binding protein/cell adhesion molecule	MODIFIED_IN	ovarian carcinoma
Opioid-binding protein/cell adhesion molecule	MODIFIED_IN	ovarian cancer
Opioid-binding protein/cell adhesion molecule	MODIFIED_IN	classic Hodgkin lymphoma
Opioid-binding protein/cell adhesion molecule	MODIFIED_IN	ovarian neoplasm
Opsin-5	MODIFIED_IN	depressive disorder
RCC1 and BTB domain-containing protein 1	MODIFIED_IN	cardiomyopathy
Double-stranded RNA-specific editase 1	MODIFIED_IN	endometrial carcinoma
Double-stranded RNA-specific editase 1	MODIFIED_IN	endometrial cancer
Lithostathine-1-alpha	MODIFIED_IN	gastric neoplasm
Protein S100-A2	MODIFIED_IN	medulloblastoma
Protein S100-A2	MODIFIED_IN	benign prostatic hyperplasia
Protein S100-A2	MODIFIED_IN	metastatic malignant neoplasm
Protein S100-A14	MODIFIED_IN	lung carcinoma
Protein S100-A14	MODIFIED_IN	lung cancer
Protein S100-A7A	MODIFIED_IN	lung carcinoma
Protein S100-A7A	MODIFIED_IN	lung cancer
Profilin-1	MODIFIED_IN	glioblastoma
Profilin-1	MODIFIED_IN	adult glioblastoma
Profilin-1	MODIFIED_IN	glioma
Prokineticin-1	MODIFIED_IN	exocrine pancreatic carcinoma
Prominin-2	MODIFIED_IN	Alzheimer disease
Prospero homeobox protein 1	MODIFIED_IN	breast neoplasm
Prolactin-releasing peptide	MODIFIED_IN	Alzheimer disease
Transcription factor RelB	MODIFIED_IN	arthritic joint disease
Transcription factor RelB	MODIFIED_IN	B-cell chronic lymphocytic leukemia
Reelin	MODIFIED_IN	gastric carcinoma
RE1-silencing transcription factor	MODIFIED_IN	nervous system disorder
Retinol-binding protein 1	MODIFIED_IN	urinary bladder cancer
Retinol-binding protein 1	MODIFIED_IN	urinary bladder carcinoma
Retinol-binding protein 1	MODIFIED_IN	urinary bladder neoplasm
Retinol-binding protein 2	MODIFIED_IN	medulloblastoma
Reticulophagy regulator 1	MODIFIED_IN	colon carcinoma
Reticulophagy regulator 1	MODIFIED_IN	adenocarcinoma
Reticulophagy regulator 1	MODIFIED_IN	adenoma
Reticulophagy regulator 1	MODIFIED_IN	colorectal adenoma
Reticulophagy regulator 1	MODIFIED_IN	malignant colon neoplasm
DNA polymerase zeta catalytic subunit	MODIFIED_IN	head and neck squamous cell carcinoma
RNA exonuclease 1 homolog	MODIFIED_IN	neoplasm
Replication factor C subunit 1	MODIFIED_IN	diffuse large B-cell lymphoma
Rab11 family-interacting protein 2	MODIFIED_IN	non-small cell lung carcinoma
Hemojuvelin	MODIFIED_IN	myelodysplastic syndrome
Ras-specific guanine nucleotide-releasing factor 1	MODIFIED_IN	gastric cancer
Ras-specific guanine nucleotide-releasing factor 1	MODIFIED_IN	epilepsy
Ras-specific guanine nucleotide-releasing factor 1	MODIFIED_IN	gastric carcinoma
Ras-specific guanine nucleotide-releasing factor 2	MODIFIED_IN	small cell lung carcinoma
Ras-specific guanine nucleotide-releasing factor 2	MODIFIED_IN	non-small cell lung carcinoma
Ras-specific guanine nucleotide-releasing factor 2	MODIFIED_IN	lung neoplasm
Regulator of G-protein signaling 10	MODIFIED_IN	neoplasm
Platelet-derived growth factor receptor-like protein	MODIFIED_IN	carcinoma
Phosphatase and actin regulator 3	MODIFIED_IN	colorectal carcinoma
Phosphoinositide 3-kinase regulatory subunit 4	MODIFIED_IN	ovarian carcinoma
Phosphoinositide 3-kinase regulatory subunit 4	MODIFIED_IN	ovarian cancer
Phosphatidylinositol 4-phosphate 5-kinase type-1 beta	MODIFIED_IN	Friedreich ataxia
Serine protease 55	MODIFIED_IN	neuroblastoma
Serine protease 55	MODIFIED_IN	squamous cell carcinoma
Serine protease 56	MODIFIED_IN	myopia
26S proteasome regulatory subunit 6B	MODIFIED_IN	neoplasm
Parvalbumin alpha	MODIFIED_IN	major depressive disorder
Parvalbumin alpha	MODIFIED_IN	nervous system disorder
PTPN13-like protein, Y-linked	MODIFIED_IN	prostate carcinoma
PTPN13-like protein, Y-linked	MODIFIED_IN	prostate cancer
PH and SEC7 domain-containing protein 1	MODIFIED_IN	ulcerative colitis
DNA replication complex GINS protein PSF3	MODIFIED_IN	colorectal carcinoma
26S proteasome non-ATPase regulatory subunit 2	MODIFIED_IN	squamous cell carcinoma
26S proteasome non-ATPase regulatory subunit 2	MODIFIED_IN	cervical intraepithelial neoplasia
26S proteasome non-ATPase regulatory subunit 9	MODIFIED_IN	bone osteosarcoma
26S proteasome non-ATPase regulatory subunit 9	MODIFIED_IN	plasma cell myeloma
26S proteasome non-ATPase regulatory subunit 9	MODIFIED_IN	osteosarcoma
Scm-like with four MBT domains protein 1	MODIFIED_IN	cancer
Structural maintenance of chromosomes protein 1A	MODIFIED_IN	ataxia telangiectasia
Structural maintenance of chromosomes protein 1A	MODIFIED_IN	systemic lupus erythematosus
SWI/SNF-related matrix-associated actin-dependent regulator of chromatin subfamily A member 2	MODIFIED_IN	clear cell renal carcinoma
SWI/SNF-related matrix-associated actin-dependent regulator of chromatin subfamily A member 5	MODIFIED_IN	gastric cancer
SWI/SNF-related matrix-associated actin-dependent regulator of chromatin subfamily A member 5	MODIFIED_IN	gastric carcinoma
Small nuclear ribonucleoprotein Sm D3	MODIFIED_IN	lung carcinoma
Small nuclear ribonucleoprotein Sm D3	MODIFIED_IN	lung cancer
Rho-related BTB domain-containing protein 2	MODIFIED_IN	urinary bladder cancer
Rho-related BTB domain-containing protein 2	MODIFIED_IN	urinary bladder carcinoma
Rho-related BTB domain-containing protein 2	MODIFIED_IN	urinary bladder neoplasm
Rho-related BTB domain-containing protein 2	MODIFIED_IN	breast neoplasm
GTP-binding protein Rheb	MODIFIED_IN	tuberous sclerosis 2
Rho GTPase-activating protein 22	MODIFIED_IN	melanoma
Rho GTPase-activating protein 24	MODIFIED_IN	myelodysplastic syndrome
Rho GTPase-activating protein 29	MODIFIED_IN	mantle cell lymphoma
Pituitary homeobox 2	MODIFIED_IN	prostate carcinoma
Pituitary homeobox 2	MODIFIED_IN	prostate cancer
Pituitary homeobox 2	MODIFIED_IN	head and neck squamous cell carcinoma
Pituitary homeobox 2	MODIFIED_IN	breast neoplasm
Pituitary homeobox 2	MODIFIED_IN	colorectal carcinoma
Piwi-like protein 4	MODIFIED_IN	obesity disorder
SWI/SNF-related matrix-associated actin-dependent regulator of chromatin subfamily B member 1	MODIFIED_IN	neuroblastoma
Sorting nexin-1	MODIFIED_IN	lung carcinoma
Sorting nexin-1	MODIFIED_IN	lung cancer
Suppressor of cytokine signaling 5	MODIFIED_IN	T-cell acute lymphoblastic leukemia
Extracellular superoxide dismutase [Cu-Zn]	MODIFIED_IN	breast carcinoma
Extracellular superoxide dismutase [Cu-Zn]	MODIFIED_IN	breast cancer
Solute carrier family 67 member A1	MODIFIED_IN	hepatocellular carcinoma
Tyrosine-protein phosphatase non-receptor type 12	MODIFIED_IN	hereditary leiomyomatosis and renal cell cancer
Tyrosine-protein phosphatase non-receptor type 3	MODIFIED_IN	breast carcinoma
Tyrosine-protein phosphatase non-receptor type 3	MODIFIED_IN	cancer
Tyrosine-protein phosphatase non-receptor type 3	MODIFIED_IN	breast cancer
Serine/threonine-protein phosphatase 2A activator	MODIFIED_IN	B-cell chronic lymphocytic leukemia
Receptor-type tyrosine-protein phosphatase N2	MODIFIED_IN	metabolic disease
Receptor-type tyrosine-protein phosphatase delta	MODIFIED_IN	cancer
Receptor-type tyrosine-protein phosphatase delta	MODIFIED_IN	neoplasm
Receptor-type tyrosine-protein phosphatase delta	MODIFIED_IN	laryngeal squamous cell carcinoma
Receptor-type tyrosine-protein phosphatase gamma	MODIFIED_IN	childhood acute lymphoblastic leukemia
Receptor-type tyrosine-protein phosphatase gamma	MODIFIED_IN	acute lymphoblastic leukemia
Receptor-type tyrosine-protein phosphatase gamma	MODIFIED_IN	adenoma
Receptor-type tyrosine-protein phosphatase gamma	MODIFIED_IN	Lynch syndrome
Receptor-type tyrosine-protein phosphatase gamma	MODIFIED_IN	gastric carcinoma
Receptor-type tyrosine-protein phosphatase gamma	MODIFIED_IN	primary cutaneous T-cell lymphoma
Receptor-type tyrosine-protein phosphatase gamma	MODIFIED_IN	gastric neoplasm
Receptor-type tyrosine-protein phosphatase gamma	MODIFIED_IN	colorectal carcinoma
Receptor-type tyrosine-protein phosphatase gamma	MODIFIED_IN	hereditary nonpolyposis colon cancer
Receptor-type tyrosine-protein phosphatase H	MODIFIED_IN	lung adenocarcinoma
Receptor-type tyrosine-protein phosphatase kappa	MODIFIED_IN	T-cell non-Hodgkin lymphoma
Receptor-type tyrosine-protein phosphatase mu	MODIFIED_IN	colon carcinoma
Receptor-type tyrosine-protein phosphatase mu	MODIFIED_IN	malignant colon neoplasm
Receptor-type tyrosine-protein phosphatase O	MODIFIED_IN	HER2 positive breast carcinoma
Receptor-type tyrosine-protein phosphatase O	MODIFIED_IN	lung neoplasm
RIB43A-like with coiled-coils protein 2	MODIFIED_IN	ulcerative colitis
Ribosomal oxygenase 1	MODIFIED_IN	clear cell renal carcinoma
Spermatogenesis- and oogenesis-specific basic helix-loop-helix-containing protein 2	MODIFIED_IN	ovarian cancer
Spermatogenesis- and oogenesis-specific basic helix-loop-helix-containing protein 2	MODIFIED_IN	ovarian neoplasm
Sortilin-related receptor	MODIFIED_IN	plasma cell myeloma
SOSS complex subunit B2	MODIFIED_IN	esophageal squamous cell carcinoma
Sclerostin domain-containing protein 1	MODIFIED_IN	prostate carcinoma
Sclerostin domain-containing protein 1	MODIFIED_IN	prostate cancer
Transcription factor SOX-10	MODIFIED_IN	Hirschsprung disease
Transcription factor SOX-11	MODIFIED_IN	prostate carcinoma
Transcription factor SOX-11	MODIFIED_IN	benign prostatic hyperplasia
Transcription factor SOX-11	MODIFIED_IN	prostate cancer
Transcription factor SOX-15	MODIFIED_IN	pancreatic neoplasm
Transcription factor SOX-17	MODIFIED_IN	thyroid cancer
Transcription factor SOX-17	MODIFIED_IN	gastric cancer
Transcription factor SOX-17	MODIFIED_IN	adenocarcinoma
Transcription factor SOX-17	MODIFIED_IN	non-small cell lung carcinoma
Transcription factor SOX-17	MODIFIED_IN	gastric carcinoma
Transcription factor SOX-17	MODIFIED_IN	thyroid tumor
Transcription factor SOX-17	MODIFIED_IN	thyroid gland carcinoma
Transcription factor SOX-1	MODIFIED_IN	liver cancer
Transcription factor SOX-1	MODIFIED_IN	urinary bladder cancer
Transcription factor SOX-1	MODIFIED_IN	urinary bladder carcinoma
Transcription factor SOX-1	MODIFIED_IN	urinary bladder neoplasm
Transcription factor SOX-1	MODIFIED_IN	lung carcinoma
Transcription factor SOX-1	MODIFIED_IN	ovarian carcinoma
Transcription factor SOX-1	MODIFIED_IN	lung cancer
Transcription factor SOX-1	MODIFIED_IN	ovarian cancer
Transcription factor SOX-1	MODIFIED_IN	adult hepatocellular carcinoma
Transcription factor SOX-1	MODIFIED_IN	nasopharyngeal carcinoma
Transcription factor SOX-1	MODIFIED_IN	ovarian neoplasm
Transcription factor SOX-7	MODIFIED_IN	myelodysplastic syndrome
Transcription factor SOX-9	MODIFIED_IN	intervertebral disk degenerative disorder
Receptor-type tyrosine-protein phosphatase T	MODIFIED_IN	head and neck carcinoma
Receptor-type tyrosine-protein phosphatase T	MODIFIED_IN	non-small cell lung carcinoma
Receptor-type tyrosine-protein phosphatase T	MODIFIED_IN	head and neck cancer
Securin	MODIFIED_IN	exocrine pancreatic carcinoma
PWWP domain-containing DNA repair factor 3A	MODIFIED_IN	Epstein-Barr virus infection
Peroxisomal membrane protein 4	MODIFIED_IN	prostate carcinoma
Peroxisomal membrane protein 4	MODIFIED_IN	prostate cancer
Pyruvate carboxylase, mitochondrial	MODIFIED_IN	B-cell neoplasm
Pygopus homolog 2	MODIFIED_IN	B-cell neoplasm
Sal-like protein 1	MODIFIED_IN	carcinoma
Sal-like protein 1	MODIFIED_IN	colorectal carcinoma
Sal-like protein 3	MODIFIED_IN	cervical cancer
Sal-like protein 3	MODIFIED_IN	neoplasm
Sal-like protein 3	MODIFIED_IN	cervical carcinoma
Sal-like protein 3	MODIFIED_IN	human papilloma virus infection
Sal-like protein 3	MODIFIED_IN	thymic carcinoma
Sterile alpha motif domain-containing protein 14	MODIFIED_IN	adenocarcinoma
Sterile alpha motif domain-containing protein 14	MODIFIED_IN	adenocarcinoma in situ
Deoxynucleoside triphosphate triphosphohydrolase SAMHD1	MODIFIED_IN	lung adenocarcinoma
Deoxynucleoside triphosphate triphosphohydrolase SAMHD1	MODIFIED_IN	hepatitis B virus infection
NAD(+) hydrolase SARM1	MODIFIED_IN	Parkinson disease
SAM and SH3 domain-containing protein 1	MODIFIED_IN	hepatocellular carcinoma
Thialysine N-epsilon-acetyltransferase	MODIFIED_IN	adenocarcinoma
Thialysine N-epsilon-acetyltransferase	MODIFIED_IN	adenoma
Thialysine N-epsilon-acetyltransferase	MODIFIED_IN	hepatocellular carcinoma
Large ribosomal subunit protein bL28m	MODIFIED_IN	childhood acute lymphoblastic leukemia
Large ribosomal subunit protein bL28m	MODIFIED_IN	acute lymphoblastic leukemia
Large ribosomal subunit protein bL28m	MODIFIED_IN	breast carcinoma
Large ribosomal subunit protein bL28m	MODIFIED_IN	acute monocytic leukemia
Large ribosomal subunit protein bL28m	MODIFIED_IN	plasma cell myeloma
Large ribosomal subunit protein bL28m	MODIFIED_IN	breast cancer
Large ribosomal subunit protein bL28m	MODIFIED_IN	head and neck squamous cell carcinoma
Large ribosomal subunit protein bL28m	MODIFIED_IN	acute promyelocytic leukemia
Large ribosomal subunit protein bL28m	MODIFIED_IN	acute myeloid leukemia
Large ribosomal subunit protein bL28m	MODIFIED_IN	myelodysplastic syndrome
Large ribosomal subunit protein bL28m	MODIFIED_IN	follicular lymphoma
Large ribosomal subunit protein bL28m	MODIFIED_IN	ovarian neoplasm
Spartin	MODIFIED_IN	gastritis
Spartin	MODIFIED_IN	adenoma
Spartin	MODIFIED_IN	diffuse large B-cell lymphoma
Spartin	MODIFIED_IN	follicular lymphoma
Kunitz-type protease inhibitor 2	MODIFIED_IN	gastric cancer
Kunitz-type protease inhibitor 2	MODIFIED_IN	cervical cancer
Kunitz-type protease inhibitor 2	MODIFIED_IN	cervical carcinoma
Kunitz-type protease inhibitor 2	MODIFIED_IN	esophageal squamous cell carcinoma
Kunitz-type protease inhibitor 2	MODIFIED_IN	gastric carcinoma
Kunitz-type protease inhibitor 2	MODIFIED_IN	adult glioblastoma
DNA repair protein RAD51 homolog 3	MODIFIED_IN	carcinoma
Ras-related protein Rab-32	MODIFIED_IN	gastric cancer
Ras-related protein Rab-32	MODIFIED_IN	adenocarcinoma
Ras-related protein Rab-32	MODIFIED_IN	endometrial carcinoma
Ras-related protein Rab-32	MODIFIED_IN	gastric carcinoma
Ras-related protein Rab-37	MODIFIED_IN	non-small cell lung carcinoma
Ras-related protein Rab-4A	MODIFIED_IN	systemic lupus erythematosus
Ras-related protein Rab-5A	MODIFIED_IN	bronchitis
Ras-related protein Rab-6C	MODIFIED_IN	breast carcinoma
Ras-related protein Rab-6C	MODIFIED_IN	breast cancer
Ras-related protein Rab-6C	MODIFIED_IN	breast neoplasm
Chemokine-like protein TAFA-4	MODIFIED_IN	cancer
Antigen peptide transporter 2	MODIFIED_IN	clear cell renal carcinoma
Antigen peptide transporter 2	MODIFIED_IN	renal cell carcinoma
TBC1 domain family member 16	MODIFIED_IN	neoplasm
E3 ubiquitin-protein ligase RNF123	MODIFIED_IN	cancer
E3 ubiquitin-protein ligase RNF19A	MODIFIED_IN	neoplasm
E3 ubiquitin-protein ligase RNF19A	MODIFIED_IN	B-cell neoplasm
Ran-binding protein 6	MODIFIED_IN	glioblastoma
E3 ubiquitin-protein ligase RNF8	MODIFIED_IN	triple-negative breast carcinoma
Ribonuclease H2 subunit A	MODIFIED_IN	glioblastoma
Ribonuclease H2 subunit A	MODIFIED_IN	adult glioblastoma
Ribonuclease H2 subunit C	MODIFIED_IN	breast neoplasm
Sprouty-related, EVH1 domain-containing protein 1	MODIFIED_IN	acute myeloid leukemia
SPARC-like protein 1	MODIFIED_IN	transitional cell carcinoma
SPARC-like protein 1	MODIFIED_IN	urothelial carcinoma
Scavenger receptor class A member 5	MODIFIED_IN	liver cancer
Scavenger receptor class A member 5	MODIFIED_IN	carcinoma of liver and intrahepatic biliary tract
Secretogranin-1	MODIFIED_IN	ovarian neoplasm
Epithelial sodium channel subunit beta	MODIFIED_IN	renal cell carcinoma
Protein SCO2 homolog, mitochondrial	MODIFIED_IN	squamous cell carcinoma
Secretin receptor	MODIFIED_IN	adenoma
Secretin receptor	MODIFIED_IN	colorectal carcinoma
Succinate dehydrogenase [ubiquinone] iron-sulfur subunit, mitochondrial	MODIFIED_IN	gastric cancer
Protein TOPAZ1	MODIFIED_IN	neoplasm
TOX high mobility group box family member 2	MODIFIED_IN	cancer
Thymocyte selection-associated high mobility group box protein TOX	MODIFIED_IN	primary central nervous system lymphoma
Thymocyte selection-associated high mobility group box protein TOX	MODIFIED_IN	breast cancer
TBC1 domain family member 1	MODIFIED_IN	diabetes mellitus
TBC1 domain family member 9	MODIFIED_IN	benign prostatic hyperplasia
T-box transcription factor TBX20	MODIFIED_IN	tetralogy of fallot
T-box transcription factor TBX22	MODIFIED_IN	isolated cleft palate
T-box transcription factor TBX22	MODIFIED_IN	cleft palate
T-box transcription factor TBX2	MODIFIED_IN	urinary bladder cancer
T-box transcription factor TBX2	MODIFIED_IN	urinary bladder carcinoma
T-box transcription factor TBX2	MODIFIED_IN	urinary bladder neoplasm
T-box transcription factor TBX2	MODIFIED_IN	hepatocellular carcinoma
T-box transcription factor TBX3	MODIFIED_IN	urinary bladder cancer
T-box transcription factor TBX3	MODIFIED_IN	urinary bladder carcinoma
T-box transcription factor TBX3	MODIFIED_IN	urinary bladder neoplasm
T-box transcription factor TBX5	MODIFIED_IN	colonic neoplasm
TIR domain-containing adapter molecule 2	MODIFIED_IN	bone osteosarcoma
TIR domain-containing adapter molecule 2	MODIFIED_IN	plasma cell myeloma
TIR domain-containing adapter molecule 2	MODIFIED_IN	osteosarcoma
Transcription factor 21	MODIFIED_IN	urinary bladder cancer
Transcription factor 21	MODIFIED_IN	urinary bladder carcinoma
Transcription factor 21	MODIFIED_IN	urinary bladder neoplasm
Transcription factor 21	MODIFIED_IN	clear cell renal carcinoma
Transcription factor 21	MODIFIED_IN	lung carcinoma
Transcription factor 21	MODIFIED_IN	prostate carcinoma
Transcription factor 21	MODIFIED_IN	non-small cell lung carcinoma
Transcription factor 21	MODIFIED_IN	lung cancer
Transcription factor 21	MODIFIED_IN	prostate cancer
Transcription factor 21	MODIFIED_IN	head and neck squamous cell carcinoma
Transcription factor 7	MODIFIED_IN	lung cancer
Trichoplein keratin filament-binding protein	MODIFIED_IN	gastric cancer
Trichoplein keratin filament-binding protein	MODIFIED_IN	Kaposi's sarcoma
Trichoplein keratin filament-binding protein	MODIFIED_IN	gastric carcinoma
Transcriptional and immune response regulator	MODIFIED_IN	pulmonary fibrosis
Activated RNA polymerase II transcriptional coactivator p15	MODIFIED_IN	childhood acute lymphoblastic leukemia
Activated RNA polymerase II transcriptional coactivator p15	MODIFIED_IN	urinary bladder cancer
Activated RNA polymerase II transcriptional coactivator p15	MODIFIED_IN	acute lymphoblastic leukemia
Activated RNA polymerase II transcriptional coactivator p15	MODIFIED_IN	adenocarcinoma
Activated RNA polymerase II transcriptional coactivator p15	MODIFIED_IN	urinary bladder carcinoma
Activated RNA polymerase II transcriptional coactivator p15	MODIFIED_IN	urinary bladder neoplasm
Activated RNA polymerase II transcriptional coactivator p15	MODIFIED_IN	acute monocytic leukemia
Activated RNA polymerase II transcriptional coactivator p15	MODIFIED_IN	plasma cell myeloma
Activated RNA polymerase II transcriptional coactivator p15	MODIFIED_IN	lung cancer
Activated RNA polymerase II transcriptional coactivator p15	MODIFIED_IN	head and neck squamous cell carcinoma
Activated RNA polymerase II transcriptional coactivator p15	MODIFIED_IN	acute promyelocytic leukemia
Activated RNA polymerase II transcriptional coactivator p15	MODIFIED_IN	acute myeloid leukemia
Activated RNA polymerase II transcriptional coactivator p15	MODIFIED_IN	myelodysplastic syndrome
Activated RNA polymerase II transcriptional coactivator p15	MODIFIED_IN	ovarian neoplasm
Transcription elongation regulator 1-like protein	MODIFIED_IN	cancer
Transcription elongation regulator 1-like protein	MODIFIED_IN	ulcerative colitis
Transcription elongation regulator 1-like protein	MODIFIED_IN	Cowden disease
Rap guanine nucleotide exchange factor 1	MODIFIED_IN	ovarian cancer
Ribonuclease P protein subunit p14	MODIFIED_IN	urinary bladder cancer
Ribonuclease P protein subunit p14	MODIFIED_IN	adenocarcinoma
Ribonuclease P protein subunit p14	MODIFIED_IN	urinary bladder carcinoma
Ribonuclease P protein subunit p14	MODIFIED_IN	urinary bladder neoplasm
Ribonuclease P protein subunit p14	MODIFIED_IN	lung carcinoma
Ribonuclease P protein subunit p14	MODIFIED_IN	plasma cell myeloma
Ribonuclease P protein subunit p14	MODIFIED_IN	lung cancer
Ribonuclease P protein subunit p14	MODIFIED_IN	acute promyelocytic leukemia
Ribonuclease P protein subunit p14	MODIFIED_IN	acute myeloid leukemia
Ribonuclease P protein subunit p14	MODIFIED_IN	colorectal carcinoma
Protein reprimo	MODIFIED_IN	gastric cancer
Protein reprimo	MODIFIED_IN	gastric carcinoma
Protein reprimo	MODIFIED_IN	acute monocytic leukemia
Protein reprimo	MODIFIED_IN	acute myeloid leukemia
Protein reprimo	MODIFIED_IN	gastric neoplasm
Regulatory-associated protein of mTOR	MODIFIED_IN	tuberous sclerosis
Ras-related protein R-Ras	MODIFIED_IN	nasopharyngeal carcinoma
DNA nucleotidylexotransferase	MODIFIED_IN	leukemia
DNA nucleotidylexotransferase	MODIFIED_IN	childhood leukemia
Transcriptional enhancer factor TEF-3	MODIFIED_IN	gastric carcinoma
Tomoregulin-2	MODIFIED_IN	colon carcinoma
Tomoregulin-2	MODIFIED_IN	adenocarcinoma
Tomoregulin-2	MODIFIED_IN	clear cell renal carcinoma
Tomoregulin-2	MODIFIED_IN	renal cell carcinoma
Tomoregulin-2	MODIFIED_IN	non-small cell lung carcinoma
Tomoregulin-2	MODIFIED_IN	colorectal neoplasm
Tomoregulin-2	MODIFIED_IN	endometrial cancer
Tomoregulin-2	MODIFIED_IN	Barrett esophagus
Tomoregulin-2	MODIFIED_IN	androgen insensitivity syndrome
Tomoregulin-2	MODIFIED_IN	malignant colon neoplasm
Tomoregulin-2	MODIFIED_IN	gastric neoplasm
Tomoregulin-2	MODIFIED_IN	neoplasm of esophagus
Tenascin-X	MODIFIED_IN	anorexia nervosa
Testisin	MODIFIED_IN	neoplasm
Testin	MODIFIED_IN	ovarian carcinoma
Testin	MODIFIED_IN	endometrial carcinoma
Testin	MODIFIED_IN	ovarian cancer
Testin	MODIFIED_IN	endometrial cancer
Testin	MODIFIED_IN	ovarian neoplasm
Methylcytosine dioxygenase TET1	MODIFIED_IN	non-small cell lung carcinoma
Methylcytosine dioxygenase TET1	MODIFIED_IN	glioma
Methylcytosine dioxygenase TET1	MODIFIED_IN	metastatic malignant neoplasm
Methylcytosine dioxygenase TET3	MODIFIED_IN	head and neck carcinoma
Methylcytosine dioxygenase TET3	MODIFIED_IN	head and neck cancer
Methylcytosine dioxygenase TET3	MODIFIED_IN	myeloproliferative neoplasm
Semaphorin-3B	MODIFIED_IN	adenocarcinoma
Semaphorin-3B	MODIFIED_IN	squamous cell carcinoma
Semaphorin-3B	MODIFIED_IN	gallbladder carcinoma
Semaphorin-3B	MODIFIED_IN	lung disorder
Semaphorin-3B	MODIFIED_IN	cholangiocarcinoma
Semaphorin-6A	MODIFIED_IN	gastric cancer
Semaphorin-6A	MODIFIED_IN	gastric carcinoma
Semenogelin-1	MODIFIED_IN	ovarian cancer
Semenogelin-1	MODIFIED_IN	ovarian neoplasm
Tropomyosin alpha-1 chain	MODIFIED_IN	psoriasis
Tropomyosin beta chain	MODIFIED_IN	colon carcinoma
Tropomyosin beta chain	MODIFIED_IN	malignant colon neoplasm
Trafficking protein particle complex subunit 9	MODIFIED_IN	adenoma
Tumor necrosis factor receptor superfamily member 10C	MODIFIED_IN	urinary bladder cancer
Tumor necrosis factor receptor superfamily member 10C	MODIFIED_IN	adenocarcinoma
Tumor necrosis factor receptor superfamily member 10C	MODIFIED_IN	urinary bladder carcinoma
Tumor necrosis factor receptor superfamily member 10C	MODIFIED_IN	urinary bladder neoplasm
Tumor necrosis factor receptor superfamily member 10C	MODIFIED_IN	leukemia
Tumor necrosis factor receptor superfamily member 10C	MODIFIED_IN	lymphoma
Tumor necrosis factor receptor superfamily member 10C	MODIFIED_IN	neuroblastoma
Tumor necrosis factor receptor superfamily member 10C	MODIFIED_IN	ovarian carcinoma
Tumor necrosis factor receptor superfamily member 10C	MODIFIED_IN	malignant mesothelioma
Tumor necrosis factor receptor superfamily member 10C	MODIFIED_IN	childhood leukemia
Tumor necrosis factor receptor superfamily member 10C	MODIFIED_IN	congenital contractural arachnodactyly
Tumor necrosis factor receptor superfamily member 10C	MODIFIED_IN	pediatric lymphoma
Tumor necrosis factor receptor superfamily member 10C	MODIFIED_IN	adult lymphoma
Tumor necrosis factor receptor superfamily member 10C	MODIFIED_IN	plasma cell myeloma
Tumor necrosis factor receptor superfamily member 10C	MODIFIED_IN	ovarian cancer
Tumor necrosis factor receptor superfamily member 10D	MODIFIED_IN	neuroblastoma
Tumor necrosis factor receptor superfamily member 10D	MODIFIED_IN	melanoma
Tumor necrosis factor receptor superfamily member 10D	MODIFIED_IN	malignant mesothelioma
TNF receptor-associated factor 1	MODIFIED_IN	carcinoma
TNF receptor-associated factor 1	MODIFIED_IN	colorectal carcinoma
TNF receptor-associated factor 2	MODIFIED_IN	lymphoma
Three prime repair exonuclease 2	MODIFIED_IN	laryngeal carcinoma
Small ribosomal subunit protein eS6	MODIFIED_IN	esophageal squamous cell carcinoma
Small nuclear ribonucleoprotein-associated protein N	MODIFIED_IN	breast carcinoma
Small nuclear ribonucleoprotein-associated protein N	MODIFIED_IN	teratoma
Small nuclear ribonucleoprotein-associated protein N	MODIFIED_IN	breast cancer
Radial spoke head protein 9 homolog	MODIFIED_IN	urinary bladder cancer
Radial spoke head protein 9 homolog	MODIFIED_IN	urinary bladder carcinoma
Radial spoke head protein 9 homolog	MODIFIED_IN	urinary bladder neoplasm
Sentrin-specific protease 6	MODIFIED_IN	hepatocellular carcinoma
Septin-9	MODIFIED_IN	colon adenocarcinoma
Septin-9	MODIFIED_IN	lung carcinoma
Septin-9	MODIFIED_IN	colorectal neoplasm
Septin-9	MODIFIED_IN	colorectal adenoma
Septin-9	MODIFIED_IN	lung cancer
Septin-9	MODIFIED_IN	hepatocellular carcinoma
Sestrin-3	MODIFIED_IN	cancer
Histone-lysine N-methyltransferase SETD1A	MODIFIED_IN	lung carcinoma
Histone-lysine N-methyltransferase SETD1A	MODIFIED_IN	hepatitis B virus infection
Histone-lysine N-methyltransferase SETD1A	MODIFIED_IN	lung cancer
N-lysine methyltransferase SETD6	MODIFIED_IN	breast carcinoma
N-lysine methyltransferase SETD6	MODIFIED_IN	breast cancer
Protein SET	MODIFIED_IN	osteoarthritis
Splicing factor 3B subunit 6	MODIFIED_IN	urinary bladder cancer
Splicing factor 3B subunit 6	MODIFIED_IN	adenocarcinoma
Splicing factor 3B subunit 6	MODIFIED_IN	urinary bladder carcinoma
Splicing factor 3B subunit 6	MODIFIED_IN	urinary bladder neoplasm
Splicing factor 3B subunit 6	MODIFIED_IN	lung carcinoma
Splicing factor 3B subunit 6	MODIFIED_IN	plasma cell myeloma
Splicing factor 3B subunit 6	MODIFIED_IN	lung cancer
Splicing factor 3B subunit 6	MODIFIED_IN	acute promyelocytic leukemia
Splicing factor 3B subunit 6	MODIFIED_IN	acute myeloid leukemia
Splicing factor 3B subunit 6	MODIFIED_IN	colorectal carcinoma
Pulmonary surfactant-associated protein A2	MODIFIED_IN	squamous cell carcinoma
Secreted frizzled-related protein 1	MODIFIED_IN	adenocarcinoma
Secreted frizzled-related protein 1	MODIFIED_IN	renal cell carcinoma
Secreted frizzled-related protein 1	MODIFIED_IN	colorectal neoplasm
Secreted frizzled-related protein 1	MODIFIED_IN	pancreatic neoplasm
Secreted frizzled-related protein 1	MODIFIED_IN	malignant colon neoplasm
Secreted frizzled-related protein 2	MODIFIED_IN	adenocarcinoma
Secreted frizzled-related protein 2	MODIFIED_IN	carcinoma
Secreted frizzled-related protein 2	MODIFIED_IN	squamous cell carcinoma
Secreted frizzled-related protein 2	MODIFIED_IN	colorectal neoplasm
Secreted frizzled-related protein 2	MODIFIED_IN	esophageal squamous cell carcinoma
Secreted frizzled-related protein 2	MODIFIED_IN	glioblastoma
Secreted frizzled-related protein 3	MODIFIED_IN	esophageal adenocarcinoma
Secreted frizzled-related protein 3	MODIFIED_IN	leukemia
Secreted frizzled-related protein 3	MODIFIED_IN	melanoma
Secreted frizzled-related protein 3	MODIFIED_IN	hepatocellular carcinoma
Secreted frizzled-related protein 3	MODIFIED_IN	Barrett esophagus
Secreted frizzled-related protein 3	MODIFIED_IN	acute myeloid leukemia
Secreted frizzled-related protein 5	MODIFIED_IN	adenocarcinoma
Secreted frizzled-related protein 5	MODIFIED_IN	cancer
Secreted frizzled-related protein 5	MODIFIED_IN	renal cell carcinoma
Secreted frizzled-related protein 5	MODIFIED_IN	squamous cell carcinoma
Secreted frizzled-related protein 5	MODIFIED_IN	colorectal neoplasm
Secreted frizzled-related protein 5	MODIFIED_IN	plasma cell myeloma
Secreted frizzled-related protein 5	MODIFIED_IN	pancreatic neoplasm
Secreted frizzled-related protein 5	MODIFIED_IN	breast neoplasm
Secretoglobin family 3A member 1	MODIFIED_IN	small cell lung carcinoma
Secretoglobin family 3A member 1	MODIFIED_IN	cancer
Secretoglobin family 3A member 1	MODIFIED_IN	lymphoma
Secretoglobin family 3A member 1	MODIFIED_IN	malignant mesothelioma
Secretoglobin family 3A member 1	MODIFIED_IN	retinoblastoma
Secretoglobin family 3A member 1	MODIFIED_IN	nasopharyngeal carcinoma
Secretoglobin family 3A member 1	MODIFIED_IN	Niemann-Pick disease type C
Transcription factor CP2-like protein 1	MODIFIED_IN	urinary bladder cancer
Transcription factor A, mitochondrial	MODIFIED_IN	chronic obstructive pulmonary disease
Trefoil factor 2	MODIFIED_IN	gastric neoplasm
Tumor necrosis factor alpha-induced protein 8	MODIFIED_IN	prostate neoplasm
Tissue factor pathway inhibitor 2	MODIFIED_IN	carcinoma
Tissue factor pathway inhibitor 2	MODIFIED_IN	cervical cancer
Tissue factor pathway inhibitor 2	MODIFIED_IN	cervical carcinoma
Tissue factor pathway inhibitor 2	MODIFIED_IN	non-small cell lung carcinoma
Tissue factor pathway inhibitor 2	MODIFIED_IN	breast neoplasm
Transferrin receptor protein 2	MODIFIED_IN	glycogen storage disease II
THAP domain-containing protein 10	MODIFIED_IN	breast carcinoma
THAP domain-containing protein 10	MODIFIED_IN	breast cancer
THAP domain-containing protein 10	MODIFIED_IN	breast neoplasm
E3 ubiquitin-protein ligase TRIM36	MODIFIED_IN	non-small cell lung carcinoma
E3 ubiquitin-protein ligase TRIM58	MODIFIED_IN	lung adenocarcinoma
E3 ubiquitin-protein ligase TRIM58	MODIFIED_IN	lung carcinoma
E3 ubiquitin-protein ligase TRIM58	MODIFIED_IN	lung cancer
GSK3B-interacting protein	MODIFIED_IN	hepatocellular carcinoma
Glutathione S-transferase Mu 2	MODIFIED_IN	prostate carcinoma
Glutathione S-transferase Mu 2	MODIFIED_IN	prostate cancer
Glutathione S-transferase Mu 3	MODIFIED_IN	chronic hepatitis B virus infection
Protein sprouty homolog 2	MODIFIED_IN	liver cancer
Protein sprouty homolog 2	MODIFIED_IN	lymphoma
Protein sprouty homolog 2	MODIFIED_IN	carcinoma of liver and intrahepatic biliary tract
Protein sprouty homolog 2	MODIFIED_IN	prostate neoplasm
Spermatogenic leucine zipper protein 1	MODIFIED_IN	neuroblastoma
Spermatogenic leucine zipper protein 1	MODIFIED_IN	squamous cell carcinoma
Steroid receptor-associated and regulated protein	MODIFIED_IN	cancer
Src substrate cortactin	MODIFIED_IN	cancer
Serine/arginine-rich splicing factor 1	MODIFIED_IN	childhood acute lymphoblastic leukemia
SERTA domain-containing protein 1	MODIFIED_IN	colon carcinoma
SERTA domain-containing protein 1	MODIFIED_IN	malignant colon neoplasm
Single-stranded DNA-binding protein 2	MODIFIED_IN	cholecystitis
Single-stranded DNA-binding protein 2	MODIFIED_IN	cancer
Single-stranded DNA-binding protein 2	MODIFIED_IN	gallbladder carcinoma
Single-stranded DNA-binding protein 2	MODIFIED_IN	gallbladder cancer
Acyl-coenzyme A thioesterase THEM4	MODIFIED_IN	glioblastoma
Thrombospondin type-1 domain-containing protein 1	MODIFIED_IN	colorectal neoplasm
Thrombospondin type-1 domain-containing protein 1	MODIFIED_IN	esophageal squamous cell carcinoma
Testican-2	MODIFIED_IN	cancer
Retinoic acid receptor responder protein 1	MODIFIED_IN	leukemia
Retinoic acid receptor responder protein 1	MODIFIED_IN	childhood leukemia
Retinoic acid receptor responder protein 1	MODIFIED_IN	esophageal squamous cell carcinoma
Retinoic acid receptor responder protein 1	MODIFIED_IN	hepatocellular carcinoma
Retinoic acid receptor responder protein 1	MODIFIED_IN	nasopharyngeal carcinoma
Fructose-2,6-bisphosphatase TIGAR	MODIFIED_IN	liver cancer
Fructose-2,6-bisphosphatase TIGAR	MODIFIED_IN	carcinoma of liver and intrahepatic biliary tract
SH3 domain-binding protein 4	MODIFIED_IN	liver cancer
SH3 domain-binding protein 4	MODIFIED_IN	carcinoma of liver and intrahepatic biliary tract
SH3 domain-containing YSC84-like protein 1	MODIFIED_IN	multiple sclerosis
Activating signal cointegrator 1	MODIFIED_IN	prostate carcinoma
Trypsin-3	MODIFIED_IN	esophageal squamous cell carcinoma
Teashirt homolog 3	MODIFIED_IN	breast carcinoma
Teashirt homolog 3	MODIFIED_IN	prostate carcinoma
Teashirt homolog 3	MODIFIED_IN	breast cancer
Teashirt homolog 3	MODIFIED_IN	prostate cancer
Thrombospondin-4	MODIFIED_IN	primary cutaneous T-cell lymphoma
Metalloproteinase inhibitor 3	MODIFIED_IN	gastric cancer
Metalloproteinase inhibitor 3	MODIFIED_IN	breast carcinoma
Metalloproteinase inhibitor 3	MODIFIED_IN	squamous cell carcinoma
Metalloproteinase inhibitor 3	MODIFIED_IN	gastric carcinoma
Metalloproteinase inhibitor 3	MODIFIED_IN	breast cancer
TIP41-like protein	MODIFIED_IN	endometrial carcinoma
Transducin-like enhancer protein 1	MODIFIED_IN	diabetes mellitus
Transducin-like enhancer protein 1	MODIFIED_IN	diffuse large B-cell lymphoma
T-cell leukemia homeobox protein 3	MODIFIED_IN	childhood acute lymphoblastic leukemia
T-cell leukemia homeobox protein 3	MODIFIED_IN	T-cell leukemia
EH domain-containing protein 3	MODIFIED_IN	acute monocytic leukemia
EH domain-containing protein 3	MODIFIED_IN	acute myeloid leukemia
Short stature homeobox protein 2	MODIFIED_IN	lung disorder
Signal-induced proliferation-associated 1-like protein 3	MODIFIED_IN	lung adenocarcinoma
Signal-induced proliferation-associated 1-like protein 3	MODIFIED_IN	cataract
Type 2 lactosamine alpha-2,3-sialyltransferase	MODIFIED_IN	carcinoma
Type 2 lactosamine alpha-2,3-sialyltransferase	MODIFIED_IN	gastric neoplasm
Integrin-binding sialoprotein	MODIFIED_IN	hepatocellular carcinoma
Small integral membrane protein 10-like protein 2A	MODIFIED_IN	gastric cancer
Small integral membrane protein 10-like protein 2A	MODIFIED_IN	gastric carcinoma
Single-minded homolog 1	MODIFIED_IN	cervical cancer
Single-minded homolog 1	MODIFIED_IN	neoplasm
Single-minded homolog 1	MODIFIED_IN	cervical carcinoma
Paired amphipathic helix protein Sin3a	MODIFIED_IN	lung neoplasm
Homeobox protein SIX1	MODIFIED_IN	prostate carcinoma
Homeobox protein SIX1	MODIFIED_IN	prostate cancer
Signal transducer and activator of transcription 5A	MODIFIED_IN	childhood acute lymphoblastic leukemia
Signal transducer and activator of transcription 5A	MODIFIED_IN	acute lymphoblastic leukemia
Signal transducer and activator of transcription 5B	MODIFIED_IN	childhood acute lymphoblastic leukemia
Signal transducer and activator of transcription 5B	MODIFIED_IN	acute lymphoblastic leukemia
Signal-transducing adaptor protein 2	MODIFIED_IN	breast carcinoma
Signal-transducing adaptor protein 2	MODIFIED_IN	breast cancer
Serine/threonine-protein kinase STK11	MODIFIED_IN	cutaneous melanoma
Serine/threonine-protein kinase STK11	MODIFIED_IN	neoplasm of testis
Serine/threonine-protein kinase 3	MODIFIED_IN	neoplasm
Serine/threonine-protein kinase 3	MODIFIED_IN	soft tissue sarcoma
Vitamin D-binding protein	MODIFIED_IN	type 2 diabetes mellitus
Transmembrane protein 196	MODIFIED_IN	lung carcinoma
Transmembrane protein 196	MODIFIED_IN	lung cancer
Transmembrane protein 196	MODIFIED_IN	lung neoplasm
Retrotransposon-like protein 1	MODIFIED_IN	fetal growth restriction
Syntaxin-16	MODIFIED_IN	pseudohypoparathyroidism type 1A
Syntaxin-binding protein 6	MODIFIED_IN	lung adenocarcinoma
Syntaxin-binding protein 6	MODIFIED_IN	lung carcinoma
Syntaxin-binding protein 6	MODIFIED_IN	lung cancer
Extracellular sulfatase Sulf-1	MODIFIED_IN	adult hepatocellular carcinoma
Extracellular sulfatase Sulf-1	MODIFIED_IN	gastric neoplasm
Small ubiquitin-related modifier 1	MODIFIED_IN	gastric cancer
Small ubiquitin-related modifier 1	MODIFIED_IN	gastric carcinoma
Cellular retinoic acid-binding protein 1	MODIFIED_IN	hepatocellular carcinoma
Cellular retinoic acid-binding protein 2	MODIFIED_IN	head and neck squamous cell carcinoma
Cellular retinoic acid-binding protein 2	MODIFIED_IN	malignant peripheral nerve sheath tumor
Testis-specific Y-encoded-like protein 5	MODIFIED_IN	gastric cancer
Testis-specific Y-encoded-like protein 5	MODIFIED_IN	glioma
Testis-specific Y-encoded-like protein 5	MODIFIED_IN	gastric neoplasm
Tetratricopeptide repeat protein 9B	MODIFIED_IN	postpartum depression
Transcription termination factor 1	MODIFIED_IN	hepatocellular carcinoma
Transmembrane emp24 domain-containing protein 2	MODIFIED_IN	breast carcinoma
Transmembrane emp24 domain-containing protein 2	MODIFIED_IN	breast cancer
Transmembrane emp24 domain-containing protein 7	MODIFIED_IN	bone osteosarcoma
Transmembrane emp24 domain-containing protein 7	MODIFIED_IN	plasma cell myeloma
Transmembrane emp24 domain-containing protein 7	MODIFIED_IN	osteosarcoma
Transmembrane protein 25	MODIFIED_IN	colorectal carcinoma
Tight junction protein 1	MODIFIED_IN	colorectal neoplasm
Synapsin-1	MODIFIED_IN	neuroblastoma
Nesprin-1	MODIFIED_IN	glioblastoma
Synaptophysin	MODIFIED_IN	adenoma
Arginine--tRNA ligase, cytoplasmic	MODIFIED_IN	neoplasm
Synaptotagmin-1	MODIFIED_IN	thyroid cancer
Synaptotagmin-1	MODIFIED_IN	leukemia
Synaptotagmin-1	MODIFIED_IN	systemic lupus erythematosus
Synaptotagmin-1	MODIFIED_IN	thyroid gland carcinoma
Transmembrane protein 8B	MODIFIED_IN	cancer
Transmembrane protease serine 3	MODIFIED_IN	sensorineural hearing loss disorder
Transmembrane protease serine 13	MODIFIED_IN	gastric cancer
Transmembrane protease serine 13	MODIFIED_IN	adenocarcinoma
Transmembrane protease serine 13	MODIFIED_IN	carcinoma
Transmembrane protease serine 13	MODIFIED_IN	neoplasm
Transmembrane protease serine 13	MODIFIED_IN	thyroid gland papillary carcinoma
Transmembrane protease serine 13	MODIFIED_IN	renal cell carcinoma
Transmembrane protease serine 13	MODIFIED_IN	lung carcinoma
Transmembrane protease serine 13	MODIFIED_IN	exocrine pancreatic carcinoma
Transmembrane protease serine 13	MODIFIED_IN	gastric carcinoma
Transmembrane protease serine 13	MODIFIED_IN	lung cancer
Transmembrane protease serine 13	MODIFIED_IN	head and neck squamous cell carcinoma
Transmembrane protease serine 13	MODIFIED_IN	nasopharyngeal carcinoma
Transmembrane protease serine 13	MODIFIED_IN	adult glioblastoma
Transmembrane protease serine 13	MODIFIED_IN	prostate neoplasm
Transmembrane protein 106A	MODIFIED_IN	gastric cancer
Transmembrane protein 106A	MODIFIED_IN	gastric carcinoma
Transmembrane protein 106A	MODIFIED_IN	metastatic malignant neoplasm
Transmembrane protein 176A	MODIFIED_IN	hepatocellular carcinoma
Transmembrane protein 176A	MODIFIED_IN	colorectal carcinoma
Transmembrane protein 176A	MODIFIED_IN	metastatic malignant neoplasm
